
****** Vivado v2023.2 (64-bit)
  **** SW Build 4029153 on Fri Oct 13 20:13:54 MDT 2023
  **** IP Build 4028589 on Sat Oct 14 00:45:43 MDT 2023
  **** SharedData Build 4025554 on Tue Oct 10 17:18:54 MDT 2023
    ** Copyright 1986-2022 Xilinx, Inc. All Rights Reserved.
    ** Copyright 2022-2023 Advanced Micro Devices, Inc. All Rights Reserved.

source pnr.tcl
# set files [glob -nocomplain /scratch/hc676/agentstudy/steady/moonshotai_kimi-k3__spmw//build/sim/*.v /scratch/hc676/agentstudy/steady/moonshotai_kimi-k3__spmw//build/sim/*.sv]
# foreach f $files { if {[string match *tb_study* $f]} { continue }
#   if {[string match *.sv $f]} { read_verilog -sv $f } else { read_verilog $f } }
read_verilog: Time (s): cpu = 00:00:08 ; elapsed = 00:00:08 . Memory (MB): peak = 1559.828 ; gain = 0.023 ; free physical = 97095 ; free virtual = 186703
# synth_design -top dut_norm -part xcu280-fsvh2892-2L-e -mode out_of_context
Command: synth_design -top dut_norm -part xcu280-fsvh2892-2L-e -mode out_of_context
Starting synth_design
Attempting to get a license for feature 'Synthesis' and/or device 'xcu280'
INFO: [Common 17-349] Got license for feature 'Synthesis' and/or device 'xcu280'
INFO: [Device 21-403] Loading part xcu280-fsvh2892-2L-e
INFO: [Synth 8-7079] Multithreading enabled for synth_design using a maximum of 4 processes.
INFO: [Synth 8-7078] Launching helper process for spawning children vivado processes
INFO: [Synth 8-7075] Helper process launched with PID 2620112
---------------------------------------------------------------------------------
Starting RTL Elaboration : Time (s): cpu = 00:00:04 ; elapsed = 00:00:04 . Memory (MB): peak = 3314.262 ; gain = 398.715 ; free physical = 95026 ; free virtual = 184634
---------------------------------------------------------------------------------
INFO: [Synth 8-6157] synthesizing module 'dut_norm' [/scratch/hc676/agentstudy/steady/moonshotai_kimi-k3__spmw/build/sim/dut_norm.sv:3]
INFO: [Synth 8-6157] synthesizing module 'spmw_top' [/scratch/hc676/agentstudy/steady/moonshotai_kimi-k3__spmw/build/sim/spmw_top.sv:3]
INFO: [Synth 8-6157] synthesizing module 'spmw_fifo' [/scratch/hc676/agentstudy/steady/moonshotai_kimi-k3__spmw/build/sim/spmw_fifo.sv:3]
	Parameter DW bound to: 8 - type: integer 
	Parameter DEPTH bound to: 2 - type: integer 
INFO: [Synth 8-6155] done synthesizing module 'spmw_fifo' (0#1) [/scratch/hc676/agentstudy/steady/moonshotai_kimi-k3__spmw/build/sim/spmw_fifo.sv:3]
INFO: [Synth 8-6157] synthesizing module 'spmw_fifo__parameterized0' [/scratch/hc676/agentstudy/steady/moonshotai_kimi-k3__spmw/build/sim/spmw_fifo.sv:3]
	Parameter DW bound to: 32 - type: integer 
	Parameter DEPTH bound to: 2 - type: integer 
INFO: [Synth 8-6155] done synthesizing module 'spmw_fifo__parameterized0' (0#1) [/scratch/hc676/agentstudy/steady/moonshotai_kimi-k3__spmw/build/sim/spmw_fifo.sv:3]
INFO: [Synth 8-6157] synthesizing module 'spmw_const' [/scratch/hc676/agentstudy/steady/moonshotai_kimi-k3__spmw/build/sim/spmw_const.sv:3]
	Parameter DW bound to: 32 - type: integer 
	Parameter VAL bound to: 64'b0000000000000000000000000000000000000000000000000000000000000000 
INFO: [Synth 8-6155] done synthesizing module 'spmw_const' (0#1) [/scratch/hc676/agentstudy/steady/moonshotai_kimi-k3__spmw/build/sim/spmw_const.sv:3]
INFO: [Synth 8-6157] synthesizing module 'spmw_const__parameterized0' [/scratch/hc676/agentstudy/steady/moonshotai_kimi-k3__spmw/build/sim/spmw_const.sv:3]
	Parameter DW bound to: 32 - type: integer 
	Parameter VAL bound to: 64'b0000000000000000000000000000000000000000000000000000000000000001 
INFO: [Synth 8-6155] done synthesizing module 'spmw_const__parameterized0' (0#1) [/scratch/hc676/agentstudy/steady/moonshotai_kimi-k3__spmw/build/sim/spmw_const.sv:3]
INFO: [Synth 8-6157] synthesizing module 'spmw_const__parameterized1' [/scratch/hc676/agentstudy/steady/moonshotai_kimi-k3__spmw/build/sim/spmw_const.sv:3]
	Parameter DW bound to: 32 - type: integer 
	Parameter VAL bound to: 64'b0000000000000000000000000000000000000000000000000000000000000010 
INFO: [Synth 8-6155] done synthesizing module 'spmw_const__parameterized1' (0#1) [/scratch/hc676/agentstudy/steady/moonshotai_kimi-k3__spmw/build/sim/spmw_const.sv:3]
INFO: [Synth 8-6157] synthesizing module 'spmw_const__parameterized2' [/scratch/hc676/agentstudy/steady/moonshotai_kimi-k3__spmw/build/sim/spmw_const.sv:3]
	Parameter DW bound to: 32 - type: integer 
	Parameter VAL bound to: 64'b0000000000000000000000000000000000000000000000000000000000000011 
INFO: [Synth 8-6155] done synthesizing module 'spmw_const__parameterized2' (0#1) [/scratch/hc676/agentstudy/steady/moonshotai_kimi-k3__spmw/build/sim/spmw_const.sv:3]
INFO: [Synth 8-6157] synthesizing module 'spmw_const__parameterized3' [/scratch/hc676/agentstudy/steady/moonshotai_kimi-k3__spmw/build/sim/spmw_const.sv:3]
	Parameter DW bound to: 32 - type: integer 
	Parameter VAL bound to: 64'b0000000000000000000000000000000000000000000000000000000000000100 
INFO: [Synth 8-6155] done synthesizing module 'spmw_const__parameterized3' (0#1) [/scratch/hc676/agentstudy/steady/moonshotai_kimi-k3__spmw/build/sim/spmw_const.sv:3]
INFO: [Synth 8-6157] synthesizing module 'spmw_const__parameterized4' [/scratch/hc676/agentstudy/steady/moonshotai_kimi-k3__spmw/build/sim/spmw_const.sv:3]
	Parameter DW bound to: 32 - type: integer 
	Parameter VAL bound to: 64'b0000000000000000000000000000000000000000000000000000000000000101 
INFO: [Synth 8-6155] done synthesizing module 'spmw_const__parameterized4' (0#1) [/scratch/hc676/agentstudy/steady/moonshotai_kimi-k3__spmw/build/sim/spmw_const.sv:3]
INFO: [Synth 8-6157] synthesizing module 'spmw_const__parameterized5' [/scratch/hc676/agentstudy/steady/moonshotai_kimi-k3__spmw/build/sim/spmw_const.sv:3]
	Parameter DW bound to: 32 - type: integer 
	Parameter VAL bound to: 64'b0000000000000000000000000000000000000000000000000000000000000110 
INFO: [Synth 8-6155] done synthesizing module 'spmw_const__parameterized5' (0#1) [/scratch/hc676/agentstudy/steady/moonshotai_kimi-k3__spmw/build/sim/spmw_const.sv:3]
INFO: [Synth 8-6157] synthesizing module 'spmw_const__parameterized6' [/scratch/hc676/agentstudy/steady/moonshotai_kimi-k3__spmw/build/sim/spmw_const.sv:3]
	Parameter DW bound to: 32 - type: integer 
	Parameter VAL bound to: 64'b0000000000000000000000000000000000000000000000000000000000000111 
INFO: [Synth 8-6155] done synthesizing module 'spmw_const__parameterized6' (0#1) [/scratch/hc676/agentstudy/steady/moonshotai_kimi-k3__spmw/build/sim/spmw_const.sv:3]
INFO: [Synth 8-6157] synthesizing module 'pe_r0' [/scratch/hc676/agentstudy/steady/moonshotai_kimi-k3__spmw/build/sim/pe_r0.sv:3]
INFO: [Synth 8-6157] synthesizing module 'pe_r0_0' [/scratch/hc676/agentstudy/steady/moonshotai_kimi-k3__spmw/build/sim/pe_r0_0.v:9]
INFO: [Synth 8-6157] synthesizing module 'pe_r0_0_pe_r0_0_Pipeline_l_S_k_0_k' [/scratch/hc676/agentstudy/steady/moonshotai_kimi-k3__spmw/build/sim/pe_r0_0_pe_r0_0_Pipeline_l_S_k_0_k.v:9]
INFO: [Synth 8-6157] synthesizing module 'pe_r0_0_mac_muladd_8s_8s_19s_19_4_1' [/scratch/hc676/agentstudy/steady/moonshotai_kimi-k3__spmw/build/sim/pe_r0_0_mac_muladd_8s_8s_19s_19_4_1.v:49]
	Parameter ID bound to: 1 - type: integer 
	Parameter NUM_STAGE bound to: 4 - type: integer 
	Parameter din0_WIDTH bound to: 8 - type: integer 
	Parameter din1_WIDTH bound to: 8 - type: integer 
	Parameter din2_WIDTH bound to: 19 - type: integer 
	Parameter dout_WIDTH bound to: 19 - type: integer 
INFO: [Synth 8-6157] synthesizing module 'pe_r0_0_mac_muladd_8s_8s_19s_19_4_1_DSP48_0' [/scratch/hc676/agentstudy/steady/moonshotai_kimi-k3__spmw/build/sim/pe_r0_0_mac_muladd_8s_8s_19s_19_4_1.v:10]
INFO: [Synth 8-6155] done synthesizing module 'pe_r0_0_mac_muladd_8s_8s_19s_19_4_1_DSP48_0' (0#1) [/scratch/hc676/agentstudy/steady/moonshotai_kimi-k3__spmw/build/sim/pe_r0_0_mac_muladd_8s_8s_19s_19_4_1.v:10]
INFO: [Synth 8-6155] done synthesizing module 'pe_r0_0_mac_muladd_8s_8s_19s_19_4_1' (0#1) [/scratch/hc676/agentstudy/steady/moonshotai_kimi-k3__spmw/build/sim/pe_r0_0_mac_muladd_8s_8s_19s_19_4_1.v:49]
INFO: [Synth 8-6157] synthesizing module 'pe_r0_0_flow_control_loop_pipe_sequential_init' [/scratch/hc676/agentstudy/steady/moonshotai_kimi-k3__spmw/build/sim/pe_r0_0_flow_control_loop_pipe_sequential_init.v:11]
INFO: [Synth 8-6155] done synthesizing module 'pe_r0_0_flow_control_loop_pipe_sequential_init' (0#1) [/scratch/hc676/agentstudy/steady/moonshotai_kimi-k3__spmw/build/sim/pe_r0_0_flow_control_loop_pipe_sequential_init.v:11]
INFO: [Synth 8-6155] done synthesizing module 'pe_r0_0_pe_r0_0_Pipeline_l_S_k_0_k' (0#1) [/scratch/hc676/agentstudy/steady/moonshotai_kimi-k3__spmw/build/sim/pe_r0_0_pe_r0_0_Pipeline_l_S_k_0_k.v:9]
INFO: [Synth 8-6157] synthesizing module 'pe_r0_0_pe_r0_0_Pipeline_VITIS_LOOP_58_1' [/scratch/hc676/agentstudy/steady/moonshotai_kimi-k3__spmw/build/sim/pe_r0_0_pe_r0_0_Pipeline_VITIS_LOOP_58_1.v:9]
INFO: [Synth 8-6155] done synthesizing module 'pe_r0_0_pe_r0_0_Pipeline_VITIS_LOOP_58_1' (0#1) [/scratch/hc676/agentstudy/steady/moonshotai_kimi-k3__spmw/build/sim/pe_r0_0_pe_r0_0_Pipeline_VITIS_LOOP_58_1.v:9]
INFO: [Synth 8-6155] done synthesizing module 'pe_r0_0' (0#1) [/scratch/hc676/agentstudy/steady/moonshotai_kimi-k3__spmw/build/sim/pe_r0_0.v:9]
INFO: [Synth 8-6155] done synthesizing module 'pe_r0' (0#1) [/scratch/hc676/agentstudy/steady/moonshotai_kimi-k3__spmw/build/sim/pe_r0.sv:3]
INFO: [Synth 8-6157] synthesizing module 'pe_r1' [/scratch/hc676/agentstudy/steady/moonshotai_kimi-k3__spmw/build/sim/pe_r1.sv:3]
INFO: [Synth 8-6157] synthesizing module 'pe_r1_0' [/scratch/hc676/agentstudy/steady/moonshotai_kimi-k3__spmw/build/sim/pe_r1_0.v:9]
INFO: [Synth 8-6157] synthesizing module 'pe_r1_0_pe_r1_0_Pipeline_l_S_k_0_k' [/scratch/hc676/agentstudy/steady/moonshotai_kimi-k3__spmw/build/sim/pe_r1_0_pe_r1_0_Pipeline_l_S_k_0_k.v:9]
INFO: [Synth 8-6157] synthesizing module 'pe_r1_0_mac_muladd_8s_8s_19s_19_4_1' [/scratch/hc676/agentstudy/steady/moonshotai_kimi-k3__spmw/build/sim/pe_r1_0_mac_muladd_8s_8s_19s_19_4_1.v:49]
	Parameter ID bound to: 1 - type: integer 
	Parameter NUM_STAGE bound to: 4 - type: integer 
	Parameter din0_WIDTH bound to: 8 - type: integer 
	Parameter din1_WIDTH bound to: 8 - type: integer 
	Parameter din2_WIDTH bound to: 19 - type: integer 
	Parameter dout_WIDTH bound to: 19 - type: integer 
INFO: [Synth 8-6157] synthesizing module 'pe_r1_0_mac_muladd_8s_8s_19s_19_4_1_DSP48_0' [/scratch/hc676/agentstudy/steady/moonshotai_kimi-k3__spmw/build/sim/pe_r1_0_mac_muladd_8s_8s_19s_19_4_1.v:10]
INFO: [Synth 8-6155] done synthesizing module 'pe_r1_0_mac_muladd_8s_8s_19s_19_4_1_DSP48_0' (0#1) [/scratch/hc676/agentstudy/steady/moonshotai_kimi-k3__spmw/build/sim/pe_r1_0_mac_muladd_8s_8s_19s_19_4_1.v:10]
INFO: [Synth 8-6155] done synthesizing module 'pe_r1_0_mac_muladd_8s_8s_19s_19_4_1' (0#1) [/scratch/hc676/agentstudy/steady/moonshotai_kimi-k3__spmw/build/sim/pe_r1_0_mac_muladd_8s_8s_19s_19_4_1.v:49]
INFO: [Synth 8-6157] synthesizing module 'pe_r1_0_flow_control_loop_pipe_sequential_init' [/scratch/hc676/agentstudy/steady/moonshotai_kimi-k3__spmw/build/sim/pe_r1_0_flow_control_loop_pipe_sequential_init.v:11]
INFO: [Synth 8-6155] done synthesizing module 'pe_r1_0_flow_control_loop_pipe_sequential_init' (0#1) [/scratch/hc676/agentstudy/steady/moonshotai_kimi-k3__spmw/build/sim/pe_r1_0_flow_control_loop_pipe_sequential_init.v:11]
INFO: [Synth 8-6155] done synthesizing module 'pe_r1_0_pe_r1_0_Pipeline_l_S_k_0_k' (0#1) [/scratch/hc676/agentstudy/steady/moonshotai_kimi-k3__spmw/build/sim/pe_r1_0_pe_r1_0_Pipeline_l_S_k_0_k.v:9]
INFO: [Synth 8-6157] synthesizing module 'pe_r1_0_pe_r1_0_Pipeline_VITIS_LOOP_55_1' [/scratch/hc676/agentstudy/steady/moonshotai_kimi-k3__spmw/build/sim/pe_r1_0_pe_r1_0_Pipeline_VITIS_LOOP_55_1.v:9]
INFO: [Synth 8-6155] done synthesizing module 'pe_r1_0_pe_r1_0_Pipeline_VITIS_LOOP_55_1' (0#1) [/scratch/hc676/agentstudy/steady/moonshotai_kimi-k3__spmw/build/sim/pe_r1_0_pe_r1_0_Pipeline_VITIS_LOOP_55_1.v:9]
INFO: [Synth 8-6155] done synthesizing module 'pe_r1_0' (0#1) [/scratch/hc676/agentstudy/steady/moonshotai_kimi-k3__spmw/build/sim/pe_r1_0.v:9]
INFO: [Synth 8-6155] done synthesizing module 'pe_r1' (0#1) [/scratch/hc676/agentstudy/steady/moonshotai_kimi-k3__spmw/build/sim/pe_r1.sv:3]
INFO: [Synth 8-6157] synthesizing module 'pe_r2' [/scratch/hc676/agentstudy/steady/moonshotai_kimi-k3__spmw/build/sim/pe_r2.sv:3]
INFO: [Synth 8-6157] synthesizing module 'pe_r2_0' [/scratch/hc676/agentstudy/steady/moonshotai_kimi-k3__spmw/build/sim/pe_r2_0.v:9]
INFO: [Synth 8-6157] synthesizing module 'pe_r2_0_pe_r2_0_Pipeline_l_S_k_0_k' [/scratch/hc676/agentstudy/steady/moonshotai_kimi-k3__spmw/build/sim/pe_r2_0_pe_r2_0_Pipeline_l_S_k_0_k.v:9]
INFO: [Synth 8-6157] synthesizing module 'pe_r2_0_mac_muladd_8s_8s_19s_19_4_1' [/scratch/hc676/agentstudy/steady/moonshotai_kimi-k3__spmw/build/sim/pe_r2_0_mac_muladd_8s_8s_19s_19_4_1.v:49]
	Parameter ID bound to: 1 - type: integer 
	Parameter NUM_STAGE bound to: 4 - type: integer 
	Parameter din0_WIDTH bound to: 8 - type: integer 
	Parameter din1_WIDTH bound to: 8 - type: integer 
	Parameter din2_WIDTH bound to: 19 - type: integer 
	Parameter dout_WIDTH bound to: 19 - type: integer 
INFO: [Synth 8-6157] synthesizing module 'pe_r2_0_mac_muladd_8s_8s_19s_19_4_1_DSP48_0' [/scratch/hc676/agentstudy/steady/moonshotai_kimi-k3__spmw/build/sim/pe_r2_0_mac_muladd_8s_8s_19s_19_4_1.v:10]
INFO: [Synth 8-6155] done synthesizing module 'pe_r2_0_mac_muladd_8s_8s_19s_19_4_1_DSP48_0' (0#1) [/scratch/hc676/agentstudy/steady/moonshotai_kimi-k3__spmw/build/sim/pe_r2_0_mac_muladd_8s_8s_19s_19_4_1.v:10]
INFO: [Synth 8-6155] done synthesizing module 'pe_r2_0_mac_muladd_8s_8s_19s_19_4_1' (0#1) [/scratch/hc676/agentstudy/steady/moonshotai_kimi-k3__spmw/build/sim/pe_r2_0_mac_muladd_8s_8s_19s_19_4_1.v:49]
INFO: [Synth 8-6157] synthesizing module 'pe_r2_0_flow_control_loop_pipe_sequential_init' [/scratch/hc676/agentstudy/steady/moonshotai_kimi-k3__spmw/build/sim/pe_r2_0_flow_control_loop_pipe_sequential_init.v:11]
INFO: [Synth 8-6155] done synthesizing module 'pe_r2_0_flow_control_loop_pipe_sequential_init' (0#1) [/scratch/hc676/agentstudy/steady/moonshotai_kimi-k3__spmw/build/sim/pe_r2_0_flow_control_loop_pipe_sequential_init.v:11]
INFO: [Synth 8-6155] done synthesizing module 'pe_r2_0_pe_r2_0_Pipeline_l_S_k_0_k' (0#1) [/scratch/hc676/agentstudy/steady/moonshotai_kimi-k3__spmw/build/sim/pe_r2_0_pe_r2_0_Pipeline_l_S_k_0_k.v:9]
INFO: [Synth 8-6157] synthesizing module 'pe_r2_0_pe_r2_0_Pipeline_VITIS_LOOP_58_1' [/scratch/hc676/agentstudy/steady/moonshotai_kimi-k3__spmw/build/sim/pe_r2_0_pe_r2_0_Pipeline_VITIS_LOOP_58_1.v:9]
INFO: [Synth 8-6155] done synthesizing module 'pe_r2_0_pe_r2_0_Pipeline_VITIS_LOOP_58_1' (0#1) [/scratch/hc676/agentstudy/steady/moonshotai_kimi-k3__spmw/build/sim/pe_r2_0_pe_r2_0_Pipeline_VITIS_LOOP_58_1.v:9]
INFO: [Synth 8-6155] done synthesizing module 'pe_r2_0' (0#1) [/scratch/hc676/agentstudy/steady/moonshotai_kimi-k3__spmw/build/sim/pe_r2_0.v:9]
INFO: [Synth 8-6155] done synthesizing module 'pe_r2' (0#1) [/scratch/hc676/agentstudy/steady/moonshotai_kimi-k3__spmw/build/sim/pe_r2.sv:3]
INFO: [Synth 8-6157] synthesizing module 'pe_r3' [/scratch/hc676/agentstudy/steady/moonshotai_kimi-k3__spmw/build/sim/pe_r3.sv:3]
INFO: [Synth 8-6157] synthesizing module 'pe_r3_0' [/scratch/hc676/agentstudy/steady/moonshotai_kimi-k3__spmw/build/sim/pe_r3_0.v:9]
INFO: [Synth 8-6157] synthesizing module 'pe_r3_0_pe_r3_0_Pipeline_l_S_k_0_k' [/scratch/hc676/agentstudy/steady/moonshotai_kimi-k3__spmw/build/sim/pe_r3_0_pe_r3_0_Pipeline_l_S_k_0_k.v:9]
INFO: [Synth 8-6157] synthesizing module 'pe_r3_0_mac_muladd_8s_8s_19s_19_4_1' [/scratch/hc676/agentstudy/steady/moonshotai_kimi-k3__spmw/build/sim/pe_r3_0_mac_muladd_8s_8s_19s_19_4_1.v:49]
	Parameter ID bound to: 1 - type: integer 
	Parameter NUM_STAGE bound to: 4 - type: integer 
	Parameter din0_WIDTH bound to: 8 - type: integer 
	Parameter din1_WIDTH bound to: 8 - type: integer 
	Parameter din2_WIDTH bound to: 19 - type: integer 
	Parameter dout_WIDTH bound to: 19 - type: integer 
INFO: [Synth 8-6157] synthesizing module 'pe_r3_0_mac_muladd_8s_8s_19s_19_4_1_DSP48_0' [/scratch/hc676/agentstudy/steady/moonshotai_kimi-k3__spmw/build/sim/pe_r3_0_mac_muladd_8s_8s_19s_19_4_1.v:10]
INFO: [Synth 8-6155] done synthesizing module 'pe_r3_0_mac_muladd_8s_8s_19s_19_4_1_DSP48_0' (0#1) [/scratch/hc676/agentstudy/steady/moonshotai_kimi-k3__spmw/build/sim/pe_r3_0_mac_muladd_8s_8s_19s_19_4_1.v:10]
INFO: [Synth 8-6155] done synthesizing module 'pe_r3_0_mac_muladd_8s_8s_19s_19_4_1' (0#1) [/scratch/hc676/agentstudy/steady/moonshotai_kimi-k3__spmw/build/sim/pe_r3_0_mac_muladd_8s_8s_19s_19_4_1.v:49]
INFO: [Synth 8-6157] synthesizing module 'pe_r3_0_flow_control_loop_pipe_sequential_init' [/scratch/hc676/agentstudy/steady/moonshotai_kimi-k3__spmw/build/sim/pe_r3_0_flow_control_loop_pipe_sequential_init.v:11]
INFO: [Synth 8-6155] done synthesizing module 'pe_r3_0_flow_control_loop_pipe_sequential_init' (0#1) [/scratch/hc676/agentstudy/steady/moonshotai_kimi-k3__spmw/build/sim/pe_r3_0_flow_control_loop_pipe_sequential_init.v:11]
INFO: [Synth 8-6155] done synthesizing module 'pe_r3_0_pe_r3_0_Pipeline_l_S_k_0_k' (0#1) [/scratch/hc676/agentstudy/steady/moonshotai_kimi-k3__spmw/build/sim/pe_r3_0_pe_r3_0_Pipeline_l_S_k_0_k.v:9]
INFO: [Synth 8-6157] synthesizing module 'pe_r3_0_pe_r3_0_Pipeline_VITIS_LOOP_55_1' [/scratch/hc676/agentstudy/steady/moonshotai_kimi-k3__spmw/build/sim/pe_r3_0_pe_r3_0_Pipeline_VITIS_LOOP_55_1.v:9]
INFO: [Synth 8-6155] done synthesizing module 'pe_r3_0_pe_r3_0_Pipeline_VITIS_LOOP_55_1' (0#1) [/scratch/hc676/agentstudy/steady/moonshotai_kimi-k3__spmw/build/sim/pe_r3_0_pe_r3_0_Pipeline_VITIS_LOOP_55_1.v:9]
INFO: [Synth 8-6155] done synthesizing module 'pe_r3_0' (0#1) [/scratch/hc676/agentstudy/steady/moonshotai_kimi-k3__spmw/build/sim/pe_r3_0.v:9]
INFO: [Synth 8-6155] done synthesizing module 'pe_r3' (0#1) [/scratch/hc676/agentstudy/steady/moonshotai_kimi-k3__spmw/build/sim/pe_r3.sv:3]
INFO: [Synth 8-6157] synthesizing module 'pe_r4' [/scratch/hc676/agentstudy/steady/moonshotai_kimi-k3__spmw/build/sim/pe_r4.sv:3]
INFO: [Synth 8-6157] synthesizing module 'pe_r4_0' [/scratch/hc676/agentstudy/steady/moonshotai_kimi-k3__spmw/build/sim/pe_r4_0.v:9]
INFO: [Synth 8-6157] synthesizing module 'pe_r4_0_pe_r4_0_Pipeline_l_S_k_0_k' [/scratch/hc676/agentstudy/steady/moonshotai_kimi-k3__spmw/build/sim/pe_r4_0_pe_r4_0_Pipeline_l_S_k_0_k.v:9]
INFO: [Synth 8-6157] synthesizing module 'pe_r4_0_mac_muladd_8s_8s_19s_19_4_1' [/scratch/hc676/agentstudy/steady/moonshotai_kimi-k3__spmw/build/sim/pe_r4_0_mac_muladd_8s_8s_19s_19_4_1.v:49]
	Parameter ID bound to: 1 - type: integer 
	Parameter NUM_STAGE bound to: 4 - type: integer 
	Parameter din0_WIDTH bound to: 8 - type: integer 
	Parameter din1_WIDTH bound to: 8 - type: integer 
	Parameter din2_WIDTH bound to: 19 - type: integer 
	Parameter dout_WIDTH bound to: 19 - type: integer 
INFO: [Synth 8-6157] synthesizing module 'pe_r4_0_mac_muladd_8s_8s_19s_19_4_1_DSP48_0' [/scratch/hc676/agentstudy/steady/moonshotai_kimi-k3__spmw/build/sim/pe_r4_0_mac_muladd_8s_8s_19s_19_4_1.v:10]
INFO: [Synth 8-6155] done synthesizing module 'pe_r4_0_mac_muladd_8s_8s_19s_19_4_1_DSP48_0' (0#1) [/scratch/hc676/agentstudy/steady/moonshotai_kimi-k3__spmw/build/sim/pe_r4_0_mac_muladd_8s_8s_19s_19_4_1.v:10]
INFO: [Synth 8-6155] done synthesizing module 'pe_r4_0_mac_muladd_8s_8s_19s_19_4_1' (0#1) [/scratch/hc676/agentstudy/steady/moonshotai_kimi-k3__spmw/build/sim/pe_r4_0_mac_muladd_8s_8s_19s_19_4_1.v:49]
INFO: [Synth 8-6157] synthesizing module 'pe_r4_0_flow_control_loop_pipe_sequential_init' [/scratch/hc676/agentstudy/steady/moonshotai_kimi-k3__spmw/build/sim/pe_r4_0_flow_control_loop_pipe_sequential_init.v:11]
INFO: [Synth 8-6155] done synthesizing module 'pe_r4_0_flow_control_loop_pipe_sequential_init' (0#1) [/scratch/hc676/agentstudy/steady/moonshotai_kimi-k3__spmw/build/sim/pe_r4_0_flow_control_loop_pipe_sequential_init.v:11]
INFO: [Synth 8-6155] done synthesizing module 'pe_r4_0_pe_r4_0_Pipeline_l_S_k_0_k' (0#1) [/scratch/hc676/agentstudy/steady/moonshotai_kimi-k3__spmw/build/sim/pe_r4_0_pe_r4_0_Pipeline_l_S_k_0_k.v:9]
INFO: [Synth 8-6155] done synthesizing module 'pe_r4_0' (0#1) [/scratch/hc676/agentstudy/steady/moonshotai_kimi-k3__spmw/build/sim/pe_r4_0.v:9]
INFO: [Synth 8-6155] done synthesizing module 'pe_r4' (0#1) [/scratch/hc676/agentstudy/steady/moonshotai_kimi-k3__spmw/build/sim/pe_r4.sv:3]
INFO: [Synth 8-6157] synthesizing module 'pe_r5' [/scratch/hc676/agentstudy/steady/moonshotai_kimi-k3__spmw/build/sim/pe_r5.sv:3]
INFO: [Synth 8-6157] synthesizing module 'pe_r5_0' [/scratch/hc676/agentstudy/steady/moonshotai_kimi-k3__spmw/build/sim/pe_r5_0.v:9]
INFO: [Synth 8-6157] synthesizing module 'pe_r5_0_pe_r5_0_Pipeline_l_S_k_0_k' [/scratch/hc676/agentstudy/steady/moonshotai_kimi-k3__spmw/build/sim/pe_r5_0_pe_r5_0_Pipeline_l_S_k_0_k.v:9]
INFO: [Synth 8-6157] synthesizing module 'pe_r5_0_mac_muladd_8s_8s_19s_19_4_1' [/scratch/hc676/agentstudy/steady/moonshotai_kimi-k3__spmw/build/sim/pe_r5_0_mac_muladd_8s_8s_19s_19_4_1.v:49]
	Parameter ID bound to: 1 - type: integer 
	Parameter NUM_STAGE bound to: 4 - type: integer 
	Parameter din0_WIDTH bound to: 8 - type: integer 
	Parameter din1_WIDTH bound to: 8 - type: integer 
	Parameter din2_WIDTH bound to: 19 - type: integer 
	Parameter dout_WIDTH bound to: 19 - type: integer 
INFO: [Synth 8-6157] synthesizing module 'pe_r5_0_mac_muladd_8s_8s_19s_19_4_1_DSP48_0' [/scratch/hc676/agentstudy/steady/moonshotai_kimi-k3__spmw/build/sim/pe_r5_0_mac_muladd_8s_8s_19s_19_4_1.v:10]
INFO: [Synth 8-6155] done synthesizing module 'pe_r5_0_mac_muladd_8s_8s_19s_19_4_1_DSP48_0' (0#1) [/scratch/hc676/agentstudy/steady/moonshotai_kimi-k3__spmw/build/sim/pe_r5_0_mac_muladd_8s_8s_19s_19_4_1.v:10]
INFO: [Synth 8-6155] done synthesizing module 'pe_r5_0_mac_muladd_8s_8s_19s_19_4_1' (0#1) [/scratch/hc676/agentstudy/steady/moonshotai_kimi-k3__spmw/build/sim/pe_r5_0_mac_muladd_8s_8s_19s_19_4_1.v:49]
INFO: [Synth 8-6157] synthesizing module 'pe_r5_0_flow_control_loop_pipe_sequential_init' [/scratch/hc676/agentstudy/steady/moonshotai_kimi-k3__spmw/build/sim/pe_r5_0_flow_control_loop_pipe_sequential_init.v:11]
INFO: [Synth 8-6155] done synthesizing module 'pe_r5_0_flow_control_loop_pipe_sequential_init' (0#1) [/scratch/hc676/agentstudy/steady/moonshotai_kimi-k3__spmw/build/sim/pe_r5_0_flow_control_loop_pipe_sequential_init.v:11]
INFO: [Synth 8-6155] done synthesizing module 'pe_r5_0_pe_r5_0_Pipeline_l_S_k_0_k' (0#1) [/scratch/hc676/agentstudy/steady/moonshotai_kimi-k3__spmw/build/sim/pe_r5_0_pe_r5_0_Pipeline_l_S_k_0_k.v:9]
INFO: [Synth 8-6157] synthesizing module 'pe_r5_0_pe_r5_0_Pipeline_VITIS_LOOP_52_1' [/scratch/hc676/agentstudy/steady/moonshotai_kimi-k3__spmw/build/sim/pe_r5_0_pe_r5_0_Pipeline_VITIS_LOOP_52_1.v:9]
INFO: [Synth 8-6155] done synthesizing module 'pe_r5_0_pe_r5_0_Pipeline_VITIS_LOOP_52_1' (0#1) [/scratch/hc676/agentstudy/steady/moonshotai_kimi-k3__spmw/build/sim/pe_r5_0_pe_r5_0_Pipeline_VITIS_LOOP_52_1.v:9]
INFO: [Synth 8-6155] done synthesizing module 'pe_r5_0' (0#1) [/scratch/hc676/agentstudy/steady/moonshotai_kimi-k3__spmw/build/sim/pe_r5_0.v:9]
INFO: [Synth 8-6155] done synthesizing module 'pe_r5' (0#1) [/scratch/hc676/agentstudy/steady/moonshotai_kimi-k3__spmw/build/sim/pe_r5.sv:3]
INFO: [Synth 8-6157] synthesizing module 'pe_r6' [/scratch/hc676/agentstudy/steady/moonshotai_kimi-k3__spmw/build/sim/pe_r6.sv:3]
INFO: [Synth 8-6157] synthesizing module 'pe_r6_0' [/scratch/hc676/agentstudy/steady/moonshotai_kimi-k3__spmw/build/sim/pe_r6_0.v:9]
INFO: [Synth 8-6157] synthesizing module 'pe_r6_0_pe_r6_0_Pipeline_l_S_k_0_k' [/scratch/hc676/agentstudy/steady/moonshotai_kimi-k3__spmw/build/sim/pe_r6_0_pe_r6_0_Pipeline_l_S_k_0_k.v:9]
INFO: [Synth 8-6157] synthesizing module 'pe_r6_0_mac_muladd_8s_8s_19s_19_4_1' [/scratch/hc676/agentstudy/steady/moonshotai_kimi-k3__spmw/build/sim/pe_r6_0_mac_muladd_8s_8s_19s_19_4_1.v:49]
	Parameter ID bound to: 1 - type: integer 
	Parameter NUM_STAGE bound to: 4 - type: integer 
	Parameter din0_WIDTH bound to: 8 - type: integer 
	Parameter din1_WIDTH bound to: 8 - type: integer 
	Parameter din2_WIDTH bound to: 19 - type: integer 
	Parameter dout_WIDTH bound to: 19 - type: integer 
INFO: [Synth 8-6157] synthesizing module 'pe_r6_0_mac_muladd_8s_8s_19s_19_4_1_DSP48_0' [/scratch/hc676/agentstudy/steady/moonshotai_kimi-k3__spmw/build/sim/pe_r6_0_mac_muladd_8s_8s_19s_19_4_1.v:10]
INFO: [Synth 8-6155] done synthesizing module 'pe_r6_0_mac_muladd_8s_8s_19s_19_4_1_DSP48_0' (0#1) [/scratch/hc676/agentstudy/steady/moonshotai_kimi-k3__spmw/build/sim/pe_r6_0_mac_muladd_8s_8s_19s_19_4_1.v:10]
INFO: [Synth 8-6155] done synthesizing module 'pe_r6_0_mac_muladd_8s_8s_19s_19_4_1' (0#1) [/scratch/hc676/agentstudy/steady/moonshotai_kimi-k3__spmw/build/sim/pe_r6_0_mac_muladd_8s_8s_19s_19_4_1.v:49]
INFO: [Synth 8-6157] synthesizing module 'pe_r6_0_flow_control_loop_pipe_sequential_init' [/scratch/hc676/agentstudy/steady/moonshotai_kimi-k3__spmw/build/sim/pe_r6_0_flow_control_loop_pipe_sequential_init.v:11]
INFO: [Synth 8-6155] done synthesizing module 'pe_r6_0_flow_control_loop_pipe_sequential_init' (0#1) [/scratch/hc676/agentstudy/steady/moonshotai_kimi-k3__spmw/build/sim/pe_r6_0_flow_control_loop_pipe_sequential_init.v:11]
INFO: [Synth 8-6155] done synthesizing module 'pe_r6_0_pe_r6_0_Pipeline_l_S_k_0_k' (0#1) [/scratch/hc676/agentstudy/steady/moonshotai_kimi-k3__spmw/build/sim/pe_r6_0_pe_r6_0_Pipeline_l_S_k_0_k.v:9]
INFO: [Synth 8-6157] synthesizing module 'pe_r6_0_pe_r6_0_Pipeline_VITIS_LOOP_55_1' [/scratch/hc676/agentstudy/steady/moonshotai_kimi-k3__spmw/build/sim/pe_r6_0_pe_r6_0_Pipeline_VITIS_LOOP_55_1.v:9]
INFO: [Synth 8-6155] done synthesizing module 'pe_r6_0_pe_r6_0_Pipeline_VITIS_LOOP_55_1' (0#1) [/scratch/hc676/agentstudy/steady/moonshotai_kimi-k3__spmw/build/sim/pe_r6_0_pe_r6_0_Pipeline_VITIS_LOOP_55_1.v:9]
INFO: [Synth 8-6155] done synthesizing module 'pe_r6_0' (0#1) [/scratch/hc676/agentstudy/steady/moonshotai_kimi-k3__spmw/build/sim/pe_r6_0.v:9]
INFO: [Synth 8-6155] done synthesizing module 'pe_r6' (0#1) [/scratch/hc676/agentstudy/steady/moonshotai_kimi-k3__spmw/build/sim/pe_r6.sv:3]
INFO: [Synth 8-6157] synthesizing module 'pe_r7' [/scratch/hc676/agentstudy/steady/moonshotai_kimi-k3__spmw/build/sim/pe_r7.sv:3]
INFO: [Synth 8-6157] synthesizing module 'pe_r7_0' [/scratch/hc676/agentstudy/steady/moonshotai_kimi-k3__spmw/build/sim/pe_r7_0.v:9]
INFO: [Synth 8-6157] synthesizing module 'pe_r7_0_pe_r7_0_Pipeline_l_S_k_0_k' [/scratch/hc676/agentstudy/steady/moonshotai_kimi-k3__spmw/build/sim/pe_r7_0_pe_r7_0_Pipeline_l_S_k_0_k.v:9]
INFO: [Synth 8-6157] synthesizing module 'pe_r7_0_mac_muladd_8s_8s_19s_19_4_1' [/scratch/hc676/agentstudy/steady/moonshotai_kimi-k3__spmw/build/sim/pe_r7_0_mac_muladd_8s_8s_19s_19_4_1.v:49]
	Parameter ID bound to: 1 - type: integer 
	Parameter NUM_STAGE bound to: 4 - type: integer 
	Parameter din0_WIDTH bound to: 8 - type: integer 
	Parameter din1_WIDTH bound to: 8 - type: integer 
	Parameter din2_WIDTH bound to: 19 - type: integer 
	Parameter dout_WIDTH bound to: 19 - type: integer 
INFO: [Synth 8-6157] synthesizing module 'pe_r7_0_mac_muladd_8s_8s_19s_19_4_1_DSP48_0' [/scratch/hc676/agentstudy/steady/moonshotai_kimi-k3__spmw/build/sim/pe_r7_0_mac_muladd_8s_8s_19s_19_4_1.v:10]
INFO: [Synth 8-6155] done synthesizing module 'pe_r7_0_mac_muladd_8s_8s_19s_19_4_1_DSP48_0' (0#1) [/scratch/hc676/agentstudy/steady/moonshotai_kimi-k3__spmw/build/sim/pe_r7_0_mac_muladd_8s_8s_19s_19_4_1.v:10]
INFO: [Synth 8-6155] done synthesizing module 'pe_r7_0_mac_muladd_8s_8s_19s_19_4_1' (0#1) [/scratch/hc676/agentstudy/steady/moonshotai_kimi-k3__spmw/build/sim/pe_r7_0_mac_muladd_8s_8s_19s_19_4_1.v:49]
INFO: [Synth 8-6157] synthesizing module 'pe_r7_0_flow_control_loop_pipe_sequential_init' [/scratch/hc676/agentstudy/steady/moonshotai_kimi-k3__spmw/build/sim/pe_r7_0_flow_control_loop_pipe_sequential_init.v:11]
INFO: [Synth 8-6155] done synthesizing module 'pe_r7_0_flow_control_loop_pipe_sequential_init' (0#1) [/scratch/hc676/agentstudy/steady/moonshotai_kimi-k3__spmw/build/sim/pe_r7_0_flow_control_loop_pipe_sequential_init.v:11]
INFO: [Synth 8-6155] done synthesizing module 'pe_r7_0_pe_r7_0_Pipeline_l_S_k_0_k' (0#1) [/scratch/hc676/agentstudy/steady/moonshotai_kimi-k3__spmw/build/sim/pe_r7_0_pe_r7_0_Pipeline_l_S_k_0_k.v:9]
INFO: [Synth 8-6155] done synthesizing module 'pe_r7_0' (0#1) [/scratch/hc676/agentstudy/steady/moonshotai_kimi-k3__spmw/build/sim/pe_r7_0.v:9]
INFO: [Synth 8-6155] done synthesizing module 'pe_r7' (0#1) [/scratch/hc676/agentstudy/steady/moonshotai_kimi-k3__spmw/build/sim/pe_r7.sv:3]
INFO: [Synth 8-6157] synthesizing module 'pe_r8' [/scratch/hc676/agentstudy/steady/moonshotai_kimi-k3__spmw/build/sim/pe_r8.sv:3]
INFO: [Synth 8-6157] synthesizing module 'pe_r8_0' [/scratch/hc676/agentstudy/steady/moonshotai_kimi-k3__spmw/build/sim/pe_r8_0.v:9]
INFO: [Synth 8-6157] synthesizing module 'pe_r8_0_pe_r8_0_Pipeline_l_S_k_0_k' [/scratch/hc676/agentstudy/steady/moonshotai_kimi-k3__spmw/build/sim/pe_r8_0_pe_r8_0_Pipeline_l_S_k_0_k.v:9]
INFO: [Synth 8-6157] synthesizing module 'pe_r8_0_mac_muladd_8s_8s_19s_19_4_1' [/scratch/hc676/agentstudy/steady/moonshotai_kimi-k3__spmw/build/sim/pe_r8_0_mac_muladd_8s_8s_19s_19_4_1.v:49]
	Parameter ID bound to: 1 - type: integer 
	Parameter NUM_STAGE bound to: 4 - type: integer 
	Parameter din0_WIDTH bound to: 8 - type: integer 
	Parameter din1_WIDTH bound to: 8 - type: integer 
	Parameter din2_WIDTH bound to: 19 - type: integer 
	Parameter dout_WIDTH bound to: 19 - type: integer 
INFO: [Synth 8-6157] synthesizing module 'pe_r8_0_mac_muladd_8s_8s_19s_19_4_1_DSP48_0' [/scratch/hc676/agentstudy/steady/moonshotai_kimi-k3__spmw/build/sim/pe_r8_0_mac_muladd_8s_8s_19s_19_4_1.v:10]
INFO: [Synth 8-6155] done synthesizing module 'pe_r8_0_mac_muladd_8s_8s_19s_19_4_1_DSP48_0' (0#1) [/scratch/hc676/agentstudy/steady/moonshotai_kimi-k3__spmw/build/sim/pe_r8_0_mac_muladd_8s_8s_19s_19_4_1.v:10]
INFO: [Synth 8-6155] done synthesizing module 'pe_r8_0_mac_muladd_8s_8s_19s_19_4_1' (0#1) [/scratch/hc676/agentstudy/steady/moonshotai_kimi-k3__spmw/build/sim/pe_r8_0_mac_muladd_8s_8s_19s_19_4_1.v:49]
INFO: [Synth 8-6157] synthesizing module 'pe_r8_0_flow_control_loop_pipe_sequential_init' [/scratch/hc676/agentstudy/steady/moonshotai_kimi-k3__spmw/build/sim/pe_r8_0_flow_control_loop_pipe_sequential_init.v:11]
INFO: [Synth 8-6155] done synthesizing module 'pe_r8_0_flow_control_loop_pipe_sequential_init' (0#1) [/scratch/hc676/agentstudy/steady/moonshotai_kimi-k3__spmw/build/sim/pe_r8_0_flow_control_loop_pipe_sequential_init.v:11]
INFO: [Synth 8-6155] done synthesizing module 'pe_r8_0_pe_r8_0_Pipeline_l_S_k_0_k' (0#1) [/scratch/hc676/agentstudy/steady/moonshotai_kimi-k3__spmw/build/sim/pe_r8_0_pe_r8_0_Pipeline_l_S_k_0_k.v:9]
INFO: [Synth 8-6155] done synthesizing module 'pe_r8_0' (0#1) [/scratch/hc676/agentstudy/steady/moonshotai_kimi-k3__spmw/build/sim/pe_r8_0.v:9]
INFO: [Synth 8-6155] done synthesizing module 'pe_r8' (0#1) [/scratch/hc676/agentstudy/steady/moonshotai_kimi-k3__spmw/build/sim/pe_r8.sv:3]
INFO: [Synth 8-6155] done synthesizing module 'spmw_top' (0#1) [/scratch/hc676/agentstudy/steady/moonshotai_kimi-k3__spmw/build/sim/spmw_top.sv:3]
INFO: [Synth 8-6155] done synthesizing module 'dut_norm' (0#1) [/scratch/hc676/agentstudy/steady/moonshotai_kimi-k3__spmw/build/sim/dut_norm.sv:3]
WARNING: [Synth 8-3848] Net pe_a_out_a_in_din[0] in module/entity spmw_top does not have driver. [/scratch/hc676/agentstudy/steady/moonshotai_kimi-k3__spmw/build/sim/spmw_top.sv:17]
WARNING: [Synth 8-3848] Net pe_a_out_a_in_din[8] in module/entity spmw_top does not have driver. [/scratch/hc676/agentstudy/steady/moonshotai_kimi-k3__spmw/build/sim/spmw_top.sv:17]
WARNING: [Synth 8-3848] Net pe_a_out_a_in_din[16] in module/entity spmw_top does not have driver. [/scratch/hc676/agentstudy/steady/moonshotai_kimi-k3__spmw/build/sim/spmw_top.sv:17]
WARNING: [Synth 8-3848] Net pe_a_out_a_in_din[24] in module/entity spmw_top does not have driver. [/scratch/hc676/agentstudy/steady/moonshotai_kimi-k3__spmw/build/sim/spmw_top.sv:17]
WARNING: [Synth 8-3848] Net pe_a_out_a_in_din[32] in module/entity spmw_top does not have driver. [/scratch/hc676/agentstudy/steady/moonshotai_kimi-k3__spmw/build/sim/spmw_top.sv:17]
WARNING: [Synth 8-3848] Net pe_a_out_a_in_din[40] in module/entity spmw_top does not have driver. [/scratch/hc676/agentstudy/steady/moonshotai_kimi-k3__spmw/build/sim/spmw_top.sv:17]
WARNING: [Synth 8-3848] Net pe_a_out_a_in_din[48] in module/entity spmw_top does not have driver. [/scratch/hc676/agentstudy/steady/moonshotai_kimi-k3__spmw/build/sim/spmw_top.sv:17]
WARNING: [Synth 8-3848] Net pe_a_out_a_in_din[56] in module/entity spmw_top does not have driver. [/scratch/hc676/agentstudy/steady/moonshotai_kimi-k3__spmw/build/sim/spmw_top.sv:17]
WARNING: [Synth 8-3848] Net pe_a_out_a_in_write[0] in module/entity spmw_top does not have driver. [/scratch/hc676/agentstudy/steady/moonshotai_kimi-k3__spmw/build/sim/spmw_top.sv:20]
WARNING: [Synth 8-3848] Net pe_a_out_a_in_write[8] in module/entity spmw_top does not have driver. [/scratch/hc676/agentstudy/steady/moonshotai_kimi-k3__spmw/build/sim/spmw_top.sv:20]
WARNING: [Synth 8-3848] Net pe_a_out_a_in_write[16] in module/entity spmw_top does not have driver. [/scratch/hc676/agentstudy/steady/moonshotai_kimi-k3__spmw/build/sim/spmw_top.sv:20]
WARNING: [Synth 8-3848] Net pe_a_out_a_in_write[24] in module/entity spmw_top does not have driver. [/scratch/hc676/agentstudy/steady/moonshotai_kimi-k3__spmw/build/sim/spmw_top.sv:20]
WARNING: [Synth 8-3848] Net pe_a_out_a_in_write[32] in module/entity spmw_top does not have driver. [/scratch/hc676/agentstudy/steady/moonshotai_kimi-k3__spmw/build/sim/spmw_top.sv:20]
WARNING: [Synth 8-3848] Net pe_a_out_a_in_write[40] in module/entity spmw_top does not have driver. [/scratch/hc676/agentstudy/steady/moonshotai_kimi-k3__spmw/build/sim/spmw_top.sv:20]
WARNING: [Synth 8-3848] Net pe_a_out_a_in_write[48] in module/entity spmw_top does not have driver. [/scratch/hc676/agentstudy/steady/moonshotai_kimi-k3__spmw/build/sim/spmw_top.sv:20]
WARNING: [Synth 8-3848] Net pe_a_out_a_in_write[56] in module/entity spmw_top does not have driver. [/scratch/hc676/agentstudy/steady/moonshotai_kimi-k3__spmw/build/sim/spmw_top.sv:20]
WARNING: [Synth 8-3848] Net pe_a_out_a_in_read[0] in module/entity spmw_top does not have driver. [/scratch/hc676/agentstudy/steady/moonshotai_kimi-k3__spmw/build/sim/spmw_top.sv:22]
WARNING: [Synth 8-3848] Net pe_a_out_a_in_read[8] in module/entity spmw_top does not have driver. [/scratch/hc676/agentstudy/steady/moonshotai_kimi-k3__spmw/build/sim/spmw_top.sv:22]
WARNING: [Synth 8-3848] Net pe_a_out_a_in_read[16] in module/entity spmw_top does not have driver. [/scratch/hc676/agentstudy/steady/moonshotai_kimi-k3__spmw/build/sim/spmw_top.sv:22]
WARNING: [Synth 8-3848] Net pe_a_out_a_in_read[24] in module/entity spmw_top does not have driver. [/scratch/hc676/agentstudy/steady/moonshotai_kimi-k3__spmw/build/sim/spmw_top.sv:22]
WARNING: [Synth 8-3848] Net pe_a_out_a_in_read[32] in module/entity spmw_top does not have driver. [/scratch/hc676/agentstudy/steady/moonshotai_kimi-k3__spmw/build/sim/spmw_top.sv:22]
WARNING: [Synth 8-3848] Net pe_a_out_a_in_read[40] in module/entity spmw_top does not have driver. [/scratch/hc676/agentstudy/steady/moonshotai_kimi-k3__spmw/build/sim/spmw_top.sv:22]
WARNING: [Synth 8-3848] Net pe_a_out_a_in_read[48] in module/entity spmw_top does not have driver. [/scratch/hc676/agentstudy/steady/moonshotai_kimi-k3__spmw/build/sim/spmw_top.sv:22]
WARNING: [Synth 8-3848] Net pe_a_out_a_in_read[56] in module/entity spmw_top does not have driver. [/scratch/hc676/agentstudy/steady/moonshotai_kimi-k3__spmw/build/sim/spmw_top.sv:22]
WARNING: [Synth 8-3848] Net pe_b_out_b_in_din[0] in module/entity spmw_top does not have driver. [/scratch/hc676/agentstudy/steady/moonshotai_kimi-k3__spmw/build/sim/spmw_top.sv:30]
WARNING: [Synth 8-3848] Net pe_b_out_b_in_din[1] in module/entity spmw_top does not have driver. [/scratch/hc676/agentstudy/steady/moonshotai_kimi-k3__spmw/build/sim/spmw_top.sv:30]
WARNING: [Synth 8-3848] Net pe_b_out_b_in_din[2] in module/entity spmw_top does not have driver. [/scratch/hc676/agentstudy/steady/moonshotai_kimi-k3__spmw/build/sim/spmw_top.sv:30]
WARNING: [Synth 8-3848] Net pe_b_out_b_in_din[3] in module/entity spmw_top does not have driver. [/scratch/hc676/agentstudy/steady/moonshotai_kimi-k3__spmw/build/sim/spmw_top.sv:30]
WARNING: [Synth 8-3848] Net pe_b_out_b_in_din[4] in module/entity spmw_top does not have driver. [/scratch/hc676/agentstudy/steady/moonshotai_kimi-k3__spmw/build/sim/spmw_top.sv:30]
WARNING: [Synth 8-3848] Net pe_b_out_b_in_din[5] in module/entity spmw_top does not have driver. [/scratch/hc676/agentstudy/steady/moonshotai_kimi-k3__spmw/build/sim/spmw_top.sv:30]
WARNING: [Synth 8-3848] Net pe_b_out_b_in_din[6] in module/entity spmw_top does not have driver. [/scratch/hc676/agentstudy/steady/moonshotai_kimi-k3__spmw/build/sim/spmw_top.sv:30]
WARNING: [Synth 8-3848] Net pe_b_out_b_in_din[7] in module/entity spmw_top does not have driver. [/scratch/hc676/agentstudy/steady/moonshotai_kimi-k3__spmw/build/sim/spmw_top.sv:30]
WARNING: [Synth 8-3848] Net pe_b_out_b_in_write[0] in module/entity spmw_top does not have driver. [/scratch/hc676/agentstudy/steady/moonshotai_kimi-k3__spmw/build/sim/spmw_top.sv:33]
WARNING: [Synth 8-3848] Net pe_b_out_b_in_write[1] in module/entity spmw_top does not have driver. [/scratch/hc676/agentstudy/steady/moonshotai_kimi-k3__spmw/build/sim/spmw_top.sv:33]
WARNING: [Synth 8-3848] Net pe_b_out_b_in_write[2] in module/entity spmw_top does not have driver. [/scratch/hc676/agentstudy/steady/moonshotai_kimi-k3__spmw/build/sim/spmw_top.sv:33]
WARNING: [Synth 8-3848] Net pe_b_out_b_in_write[3] in module/entity spmw_top does not have driver. [/scratch/hc676/agentstudy/steady/moonshotai_kimi-k3__spmw/build/sim/spmw_top.sv:33]
WARNING: [Synth 8-3848] Net pe_b_out_b_in_write[4] in module/entity spmw_top does not have driver. [/scratch/hc676/agentstudy/steady/moonshotai_kimi-k3__spmw/build/sim/spmw_top.sv:33]
WARNING: [Synth 8-3848] Net pe_b_out_b_in_write[5] in module/entity spmw_top does not have driver. [/scratch/hc676/agentstudy/steady/moonshotai_kimi-k3__spmw/build/sim/spmw_top.sv:33]
WARNING: [Synth 8-3848] Net pe_b_out_b_in_write[6] in module/entity spmw_top does not have driver. [/scratch/hc676/agentstudy/steady/moonshotai_kimi-k3__spmw/build/sim/spmw_top.sv:33]
WARNING: [Synth 8-3848] Net pe_b_out_b_in_write[7] in module/entity spmw_top does not have driver. [/scratch/hc676/agentstudy/steady/moonshotai_kimi-k3__spmw/build/sim/spmw_top.sv:33]
WARNING: [Synth 8-3848] Net pe_b_out_b_in_read[0] in module/entity spmw_top does not have driver. [/scratch/hc676/agentstudy/steady/moonshotai_kimi-k3__spmw/build/sim/spmw_top.sv:35]
WARNING: [Synth 8-3848] Net pe_b_out_b_in_read[1] in module/entity spmw_top does not have driver. [/scratch/hc676/agentstudy/steady/moonshotai_kimi-k3__spmw/build/sim/spmw_top.sv:35]
WARNING: [Synth 8-3848] Net pe_b_out_b_in_read[2] in module/entity spmw_top does not have driver. [/scratch/hc676/agentstudy/steady/moonshotai_kimi-k3__spmw/build/sim/spmw_top.sv:35]
WARNING: [Synth 8-3848] Net pe_b_out_b_in_read[3] in module/entity spmw_top does not have driver. [/scratch/hc676/agentstudy/steady/moonshotai_kimi-k3__spmw/build/sim/spmw_top.sv:35]
WARNING: [Synth 8-3848] Net pe_b_out_b_in_read[4] in module/entity spmw_top does not have driver. [/scratch/hc676/agentstudy/steady/moonshotai_kimi-k3__spmw/build/sim/spmw_top.sv:35]
WARNING: [Synth 8-3848] Net pe_b_out_b_in_read[5] in module/entity spmw_top does not have driver. [/scratch/hc676/agentstudy/steady/moonshotai_kimi-k3__spmw/build/sim/spmw_top.sv:35]
WARNING: [Synth 8-3848] Net pe_b_out_b_in_read[6] in module/entity spmw_top does not have driver. [/scratch/hc676/agentstudy/steady/moonshotai_kimi-k3__spmw/build/sim/spmw_top.sv:35]
WARNING: [Synth 8-3848] Net pe_b_out_b_in_read[7] in module/entity spmw_top does not have driver. [/scratch/hc676/agentstudy/steady/moonshotai_kimi-k3__spmw/build/sim/spmw_top.sv:35]
WARNING: [Synth 8-3848] Net pe_c_out_c_in_din[0] in module/entity spmw_top does not have driver. [/scratch/hc676/agentstudy/steady/moonshotai_kimi-k3__spmw/build/sim/spmw_top.sv:43]
WARNING: [Synth 8-3848] Net pe_c_out_c_in_din[8] in module/entity spmw_top does not have driver. [/scratch/hc676/agentstudy/steady/moonshotai_kimi-k3__spmw/build/sim/spmw_top.sv:43]
WARNING: [Synth 8-3848] Net pe_c_out_c_in_din[16] in module/entity spmw_top does not have driver. [/scratch/hc676/agentstudy/steady/moonshotai_kimi-k3__spmw/build/sim/spmw_top.sv:43]
WARNING: [Synth 8-3848] Net pe_c_out_c_in_din[24] in module/entity spmw_top does not have driver. [/scratch/hc676/agentstudy/steady/moonshotai_kimi-k3__spmw/build/sim/spmw_top.sv:43]
WARNING: [Synth 8-3848] Net pe_c_out_c_in_din[32] in module/entity spmw_top does not have driver. [/scratch/hc676/agentstudy/steady/moonshotai_kimi-k3__spmw/build/sim/spmw_top.sv:43]
WARNING: [Synth 8-3848] Net pe_c_out_c_in_din[40] in module/entity spmw_top does not have driver. [/scratch/hc676/agentstudy/steady/moonshotai_kimi-k3__spmw/build/sim/spmw_top.sv:43]
WARNING: [Synth 8-3848] Net pe_c_out_c_in_din[48] in module/entity spmw_top does not have driver. [/scratch/hc676/agentstudy/steady/moonshotai_kimi-k3__spmw/build/sim/spmw_top.sv:43]
WARNING: [Synth 8-3848] Net pe_c_out_c_in_din[56] in module/entity spmw_top does not have driver. [/scratch/hc676/agentstudy/steady/moonshotai_kimi-k3__spmw/build/sim/spmw_top.sv:43]
WARNING: [Synth 8-3848] Net pe_c_out_c_in_write[0] in module/entity spmw_top does not have driver. [/scratch/hc676/agentstudy/steady/moonshotai_kimi-k3__spmw/build/sim/spmw_top.sv:46]
WARNING: [Synth 8-3848] Net pe_c_out_c_in_write[8] in module/entity spmw_top does not have driver. [/scratch/hc676/agentstudy/steady/moonshotai_kimi-k3__spmw/build/sim/spmw_top.sv:46]
WARNING: [Synth 8-3848] Net pe_c_out_c_in_write[16] in module/entity spmw_top does not have driver. [/scratch/hc676/agentstudy/steady/moonshotai_kimi-k3__spmw/build/sim/spmw_top.sv:46]
WARNING: [Synth 8-3848] Net pe_c_out_c_in_write[24] in module/entity spmw_top does not have driver. [/scratch/hc676/agentstudy/steady/moonshotai_kimi-k3__spmw/build/sim/spmw_top.sv:46]
WARNING: [Synth 8-3848] Net pe_c_out_c_in_write[32] in module/entity spmw_top does not have driver. [/scratch/hc676/agentstudy/steady/moonshotai_kimi-k3__spmw/build/sim/spmw_top.sv:46]
WARNING: [Synth 8-3848] Net pe_c_out_c_in_write[40] in module/entity spmw_top does not have driver. [/scratch/hc676/agentstudy/steady/moonshotai_kimi-k3__spmw/build/sim/spmw_top.sv:46]
WARNING: [Synth 8-3848] Net pe_c_out_c_in_write[48] in module/entity spmw_top does not have driver. [/scratch/hc676/agentstudy/steady/moonshotai_kimi-k3__spmw/build/sim/spmw_top.sv:46]
WARNING: [Synth 8-3848] Net pe_c_out_c_in_write[56] in module/entity spmw_top does not have driver. [/scratch/hc676/agentstudy/steady/moonshotai_kimi-k3__spmw/build/sim/spmw_top.sv:46]
WARNING: [Synth 8-3848] Net pe_c_out_c_in_read[0] in module/entity spmw_top does not have driver. [/scratch/hc676/agentstudy/steady/moonshotai_kimi-k3__spmw/build/sim/spmw_top.sv:48]
WARNING: [Synth 8-3848] Net pe_c_out_c_in_read[8] in module/entity spmw_top does not have driver. [/scratch/hc676/agentstudy/steady/moonshotai_kimi-k3__spmw/build/sim/spmw_top.sv:48]
WARNING: [Synth 8-3848] Net pe_c_out_c_in_read[16] in module/entity spmw_top does not have driver. [/scratch/hc676/agentstudy/steady/moonshotai_kimi-k3__spmw/build/sim/spmw_top.sv:48]
WARNING: [Synth 8-3848] Net pe_c_out_c_in_read[24] in module/entity spmw_top does not have driver. [/scratch/hc676/agentstudy/steady/moonshotai_kimi-k3__spmw/build/sim/spmw_top.sv:48]
WARNING: [Synth 8-3848] Net pe_c_out_c_in_read[32] in module/entity spmw_top does not have driver. [/scratch/hc676/agentstudy/steady/moonshotai_kimi-k3__spmw/build/sim/spmw_top.sv:48]
WARNING: [Synth 8-3848] Net pe_c_out_c_in_read[40] in module/entity spmw_top does not have driver. [/scratch/hc676/agentstudy/steady/moonshotai_kimi-k3__spmw/build/sim/spmw_top.sv:48]
WARNING: [Synth 8-3848] Net pe_c_out_c_in_read[48] in module/entity spmw_top does not have driver. [/scratch/hc676/agentstudy/steady/moonshotai_kimi-k3__spmw/build/sim/spmw_top.sv:48]
WARNING: [Synth 8-3848] Net pe_c_out_c_in_read[56] in module/entity spmw_top does not have driver. [/scratch/hc676/agentstudy/steady/moonshotai_kimi-k3__spmw/build/sim/spmw_top.sv:48]
WARNING: [Synth 8-3848] Net pe_pid1_read[0] in module/entity spmw_top does not have driver. [/scratch/hc676/agentstudy/steady/moonshotai_kimi-k3__spmw/build/sim/spmw_top.sv:58]
WARNING: [Synth 8-3848] Net pe_pid1_read[8] in module/entity spmw_top does not have driver. [/scratch/hc676/agentstudy/steady/moonshotai_kimi-k3__spmw/build/sim/spmw_top.sv:58]
WARNING: [Synth 8-3848] Net pe_pid1_read[16] in module/entity spmw_top does not have driver. [/scratch/hc676/agentstudy/steady/moonshotai_kimi-k3__spmw/build/sim/spmw_top.sv:58]
WARNING: [Synth 8-3848] Net pe_pid1_read[24] in module/entity spmw_top does not have driver. [/scratch/hc676/agentstudy/steady/moonshotai_kimi-k3__spmw/build/sim/spmw_top.sv:58]
WARNING: [Synth 8-3848] Net pe_pid1_read[32] in module/entity spmw_top does not have driver. [/scratch/hc676/agentstudy/steady/moonshotai_kimi-k3__spmw/build/sim/spmw_top.sv:58]
WARNING: [Synth 8-3848] Net pe_pid1_read[40] in module/entity spmw_top does not have driver. [/scratch/hc676/agentstudy/steady/moonshotai_kimi-k3__spmw/build/sim/spmw_top.sv:58]
WARNING: [Synth 8-3848] Net pe_pid1_read[48] in module/entity spmw_top does not have driver. [/scratch/hc676/agentstudy/steady/moonshotai_kimi-k3__spmw/build/sim/spmw_top.sv:58]
WARNING: [Synth 8-3848] Net pe_pid1_read[56] in module/entity spmw_top does not have driver. [/scratch/hc676/agentstudy/steady/moonshotai_kimi-k3__spmw/build/sim/spmw_top.sv:58]
WARNING: [Synth 8-7129] Port rst in module pe_r8_0_mac_muladd_8s_8s_19s_19_4_1_DSP48_0 is either unconnected or has no load
WARNING: [Synth 8-7129] Port rst in module pe_r7_0_mac_muladd_8s_8s_19s_19_4_1_DSP48_0 is either unconnected or has no load
WARNING: [Synth 8-7129] Port rst in module pe_r6_0_mac_muladd_8s_8s_19s_19_4_1_DSP48_0 is either unconnected or has no load
WARNING: [Synth 8-7129] Port rst in module pe_r5_0_mac_muladd_8s_8s_19s_19_4_1_DSP48_0 is either unconnected or has no load
WARNING: [Synth 8-7129] Port rst in module pe_r4_0_mac_muladd_8s_8s_19s_19_4_1_DSP48_0 is either unconnected or has no load
WARNING: [Synth 8-7129] Port rst in module pe_r3_0_mac_muladd_8s_8s_19s_19_4_1_DSP48_0 is either unconnected or has no load
WARNING: [Synth 8-7129] Port rst in module pe_r2_0_mac_muladd_8s_8s_19s_19_4_1_DSP48_0 is either unconnected or has no load
WARNING: [Synth 8-7129] Port rst in module pe_r1_0_mac_muladd_8s_8s_19s_19_4_1_DSP48_0 is either unconnected or has no load
WARNING: [Synth 8-7129] Port rst in module pe_r0_0_mac_muladd_8s_8s_19s_19_4_1_DSP48_0 is either unconnected or has no load
WARNING: [Synth 8-7129] Port read in module spmw_const__parameterized6 is either unconnected or has no load
WARNING: [Synth 8-7129] Port read in module spmw_const__parameterized5 is either unconnected or has no load
WARNING: [Synth 8-7129] Port read in module spmw_const__parameterized4 is either unconnected or has no load
WARNING: [Synth 8-7129] Port read in module spmw_const__parameterized3 is either unconnected or has no load
WARNING: [Synth 8-7129] Port read in module spmw_const__parameterized2 is either unconnected or has no load
WARNING: [Synth 8-7129] Port read in module spmw_const__parameterized1 is either unconnected or has no load
WARNING: [Synth 8-7129] Port read in module spmw_const__parameterized0 is either unconnected or has no load
WARNING: [Synth 8-7129] Port read in module spmw_const is either unconnected or has no load
---------------------------------------------------------------------------------
Finished RTL Elaboration : Time (s): cpu = 00:00:07 ; elapsed = 00:00:07 . Memory (MB): peak = 3430.199 ; gain = 514.652 ; free physical = 94894 ; free virtual = 184504
---------------------------------------------------------------------------------
---------------------------------------------------------------------------------
Start Handling Custom Attributes
---------------------------------------------------------------------------------
---------------------------------------------------------------------------------
Finished Handling Custom Attributes : Time (s): cpu = 00:00:07 ; elapsed = 00:00:07 . Memory (MB): peak = 3445.043 ; gain = 529.496 ; free physical = 95171 ; free virtual = 184780
---------------------------------------------------------------------------------
---------------------------------------------------------------------------------
Finished RTL Optimization Phase 1 : Time (s): cpu = 00:00:07 ; elapsed = 00:00:07 . Memory (MB): peak = 3445.043 ; gain = 529.496 ; free physical = 95171 ; free virtual = 184780
---------------------------------------------------------------------------------
Netlist sorting complete. Time (s): cpu = 00:00:00.35 ; elapsed = 00:00:00.35 . Memory (MB): peak = 3445.043 ; gain = 0.000 ; free physical = 95120 ; free virtual = 184729
INFO: [Project 1-570] Preparing netlist for logic optimization

Processing XDC Constraints
Initializing timing engine
Completed Processing XDC Constraints

Netlist sorting complete. Time (s): cpu = 00:00:00 ; elapsed = 00:00:00 . Memory (MB): peak = 3585.824 ; gain = 0.000 ; free physical = 94985 ; free virtual = 184595
INFO: [Project 1-111] Unisim Transformation Summary:
No Unisim elements were transformed.

Constraint Validation Runtime : Time (s): cpu = 00:00:00.13 ; elapsed = 00:00:00.13 . Memory (MB): peak = 3587.859 ; gain = 0.000 ; free physical = 94980 ; free virtual = 184589
---------------------------------------------------------------------------------
Finished Constraint Validation : Time (s): cpu = 00:00:18 ; elapsed = 00:00:18 . Memory (MB): peak = 3587.859 ; gain = 672.312 ; free physical = 94973 ; free virtual = 184582
---------------------------------------------------------------------------------
---------------------------------------------------------------------------------
Start Loading Part and Timing Information
---------------------------------------------------------------------------------
Loading part: xcu280-fsvh2892-2L-e
INFO: [Synth 8-6742] Reading net delay rules and data
---------------------------------------------------------------------------------
Finished Loading Part and Timing Information : Time (s): cpu = 00:00:18 ; elapsed = 00:00:18 . Memory (MB): peak = 3587.859 ; gain = 672.312 ; free physical = 94973 ; free virtual = 184582
---------------------------------------------------------------------------------
---------------------------------------------------------------------------------
Start Applying 'set_property' XDC Constraints
---------------------------------------------------------------------------------
---------------------------------------------------------------------------------
Finished applying 'set_property' XDC Constraints : Time (s): cpu = 00:00:18 ; elapsed = 00:00:18 . Memory (MB): peak = 3587.859 ; gain = 672.312 ; free physical = 94973 ; free virtual = 184582
---------------------------------------------------------------------------------
INFO: [Synth 8-4490] FSM extraction disabled for register 'ap_CS_fsm_reg' through user attribute
INFO: [Synth 8-4490] FSM extraction disabled for register 'ap_CS_fsm_reg' through user attribute
INFO: [Synth 8-4490] FSM extraction disabled for register 'ap_CS_fsm_reg' through user attribute
INFO: [Synth 8-4490] FSM extraction disabled for register 'ap_CS_fsm_reg' through user attribute
INFO: [Synth 8-4490] FSM extraction disabled for register 'ap_CS_fsm_reg' through user attribute
INFO: [Synth 8-4490] FSM extraction disabled for register 'ap_CS_fsm_reg' through user attribute
INFO: [Synth 8-4490] FSM extraction disabled for register 'ap_CS_fsm_reg' through user attribute
INFO: [Synth 8-4490] FSM extraction disabled for register 'ap_CS_fsm_reg' through user attribute
INFO: [Synth 8-4490] FSM extraction disabled for register 'ap_CS_fsm_reg' through user attribute
---------------------------------------------------------------------------------
Finished RTL Optimization Phase 2 : Time (s): cpu = 00:00:19 ; elapsed = 00:00:19 . Memory (MB): peak = 3587.859 ; gain = 672.312 ; free physical = 94973 ; free virtual = 184585
---------------------------------------------------------------------------------
INFO: [Synth 8-223] decloning instance 'dut/g_pe_a_out_a_in[0].u' (spmw_fifo) to 'dut/g_pe_a_out_a_in[8].u'
INFO: [Synth 8-223] decloning instance 'dut/g_pe_a_out_a_in[0].u' (spmw_fifo) to 'dut/g_pe_a_out_a_in[16].u'
INFO: [Synth 8-223] decloning instance 'dut/g_pe_a_out_a_in[0].u' (spmw_fifo) to 'dut/g_pe_a_out_a_in[24].u'
INFO: [Synth 8-223] decloning instance 'dut/g_pe_a_out_a_in[0].u' (spmw_fifo) to 'dut/g_pe_a_out_a_in[32].u'
INFO: [Synth 8-223] decloning instance 'dut/g_pe_a_out_a_in[0].u' (spmw_fifo) to 'dut/g_pe_a_out_a_in[40].u'
INFO: [Synth 8-223] decloning instance 'dut/g_pe_a_out_a_in[0].u' (spmw_fifo) to 'dut/g_pe_a_out_a_in[48].u'
INFO: [Synth 8-223] decloning instance 'dut/g_pe_a_out_a_in[0].u' (spmw_fifo) to 'dut/g_pe_a_out_a_in[56].u'
INFO: [Synth 8-223] decloning instance 'dut/g_pe_a_out_a_in[0].u' (spmw_fifo) to 'dut/g_pe_b_out_b_in[0].u'
INFO: [Synth 8-223] decloning instance 'dut/g_pe_a_out_a_in[0].u' (spmw_fifo) to 'dut/g_pe_b_out_b_in[1].u'
INFO: [Synth 8-223] decloning instance 'dut/g_pe_a_out_a_in[0].u' (spmw_fifo) to 'dut/g_pe_b_out_b_in[2].u'
INFO: [Synth 8-223] decloning instance 'dut/g_pe_a_out_a_in[0].u' (spmw_fifo) to 'dut/g_pe_b_out_b_in[3].u'
INFO: [Synth 8-223] decloning instance 'dut/g_pe_a_out_a_in[0].u' (spmw_fifo) to 'dut/g_pe_b_out_b_in[4].u'
INFO: [Synth 8-223] decloning instance 'dut/g_pe_a_out_a_in[0].u' (spmw_fifo) to 'dut/g_pe_b_out_b_in[5].u'
INFO: [Synth 8-223] decloning instance 'dut/g_pe_a_out_a_in[0].u' (spmw_fifo) to 'dut/g_pe_b_out_b_in[6].u'
INFO: [Synth 8-223] decloning instance 'dut/g_pe_a_out_a_in[0].u' (spmw_fifo) to 'dut/g_pe_b_out_b_in[7].u'
INFO: [Synth 8-223] decloning instance 'dut/g_pe_c_out_c_in[0].u' (spmw_fifo__parameterized0) to 'dut/g_pe_c_out_c_in[8].u'
INFO: [Synth 8-223] decloning instance 'dut/g_pe_c_out_c_in[0].u' (spmw_fifo__parameterized0) to 'dut/g_pe_c_out_c_in[16].u'
INFO: [Synth 8-223] decloning instance 'dut/g_pe_c_out_c_in[0].u' (spmw_fifo__parameterized0) to 'dut/g_pe_c_out_c_in[24].u'
INFO: [Synth 8-223] decloning instance 'dut/g_pe_c_out_c_in[0].u' (spmw_fifo__parameterized0) to 'dut/g_pe_c_out_c_in[32].u'
INFO: [Synth 8-223] decloning instance 'dut/g_pe_c_out_c_in[0].u' (spmw_fifo__parameterized0) to 'dut/g_pe_c_out_c_in[40].u'
INFO: [Synth 8-223] decloning instance 'dut/g_pe_c_out_c_in[0].u' (spmw_fifo__parameterized0) to 'dut/g_pe_c_out_c_in[48].u'
INFO: [Synth 8-223] decloning instance 'dut/g_pe_c_out_c_in[0].u' (spmw_fifo__parameterized0) to 'dut/g_pe_c_out_c_in[56].u'
INFO: [Synth 8-223] decloning instance 'dut/u_pe_pid1_0' (spmw_const) to 'dut/u_pe_pid1_8'
INFO: [Synth 8-223] decloning instance 'dut/u_pe_pid1_0' (spmw_const) to 'dut/u_pe_pid1_16'
INFO: [Synth 8-223] decloning instance 'dut/u_pe_pid1_0' (spmw_const) to 'dut/u_pe_pid1_24'
INFO: [Synth 8-223] decloning instance 'dut/u_pe_pid1_0' (spmw_const) to 'dut/u_pe_pid1_32'
INFO: [Synth 8-223] decloning instance 'dut/u_pe_pid1_0' (spmw_const) to 'dut/u_pe_pid1_40'
INFO: [Synth 8-223] decloning instance 'dut/u_pe_pid1_0' (spmw_const) to 'dut/u_pe_pid1_48'
INFO: [Synth 8-223] decloning instance 'dut/u_pe_pid1_0' (spmw_const) to 'dut/u_pe_pid1_56'
---------------------------------------------------------------------------------
Start RTL Component Statistics 
---------------------------------------------------------------------------------
Detailed RTL Component Info : 
+---Adders : 
	   2 Input   31 Bit       Adders := 56    
	   2 Input    4 Bit       Adders := 64    
+---Registers : 
	               32 Bit    Registers := 170   
	               31 Bit    Registers := 56    
	               19 Bit    Registers := 64    
	               18 Bit    Registers := 64    
	                8 Bit    Registers := 226   
	                7 Bit    Registers := 56    
	                4 Bit    Registers := 64    
	                3 Bit    Registers := 8     
	                1 Bit    Registers := 1636  
+---Muxes : 
	   2 Input   32 Bit        Muxes := 113   
	   2 Input   19 Bit        Muxes := 64    
	   2 Input    8 Bit        Muxes := 113   
	   2 Input    7 Bit        Muxes := 112   
	   2 Input    4 Bit        Muxes := 56    
	   5 Input    3 Bit        Muxes := 8     
	   2 Input    3 Bit        Muxes := 8     
	   2 Input    2 Bit        Muxes := 56    
	   2 Input    1 Bit        Muxes := 840   
---------------------------------------------------------------------------------
Finished RTL Component Statistics 
---------------------------------------------------------------------------------
---------------------------------------------------------------------------------
Start Part Resource Summary
---------------------------------------------------------------------------------
Part Resources:
DSPs: 9024 (col length:94)
BRAMs: 4032 (col length: RAMB18 288 RAMB36 144)
---------------------------------------------------------------------------------
Finished Part Resource Summary
---------------------------------------------------------------------------------
---------------------------------------------------------------------------------
Start Cross Boundary and Area Optimization
---------------------------------------------------------------------------------
WARNING: [Synth 8-7080] Parallel synthesis criteria is not met
WARNING: [Synth 8-3936] Found unconnected internal register 'u/grp_pe_r0_0_Pipeline_l_S_k_0_k_fu_61/mac_muladd_8s_8s_19s_19_4_1_U1/pe_r0_0_mac_muladd_8s_8s_19s_19_4_1_DSP48_0_U/p_reg_reg' and it is trimmed from '46' to '19' bits. [/scratch/hc676/agentstudy/steady/moonshotai_kimi-k3__spmw/build/sim/pe_r0_0_mac_muladd_8s_8s_19s_19_4_1.v:41]
WARNING: [Synth 8-3936] Found unconnected internal register 'u/grp_pe_r0_0_Pipeline_l_S_k_0_k_fu_61/mac_muladd_8s_8s_19s_19_4_1_U1/pe_r0_0_mac_muladd_8s_8s_19s_19_4_1_DSP48_0_U/m_reg_reg' and it is trimmed from '45' to '19' bits. [/scratch/hc676/agentstudy/steady/moonshotai_kimi-k3__spmw/build/sim/pe_r0_0_mac_muladd_8s_8s_19s_19_4_1.v:34]
WARNING: [Synth 8-3936] Found unconnected internal register 'u/grp_pe_r0_0_Pipeline_l_S_k_0_k_fu_61/mac_muladd_8s_8s_19s_19_4_1_U1/pe_r0_0_mac_muladd_8s_8s_19s_19_4_1_DSP48_0_U/a_reg_reg' and it is trimmed from '27' to '19' bits. [/scratch/hc676/agentstudy/steady/moonshotai_kimi-k3__spmw/build/sim/pe_r0_0_mac_muladd_8s_8s_19s_19_4_1.v:33]
DSP Report: Generating DSP u/grp_pe_r0_0_Pipeline_l_S_k_0_k_fu_61/mac_muladd_8s_8s_19s_19_4_1_U1/pe_r0_0_mac_muladd_8s_8s_19s_19_4_1_DSP48_0_U/p_reg_reg, operation Mode is: (P or C)+(A2*B2)'.
DSP Report: register u/grp_pe_r0_0_Pipeline_l_S_k_0_k_fu_61/mac_muladd_8s_8s_19s_19_4_1_U1/pe_r0_0_mac_muladd_8s_8s_19s_19_4_1_DSP48_0_U/b_reg_reg is absorbed into DSP u/grp_pe_r0_0_Pipeline_l_S_k_0_k_fu_61/mac_muladd_8s_8s_19s_19_4_1_U1/pe_r0_0_mac_muladd_8s_8s_19s_19_4_1_DSP48_0_U/p_reg_reg.
DSP Report: register u/grp_pe_r0_0_Pipeline_l_S_k_0_k_fu_61/mac_muladd_8s_8s_19s_19_4_1_U1/pe_r0_0_mac_muladd_8s_8s_19s_19_4_1_DSP48_0_U/a_reg_reg is absorbed into DSP u/grp_pe_r0_0_Pipeline_l_S_k_0_k_fu_61/mac_muladd_8s_8s_19s_19_4_1_U1/pe_r0_0_mac_muladd_8s_8s_19s_19_4_1_DSP48_0_U/p_reg_reg.
DSP Report: register u/grp_pe_r0_0_Pipeline_l_S_k_0_k_fu_61/mac_muladd_8s_8s_19s_19_4_1_U1/pe_r0_0_mac_muladd_8s_8s_19s_19_4_1_DSP48_0_U/p_reg_reg is absorbed into DSP u/grp_pe_r0_0_Pipeline_l_S_k_0_k_fu_61/mac_muladd_8s_8s_19s_19_4_1_U1/pe_r0_0_mac_muladd_8s_8s_19s_19_4_1_DSP48_0_U/p_reg_reg.
DSP Report: register u/grp_pe_r0_0_Pipeline_l_S_k_0_k_fu_61/mac_muladd_8s_8s_19s_19_4_1_U1/pe_r0_0_mac_muladd_8s_8s_19s_19_4_1_DSP48_0_U/m_reg_reg is absorbed into DSP u/grp_pe_r0_0_Pipeline_l_S_k_0_k_fu_61/mac_muladd_8s_8s_19s_19_4_1_U1/pe_r0_0_mac_muladd_8s_8s_19s_19_4_1_DSP48_0_U/p_reg_reg.
DSP Report: operator u/grp_pe_r0_0_Pipeline_l_S_k_0_k_fu_61/mac_muladd_8s_8s_19s_19_4_1_U1/pe_r0_0_mac_muladd_8s_8s_19s_19_4_1_DSP48_0_U/p is absorbed into DSP u/grp_pe_r0_0_Pipeline_l_S_k_0_k_fu_61/mac_muladd_8s_8s_19s_19_4_1_U1/pe_r0_0_mac_muladd_8s_8s_19s_19_4_1_DSP48_0_U/p_reg_reg.
DSP Report: operator u/grp_pe_r0_0_Pipeline_l_S_k_0_k_fu_61/mac_muladd_8s_8s_19s_19_4_1_U1/pe_r0_0_mac_muladd_8s_8s_19s_19_4_1_DSP48_0_U/m is absorbed into DSP u/grp_pe_r0_0_Pipeline_l_S_k_0_k_fu_61/mac_muladd_8s_8s_19s_19_4_1_U1/pe_r0_0_mac_muladd_8s_8s_19s_19_4_1_DSP48_0_U/p_reg_reg.
DSP Report: Generating DSP u/grp_pe_r0_0_Pipeline_l_S_k_0_k_fu_61/mac_muladd_8s_8s_19s_19_4_1_U1/pe_r0_0_mac_muladd_8s_8s_19s_19_4_1_DSP48_0_U/p_reg_reg, operation Mode is: (P or C)+(A2*B2)'.
DSP Report: register u/grp_pe_r0_0_Pipeline_l_S_k_0_k_fu_61/mac_muladd_8s_8s_19s_19_4_1_U1/pe_r0_0_mac_muladd_8s_8s_19s_19_4_1_DSP48_0_U/b_reg_reg is absorbed into DSP u/grp_pe_r0_0_Pipeline_l_S_k_0_k_fu_61/mac_muladd_8s_8s_19s_19_4_1_U1/pe_r0_0_mac_muladd_8s_8s_19s_19_4_1_DSP48_0_U/p_reg_reg.
DSP Report: register u/grp_pe_r0_0_Pipeline_l_S_k_0_k_fu_61/mac_muladd_8s_8s_19s_19_4_1_U1/pe_r0_0_mac_muladd_8s_8s_19s_19_4_1_DSP48_0_U/a_reg_reg is absorbed into DSP u/grp_pe_r0_0_Pipeline_l_S_k_0_k_fu_61/mac_muladd_8s_8s_19s_19_4_1_U1/pe_r0_0_mac_muladd_8s_8s_19s_19_4_1_DSP48_0_U/p_reg_reg.
DSP Report: register u/grp_pe_r0_0_Pipeline_l_S_k_0_k_fu_61/mac_muladd_8s_8s_19s_19_4_1_U1/pe_r0_0_mac_muladd_8s_8s_19s_19_4_1_DSP48_0_U/p_reg_reg is absorbed into DSP u/grp_pe_r0_0_Pipeline_l_S_k_0_k_fu_61/mac_muladd_8s_8s_19s_19_4_1_U1/pe_r0_0_mac_muladd_8s_8s_19s_19_4_1_DSP48_0_U/p_reg_reg.
DSP Report: register u/grp_pe_r0_0_Pipeline_l_S_k_0_k_fu_61/mac_muladd_8s_8s_19s_19_4_1_U1/pe_r0_0_mac_muladd_8s_8s_19s_19_4_1_DSP48_0_U/m_reg_reg is absorbed into DSP u/grp_pe_r0_0_Pipeline_l_S_k_0_k_fu_61/mac_muladd_8s_8s_19s_19_4_1_U1/pe_r0_0_mac_muladd_8s_8s_19s_19_4_1_DSP48_0_U/p_reg_reg.
DSP Report: operator u/grp_pe_r0_0_Pipeline_l_S_k_0_k_fu_61/mac_muladd_8s_8s_19s_19_4_1_U1/pe_r0_0_mac_muladd_8s_8s_19s_19_4_1_DSP48_0_U/p is absorbed into DSP u/grp_pe_r0_0_Pipeline_l_S_k_0_k_fu_61/mac_muladd_8s_8s_19s_19_4_1_U1/pe_r0_0_mac_muladd_8s_8s_19s_19_4_1_DSP48_0_U/p_reg_reg.
DSP Report: operator u/grp_pe_r0_0_Pipeline_l_S_k_0_k_fu_61/mac_muladd_8s_8s_19s_19_4_1_U1/pe_r0_0_mac_muladd_8s_8s_19s_19_4_1_DSP48_0_U/m is absorbed into DSP u/grp_pe_r0_0_Pipeline_l_S_k_0_k_fu_61/mac_muladd_8s_8s_19s_19_4_1_U1/pe_r0_0_mac_muladd_8s_8s_19s_19_4_1_DSP48_0_U/p_reg_reg.
DSP Report: Generating DSP u/grp_pe_r0_0_Pipeline_l_S_k_0_k_fu_61/mac_muladd_8s_8s_19s_19_4_1_U1/pe_r0_0_mac_muladd_8s_8s_19s_19_4_1_DSP48_0_U/p_reg_reg, operation Mode is: (P or C)+(A2*B2)'.
DSP Report: register u/grp_pe_r0_0_Pipeline_l_S_k_0_k_fu_61/mac_muladd_8s_8s_19s_19_4_1_U1/pe_r0_0_mac_muladd_8s_8s_19s_19_4_1_DSP48_0_U/b_reg_reg is absorbed into DSP u/grp_pe_r0_0_Pipeline_l_S_k_0_k_fu_61/mac_muladd_8s_8s_19s_19_4_1_U1/pe_r0_0_mac_muladd_8s_8s_19s_19_4_1_DSP48_0_U/p_reg_reg.
DSP Report: register u/grp_pe_r0_0_Pipeline_l_S_k_0_k_fu_61/mac_muladd_8s_8s_19s_19_4_1_U1/pe_r0_0_mac_muladd_8s_8s_19s_19_4_1_DSP48_0_U/a_reg_reg is absorbed into DSP u/grp_pe_r0_0_Pipeline_l_S_k_0_k_fu_61/mac_muladd_8s_8s_19s_19_4_1_U1/pe_r0_0_mac_muladd_8s_8s_19s_19_4_1_DSP48_0_U/p_reg_reg.
DSP Report: register u/grp_pe_r0_0_Pipeline_l_S_k_0_k_fu_61/mac_muladd_8s_8s_19s_19_4_1_U1/pe_r0_0_mac_muladd_8s_8s_19s_19_4_1_DSP48_0_U/p_reg_reg is absorbed into DSP u/grp_pe_r0_0_Pipeline_l_S_k_0_k_fu_61/mac_muladd_8s_8s_19s_19_4_1_U1/pe_r0_0_mac_muladd_8s_8s_19s_19_4_1_DSP48_0_U/p_reg_reg.
DSP Report: register u/grp_pe_r0_0_Pipeline_l_S_k_0_k_fu_61/mac_muladd_8s_8s_19s_19_4_1_U1/pe_r0_0_mac_muladd_8s_8s_19s_19_4_1_DSP48_0_U/m_reg_reg is absorbed into DSP u/grp_pe_r0_0_Pipeline_l_S_k_0_k_fu_61/mac_muladd_8s_8s_19s_19_4_1_U1/pe_r0_0_mac_muladd_8s_8s_19s_19_4_1_DSP48_0_U/p_reg_reg.
DSP Report: operator u/grp_pe_r0_0_Pipeline_l_S_k_0_k_fu_61/mac_muladd_8s_8s_19s_19_4_1_U1/pe_r0_0_mac_muladd_8s_8s_19s_19_4_1_DSP48_0_U/p is absorbed into DSP u/grp_pe_r0_0_Pipeline_l_S_k_0_k_fu_61/mac_muladd_8s_8s_19s_19_4_1_U1/pe_r0_0_mac_muladd_8s_8s_19s_19_4_1_DSP48_0_U/p_reg_reg.
DSP Report: operator u/grp_pe_r0_0_Pipeline_l_S_k_0_k_fu_61/mac_muladd_8s_8s_19s_19_4_1_U1/pe_r0_0_mac_muladd_8s_8s_19s_19_4_1_DSP48_0_U/m is absorbed into DSP u/grp_pe_r0_0_Pipeline_l_S_k_0_k_fu_61/mac_muladd_8s_8s_19s_19_4_1_U1/pe_r0_0_mac_muladd_8s_8s_19s_19_4_1_DSP48_0_U/p_reg_reg.
DSP Report: Generating DSP u/grp_pe_r0_0_Pipeline_l_S_k_0_k_fu_61/mac_muladd_8s_8s_19s_19_4_1_U1/pe_r0_0_mac_muladd_8s_8s_19s_19_4_1_DSP48_0_U/p_reg_reg, operation Mode is: (P or C)+(A2*B2)'.
DSP Report: register u/grp_pe_r0_0_Pipeline_l_S_k_0_k_fu_61/mac_muladd_8s_8s_19s_19_4_1_U1/pe_r0_0_mac_muladd_8s_8s_19s_19_4_1_DSP48_0_U/b_reg_reg is absorbed into DSP u/grp_pe_r0_0_Pipeline_l_S_k_0_k_fu_61/mac_muladd_8s_8s_19s_19_4_1_U1/pe_r0_0_mac_muladd_8s_8s_19s_19_4_1_DSP48_0_U/p_reg_reg.
DSP Report: register u/grp_pe_r0_0_Pipeline_l_S_k_0_k_fu_61/mac_muladd_8s_8s_19s_19_4_1_U1/pe_r0_0_mac_muladd_8s_8s_19s_19_4_1_DSP48_0_U/a_reg_reg is absorbed into DSP u/grp_pe_r0_0_Pipeline_l_S_k_0_k_fu_61/mac_muladd_8s_8s_19s_19_4_1_U1/pe_r0_0_mac_muladd_8s_8s_19s_19_4_1_DSP48_0_U/p_reg_reg.
DSP Report: register u/grp_pe_r0_0_Pipeline_l_S_k_0_k_fu_61/mac_muladd_8s_8s_19s_19_4_1_U1/pe_r0_0_mac_muladd_8s_8s_19s_19_4_1_DSP48_0_U/p_reg_reg is absorbed into DSP u/grp_pe_r0_0_Pipeline_l_S_k_0_k_fu_61/mac_muladd_8s_8s_19s_19_4_1_U1/pe_r0_0_mac_muladd_8s_8s_19s_19_4_1_DSP48_0_U/p_reg_reg.
DSP Report: register u/grp_pe_r0_0_Pipeline_l_S_k_0_k_fu_61/mac_muladd_8s_8s_19s_19_4_1_U1/pe_r0_0_mac_muladd_8s_8s_19s_19_4_1_DSP48_0_U/m_reg_reg is absorbed into DSP u/grp_pe_r0_0_Pipeline_l_S_k_0_k_fu_61/mac_muladd_8s_8s_19s_19_4_1_U1/pe_r0_0_mac_muladd_8s_8s_19s_19_4_1_DSP48_0_U/p_reg_reg.
DSP Report: operator u/grp_pe_r0_0_Pipeline_l_S_k_0_k_fu_61/mac_muladd_8s_8s_19s_19_4_1_U1/pe_r0_0_mac_muladd_8s_8s_19s_19_4_1_DSP48_0_U/p is absorbed into DSP u/grp_pe_r0_0_Pipeline_l_S_k_0_k_fu_61/mac_muladd_8s_8s_19s_19_4_1_U1/pe_r0_0_mac_muladd_8s_8s_19s_19_4_1_DSP48_0_U/p_reg_reg.
DSP Report: operator u/grp_pe_r0_0_Pipeline_l_S_k_0_k_fu_61/mac_muladd_8s_8s_19s_19_4_1_U1/pe_r0_0_mac_muladd_8s_8s_19s_19_4_1_DSP48_0_U/m is absorbed into DSP u/grp_pe_r0_0_Pipeline_l_S_k_0_k_fu_61/mac_muladd_8s_8s_19s_19_4_1_U1/pe_r0_0_mac_muladd_8s_8s_19s_19_4_1_DSP48_0_U/p_reg_reg.
DSP Report: Generating DSP u/grp_pe_r0_0_Pipeline_l_S_k_0_k_fu_61/mac_muladd_8s_8s_19s_19_4_1_U1/pe_r0_0_mac_muladd_8s_8s_19s_19_4_1_DSP48_0_U/p_reg_reg, operation Mode is: (P or C)+(A2*B2)'.
DSP Report: register u/grp_pe_r0_0_Pipeline_l_S_k_0_k_fu_61/mac_muladd_8s_8s_19s_19_4_1_U1/pe_r0_0_mac_muladd_8s_8s_19s_19_4_1_DSP48_0_U/b_reg_reg is absorbed into DSP u/grp_pe_r0_0_Pipeline_l_S_k_0_k_fu_61/mac_muladd_8s_8s_19s_19_4_1_U1/pe_r0_0_mac_muladd_8s_8s_19s_19_4_1_DSP48_0_U/p_reg_reg.
DSP Report: register u/grp_pe_r0_0_Pipeline_l_S_k_0_k_fu_61/mac_muladd_8s_8s_19s_19_4_1_U1/pe_r0_0_mac_muladd_8s_8s_19s_19_4_1_DSP48_0_U/a_reg_reg is absorbed into DSP u/grp_pe_r0_0_Pipeline_l_S_k_0_k_fu_61/mac_muladd_8s_8s_19s_19_4_1_U1/pe_r0_0_mac_muladd_8s_8s_19s_19_4_1_DSP48_0_U/p_reg_reg.
DSP Report: register u/grp_pe_r0_0_Pipeline_l_S_k_0_k_fu_61/mac_muladd_8s_8s_19s_19_4_1_U1/pe_r0_0_mac_muladd_8s_8s_19s_19_4_1_DSP48_0_U/p_reg_reg is absorbed into DSP u/grp_pe_r0_0_Pipeline_l_S_k_0_k_fu_61/mac_muladd_8s_8s_19s_19_4_1_U1/pe_r0_0_mac_muladd_8s_8s_19s_19_4_1_DSP48_0_U/p_reg_reg.
DSP Report: register u/grp_pe_r0_0_Pipeline_l_S_k_0_k_fu_61/mac_muladd_8s_8s_19s_19_4_1_U1/pe_r0_0_mac_muladd_8s_8s_19s_19_4_1_DSP48_0_U/m_reg_reg is absorbed into DSP u/grp_pe_r0_0_Pipeline_l_S_k_0_k_fu_61/mac_muladd_8s_8s_19s_19_4_1_U1/pe_r0_0_mac_muladd_8s_8s_19s_19_4_1_DSP48_0_U/p_reg_reg.
DSP Report: operator u/grp_pe_r0_0_Pipeline_l_S_k_0_k_fu_61/mac_muladd_8s_8s_19s_19_4_1_U1/pe_r0_0_mac_muladd_8s_8s_19s_19_4_1_DSP48_0_U/p is absorbed into DSP u/grp_pe_r0_0_Pipeline_l_S_k_0_k_fu_61/mac_muladd_8s_8s_19s_19_4_1_U1/pe_r0_0_mac_muladd_8s_8s_19s_19_4_1_DSP48_0_U/p_reg_reg.
DSP Report: operator u/grp_pe_r0_0_Pipeline_l_S_k_0_k_fu_61/mac_muladd_8s_8s_19s_19_4_1_U1/pe_r0_0_mac_muladd_8s_8s_19s_19_4_1_DSP48_0_U/m is absorbed into DSP u/grp_pe_r0_0_Pipeline_l_S_k_0_k_fu_61/mac_muladd_8s_8s_19s_19_4_1_U1/pe_r0_0_mac_muladd_8s_8s_19s_19_4_1_DSP48_0_U/p_reg_reg.
DSP Report: Generating DSP u/grp_pe_r0_0_Pipeline_l_S_k_0_k_fu_61/mac_muladd_8s_8s_19s_19_4_1_U1/pe_r0_0_mac_muladd_8s_8s_19s_19_4_1_DSP48_0_U/p_reg_reg, operation Mode is: (P or C)+(A2*B2)'.
DSP Report: register u/grp_pe_r0_0_Pipeline_l_S_k_0_k_fu_61/mac_muladd_8s_8s_19s_19_4_1_U1/pe_r0_0_mac_muladd_8s_8s_19s_19_4_1_DSP48_0_U/b_reg_reg is absorbed into DSP u/grp_pe_r0_0_Pipeline_l_S_k_0_k_fu_61/mac_muladd_8s_8s_19s_19_4_1_U1/pe_r0_0_mac_muladd_8s_8s_19s_19_4_1_DSP48_0_U/p_reg_reg.
DSP Report: register u/grp_pe_r0_0_Pipeline_l_S_k_0_k_fu_61/mac_muladd_8s_8s_19s_19_4_1_U1/pe_r0_0_mac_muladd_8s_8s_19s_19_4_1_DSP48_0_U/a_reg_reg is absorbed into DSP u/grp_pe_r0_0_Pipeline_l_S_k_0_k_fu_61/mac_muladd_8s_8s_19s_19_4_1_U1/pe_r0_0_mac_muladd_8s_8s_19s_19_4_1_DSP48_0_U/p_reg_reg.
DSP Report: register u/grp_pe_r0_0_Pipeline_l_S_k_0_k_fu_61/mac_muladd_8s_8s_19s_19_4_1_U1/pe_r0_0_mac_muladd_8s_8s_19s_19_4_1_DSP48_0_U/p_reg_reg is absorbed into DSP u/grp_pe_r0_0_Pipeline_l_S_k_0_k_fu_61/mac_muladd_8s_8s_19s_19_4_1_U1/pe_r0_0_mac_muladd_8s_8s_19s_19_4_1_DSP48_0_U/p_reg_reg.
DSP Report: register u/grp_pe_r0_0_Pipeline_l_S_k_0_k_fu_61/mac_muladd_8s_8s_19s_19_4_1_U1/pe_r0_0_mac_muladd_8s_8s_19s_19_4_1_DSP48_0_U/m_reg_reg is absorbed into DSP u/grp_pe_r0_0_Pipeline_l_S_k_0_k_fu_61/mac_muladd_8s_8s_19s_19_4_1_U1/pe_r0_0_mac_muladd_8s_8s_19s_19_4_1_DSP48_0_U/p_reg_reg.
DSP Report: operator u/grp_pe_r0_0_Pipeline_l_S_k_0_k_fu_61/mac_muladd_8s_8s_19s_19_4_1_U1/pe_r0_0_mac_muladd_8s_8s_19s_19_4_1_DSP48_0_U/p is absorbed into DSP u/grp_pe_r0_0_Pipeline_l_S_k_0_k_fu_61/mac_muladd_8s_8s_19s_19_4_1_U1/pe_r0_0_mac_muladd_8s_8s_19s_19_4_1_DSP48_0_U/p_reg_reg.
DSP Report: operator u/grp_pe_r0_0_Pipeline_l_S_k_0_k_fu_61/mac_muladd_8s_8s_19s_19_4_1_U1/pe_r0_0_mac_muladd_8s_8s_19s_19_4_1_DSP48_0_U/m is absorbed into DSP u/grp_pe_r0_0_Pipeline_l_S_k_0_k_fu_61/mac_muladd_8s_8s_19s_19_4_1_U1/pe_r0_0_mac_muladd_8s_8s_19s_19_4_1_DSP48_0_U/p_reg_reg.
DSP Report: Generating DSP u/grp_pe_r0_0_Pipeline_l_S_k_0_k_fu_61/mac_muladd_8s_8s_19s_19_4_1_U1/pe_r0_0_mac_muladd_8s_8s_19s_19_4_1_DSP48_0_U/p_reg_reg, operation Mode is: (P or C)+(A2*B2)'.
DSP Report: register u/grp_pe_r0_0_Pipeline_l_S_k_0_k_fu_61/mac_muladd_8s_8s_19s_19_4_1_U1/pe_r0_0_mac_muladd_8s_8s_19s_19_4_1_DSP48_0_U/b_reg_reg is absorbed into DSP u/grp_pe_r0_0_Pipeline_l_S_k_0_k_fu_61/mac_muladd_8s_8s_19s_19_4_1_U1/pe_r0_0_mac_muladd_8s_8s_19s_19_4_1_DSP48_0_U/p_reg_reg.
DSP Report: register u/grp_pe_r0_0_Pipeline_l_S_k_0_k_fu_61/mac_muladd_8s_8s_19s_19_4_1_U1/pe_r0_0_mac_muladd_8s_8s_19s_19_4_1_DSP48_0_U/a_reg_reg is absorbed into DSP u/grp_pe_r0_0_Pipeline_l_S_k_0_k_fu_61/mac_muladd_8s_8s_19s_19_4_1_U1/pe_r0_0_mac_muladd_8s_8s_19s_19_4_1_DSP48_0_U/p_reg_reg.
DSP Report: register u/grp_pe_r0_0_Pipeline_l_S_k_0_k_fu_61/mac_muladd_8s_8s_19s_19_4_1_U1/pe_r0_0_mac_muladd_8s_8s_19s_19_4_1_DSP48_0_U/p_reg_reg is absorbed into DSP u/grp_pe_r0_0_Pipeline_l_S_k_0_k_fu_61/mac_muladd_8s_8s_19s_19_4_1_U1/pe_r0_0_mac_muladd_8s_8s_19s_19_4_1_DSP48_0_U/p_reg_reg.
DSP Report: register u/grp_pe_r0_0_Pipeline_l_S_k_0_k_fu_61/mac_muladd_8s_8s_19s_19_4_1_U1/pe_r0_0_mac_muladd_8s_8s_19s_19_4_1_DSP48_0_U/m_reg_reg is absorbed into DSP u/grp_pe_r0_0_Pipeline_l_S_k_0_k_fu_61/mac_muladd_8s_8s_19s_19_4_1_U1/pe_r0_0_mac_muladd_8s_8s_19s_19_4_1_DSP48_0_U/p_reg_reg.
DSP Report: operator u/grp_pe_r0_0_Pipeline_l_S_k_0_k_fu_61/mac_muladd_8s_8s_19s_19_4_1_U1/pe_r0_0_mac_muladd_8s_8s_19s_19_4_1_DSP48_0_U/p is absorbed into DSP u/grp_pe_r0_0_Pipeline_l_S_k_0_k_fu_61/mac_muladd_8s_8s_19s_19_4_1_U1/pe_r0_0_mac_muladd_8s_8s_19s_19_4_1_DSP48_0_U/p_reg_reg.
DSP Report: operator u/grp_pe_r0_0_Pipeline_l_S_k_0_k_fu_61/mac_muladd_8s_8s_19s_19_4_1_U1/pe_r0_0_mac_muladd_8s_8s_19s_19_4_1_DSP48_0_U/m is absorbed into DSP u/grp_pe_r0_0_Pipeline_l_S_k_0_k_fu_61/mac_muladd_8s_8s_19s_19_4_1_U1/pe_r0_0_mac_muladd_8s_8s_19s_19_4_1_DSP48_0_U/p_reg_reg.
DSP Report: Generating DSP u/grp_pe_r0_0_Pipeline_l_S_k_0_k_fu_61/mac_muladd_8s_8s_19s_19_4_1_U1/pe_r0_0_mac_muladd_8s_8s_19s_19_4_1_DSP48_0_U/p_reg_reg, operation Mode is: (P or C)+(A2*B2)'.
DSP Report: register u/grp_pe_r0_0_Pipeline_l_S_k_0_k_fu_61/mac_muladd_8s_8s_19s_19_4_1_U1/pe_r0_0_mac_muladd_8s_8s_19s_19_4_1_DSP48_0_U/b_reg_reg is absorbed into DSP u/grp_pe_r0_0_Pipeline_l_S_k_0_k_fu_61/mac_muladd_8s_8s_19s_19_4_1_U1/pe_r0_0_mac_muladd_8s_8s_19s_19_4_1_DSP48_0_U/p_reg_reg.
DSP Report: register u/grp_pe_r0_0_Pipeline_l_S_k_0_k_fu_61/mac_muladd_8s_8s_19s_19_4_1_U1/pe_r0_0_mac_muladd_8s_8s_19s_19_4_1_DSP48_0_U/a_reg_reg is absorbed into DSP u/grp_pe_r0_0_Pipeline_l_S_k_0_k_fu_61/mac_muladd_8s_8s_19s_19_4_1_U1/pe_r0_0_mac_muladd_8s_8s_19s_19_4_1_DSP48_0_U/p_reg_reg.
DSP Report: register u/grp_pe_r0_0_Pipeline_l_S_k_0_k_fu_61/mac_muladd_8s_8s_19s_19_4_1_U1/pe_r0_0_mac_muladd_8s_8s_19s_19_4_1_DSP48_0_U/p_reg_reg is absorbed into DSP u/grp_pe_r0_0_Pipeline_l_S_k_0_k_fu_61/mac_muladd_8s_8s_19s_19_4_1_U1/pe_r0_0_mac_muladd_8s_8s_19s_19_4_1_DSP48_0_U/p_reg_reg.
DSP Report: register u/grp_pe_r0_0_Pipeline_l_S_k_0_k_fu_61/mac_muladd_8s_8s_19s_19_4_1_U1/pe_r0_0_mac_muladd_8s_8s_19s_19_4_1_DSP48_0_U/m_reg_reg is absorbed into DSP u/grp_pe_r0_0_Pipeline_l_S_k_0_k_fu_61/mac_muladd_8s_8s_19s_19_4_1_U1/pe_r0_0_mac_muladd_8s_8s_19s_19_4_1_DSP48_0_U/p_reg_reg.
DSP Report: operator u/grp_pe_r0_0_Pipeline_l_S_k_0_k_fu_61/mac_muladd_8s_8s_19s_19_4_1_U1/pe_r0_0_mac_muladd_8s_8s_19s_19_4_1_DSP48_0_U/p is absorbed into DSP u/grp_pe_r0_0_Pipeline_l_S_k_0_k_fu_61/mac_muladd_8s_8s_19s_19_4_1_U1/pe_r0_0_mac_muladd_8s_8s_19s_19_4_1_DSP48_0_U/p_reg_reg.
DSP Report: operator u/grp_pe_r0_0_Pipeline_l_S_k_0_k_fu_61/mac_muladd_8s_8s_19s_19_4_1_U1/pe_r0_0_mac_muladd_8s_8s_19s_19_4_1_DSP48_0_U/m is absorbed into DSP u/grp_pe_r0_0_Pipeline_l_S_k_0_k_fu_61/mac_muladd_8s_8s_19s_19_4_1_U1/pe_r0_0_mac_muladd_8s_8s_19s_19_4_1_DSP48_0_U/p_reg_reg.
DSP Report: Generating DSP u/grp_pe_r0_0_Pipeline_l_S_k_0_k_fu_61/mac_muladd_8s_8s_19s_19_4_1_U1/pe_r0_0_mac_muladd_8s_8s_19s_19_4_1_DSP48_0_U/p_reg_reg, operation Mode is: (P or C)+(A2*B2)'.
DSP Report: register u/grp_pe_r0_0_Pipeline_l_S_k_0_k_fu_61/mac_muladd_8s_8s_19s_19_4_1_U1/pe_r0_0_mac_muladd_8s_8s_19s_19_4_1_DSP48_0_U/b_reg_reg is absorbed into DSP u/grp_pe_r0_0_Pipeline_l_S_k_0_k_fu_61/mac_muladd_8s_8s_19s_19_4_1_U1/pe_r0_0_mac_muladd_8s_8s_19s_19_4_1_DSP48_0_U/p_reg_reg.
DSP Report: register u/grp_pe_r0_0_Pipeline_l_S_k_0_k_fu_61/mac_muladd_8s_8s_19s_19_4_1_U1/pe_r0_0_mac_muladd_8s_8s_19s_19_4_1_DSP48_0_U/a_reg_reg is absorbed into DSP u/grp_pe_r0_0_Pipeline_l_S_k_0_k_fu_61/mac_muladd_8s_8s_19s_19_4_1_U1/pe_r0_0_mac_muladd_8s_8s_19s_19_4_1_DSP48_0_U/p_reg_reg.
DSP Report: register u/grp_pe_r0_0_Pipeline_l_S_k_0_k_fu_61/mac_muladd_8s_8s_19s_19_4_1_U1/pe_r0_0_mac_muladd_8s_8s_19s_19_4_1_DSP48_0_U/p_reg_reg is absorbed into DSP u/grp_pe_r0_0_Pipeline_l_S_k_0_k_fu_61/mac_muladd_8s_8s_19s_19_4_1_U1/pe_r0_0_mac_muladd_8s_8s_19s_19_4_1_DSP48_0_U/p_reg_reg.
DSP Report: register u/grp_pe_r0_0_Pipeline_l_S_k_0_k_fu_61/mac_muladd_8s_8s_19s_19_4_1_U1/pe_r0_0_mac_muladd_8s_8s_19s_19_4_1_DSP48_0_U/m_reg_reg is absorbed into DSP u/grp_pe_r0_0_Pipeline_l_S_k_0_k_fu_61/mac_muladd_8s_8s_19s_19_4_1_U1/pe_r0_0_mac_muladd_8s_8s_19s_19_4_1_DSP48_0_U/p_reg_reg.
DSP Report: operator u/grp_pe_r0_0_Pipeline_l_S_k_0_k_fu_61/mac_muladd_8s_8s_19s_19_4_1_U1/pe_r0_0_mac_muladd_8s_8s_19s_19_4_1_DSP48_0_U/p is absorbed into DSP u/grp_pe_r0_0_Pipeline_l_S_k_0_k_fu_61/mac_muladd_8s_8s_19s_19_4_1_U1/pe_r0_0_mac_muladd_8s_8s_19s_19_4_1_DSP48_0_U/p_reg_reg.
DSP Report: operator u/grp_pe_r0_0_Pipeline_l_S_k_0_k_fu_61/mac_muladd_8s_8s_19s_19_4_1_U1/pe_r0_0_mac_muladd_8s_8s_19s_19_4_1_DSP48_0_U/m is absorbed into DSP u/grp_pe_r0_0_Pipeline_l_S_k_0_k_fu_61/mac_muladd_8s_8s_19s_19_4_1_U1/pe_r0_0_mac_muladd_8s_8s_19s_19_4_1_DSP48_0_U/p_reg_reg.
DSP Report: Generating DSP u/grp_pe_r0_0_Pipeline_l_S_k_0_k_fu_61/mac_muladd_8s_8s_19s_19_4_1_U1/pe_r0_0_mac_muladd_8s_8s_19s_19_4_1_DSP48_0_U/p_reg_reg, operation Mode is: (P or C)+(A2*B2)'.
DSP Report: register u/grp_pe_r0_0_Pipeline_l_S_k_0_k_fu_61/mac_muladd_8s_8s_19s_19_4_1_U1/pe_r0_0_mac_muladd_8s_8s_19s_19_4_1_DSP48_0_U/b_reg_reg is absorbed into DSP u/grp_pe_r0_0_Pipeline_l_S_k_0_k_fu_61/mac_muladd_8s_8s_19s_19_4_1_U1/pe_r0_0_mac_muladd_8s_8s_19s_19_4_1_DSP48_0_U/p_reg_reg.
DSP Report: register u/grp_pe_r0_0_Pipeline_l_S_k_0_k_fu_61/mac_muladd_8s_8s_19s_19_4_1_U1/pe_r0_0_mac_muladd_8s_8s_19s_19_4_1_DSP48_0_U/a_reg_reg is absorbed into DSP u/grp_pe_r0_0_Pipeline_l_S_k_0_k_fu_61/mac_muladd_8s_8s_19s_19_4_1_U1/pe_r0_0_mac_muladd_8s_8s_19s_19_4_1_DSP48_0_U/p_reg_reg.
DSP Report: register u/grp_pe_r0_0_Pipeline_l_S_k_0_k_fu_61/mac_muladd_8s_8s_19s_19_4_1_U1/pe_r0_0_mac_muladd_8s_8s_19s_19_4_1_DSP48_0_U/p_reg_reg is absorbed into DSP u/grp_pe_r0_0_Pipeline_l_S_k_0_k_fu_61/mac_muladd_8s_8s_19s_19_4_1_U1/pe_r0_0_mac_muladd_8s_8s_19s_19_4_1_DSP48_0_U/p_reg_reg.
DSP Report: register u/grp_pe_r0_0_Pipeline_l_S_k_0_k_fu_61/mac_muladd_8s_8s_19s_19_4_1_U1/pe_r0_0_mac_muladd_8s_8s_19s_19_4_1_DSP48_0_U/m_reg_reg is absorbed into DSP u/grp_pe_r0_0_Pipeline_l_S_k_0_k_fu_61/mac_muladd_8s_8s_19s_19_4_1_U1/pe_r0_0_mac_muladd_8s_8s_19s_19_4_1_DSP48_0_U/p_reg_reg.
DSP Report: operator u/grp_pe_r0_0_Pipeline_l_S_k_0_k_fu_61/mac_muladd_8s_8s_19s_19_4_1_U1/pe_r0_0_mac_muladd_8s_8s_19s_19_4_1_DSP48_0_U/p is absorbed into DSP u/grp_pe_r0_0_Pipeline_l_S_k_0_k_fu_61/mac_muladd_8s_8s_19s_19_4_1_U1/pe_r0_0_mac_muladd_8s_8s_19s_19_4_1_DSP48_0_U/p_reg_reg.
DSP Report: operator u/grp_pe_r0_0_Pipeline_l_S_k_0_k_fu_61/mac_muladd_8s_8s_19s_19_4_1_U1/pe_r0_0_mac_muladd_8s_8s_19s_19_4_1_DSP48_0_U/m is absorbed into DSP u/grp_pe_r0_0_Pipeline_l_S_k_0_k_fu_61/mac_muladd_8s_8s_19s_19_4_1_U1/pe_r0_0_mac_muladd_8s_8s_19s_19_4_1_DSP48_0_U/p_reg_reg.
DSP Report: Generating DSP u/grp_pe_r0_0_Pipeline_l_S_k_0_k_fu_61/mac_muladd_8s_8s_19s_19_4_1_U1/pe_r0_0_mac_muladd_8s_8s_19s_19_4_1_DSP48_0_U/p_reg_reg, operation Mode is: (P or C)+(A2*B2)'.
DSP Report: register u/grp_pe_r0_0_Pipeline_l_S_k_0_k_fu_61/mac_muladd_8s_8s_19s_19_4_1_U1/pe_r0_0_mac_muladd_8s_8s_19s_19_4_1_DSP48_0_U/b_reg_reg is absorbed into DSP u/grp_pe_r0_0_Pipeline_l_S_k_0_k_fu_61/mac_muladd_8s_8s_19s_19_4_1_U1/pe_r0_0_mac_muladd_8s_8s_19s_19_4_1_DSP48_0_U/p_reg_reg.
DSP Report: register u/grp_pe_r0_0_Pipeline_l_S_k_0_k_fu_61/mac_muladd_8s_8s_19s_19_4_1_U1/pe_r0_0_mac_muladd_8s_8s_19s_19_4_1_DSP48_0_U/a_reg_reg is absorbed into DSP u/grp_pe_r0_0_Pipeline_l_S_k_0_k_fu_61/mac_muladd_8s_8s_19s_19_4_1_U1/pe_r0_0_mac_muladd_8s_8s_19s_19_4_1_DSP48_0_U/p_reg_reg.
DSP Report: register u/grp_pe_r0_0_Pipeline_l_S_k_0_k_fu_61/mac_muladd_8s_8s_19s_19_4_1_U1/pe_r0_0_mac_muladd_8s_8s_19s_19_4_1_DSP48_0_U/p_reg_reg is absorbed into DSP u/grp_pe_r0_0_Pipeline_l_S_k_0_k_fu_61/mac_muladd_8s_8s_19s_19_4_1_U1/pe_r0_0_mac_muladd_8s_8s_19s_19_4_1_DSP48_0_U/p_reg_reg.
DSP Report: register u/grp_pe_r0_0_Pipeline_l_S_k_0_k_fu_61/mac_muladd_8s_8s_19s_19_4_1_U1/pe_r0_0_mac_muladd_8s_8s_19s_19_4_1_DSP48_0_U/m_reg_reg is absorbed into DSP u/grp_pe_r0_0_Pipeline_l_S_k_0_k_fu_61/mac_muladd_8s_8s_19s_19_4_1_U1/pe_r0_0_mac_muladd_8s_8s_19s_19_4_1_DSP48_0_U/p_reg_reg.
DSP Report: operator u/grp_pe_r0_0_Pipeline_l_S_k_0_k_fu_61/mac_muladd_8s_8s_19s_19_4_1_U1/pe_r0_0_mac_muladd_8s_8s_19s_19_4_1_DSP48_0_U/p is absorbed into DSP u/grp_pe_r0_0_Pipeline_l_S_k_0_k_fu_61/mac_muladd_8s_8s_19s_19_4_1_U1/pe_r0_0_mac_muladd_8s_8s_19s_19_4_1_DSP48_0_U/p_reg_reg.
DSP Report: operator u/grp_pe_r0_0_Pipeline_l_S_k_0_k_fu_61/mac_muladd_8s_8s_19s_19_4_1_U1/pe_r0_0_mac_muladd_8s_8s_19s_19_4_1_DSP48_0_U/m is absorbed into DSP u/grp_pe_r0_0_Pipeline_l_S_k_0_k_fu_61/mac_muladd_8s_8s_19s_19_4_1_U1/pe_r0_0_mac_muladd_8s_8s_19s_19_4_1_DSP48_0_U/p_reg_reg.
DSP Report: Generating DSP u/grp_pe_r0_0_Pipeline_l_S_k_0_k_fu_61/mac_muladd_8s_8s_19s_19_4_1_U1/pe_r0_0_mac_muladd_8s_8s_19s_19_4_1_DSP48_0_U/p_reg_reg, operation Mode is: (P or C)+(A2*B2)'.
DSP Report: register u/grp_pe_r0_0_Pipeline_l_S_k_0_k_fu_61/mac_muladd_8s_8s_19s_19_4_1_U1/pe_r0_0_mac_muladd_8s_8s_19s_19_4_1_DSP48_0_U/b_reg_reg is absorbed into DSP u/grp_pe_r0_0_Pipeline_l_S_k_0_k_fu_61/mac_muladd_8s_8s_19s_19_4_1_U1/pe_r0_0_mac_muladd_8s_8s_19s_19_4_1_DSP48_0_U/p_reg_reg.
DSP Report: register u/grp_pe_r0_0_Pipeline_l_S_k_0_k_fu_61/mac_muladd_8s_8s_19s_19_4_1_U1/pe_r0_0_mac_muladd_8s_8s_19s_19_4_1_DSP48_0_U/a_reg_reg is absorbed into DSP u/grp_pe_r0_0_Pipeline_l_S_k_0_k_fu_61/mac_muladd_8s_8s_19s_19_4_1_U1/pe_r0_0_mac_muladd_8s_8s_19s_19_4_1_DSP48_0_U/p_reg_reg.
DSP Report: register u/grp_pe_r0_0_Pipeline_l_S_k_0_k_fu_61/mac_muladd_8s_8s_19s_19_4_1_U1/pe_r0_0_mac_muladd_8s_8s_19s_19_4_1_DSP48_0_U/p_reg_reg is absorbed into DSP u/grp_pe_r0_0_Pipeline_l_S_k_0_k_fu_61/mac_muladd_8s_8s_19s_19_4_1_U1/pe_r0_0_mac_muladd_8s_8s_19s_19_4_1_DSP48_0_U/p_reg_reg.
DSP Report: register u/grp_pe_r0_0_Pipeline_l_S_k_0_k_fu_61/mac_muladd_8s_8s_19s_19_4_1_U1/pe_r0_0_mac_muladd_8s_8s_19s_19_4_1_DSP48_0_U/m_reg_reg is absorbed into DSP u/grp_pe_r0_0_Pipeline_l_S_k_0_k_fu_61/mac_muladd_8s_8s_19s_19_4_1_U1/pe_r0_0_mac_muladd_8s_8s_19s_19_4_1_DSP48_0_U/p_reg_reg.
DSP Report: operator u/grp_pe_r0_0_Pipeline_l_S_k_0_k_fu_61/mac_muladd_8s_8s_19s_19_4_1_U1/pe_r0_0_mac_muladd_8s_8s_19s_19_4_1_DSP48_0_U/p is absorbed into DSP u/grp_pe_r0_0_Pipeline_l_S_k_0_k_fu_61/mac_muladd_8s_8s_19s_19_4_1_U1/pe_r0_0_mac_muladd_8s_8s_19s_19_4_1_DSP48_0_U/p_reg_reg.
DSP Report: operator u/grp_pe_r0_0_Pipeline_l_S_k_0_k_fu_61/mac_muladd_8s_8s_19s_19_4_1_U1/pe_r0_0_mac_muladd_8s_8s_19s_19_4_1_DSP48_0_U/m is absorbed into DSP u/grp_pe_r0_0_Pipeline_l_S_k_0_k_fu_61/mac_muladd_8s_8s_19s_19_4_1_U1/pe_r0_0_mac_muladd_8s_8s_19s_19_4_1_DSP48_0_U/p_reg_reg.
DSP Report: Generating DSP u/grp_pe_r0_0_Pipeline_l_S_k_0_k_fu_61/mac_muladd_8s_8s_19s_19_4_1_U1/pe_r0_0_mac_muladd_8s_8s_19s_19_4_1_DSP48_0_U/p_reg_reg, operation Mode is: (P or C)+(A2*B2)'.
DSP Report: register u/grp_pe_r0_0_Pipeline_l_S_k_0_k_fu_61/mac_muladd_8s_8s_19s_19_4_1_U1/pe_r0_0_mac_muladd_8s_8s_19s_19_4_1_DSP48_0_U/b_reg_reg is absorbed into DSP u/grp_pe_r0_0_Pipeline_l_S_k_0_k_fu_61/mac_muladd_8s_8s_19s_19_4_1_U1/pe_r0_0_mac_muladd_8s_8s_19s_19_4_1_DSP48_0_U/p_reg_reg.
DSP Report: register u/grp_pe_r0_0_Pipeline_l_S_k_0_k_fu_61/mac_muladd_8s_8s_19s_19_4_1_U1/pe_r0_0_mac_muladd_8s_8s_19s_19_4_1_DSP48_0_U/a_reg_reg is absorbed into DSP u/grp_pe_r0_0_Pipeline_l_S_k_0_k_fu_61/mac_muladd_8s_8s_19s_19_4_1_U1/pe_r0_0_mac_muladd_8s_8s_19s_19_4_1_DSP48_0_U/p_reg_reg.
DSP Report: register u/grp_pe_r0_0_Pipeline_l_S_k_0_k_fu_61/mac_muladd_8s_8s_19s_19_4_1_U1/pe_r0_0_mac_muladd_8s_8s_19s_19_4_1_DSP48_0_U/p_reg_reg is absorbed into DSP u/grp_pe_r0_0_Pipeline_l_S_k_0_k_fu_61/mac_muladd_8s_8s_19s_19_4_1_U1/pe_r0_0_mac_muladd_8s_8s_19s_19_4_1_DSP48_0_U/p_reg_reg.
DSP Report: register u/grp_pe_r0_0_Pipeline_l_S_k_0_k_fu_61/mac_muladd_8s_8s_19s_19_4_1_U1/pe_r0_0_mac_muladd_8s_8s_19s_19_4_1_DSP48_0_U/m_reg_reg is absorbed into DSP u/grp_pe_r0_0_Pipeline_l_S_k_0_k_fu_61/mac_muladd_8s_8s_19s_19_4_1_U1/pe_r0_0_mac_muladd_8s_8s_19s_19_4_1_DSP48_0_U/p_reg_reg.
DSP Report: operator u/grp_pe_r0_0_Pipeline_l_S_k_0_k_fu_61/mac_muladd_8s_8s_19s_19_4_1_U1/pe_r0_0_mac_muladd_8s_8s_19s_19_4_1_DSP48_0_U/p is absorbed into DSP u/grp_pe_r0_0_Pipeline_l_S_k_0_k_fu_61/mac_muladd_8s_8s_19s_19_4_1_U1/pe_r0_0_mac_muladd_8s_8s_19s_19_4_1_DSP48_0_U/p_reg_reg.
DSP Report: operator u/grp_pe_r0_0_Pipeline_l_S_k_0_k_fu_61/mac_muladd_8s_8s_19s_19_4_1_U1/pe_r0_0_mac_muladd_8s_8s_19s_19_4_1_DSP48_0_U/m is absorbed into DSP u/grp_pe_r0_0_Pipeline_l_S_k_0_k_fu_61/mac_muladd_8s_8s_19s_19_4_1_U1/pe_r0_0_mac_muladd_8s_8s_19s_19_4_1_DSP48_0_U/p_reg_reg.
DSP Report: Generating DSP u/grp_pe_r0_0_Pipeline_l_S_k_0_k_fu_61/mac_muladd_8s_8s_19s_19_4_1_U1/pe_r0_0_mac_muladd_8s_8s_19s_19_4_1_DSP48_0_U/p_reg_reg, operation Mode is: (P or C)+(A2*B2)'.
DSP Report: register u/grp_pe_r0_0_Pipeline_l_S_k_0_k_fu_61/mac_muladd_8s_8s_19s_19_4_1_U1/pe_r0_0_mac_muladd_8s_8s_19s_19_4_1_DSP48_0_U/b_reg_reg is absorbed into DSP u/grp_pe_r0_0_Pipeline_l_S_k_0_k_fu_61/mac_muladd_8s_8s_19s_19_4_1_U1/pe_r0_0_mac_muladd_8s_8s_19s_19_4_1_DSP48_0_U/p_reg_reg.
DSP Report: register u/grp_pe_r0_0_Pipeline_l_S_k_0_k_fu_61/mac_muladd_8s_8s_19s_19_4_1_U1/pe_r0_0_mac_muladd_8s_8s_19s_19_4_1_DSP48_0_U/a_reg_reg is absorbed into DSP u/grp_pe_r0_0_Pipeline_l_S_k_0_k_fu_61/mac_muladd_8s_8s_19s_19_4_1_U1/pe_r0_0_mac_muladd_8s_8s_19s_19_4_1_DSP48_0_U/p_reg_reg.
DSP Report: register u/grp_pe_r0_0_Pipeline_l_S_k_0_k_fu_61/mac_muladd_8s_8s_19s_19_4_1_U1/pe_r0_0_mac_muladd_8s_8s_19s_19_4_1_DSP48_0_U/p_reg_reg is absorbed into DSP u/grp_pe_r0_0_Pipeline_l_S_k_0_k_fu_61/mac_muladd_8s_8s_19s_19_4_1_U1/pe_r0_0_mac_muladd_8s_8s_19s_19_4_1_DSP48_0_U/p_reg_reg.
DSP Report: register u/grp_pe_r0_0_Pipeline_l_S_k_0_k_fu_61/mac_muladd_8s_8s_19s_19_4_1_U1/pe_r0_0_mac_muladd_8s_8s_19s_19_4_1_DSP48_0_U/m_reg_reg is absorbed into DSP u/grp_pe_r0_0_Pipeline_l_S_k_0_k_fu_61/mac_muladd_8s_8s_19s_19_4_1_U1/pe_r0_0_mac_muladd_8s_8s_19s_19_4_1_DSP48_0_U/p_reg_reg.
DSP Report: operator u/grp_pe_r0_0_Pipeline_l_S_k_0_k_fu_61/mac_muladd_8s_8s_19s_19_4_1_U1/pe_r0_0_mac_muladd_8s_8s_19s_19_4_1_DSP48_0_U/p is absorbed into DSP u/grp_pe_r0_0_Pipeline_l_S_k_0_k_fu_61/mac_muladd_8s_8s_19s_19_4_1_U1/pe_r0_0_mac_muladd_8s_8s_19s_19_4_1_DSP48_0_U/p_reg_reg.
DSP Report: operator u/grp_pe_r0_0_Pipeline_l_S_k_0_k_fu_61/mac_muladd_8s_8s_19s_19_4_1_U1/pe_r0_0_mac_muladd_8s_8s_19s_19_4_1_DSP48_0_U/m is absorbed into DSP u/grp_pe_r0_0_Pipeline_l_S_k_0_k_fu_61/mac_muladd_8s_8s_19s_19_4_1_U1/pe_r0_0_mac_muladd_8s_8s_19s_19_4_1_DSP48_0_U/p_reg_reg.
DSP Report: Generating DSP u/grp_pe_r0_0_Pipeline_l_S_k_0_k_fu_61/mac_muladd_8s_8s_19s_19_4_1_U1/pe_r0_0_mac_muladd_8s_8s_19s_19_4_1_DSP48_0_U/p_reg_reg, operation Mode is: (P or C)+(A2*B2)'.
DSP Report: register u/grp_pe_r0_0_Pipeline_l_S_k_0_k_fu_61/mac_muladd_8s_8s_19s_19_4_1_U1/pe_r0_0_mac_muladd_8s_8s_19s_19_4_1_DSP48_0_U/b_reg_reg is absorbed into DSP u/grp_pe_r0_0_Pipeline_l_S_k_0_k_fu_61/mac_muladd_8s_8s_19s_19_4_1_U1/pe_r0_0_mac_muladd_8s_8s_19s_19_4_1_DSP48_0_U/p_reg_reg.
DSP Report: register u/grp_pe_r0_0_Pipeline_l_S_k_0_k_fu_61/mac_muladd_8s_8s_19s_19_4_1_U1/pe_r0_0_mac_muladd_8s_8s_19s_19_4_1_DSP48_0_U/a_reg_reg is absorbed into DSP u/grp_pe_r0_0_Pipeline_l_S_k_0_k_fu_61/mac_muladd_8s_8s_19s_19_4_1_U1/pe_r0_0_mac_muladd_8s_8s_19s_19_4_1_DSP48_0_U/p_reg_reg.
DSP Report: register u/grp_pe_r0_0_Pipeline_l_S_k_0_k_fu_61/mac_muladd_8s_8s_19s_19_4_1_U1/pe_r0_0_mac_muladd_8s_8s_19s_19_4_1_DSP48_0_U/p_reg_reg is absorbed into DSP u/grp_pe_r0_0_Pipeline_l_S_k_0_k_fu_61/mac_muladd_8s_8s_19s_19_4_1_U1/pe_r0_0_mac_muladd_8s_8s_19s_19_4_1_DSP48_0_U/p_reg_reg.
DSP Report: register u/grp_pe_r0_0_Pipeline_l_S_k_0_k_fu_61/mac_muladd_8s_8s_19s_19_4_1_U1/pe_r0_0_mac_muladd_8s_8s_19s_19_4_1_DSP48_0_U/m_reg_reg is absorbed into DSP u/grp_pe_r0_0_Pipeline_l_S_k_0_k_fu_61/mac_muladd_8s_8s_19s_19_4_1_U1/pe_r0_0_mac_muladd_8s_8s_19s_19_4_1_DSP48_0_U/p_reg_reg.
DSP Report: operator u/grp_pe_r0_0_Pipeline_l_S_k_0_k_fu_61/mac_muladd_8s_8s_19s_19_4_1_U1/pe_r0_0_mac_muladd_8s_8s_19s_19_4_1_DSP48_0_U/p is absorbed into DSP u/grp_pe_r0_0_Pipeline_l_S_k_0_k_fu_61/mac_muladd_8s_8s_19s_19_4_1_U1/pe_r0_0_mac_muladd_8s_8s_19s_19_4_1_DSP48_0_U/p_reg_reg.
DSP Report: operator u/grp_pe_r0_0_Pipeline_l_S_k_0_k_fu_61/mac_muladd_8s_8s_19s_19_4_1_U1/pe_r0_0_mac_muladd_8s_8s_19s_19_4_1_DSP48_0_U/m is absorbed into DSP u/grp_pe_r0_0_Pipeline_l_S_k_0_k_fu_61/mac_muladd_8s_8s_19s_19_4_1_U1/pe_r0_0_mac_muladd_8s_8s_19s_19_4_1_DSP48_0_U/p_reg_reg.
DSP Report: Generating DSP u/grp_pe_r0_0_Pipeline_l_S_k_0_k_fu_61/mac_muladd_8s_8s_19s_19_4_1_U1/pe_r0_0_mac_muladd_8s_8s_19s_19_4_1_DSP48_0_U/p_reg_reg, operation Mode is: (P or C)+(A2*B2)'.
DSP Report: register u/grp_pe_r0_0_Pipeline_l_S_k_0_k_fu_61/mac_muladd_8s_8s_19s_19_4_1_U1/pe_r0_0_mac_muladd_8s_8s_19s_19_4_1_DSP48_0_U/b_reg_reg is absorbed into DSP u/grp_pe_r0_0_Pipeline_l_S_k_0_k_fu_61/mac_muladd_8s_8s_19s_19_4_1_U1/pe_r0_0_mac_muladd_8s_8s_19s_19_4_1_DSP48_0_U/p_reg_reg.
DSP Report: register u/grp_pe_r0_0_Pipeline_l_S_k_0_k_fu_61/mac_muladd_8s_8s_19s_19_4_1_U1/pe_r0_0_mac_muladd_8s_8s_19s_19_4_1_DSP48_0_U/a_reg_reg is absorbed into DSP u/grp_pe_r0_0_Pipeline_l_S_k_0_k_fu_61/mac_muladd_8s_8s_19s_19_4_1_U1/pe_r0_0_mac_muladd_8s_8s_19s_19_4_1_DSP48_0_U/p_reg_reg.
DSP Report: register u/grp_pe_r0_0_Pipeline_l_S_k_0_k_fu_61/mac_muladd_8s_8s_19s_19_4_1_U1/pe_r0_0_mac_muladd_8s_8s_19s_19_4_1_DSP48_0_U/p_reg_reg is absorbed into DSP u/grp_pe_r0_0_Pipeline_l_S_k_0_k_fu_61/mac_muladd_8s_8s_19s_19_4_1_U1/pe_r0_0_mac_muladd_8s_8s_19s_19_4_1_DSP48_0_U/p_reg_reg.
DSP Report: register u/grp_pe_r0_0_Pipeline_l_S_k_0_k_fu_61/mac_muladd_8s_8s_19s_19_4_1_U1/pe_r0_0_mac_muladd_8s_8s_19s_19_4_1_DSP48_0_U/m_reg_reg is absorbed into DSP u/grp_pe_r0_0_Pipeline_l_S_k_0_k_fu_61/mac_muladd_8s_8s_19s_19_4_1_U1/pe_r0_0_mac_muladd_8s_8s_19s_19_4_1_DSP48_0_U/p_reg_reg.
DSP Report: operator u/grp_pe_r0_0_Pipeline_l_S_k_0_k_fu_61/mac_muladd_8s_8s_19s_19_4_1_U1/pe_r0_0_mac_muladd_8s_8s_19s_19_4_1_DSP48_0_U/p is absorbed into DSP u/grp_pe_r0_0_Pipeline_l_S_k_0_k_fu_61/mac_muladd_8s_8s_19s_19_4_1_U1/pe_r0_0_mac_muladd_8s_8s_19s_19_4_1_DSP48_0_U/p_reg_reg.
DSP Report: operator u/grp_pe_r0_0_Pipeline_l_S_k_0_k_fu_61/mac_muladd_8s_8s_19s_19_4_1_U1/pe_r0_0_mac_muladd_8s_8s_19s_19_4_1_DSP48_0_U/m is absorbed into DSP u/grp_pe_r0_0_Pipeline_l_S_k_0_k_fu_61/mac_muladd_8s_8s_19s_19_4_1_U1/pe_r0_0_mac_muladd_8s_8s_19s_19_4_1_DSP48_0_U/p_reg_reg.
DSP Report: Generating DSP u/grp_pe_r0_0_Pipeline_l_S_k_0_k_fu_61/mac_muladd_8s_8s_19s_19_4_1_U1/pe_r0_0_mac_muladd_8s_8s_19s_19_4_1_DSP48_0_U/p_reg_reg, operation Mode is: (P or C)+(A2*B2)'.
DSP Report: register u/grp_pe_r0_0_Pipeline_l_S_k_0_k_fu_61/mac_muladd_8s_8s_19s_19_4_1_U1/pe_r0_0_mac_muladd_8s_8s_19s_19_4_1_DSP48_0_U/b_reg_reg is absorbed into DSP u/grp_pe_r0_0_Pipeline_l_S_k_0_k_fu_61/mac_muladd_8s_8s_19s_19_4_1_U1/pe_r0_0_mac_muladd_8s_8s_19s_19_4_1_DSP48_0_U/p_reg_reg.
DSP Report: register u/grp_pe_r0_0_Pipeline_l_S_k_0_k_fu_61/mac_muladd_8s_8s_19s_19_4_1_U1/pe_r0_0_mac_muladd_8s_8s_19s_19_4_1_DSP48_0_U/a_reg_reg is absorbed into DSP u/grp_pe_r0_0_Pipeline_l_S_k_0_k_fu_61/mac_muladd_8s_8s_19s_19_4_1_U1/pe_r0_0_mac_muladd_8s_8s_19s_19_4_1_DSP48_0_U/p_reg_reg.
DSP Report: register u/grp_pe_r0_0_Pipeline_l_S_k_0_k_fu_61/mac_muladd_8s_8s_19s_19_4_1_U1/pe_r0_0_mac_muladd_8s_8s_19s_19_4_1_DSP48_0_U/p_reg_reg is absorbed into DSP u/grp_pe_r0_0_Pipeline_l_S_k_0_k_fu_61/mac_muladd_8s_8s_19s_19_4_1_U1/pe_r0_0_mac_muladd_8s_8s_19s_19_4_1_DSP48_0_U/p_reg_reg.
DSP Report: register u/grp_pe_r0_0_Pipeline_l_S_k_0_k_fu_61/mac_muladd_8s_8s_19s_19_4_1_U1/pe_r0_0_mac_muladd_8s_8s_19s_19_4_1_DSP48_0_U/m_reg_reg is absorbed into DSP u/grp_pe_r0_0_Pipeline_l_S_k_0_k_fu_61/mac_muladd_8s_8s_19s_19_4_1_U1/pe_r0_0_mac_muladd_8s_8s_19s_19_4_1_DSP48_0_U/p_reg_reg.
DSP Report: operator u/grp_pe_r0_0_Pipeline_l_S_k_0_k_fu_61/mac_muladd_8s_8s_19s_19_4_1_U1/pe_r0_0_mac_muladd_8s_8s_19s_19_4_1_DSP48_0_U/p is absorbed into DSP u/grp_pe_r0_0_Pipeline_l_S_k_0_k_fu_61/mac_muladd_8s_8s_19s_19_4_1_U1/pe_r0_0_mac_muladd_8s_8s_19s_19_4_1_DSP48_0_U/p_reg_reg.
DSP Report: operator u/grp_pe_r0_0_Pipeline_l_S_k_0_k_fu_61/mac_muladd_8s_8s_19s_19_4_1_U1/pe_r0_0_mac_muladd_8s_8s_19s_19_4_1_DSP48_0_U/m is absorbed into DSP u/grp_pe_r0_0_Pipeline_l_S_k_0_k_fu_61/mac_muladd_8s_8s_19s_19_4_1_U1/pe_r0_0_mac_muladd_8s_8s_19s_19_4_1_DSP48_0_U/p_reg_reg.
DSP Report: Generating DSP u/grp_pe_r0_0_Pipeline_l_S_k_0_k_fu_61/mac_muladd_8s_8s_19s_19_4_1_U1/pe_r0_0_mac_muladd_8s_8s_19s_19_4_1_DSP48_0_U/p_reg_reg, operation Mode is: (P or C)+(A2*B2)'.
DSP Report: register u/grp_pe_r0_0_Pipeline_l_S_k_0_k_fu_61/mac_muladd_8s_8s_19s_19_4_1_U1/pe_r0_0_mac_muladd_8s_8s_19s_19_4_1_DSP48_0_U/b_reg_reg is absorbed into DSP u/grp_pe_r0_0_Pipeline_l_S_k_0_k_fu_61/mac_muladd_8s_8s_19s_19_4_1_U1/pe_r0_0_mac_muladd_8s_8s_19s_19_4_1_DSP48_0_U/p_reg_reg.
DSP Report: register u/grp_pe_r0_0_Pipeline_l_S_k_0_k_fu_61/mac_muladd_8s_8s_19s_19_4_1_U1/pe_r0_0_mac_muladd_8s_8s_19s_19_4_1_DSP48_0_U/a_reg_reg is absorbed into DSP u/grp_pe_r0_0_Pipeline_l_S_k_0_k_fu_61/mac_muladd_8s_8s_19s_19_4_1_U1/pe_r0_0_mac_muladd_8s_8s_19s_19_4_1_DSP48_0_U/p_reg_reg.
DSP Report: register u/grp_pe_r0_0_Pipeline_l_S_k_0_k_fu_61/mac_muladd_8s_8s_19s_19_4_1_U1/pe_r0_0_mac_muladd_8s_8s_19s_19_4_1_DSP48_0_U/p_reg_reg is absorbed into DSP u/grp_pe_r0_0_Pipeline_l_S_k_0_k_fu_61/mac_muladd_8s_8s_19s_19_4_1_U1/pe_r0_0_mac_muladd_8s_8s_19s_19_4_1_DSP48_0_U/p_reg_reg.
DSP Report: register u/grp_pe_r0_0_Pipeline_l_S_k_0_k_fu_61/mac_muladd_8s_8s_19s_19_4_1_U1/pe_r0_0_mac_muladd_8s_8s_19s_19_4_1_DSP48_0_U/m_reg_reg is absorbed into DSP u/grp_pe_r0_0_Pipeline_l_S_k_0_k_fu_61/mac_muladd_8s_8s_19s_19_4_1_U1/pe_r0_0_mac_muladd_8s_8s_19s_19_4_1_DSP48_0_U/p_reg_reg.
DSP Report: operator u/grp_pe_r0_0_Pipeline_l_S_k_0_k_fu_61/mac_muladd_8s_8s_19s_19_4_1_U1/pe_r0_0_mac_muladd_8s_8s_19s_19_4_1_DSP48_0_U/p is absorbed into DSP u/grp_pe_r0_0_Pipeline_l_S_k_0_k_fu_61/mac_muladd_8s_8s_19s_19_4_1_U1/pe_r0_0_mac_muladd_8s_8s_19s_19_4_1_DSP48_0_U/p_reg_reg.
DSP Report: operator u/grp_pe_r0_0_Pipeline_l_S_k_0_k_fu_61/mac_muladd_8s_8s_19s_19_4_1_U1/pe_r0_0_mac_muladd_8s_8s_19s_19_4_1_DSP48_0_U/m is absorbed into DSP u/grp_pe_r0_0_Pipeline_l_S_k_0_k_fu_61/mac_muladd_8s_8s_19s_19_4_1_U1/pe_r0_0_mac_muladd_8s_8s_19s_19_4_1_DSP48_0_U/p_reg_reg.
DSP Report: Generating DSP u/grp_pe_r0_0_Pipeline_l_S_k_0_k_fu_61/mac_muladd_8s_8s_19s_19_4_1_U1/pe_r0_0_mac_muladd_8s_8s_19s_19_4_1_DSP48_0_U/p_reg_reg, operation Mode is: (P or C)+(A2*B2)'.
DSP Report: register u/grp_pe_r0_0_Pipeline_l_S_k_0_k_fu_61/mac_muladd_8s_8s_19s_19_4_1_U1/pe_r0_0_mac_muladd_8s_8s_19s_19_4_1_DSP48_0_U/b_reg_reg is absorbed into DSP u/grp_pe_r0_0_Pipeline_l_S_k_0_k_fu_61/mac_muladd_8s_8s_19s_19_4_1_U1/pe_r0_0_mac_muladd_8s_8s_19s_19_4_1_DSP48_0_U/p_reg_reg.
DSP Report: register u/grp_pe_r0_0_Pipeline_l_S_k_0_k_fu_61/mac_muladd_8s_8s_19s_19_4_1_U1/pe_r0_0_mac_muladd_8s_8s_19s_19_4_1_DSP48_0_U/a_reg_reg is absorbed into DSP u/grp_pe_r0_0_Pipeline_l_S_k_0_k_fu_61/mac_muladd_8s_8s_19s_19_4_1_U1/pe_r0_0_mac_muladd_8s_8s_19s_19_4_1_DSP48_0_U/p_reg_reg.
DSP Report: register u/grp_pe_r0_0_Pipeline_l_S_k_0_k_fu_61/mac_muladd_8s_8s_19s_19_4_1_U1/pe_r0_0_mac_muladd_8s_8s_19s_19_4_1_DSP48_0_U/p_reg_reg is absorbed into DSP u/grp_pe_r0_0_Pipeline_l_S_k_0_k_fu_61/mac_muladd_8s_8s_19s_19_4_1_U1/pe_r0_0_mac_muladd_8s_8s_19s_19_4_1_DSP48_0_U/p_reg_reg.
DSP Report: register u/grp_pe_r0_0_Pipeline_l_S_k_0_k_fu_61/mac_muladd_8s_8s_19s_19_4_1_U1/pe_r0_0_mac_muladd_8s_8s_19s_19_4_1_DSP48_0_U/m_reg_reg is absorbed into DSP u/grp_pe_r0_0_Pipeline_l_S_k_0_k_fu_61/mac_muladd_8s_8s_19s_19_4_1_U1/pe_r0_0_mac_muladd_8s_8s_19s_19_4_1_DSP48_0_U/p_reg_reg.
DSP Report: operator u/grp_pe_r0_0_Pipeline_l_S_k_0_k_fu_61/mac_muladd_8s_8s_19s_19_4_1_U1/pe_r0_0_mac_muladd_8s_8s_19s_19_4_1_DSP48_0_U/p is absorbed into DSP u/grp_pe_r0_0_Pipeline_l_S_k_0_k_fu_61/mac_muladd_8s_8s_19s_19_4_1_U1/pe_r0_0_mac_muladd_8s_8s_19s_19_4_1_DSP48_0_U/p_reg_reg.
DSP Report: operator u/grp_pe_r0_0_Pipeline_l_S_k_0_k_fu_61/mac_muladd_8s_8s_19s_19_4_1_U1/pe_r0_0_mac_muladd_8s_8s_19s_19_4_1_DSP48_0_U/m is absorbed into DSP u/grp_pe_r0_0_Pipeline_l_S_k_0_k_fu_61/mac_muladd_8s_8s_19s_19_4_1_U1/pe_r0_0_mac_muladd_8s_8s_19s_19_4_1_DSP48_0_U/p_reg_reg.
DSP Report: Generating DSP u/grp_pe_r0_0_Pipeline_l_S_k_0_k_fu_61/mac_muladd_8s_8s_19s_19_4_1_U1/pe_r0_0_mac_muladd_8s_8s_19s_19_4_1_DSP48_0_U/p_reg_reg, operation Mode is: (P or C)+(A2*B2)'.
DSP Report: register u/grp_pe_r0_0_Pipeline_l_S_k_0_k_fu_61/mac_muladd_8s_8s_19s_19_4_1_U1/pe_r0_0_mac_muladd_8s_8s_19s_19_4_1_DSP48_0_U/b_reg_reg is absorbed into DSP u/grp_pe_r0_0_Pipeline_l_S_k_0_k_fu_61/mac_muladd_8s_8s_19s_19_4_1_U1/pe_r0_0_mac_muladd_8s_8s_19s_19_4_1_DSP48_0_U/p_reg_reg.
DSP Report: register u/grp_pe_r0_0_Pipeline_l_S_k_0_k_fu_61/mac_muladd_8s_8s_19s_19_4_1_U1/pe_r0_0_mac_muladd_8s_8s_19s_19_4_1_DSP48_0_U/a_reg_reg is absorbed into DSP u/grp_pe_r0_0_Pipeline_l_S_k_0_k_fu_61/mac_muladd_8s_8s_19s_19_4_1_U1/pe_r0_0_mac_muladd_8s_8s_19s_19_4_1_DSP48_0_U/p_reg_reg.
DSP Report: register u/grp_pe_r0_0_Pipeline_l_S_k_0_k_fu_61/mac_muladd_8s_8s_19s_19_4_1_U1/pe_r0_0_mac_muladd_8s_8s_19s_19_4_1_DSP48_0_U/p_reg_reg is absorbed into DSP u/grp_pe_r0_0_Pipeline_l_S_k_0_k_fu_61/mac_muladd_8s_8s_19s_19_4_1_U1/pe_r0_0_mac_muladd_8s_8s_19s_19_4_1_DSP48_0_U/p_reg_reg.
DSP Report: register u/grp_pe_r0_0_Pipeline_l_S_k_0_k_fu_61/mac_muladd_8s_8s_19s_19_4_1_U1/pe_r0_0_mac_muladd_8s_8s_19s_19_4_1_DSP48_0_U/m_reg_reg is absorbed into DSP u/grp_pe_r0_0_Pipeline_l_S_k_0_k_fu_61/mac_muladd_8s_8s_19s_19_4_1_U1/pe_r0_0_mac_muladd_8s_8s_19s_19_4_1_DSP48_0_U/p_reg_reg.
DSP Report: operator u/grp_pe_r0_0_Pipeline_l_S_k_0_k_fu_61/mac_muladd_8s_8s_19s_19_4_1_U1/pe_r0_0_mac_muladd_8s_8s_19s_19_4_1_DSP48_0_U/p is absorbed into DSP u/grp_pe_r0_0_Pipeline_l_S_k_0_k_fu_61/mac_muladd_8s_8s_19s_19_4_1_U1/pe_r0_0_mac_muladd_8s_8s_19s_19_4_1_DSP48_0_U/p_reg_reg.
DSP Report: operator u/grp_pe_r0_0_Pipeline_l_S_k_0_k_fu_61/mac_muladd_8s_8s_19s_19_4_1_U1/pe_r0_0_mac_muladd_8s_8s_19s_19_4_1_DSP48_0_U/m is absorbed into DSP u/grp_pe_r0_0_Pipeline_l_S_k_0_k_fu_61/mac_muladd_8s_8s_19s_19_4_1_U1/pe_r0_0_mac_muladd_8s_8s_19s_19_4_1_DSP48_0_U/p_reg_reg.
DSP Report: Generating DSP u/grp_pe_r0_0_Pipeline_l_S_k_0_k_fu_61/mac_muladd_8s_8s_19s_19_4_1_U1/pe_r0_0_mac_muladd_8s_8s_19s_19_4_1_DSP48_0_U/p_reg_reg, operation Mode is: (P or C)+(A2*B2)'.
DSP Report: register u/grp_pe_r0_0_Pipeline_l_S_k_0_k_fu_61/mac_muladd_8s_8s_19s_19_4_1_U1/pe_r0_0_mac_muladd_8s_8s_19s_19_4_1_DSP48_0_U/b_reg_reg is absorbed into DSP u/grp_pe_r0_0_Pipeline_l_S_k_0_k_fu_61/mac_muladd_8s_8s_19s_19_4_1_U1/pe_r0_0_mac_muladd_8s_8s_19s_19_4_1_DSP48_0_U/p_reg_reg.
DSP Report: register u/grp_pe_r0_0_Pipeline_l_S_k_0_k_fu_61/mac_muladd_8s_8s_19s_19_4_1_U1/pe_r0_0_mac_muladd_8s_8s_19s_19_4_1_DSP48_0_U/a_reg_reg is absorbed into DSP u/grp_pe_r0_0_Pipeline_l_S_k_0_k_fu_61/mac_muladd_8s_8s_19s_19_4_1_U1/pe_r0_0_mac_muladd_8s_8s_19s_19_4_1_DSP48_0_U/p_reg_reg.
DSP Report: register u/grp_pe_r0_0_Pipeline_l_S_k_0_k_fu_61/mac_muladd_8s_8s_19s_19_4_1_U1/pe_r0_0_mac_muladd_8s_8s_19s_19_4_1_DSP48_0_U/p_reg_reg is absorbed into DSP u/grp_pe_r0_0_Pipeline_l_S_k_0_k_fu_61/mac_muladd_8s_8s_19s_19_4_1_U1/pe_r0_0_mac_muladd_8s_8s_19s_19_4_1_DSP48_0_U/p_reg_reg.
DSP Report: register u/grp_pe_r0_0_Pipeline_l_S_k_0_k_fu_61/mac_muladd_8s_8s_19s_19_4_1_U1/pe_r0_0_mac_muladd_8s_8s_19s_19_4_1_DSP48_0_U/m_reg_reg is absorbed into DSP u/grp_pe_r0_0_Pipeline_l_S_k_0_k_fu_61/mac_muladd_8s_8s_19s_19_4_1_U1/pe_r0_0_mac_muladd_8s_8s_19s_19_4_1_DSP48_0_U/p_reg_reg.
DSP Report: operator u/grp_pe_r0_0_Pipeline_l_S_k_0_k_fu_61/mac_muladd_8s_8s_19s_19_4_1_U1/pe_r0_0_mac_muladd_8s_8s_19s_19_4_1_DSP48_0_U/p is absorbed into DSP u/grp_pe_r0_0_Pipeline_l_S_k_0_k_fu_61/mac_muladd_8s_8s_19s_19_4_1_U1/pe_r0_0_mac_muladd_8s_8s_19s_19_4_1_DSP48_0_U/p_reg_reg.
DSP Report: operator u/grp_pe_r0_0_Pipeline_l_S_k_0_k_fu_61/mac_muladd_8s_8s_19s_19_4_1_U1/pe_r0_0_mac_muladd_8s_8s_19s_19_4_1_DSP48_0_U/m is absorbed into DSP u/grp_pe_r0_0_Pipeline_l_S_k_0_k_fu_61/mac_muladd_8s_8s_19s_19_4_1_U1/pe_r0_0_mac_muladd_8s_8s_19s_19_4_1_DSP48_0_U/p_reg_reg.
DSP Report: Generating DSP u/grp_pe_r0_0_Pipeline_l_S_k_0_k_fu_61/mac_muladd_8s_8s_19s_19_4_1_U1/pe_r0_0_mac_muladd_8s_8s_19s_19_4_1_DSP48_0_U/p_reg_reg, operation Mode is: (P or C)+(A2*B2)'.
DSP Report: register u/grp_pe_r0_0_Pipeline_l_S_k_0_k_fu_61/mac_muladd_8s_8s_19s_19_4_1_U1/pe_r0_0_mac_muladd_8s_8s_19s_19_4_1_DSP48_0_U/b_reg_reg is absorbed into DSP u/grp_pe_r0_0_Pipeline_l_S_k_0_k_fu_61/mac_muladd_8s_8s_19s_19_4_1_U1/pe_r0_0_mac_muladd_8s_8s_19s_19_4_1_DSP48_0_U/p_reg_reg.
DSP Report: register u/grp_pe_r0_0_Pipeline_l_S_k_0_k_fu_61/mac_muladd_8s_8s_19s_19_4_1_U1/pe_r0_0_mac_muladd_8s_8s_19s_19_4_1_DSP48_0_U/a_reg_reg is absorbed into DSP u/grp_pe_r0_0_Pipeline_l_S_k_0_k_fu_61/mac_muladd_8s_8s_19s_19_4_1_U1/pe_r0_0_mac_muladd_8s_8s_19s_19_4_1_DSP48_0_U/p_reg_reg.
DSP Report: register u/grp_pe_r0_0_Pipeline_l_S_k_0_k_fu_61/mac_muladd_8s_8s_19s_19_4_1_U1/pe_r0_0_mac_muladd_8s_8s_19s_19_4_1_DSP48_0_U/p_reg_reg is absorbed into DSP u/grp_pe_r0_0_Pipeline_l_S_k_0_k_fu_61/mac_muladd_8s_8s_19s_19_4_1_U1/pe_r0_0_mac_muladd_8s_8s_19s_19_4_1_DSP48_0_U/p_reg_reg.
DSP Report: register u/grp_pe_r0_0_Pipeline_l_S_k_0_k_fu_61/mac_muladd_8s_8s_19s_19_4_1_U1/pe_r0_0_mac_muladd_8s_8s_19s_19_4_1_DSP48_0_U/m_reg_reg is absorbed into DSP u/grp_pe_r0_0_Pipeline_l_S_k_0_k_fu_61/mac_muladd_8s_8s_19s_19_4_1_U1/pe_r0_0_mac_muladd_8s_8s_19s_19_4_1_DSP48_0_U/p_reg_reg.
DSP Report: operator u/grp_pe_r0_0_Pipeline_l_S_k_0_k_fu_61/mac_muladd_8s_8s_19s_19_4_1_U1/pe_r0_0_mac_muladd_8s_8s_19s_19_4_1_DSP48_0_U/p is absorbed into DSP u/grp_pe_r0_0_Pipeline_l_S_k_0_k_fu_61/mac_muladd_8s_8s_19s_19_4_1_U1/pe_r0_0_mac_muladd_8s_8s_19s_19_4_1_DSP48_0_U/p_reg_reg.
DSP Report: operator u/grp_pe_r0_0_Pipeline_l_S_k_0_k_fu_61/mac_muladd_8s_8s_19s_19_4_1_U1/pe_r0_0_mac_muladd_8s_8s_19s_19_4_1_DSP48_0_U/m is absorbed into DSP u/grp_pe_r0_0_Pipeline_l_S_k_0_k_fu_61/mac_muladd_8s_8s_19s_19_4_1_U1/pe_r0_0_mac_muladd_8s_8s_19s_19_4_1_DSP48_0_U/p_reg_reg.
DSP Report: Generating DSP u/grp_pe_r0_0_Pipeline_l_S_k_0_k_fu_61/mac_muladd_8s_8s_19s_19_4_1_U1/pe_r0_0_mac_muladd_8s_8s_19s_19_4_1_DSP48_0_U/p_reg_reg, operation Mode is: (P or C)+(A2*B2)'.
DSP Report: register u/grp_pe_r0_0_Pipeline_l_S_k_0_k_fu_61/mac_muladd_8s_8s_19s_19_4_1_U1/pe_r0_0_mac_muladd_8s_8s_19s_19_4_1_DSP48_0_U/b_reg_reg is absorbed into DSP u/grp_pe_r0_0_Pipeline_l_S_k_0_k_fu_61/mac_muladd_8s_8s_19s_19_4_1_U1/pe_r0_0_mac_muladd_8s_8s_19s_19_4_1_DSP48_0_U/p_reg_reg.
DSP Report: register u/grp_pe_r0_0_Pipeline_l_S_k_0_k_fu_61/mac_muladd_8s_8s_19s_19_4_1_U1/pe_r0_0_mac_muladd_8s_8s_19s_19_4_1_DSP48_0_U/a_reg_reg is absorbed into DSP u/grp_pe_r0_0_Pipeline_l_S_k_0_k_fu_61/mac_muladd_8s_8s_19s_19_4_1_U1/pe_r0_0_mac_muladd_8s_8s_19s_19_4_1_DSP48_0_U/p_reg_reg.
DSP Report: register u/grp_pe_r0_0_Pipeline_l_S_k_0_k_fu_61/mac_muladd_8s_8s_19s_19_4_1_U1/pe_r0_0_mac_muladd_8s_8s_19s_19_4_1_DSP48_0_U/p_reg_reg is absorbed into DSP u/grp_pe_r0_0_Pipeline_l_S_k_0_k_fu_61/mac_muladd_8s_8s_19s_19_4_1_U1/pe_r0_0_mac_muladd_8s_8s_19s_19_4_1_DSP48_0_U/p_reg_reg.
DSP Report: register u/grp_pe_r0_0_Pipeline_l_S_k_0_k_fu_61/mac_muladd_8s_8s_19s_19_4_1_U1/pe_r0_0_mac_muladd_8s_8s_19s_19_4_1_DSP48_0_U/m_reg_reg is absorbed into DSP u/grp_pe_r0_0_Pipeline_l_S_k_0_k_fu_61/mac_muladd_8s_8s_19s_19_4_1_U1/pe_r0_0_mac_muladd_8s_8s_19s_19_4_1_DSP48_0_U/p_reg_reg.
DSP Report: operator u/grp_pe_r0_0_Pipeline_l_S_k_0_k_fu_61/mac_muladd_8s_8s_19s_19_4_1_U1/pe_r0_0_mac_muladd_8s_8s_19s_19_4_1_DSP48_0_U/p is absorbed into DSP u/grp_pe_r0_0_Pipeline_l_S_k_0_k_fu_61/mac_muladd_8s_8s_19s_19_4_1_U1/pe_r0_0_mac_muladd_8s_8s_19s_19_4_1_DSP48_0_U/p_reg_reg.
DSP Report: operator u/grp_pe_r0_0_Pipeline_l_S_k_0_k_fu_61/mac_muladd_8s_8s_19s_19_4_1_U1/pe_r0_0_mac_muladd_8s_8s_19s_19_4_1_DSP48_0_U/m is absorbed into DSP u/grp_pe_r0_0_Pipeline_l_S_k_0_k_fu_61/mac_muladd_8s_8s_19s_19_4_1_U1/pe_r0_0_mac_muladd_8s_8s_19s_19_4_1_DSP48_0_U/p_reg_reg.
DSP Report: Generating DSP u/grp_pe_r0_0_Pipeline_l_S_k_0_k_fu_61/mac_muladd_8s_8s_19s_19_4_1_U1/pe_r0_0_mac_muladd_8s_8s_19s_19_4_1_DSP48_0_U/p_reg_reg, operation Mode is: (P or C)+(A2*B2)'.
DSP Report: register u/grp_pe_r0_0_Pipeline_l_S_k_0_k_fu_61/mac_muladd_8s_8s_19s_19_4_1_U1/pe_r0_0_mac_muladd_8s_8s_19s_19_4_1_DSP48_0_U/b_reg_reg is absorbed into DSP u/grp_pe_r0_0_Pipeline_l_S_k_0_k_fu_61/mac_muladd_8s_8s_19s_19_4_1_U1/pe_r0_0_mac_muladd_8s_8s_19s_19_4_1_DSP48_0_U/p_reg_reg.
DSP Report: register u/grp_pe_r0_0_Pipeline_l_S_k_0_k_fu_61/mac_muladd_8s_8s_19s_19_4_1_U1/pe_r0_0_mac_muladd_8s_8s_19s_19_4_1_DSP48_0_U/a_reg_reg is absorbed into DSP u/grp_pe_r0_0_Pipeline_l_S_k_0_k_fu_61/mac_muladd_8s_8s_19s_19_4_1_U1/pe_r0_0_mac_muladd_8s_8s_19s_19_4_1_DSP48_0_U/p_reg_reg.
DSP Report: register u/grp_pe_r0_0_Pipeline_l_S_k_0_k_fu_61/mac_muladd_8s_8s_19s_19_4_1_U1/pe_r0_0_mac_muladd_8s_8s_19s_19_4_1_DSP48_0_U/p_reg_reg is absorbed into DSP u/grp_pe_r0_0_Pipeline_l_S_k_0_k_fu_61/mac_muladd_8s_8s_19s_19_4_1_U1/pe_r0_0_mac_muladd_8s_8s_19s_19_4_1_DSP48_0_U/p_reg_reg.
DSP Report: register u/grp_pe_r0_0_Pipeline_l_S_k_0_k_fu_61/mac_muladd_8s_8s_19s_19_4_1_U1/pe_r0_0_mac_muladd_8s_8s_19s_19_4_1_DSP48_0_U/m_reg_reg is absorbed into DSP u/grp_pe_r0_0_Pipeline_l_S_k_0_k_fu_61/mac_muladd_8s_8s_19s_19_4_1_U1/pe_r0_0_mac_muladd_8s_8s_19s_19_4_1_DSP48_0_U/p_reg_reg.
DSP Report: operator u/grp_pe_r0_0_Pipeline_l_S_k_0_k_fu_61/mac_muladd_8s_8s_19s_19_4_1_U1/pe_r0_0_mac_muladd_8s_8s_19s_19_4_1_DSP48_0_U/p is absorbed into DSP u/grp_pe_r0_0_Pipeline_l_S_k_0_k_fu_61/mac_muladd_8s_8s_19s_19_4_1_U1/pe_r0_0_mac_muladd_8s_8s_19s_19_4_1_DSP48_0_U/p_reg_reg.
DSP Report: operator u/grp_pe_r0_0_Pipeline_l_S_k_0_k_fu_61/mac_muladd_8s_8s_19s_19_4_1_U1/pe_r0_0_mac_muladd_8s_8s_19s_19_4_1_DSP48_0_U/m is absorbed into DSP u/grp_pe_r0_0_Pipeline_l_S_k_0_k_fu_61/mac_muladd_8s_8s_19s_19_4_1_U1/pe_r0_0_mac_muladd_8s_8s_19s_19_4_1_DSP48_0_U/p_reg_reg.
DSP Report: Generating DSP u/grp_pe_r0_0_Pipeline_l_S_k_0_k_fu_61/mac_muladd_8s_8s_19s_19_4_1_U1/pe_r0_0_mac_muladd_8s_8s_19s_19_4_1_DSP48_0_U/p_reg_reg, operation Mode is: (P or C)+(A2*B2)'.
DSP Report: register u/grp_pe_r0_0_Pipeline_l_S_k_0_k_fu_61/mac_muladd_8s_8s_19s_19_4_1_U1/pe_r0_0_mac_muladd_8s_8s_19s_19_4_1_DSP48_0_U/b_reg_reg is absorbed into DSP u/grp_pe_r0_0_Pipeline_l_S_k_0_k_fu_61/mac_muladd_8s_8s_19s_19_4_1_U1/pe_r0_0_mac_muladd_8s_8s_19s_19_4_1_DSP48_0_U/p_reg_reg.
DSP Report: register u/grp_pe_r0_0_Pipeline_l_S_k_0_k_fu_61/mac_muladd_8s_8s_19s_19_4_1_U1/pe_r0_0_mac_muladd_8s_8s_19s_19_4_1_DSP48_0_U/a_reg_reg is absorbed into DSP u/grp_pe_r0_0_Pipeline_l_S_k_0_k_fu_61/mac_muladd_8s_8s_19s_19_4_1_U1/pe_r0_0_mac_muladd_8s_8s_19s_19_4_1_DSP48_0_U/p_reg_reg.
DSP Report: register u/grp_pe_r0_0_Pipeline_l_S_k_0_k_fu_61/mac_muladd_8s_8s_19s_19_4_1_U1/pe_r0_0_mac_muladd_8s_8s_19s_19_4_1_DSP48_0_U/p_reg_reg is absorbed into DSP u/grp_pe_r0_0_Pipeline_l_S_k_0_k_fu_61/mac_muladd_8s_8s_19s_19_4_1_U1/pe_r0_0_mac_muladd_8s_8s_19s_19_4_1_DSP48_0_U/p_reg_reg.
DSP Report: register u/grp_pe_r0_0_Pipeline_l_S_k_0_k_fu_61/mac_muladd_8s_8s_19s_19_4_1_U1/pe_r0_0_mac_muladd_8s_8s_19s_19_4_1_DSP48_0_U/m_reg_reg is absorbed into DSP u/grp_pe_r0_0_Pipeline_l_S_k_0_k_fu_61/mac_muladd_8s_8s_19s_19_4_1_U1/pe_r0_0_mac_muladd_8s_8s_19s_19_4_1_DSP48_0_U/p_reg_reg.
DSP Report: operator u/grp_pe_r0_0_Pipeline_l_S_k_0_k_fu_61/mac_muladd_8s_8s_19s_19_4_1_U1/pe_r0_0_mac_muladd_8s_8s_19s_19_4_1_DSP48_0_U/p is absorbed into DSP u/grp_pe_r0_0_Pipeline_l_S_k_0_k_fu_61/mac_muladd_8s_8s_19s_19_4_1_U1/pe_r0_0_mac_muladd_8s_8s_19s_19_4_1_DSP48_0_U/p_reg_reg.
DSP Report: operator u/grp_pe_r0_0_Pipeline_l_S_k_0_k_fu_61/mac_muladd_8s_8s_19s_19_4_1_U1/pe_r0_0_mac_muladd_8s_8s_19s_19_4_1_DSP48_0_U/m is absorbed into DSP u/grp_pe_r0_0_Pipeline_l_S_k_0_k_fu_61/mac_muladd_8s_8s_19s_19_4_1_U1/pe_r0_0_mac_muladd_8s_8s_19s_19_4_1_DSP48_0_U/p_reg_reg.
DSP Report: Generating DSP u/grp_pe_r0_0_Pipeline_l_S_k_0_k_fu_61/mac_muladd_8s_8s_19s_19_4_1_U1/pe_r0_0_mac_muladd_8s_8s_19s_19_4_1_DSP48_0_U/p_reg_reg, operation Mode is: (P or C)+(A2*B2)'.
DSP Report: register u/grp_pe_r0_0_Pipeline_l_S_k_0_k_fu_61/mac_muladd_8s_8s_19s_19_4_1_U1/pe_r0_0_mac_muladd_8s_8s_19s_19_4_1_DSP48_0_U/b_reg_reg is absorbed into DSP u/grp_pe_r0_0_Pipeline_l_S_k_0_k_fu_61/mac_muladd_8s_8s_19s_19_4_1_U1/pe_r0_0_mac_muladd_8s_8s_19s_19_4_1_DSP48_0_U/p_reg_reg.
DSP Report: register u/grp_pe_r0_0_Pipeline_l_S_k_0_k_fu_61/mac_muladd_8s_8s_19s_19_4_1_U1/pe_r0_0_mac_muladd_8s_8s_19s_19_4_1_DSP48_0_U/a_reg_reg is absorbed into DSP u/grp_pe_r0_0_Pipeline_l_S_k_0_k_fu_61/mac_muladd_8s_8s_19s_19_4_1_U1/pe_r0_0_mac_muladd_8s_8s_19s_19_4_1_DSP48_0_U/p_reg_reg.
DSP Report: register u/grp_pe_r0_0_Pipeline_l_S_k_0_k_fu_61/mac_muladd_8s_8s_19s_19_4_1_U1/pe_r0_0_mac_muladd_8s_8s_19s_19_4_1_DSP48_0_U/p_reg_reg is absorbed into DSP u/grp_pe_r0_0_Pipeline_l_S_k_0_k_fu_61/mac_muladd_8s_8s_19s_19_4_1_U1/pe_r0_0_mac_muladd_8s_8s_19s_19_4_1_DSP48_0_U/p_reg_reg.
DSP Report: register u/grp_pe_r0_0_Pipeline_l_S_k_0_k_fu_61/mac_muladd_8s_8s_19s_19_4_1_U1/pe_r0_0_mac_muladd_8s_8s_19s_19_4_1_DSP48_0_U/m_reg_reg is absorbed into DSP u/grp_pe_r0_0_Pipeline_l_S_k_0_k_fu_61/mac_muladd_8s_8s_19s_19_4_1_U1/pe_r0_0_mac_muladd_8s_8s_19s_19_4_1_DSP48_0_U/p_reg_reg.
DSP Report: operator u/grp_pe_r0_0_Pipeline_l_S_k_0_k_fu_61/mac_muladd_8s_8s_19s_19_4_1_U1/pe_r0_0_mac_muladd_8s_8s_19s_19_4_1_DSP48_0_U/p is absorbed into DSP u/grp_pe_r0_0_Pipeline_l_S_k_0_k_fu_61/mac_muladd_8s_8s_19s_19_4_1_U1/pe_r0_0_mac_muladd_8s_8s_19s_19_4_1_DSP48_0_U/p_reg_reg.
DSP Report: operator u/grp_pe_r0_0_Pipeline_l_S_k_0_k_fu_61/mac_muladd_8s_8s_19s_19_4_1_U1/pe_r0_0_mac_muladd_8s_8s_19s_19_4_1_DSP48_0_U/m is absorbed into DSP u/grp_pe_r0_0_Pipeline_l_S_k_0_k_fu_61/mac_muladd_8s_8s_19s_19_4_1_U1/pe_r0_0_mac_muladd_8s_8s_19s_19_4_1_DSP48_0_U/p_reg_reg.
DSP Report: Generating DSP u/grp_pe_r0_0_Pipeline_l_S_k_0_k_fu_61/mac_muladd_8s_8s_19s_19_4_1_U1/pe_r0_0_mac_muladd_8s_8s_19s_19_4_1_DSP48_0_U/p_reg_reg, operation Mode is: (P or C)+(A2*B2)'.
DSP Report: register u/grp_pe_r0_0_Pipeline_l_S_k_0_k_fu_61/mac_muladd_8s_8s_19s_19_4_1_U1/pe_r0_0_mac_muladd_8s_8s_19s_19_4_1_DSP48_0_U/b_reg_reg is absorbed into DSP u/grp_pe_r0_0_Pipeline_l_S_k_0_k_fu_61/mac_muladd_8s_8s_19s_19_4_1_U1/pe_r0_0_mac_muladd_8s_8s_19s_19_4_1_DSP48_0_U/p_reg_reg.
DSP Report: register u/grp_pe_r0_0_Pipeline_l_S_k_0_k_fu_61/mac_muladd_8s_8s_19s_19_4_1_U1/pe_r0_0_mac_muladd_8s_8s_19s_19_4_1_DSP48_0_U/a_reg_reg is absorbed into DSP u/grp_pe_r0_0_Pipeline_l_S_k_0_k_fu_61/mac_muladd_8s_8s_19s_19_4_1_U1/pe_r0_0_mac_muladd_8s_8s_19s_19_4_1_DSP48_0_U/p_reg_reg.
DSP Report: register u/grp_pe_r0_0_Pipeline_l_S_k_0_k_fu_61/mac_muladd_8s_8s_19s_19_4_1_U1/pe_r0_0_mac_muladd_8s_8s_19s_19_4_1_DSP48_0_U/p_reg_reg is absorbed into DSP u/grp_pe_r0_0_Pipeline_l_S_k_0_k_fu_61/mac_muladd_8s_8s_19s_19_4_1_U1/pe_r0_0_mac_muladd_8s_8s_19s_19_4_1_DSP48_0_U/p_reg_reg.
DSP Report: register u/grp_pe_r0_0_Pipeline_l_S_k_0_k_fu_61/mac_muladd_8s_8s_19s_19_4_1_U1/pe_r0_0_mac_muladd_8s_8s_19s_19_4_1_DSP48_0_U/m_reg_reg is absorbed into DSP u/grp_pe_r0_0_Pipeline_l_S_k_0_k_fu_61/mac_muladd_8s_8s_19s_19_4_1_U1/pe_r0_0_mac_muladd_8s_8s_19s_19_4_1_DSP48_0_U/p_reg_reg.
DSP Report: operator u/grp_pe_r0_0_Pipeline_l_S_k_0_k_fu_61/mac_muladd_8s_8s_19s_19_4_1_U1/pe_r0_0_mac_muladd_8s_8s_19s_19_4_1_DSP48_0_U/p is absorbed into DSP u/grp_pe_r0_0_Pipeline_l_S_k_0_k_fu_61/mac_muladd_8s_8s_19s_19_4_1_U1/pe_r0_0_mac_muladd_8s_8s_19s_19_4_1_DSP48_0_U/p_reg_reg.
DSP Report: operator u/grp_pe_r0_0_Pipeline_l_S_k_0_k_fu_61/mac_muladd_8s_8s_19s_19_4_1_U1/pe_r0_0_mac_muladd_8s_8s_19s_19_4_1_DSP48_0_U/m is absorbed into DSP u/grp_pe_r0_0_Pipeline_l_S_k_0_k_fu_61/mac_muladd_8s_8s_19s_19_4_1_U1/pe_r0_0_mac_muladd_8s_8s_19s_19_4_1_DSP48_0_U/p_reg_reg.
DSP Report: Generating DSP u/grp_pe_r0_0_Pipeline_l_S_k_0_k_fu_61/mac_muladd_8s_8s_19s_19_4_1_U1/pe_r0_0_mac_muladd_8s_8s_19s_19_4_1_DSP48_0_U/p_reg_reg, operation Mode is: (P or C)+(A2*B2)'.
DSP Report: register u/grp_pe_r0_0_Pipeline_l_S_k_0_k_fu_61/mac_muladd_8s_8s_19s_19_4_1_U1/pe_r0_0_mac_muladd_8s_8s_19s_19_4_1_DSP48_0_U/b_reg_reg is absorbed into DSP u/grp_pe_r0_0_Pipeline_l_S_k_0_k_fu_61/mac_muladd_8s_8s_19s_19_4_1_U1/pe_r0_0_mac_muladd_8s_8s_19s_19_4_1_DSP48_0_U/p_reg_reg.
DSP Report: register u/grp_pe_r0_0_Pipeline_l_S_k_0_k_fu_61/mac_muladd_8s_8s_19s_19_4_1_U1/pe_r0_0_mac_muladd_8s_8s_19s_19_4_1_DSP48_0_U/a_reg_reg is absorbed into DSP u/grp_pe_r0_0_Pipeline_l_S_k_0_k_fu_61/mac_muladd_8s_8s_19s_19_4_1_U1/pe_r0_0_mac_muladd_8s_8s_19s_19_4_1_DSP48_0_U/p_reg_reg.
DSP Report: register u/grp_pe_r0_0_Pipeline_l_S_k_0_k_fu_61/mac_muladd_8s_8s_19s_19_4_1_U1/pe_r0_0_mac_muladd_8s_8s_19s_19_4_1_DSP48_0_U/p_reg_reg is absorbed into DSP u/grp_pe_r0_0_Pipeline_l_S_k_0_k_fu_61/mac_muladd_8s_8s_19s_19_4_1_U1/pe_r0_0_mac_muladd_8s_8s_19s_19_4_1_DSP48_0_U/p_reg_reg.
DSP Report: register u/grp_pe_r0_0_Pipeline_l_S_k_0_k_fu_61/mac_muladd_8s_8s_19s_19_4_1_U1/pe_r0_0_mac_muladd_8s_8s_19s_19_4_1_DSP48_0_U/m_reg_reg is absorbed into DSP u/grp_pe_r0_0_Pipeline_l_S_k_0_k_fu_61/mac_muladd_8s_8s_19s_19_4_1_U1/pe_r0_0_mac_muladd_8s_8s_19s_19_4_1_DSP48_0_U/p_reg_reg.
DSP Report: operator u/grp_pe_r0_0_Pipeline_l_S_k_0_k_fu_61/mac_muladd_8s_8s_19s_19_4_1_U1/pe_r0_0_mac_muladd_8s_8s_19s_19_4_1_DSP48_0_U/p is absorbed into DSP u/grp_pe_r0_0_Pipeline_l_S_k_0_k_fu_61/mac_muladd_8s_8s_19s_19_4_1_U1/pe_r0_0_mac_muladd_8s_8s_19s_19_4_1_DSP48_0_U/p_reg_reg.
DSP Report: operator u/grp_pe_r0_0_Pipeline_l_S_k_0_k_fu_61/mac_muladd_8s_8s_19s_19_4_1_U1/pe_r0_0_mac_muladd_8s_8s_19s_19_4_1_DSP48_0_U/m is absorbed into DSP u/grp_pe_r0_0_Pipeline_l_S_k_0_k_fu_61/mac_muladd_8s_8s_19s_19_4_1_U1/pe_r0_0_mac_muladd_8s_8s_19s_19_4_1_DSP48_0_U/p_reg_reg.
DSP Report: Generating DSP u/grp_pe_r0_0_Pipeline_l_S_k_0_k_fu_61/mac_muladd_8s_8s_19s_19_4_1_U1/pe_r0_0_mac_muladd_8s_8s_19s_19_4_1_DSP48_0_U/p_reg_reg, operation Mode is: (P or C)+(A2*B2)'.
DSP Report: register u/grp_pe_r0_0_Pipeline_l_S_k_0_k_fu_61/mac_muladd_8s_8s_19s_19_4_1_U1/pe_r0_0_mac_muladd_8s_8s_19s_19_4_1_DSP48_0_U/b_reg_reg is absorbed into DSP u/grp_pe_r0_0_Pipeline_l_S_k_0_k_fu_61/mac_muladd_8s_8s_19s_19_4_1_U1/pe_r0_0_mac_muladd_8s_8s_19s_19_4_1_DSP48_0_U/p_reg_reg.
DSP Report: register u/grp_pe_r0_0_Pipeline_l_S_k_0_k_fu_61/mac_muladd_8s_8s_19s_19_4_1_U1/pe_r0_0_mac_muladd_8s_8s_19s_19_4_1_DSP48_0_U/a_reg_reg is absorbed into DSP u/grp_pe_r0_0_Pipeline_l_S_k_0_k_fu_61/mac_muladd_8s_8s_19s_19_4_1_U1/pe_r0_0_mac_muladd_8s_8s_19s_19_4_1_DSP48_0_U/p_reg_reg.
DSP Report: register u/grp_pe_r0_0_Pipeline_l_S_k_0_k_fu_61/mac_muladd_8s_8s_19s_19_4_1_U1/pe_r0_0_mac_muladd_8s_8s_19s_19_4_1_DSP48_0_U/p_reg_reg is absorbed into DSP u/grp_pe_r0_0_Pipeline_l_S_k_0_k_fu_61/mac_muladd_8s_8s_19s_19_4_1_U1/pe_r0_0_mac_muladd_8s_8s_19s_19_4_1_DSP48_0_U/p_reg_reg.
DSP Report: register u/grp_pe_r0_0_Pipeline_l_S_k_0_k_fu_61/mac_muladd_8s_8s_19s_19_4_1_U1/pe_r0_0_mac_muladd_8s_8s_19s_19_4_1_DSP48_0_U/m_reg_reg is absorbed into DSP u/grp_pe_r0_0_Pipeline_l_S_k_0_k_fu_61/mac_muladd_8s_8s_19s_19_4_1_U1/pe_r0_0_mac_muladd_8s_8s_19s_19_4_1_DSP48_0_U/p_reg_reg.
DSP Report: operator u/grp_pe_r0_0_Pipeline_l_S_k_0_k_fu_61/mac_muladd_8s_8s_19s_19_4_1_U1/pe_r0_0_mac_muladd_8s_8s_19s_19_4_1_DSP48_0_U/p is absorbed into DSP u/grp_pe_r0_0_Pipeline_l_S_k_0_k_fu_61/mac_muladd_8s_8s_19s_19_4_1_U1/pe_r0_0_mac_muladd_8s_8s_19s_19_4_1_DSP48_0_U/p_reg_reg.
DSP Report: operator u/grp_pe_r0_0_Pipeline_l_S_k_0_k_fu_61/mac_muladd_8s_8s_19s_19_4_1_U1/pe_r0_0_mac_muladd_8s_8s_19s_19_4_1_DSP48_0_U/m is absorbed into DSP u/grp_pe_r0_0_Pipeline_l_S_k_0_k_fu_61/mac_muladd_8s_8s_19s_19_4_1_U1/pe_r0_0_mac_muladd_8s_8s_19s_19_4_1_DSP48_0_U/p_reg_reg.
DSP Report: Generating DSP u/grp_pe_r0_0_Pipeline_l_S_k_0_k_fu_61/mac_muladd_8s_8s_19s_19_4_1_U1/pe_r0_0_mac_muladd_8s_8s_19s_19_4_1_DSP48_0_U/p_reg_reg, operation Mode is: (P or C)+(A2*B2)'.
DSP Report: register u/grp_pe_r0_0_Pipeline_l_S_k_0_k_fu_61/mac_muladd_8s_8s_19s_19_4_1_U1/pe_r0_0_mac_muladd_8s_8s_19s_19_4_1_DSP48_0_U/b_reg_reg is absorbed into DSP u/grp_pe_r0_0_Pipeline_l_S_k_0_k_fu_61/mac_muladd_8s_8s_19s_19_4_1_U1/pe_r0_0_mac_muladd_8s_8s_19s_19_4_1_DSP48_0_U/p_reg_reg.
DSP Report: register u/grp_pe_r0_0_Pipeline_l_S_k_0_k_fu_61/mac_muladd_8s_8s_19s_19_4_1_U1/pe_r0_0_mac_muladd_8s_8s_19s_19_4_1_DSP48_0_U/a_reg_reg is absorbed into DSP u/grp_pe_r0_0_Pipeline_l_S_k_0_k_fu_61/mac_muladd_8s_8s_19s_19_4_1_U1/pe_r0_0_mac_muladd_8s_8s_19s_19_4_1_DSP48_0_U/p_reg_reg.
DSP Report: register u/grp_pe_r0_0_Pipeline_l_S_k_0_k_fu_61/mac_muladd_8s_8s_19s_19_4_1_U1/pe_r0_0_mac_muladd_8s_8s_19s_19_4_1_DSP48_0_U/p_reg_reg is absorbed into DSP u/grp_pe_r0_0_Pipeline_l_S_k_0_k_fu_61/mac_muladd_8s_8s_19s_19_4_1_U1/pe_r0_0_mac_muladd_8s_8s_19s_19_4_1_DSP48_0_U/p_reg_reg.
DSP Report: register u/grp_pe_r0_0_Pipeline_l_S_k_0_k_fu_61/mac_muladd_8s_8s_19s_19_4_1_U1/pe_r0_0_mac_muladd_8s_8s_19s_19_4_1_DSP48_0_U/m_reg_reg is absorbed into DSP u/grp_pe_r0_0_Pipeline_l_S_k_0_k_fu_61/mac_muladd_8s_8s_19s_19_4_1_U1/pe_r0_0_mac_muladd_8s_8s_19s_19_4_1_DSP48_0_U/p_reg_reg.
DSP Report: operator u/grp_pe_r0_0_Pipeline_l_S_k_0_k_fu_61/mac_muladd_8s_8s_19s_19_4_1_U1/pe_r0_0_mac_muladd_8s_8s_19s_19_4_1_DSP48_0_U/p is absorbed into DSP u/grp_pe_r0_0_Pipeline_l_S_k_0_k_fu_61/mac_muladd_8s_8s_19s_19_4_1_U1/pe_r0_0_mac_muladd_8s_8s_19s_19_4_1_DSP48_0_U/p_reg_reg.
DSP Report: operator u/grp_pe_r0_0_Pipeline_l_S_k_0_k_fu_61/mac_muladd_8s_8s_19s_19_4_1_U1/pe_r0_0_mac_muladd_8s_8s_19s_19_4_1_DSP48_0_U/m is absorbed into DSP u/grp_pe_r0_0_Pipeline_l_S_k_0_k_fu_61/mac_muladd_8s_8s_19s_19_4_1_U1/pe_r0_0_mac_muladd_8s_8s_19s_19_4_1_DSP48_0_U/p_reg_reg.
DSP Report: Generating DSP u/grp_pe_r0_0_Pipeline_l_S_k_0_k_fu_61/mac_muladd_8s_8s_19s_19_4_1_U1/pe_r0_0_mac_muladd_8s_8s_19s_19_4_1_DSP48_0_U/p_reg_reg, operation Mode is: (P or C)+(A2*B2)'.
DSP Report: register u/grp_pe_r0_0_Pipeline_l_S_k_0_k_fu_61/mac_muladd_8s_8s_19s_19_4_1_U1/pe_r0_0_mac_muladd_8s_8s_19s_19_4_1_DSP48_0_U/b_reg_reg is absorbed into DSP u/grp_pe_r0_0_Pipeline_l_S_k_0_k_fu_61/mac_muladd_8s_8s_19s_19_4_1_U1/pe_r0_0_mac_muladd_8s_8s_19s_19_4_1_DSP48_0_U/p_reg_reg.
DSP Report: register u/grp_pe_r0_0_Pipeline_l_S_k_0_k_fu_61/mac_muladd_8s_8s_19s_19_4_1_U1/pe_r0_0_mac_muladd_8s_8s_19s_19_4_1_DSP48_0_U/a_reg_reg is absorbed into DSP u/grp_pe_r0_0_Pipeline_l_S_k_0_k_fu_61/mac_muladd_8s_8s_19s_19_4_1_U1/pe_r0_0_mac_muladd_8s_8s_19s_19_4_1_DSP48_0_U/p_reg_reg.
DSP Report: register u/grp_pe_r0_0_Pipeline_l_S_k_0_k_fu_61/mac_muladd_8s_8s_19s_19_4_1_U1/pe_r0_0_mac_muladd_8s_8s_19s_19_4_1_DSP48_0_U/p_reg_reg is absorbed into DSP u/grp_pe_r0_0_Pipeline_l_S_k_0_k_fu_61/mac_muladd_8s_8s_19s_19_4_1_U1/pe_r0_0_mac_muladd_8s_8s_19s_19_4_1_DSP48_0_U/p_reg_reg.
DSP Report: register u/grp_pe_r0_0_Pipeline_l_S_k_0_k_fu_61/mac_muladd_8s_8s_19s_19_4_1_U1/pe_r0_0_mac_muladd_8s_8s_19s_19_4_1_DSP48_0_U/m_reg_reg is absorbed into DSP u/grp_pe_r0_0_Pipeline_l_S_k_0_k_fu_61/mac_muladd_8s_8s_19s_19_4_1_U1/pe_r0_0_mac_muladd_8s_8s_19s_19_4_1_DSP48_0_U/p_reg_reg.
DSP Report: operator u/grp_pe_r0_0_Pipeline_l_S_k_0_k_fu_61/mac_muladd_8s_8s_19s_19_4_1_U1/pe_r0_0_mac_muladd_8s_8s_19s_19_4_1_DSP48_0_U/p is absorbed into DSP u/grp_pe_r0_0_Pipeline_l_S_k_0_k_fu_61/mac_muladd_8s_8s_19s_19_4_1_U1/pe_r0_0_mac_muladd_8s_8s_19s_19_4_1_DSP48_0_U/p_reg_reg.
DSP Report: operator u/grp_pe_r0_0_Pipeline_l_S_k_0_k_fu_61/mac_muladd_8s_8s_19s_19_4_1_U1/pe_r0_0_mac_muladd_8s_8s_19s_19_4_1_DSP48_0_U/m is absorbed into DSP u/grp_pe_r0_0_Pipeline_l_S_k_0_k_fu_61/mac_muladd_8s_8s_19s_19_4_1_U1/pe_r0_0_mac_muladd_8s_8s_19s_19_4_1_DSP48_0_U/p_reg_reg.
DSP Report: Generating DSP u/grp_pe_r0_0_Pipeline_l_S_k_0_k_fu_61/mac_muladd_8s_8s_19s_19_4_1_U1/pe_r0_0_mac_muladd_8s_8s_19s_19_4_1_DSP48_0_U/p_reg_reg, operation Mode is: (P or C)+(A2*B2)'.
DSP Report: register u/grp_pe_r0_0_Pipeline_l_S_k_0_k_fu_61/mac_muladd_8s_8s_19s_19_4_1_U1/pe_r0_0_mac_muladd_8s_8s_19s_19_4_1_DSP48_0_U/b_reg_reg is absorbed into DSP u/grp_pe_r0_0_Pipeline_l_S_k_0_k_fu_61/mac_muladd_8s_8s_19s_19_4_1_U1/pe_r0_0_mac_muladd_8s_8s_19s_19_4_1_DSP48_0_U/p_reg_reg.
DSP Report: register u/grp_pe_r0_0_Pipeline_l_S_k_0_k_fu_61/mac_muladd_8s_8s_19s_19_4_1_U1/pe_r0_0_mac_muladd_8s_8s_19s_19_4_1_DSP48_0_U/a_reg_reg is absorbed into DSP u/grp_pe_r0_0_Pipeline_l_S_k_0_k_fu_61/mac_muladd_8s_8s_19s_19_4_1_U1/pe_r0_0_mac_muladd_8s_8s_19s_19_4_1_DSP48_0_U/p_reg_reg.
DSP Report: register u/grp_pe_r0_0_Pipeline_l_S_k_0_k_fu_61/mac_muladd_8s_8s_19s_19_4_1_U1/pe_r0_0_mac_muladd_8s_8s_19s_19_4_1_DSP48_0_U/p_reg_reg is absorbed into DSP u/grp_pe_r0_0_Pipeline_l_S_k_0_k_fu_61/mac_muladd_8s_8s_19s_19_4_1_U1/pe_r0_0_mac_muladd_8s_8s_19s_19_4_1_DSP48_0_U/p_reg_reg.
DSP Report: register u/grp_pe_r0_0_Pipeline_l_S_k_0_k_fu_61/mac_muladd_8s_8s_19s_19_4_1_U1/pe_r0_0_mac_muladd_8s_8s_19s_19_4_1_DSP48_0_U/m_reg_reg is absorbed into DSP u/grp_pe_r0_0_Pipeline_l_S_k_0_k_fu_61/mac_muladd_8s_8s_19s_19_4_1_U1/pe_r0_0_mac_muladd_8s_8s_19s_19_4_1_DSP48_0_U/p_reg_reg.
DSP Report: operator u/grp_pe_r0_0_Pipeline_l_S_k_0_k_fu_61/mac_muladd_8s_8s_19s_19_4_1_U1/pe_r0_0_mac_muladd_8s_8s_19s_19_4_1_DSP48_0_U/p is absorbed into DSP u/grp_pe_r0_0_Pipeline_l_S_k_0_k_fu_61/mac_muladd_8s_8s_19s_19_4_1_U1/pe_r0_0_mac_muladd_8s_8s_19s_19_4_1_DSP48_0_U/p_reg_reg.
DSP Report: operator u/grp_pe_r0_0_Pipeline_l_S_k_0_k_fu_61/mac_muladd_8s_8s_19s_19_4_1_U1/pe_r0_0_mac_muladd_8s_8s_19s_19_4_1_DSP48_0_U/m is absorbed into DSP u/grp_pe_r0_0_Pipeline_l_S_k_0_k_fu_61/mac_muladd_8s_8s_19s_19_4_1_U1/pe_r0_0_mac_muladd_8s_8s_19s_19_4_1_DSP48_0_U/p_reg_reg.
DSP Report: Generating DSP u/grp_pe_r0_0_Pipeline_l_S_k_0_k_fu_61/mac_muladd_8s_8s_19s_19_4_1_U1/pe_r0_0_mac_muladd_8s_8s_19s_19_4_1_DSP48_0_U/p_reg_reg, operation Mode is: (P or C)+(A2*B2)'.
DSP Report: register u/grp_pe_r0_0_Pipeline_l_S_k_0_k_fu_61/mac_muladd_8s_8s_19s_19_4_1_U1/pe_r0_0_mac_muladd_8s_8s_19s_19_4_1_DSP48_0_U/b_reg_reg is absorbed into DSP u/grp_pe_r0_0_Pipeline_l_S_k_0_k_fu_61/mac_muladd_8s_8s_19s_19_4_1_U1/pe_r0_0_mac_muladd_8s_8s_19s_19_4_1_DSP48_0_U/p_reg_reg.
DSP Report: register u/grp_pe_r0_0_Pipeline_l_S_k_0_k_fu_61/mac_muladd_8s_8s_19s_19_4_1_U1/pe_r0_0_mac_muladd_8s_8s_19s_19_4_1_DSP48_0_U/a_reg_reg is absorbed into DSP u/grp_pe_r0_0_Pipeline_l_S_k_0_k_fu_61/mac_muladd_8s_8s_19s_19_4_1_U1/pe_r0_0_mac_muladd_8s_8s_19s_19_4_1_DSP48_0_U/p_reg_reg.
DSP Report: register u/grp_pe_r0_0_Pipeline_l_S_k_0_k_fu_61/mac_muladd_8s_8s_19s_19_4_1_U1/pe_r0_0_mac_muladd_8s_8s_19s_19_4_1_DSP48_0_U/p_reg_reg is absorbed into DSP u/grp_pe_r0_0_Pipeline_l_S_k_0_k_fu_61/mac_muladd_8s_8s_19s_19_4_1_U1/pe_r0_0_mac_muladd_8s_8s_19s_19_4_1_DSP48_0_U/p_reg_reg.
DSP Report: register u/grp_pe_r0_0_Pipeline_l_S_k_0_k_fu_61/mac_muladd_8s_8s_19s_19_4_1_U1/pe_r0_0_mac_muladd_8s_8s_19s_19_4_1_DSP48_0_U/m_reg_reg is absorbed into DSP u/grp_pe_r0_0_Pipeline_l_S_k_0_k_fu_61/mac_muladd_8s_8s_19s_19_4_1_U1/pe_r0_0_mac_muladd_8s_8s_19s_19_4_1_DSP48_0_U/p_reg_reg.
DSP Report: operator u/grp_pe_r0_0_Pipeline_l_S_k_0_k_fu_61/mac_muladd_8s_8s_19s_19_4_1_U1/pe_r0_0_mac_muladd_8s_8s_19s_19_4_1_DSP48_0_U/p is absorbed into DSP u/grp_pe_r0_0_Pipeline_l_S_k_0_k_fu_61/mac_muladd_8s_8s_19s_19_4_1_U1/pe_r0_0_mac_muladd_8s_8s_19s_19_4_1_DSP48_0_U/p_reg_reg.
DSP Report: operator u/grp_pe_r0_0_Pipeline_l_S_k_0_k_fu_61/mac_muladd_8s_8s_19s_19_4_1_U1/pe_r0_0_mac_muladd_8s_8s_19s_19_4_1_DSP48_0_U/m is absorbed into DSP u/grp_pe_r0_0_Pipeline_l_S_k_0_k_fu_61/mac_muladd_8s_8s_19s_19_4_1_U1/pe_r0_0_mac_muladd_8s_8s_19s_19_4_1_DSP48_0_U/p_reg_reg.
DSP Report: Generating DSP u/grp_pe_r0_0_Pipeline_l_S_k_0_k_fu_61/mac_muladd_8s_8s_19s_19_4_1_U1/pe_r0_0_mac_muladd_8s_8s_19s_19_4_1_DSP48_0_U/p_reg_reg, operation Mode is: (P or C)+(A2*B2)'.
DSP Report: register u/grp_pe_r0_0_Pipeline_l_S_k_0_k_fu_61/mac_muladd_8s_8s_19s_19_4_1_U1/pe_r0_0_mac_muladd_8s_8s_19s_19_4_1_DSP48_0_U/b_reg_reg is absorbed into DSP u/grp_pe_r0_0_Pipeline_l_S_k_0_k_fu_61/mac_muladd_8s_8s_19s_19_4_1_U1/pe_r0_0_mac_muladd_8s_8s_19s_19_4_1_DSP48_0_U/p_reg_reg.
DSP Report: register u/grp_pe_r0_0_Pipeline_l_S_k_0_k_fu_61/mac_muladd_8s_8s_19s_19_4_1_U1/pe_r0_0_mac_muladd_8s_8s_19s_19_4_1_DSP48_0_U/a_reg_reg is absorbed into DSP u/grp_pe_r0_0_Pipeline_l_S_k_0_k_fu_61/mac_muladd_8s_8s_19s_19_4_1_U1/pe_r0_0_mac_muladd_8s_8s_19s_19_4_1_DSP48_0_U/p_reg_reg.
DSP Report: register u/grp_pe_r0_0_Pipeline_l_S_k_0_k_fu_61/mac_muladd_8s_8s_19s_19_4_1_U1/pe_r0_0_mac_muladd_8s_8s_19s_19_4_1_DSP48_0_U/p_reg_reg is absorbed into DSP u/grp_pe_r0_0_Pipeline_l_S_k_0_k_fu_61/mac_muladd_8s_8s_19s_19_4_1_U1/pe_r0_0_mac_muladd_8s_8s_19s_19_4_1_DSP48_0_U/p_reg_reg.
DSP Report: register u/grp_pe_r0_0_Pipeline_l_S_k_0_k_fu_61/mac_muladd_8s_8s_19s_19_4_1_U1/pe_r0_0_mac_muladd_8s_8s_19s_19_4_1_DSP48_0_U/m_reg_reg is absorbed into DSP u/grp_pe_r0_0_Pipeline_l_S_k_0_k_fu_61/mac_muladd_8s_8s_19s_19_4_1_U1/pe_r0_0_mac_muladd_8s_8s_19s_19_4_1_DSP48_0_U/p_reg_reg.
DSP Report: operator u/grp_pe_r0_0_Pipeline_l_S_k_0_k_fu_61/mac_muladd_8s_8s_19s_19_4_1_U1/pe_r0_0_mac_muladd_8s_8s_19s_19_4_1_DSP48_0_U/p is absorbed into DSP u/grp_pe_r0_0_Pipeline_l_S_k_0_k_fu_61/mac_muladd_8s_8s_19s_19_4_1_U1/pe_r0_0_mac_muladd_8s_8s_19s_19_4_1_DSP48_0_U/p_reg_reg.
DSP Report: operator u/grp_pe_r0_0_Pipeline_l_S_k_0_k_fu_61/mac_muladd_8s_8s_19s_19_4_1_U1/pe_r0_0_mac_muladd_8s_8s_19s_19_4_1_DSP48_0_U/m is absorbed into DSP u/grp_pe_r0_0_Pipeline_l_S_k_0_k_fu_61/mac_muladd_8s_8s_19s_19_4_1_U1/pe_r0_0_mac_muladd_8s_8s_19s_19_4_1_DSP48_0_U/p_reg_reg.
DSP Report: Generating DSP u/grp_pe_r0_0_Pipeline_l_S_k_0_k_fu_61/mac_muladd_8s_8s_19s_19_4_1_U1/pe_r0_0_mac_muladd_8s_8s_19s_19_4_1_DSP48_0_U/p_reg_reg, operation Mode is: (P or C)+(A2*B2)'.
DSP Report: register u/grp_pe_r0_0_Pipeline_l_S_k_0_k_fu_61/mac_muladd_8s_8s_19s_19_4_1_U1/pe_r0_0_mac_muladd_8s_8s_19s_19_4_1_DSP48_0_U/b_reg_reg is absorbed into DSP u/grp_pe_r0_0_Pipeline_l_S_k_0_k_fu_61/mac_muladd_8s_8s_19s_19_4_1_U1/pe_r0_0_mac_muladd_8s_8s_19s_19_4_1_DSP48_0_U/p_reg_reg.
DSP Report: register u/grp_pe_r0_0_Pipeline_l_S_k_0_k_fu_61/mac_muladd_8s_8s_19s_19_4_1_U1/pe_r0_0_mac_muladd_8s_8s_19s_19_4_1_DSP48_0_U/a_reg_reg is absorbed into DSP u/grp_pe_r0_0_Pipeline_l_S_k_0_k_fu_61/mac_muladd_8s_8s_19s_19_4_1_U1/pe_r0_0_mac_muladd_8s_8s_19s_19_4_1_DSP48_0_U/p_reg_reg.
DSP Report: register u/grp_pe_r0_0_Pipeline_l_S_k_0_k_fu_61/mac_muladd_8s_8s_19s_19_4_1_U1/pe_r0_0_mac_muladd_8s_8s_19s_19_4_1_DSP48_0_U/p_reg_reg is absorbed into DSP u/grp_pe_r0_0_Pipeline_l_S_k_0_k_fu_61/mac_muladd_8s_8s_19s_19_4_1_U1/pe_r0_0_mac_muladd_8s_8s_19s_19_4_1_DSP48_0_U/p_reg_reg.
DSP Report: register u/grp_pe_r0_0_Pipeline_l_S_k_0_k_fu_61/mac_muladd_8s_8s_19s_19_4_1_U1/pe_r0_0_mac_muladd_8s_8s_19s_19_4_1_DSP48_0_U/m_reg_reg is absorbed into DSP u/grp_pe_r0_0_Pipeline_l_S_k_0_k_fu_61/mac_muladd_8s_8s_19s_19_4_1_U1/pe_r0_0_mac_muladd_8s_8s_19s_19_4_1_DSP48_0_U/p_reg_reg.
DSP Report: operator u/grp_pe_r0_0_Pipeline_l_S_k_0_k_fu_61/mac_muladd_8s_8s_19s_19_4_1_U1/pe_r0_0_mac_muladd_8s_8s_19s_19_4_1_DSP48_0_U/p is absorbed into DSP u/grp_pe_r0_0_Pipeline_l_S_k_0_k_fu_61/mac_muladd_8s_8s_19s_19_4_1_U1/pe_r0_0_mac_muladd_8s_8s_19s_19_4_1_DSP48_0_U/p_reg_reg.
DSP Report: operator u/grp_pe_r0_0_Pipeline_l_S_k_0_k_fu_61/mac_muladd_8s_8s_19s_19_4_1_U1/pe_r0_0_mac_muladd_8s_8s_19s_19_4_1_DSP48_0_U/m is absorbed into DSP u/grp_pe_r0_0_Pipeline_l_S_k_0_k_fu_61/mac_muladd_8s_8s_19s_19_4_1_U1/pe_r0_0_mac_muladd_8s_8s_19s_19_4_1_DSP48_0_U/p_reg_reg.
DSP Report: Generating DSP u/grp_pe_r0_0_Pipeline_l_S_k_0_k_fu_61/mac_muladd_8s_8s_19s_19_4_1_U1/pe_r0_0_mac_muladd_8s_8s_19s_19_4_1_DSP48_0_U/p_reg_reg, operation Mode is: (P or C)+(A2*B2)'.
DSP Report: register u/grp_pe_r0_0_Pipeline_l_S_k_0_k_fu_61/mac_muladd_8s_8s_19s_19_4_1_U1/pe_r0_0_mac_muladd_8s_8s_19s_19_4_1_DSP48_0_U/b_reg_reg is absorbed into DSP u/grp_pe_r0_0_Pipeline_l_S_k_0_k_fu_61/mac_muladd_8s_8s_19s_19_4_1_U1/pe_r0_0_mac_muladd_8s_8s_19s_19_4_1_DSP48_0_U/p_reg_reg.
DSP Report: register u/grp_pe_r0_0_Pipeline_l_S_k_0_k_fu_61/mac_muladd_8s_8s_19s_19_4_1_U1/pe_r0_0_mac_muladd_8s_8s_19s_19_4_1_DSP48_0_U/a_reg_reg is absorbed into DSP u/grp_pe_r0_0_Pipeline_l_S_k_0_k_fu_61/mac_muladd_8s_8s_19s_19_4_1_U1/pe_r0_0_mac_muladd_8s_8s_19s_19_4_1_DSP48_0_U/p_reg_reg.
DSP Report: register u/grp_pe_r0_0_Pipeline_l_S_k_0_k_fu_61/mac_muladd_8s_8s_19s_19_4_1_U1/pe_r0_0_mac_muladd_8s_8s_19s_19_4_1_DSP48_0_U/p_reg_reg is absorbed into DSP u/grp_pe_r0_0_Pipeline_l_S_k_0_k_fu_61/mac_muladd_8s_8s_19s_19_4_1_U1/pe_r0_0_mac_muladd_8s_8s_19s_19_4_1_DSP48_0_U/p_reg_reg.
DSP Report: register u/grp_pe_r0_0_Pipeline_l_S_k_0_k_fu_61/mac_muladd_8s_8s_19s_19_4_1_U1/pe_r0_0_mac_muladd_8s_8s_19s_19_4_1_DSP48_0_U/m_reg_reg is absorbed into DSP u/grp_pe_r0_0_Pipeline_l_S_k_0_k_fu_61/mac_muladd_8s_8s_19s_19_4_1_U1/pe_r0_0_mac_muladd_8s_8s_19s_19_4_1_DSP48_0_U/p_reg_reg.
DSP Report: operator u/grp_pe_r0_0_Pipeline_l_S_k_0_k_fu_61/mac_muladd_8s_8s_19s_19_4_1_U1/pe_r0_0_mac_muladd_8s_8s_19s_19_4_1_DSP48_0_U/p is absorbed into DSP u/grp_pe_r0_0_Pipeline_l_S_k_0_k_fu_61/mac_muladd_8s_8s_19s_19_4_1_U1/pe_r0_0_mac_muladd_8s_8s_19s_19_4_1_DSP48_0_U/p_reg_reg.
DSP Report: operator u/grp_pe_r0_0_Pipeline_l_S_k_0_k_fu_61/mac_muladd_8s_8s_19s_19_4_1_U1/pe_r0_0_mac_muladd_8s_8s_19s_19_4_1_DSP48_0_U/m is absorbed into DSP u/grp_pe_r0_0_Pipeline_l_S_k_0_k_fu_61/mac_muladd_8s_8s_19s_19_4_1_U1/pe_r0_0_mac_muladd_8s_8s_19s_19_4_1_DSP48_0_U/p_reg_reg.
WARNING: [Synth 8-3936] Found unconnected internal register 'u/grp_pe_r1_0_Pipeline_l_S_k_0_k_fu_59/mac_muladd_8s_8s_19s_19_4_1_U1/pe_r1_0_mac_muladd_8s_8s_19s_19_4_1_DSP48_0_U/p_reg_reg' and it is trimmed from '46' to '19' bits. [/scratch/hc676/agentstudy/steady/moonshotai_kimi-k3__spmw/build/sim/pe_r1_0_mac_muladd_8s_8s_19s_19_4_1.v:41]
WARNING: [Synth 8-3936] Found unconnected internal register 'u/grp_pe_r1_0_Pipeline_l_S_k_0_k_fu_59/mac_muladd_8s_8s_19s_19_4_1_U1/pe_r1_0_mac_muladd_8s_8s_19s_19_4_1_DSP48_0_U/m_reg_reg' and it is trimmed from '45' to '19' bits. [/scratch/hc676/agentstudy/steady/moonshotai_kimi-k3__spmw/build/sim/pe_r1_0_mac_muladd_8s_8s_19s_19_4_1.v:34]
WARNING: [Synth 8-3936] Found unconnected internal register 'u/grp_pe_r1_0_Pipeline_l_S_k_0_k_fu_59/mac_muladd_8s_8s_19s_19_4_1_U1/pe_r1_0_mac_muladd_8s_8s_19s_19_4_1_DSP48_0_U/a_reg_reg' and it is trimmed from '27' to '19' bits. [/scratch/hc676/agentstudy/steady/moonshotai_kimi-k3__spmw/build/sim/pe_r1_0_mac_muladd_8s_8s_19s_19_4_1.v:33]
DSP Report: Generating DSP u/grp_pe_r1_0_Pipeline_l_S_k_0_k_fu_59/mac_muladd_8s_8s_19s_19_4_1_U1/pe_r1_0_mac_muladd_8s_8s_19s_19_4_1_DSP48_0_U/p_reg_reg, operation Mode is: (P or C)+(A2*B2)'.
DSP Report: register u/grp_pe_r1_0_Pipeline_l_S_k_0_k_fu_59/mac_muladd_8s_8s_19s_19_4_1_U1/pe_r1_0_mac_muladd_8s_8s_19s_19_4_1_DSP48_0_U/b_reg_reg is absorbed into DSP u/grp_pe_r1_0_Pipeline_l_S_k_0_k_fu_59/mac_muladd_8s_8s_19s_19_4_1_U1/pe_r1_0_mac_muladd_8s_8s_19s_19_4_1_DSP48_0_U/p_reg_reg.
DSP Report: register u/grp_pe_r1_0_Pipeline_l_S_k_0_k_fu_59/mac_muladd_8s_8s_19s_19_4_1_U1/pe_r1_0_mac_muladd_8s_8s_19s_19_4_1_DSP48_0_U/a_reg_reg is absorbed into DSP u/grp_pe_r1_0_Pipeline_l_S_k_0_k_fu_59/mac_muladd_8s_8s_19s_19_4_1_U1/pe_r1_0_mac_muladd_8s_8s_19s_19_4_1_DSP48_0_U/p_reg_reg.
DSP Report: register u/grp_pe_r1_0_Pipeline_l_S_k_0_k_fu_59/mac_muladd_8s_8s_19s_19_4_1_U1/pe_r1_0_mac_muladd_8s_8s_19s_19_4_1_DSP48_0_U/p_reg_reg is absorbed into DSP u/grp_pe_r1_0_Pipeline_l_S_k_0_k_fu_59/mac_muladd_8s_8s_19s_19_4_1_U1/pe_r1_0_mac_muladd_8s_8s_19s_19_4_1_DSP48_0_U/p_reg_reg.
DSP Report: register u/grp_pe_r1_0_Pipeline_l_S_k_0_k_fu_59/mac_muladd_8s_8s_19s_19_4_1_U1/pe_r1_0_mac_muladd_8s_8s_19s_19_4_1_DSP48_0_U/m_reg_reg is absorbed into DSP u/grp_pe_r1_0_Pipeline_l_S_k_0_k_fu_59/mac_muladd_8s_8s_19s_19_4_1_U1/pe_r1_0_mac_muladd_8s_8s_19s_19_4_1_DSP48_0_U/p_reg_reg.
DSP Report: operator u/grp_pe_r1_0_Pipeline_l_S_k_0_k_fu_59/mac_muladd_8s_8s_19s_19_4_1_U1/pe_r1_0_mac_muladd_8s_8s_19s_19_4_1_DSP48_0_U/p is absorbed into DSP u/grp_pe_r1_0_Pipeline_l_S_k_0_k_fu_59/mac_muladd_8s_8s_19s_19_4_1_U1/pe_r1_0_mac_muladd_8s_8s_19s_19_4_1_DSP48_0_U/p_reg_reg.
DSP Report: operator u/grp_pe_r1_0_Pipeline_l_S_k_0_k_fu_59/mac_muladd_8s_8s_19s_19_4_1_U1/pe_r1_0_mac_muladd_8s_8s_19s_19_4_1_DSP48_0_U/m is absorbed into DSP u/grp_pe_r1_0_Pipeline_l_S_k_0_k_fu_59/mac_muladd_8s_8s_19s_19_4_1_U1/pe_r1_0_mac_muladd_8s_8s_19s_19_4_1_DSP48_0_U/p_reg_reg.
DSP Report: Generating DSP u/grp_pe_r1_0_Pipeline_l_S_k_0_k_fu_59/mac_muladd_8s_8s_19s_19_4_1_U1/pe_r1_0_mac_muladd_8s_8s_19s_19_4_1_DSP48_0_U/p_reg_reg, operation Mode is: (P or C)+(A2*B2)'.
DSP Report: register u/grp_pe_r1_0_Pipeline_l_S_k_0_k_fu_59/mac_muladd_8s_8s_19s_19_4_1_U1/pe_r1_0_mac_muladd_8s_8s_19s_19_4_1_DSP48_0_U/b_reg_reg is absorbed into DSP u/grp_pe_r1_0_Pipeline_l_S_k_0_k_fu_59/mac_muladd_8s_8s_19s_19_4_1_U1/pe_r1_0_mac_muladd_8s_8s_19s_19_4_1_DSP48_0_U/p_reg_reg.
DSP Report: register u/grp_pe_r1_0_Pipeline_l_S_k_0_k_fu_59/mac_muladd_8s_8s_19s_19_4_1_U1/pe_r1_0_mac_muladd_8s_8s_19s_19_4_1_DSP48_0_U/a_reg_reg is absorbed into DSP u/grp_pe_r1_0_Pipeline_l_S_k_0_k_fu_59/mac_muladd_8s_8s_19s_19_4_1_U1/pe_r1_0_mac_muladd_8s_8s_19s_19_4_1_DSP48_0_U/p_reg_reg.
DSP Report: register u/grp_pe_r1_0_Pipeline_l_S_k_0_k_fu_59/mac_muladd_8s_8s_19s_19_4_1_U1/pe_r1_0_mac_muladd_8s_8s_19s_19_4_1_DSP48_0_U/p_reg_reg is absorbed into DSP u/grp_pe_r1_0_Pipeline_l_S_k_0_k_fu_59/mac_muladd_8s_8s_19s_19_4_1_U1/pe_r1_0_mac_muladd_8s_8s_19s_19_4_1_DSP48_0_U/p_reg_reg.
DSP Report: register u/grp_pe_r1_0_Pipeline_l_S_k_0_k_fu_59/mac_muladd_8s_8s_19s_19_4_1_U1/pe_r1_0_mac_muladd_8s_8s_19s_19_4_1_DSP48_0_U/m_reg_reg is absorbed into DSP u/grp_pe_r1_0_Pipeline_l_S_k_0_k_fu_59/mac_muladd_8s_8s_19s_19_4_1_U1/pe_r1_0_mac_muladd_8s_8s_19s_19_4_1_DSP48_0_U/p_reg_reg.
DSP Report: operator u/grp_pe_r1_0_Pipeline_l_S_k_0_k_fu_59/mac_muladd_8s_8s_19s_19_4_1_U1/pe_r1_0_mac_muladd_8s_8s_19s_19_4_1_DSP48_0_U/p is absorbed into DSP u/grp_pe_r1_0_Pipeline_l_S_k_0_k_fu_59/mac_muladd_8s_8s_19s_19_4_1_U1/pe_r1_0_mac_muladd_8s_8s_19s_19_4_1_DSP48_0_U/p_reg_reg.
DSP Report: operator u/grp_pe_r1_0_Pipeline_l_S_k_0_k_fu_59/mac_muladd_8s_8s_19s_19_4_1_U1/pe_r1_0_mac_muladd_8s_8s_19s_19_4_1_DSP48_0_U/m is absorbed into DSP u/grp_pe_r1_0_Pipeline_l_S_k_0_k_fu_59/mac_muladd_8s_8s_19s_19_4_1_U1/pe_r1_0_mac_muladd_8s_8s_19s_19_4_1_DSP48_0_U/p_reg_reg.
DSP Report: Generating DSP u/grp_pe_r1_0_Pipeline_l_S_k_0_k_fu_59/mac_muladd_8s_8s_19s_19_4_1_U1/pe_r1_0_mac_muladd_8s_8s_19s_19_4_1_DSP48_0_U/p_reg_reg, operation Mode is: (P or C)+(A2*B2)'.
DSP Report: register u/grp_pe_r1_0_Pipeline_l_S_k_0_k_fu_59/mac_muladd_8s_8s_19s_19_4_1_U1/pe_r1_0_mac_muladd_8s_8s_19s_19_4_1_DSP48_0_U/b_reg_reg is absorbed into DSP u/grp_pe_r1_0_Pipeline_l_S_k_0_k_fu_59/mac_muladd_8s_8s_19s_19_4_1_U1/pe_r1_0_mac_muladd_8s_8s_19s_19_4_1_DSP48_0_U/p_reg_reg.
DSP Report: register u/grp_pe_r1_0_Pipeline_l_S_k_0_k_fu_59/mac_muladd_8s_8s_19s_19_4_1_U1/pe_r1_0_mac_muladd_8s_8s_19s_19_4_1_DSP48_0_U/a_reg_reg is absorbed into DSP u/grp_pe_r1_0_Pipeline_l_S_k_0_k_fu_59/mac_muladd_8s_8s_19s_19_4_1_U1/pe_r1_0_mac_muladd_8s_8s_19s_19_4_1_DSP48_0_U/p_reg_reg.
DSP Report: register u/grp_pe_r1_0_Pipeline_l_S_k_0_k_fu_59/mac_muladd_8s_8s_19s_19_4_1_U1/pe_r1_0_mac_muladd_8s_8s_19s_19_4_1_DSP48_0_U/p_reg_reg is absorbed into DSP u/grp_pe_r1_0_Pipeline_l_S_k_0_k_fu_59/mac_muladd_8s_8s_19s_19_4_1_U1/pe_r1_0_mac_muladd_8s_8s_19s_19_4_1_DSP48_0_U/p_reg_reg.
DSP Report: register u/grp_pe_r1_0_Pipeline_l_S_k_0_k_fu_59/mac_muladd_8s_8s_19s_19_4_1_U1/pe_r1_0_mac_muladd_8s_8s_19s_19_4_1_DSP48_0_U/m_reg_reg is absorbed into DSP u/grp_pe_r1_0_Pipeline_l_S_k_0_k_fu_59/mac_muladd_8s_8s_19s_19_4_1_U1/pe_r1_0_mac_muladd_8s_8s_19s_19_4_1_DSP48_0_U/p_reg_reg.
DSP Report: operator u/grp_pe_r1_0_Pipeline_l_S_k_0_k_fu_59/mac_muladd_8s_8s_19s_19_4_1_U1/pe_r1_0_mac_muladd_8s_8s_19s_19_4_1_DSP48_0_U/p is absorbed into DSP u/grp_pe_r1_0_Pipeline_l_S_k_0_k_fu_59/mac_muladd_8s_8s_19s_19_4_1_U1/pe_r1_0_mac_muladd_8s_8s_19s_19_4_1_DSP48_0_U/p_reg_reg.
DSP Report: operator u/grp_pe_r1_0_Pipeline_l_S_k_0_k_fu_59/mac_muladd_8s_8s_19s_19_4_1_U1/pe_r1_0_mac_muladd_8s_8s_19s_19_4_1_DSP48_0_U/m is absorbed into DSP u/grp_pe_r1_0_Pipeline_l_S_k_0_k_fu_59/mac_muladd_8s_8s_19s_19_4_1_U1/pe_r1_0_mac_muladd_8s_8s_19s_19_4_1_DSP48_0_U/p_reg_reg.
DSP Report: Generating DSP u/grp_pe_r1_0_Pipeline_l_S_k_0_k_fu_59/mac_muladd_8s_8s_19s_19_4_1_U1/pe_r1_0_mac_muladd_8s_8s_19s_19_4_1_DSP48_0_U/p_reg_reg, operation Mode is: (P or C)+(A2*B2)'.
DSP Report: register u/grp_pe_r1_0_Pipeline_l_S_k_0_k_fu_59/mac_muladd_8s_8s_19s_19_4_1_U1/pe_r1_0_mac_muladd_8s_8s_19s_19_4_1_DSP48_0_U/b_reg_reg is absorbed into DSP u/grp_pe_r1_0_Pipeline_l_S_k_0_k_fu_59/mac_muladd_8s_8s_19s_19_4_1_U1/pe_r1_0_mac_muladd_8s_8s_19s_19_4_1_DSP48_0_U/p_reg_reg.
DSP Report: register u/grp_pe_r1_0_Pipeline_l_S_k_0_k_fu_59/mac_muladd_8s_8s_19s_19_4_1_U1/pe_r1_0_mac_muladd_8s_8s_19s_19_4_1_DSP48_0_U/a_reg_reg is absorbed into DSP u/grp_pe_r1_0_Pipeline_l_S_k_0_k_fu_59/mac_muladd_8s_8s_19s_19_4_1_U1/pe_r1_0_mac_muladd_8s_8s_19s_19_4_1_DSP48_0_U/p_reg_reg.
DSP Report: register u/grp_pe_r1_0_Pipeline_l_S_k_0_k_fu_59/mac_muladd_8s_8s_19s_19_4_1_U1/pe_r1_0_mac_muladd_8s_8s_19s_19_4_1_DSP48_0_U/p_reg_reg is absorbed into DSP u/grp_pe_r1_0_Pipeline_l_S_k_0_k_fu_59/mac_muladd_8s_8s_19s_19_4_1_U1/pe_r1_0_mac_muladd_8s_8s_19s_19_4_1_DSP48_0_U/p_reg_reg.
DSP Report: register u/grp_pe_r1_0_Pipeline_l_S_k_0_k_fu_59/mac_muladd_8s_8s_19s_19_4_1_U1/pe_r1_0_mac_muladd_8s_8s_19s_19_4_1_DSP48_0_U/m_reg_reg is absorbed into DSP u/grp_pe_r1_0_Pipeline_l_S_k_0_k_fu_59/mac_muladd_8s_8s_19s_19_4_1_U1/pe_r1_0_mac_muladd_8s_8s_19s_19_4_1_DSP48_0_U/p_reg_reg.
DSP Report: operator u/grp_pe_r1_0_Pipeline_l_S_k_0_k_fu_59/mac_muladd_8s_8s_19s_19_4_1_U1/pe_r1_0_mac_muladd_8s_8s_19s_19_4_1_DSP48_0_U/p is absorbed into DSP u/grp_pe_r1_0_Pipeline_l_S_k_0_k_fu_59/mac_muladd_8s_8s_19s_19_4_1_U1/pe_r1_0_mac_muladd_8s_8s_19s_19_4_1_DSP48_0_U/p_reg_reg.
DSP Report: operator u/grp_pe_r1_0_Pipeline_l_S_k_0_k_fu_59/mac_muladd_8s_8s_19s_19_4_1_U1/pe_r1_0_mac_muladd_8s_8s_19s_19_4_1_DSP48_0_U/m is absorbed into DSP u/grp_pe_r1_0_Pipeline_l_S_k_0_k_fu_59/mac_muladd_8s_8s_19s_19_4_1_U1/pe_r1_0_mac_muladd_8s_8s_19s_19_4_1_DSP48_0_U/p_reg_reg.
DSP Report: Generating DSP u/grp_pe_r1_0_Pipeline_l_S_k_0_k_fu_59/mac_muladd_8s_8s_19s_19_4_1_U1/pe_r1_0_mac_muladd_8s_8s_19s_19_4_1_DSP48_0_U/p_reg_reg, operation Mode is: (P or C)+(A2*B2)'.
DSP Report: register u/grp_pe_r1_0_Pipeline_l_S_k_0_k_fu_59/mac_muladd_8s_8s_19s_19_4_1_U1/pe_r1_0_mac_muladd_8s_8s_19s_19_4_1_DSP48_0_U/b_reg_reg is absorbed into DSP u/grp_pe_r1_0_Pipeline_l_S_k_0_k_fu_59/mac_muladd_8s_8s_19s_19_4_1_U1/pe_r1_0_mac_muladd_8s_8s_19s_19_4_1_DSP48_0_U/p_reg_reg.
DSP Report: register u/grp_pe_r1_0_Pipeline_l_S_k_0_k_fu_59/mac_muladd_8s_8s_19s_19_4_1_U1/pe_r1_0_mac_muladd_8s_8s_19s_19_4_1_DSP48_0_U/a_reg_reg is absorbed into DSP u/grp_pe_r1_0_Pipeline_l_S_k_0_k_fu_59/mac_muladd_8s_8s_19s_19_4_1_U1/pe_r1_0_mac_muladd_8s_8s_19s_19_4_1_DSP48_0_U/p_reg_reg.
DSP Report: register u/grp_pe_r1_0_Pipeline_l_S_k_0_k_fu_59/mac_muladd_8s_8s_19s_19_4_1_U1/pe_r1_0_mac_muladd_8s_8s_19s_19_4_1_DSP48_0_U/p_reg_reg is absorbed into DSP u/grp_pe_r1_0_Pipeline_l_S_k_0_k_fu_59/mac_muladd_8s_8s_19s_19_4_1_U1/pe_r1_0_mac_muladd_8s_8s_19s_19_4_1_DSP48_0_U/p_reg_reg.
DSP Report: register u/grp_pe_r1_0_Pipeline_l_S_k_0_k_fu_59/mac_muladd_8s_8s_19s_19_4_1_U1/pe_r1_0_mac_muladd_8s_8s_19s_19_4_1_DSP48_0_U/m_reg_reg is absorbed into DSP u/grp_pe_r1_0_Pipeline_l_S_k_0_k_fu_59/mac_muladd_8s_8s_19s_19_4_1_U1/pe_r1_0_mac_muladd_8s_8s_19s_19_4_1_DSP48_0_U/p_reg_reg.
DSP Report: operator u/grp_pe_r1_0_Pipeline_l_S_k_0_k_fu_59/mac_muladd_8s_8s_19s_19_4_1_U1/pe_r1_0_mac_muladd_8s_8s_19s_19_4_1_DSP48_0_U/p is absorbed into DSP u/grp_pe_r1_0_Pipeline_l_S_k_0_k_fu_59/mac_muladd_8s_8s_19s_19_4_1_U1/pe_r1_0_mac_muladd_8s_8s_19s_19_4_1_DSP48_0_U/p_reg_reg.
DSP Report: operator u/grp_pe_r1_0_Pipeline_l_S_k_0_k_fu_59/mac_muladd_8s_8s_19s_19_4_1_U1/pe_r1_0_mac_muladd_8s_8s_19s_19_4_1_DSP48_0_U/m is absorbed into DSP u/grp_pe_r1_0_Pipeline_l_S_k_0_k_fu_59/mac_muladd_8s_8s_19s_19_4_1_U1/pe_r1_0_mac_muladd_8s_8s_19s_19_4_1_DSP48_0_U/p_reg_reg.
DSP Report: Generating DSP u/grp_pe_r1_0_Pipeline_l_S_k_0_k_fu_59/mac_muladd_8s_8s_19s_19_4_1_U1/pe_r1_0_mac_muladd_8s_8s_19s_19_4_1_DSP48_0_U/p_reg_reg, operation Mode is: (P or C)+(A2*B2)'.
DSP Report: register u/grp_pe_r1_0_Pipeline_l_S_k_0_k_fu_59/mac_muladd_8s_8s_19s_19_4_1_U1/pe_r1_0_mac_muladd_8s_8s_19s_19_4_1_DSP48_0_U/b_reg_reg is absorbed into DSP u/grp_pe_r1_0_Pipeline_l_S_k_0_k_fu_59/mac_muladd_8s_8s_19s_19_4_1_U1/pe_r1_0_mac_muladd_8s_8s_19s_19_4_1_DSP48_0_U/p_reg_reg.
DSP Report: register u/grp_pe_r1_0_Pipeline_l_S_k_0_k_fu_59/mac_muladd_8s_8s_19s_19_4_1_U1/pe_r1_0_mac_muladd_8s_8s_19s_19_4_1_DSP48_0_U/a_reg_reg is absorbed into DSP u/grp_pe_r1_0_Pipeline_l_S_k_0_k_fu_59/mac_muladd_8s_8s_19s_19_4_1_U1/pe_r1_0_mac_muladd_8s_8s_19s_19_4_1_DSP48_0_U/p_reg_reg.
DSP Report: register u/grp_pe_r1_0_Pipeline_l_S_k_0_k_fu_59/mac_muladd_8s_8s_19s_19_4_1_U1/pe_r1_0_mac_muladd_8s_8s_19s_19_4_1_DSP48_0_U/p_reg_reg is absorbed into DSP u/grp_pe_r1_0_Pipeline_l_S_k_0_k_fu_59/mac_muladd_8s_8s_19s_19_4_1_U1/pe_r1_0_mac_muladd_8s_8s_19s_19_4_1_DSP48_0_U/p_reg_reg.
DSP Report: register u/grp_pe_r1_0_Pipeline_l_S_k_0_k_fu_59/mac_muladd_8s_8s_19s_19_4_1_U1/pe_r1_0_mac_muladd_8s_8s_19s_19_4_1_DSP48_0_U/m_reg_reg is absorbed into DSP u/grp_pe_r1_0_Pipeline_l_S_k_0_k_fu_59/mac_muladd_8s_8s_19s_19_4_1_U1/pe_r1_0_mac_muladd_8s_8s_19s_19_4_1_DSP48_0_U/p_reg_reg.
DSP Report: operator u/grp_pe_r1_0_Pipeline_l_S_k_0_k_fu_59/mac_muladd_8s_8s_19s_19_4_1_U1/pe_r1_0_mac_muladd_8s_8s_19s_19_4_1_DSP48_0_U/p is absorbed into DSP u/grp_pe_r1_0_Pipeline_l_S_k_0_k_fu_59/mac_muladd_8s_8s_19s_19_4_1_U1/pe_r1_0_mac_muladd_8s_8s_19s_19_4_1_DSP48_0_U/p_reg_reg.
DSP Report: operator u/grp_pe_r1_0_Pipeline_l_S_k_0_k_fu_59/mac_muladd_8s_8s_19s_19_4_1_U1/pe_r1_0_mac_muladd_8s_8s_19s_19_4_1_DSP48_0_U/m is absorbed into DSP u/grp_pe_r1_0_Pipeline_l_S_k_0_k_fu_59/mac_muladd_8s_8s_19s_19_4_1_U1/pe_r1_0_mac_muladd_8s_8s_19s_19_4_1_DSP48_0_U/p_reg_reg.
WARNING: [Synth 8-3936] Found unconnected internal register 'u/grp_pe_r2_0_Pipeline_l_S_k_0_k_fu_61/mac_muladd_8s_8s_19s_19_4_1_U1/pe_r2_0_mac_muladd_8s_8s_19s_19_4_1_DSP48_0_U/p_reg_reg' and it is trimmed from '46' to '19' bits. [/scratch/hc676/agentstudy/steady/moonshotai_kimi-k3__spmw/build/sim/pe_r2_0_mac_muladd_8s_8s_19s_19_4_1.v:41]
WARNING: [Synth 8-3936] Found unconnected internal register 'u/grp_pe_r2_0_Pipeline_l_S_k_0_k_fu_61/mac_muladd_8s_8s_19s_19_4_1_U1/pe_r2_0_mac_muladd_8s_8s_19s_19_4_1_DSP48_0_U/m_reg_reg' and it is trimmed from '45' to '19' bits. [/scratch/hc676/agentstudy/steady/moonshotai_kimi-k3__spmw/build/sim/pe_r2_0_mac_muladd_8s_8s_19s_19_4_1.v:34]
WARNING: [Synth 8-3936] Found unconnected internal register 'u/grp_pe_r2_0_Pipeline_l_S_k_0_k_fu_61/mac_muladd_8s_8s_19s_19_4_1_U1/pe_r2_0_mac_muladd_8s_8s_19s_19_4_1_DSP48_0_U/a_reg_reg' and it is trimmed from '27' to '19' bits. [/scratch/hc676/agentstudy/steady/moonshotai_kimi-k3__spmw/build/sim/pe_r2_0_mac_muladd_8s_8s_19s_19_4_1.v:33]
DSP Report: Generating DSP u/grp_pe_r2_0_Pipeline_l_S_k_0_k_fu_61/mac_muladd_8s_8s_19s_19_4_1_U1/pe_r2_0_mac_muladd_8s_8s_19s_19_4_1_DSP48_0_U/p_reg_reg, operation Mode is: (P or C)+(A2*B2)'.
DSP Report: register u/grp_pe_r2_0_Pipeline_l_S_k_0_k_fu_61/mac_muladd_8s_8s_19s_19_4_1_U1/pe_r2_0_mac_muladd_8s_8s_19s_19_4_1_DSP48_0_U/b_reg_reg is absorbed into DSP u/grp_pe_r2_0_Pipeline_l_S_k_0_k_fu_61/mac_muladd_8s_8s_19s_19_4_1_U1/pe_r2_0_mac_muladd_8s_8s_19s_19_4_1_DSP48_0_U/p_reg_reg.
DSP Report: register u/grp_pe_r2_0_Pipeline_l_S_k_0_k_fu_61/mac_muladd_8s_8s_19s_19_4_1_U1/pe_r2_0_mac_muladd_8s_8s_19s_19_4_1_DSP48_0_U/a_reg_reg is absorbed into DSP u/grp_pe_r2_0_Pipeline_l_S_k_0_k_fu_61/mac_muladd_8s_8s_19s_19_4_1_U1/pe_r2_0_mac_muladd_8s_8s_19s_19_4_1_DSP48_0_U/p_reg_reg.
DSP Report: register u/grp_pe_r2_0_Pipeline_l_S_k_0_k_fu_61/mac_muladd_8s_8s_19s_19_4_1_U1/pe_r2_0_mac_muladd_8s_8s_19s_19_4_1_DSP48_0_U/p_reg_reg is absorbed into DSP u/grp_pe_r2_0_Pipeline_l_S_k_0_k_fu_61/mac_muladd_8s_8s_19s_19_4_1_U1/pe_r2_0_mac_muladd_8s_8s_19s_19_4_1_DSP48_0_U/p_reg_reg.
DSP Report: register u/grp_pe_r2_0_Pipeline_l_S_k_0_k_fu_61/mac_muladd_8s_8s_19s_19_4_1_U1/pe_r2_0_mac_muladd_8s_8s_19s_19_4_1_DSP48_0_U/m_reg_reg is absorbed into DSP u/grp_pe_r2_0_Pipeline_l_S_k_0_k_fu_61/mac_muladd_8s_8s_19s_19_4_1_U1/pe_r2_0_mac_muladd_8s_8s_19s_19_4_1_DSP48_0_U/p_reg_reg.
DSP Report: operator u/grp_pe_r2_0_Pipeline_l_S_k_0_k_fu_61/mac_muladd_8s_8s_19s_19_4_1_U1/pe_r2_0_mac_muladd_8s_8s_19s_19_4_1_DSP48_0_U/p is absorbed into DSP u/grp_pe_r2_0_Pipeline_l_S_k_0_k_fu_61/mac_muladd_8s_8s_19s_19_4_1_U1/pe_r2_0_mac_muladd_8s_8s_19s_19_4_1_DSP48_0_U/p_reg_reg.
DSP Report: operator u/grp_pe_r2_0_Pipeline_l_S_k_0_k_fu_61/mac_muladd_8s_8s_19s_19_4_1_U1/pe_r2_0_mac_muladd_8s_8s_19s_19_4_1_DSP48_0_U/m is absorbed into DSP u/grp_pe_r2_0_Pipeline_l_S_k_0_k_fu_61/mac_muladd_8s_8s_19s_19_4_1_U1/pe_r2_0_mac_muladd_8s_8s_19s_19_4_1_DSP48_0_U/p_reg_reg.
DSP Report: Generating DSP u/grp_pe_r2_0_Pipeline_l_S_k_0_k_fu_61/mac_muladd_8s_8s_19s_19_4_1_U1/pe_r2_0_mac_muladd_8s_8s_19s_19_4_1_DSP48_0_U/p_reg_reg, operation Mode is: (P or C)+(A2*B2)'.
DSP Report: register u/grp_pe_r2_0_Pipeline_l_S_k_0_k_fu_61/mac_muladd_8s_8s_19s_19_4_1_U1/pe_r2_0_mac_muladd_8s_8s_19s_19_4_1_DSP48_0_U/b_reg_reg is absorbed into DSP u/grp_pe_r2_0_Pipeline_l_S_k_0_k_fu_61/mac_muladd_8s_8s_19s_19_4_1_U1/pe_r2_0_mac_muladd_8s_8s_19s_19_4_1_DSP48_0_U/p_reg_reg.
DSP Report: register u/grp_pe_r2_0_Pipeline_l_S_k_0_k_fu_61/mac_muladd_8s_8s_19s_19_4_1_U1/pe_r2_0_mac_muladd_8s_8s_19s_19_4_1_DSP48_0_U/a_reg_reg is absorbed into DSP u/grp_pe_r2_0_Pipeline_l_S_k_0_k_fu_61/mac_muladd_8s_8s_19s_19_4_1_U1/pe_r2_0_mac_muladd_8s_8s_19s_19_4_1_DSP48_0_U/p_reg_reg.
DSP Report: register u/grp_pe_r2_0_Pipeline_l_S_k_0_k_fu_61/mac_muladd_8s_8s_19s_19_4_1_U1/pe_r2_0_mac_muladd_8s_8s_19s_19_4_1_DSP48_0_U/p_reg_reg is absorbed into DSP u/grp_pe_r2_0_Pipeline_l_S_k_0_k_fu_61/mac_muladd_8s_8s_19s_19_4_1_U1/pe_r2_0_mac_muladd_8s_8s_19s_19_4_1_DSP48_0_U/p_reg_reg.
DSP Report: register u/grp_pe_r2_0_Pipeline_l_S_k_0_k_fu_61/mac_muladd_8s_8s_19s_19_4_1_U1/pe_r2_0_mac_muladd_8s_8s_19s_19_4_1_DSP48_0_U/m_reg_reg is absorbed into DSP u/grp_pe_r2_0_Pipeline_l_S_k_0_k_fu_61/mac_muladd_8s_8s_19s_19_4_1_U1/pe_r2_0_mac_muladd_8s_8s_19s_19_4_1_DSP48_0_U/p_reg_reg.
DSP Report: operator u/grp_pe_r2_0_Pipeline_l_S_k_0_k_fu_61/mac_muladd_8s_8s_19s_19_4_1_U1/pe_r2_0_mac_muladd_8s_8s_19s_19_4_1_DSP48_0_U/p is absorbed into DSP u/grp_pe_r2_0_Pipeline_l_S_k_0_k_fu_61/mac_muladd_8s_8s_19s_19_4_1_U1/pe_r2_0_mac_muladd_8s_8s_19s_19_4_1_DSP48_0_U/p_reg_reg.
DSP Report: operator u/grp_pe_r2_0_Pipeline_l_S_k_0_k_fu_61/mac_muladd_8s_8s_19s_19_4_1_U1/pe_r2_0_mac_muladd_8s_8s_19s_19_4_1_DSP48_0_U/m is absorbed into DSP u/grp_pe_r2_0_Pipeline_l_S_k_0_k_fu_61/mac_muladd_8s_8s_19s_19_4_1_U1/pe_r2_0_mac_muladd_8s_8s_19s_19_4_1_DSP48_0_U/p_reg_reg.
DSP Report: Generating DSP u/grp_pe_r2_0_Pipeline_l_S_k_0_k_fu_61/mac_muladd_8s_8s_19s_19_4_1_U1/pe_r2_0_mac_muladd_8s_8s_19s_19_4_1_DSP48_0_U/p_reg_reg, operation Mode is: (P or C)+(A2*B2)'.
DSP Report: register u/grp_pe_r2_0_Pipeline_l_S_k_0_k_fu_61/mac_muladd_8s_8s_19s_19_4_1_U1/pe_r2_0_mac_muladd_8s_8s_19s_19_4_1_DSP48_0_U/b_reg_reg is absorbed into DSP u/grp_pe_r2_0_Pipeline_l_S_k_0_k_fu_61/mac_muladd_8s_8s_19s_19_4_1_U1/pe_r2_0_mac_muladd_8s_8s_19s_19_4_1_DSP48_0_U/p_reg_reg.
DSP Report: register u/grp_pe_r2_0_Pipeline_l_S_k_0_k_fu_61/mac_muladd_8s_8s_19s_19_4_1_U1/pe_r2_0_mac_muladd_8s_8s_19s_19_4_1_DSP48_0_U/a_reg_reg is absorbed into DSP u/grp_pe_r2_0_Pipeline_l_S_k_0_k_fu_61/mac_muladd_8s_8s_19s_19_4_1_U1/pe_r2_0_mac_muladd_8s_8s_19s_19_4_1_DSP48_0_U/p_reg_reg.
DSP Report: register u/grp_pe_r2_0_Pipeline_l_S_k_0_k_fu_61/mac_muladd_8s_8s_19s_19_4_1_U1/pe_r2_0_mac_muladd_8s_8s_19s_19_4_1_DSP48_0_U/p_reg_reg is absorbed into DSP u/grp_pe_r2_0_Pipeline_l_S_k_0_k_fu_61/mac_muladd_8s_8s_19s_19_4_1_U1/pe_r2_0_mac_muladd_8s_8s_19s_19_4_1_DSP48_0_U/p_reg_reg.
DSP Report: register u/grp_pe_r2_0_Pipeline_l_S_k_0_k_fu_61/mac_muladd_8s_8s_19s_19_4_1_U1/pe_r2_0_mac_muladd_8s_8s_19s_19_4_1_DSP48_0_U/m_reg_reg is absorbed into DSP u/grp_pe_r2_0_Pipeline_l_S_k_0_k_fu_61/mac_muladd_8s_8s_19s_19_4_1_U1/pe_r2_0_mac_muladd_8s_8s_19s_19_4_1_DSP48_0_U/p_reg_reg.
DSP Report: operator u/grp_pe_r2_0_Pipeline_l_S_k_0_k_fu_61/mac_muladd_8s_8s_19s_19_4_1_U1/pe_r2_0_mac_muladd_8s_8s_19s_19_4_1_DSP48_0_U/p is absorbed into DSP u/grp_pe_r2_0_Pipeline_l_S_k_0_k_fu_61/mac_muladd_8s_8s_19s_19_4_1_U1/pe_r2_0_mac_muladd_8s_8s_19s_19_4_1_DSP48_0_U/p_reg_reg.
DSP Report: operator u/grp_pe_r2_0_Pipeline_l_S_k_0_k_fu_61/mac_muladd_8s_8s_19s_19_4_1_U1/pe_r2_0_mac_muladd_8s_8s_19s_19_4_1_DSP48_0_U/m is absorbed into DSP u/grp_pe_r2_0_Pipeline_l_S_k_0_k_fu_61/mac_muladd_8s_8s_19s_19_4_1_U1/pe_r2_0_mac_muladd_8s_8s_19s_19_4_1_DSP48_0_U/p_reg_reg.
DSP Report: Generating DSP u/grp_pe_r2_0_Pipeline_l_S_k_0_k_fu_61/mac_muladd_8s_8s_19s_19_4_1_U1/pe_r2_0_mac_muladd_8s_8s_19s_19_4_1_DSP48_0_U/p_reg_reg, operation Mode is: (P or C)+(A2*B2)'.
DSP Report: register u/grp_pe_r2_0_Pipeline_l_S_k_0_k_fu_61/mac_muladd_8s_8s_19s_19_4_1_U1/pe_r2_0_mac_muladd_8s_8s_19s_19_4_1_DSP48_0_U/b_reg_reg is absorbed into DSP u/grp_pe_r2_0_Pipeline_l_S_k_0_k_fu_61/mac_muladd_8s_8s_19s_19_4_1_U1/pe_r2_0_mac_muladd_8s_8s_19s_19_4_1_DSP48_0_U/p_reg_reg.
DSP Report: register u/grp_pe_r2_0_Pipeline_l_S_k_0_k_fu_61/mac_muladd_8s_8s_19s_19_4_1_U1/pe_r2_0_mac_muladd_8s_8s_19s_19_4_1_DSP48_0_U/a_reg_reg is absorbed into DSP u/grp_pe_r2_0_Pipeline_l_S_k_0_k_fu_61/mac_muladd_8s_8s_19s_19_4_1_U1/pe_r2_0_mac_muladd_8s_8s_19s_19_4_1_DSP48_0_U/p_reg_reg.
DSP Report: register u/grp_pe_r2_0_Pipeline_l_S_k_0_k_fu_61/mac_muladd_8s_8s_19s_19_4_1_U1/pe_r2_0_mac_muladd_8s_8s_19s_19_4_1_DSP48_0_U/p_reg_reg is absorbed into DSP u/grp_pe_r2_0_Pipeline_l_S_k_0_k_fu_61/mac_muladd_8s_8s_19s_19_4_1_U1/pe_r2_0_mac_muladd_8s_8s_19s_19_4_1_DSP48_0_U/p_reg_reg.
DSP Report: register u/grp_pe_r2_0_Pipeline_l_S_k_0_k_fu_61/mac_muladd_8s_8s_19s_19_4_1_U1/pe_r2_0_mac_muladd_8s_8s_19s_19_4_1_DSP48_0_U/m_reg_reg is absorbed into DSP u/grp_pe_r2_0_Pipeline_l_S_k_0_k_fu_61/mac_muladd_8s_8s_19s_19_4_1_U1/pe_r2_0_mac_muladd_8s_8s_19s_19_4_1_DSP48_0_U/p_reg_reg.
DSP Report: operator u/grp_pe_r2_0_Pipeline_l_S_k_0_k_fu_61/mac_muladd_8s_8s_19s_19_4_1_U1/pe_r2_0_mac_muladd_8s_8s_19s_19_4_1_DSP48_0_U/p is absorbed into DSP u/grp_pe_r2_0_Pipeline_l_S_k_0_k_fu_61/mac_muladd_8s_8s_19s_19_4_1_U1/pe_r2_0_mac_muladd_8s_8s_19s_19_4_1_DSP48_0_U/p_reg_reg.
DSP Report: operator u/grp_pe_r2_0_Pipeline_l_S_k_0_k_fu_61/mac_muladd_8s_8s_19s_19_4_1_U1/pe_r2_0_mac_muladd_8s_8s_19s_19_4_1_DSP48_0_U/m is absorbed into DSP u/grp_pe_r2_0_Pipeline_l_S_k_0_k_fu_61/mac_muladd_8s_8s_19s_19_4_1_U1/pe_r2_0_mac_muladd_8s_8s_19s_19_4_1_DSP48_0_U/p_reg_reg.
DSP Report: Generating DSP u/grp_pe_r2_0_Pipeline_l_S_k_0_k_fu_61/mac_muladd_8s_8s_19s_19_4_1_U1/pe_r2_0_mac_muladd_8s_8s_19s_19_4_1_DSP48_0_U/p_reg_reg, operation Mode is: (P or C)+(A2*B2)'.
DSP Report: register u/grp_pe_r2_0_Pipeline_l_S_k_0_k_fu_61/mac_muladd_8s_8s_19s_19_4_1_U1/pe_r2_0_mac_muladd_8s_8s_19s_19_4_1_DSP48_0_U/b_reg_reg is absorbed into DSP u/grp_pe_r2_0_Pipeline_l_S_k_0_k_fu_61/mac_muladd_8s_8s_19s_19_4_1_U1/pe_r2_0_mac_muladd_8s_8s_19s_19_4_1_DSP48_0_U/p_reg_reg.
DSP Report: register u/grp_pe_r2_0_Pipeline_l_S_k_0_k_fu_61/mac_muladd_8s_8s_19s_19_4_1_U1/pe_r2_0_mac_muladd_8s_8s_19s_19_4_1_DSP48_0_U/a_reg_reg is absorbed into DSP u/grp_pe_r2_0_Pipeline_l_S_k_0_k_fu_61/mac_muladd_8s_8s_19s_19_4_1_U1/pe_r2_0_mac_muladd_8s_8s_19s_19_4_1_DSP48_0_U/p_reg_reg.
DSP Report: register u/grp_pe_r2_0_Pipeline_l_S_k_0_k_fu_61/mac_muladd_8s_8s_19s_19_4_1_U1/pe_r2_0_mac_muladd_8s_8s_19s_19_4_1_DSP48_0_U/p_reg_reg is absorbed into DSP u/grp_pe_r2_0_Pipeline_l_S_k_0_k_fu_61/mac_muladd_8s_8s_19s_19_4_1_U1/pe_r2_0_mac_muladd_8s_8s_19s_19_4_1_DSP48_0_U/p_reg_reg.
DSP Report: register u/grp_pe_r2_0_Pipeline_l_S_k_0_k_fu_61/mac_muladd_8s_8s_19s_19_4_1_U1/pe_r2_0_mac_muladd_8s_8s_19s_19_4_1_DSP48_0_U/m_reg_reg is absorbed into DSP u/grp_pe_r2_0_Pipeline_l_S_k_0_k_fu_61/mac_muladd_8s_8s_19s_19_4_1_U1/pe_r2_0_mac_muladd_8s_8s_19s_19_4_1_DSP48_0_U/p_reg_reg.
DSP Report: operator u/grp_pe_r2_0_Pipeline_l_S_k_0_k_fu_61/mac_muladd_8s_8s_19s_19_4_1_U1/pe_r2_0_mac_muladd_8s_8s_19s_19_4_1_DSP48_0_U/p is absorbed into DSP u/grp_pe_r2_0_Pipeline_l_S_k_0_k_fu_61/mac_muladd_8s_8s_19s_19_4_1_U1/pe_r2_0_mac_muladd_8s_8s_19s_19_4_1_DSP48_0_U/p_reg_reg.
DSP Report: operator u/grp_pe_r2_0_Pipeline_l_S_k_0_k_fu_61/mac_muladd_8s_8s_19s_19_4_1_U1/pe_r2_0_mac_muladd_8s_8s_19s_19_4_1_DSP48_0_U/m is absorbed into DSP u/grp_pe_r2_0_Pipeline_l_S_k_0_k_fu_61/mac_muladd_8s_8s_19s_19_4_1_U1/pe_r2_0_mac_muladd_8s_8s_19s_19_4_1_DSP48_0_U/p_reg_reg.
DSP Report: Generating DSP u/grp_pe_r2_0_Pipeline_l_S_k_0_k_fu_61/mac_muladd_8s_8s_19s_19_4_1_U1/pe_r2_0_mac_muladd_8s_8s_19s_19_4_1_DSP48_0_U/p_reg_reg, operation Mode is: (P or C)+(A2*B2)'.
DSP Report: register u/grp_pe_r2_0_Pipeline_l_S_k_0_k_fu_61/mac_muladd_8s_8s_19s_19_4_1_U1/pe_r2_0_mac_muladd_8s_8s_19s_19_4_1_DSP48_0_U/b_reg_reg is absorbed into DSP u/grp_pe_r2_0_Pipeline_l_S_k_0_k_fu_61/mac_muladd_8s_8s_19s_19_4_1_U1/pe_r2_0_mac_muladd_8s_8s_19s_19_4_1_DSP48_0_U/p_reg_reg.
DSP Report: register u/grp_pe_r2_0_Pipeline_l_S_k_0_k_fu_61/mac_muladd_8s_8s_19s_19_4_1_U1/pe_r2_0_mac_muladd_8s_8s_19s_19_4_1_DSP48_0_U/a_reg_reg is absorbed into DSP u/grp_pe_r2_0_Pipeline_l_S_k_0_k_fu_61/mac_muladd_8s_8s_19s_19_4_1_U1/pe_r2_0_mac_muladd_8s_8s_19s_19_4_1_DSP48_0_U/p_reg_reg.
DSP Report: register u/grp_pe_r2_0_Pipeline_l_S_k_0_k_fu_61/mac_muladd_8s_8s_19s_19_4_1_U1/pe_r2_0_mac_muladd_8s_8s_19s_19_4_1_DSP48_0_U/p_reg_reg is absorbed into DSP u/grp_pe_r2_0_Pipeline_l_S_k_0_k_fu_61/mac_muladd_8s_8s_19s_19_4_1_U1/pe_r2_0_mac_muladd_8s_8s_19s_19_4_1_DSP48_0_U/p_reg_reg.
DSP Report: register u/grp_pe_r2_0_Pipeline_l_S_k_0_k_fu_61/mac_muladd_8s_8s_19s_19_4_1_U1/pe_r2_0_mac_muladd_8s_8s_19s_19_4_1_DSP48_0_U/m_reg_reg is absorbed into DSP u/grp_pe_r2_0_Pipeline_l_S_k_0_k_fu_61/mac_muladd_8s_8s_19s_19_4_1_U1/pe_r2_0_mac_muladd_8s_8s_19s_19_4_1_DSP48_0_U/p_reg_reg.
DSP Report: operator u/grp_pe_r2_0_Pipeline_l_S_k_0_k_fu_61/mac_muladd_8s_8s_19s_19_4_1_U1/pe_r2_0_mac_muladd_8s_8s_19s_19_4_1_DSP48_0_U/p is absorbed into DSP u/grp_pe_r2_0_Pipeline_l_S_k_0_k_fu_61/mac_muladd_8s_8s_19s_19_4_1_U1/pe_r2_0_mac_muladd_8s_8s_19s_19_4_1_DSP48_0_U/p_reg_reg.
DSP Report: operator u/grp_pe_r2_0_Pipeline_l_S_k_0_k_fu_61/mac_muladd_8s_8s_19s_19_4_1_U1/pe_r2_0_mac_muladd_8s_8s_19s_19_4_1_DSP48_0_U/m is absorbed into DSP u/grp_pe_r2_0_Pipeline_l_S_k_0_k_fu_61/mac_muladd_8s_8s_19s_19_4_1_U1/pe_r2_0_mac_muladd_8s_8s_19s_19_4_1_DSP48_0_U/p_reg_reg.
WARNING: [Synth 8-3936] Found unconnected internal register 'u/grp_pe_r3_0_Pipeline_l_S_k_0_k_fu_59/mac_muladd_8s_8s_19s_19_4_1_U1/pe_r3_0_mac_muladd_8s_8s_19s_19_4_1_DSP48_0_U/p_reg_reg' and it is trimmed from '46' to '19' bits. [/scratch/hc676/agentstudy/steady/moonshotai_kimi-k3__spmw/build/sim/pe_r3_0_mac_muladd_8s_8s_19s_19_4_1.v:41]
WARNING: [Synth 8-3936] Found unconnected internal register 'u/grp_pe_r3_0_Pipeline_l_S_k_0_k_fu_59/mac_muladd_8s_8s_19s_19_4_1_U1/pe_r3_0_mac_muladd_8s_8s_19s_19_4_1_DSP48_0_U/m_reg_reg' and it is trimmed from '45' to '19' bits. [/scratch/hc676/agentstudy/steady/moonshotai_kimi-k3__spmw/build/sim/pe_r3_0_mac_muladd_8s_8s_19s_19_4_1.v:34]
WARNING: [Synth 8-3936] Found unconnected internal register 'u/grp_pe_r3_0_Pipeline_l_S_k_0_k_fu_59/mac_muladd_8s_8s_19s_19_4_1_U1/pe_r3_0_mac_muladd_8s_8s_19s_19_4_1_DSP48_0_U/a_reg_reg' and it is trimmed from '27' to '19' bits. [/scratch/hc676/agentstudy/steady/moonshotai_kimi-k3__spmw/build/sim/pe_r3_0_mac_muladd_8s_8s_19s_19_4_1.v:33]
DSP Report: Generating DSP u/grp_pe_r3_0_Pipeline_l_S_k_0_k_fu_59/mac_muladd_8s_8s_19s_19_4_1_U1/pe_r3_0_mac_muladd_8s_8s_19s_19_4_1_DSP48_0_U/p_reg_reg, operation Mode is: (P or C)+(A2*B2)'.
DSP Report: register u/grp_pe_r3_0_Pipeline_l_S_k_0_k_fu_59/mac_muladd_8s_8s_19s_19_4_1_U1/pe_r3_0_mac_muladd_8s_8s_19s_19_4_1_DSP48_0_U/b_reg_reg is absorbed into DSP u/grp_pe_r3_0_Pipeline_l_S_k_0_k_fu_59/mac_muladd_8s_8s_19s_19_4_1_U1/pe_r3_0_mac_muladd_8s_8s_19s_19_4_1_DSP48_0_U/p_reg_reg.
DSP Report: register u/grp_pe_r3_0_Pipeline_l_S_k_0_k_fu_59/mac_muladd_8s_8s_19s_19_4_1_U1/pe_r3_0_mac_muladd_8s_8s_19s_19_4_1_DSP48_0_U/a_reg_reg is absorbed into DSP u/grp_pe_r3_0_Pipeline_l_S_k_0_k_fu_59/mac_muladd_8s_8s_19s_19_4_1_U1/pe_r3_0_mac_muladd_8s_8s_19s_19_4_1_DSP48_0_U/p_reg_reg.
DSP Report: register u/grp_pe_r3_0_Pipeline_l_S_k_0_k_fu_59/mac_muladd_8s_8s_19s_19_4_1_U1/pe_r3_0_mac_muladd_8s_8s_19s_19_4_1_DSP48_0_U/p_reg_reg is absorbed into DSP u/grp_pe_r3_0_Pipeline_l_S_k_0_k_fu_59/mac_muladd_8s_8s_19s_19_4_1_U1/pe_r3_0_mac_muladd_8s_8s_19s_19_4_1_DSP48_0_U/p_reg_reg.
DSP Report: register u/grp_pe_r3_0_Pipeline_l_S_k_0_k_fu_59/mac_muladd_8s_8s_19s_19_4_1_U1/pe_r3_0_mac_muladd_8s_8s_19s_19_4_1_DSP48_0_U/m_reg_reg is absorbed into DSP u/grp_pe_r3_0_Pipeline_l_S_k_0_k_fu_59/mac_muladd_8s_8s_19s_19_4_1_U1/pe_r3_0_mac_muladd_8s_8s_19s_19_4_1_DSP48_0_U/p_reg_reg.
DSP Report: operator u/grp_pe_r3_0_Pipeline_l_S_k_0_k_fu_59/mac_muladd_8s_8s_19s_19_4_1_U1/pe_r3_0_mac_muladd_8s_8s_19s_19_4_1_DSP48_0_U/p is absorbed into DSP u/grp_pe_r3_0_Pipeline_l_S_k_0_k_fu_59/mac_muladd_8s_8s_19s_19_4_1_U1/pe_r3_0_mac_muladd_8s_8s_19s_19_4_1_DSP48_0_U/p_reg_reg.
DSP Report: operator u/grp_pe_r3_0_Pipeline_l_S_k_0_k_fu_59/mac_muladd_8s_8s_19s_19_4_1_U1/pe_r3_0_mac_muladd_8s_8s_19s_19_4_1_DSP48_0_U/m is absorbed into DSP u/grp_pe_r3_0_Pipeline_l_S_k_0_k_fu_59/mac_muladd_8s_8s_19s_19_4_1_U1/pe_r3_0_mac_muladd_8s_8s_19s_19_4_1_DSP48_0_U/p_reg_reg.
DSP Report: Generating DSP u/grp_pe_r3_0_Pipeline_l_S_k_0_k_fu_59/mac_muladd_8s_8s_19s_19_4_1_U1/pe_r3_0_mac_muladd_8s_8s_19s_19_4_1_DSP48_0_U/p_reg_reg, operation Mode is: (P or C)+(A2*B2)'.
DSP Report: register u/grp_pe_r3_0_Pipeline_l_S_k_0_k_fu_59/mac_muladd_8s_8s_19s_19_4_1_U1/pe_r3_0_mac_muladd_8s_8s_19s_19_4_1_DSP48_0_U/b_reg_reg is absorbed into DSP u/grp_pe_r3_0_Pipeline_l_S_k_0_k_fu_59/mac_muladd_8s_8s_19s_19_4_1_U1/pe_r3_0_mac_muladd_8s_8s_19s_19_4_1_DSP48_0_U/p_reg_reg.
DSP Report: register u/grp_pe_r3_0_Pipeline_l_S_k_0_k_fu_59/mac_muladd_8s_8s_19s_19_4_1_U1/pe_r3_0_mac_muladd_8s_8s_19s_19_4_1_DSP48_0_U/a_reg_reg is absorbed into DSP u/grp_pe_r3_0_Pipeline_l_S_k_0_k_fu_59/mac_muladd_8s_8s_19s_19_4_1_U1/pe_r3_0_mac_muladd_8s_8s_19s_19_4_1_DSP48_0_U/p_reg_reg.
DSP Report: register u/grp_pe_r3_0_Pipeline_l_S_k_0_k_fu_59/mac_muladd_8s_8s_19s_19_4_1_U1/pe_r3_0_mac_muladd_8s_8s_19s_19_4_1_DSP48_0_U/p_reg_reg is absorbed into DSP u/grp_pe_r3_0_Pipeline_l_S_k_0_k_fu_59/mac_muladd_8s_8s_19s_19_4_1_U1/pe_r3_0_mac_muladd_8s_8s_19s_19_4_1_DSP48_0_U/p_reg_reg.
DSP Report: register u/grp_pe_r3_0_Pipeline_l_S_k_0_k_fu_59/mac_muladd_8s_8s_19s_19_4_1_U1/pe_r3_0_mac_muladd_8s_8s_19s_19_4_1_DSP48_0_U/m_reg_reg is absorbed into DSP u/grp_pe_r3_0_Pipeline_l_S_k_0_k_fu_59/mac_muladd_8s_8s_19s_19_4_1_U1/pe_r3_0_mac_muladd_8s_8s_19s_19_4_1_DSP48_0_U/p_reg_reg.
DSP Report: operator u/grp_pe_r3_0_Pipeline_l_S_k_0_k_fu_59/mac_muladd_8s_8s_19s_19_4_1_U1/pe_r3_0_mac_muladd_8s_8s_19s_19_4_1_DSP48_0_U/p is absorbed into DSP u/grp_pe_r3_0_Pipeline_l_S_k_0_k_fu_59/mac_muladd_8s_8s_19s_19_4_1_U1/pe_r3_0_mac_muladd_8s_8s_19s_19_4_1_DSP48_0_U/p_reg_reg.
DSP Report: operator u/grp_pe_r3_0_Pipeline_l_S_k_0_k_fu_59/mac_muladd_8s_8s_19s_19_4_1_U1/pe_r3_0_mac_muladd_8s_8s_19s_19_4_1_DSP48_0_U/m is absorbed into DSP u/grp_pe_r3_0_Pipeline_l_S_k_0_k_fu_59/mac_muladd_8s_8s_19s_19_4_1_U1/pe_r3_0_mac_muladd_8s_8s_19s_19_4_1_DSP48_0_U/p_reg_reg.
DSP Report: Generating DSP u/grp_pe_r3_0_Pipeline_l_S_k_0_k_fu_59/mac_muladd_8s_8s_19s_19_4_1_U1/pe_r3_0_mac_muladd_8s_8s_19s_19_4_1_DSP48_0_U/p_reg_reg, operation Mode is: (P or C)+(A2*B2)'.
DSP Report: register u/grp_pe_r3_0_Pipeline_l_S_k_0_k_fu_59/mac_muladd_8s_8s_19s_19_4_1_U1/pe_r3_0_mac_muladd_8s_8s_19s_19_4_1_DSP48_0_U/b_reg_reg is absorbed into DSP u/grp_pe_r3_0_Pipeline_l_S_k_0_k_fu_59/mac_muladd_8s_8s_19s_19_4_1_U1/pe_r3_0_mac_muladd_8s_8s_19s_19_4_1_DSP48_0_U/p_reg_reg.
DSP Report: register u/grp_pe_r3_0_Pipeline_l_S_k_0_k_fu_59/mac_muladd_8s_8s_19s_19_4_1_U1/pe_r3_0_mac_muladd_8s_8s_19s_19_4_1_DSP48_0_U/a_reg_reg is absorbed into DSP u/grp_pe_r3_0_Pipeline_l_S_k_0_k_fu_59/mac_muladd_8s_8s_19s_19_4_1_U1/pe_r3_0_mac_muladd_8s_8s_19s_19_4_1_DSP48_0_U/p_reg_reg.
DSP Report: register u/grp_pe_r3_0_Pipeline_l_S_k_0_k_fu_59/mac_muladd_8s_8s_19s_19_4_1_U1/pe_r3_0_mac_muladd_8s_8s_19s_19_4_1_DSP48_0_U/p_reg_reg is absorbed into DSP u/grp_pe_r3_0_Pipeline_l_S_k_0_k_fu_59/mac_muladd_8s_8s_19s_19_4_1_U1/pe_r3_0_mac_muladd_8s_8s_19s_19_4_1_DSP48_0_U/p_reg_reg.
DSP Report: register u/grp_pe_r3_0_Pipeline_l_S_k_0_k_fu_59/mac_muladd_8s_8s_19s_19_4_1_U1/pe_r3_0_mac_muladd_8s_8s_19s_19_4_1_DSP48_0_U/m_reg_reg is absorbed into DSP u/grp_pe_r3_0_Pipeline_l_S_k_0_k_fu_59/mac_muladd_8s_8s_19s_19_4_1_U1/pe_r3_0_mac_muladd_8s_8s_19s_19_4_1_DSP48_0_U/p_reg_reg.
DSP Report: operator u/grp_pe_r3_0_Pipeline_l_S_k_0_k_fu_59/mac_muladd_8s_8s_19s_19_4_1_U1/pe_r3_0_mac_muladd_8s_8s_19s_19_4_1_DSP48_0_U/p is absorbed into DSP u/grp_pe_r3_0_Pipeline_l_S_k_0_k_fu_59/mac_muladd_8s_8s_19s_19_4_1_U1/pe_r3_0_mac_muladd_8s_8s_19s_19_4_1_DSP48_0_U/p_reg_reg.
DSP Report: operator u/grp_pe_r3_0_Pipeline_l_S_k_0_k_fu_59/mac_muladd_8s_8s_19s_19_4_1_U1/pe_r3_0_mac_muladd_8s_8s_19s_19_4_1_DSP48_0_U/m is absorbed into DSP u/grp_pe_r3_0_Pipeline_l_S_k_0_k_fu_59/mac_muladd_8s_8s_19s_19_4_1_U1/pe_r3_0_mac_muladd_8s_8s_19s_19_4_1_DSP48_0_U/p_reg_reg.
DSP Report: Generating DSP u/grp_pe_r3_0_Pipeline_l_S_k_0_k_fu_59/mac_muladd_8s_8s_19s_19_4_1_U1/pe_r3_0_mac_muladd_8s_8s_19s_19_4_1_DSP48_0_U/p_reg_reg, operation Mode is: (P or C)+(A2*B2)'.
DSP Report: register u/grp_pe_r3_0_Pipeline_l_S_k_0_k_fu_59/mac_muladd_8s_8s_19s_19_4_1_U1/pe_r3_0_mac_muladd_8s_8s_19s_19_4_1_DSP48_0_U/b_reg_reg is absorbed into DSP u/grp_pe_r3_0_Pipeline_l_S_k_0_k_fu_59/mac_muladd_8s_8s_19s_19_4_1_U1/pe_r3_0_mac_muladd_8s_8s_19s_19_4_1_DSP48_0_U/p_reg_reg.
DSP Report: register u/grp_pe_r3_0_Pipeline_l_S_k_0_k_fu_59/mac_muladd_8s_8s_19s_19_4_1_U1/pe_r3_0_mac_muladd_8s_8s_19s_19_4_1_DSP48_0_U/a_reg_reg is absorbed into DSP u/grp_pe_r3_0_Pipeline_l_S_k_0_k_fu_59/mac_muladd_8s_8s_19s_19_4_1_U1/pe_r3_0_mac_muladd_8s_8s_19s_19_4_1_DSP48_0_U/p_reg_reg.
DSP Report: register u/grp_pe_r3_0_Pipeline_l_S_k_0_k_fu_59/mac_muladd_8s_8s_19s_19_4_1_U1/pe_r3_0_mac_muladd_8s_8s_19s_19_4_1_DSP48_0_U/p_reg_reg is absorbed into DSP u/grp_pe_r3_0_Pipeline_l_S_k_0_k_fu_59/mac_muladd_8s_8s_19s_19_4_1_U1/pe_r3_0_mac_muladd_8s_8s_19s_19_4_1_DSP48_0_U/p_reg_reg.
DSP Report: register u/grp_pe_r3_0_Pipeline_l_S_k_0_k_fu_59/mac_muladd_8s_8s_19s_19_4_1_U1/pe_r3_0_mac_muladd_8s_8s_19s_19_4_1_DSP48_0_U/m_reg_reg is absorbed into DSP u/grp_pe_r3_0_Pipeline_l_S_k_0_k_fu_59/mac_muladd_8s_8s_19s_19_4_1_U1/pe_r3_0_mac_muladd_8s_8s_19s_19_4_1_DSP48_0_U/p_reg_reg.
DSP Report: operator u/grp_pe_r3_0_Pipeline_l_S_k_0_k_fu_59/mac_muladd_8s_8s_19s_19_4_1_U1/pe_r3_0_mac_muladd_8s_8s_19s_19_4_1_DSP48_0_U/p is absorbed into DSP u/grp_pe_r3_0_Pipeline_l_S_k_0_k_fu_59/mac_muladd_8s_8s_19s_19_4_1_U1/pe_r3_0_mac_muladd_8s_8s_19s_19_4_1_DSP48_0_U/p_reg_reg.
DSP Report: operator u/grp_pe_r3_0_Pipeline_l_S_k_0_k_fu_59/mac_muladd_8s_8s_19s_19_4_1_U1/pe_r3_0_mac_muladd_8s_8s_19s_19_4_1_DSP48_0_U/m is absorbed into DSP u/grp_pe_r3_0_Pipeline_l_S_k_0_k_fu_59/mac_muladd_8s_8s_19s_19_4_1_U1/pe_r3_0_mac_muladd_8s_8s_19s_19_4_1_DSP48_0_U/p_reg_reg.
DSP Report: Generating DSP u/grp_pe_r3_0_Pipeline_l_S_k_0_k_fu_59/mac_muladd_8s_8s_19s_19_4_1_U1/pe_r3_0_mac_muladd_8s_8s_19s_19_4_1_DSP48_0_U/p_reg_reg, operation Mode is: (P or C)+(A2*B2)'.
DSP Report: register u/grp_pe_r3_0_Pipeline_l_S_k_0_k_fu_59/mac_muladd_8s_8s_19s_19_4_1_U1/pe_r3_0_mac_muladd_8s_8s_19s_19_4_1_DSP48_0_U/b_reg_reg is absorbed into DSP u/grp_pe_r3_0_Pipeline_l_S_k_0_k_fu_59/mac_muladd_8s_8s_19s_19_4_1_U1/pe_r3_0_mac_muladd_8s_8s_19s_19_4_1_DSP48_0_U/p_reg_reg.
DSP Report: register u/grp_pe_r3_0_Pipeline_l_S_k_0_k_fu_59/mac_muladd_8s_8s_19s_19_4_1_U1/pe_r3_0_mac_muladd_8s_8s_19s_19_4_1_DSP48_0_U/a_reg_reg is absorbed into DSP u/grp_pe_r3_0_Pipeline_l_S_k_0_k_fu_59/mac_muladd_8s_8s_19s_19_4_1_U1/pe_r3_0_mac_muladd_8s_8s_19s_19_4_1_DSP48_0_U/p_reg_reg.
DSP Report: register u/grp_pe_r3_0_Pipeline_l_S_k_0_k_fu_59/mac_muladd_8s_8s_19s_19_4_1_U1/pe_r3_0_mac_muladd_8s_8s_19s_19_4_1_DSP48_0_U/p_reg_reg is absorbed into DSP u/grp_pe_r3_0_Pipeline_l_S_k_0_k_fu_59/mac_muladd_8s_8s_19s_19_4_1_U1/pe_r3_0_mac_muladd_8s_8s_19s_19_4_1_DSP48_0_U/p_reg_reg.
DSP Report: register u/grp_pe_r3_0_Pipeline_l_S_k_0_k_fu_59/mac_muladd_8s_8s_19s_19_4_1_U1/pe_r3_0_mac_muladd_8s_8s_19s_19_4_1_DSP48_0_U/m_reg_reg is absorbed into DSP u/grp_pe_r3_0_Pipeline_l_S_k_0_k_fu_59/mac_muladd_8s_8s_19s_19_4_1_U1/pe_r3_0_mac_muladd_8s_8s_19s_19_4_1_DSP48_0_U/p_reg_reg.
DSP Report: operator u/grp_pe_r3_0_Pipeline_l_S_k_0_k_fu_59/mac_muladd_8s_8s_19s_19_4_1_U1/pe_r3_0_mac_muladd_8s_8s_19s_19_4_1_DSP48_0_U/p is absorbed into DSP u/grp_pe_r3_0_Pipeline_l_S_k_0_k_fu_59/mac_muladd_8s_8s_19s_19_4_1_U1/pe_r3_0_mac_muladd_8s_8s_19s_19_4_1_DSP48_0_U/p_reg_reg.
DSP Report: operator u/grp_pe_r3_0_Pipeline_l_S_k_0_k_fu_59/mac_muladd_8s_8s_19s_19_4_1_U1/pe_r3_0_mac_muladd_8s_8s_19s_19_4_1_DSP48_0_U/m is absorbed into DSP u/grp_pe_r3_0_Pipeline_l_S_k_0_k_fu_59/mac_muladd_8s_8s_19s_19_4_1_U1/pe_r3_0_mac_muladd_8s_8s_19s_19_4_1_DSP48_0_U/p_reg_reg.
DSP Report: Generating DSP u/grp_pe_r3_0_Pipeline_l_S_k_0_k_fu_59/mac_muladd_8s_8s_19s_19_4_1_U1/pe_r3_0_mac_muladd_8s_8s_19s_19_4_1_DSP48_0_U/p_reg_reg, operation Mode is: (P or C)+(A2*B2)'.
DSP Report: register u/grp_pe_r3_0_Pipeline_l_S_k_0_k_fu_59/mac_muladd_8s_8s_19s_19_4_1_U1/pe_r3_0_mac_muladd_8s_8s_19s_19_4_1_DSP48_0_U/b_reg_reg is absorbed into DSP u/grp_pe_r3_0_Pipeline_l_S_k_0_k_fu_59/mac_muladd_8s_8s_19s_19_4_1_U1/pe_r3_0_mac_muladd_8s_8s_19s_19_4_1_DSP48_0_U/p_reg_reg.
DSP Report: register u/grp_pe_r3_0_Pipeline_l_S_k_0_k_fu_59/mac_muladd_8s_8s_19s_19_4_1_U1/pe_r3_0_mac_muladd_8s_8s_19s_19_4_1_DSP48_0_U/a_reg_reg is absorbed into DSP u/grp_pe_r3_0_Pipeline_l_S_k_0_k_fu_59/mac_muladd_8s_8s_19s_19_4_1_U1/pe_r3_0_mac_muladd_8s_8s_19s_19_4_1_DSP48_0_U/p_reg_reg.
DSP Report: register u/grp_pe_r3_0_Pipeline_l_S_k_0_k_fu_59/mac_muladd_8s_8s_19s_19_4_1_U1/pe_r3_0_mac_muladd_8s_8s_19s_19_4_1_DSP48_0_U/p_reg_reg is absorbed into DSP u/grp_pe_r3_0_Pipeline_l_S_k_0_k_fu_59/mac_muladd_8s_8s_19s_19_4_1_U1/pe_r3_0_mac_muladd_8s_8s_19s_19_4_1_DSP48_0_U/p_reg_reg.
DSP Report: register u/grp_pe_r3_0_Pipeline_l_S_k_0_k_fu_59/mac_muladd_8s_8s_19s_19_4_1_U1/pe_r3_0_mac_muladd_8s_8s_19s_19_4_1_DSP48_0_U/m_reg_reg is absorbed into DSP u/grp_pe_r3_0_Pipeline_l_S_k_0_k_fu_59/mac_muladd_8s_8s_19s_19_4_1_U1/pe_r3_0_mac_muladd_8s_8s_19s_19_4_1_DSP48_0_U/p_reg_reg.
DSP Report: operator u/grp_pe_r3_0_Pipeline_l_S_k_0_k_fu_59/mac_muladd_8s_8s_19s_19_4_1_U1/pe_r3_0_mac_muladd_8s_8s_19s_19_4_1_DSP48_0_U/p is absorbed into DSP u/grp_pe_r3_0_Pipeline_l_S_k_0_k_fu_59/mac_muladd_8s_8s_19s_19_4_1_U1/pe_r3_0_mac_muladd_8s_8s_19s_19_4_1_DSP48_0_U/p_reg_reg.
DSP Report: operator u/grp_pe_r3_0_Pipeline_l_S_k_0_k_fu_59/mac_muladd_8s_8s_19s_19_4_1_U1/pe_r3_0_mac_muladd_8s_8s_19s_19_4_1_DSP48_0_U/m is absorbed into DSP u/grp_pe_r3_0_Pipeline_l_S_k_0_k_fu_59/mac_muladd_8s_8s_19s_19_4_1_U1/pe_r3_0_mac_muladd_8s_8s_19s_19_4_1_DSP48_0_U/p_reg_reg.
WARNING: [Synth 8-3936] Found unconnected internal register 'u/grp_pe_r4_0_Pipeline_l_S_k_0_k_fu_47/mac_muladd_8s_8s_19s_19_4_1_U1/pe_r4_0_mac_muladd_8s_8s_19s_19_4_1_DSP48_0_U/p_reg_reg' and it is trimmed from '46' to '19' bits. [/scratch/hc676/agentstudy/steady/moonshotai_kimi-k3__spmw/build/sim/pe_r4_0_mac_muladd_8s_8s_19s_19_4_1.v:41]
WARNING: [Synth 8-3936] Found unconnected internal register 'u/grp_pe_r4_0_Pipeline_l_S_k_0_k_fu_47/mac_muladd_8s_8s_19s_19_4_1_U1/pe_r4_0_mac_muladd_8s_8s_19s_19_4_1_DSP48_0_U/m_reg_reg' and it is trimmed from '45' to '19' bits. [/scratch/hc676/agentstudy/steady/moonshotai_kimi-k3__spmw/build/sim/pe_r4_0_mac_muladd_8s_8s_19s_19_4_1.v:34]
WARNING: [Synth 8-3936] Found unconnected internal register 'u/grp_pe_r4_0_Pipeline_l_S_k_0_k_fu_47/mac_muladd_8s_8s_19s_19_4_1_U1/pe_r4_0_mac_muladd_8s_8s_19s_19_4_1_DSP48_0_U/a_reg_reg' and it is trimmed from '27' to '19' bits. [/scratch/hc676/agentstudy/steady/moonshotai_kimi-k3__spmw/build/sim/pe_r4_0_mac_muladd_8s_8s_19s_19_4_1.v:33]
DSP Report: Generating DSP u/grp_pe_r4_0_Pipeline_l_S_k_0_k_fu_47/mac_muladd_8s_8s_19s_19_4_1_U1/pe_r4_0_mac_muladd_8s_8s_19s_19_4_1_DSP48_0_U/p_reg_reg, operation Mode is: (P or C)+(A2*B2)'.
DSP Report: register u/grp_pe_r4_0_Pipeline_l_S_k_0_k_fu_47/mac_muladd_8s_8s_19s_19_4_1_U1/pe_r4_0_mac_muladd_8s_8s_19s_19_4_1_DSP48_0_U/b_reg_reg is absorbed into DSP u/grp_pe_r4_0_Pipeline_l_S_k_0_k_fu_47/mac_muladd_8s_8s_19s_19_4_1_U1/pe_r4_0_mac_muladd_8s_8s_19s_19_4_1_DSP48_0_U/p_reg_reg.
DSP Report: register u/grp_pe_r4_0_Pipeline_l_S_k_0_k_fu_47/mac_muladd_8s_8s_19s_19_4_1_U1/pe_r4_0_mac_muladd_8s_8s_19s_19_4_1_DSP48_0_U/a_reg_reg is absorbed into DSP u/grp_pe_r4_0_Pipeline_l_S_k_0_k_fu_47/mac_muladd_8s_8s_19s_19_4_1_U1/pe_r4_0_mac_muladd_8s_8s_19s_19_4_1_DSP48_0_U/p_reg_reg.
DSP Report: register u/grp_pe_r4_0_Pipeline_l_S_k_0_k_fu_47/mac_muladd_8s_8s_19s_19_4_1_U1/pe_r4_0_mac_muladd_8s_8s_19s_19_4_1_DSP48_0_U/p_reg_reg is absorbed into DSP u/grp_pe_r4_0_Pipeline_l_S_k_0_k_fu_47/mac_muladd_8s_8s_19s_19_4_1_U1/pe_r4_0_mac_muladd_8s_8s_19s_19_4_1_DSP48_0_U/p_reg_reg.
DSP Report: register u/grp_pe_r4_0_Pipeline_l_S_k_0_k_fu_47/mac_muladd_8s_8s_19s_19_4_1_U1/pe_r4_0_mac_muladd_8s_8s_19s_19_4_1_DSP48_0_U/m_reg_reg is absorbed into DSP u/grp_pe_r4_0_Pipeline_l_S_k_0_k_fu_47/mac_muladd_8s_8s_19s_19_4_1_U1/pe_r4_0_mac_muladd_8s_8s_19s_19_4_1_DSP48_0_U/p_reg_reg.
DSP Report: operator u/grp_pe_r4_0_Pipeline_l_S_k_0_k_fu_47/mac_muladd_8s_8s_19s_19_4_1_U1/pe_r4_0_mac_muladd_8s_8s_19s_19_4_1_DSP48_0_U/p is absorbed into DSP u/grp_pe_r4_0_Pipeline_l_S_k_0_k_fu_47/mac_muladd_8s_8s_19s_19_4_1_U1/pe_r4_0_mac_muladd_8s_8s_19s_19_4_1_DSP48_0_U/p_reg_reg.
DSP Report: operator u/grp_pe_r4_0_Pipeline_l_S_k_0_k_fu_47/mac_muladd_8s_8s_19s_19_4_1_U1/pe_r4_0_mac_muladd_8s_8s_19s_19_4_1_DSP48_0_U/m is absorbed into DSP u/grp_pe_r4_0_Pipeline_l_S_k_0_k_fu_47/mac_muladd_8s_8s_19s_19_4_1_U1/pe_r4_0_mac_muladd_8s_8s_19s_19_4_1_DSP48_0_U/p_reg_reg.
DSP Report: Generating DSP u/grp_pe_r4_0_Pipeline_l_S_k_0_k_fu_47/mac_muladd_8s_8s_19s_19_4_1_U1/pe_r4_0_mac_muladd_8s_8s_19s_19_4_1_DSP48_0_U/p_reg_reg, operation Mode is: (P or C)+(A2*B2)'.
DSP Report: register u/grp_pe_r4_0_Pipeline_l_S_k_0_k_fu_47/mac_muladd_8s_8s_19s_19_4_1_U1/pe_r4_0_mac_muladd_8s_8s_19s_19_4_1_DSP48_0_U/b_reg_reg is absorbed into DSP u/grp_pe_r4_0_Pipeline_l_S_k_0_k_fu_47/mac_muladd_8s_8s_19s_19_4_1_U1/pe_r4_0_mac_muladd_8s_8s_19s_19_4_1_DSP48_0_U/p_reg_reg.
DSP Report: register u/grp_pe_r4_0_Pipeline_l_S_k_0_k_fu_47/mac_muladd_8s_8s_19s_19_4_1_U1/pe_r4_0_mac_muladd_8s_8s_19s_19_4_1_DSP48_0_U/a_reg_reg is absorbed into DSP u/grp_pe_r4_0_Pipeline_l_S_k_0_k_fu_47/mac_muladd_8s_8s_19s_19_4_1_U1/pe_r4_0_mac_muladd_8s_8s_19s_19_4_1_DSP48_0_U/p_reg_reg.
DSP Report: register u/grp_pe_r4_0_Pipeline_l_S_k_0_k_fu_47/mac_muladd_8s_8s_19s_19_4_1_U1/pe_r4_0_mac_muladd_8s_8s_19s_19_4_1_DSP48_0_U/p_reg_reg is absorbed into DSP u/grp_pe_r4_0_Pipeline_l_S_k_0_k_fu_47/mac_muladd_8s_8s_19s_19_4_1_U1/pe_r4_0_mac_muladd_8s_8s_19s_19_4_1_DSP48_0_U/p_reg_reg.
DSP Report: register u/grp_pe_r4_0_Pipeline_l_S_k_0_k_fu_47/mac_muladd_8s_8s_19s_19_4_1_U1/pe_r4_0_mac_muladd_8s_8s_19s_19_4_1_DSP48_0_U/m_reg_reg is absorbed into DSP u/grp_pe_r4_0_Pipeline_l_S_k_0_k_fu_47/mac_muladd_8s_8s_19s_19_4_1_U1/pe_r4_0_mac_muladd_8s_8s_19s_19_4_1_DSP48_0_U/p_reg_reg.
DSP Report: operator u/grp_pe_r4_0_Pipeline_l_S_k_0_k_fu_47/mac_muladd_8s_8s_19s_19_4_1_U1/pe_r4_0_mac_muladd_8s_8s_19s_19_4_1_DSP48_0_U/p is absorbed into DSP u/grp_pe_r4_0_Pipeline_l_S_k_0_k_fu_47/mac_muladd_8s_8s_19s_19_4_1_U1/pe_r4_0_mac_muladd_8s_8s_19s_19_4_1_DSP48_0_U/p_reg_reg.
DSP Report: operator u/grp_pe_r4_0_Pipeline_l_S_k_0_k_fu_47/mac_muladd_8s_8s_19s_19_4_1_U1/pe_r4_0_mac_muladd_8s_8s_19s_19_4_1_DSP48_0_U/m is absorbed into DSP u/grp_pe_r4_0_Pipeline_l_S_k_0_k_fu_47/mac_muladd_8s_8s_19s_19_4_1_U1/pe_r4_0_mac_muladd_8s_8s_19s_19_4_1_DSP48_0_U/p_reg_reg.
DSP Report: Generating DSP u/grp_pe_r4_0_Pipeline_l_S_k_0_k_fu_47/mac_muladd_8s_8s_19s_19_4_1_U1/pe_r4_0_mac_muladd_8s_8s_19s_19_4_1_DSP48_0_U/p_reg_reg, operation Mode is: (P or C)+(A2*B2)'.
DSP Report: register u/grp_pe_r4_0_Pipeline_l_S_k_0_k_fu_47/mac_muladd_8s_8s_19s_19_4_1_U1/pe_r4_0_mac_muladd_8s_8s_19s_19_4_1_DSP48_0_U/b_reg_reg is absorbed into DSP u/grp_pe_r4_0_Pipeline_l_S_k_0_k_fu_47/mac_muladd_8s_8s_19s_19_4_1_U1/pe_r4_0_mac_muladd_8s_8s_19s_19_4_1_DSP48_0_U/p_reg_reg.
DSP Report: register u/grp_pe_r4_0_Pipeline_l_S_k_0_k_fu_47/mac_muladd_8s_8s_19s_19_4_1_U1/pe_r4_0_mac_muladd_8s_8s_19s_19_4_1_DSP48_0_U/a_reg_reg is absorbed into DSP u/grp_pe_r4_0_Pipeline_l_S_k_0_k_fu_47/mac_muladd_8s_8s_19s_19_4_1_U1/pe_r4_0_mac_muladd_8s_8s_19s_19_4_1_DSP48_0_U/p_reg_reg.
DSP Report: register u/grp_pe_r4_0_Pipeline_l_S_k_0_k_fu_47/mac_muladd_8s_8s_19s_19_4_1_U1/pe_r4_0_mac_muladd_8s_8s_19s_19_4_1_DSP48_0_U/p_reg_reg is absorbed into DSP u/grp_pe_r4_0_Pipeline_l_S_k_0_k_fu_47/mac_muladd_8s_8s_19s_19_4_1_U1/pe_r4_0_mac_muladd_8s_8s_19s_19_4_1_DSP48_0_U/p_reg_reg.
DSP Report: register u/grp_pe_r4_0_Pipeline_l_S_k_0_k_fu_47/mac_muladd_8s_8s_19s_19_4_1_U1/pe_r4_0_mac_muladd_8s_8s_19s_19_4_1_DSP48_0_U/m_reg_reg is absorbed into DSP u/grp_pe_r4_0_Pipeline_l_S_k_0_k_fu_47/mac_muladd_8s_8s_19s_19_4_1_U1/pe_r4_0_mac_muladd_8s_8s_19s_19_4_1_DSP48_0_U/p_reg_reg.
DSP Report: operator u/grp_pe_r4_0_Pipeline_l_S_k_0_k_fu_47/mac_muladd_8s_8s_19s_19_4_1_U1/pe_r4_0_mac_muladd_8s_8s_19s_19_4_1_DSP48_0_U/p is absorbed into DSP u/grp_pe_r4_0_Pipeline_l_S_k_0_k_fu_47/mac_muladd_8s_8s_19s_19_4_1_U1/pe_r4_0_mac_muladd_8s_8s_19s_19_4_1_DSP48_0_U/p_reg_reg.
DSP Report: operator u/grp_pe_r4_0_Pipeline_l_S_k_0_k_fu_47/mac_muladd_8s_8s_19s_19_4_1_U1/pe_r4_0_mac_muladd_8s_8s_19s_19_4_1_DSP48_0_U/m is absorbed into DSP u/grp_pe_r4_0_Pipeline_l_S_k_0_k_fu_47/mac_muladd_8s_8s_19s_19_4_1_U1/pe_r4_0_mac_muladd_8s_8s_19s_19_4_1_DSP48_0_U/p_reg_reg.
DSP Report: Generating DSP u/grp_pe_r4_0_Pipeline_l_S_k_0_k_fu_47/mac_muladd_8s_8s_19s_19_4_1_U1/pe_r4_0_mac_muladd_8s_8s_19s_19_4_1_DSP48_0_U/p_reg_reg, operation Mode is: (P or C)+(A2*B2)'.
DSP Report: register u/grp_pe_r4_0_Pipeline_l_S_k_0_k_fu_47/mac_muladd_8s_8s_19s_19_4_1_U1/pe_r4_0_mac_muladd_8s_8s_19s_19_4_1_DSP48_0_U/b_reg_reg is absorbed into DSP u/grp_pe_r4_0_Pipeline_l_S_k_0_k_fu_47/mac_muladd_8s_8s_19s_19_4_1_U1/pe_r4_0_mac_muladd_8s_8s_19s_19_4_1_DSP48_0_U/p_reg_reg.
DSP Report: register u/grp_pe_r4_0_Pipeline_l_S_k_0_k_fu_47/mac_muladd_8s_8s_19s_19_4_1_U1/pe_r4_0_mac_muladd_8s_8s_19s_19_4_1_DSP48_0_U/a_reg_reg is absorbed into DSP u/grp_pe_r4_0_Pipeline_l_S_k_0_k_fu_47/mac_muladd_8s_8s_19s_19_4_1_U1/pe_r4_0_mac_muladd_8s_8s_19s_19_4_1_DSP48_0_U/p_reg_reg.
DSP Report: register u/grp_pe_r4_0_Pipeline_l_S_k_0_k_fu_47/mac_muladd_8s_8s_19s_19_4_1_U1/pe_r4_0_mac_muladd_8s_8s_19s_19_4_1_DSP48_0_U/p_reg_reg is absorbed into DSP u/grp_pe_r4_0_Pipeline_l_S_k_0_k_fu_47/mac_muladd_8s_8s_19s_19_4_1_U1/pe_r4_0_mac_muladd_8s_8s_19s_19_4_1_DSP48_0_U/p_reg_reg.
DSP Report: register u/grp_pe_r4_0_Pipeline_l_S_k_0_k_fu_47/mac_muladd_8s_8s_19s_19_4_1_U1/pe_r4_0_mac_muladd_8s_8s_19s_19_4_1_DSP48_0_U/m_reg_reg is absorbed into DSP u/grp_pe_r4_0_Pipeline_l_S_k_0_k_fu_47/mac_muladd_8s_8s_19s_19_4_1_U1/pe_r4_0_mac_muladd_8s_8s_19s_19_4_1_DSP48_0_U/p_reg_reg.
DSP Report: operator u/grp_pe_r4_0_Pipeline_l_S_k_0_k_fu_47/mac_muladd_8s_8s_19s_19_4_1_U1/pe_r4_0_mac_muladd_8s_8s_19s_19_4_1_DSP48_0_U/p is absorbed into DSP u/grp_pe_r4_0_Pipeline_l_S_k_0_k_fu_47/mac_muladd_8s_8s_19s_19_4_1_U1/pe_r4_0_mac_muladd_8s_8s_19s_19_4_1_DSP48_0_U/p_reg_reg.
DSP Report: operator u/grp_pe_r4_0_Pipeline_l_S_k_0_k_fu_47/mac_muladd_8s_8s_19s_19_4_1_U1/pe_r4_0_mac_muladd_8s_8s_19s_19_4_1_DSP48_0_U/m is absorbed into DSP u/grp_pe_r4_0_Pipeline_l_S_k_0_k_fu_47/mac_muladd_8s_8s_19s_19_4_1_U1/pe_r4_0_mac_muladd_8s_8s_19s_19_4_1_DSP48_0_U/p_reg_reg.
DSP Report: Generating DSP u/grp_pe_r4_0_Pipeline_l_S_k_0_k_fu_47/mac_muladd_8s_8s_19s_19_4_1_U1/pe_r4_0_mac_muladd_8s_8s_19s_19_4_1_DSP48_0_U/p_reg_reg, operation Mode is: (P or C)+(A2*B2)'.
DSP Report: register u/grp_pe_r4_0_Pipeline_l_S_k_0_k_fu_47/mac_muladd_8s_8s_19s_19_4_1_U1/pe_r4_0_mac_muladd_8s_8s_19s_19_4_1_DSP48_0_U/b_reg_reg is absorbed into DSP u/grp_pe_r4_0_Pipeline_l_S_k_0_k_fu_47/mac_muladd_8s_8s_19s_19_4_1_U1/pe_r4_0_mac_muladd_8s_8s_19s_19_4_1_DSP48_0_U/p_reg_reg.
DSP Report: register u/grp_pe_r4_0_Pipeline_l_S_k_0_k_fu_47/mac_muladd_8s_8s_19s_19_4_1_U1/pe_r4_0_mac_muladd_8s_8s_19s_19_4_1_DSP48_0_U/a_reg_reg is absorbed into DSP u/grp_pe_r4_0_Pipeline_l_S_k_0_k_fu_47/mac_muladd_8s_8s_19s_19_4_1_U1/pe_r4_0_mac_muladd_8s_8s_19s_19_4_1_DSP48_0_U/p_reg_reg.
DSP Report: register u/grp_pe_r4_0_Pipeline_l_S_k_0_k_fu_47/mac_muladd_8s_8s_19s_19_4_1_U1/pe_r4_0_mac_muladd_8s_8s_19s_19_4_1_DSP48_0_U/p_reg_reg is absorbed into DSP u/grp_pe_r4_0_Pipeline_l_S_k_0_k_fu_47/mac_muladd_8s_8s_19s_19_4_1_U1/pe_r4_0_mac_muladd_8s_8s_19s_19_4_1_DSP48_0_U/p_reg_reg.
DSP Report: register u/grp_pe_r4_0_Pipeline_l_S_k_0_k_fu_47/mac_muladd_8s_8s_19s_19_4_1_U1/pe_r4_0_mac_muladd_8s_8s_19s_19_4_1_DSP48_0_U/m_reg_reg is absorbed into DSP u/grp_pe_r4_0_Pipeline_l_S_k_0_k_fu_47/mac_muladd_8s_8s_19s_19_4_1_U1/pe_r4_0_mac_muladd_8s_8s_19s_19_4_1_DSP48_0_U/p_reg_reg.
DSP Report: operator u/grp_pe_r4_0_Pipeline_l_S_k_0_k_fu_47/mac_muladd_8s_8s_19s_19_4_1_U1/pe_r4_0_mac_muladd_8s_8s_19s_19_4_1_DSP48_0_U/p is absorbed into DSP u/grp_pe_r4_0_Pipeline_l_S_k_0_k_fu_47/mac_muladd_8s_8s_19s_19_4_1_U1/pe_r4_0_mac_muladd_8s_8s_19s_19_4_1_DSP48_0_U/p_reg_reg.
DSP Report: operator u/grp_pe_r4_0_Pipeline_l_S_k_0_k_fu_47/mac_muladd_8s_8s_19s_19_4_1_U1/pe_r4_0_mac_muladd_8s_8s_19s_19_4_1_DSP48_0_U/m is absorbed into DSP u/grp_pe_r4_0_Pipeline_l_S_k_0_k_fu_47/mac_muladd_8s_8s_19s_19_4_1_U1/pe_r4_0_mac_muladd_8s_8s_19s_19_4_1_DSP48_0_U/p_reg_reg.
DSP Report: Generating DSP u/grp_pe_r4_0_Pipeline_l_S_k_0_k_fu_47/mac_muladd_8s_8s_19s_19_4_1_U1/pe_r4_0_mac_muladd_8s_8s_19s_19_4_1_DSP48_0_U/p_reg_reg, operation Mode is: (P or C)+(A2*B2)'.
DSP Report: register u/grp_pe_r4_0_Pipeline_l_S_k_0_k_fu_47/mac_muladd_8s_8s_19s_19_4_1_U1/pe_r4_0_mac_muladd_8s_8s_19s_19_4_1_DSP48_0_U/b_reg_reg is absorbed into DSP u/grp_pe_r4_0_Pipeline_l_S_k_0_k_fu_47/mac_muladd_8s_8s_19s_19_4_1_U1/pe_r4_0_mac_muladd_8s_8s_19s_19_4_1_DSP48_0_U/p_reg_reg.
DSP Report: register u/grp_pe_r4_0_Pipeline_l_S_k_0_k_fu_47/mac_muladd_8s_8s_19s_19_4_1_U1/pe_r4_0_mac_muladd_8s_8s_19s_19_4_1_DSP48_0_U/a_reg_reg is absorbed into DSP u/grp_pe_r4_0_Pipeline_l_S_k_0_k_fu_47/mac_muladd_8s_8s_19s_19_4_1_U1/pe_r4_0_mac_muladd_8s_8s_19s_19_4_1_DSP48_0_U/p_reg_reg.
DSP Report: register u/grp_pe_r4_0_Pipeline_l_S_k_0_k_fu_47/mac_muladd_8s_8s_19s_19_4_1_U1/pe_r4_0_mac_muladd_8s_8s_19s_19_4_1_DSP48_0_U/p_reg_reg is absorbed into DSP u/grp_pe_r4_0_Pipeline_l_S_k_0_k_fu_47/mac_muladd_8s_8s_19s_19_4_1_U1/pe_r4_0_mac_muladd_8s_8s_19s_19_4_1_DSP48_0_U/p_reg_reg.
DSP Report: register u/grp_pe_r4_0_Pipeline_l_S_k_0_k_fu_47/mac_muladd_8s_8s_19s_19_4_1_U1/pe_r4_0_mac_muladd_8s_8s_19s_19_4_1_DSP48_0_U/m_reg_reg is absorbed into DSP u/grp_pe_r4_0_Pipeline_l_S_k_0_k_fu_47/mac_muladd_8s_8s_19s_19_4_1_U1/pe_r4_0_mac_muladd_8s_8s_19s_19_4_1_DSP48_0_U/p_reg_reg.
DSP Report: operator u/grp_pe_r4_0_Pipeline_l_S_k_0_k_fu_47/mac_muladd_8s_8s_19s_19_4_1_U1/pe_r4_0_mac_muladd_8s_8s_19s_19_4_1_DSP48_0_U/p is absorbed into DSP u/grp_pe_r4_0_Pipeline_l_S_k_0_k_fu_47/mac_muladd_8s_8s_19s_19_4_1_U1/pe_r4_0_mac_muladd_8s_8s_19s_19_4_1_DSP48_0_U/p_reg_reg.
DSP Report: operator u/grp_pe_r4_0_Pipeline_l_S_k_0_k_fu_47/mac_muladd_8s_8s_19s_19_4_1_U1/pe_r4_0_mac_muladd_8s_8s_19s_19_4_1_DSP48_0_U/m is absorbed into DSP u/grp_pe_r4_0_Pipeline_l_S_k_0_k_fu_47/mac_muladd_8s_8s_19s_19_4_1_U1/pe_r4_0_mac_muladd_8s_8s_19s_19_4_1_DSP48_0_U/p_reg_reg.
WARNING: [Synth 8-3936] Found unconnected internal register 'u/grp_pe_r5_0_Pipeline_l_S_k_0_k_fu_57/mac_muladd_8s_8s_19s_19_4_1_U1/pe_r5_0_mac_muladd_8s_8s_19s_19_4_1_DSP48_0_U/p_reg_reg' and it is trimmed from '46' to '19' bits. [/scratch/hc676/agentstudy/steady/moonshotai_kimi-k3__spmw/build/sim/pe_r5_0_mac_muladd_8s_8s_19s_19_4_1.v:41]
WARNING: [Synth 8-3936] Found unconnected internal register 'u/grp_pe_r5_0_Pipeline_l_S_k_0_k_fu_57/mac_muladd_8s_8s_19s_19_4_1_U1/pe_r5_0_mac_muladd_8s_8s_19s_19_4_1_DSP48_0_U/m_reg_reg' and it is trimmed from '45' to '19' bits. [/scratch/hc676/agentstudy/steady/moonshotai_kimi-k3__spmw/build/sim/pe_r5_0_mac_muladd_8s_8s_19s_19_4_1.v:34]
WARNING: [Synth 8-3936] Found unconnected internal register 'u/grp_pe_r5_0_Pipeline_l_S_k_0_k_fu_57/mac_muladd_8s_8s_19s_19_4_1_U1/pe_r5_0_mac_muladd_8s_8s_19s_19_4_1_DSP48_0_U/a_reg_reg' and it is trimmed from '27' to '19' bits. [/scratch/hc676/agentstudy/steady/moonshotai_kimi-k3__spmw/build/sim/pe_r5_0_mac_muladd_8s_8s_19s_19_4_1.v:33]
DSP Report: Generating DSP u/grp_pe_r5_0_Pipeline_l_S_k_0_k_fu_57/mac_muladd_8s_8s_19s_19_4_1_U1/pe_r5_0_mac_muladd_8s_8s_19s_19_4_1_DSP48_0_U/p_reg_reg, operation Mode is: (P or C)+(A2*B2)'.
DSP Report: register u/grp_pe_r5_0_Pipeline_l_S_k_0_k_fu_57/mac_muladd_8s_8s_19s_19_4_1_U1/pe_r5_0_mac_muladd_8s_8s_19s_19_4_1_DSP48_0_U/b_reg_reg is absorbed into DSP u/grp_pe_r5_0_Pipeline_l_S_k_0_k_fu_57/mac_muladd_8s_8s_19s_19_4_1_U1/pe_r5_0_mac_muladd_8s_8s_19s_19_4_1_DSP48_0_U/p_reg_reg.
DSP Report: register u/grp_pe_r5_0_Pipeline_l_S_k_0_k_fu_57/mac_muladd_8s_8s_19s_19_4_1_U1/pe_r5_0_mac_muladd_8s_8s_19s_19_4_1_DSP48_0_U/a_reg_reg is absorbed into DSP u/grp_pe_r5_0_Pipeline_l_S_k_0_k_fu_57/mac_muladd_8s_8s_19s_19_4_1_U1/pe_r5_0_mac_muladd_8s_8s_19s_19_4_1_DSP48_0_U/p_reg_reg.
DSP Report: register u/grp_pe_r5_0_Pipeline_l_S_k_0_k_fu_57/mac_muladd_8s_8s_19s_19_4_1_U1/pe_r5_0_mac_muladd_8s_8s_19s_19_4_1_DSP48_0_U/p_reg_reg is absorbed into DSP u/grp_pe_r5_0_Pipeline_l_S_k_0_k_fu_57/mac_muladd_8s_8s_19s_19_4_1_U1/pe_r5_0_mac_muladd_8s_8s_19s_19_4_1_DSP48_0_U/p_reg_reg.
DSP Report: register u/grp_pe_r5_0_Pipeline_l_S_k_0_k_fu_57/mac_muladd_8s_8s_19s_19_4_1_U1/pe_r5_0_mac_muladd_8s_8s_19s_19_4_1_DSP48_0_U/m_reg_reg is absorbed into DSP u/grp_pe_r5_0_Pipeline_l_S_k_0_k_fu_57/mac_muladd_8s_8s_19s_19_4_1_U1/pe_r5_0_mac_muladd_8s_8s_19s_19_4_1_DSP48_0_U/p_reg_reg.
DSP Report: operator u/grp_pe_r5_0_Pipeline_l_S_k_0_k_fu_57/mac_muladd_8s_8s_19s_19_4_1_U1/pe_r5_0_mac_muladd_8s_8s_19s_19_4_1_DSP48_0_U/p is absorbed into DSP u/grp_pe_r5_0_Pipeline_l_S_k_0_k_fu_57/mac_muladd_8s_8s_19s_19_4_1_U1/pe_r5_0_mac_muladd_8s_8s_19s_19_4_1_DSP48_0_U/p_reg_reg.
DSP Report: operator u/grp_pe_r5_0_Pipeline_l_S_k_0_k_fu_57/mac_muladd_8s_8s_19s_19_4_1_U1/pe_r5_0_mac_muladd_8s_8s_19s_19_4_1_DSP48_0_U/m is absorbed into DSP u/grp_pe_r5_0_Pipeline_l_S_k_0_k_fu_57/mac_muladd_8s_8s_19s_19_4_1_U1/pe_r5_0_mac_muladd_8s_8s_19s_19_4_1_DSP48_0_U/p_reg_reg.
WARNING: [Synth 8-3936] Found unconnected internal register 'u/grp_pe_r6_0_Pipeline_l_S_k_0_k_fu_59/mac_muladd_8s_8s_19s_19_4_1_U1/pe_r6_0_mac_muladd_8s_8s_19s_19_4_1_DSP48_0_U/p_reg_reg' and it is trimmed from '46' to '19' bits. [/scratch/hc676/agentstudy/steady/moonshotai_kimi-k3__spmw/build/sim/pe_r6_0_mac_muladd_8s_8s_19s_19_4_1.v:41]
WARNING: [Synth 8-3936] Found unconnected internal register 'u/grp_pe_r6_0_Pipeline_l_S_k_0_k_fu_59/mac_muladd_8s_8s_19s_19_4_1_U1/pe_r6_0_mac_muladd_8s_8s_19s_19_4_1_DSP48_0_U/m_reg_reg' and it is trimmed from '45' to '19' bits. [/scratch/hc676/agentstudy/steady/moonshotai_kimi-k3__spmw/build/sim/pe_r6_0_mac_muladd_8s_8s_19s_19_4_1.v:34]
WARNING: [Synth 8-3936] Found unconnected internal register 'u/grp_pe_r6_0_Pipeline_l_S_k_0_k_fu_59/mac_muladd_8s_8s_19s_19_4_1_U1/pe_r6_0_mac_muladd_8s_8s_19s_19_4_1_DSP48_0_U/a_reg_reg' and it is trimmed from '27' to '19' bits. [/scratch/hc676/agentstudy/steady/moonshotai_kimi-k3__spmw/build/sim/pe_r6_0_mac_muladd_8s_8s_19s_19_4_1.v:33]
DSP Report: Generating DSP u/grp_pe_r6_0_Pipeline_l_S_k_0_k_fu_59/mac_muladd_8s_8s_19s_19_4_1_U1/pe_r6_0_mac_muladd_8s_8s_19s_19_4_1_DSP48_0_U/p_reg_reg, operation Mode is: (P or C)+(A2*B2)'.
DSP Report: register u/grp_pe_r6_0_Pipeline_l_S_k_0_k_fu_59/mac_muladd_8s_8s_19s_19_4_1_U1/pe_r6_0_mac_muladd_8s_8s_19s_19_4_1_DSP48_0_U/b_reg_reg is absorbed into DSP u/grp_pe_r6_0_Pipeline_l_S_k_0_k_fu_59/mac_muladd_8s_8s_19s_19_4_1_U1/pe_r6_0_mac_muladd_8s_8s_19s_19_4_1_DSP48_0_U/p_reg_reg.
DSP Report: register u/grp_pe_r6_0_Pipeline_l_S_k_0_k_fu_59/mac_muladd_8s_8s_19s_19_4_1_U1/pe_r6_0_mac_muladd_8s_8s_19s_19_4_1_DSP48_0_U/a_reg_reg is absorbed into DSP u/grp_pe_r6_0_Pipeline_l_S_k_0_k_fu_59/mac_muladd_8s_8s_19s_19_4_1_U1/pe_r6_0_mac_muladd_8s_8s_19s_19_4_1_DSP48_0_U/p_reg_reg.
DSP Report: register u/grp_pe_r6_0_Pipeline_l_S_k_0_k_fu_59/mac_muladd_8s_8s_19s_19_4_1_U1/pe_r6_0_mac_muladd_8s_8s_19s_19_4_1_DSP48_0_U/p_reg_reg is absorbed into DSP u/grp_pe_r6_0_Pipeline_l_S_k_0_k_fu_59/mac_muladd_8s_8s_19s_19_4_1_U1/pe_r6_0_mac_muladd_8s_8s_19s_19_4_1_DSP48_0_U/p_reg_reg.
DSP Report: register u/grp_pe_r6_0_Pipeline_l_S_k_0_k_fu_59/mac_muladd_8s_8s_19s_19_4_1_U1/pe_r6_0_mac_muladd_8s_8s_19s_19_4_1_DSP48_0_U/m_reg_reg is absorbed into DSP u/grp_pe_r6_0_Pipeline_l_S_k_0_k_fu_59/mac_muladd_8s_8s_19s_19_4_1_U1/pe_r6_0_mac_muladd_8s_8s_19s_19_4_1_DSP48_0_U/p_reg_reg.
DSP Report: operator u/grp_pe_r6_0_Pipeline_l_S_k_0_k_fu_59/mac_muladd_8s_8s_19s_19_4_1_U1/pe_r6_0_mac_muladd_8s_8s_19s_19_4_1_DSP48_0_U/p is absorbed into DSP u/grp_pe_r6_0_Pipeline_l_S_k_0_k_fu_59/mac_muladd_8s_8s_19s_19_4_1_U1/pe_r6_0_mac_muladd_8s_8s_19s_19_4_1_DSP48_0_U/p_reg_reg.
DSP Report: operator u/grp_pe_r6_0_Pipeline_l_S_k_0_k_fu_59/mac_muladd_8s_8s_19s_19_4_1_U1/pe_r6_0_mac_muladd_8s_8s_19s_19_4_1_DSP48_0_U/m is absorbed into DSP u/grp_pe_r6_0_Pipeline_l_S_k_0_k_fu_59/mac_muladd_8s_8s_19s_19_4_1_U1/pe_r6_0_mac_muladd_8s_8s_19s_19_4_1_DSP48_0_U/p_reg_reg.
WARNING: [Synth 8-3936] Found unconnected internal register 'u/grp_pe_r7_0_Pipeline_l_S_k_0_k_fu_45/mac_muladd_8s_8s_19s_19_4_1_U1/pe_r7_0_mac_muladd_8s_8s_19s_19_4_1_DSP48_0_U/p_reg_reg' and it is trimmed from '46' to '19' bits. [/scratch/hc676/agentstudy/steady/moonshotai_kimi-k3__spmw/build/sim/pe_r7_0_mac_muladd_8s_8s_19s_19_4_1.v:41]
WARNING: [Synth 8-3936] Found unconnected internal register 'u/grp_pe_r7_0_Pipeline_l_S_k_0_k_fu_45/mac_muladd_8s_8s_19s_19_4_1_U1/pe_r7_0_mac_muladd_8s_8s_19s_19_4_1_DSP48_0_U/m_reg_reg' and it is trimmed from '45' to '19' bits. [/scratch/hc676/agentstudy/steady/moonshotai_kimi-k3__spmw/build/sim/pe_r7_0_mac_muladd_8s_8s_19s_19_4_1.v:34]
WARNING: [Synth 8-3936] Found unconnected internal register 'u/grp_pe_r7_0_Pipeline_l_S_k_0_k_fu_45/mac_muladd_8s_8s_19s_19_4_1_U1/pe_r7_0_mac_muladd_8s_8s_19s_19_4_1_DSP48_0_U/a_reg_reg' and it is trimmed from '27' to '19' bits. [/scratch/hc676/agentstudy/steady/moonshotai_kimi-k3__spmw/build/sim/pe_r7_0_mac_muladd_8s_8s_19s_19_4_1.v:33]
DSP Report: Generating DSP u/grp_pe_r7_0_Pipeline_l_S_k_0_k_fu_45/mac_muladd_8s_8s_19s_19_4_1_U1/pe_r7_0_mac_muladd_8s_8s_19s_19_4_1_DSP48_0_U/p_reg_reg, operation Mode is: (P or C)+(A2*B2)'.
DSP Report: register u/grp_pe_r7_0_Pipeline_l_S_k_0_k_fu_45/mac_muladd_8s_8s_19s_19_4_1_U1/pe_r7_0_mac_muladd_8s_8s_19s_19_4_1_DSP48_0_U/b_reg_reg is absorbed into DSP u/grp_pe_r7_0_Pipeline_l_S_k_0_k_fu_45/mac_muladd_8s_8s_19s_19_4_1_U1/pe_r7_0_mac_muladd_8s_8s_19s_19_4_1_DSP48_0_U/p_reg_reg.
DSP Report: register u/grp_pe_r7_0_Pipeline_l_S_k_0_k_fu_45/mac_muladd_8s_8s_19s_19_4_1_U1/pe_r7_0_mac_muladd_8s_8s_19s_19_4_1_DSP48_0_U/a_reg_reg is absorbed into DSP u/grp_pe_r7_0_Pipeline_l_S_k_0_k_fu_45/mac_muladd_8s_8s_19s_19_4_1_U1/pe_r7_0_mac_muladd_8s_8s_19s_19_4_1_DSP48_0_U/p_reg_reg.
DSP Report: register u/grp_pe_r7_0_Pipeline_l_S_k_0_k_fu_45/mac_muladd_8s_8s_19s_19_4_1_U1/pe_r7_0_mac_muladd_8s_8s_19s_19_4_1_DSP48_0_U/p_reg_reg is absorbed into DSP u/grp_pe_r7_0_Pipeline_l_S_k_0_k_fu_45/mac_muladd_8s_8s_19s_19_4_1_U1/pe_r7_0_mac_muladd_8s_8s_19s_19_4_1_DSP48_0_U/p_reg_reg.
DSP Report: register u/grp_pe_r7_0_Pipeline_l_S_k_0_k_fu_45/mac_muladd_8s_8s_19s_19_4_1_U1/pe_r7_0_mac_muladd_8s_8s_19s_19_4_1_DSP48_0_U/m_reg_reg is absorbed into DSP u/grp_pe_r7_0_Pipeline_l_S_k_0_k_fu_45/mac_muladd_8s_8s_19s_19_4_1_U1/pe_r7_0_mac_muladd_8s_8s_19s_19_4_1_DSP48_0_U/p_reg_reg.
DSP Report: operator u/grp_pe_r7_0_Pipeline_l_S_k_0_k_fu_45/mac_muladd_8s_8s_19s_19_4_1_U1/pe_r7_0_mac_muladd_8s_8s_19s_19_4_1_DSP48_0_U/p is absorbed into DSP u/grp_pe_r7_0_Pipeline_l_S_k_0_k_fu_45/mac_muladd_8s_8s_19s_19_4_1_U1/pe_r7_0_mac_muladd_8s_8s_19s_19_4_1_DSP48_0_U/p_reg_reg.
DSP Report: operator u/grp_pe_r7_0_Pipeline_l_S_k_0_k_fu_45/mac_muladd_8s_8s_19s_19_4_1_U1/pe_r7_0_mac_muladd_8s_8s_19s_19_4_1_DSP48_0_U/m is absorbed into DSP u/grp_pe_r7_0_Pipeline_l_S_k_0_k_fu_45/mac_muladd_8s_8s_19s_19_4_1_U1/pe_r7_0_mac_muladd_8s_8s_19s_19_4_1_DSP48_0_U/p_reg_reg.
WARNING: [Synth 8-3936] Found unconnected internal register 'u/grp_pe_r8_0_Pipeline_l_S_k_0_k_fu_47/mac_muladd_8s_8s_19s_19_4_1_U1/pe_r8_0_mac_muladd_8s_8s_19s_19_4_1_DSP48_0_U/p_reg_reg' and it is trimmed from '46' to '19' bits. [/scratch/hc676/agentstudy/steady/moonshotai_kimi-k3__spmw/build/sim/pe_r8_0_mac_muladd_8s_8s_19s_19_4_1.v:41]
WARNING: [Synth 8-3936] Found unconnected internal register 'u/grp_pe_r8_0_Pipeline_l_S_k_0_k_fu_47/mac_muladd_8s_8s_19s_19_4_1_U1/pe_r8_0_mac_muladd_8s_8s_19s_19_4_1_DSP48_0_U/m_reg_reg' and it is trimmed from '45' to '19' bits. [/scratch/hc676/agentstudy/steady/moonshotai_kimi-k3__spmw/build/sim/pe_r8_0_mac_muladd_8s_8s_19s_19_4_1.v:34]
WARNING: [Synth 8-3936] Found unconnected internal register 'u/grp_pe_r8_0_Pipeline_l_S_k_0_k_fu_47/mac_muladd_8s_8s_19s_19_4_1_U1/pe_r8_0_mac_muladd_8s_8s_19s_19_4_1_DSP48_0_U/a_reg_reg' and it is trimmed from '27' to '19' bits. [/scratch/hc676/agentstudy/steady/moonshotai_kimi-k3__spmw/build/sim/pe_r8_0_mac_muladd_8s_8s_19s_19_4_1.v:33]
DSP Report: Generating DSP u/grp_pe_r8_0_Pipeline_l_S_k_0_k_fu_47/mac_muladd_8s_8s_19s_19_4_1_U1/pe_r8_0_mac_muladd_8s_8s_19s_19_4_1_DSP48_0_U/p_reg_reg, operation Mode is: (P or C)+(A2*B2)'.
DSP Report: register u/grp_pe_r8_0_Pipeline_l_S_k_0_k_fu_47/mac_muladd_8s_8s_19s_19_4_1_U1/pe_r8_0_mac_muladd_8s_8s_19s_19_4_1_DSP48_0_U/b_reg_reg is absorbed into DSP u/grp_pe_r8_0_Pipeline_l_S_k_0_k_fu_47/mac_muladd_8s_8s_19s_19_4_1_U1/pe_r8_0_mac_muladd_8s_8s_19s_19_4_1_DSP48_0_U/p_reg_reg.
DSP Report: register u/grp_pe_r8_0_Pipeline_l_S_k_0_k_fu_47/mac_muladd_8s_8s_19s_19_4_1_U1/pe_r8_0_mac_muladd_8s_8s_19s_19_4_1_DSP48_0_U/a_reg_reg is absorbed into DSP u/grp_pe_r8_0_Pipeline_l_S_k_0_k_fu_47/mac_muladd_8s_8s_19s_19_4_1_U1/pe_r8_0_mac_muladd_8s_8s_19s_19_4_1_DSP48_0_U/p_reg_reg.
DSP Report: register u/grp_pe_r8_0_Pipeline_l_S_k_0_k_fu_47/mac_muladd_8s_8s_19s_19_4_1_U1/pe_r8_0_mac_muladd_8s_8s_19s_19_4_1_DSP48_0_U/p_reg_reg is absorbed into DSP u/grp_pe_r8_0_Pipeline_l_S_k_0_k_fu_47/mac_muladd_8s_8s_19s_19_4_1_U1/pe_r8_0_mac_muladd_8s_8s_19s_19_4_1_DSP48_0_U/p_reg_reg.
DSP Report: register u/grp_pe_r8_0_Pipeline_l_S_k_0_k_fu_47/mac_muladd_8s_8s_19s_19_4_1_U1/pe_r8_0_mac_muladd_8s_8s_19s_19_4_1_DSP48_0_U/m_reg_reg is absorbed into DSP u/grp_pe_r8_0_Pipeline_l_S_k_0_k_fu_47/mac_muladd_8s_8s_19s_19_4_1_U1/pe_r8_0_mac_muladd_8s_8s_19s_19_4_1_DSP48_0_U/p_reg_reg.
DSP Report: operator u/grp_pe_r8_0_Pipeline_l_S_k_0_k_fu_47/mac_muladd_8s_8s_19s_19_4_1_U1/pe_r8_0_mac_muladd_8s_8s_19s_19_4_1_DSP48_0_U/p is absorbed into DSP u/grp_pe_r8_0_Pipeline_l_S_k_0_k_fu_47/mac_muladd_8s_8s_19s_19_4_1_U1/pe_r8_0_mac_muladd_8s_8s_19s_19_4_1_DSP48_0_U/p_reg_reg.
DSP Report: operator u/grp_pe_r8_0_Pipeline_l_S_k_0_k_fu_47/mac_muladd_8s_8s_19s_19_4_1_U1/pe_r8_0_mac_muladd_8s_8s_19s_19_4_1_DSP48_0_U/m is absorbed into DSP u/grp_pe_r8_0_Pipeline_l_S_k_0_k_fu_47/mac_muladd_8s_8s_19s_19_4_1_U1/pe_r8_0_mac_muladd_8s_8s_19s_19_4_1_DSP48_0_U/p_reg_reg.
---------------------------------------------------------------------------------
Finished Cross Boundary and Area Optimization : Time (s): cpu = 00:00:36 ; elapsed = 00:00:37 . Memory (MB): peak = 3587.859 ; gain = 672.312 ; free physical = 95090 ; free virtual = 184702
---------------------------------------------------------------------------------
 Sort Area is  u/grp_pe_r0_0_Pipeline_l_S_k_0_k_fu_61/mac_muladd_8s_8s_19s_19_4_1_U1/pe_r0_0_mac_muladd_8s_8s_19s_19_4_1_DSP48_0_U/p_reg_reg_0 : 0 0 : 713 713 : Used 1 time 100
 Sort Area is  u/grp_pe_r0_0_Pipeline_l_S_k_0_k_fu_61/mac_muladd_8s_8s_19s_19_4_1_U1/pe_r0_0_mac_muladd_8s_8s_19s_19_4_1_DSP48_0_U/p_reg_reg_10 : 0 0 : 713 713 : Used 1 time 100
 Sort Area is  u/grp_pe_r0_0_Pipeline_l_S_k_0_k_fu_61/mac_muladd_8s_8s_19s_19_4_1_U1/pe_r0_0_mac_muladd_8s_8s_19s_19_4_1_DSP48_0_U/p_reg_reg_11 : 0 0 : 713 713 : Used 1 time 100
 Sort Area is  u/grp_pe_r0_0_Pipeline_l_S_k_0_k_fu_61/mac_muladd_8s_8s_19s_19_4_1_U1/pe_r0_0_mac_muladd_8s_8s_19s_19_4_1_DSP48_0_U/p_reg_reg_12 : 0 0 : 713 713 : Used 1 time 100
 Sort Area is  u/grp_pe_r0_0_Pipeline_l_S_k_0_k_fu_61/mac_muladd_8s_8s_19s_19_4_1_U1/pe_r0_0_mac_muladd_8s_8s_19s_19_4_1_DSP48_0_U/p_reg_reg_13 : 0 0 : 713 713 : Used 1 time 100
 Sort Area is  u/grp_pe_r0_0_Pipeline_l_S_k_0_k_fu_61/mac_muladd_8s_8s_19s_19_4_1_U1/pe_r0_0_mac_muladd_8s_8s_19s_19_4_1_DSP48_0_U/p_reg_reg_14 : 0 0 : 713 713 : Used 1 time 100
 Sort Area is  u/grp_pe_r0_0_Pipeline_l_S_k_0_k_fu_61/mac_muladd_8s_8s_19s_19_4_1_U1/pe_r0_0_mac_muladd_8s_8s_19s_19_4_1_DSP48_0_U/p_reg_reg_15 : 0 0 : 713 713 : Used 1 time 100
 Sort Area is  u/grp_pe_r0_0_Pipeline_l_S_k_0_k_fu_61/mac_muladd_8s_8s_19s_19_4_1_U1/pe_r0_0_mac_muladd_8s_8s_19s_19_4_1_DSP48_0_U/p_reg_reg_16 : 0 0 : 713 713 : Used 1 time 100
 Sort Area is  u/grp_pe_r0_0_Pipeline_l_S_k_0_k_fu_61/mac_muladd_8s_8s_19s_19_4_1_U1/pe_r0_0_mac_muladd_8s_8s_19s_19_4_1_DSP48_0_U/p_reg_reg_17 : 0 0 : 713 713 : Used 1 time 100
 Sort Area is  u/grp_pe_r0_0_Pipeline_l_S_k_0_k_fu_61/mac_muladd_8s_8s_19s_19_4_1_U1/pe_r0_0_mac_muladd_8s_8s_19s_19_4_1_DSP48_0_U/p_reg_reg_18 : 0 0 : 713 713 : Used 1 time 100
 Sort Area is  u/grp_pe_r0_0_Pipeline_l_S_k_0_k_fu_61/mac_muladd_8s_8s_19s_19_4_1_U1/pe_r0_0_mac_muladd_8s_8s_19s_19_4_1_DSP48_0_U/p_reg_reg_19 : 0 0 : 713 713 : Used 1 time 100
 Sort Area is  u/grp_pe_r0_0_Pipeline_l_S_k_0_k_fu_61/mac_muladd_8s_8s_19s_19_4_1_U1/pe_r0_0_mac_muladd_8s_8s_19s_19_4_1_DSP48_0_U/p_reg_reg_1a : 0 0 : 713 713 : Used 1 time 100
 Sort Area is  u/grp_pe_r0_0_Pipeline_l_S_k_0_k_fu_61/mac_muladd_8s_8s_19s_19_4_1_U1/pe_r0_0_mac_muladd_8s_8s_19s_19_4_1_DSP48_0_U/p_reg_reg_1b : 0 0 : 713 713 : Used 1 time 100
 Sort Area is  u/grp_pe_r0_0_Pipeline_l_S_k_0_k_fu_61/mac_muladd_8s_8s_19s_19_4_1_U1/pe_r0_0_mac_muladd_8s_8s_19s_19_4_1_DSP48_0_U/p_reg_reg_1c : 0 0 : 713 713 : Used 1 time 100
 Sort Area is  u/grp_pe_r0_0_Pipeline_l_S_k_0_k_fu_61/mac_muladd_8s_8s_19s_19_4_1_U1/pe_r0_0_mac_muladd_8s_8s_19s_19_4_1_DSP48_0_U/p_reg_reg_1d : 0 0 : 713 713 : Used 1 time 100
 Sort Area is  u/grp_pe_r0_0_Pipeline_l_S_k_0_k_fu_61/mac_muladd_8s_8s_19s_19_4_1_U1/pe_r0_0_mac_muladd_8s_8s_19s_19_4_1_DSP48_0_U/p_reg_reg_1e : 0 0 : 713 713 : Used 1 time 100
 Sort Area is  u/grp_pe_r0_0_Pipeline_l_S_k_0_k_fu_61/mac_muladd_8s_8s_19s_19_4_1_U1/pe_r0_0_mac_muladd_8s_8s_19s_19_4_1_DSP48_0_U/p_reg_reg_1f : 0 0 : 713 713 : Used 1 time 100
 Sort Area is  u/grp_pe_r0_0_Pipeline_l_S_k_0_k_fu_61/mac_muladd_8s_8s_19s_19_4_1_U1/pe_r0_0_mac_muladd_8s_8s_19s_19_4_1_DSP48_0_U/p_reg_reg_2 : 0 0 : 713 713 : Used 1 time 100
 Sort Area is  u/grp_pe_r0_0_Pipeline_l_S_k_0_k_fu_61/mac_muladd_8s_8s_19s_19_4_1_U1/pe_r0_0_mac_muladd_8s_8s_19s_19_4_1_DSP48_0_U/p_reg_reg_20 : 0 0 : 713 713 : Used 1 time 100
 Sort Area is  u/grp_pe_r0_0_Pipeline_l_S_k_0_k_fu_61/mac_muladd_8s_8s_19s_19_4_1_U1/pe_r0_0_mac_muladd_8s_8s_19s_19_4_1_DSP48_0_U/p_reg_reg_21 : 0 0 : 713 713 : Used 1 time 100
 Sort Area is  u/grp_pe_r0_0_Pipeline_l_S_k_0_k_fu_61/mac_muladd_8s_8s_19s_19_4_1_U1/pe_r0_0_mac_muladd_8s_8s_19s_19_4_1_DSP48_0_U/p_reg_reg_22 : 0 0 : 713 713 : Used 1 time 100
 Sort Area is  u/grp_pe_r0_0_Pipeline_l_S_k_0_k_fu_61/mac_muladd_8s_8s_19s_19_4_1_U1/pe_r0_0_mac_muladd_8s_8s_19s_19_4_1_DSP48_0_U/p_reg_reg_23 : 0 0 : 713 713 : Used 1 time 100
 Sort Area is  u/grp_pe_r0_0_Pipeline_l_S_k_0_k_fu_61/mac_muladd_8s_8s_19s_19_4_1_U1/pe_r0_0_mac_muladd_8s_8s_19s_19_4_1_DSP48_0_U/p_reg_reg_24 : 0 0 : 713 713 : Used 1 time 100
 Sort Area is  u/grp_pe_r0_0_Pipeline_l_S_k_0_k_fu_61/mac_muladd_8s_8s_19s_19_4_1_U1/pe_r0_0_mac_muladd_8s_8s_19s_19_4_1_DSP48_0_U/p_reg_reg_3 : 0 0 : 713 713 : Used 1 time 100
 Sort Area is  u/grp_pe_r0_0_Pipeline_l_S_k_0_k_fu_61/mac_muladd_8s_8s_19s_19_4_1_U1/pe_r0_0_mac_muladd_8s_8s_19s_19_4_1_DSP48_0_U/p_reg_reg_4 : 0 0 : 713 713 : Used 1 time 100
 Sort Area is  u/grp_pe_r0_0_Pipeline_l_S_k_0_k_fu_61/mac_muladd_8s_8s_19s_19_4_1_U1/pe_r0_0_mac_muladd_8s_8s_19s_19_4_1_DSP48_0_U/p_reg_reg_5 : 0 0 : 713 713 : Used 1 time 100
 Sort Area is  u/grp_pe_r0_0_Pipeline_l_S_k_0_k_fu_61/mac_muladd_8s_8s_19s_19_4_1_U1/pe_r0_0_mac_muladd_8s_8s_19s_19_4_1_DSP48_0_U/p_reg_reg_6 : 0 0 : 713 713 : Used 1 time 100
 Sort Area is  u/grp_pe_r0_0_Pipeline_l_S_k_0_k_fu_61/mac_muladd_8s_8s_19s_19_4_1_U1/pe_r0_0_mac_muladd_8s_8s_19s_19_4_1_DSP48_0_U/p_reg_reg_7 : 0 0 : 713 713 : Used 1 time 100
 Sort Area is  u/grp_pe_r0_0_Pipeline_l_S_k_0_k_fu_61/mac_muladd_8s_8s_19s_19_4_1_U1/pe_r0_0_mac_muladd_8s_8s_19s_19_4_1_DSP48_0_U/p_reg_reg_8 : 0 0 : 713 713 : Used 1 time 100
 Sort Area is  u/grp_pe_r0_0_Pipeline_l_S_k_0_k_fu_61/mac_muladd_8s_8s_19s_19_4_1_U1/pe_r0_0_mac_muladd_8s_8s_19s_19_4_1_DSP48_0_U/p_reg_reg_9 : 0 0 : 713 713 : Used 1 time 100
 Sort Area is  u/grp_pe_r0_0_Pipeline_l_S_k_0_k_fu_61/mac_muladd_8s_8s_19s_19_4_1_U1/pe_r0_0_mac_muladd_8s_8s_19s_19_4_1_DSP48_0_U/p_reg_reg_a : 0 0 : 713 713 : Used 1 time 100
 Sort Area is  u/grp_pe_r0_0_Pipeline_l_S_k_0_k_fu_61/mac_muladd_8s_8s_19s_19_4_1_U1/pe_r0_0_mac_muladd_8s_8s_19s_19_4_1_DSP48_0_U/p_reg_reg_b : 0 0 : 713 713 : Used 1 time 100
 Sort Area is  u/grp_pe_r0_0_Pipeline_l_S_k_0_k_fu_61/mac_muladd_8s_8s_19s_19_4_1_U1/pe_r0_0_mac_muladd_8s_8s_19s_19_4_1_DSP48_0_U/p_reg_reg_c : 0 0 : 713 713 : Used 1 time 100
 Sort Area is  u/grp_pe_r0_0_Pipeline_l_S_k_0_k_fu_61/mac_muladd_8s_8s_19s_19_4_1_U1/pe_r0_0_mac_muladd_8s_8s_19s_19_4_1_DSP48_0_U/p_reg_reg_d : 0 0 : 713 713 : Used 1 time 100
 Sort Area is  u/grp_pe_r0_0_Pipeline_l_S_k_0_k_fu_61/mac_muladd_8s_8s_19s_19_4_1_U1/pe_r0_0_mac_muladd_8s_8s_19s_19_4_1_DSP48_0_U/p_reg_reg_e : 0 0 : 713 713 : Used 1 time 100
 Sort Area is  u/grp_pe_r0_0_Pipeline_l_S_k_0_k_fu_61/mac_muladd_8s_8s_19s_19_4_1_U1/pe_r0_0_mac_muladd_8s_8s_19s_19_4_1_DSP48_0_U/p_reg_reg_f : 0 0 : 713 713 : Used 1 time 100
 Sort Area is  u/grp_pe_r1_0_Pipeline_l_S_k_0_k_fu_59/mac_muladd_8s_8s_19s_19_4_1_U1/pe_r1_0_mac_muladd_8s_8s_19s_19_4_1_DSP48_0_U/p_reg_reg_25 : 0 0 : 713 713 : Used 1 time 100
 Sort Area is  u/grp_pe_r1_0_Pipeline_l_S_k_0_k_fu_59/mac_muladd_8s_8s_19s_19_4_1_U1/pe_r1_0_mac_muladd_8s_8s_19s_19_4_1_DSP48_0_U/p_reg_reg_26 : 0 0 : 713 713 : Used 1 time 100
 Sort Area is  u/grp_pe_r1_0_Pipeline_l_S_k_0_k_fu_59/mac_muladd_8s_8s_19s_19_4_1_U1/pe_r1_0_mac_muladd_8s_8s_19s_19_4_1_DSP48_0_U/p_reg_reg_27 : 0 0 : 713 713 : Used 1 time 100
 Sort Area is  u/grp_pe_r1_0_Pipeline_l_S_k_0_k_fu_59/mac_muladd_8s_8s_19s_19_4_1_U1/pe_r1_0_mac_muladd_8s_8s_19s_19_4_1_DSP48_0_U/p_reg_reg_28 : 0 0 : 713 713 : Used 1 time 100
 Sort Area is  u/grp_pe_r1_0_Pipeline_l_S_k_0_k_fu_59/mac_muladd_8s_8s_19s_19_4_1_U1/pe_r1_0_mac_muladd_8s_8s_19s_19_4_1_DSP48_0_U/p_reg_reg_29 : 0 0 : 713 713 : Used 1 time 100
 Sort Area is  u/grp_pe_r1_0_Pipeline_l_S_k_0_k_fu_59/mac_muladd_8s_8s_19s_19_4_1_U1/pe_r1_0_mac_muladd_8s_8s_19s_19_4_1_DSP48_0_U/p_reg_reg_2a : 0 0 : 713 713 : Used 1 time 100
 Sort Area is  u/grp_pe_r2_0_Pipeline_l_S_k_0_k_fu_61/mac_muladd_8s_8s_19s_19_4_1_U1/pe_r2_0_mac_muladd_8s_8s_19s_19_4_1_DSP48_0_U/p_reg_reg_2b : 0 0 : 713 713 : Used 1 time 100
 Sort Area is  u/grp_pe_r2_0_Pipeline_l_S_k_0_k_fu_61/mac_muladd_8s_8s_19s_19_4_1_U1/pe_r2_0_mac_muladd_8s_8s_19s_19_4_1_DSP48_0_U/p_reg_reg_2c : 0 0 : 713 713 : Used 1 time 100
 Sort Area is  u/grp_pe_r2_0_Pipeline_l_S_k_0_k_fu_61/mac_muladd_8s_8s_19s_19_4_1_U1/pe_r2_0_mac_muladd_8s_8s_19s_19_4_1_DSP48_0_U/p_reg_reg_2d : 0 0 : 713 713 : Used 1 time 100
 Sort Area is  u/grp_pe_r2_0_Pipeline_l_S_k_0_k_fu_61/mac_muladd_8s_8s_19s_19_4_1_U1/pe_r2_0_mac_muladd_8s_8s_19s_19_4_1_DSP48_0_U/p_reg_reg_2e : 0 0 : 713 713 : Used 1 time 100
 Sort Area is  u/grp_pe_r2_0_Pipeline_l_S_k_0_k_fu_61/mac_muladd_8s_8s_19s_19_4_1_U1/pe_r2_0_mac_muladd_8s_8s_19s_19_4_1_DSP48_0_U/p_reg_reg_2f : 0 0 : 713 713 : Used 1 time 100
 Sort Area is  u/grp_pe_r2_0_Pipeline_l_S_k_0_k_fu_61/mac_muladd_8s_8s_19s_19_4_1_U1/pe_r2_0_mac_muladd_8s_8s_19s_19_4_1_DSP48_0_U/p_reg_reg_30 : 0 0 : 713 713 : Used 1 time 100
 Sort Area is  u/grp_pe_r3_0_Pipeline_l_S_k_0_k_fu_59/mac_muladd_8s_8s_19s_19_4_1_U1/pe_r3_0_mac_muladd_8s_8s_19s_19_4_1_DSP48_0_U/p_reg_reg_31 : 0 0 : 713 713 : Used 1 time 100
 Sort Area is  u/grp_pe_r3_0_Pipeline_l_S_k_0_k_fu_59/mac_muladd_8s_8s_19s_19_4_1_U1/pe_r3_0_mac_muladd_8s_8s_19s_19_4_1_DSP48_0_U/p_reg_reg_32 : 0 0 : 713 713 : Used 1 time 100
 Sort Area is  u/grp_pe_r3_0_Pipeline_l_S_k_0_k_fu_59/mac_muladd_8s_8s_19s_19_4_1_U1/pe_r3_0_mac_muladd_8s_8s_19s_19_4_1_DSP48_0_U/p_reg_reg_33 : 0 0 : 713 713 : Used 1 time 100
 Sort Area is  u/grp_pe_r3_0_Pipeline_l_S_k_0_k_fu_59/mac_muladd_8s_8s_19s_19_4_1_U1/pe_r3_0_mac_muladd_8s_8s_19s_19_4_1_DSP48_0_U/p_reg_reg_34 : 0 0 : 713 713 : Used 1 time 100
 Sort Area is  u/grp_pe_r3_0_Pipeline_l_S_k_0_k_fu_59/mac_muladd_8s_8s_19s_19_4_1_U1/pe_r3_0_mac_muladd_8s_8s_19s_19_4_1_DSP48_0_U/p_reg_reg_35 : 0 0 : 713 713 : Used 1 time 100
 Sort Area is  u/grp_pe_r3_0_Pipeline_l_S_k_0_k_fu_59/mac_muladd_8s_8s_19s_19_4_1_U1/pe_r3_0_mac_muladd_8s_8s_19s_19_4_1_DSP48_0_U/p_reg_reg_36 : 0 0 : 713 713 : Used 1 time 100
 Sort Area is  u/grp_pe_r4_0_Pipeline_l_S_k_0_k_fu_47/mac_muladd_8s_8s_19s_19_4_1_U1/pe_r4_0_mac_muladd_8s_8s_19s_19_4_1_DSP48_0_U/p_reg_reg_37 : 0 0 : 713 713 : Used 1 time 100
 Sort Area is  u/grp_pe_r4_0_Pipeline_l_S_k_0_k_fu_47/mac_muladd_8s_8s_19s_19_4_1_U1/pe_r4_0_mac_muladd_8s_8s_19s_19_4_1_DSP48_0_U/p_reg_reg_38 : 0 0 : 713 713 : Used 1 time 100
 Sort Area is  u/grp_pe_r4_0_Pipeline_l_S_k_0_k_fu_47/mac_muladd_8s_8s_19s_19_4_1_U1/pe_r4_0_mac_muladd_8s_8s_19s_19_4_1_DSP48_0_U/p_reg_reg_39 : 0 0 : 713 713 : Used 1 time 100
 Sort Area is  u/grp_pe_r4_0_Pipeline_l_S_k_0_k_fu_47/mac_muladd_8s_8s_19s_19_4_1_U1/pe_r4_0_mac_muladd_8s_8s_19s_19_4_1_DSP48_0_U/p_reg_reg_3a : 0 0 : 713 713 : Used 1 time 100
 Sort Area is  u/grp_pe_r4_0_Pipeline_l_S_k_0_k_fu_47/mac_muladd_8s_8s_19s_19_4_1_U1/pe_r4_0_mac_muladd_8s_8s_19s_19_4_1_DSP48_0_U/p_reg_reg_3b : 0 0 : 713 713 : Used 1 time 100
 Sort Area is  u/grp_pe_r4_0_Pipeline_l_S_k_0_k_fu_47/mac_muladd_8s_8s_19s_19_4_1_U1/pe_r4_0_mac_muladd_8s_8s_19s_19_4_1_DSP48_0_U/p_reg_reg_3c : 0 0 : 713 713 : Used 1 time 100
 Sort Area is  u/grp_pe_r5_0_Pipeline_l_S_k_0_k_fu_57/mac_muladd_8s_8s_19s_19_4_1_U1/pe_r5_0_mac_muladd_8s_8s_19s_19_4_1_DSP48_0_U/p_reg_reg_3d : 0 0 : 713 713 : Used 1 time 100
 Sort Area is  u/grp_pe_r6_0_Pipeline_l_S_k_0_k_fu_59/mac_muladd_8s_8s_19s_19_4_1_U1/pe_r6_0_mac_muladd_8s_8s_19s_19_4_1_DSP48_0_U/p_reg_reg_3e : 0 0 : 713 713 : Used 1 time 100
 Sort Area is  u/grp_pe_r7_0_Pipeline_l_S_k_0_k_fu_45/mac_muladd_8s_8s_19s_19_4_1_U1/pe_r7_0_mac_muladd_8s_8s_19s_19_4_1_DSP48_0_U/p_reg_reg_3f : 0 0 : 713 713 : Used 1 time 100
 Sort Area is  u/grp_pe_r8_0_Pipeline_l_S_k_0_k_fu_47/mac_muladd_8s_8s_19s_19_4_1_U1/pe_r8_0_mac_muladd_8s_8s_19s_19_4_1_DSP48_0_U/p_reg_reg_40 : 0 0 : 713 713 : Used 1 time 100
---------------------------------------------------------------------------------
Start ROM, RAM, DSP, Shift Register and Retiming Reporting
---------------------------------------------------------------------------------

DSP: Preliminary Mapping Report (see note below. The ' indicates corresponding REG is set)
+--------------------------------------------+-------------------+--------+--------+--------+--------+--------+------+------+------+------+-------+------+------+
|Module Name                                 | DSP Mapping       | A Size | B Size | C Size | D Size | P Size | AREG | BREG | CREG | DREG | ADREG | MREG | PREG | 
+--------------------------------------------+-------------------+--------+--------+--------+--------+--------+------+------+------+------+-------+------+------+
|pe_r0_0_mac_muladd_8s_8s_19s_19_4_1_DSP48_0 | (P or C)+(A2*B2)' | 9      | 9      | 19     | -      | 19     | 1    | 1    | 0    | -    | -     | 1    | 1    | 
|pe_r0_0_mac_muladd_8s_8s_19s_19_4_1_DSP48_0 | (P or C)+(A2*B2)' | 9      | 9      | 19     | -      | 19     | 1    | 1    | 0    | -    | -     | 1    | 1    | 
|pe_r0_0_mac_muladd_8s_8s_19s_19_4_1_DSP48_0 | (P or C)+(A2*B2)' | 9      | 9      | 19     | -      | 19     | 1    | 1    | 0    | -    | -     | 1    | 1    | 
|pe_r0_0_mac_muladd_8s_8s_19s_19_4_1_DSP48_0 | (P or C)+(A2*B2)' | 9      | 9      | 19     | -      | 19     | 1    | 1    | 0    | -    | -     | 1    | 1    | 
|pe_r0_0_mac_muladd_8s_8s_19s_19_4_1_DSP48_0 | (P or C)+(A2*B2)' | 9      | 9      | 19     | -      | 19     | 1    | 1    | 0    | -    | -     | 1    | 1    | 
|pe_r0_0_mac_muladd_8s_8s_19s_19_4_1_DSP48_0 | (P or C)+(A2*B2)' | 9      | 9      | 19     | -      | 19     | 1    | 1    | 0    | -    | -     | 1    | 1    | 
|pe_r0_0_mac_muladd_8s_8s_19s_19_4_1_DSP48_0 | (P or C)+(A2*B2)' | 9      | 9      | 19     | -      | 19     | 1    | 1    | 0    | -    | -     | 1    | 1    | 
|pe_r0_0_mac_muladd_8s_8s_19s_19_4_1_DSP48_0 | (P or C)+(A2*B2)' | 9      | 9      | 19     | -      | 19     | 1    | 1    | 0    | -    | -     | 1    | 1    | 
|pe_r0_0_mac_muladd_8s_8s_19s_19_4_1_DSP48_0 | (P or C)+(A2*B2)' | 9      | 9      | 19     | -      | 19     | 1    | 1    | 0    | -    | -     | 1    | 1    | 
|pe_r0_0_mac_muladd_8s_8s_19s_19_4_1_DSP48_0 | (P or C)+(A2*B2)' | 9      | 9      | 19     | -      | 19     | 1    | 1    | 0    | -    | -     | 1    | 1    | 
|pe_r0_0_mac_muladd_8s_8s_19s_19_4_1_DSP48_0 | (P or C)+(A2*B2)' | 9      | 9      | 19     | -      | 19     | 1    | 1    | 0    | -    | -     | 1    | 1    | 
|pe_r0_0_mac_muladd_8s_8s_19s_19_4_1_DSP48_0 | (P or C)+(A2*B2)' | 9      | 9      | 19     | -      | 19     | 1    | 1    | 0    | -    | -     | 1    | 1    | 
|pe_r0_0_mac_muladd_8s_8s_19s_19_4_1_DSP48_0 | (P or C)+(A2*B2)' | 9      | 9      | 19     | -      | 19     | 1    | 1    | 0    | -    | -     | 1    | 1    | 
|pe_r0_0_mac_muladd_8s_8s_19s_19_4_1_DSP48_0 | (P or C)+(A2*B2)' | 9      | 9      | 19     | -      | 19     | 1    | 1    | 0    | -    | -     | 1    | 1    | 
|pe_r0_0_mac_muladd_8s_8s_19s_19_4_1_DSP48_0 | (P or C)+(A2*B2)' | 9      | 9      | 19     | -      | 19     | 1    | 1    | 0    | -    | -     | 1    | 1    | 
|pe_r0_0_mac_muladd_8s_8s_19s_19_4_1_DSP48_0 | (P or C)+(A2*B2)' | 9      | 9      | 19     | -      | 19     | 1    | 1    | 0    | -    | -     | 1    | 1    | 
|pe_r0_0_mac_muladd_8s_8s_19s_19_4_1_DSP48_0 | (P or C)+(A2*B2)' | 9      | 9      | 19     | -      | 19     | 1    | 1    | 0    | -    | -     | 1    | 1    | 
|pe_r0_0_mac_muladd_8s_8s_19s_19_4_1_DSP48_0 | (P or C)+(A2*B2)' | 9      | 9      | 19     | -      | 19     | 1    | 1    | 0    | -    | -     | 1    | 1    | 
|pe_r0_0_mac_muladd_8s_8s_19s_19_4_1_DSP48_0 | (P or C)+(A2*B2)' | 9      | 9      | 19     | -      | 19     | 1    | 1    | 0    | -    | -     | 1    | 1    | 
|pe_r0_0_mac_muladd_8s_8s_19s_19_4_1_DSP48_0 | (P or C)+(A2*B2)' | 9      | 9      | 19     | -      | 19     | 1    | 1    | 0    | -    | -     | 1    | 1    | 
|pe_r0_0_mac_muladd_8s_8s_19s_19_4_1_DSP48_0 | (P or C)+(A2*B2)' | 9      | 9      | 19     | -      | 19     | 1    | 1    | 0    | -    | -     | 1    | 1    | 
|pe_r0_0_mac_muladd_8s_8s_19s_19_4_1_DSP48_0 | (P or C)+(A2*B2)' | 9      | 9      | 19     | -      | 19     | 1    | 1    | 0    | -    | -     | 1    | 1    | 
|pe_r0_0_mac_muladd_8s_8s_19s_19_4_1_DSP48_0 | (P or C)+(A2*B2)' | 9      | 9      | 19     | -      | 19     | 1    | 1    | 0    | -    | -     | 1    | 1    | 
|pe_r0_0_mac_muladd_8s_8s_19s_19_4_1_DSP48_0 | (P or C)+(A2*B2)' | 9      | 9      | 19     | -      | 19     | 1    | 1    | 0    | -    | -     | 1    | 1    | 
|pe_r0_0_mac_muladd_8s_8s_19s_19_4_1_DSP48_0 | (P or C)+(A2*B2)' | 9      | 9      | 19     | -      | 19     | 1    | 1    | 0    | -    | -     | 1    | 1    | 
|pe_r0_0_mac_muladd_8s_8s_19s_19_4_1_DSP48_0 | (P or C)+(A2*B2)' | 9      | 9      | 19     | -      | 19     | 1    | 1    | 0    | -    | -     | 1    | 1    | 
|pe_r0_0_mac_muladd_8s_8s_19s_19_4_1_DSP48_0 | (P or C)+(A2*B2)' | 9      | 9      | 19     | -      | 19     | 1    | 1    | 0    | -    | -     | 1    | 1    | 
|pe_r0_0_mac_muladd_8s_8s_19s_19_4_1_DSP48_0 | (P or C)+(A2*B2)' | 9      | 9      | 19     | -      | 19     | 1    | 1    | 0    | -    | -     | 1    | 1    | 
|pe_r0_0_mac_muladd_8s_8s_19s_19_4_1_DSP48_0 | (P or C)+(A2*B2)' | 9      | 9      | 19     | -      | 19     | 1    | 1    | 0    | -    | -     | 1    | 1    | 
|pe_r0_0_mac_muladd_8s_8s_19s_19_4_1_DSP48_0 | (P or C)+(A2*B2)' | 9      | 9      | 19     | -      | 19     | 1    | 1    | 0    | -    | -     | 1    | 1    | 
|pe_r0_0_mac_muladd_8s_8s_19s_19_4_1_DSP48_0 | (P or C)+(A2*B2)' | 9      | 9      | 19     | -      | 19     | 1    | 1    | 0    | -    | -     | 1    | 1    | 
|pe_r0_0_mac_muladd_8s_8s_19s_19_4_1_DSP48_0 | (P or C)+(A2*B2)' | 9      | 9      | 19     | -      | 19     | 1    | 1    | 0    | -    | -     | 1    | 1    | 
|pe_r0_0_mac_muladd_8s_8s_19s_19_4_1_DSP48_0 | (P or C)+(A2*B2)' | 9      | 9      | 19     | -      | 19     | 1    | 1    | 0    | -    | -     | 1    | 1    | 
|pe_r0_0_mac_muladd_8s_8s_19s_19_4_1_DSP48_0 | (P or C)+(A2*B2)' | 9      | 9      | 19     | -      | 19     | 1    | 1    | 0    | -    | -     | 1    | 1    | 
|pe_r0_0_mac_muladd_8s_8s_19s_19_4_1_DSP48_0 | (P or C)+(A2*B2)' | 9      | 9      | 19     | -      | 19     | 1    | 1    | 0    | -    | -     | 1    | 1    | 
|pe_r0_0_mac_muladd_8s_8s_19s_19_4_1_DSP48_0 | (P or C)+(A2*B2)' | 9      | 9      | 19     | -      | 19     | 1    | 1    | 0    | -    | -     | 1    | 1    | 
|pe_r1_0_mac_muladd_8s_8s_19s_19_4_1_DSP48_0 | (P or C)+(A2*B2)' | 9      | 9      | 19     | -      | 19     | 1    | 1    | 0    | -    | -     | 1    | 1    | 
|pe_r1_0_mac_muladd_8s_8s_19s_19_4_1_DSP48_0 | (P or C)+(A2*B2)' | 9      | 9      | 19     | -      | 19     | 1    | 1    | 0    | -    | -     | 1    | 1    | 
|pe_r1_0_mac_muladd_8s_8s_19s_19_4_1_DSP48_0 | (P or C)+(A2*B2)' | 9      | 9      | 19     | -      | 19     | 1    | 1    | 0    | -    | -     | 1    | 1    | 
|pe_r1_0_mac_muladd_8s_8s_19s_19_4_1_DSP48_0 | (P or C)+(A2*B2)' | 9      | 9      | 19     | -      | 19     | 1    | 1    | 0    | -    | -     | 1    | 1    | 
|pe_r1_0_mac_muladd_8s_8s_19s_19_4_1_DSP48_0 | (P or C)+(A2*B2)' | 9      | 9      | 19     | -      | 19     | 1    | 1    | 0    | -    | -     | 1    | 1    | 
|pe_r1_0_mac_muladd_8s_8s_19s_19_4_1_DSP48_0 | (P or C)+(A2*B2)' | 9      | 9      | 19     | -      | 19     | 1    | 1    | 0    | -    | -     | 1    | 1    | 
|pe_r2_0_mac_muladd_8s_8s_19s_19_4_1_DSP48_0 | (P or C)+(A2*B2)' | 9      | 9      | 19     | -      | 19     | 1    | 1    | 0    | -    | -     | 1    | 1    | 
|pe_r2_0_mac_muladd_8s_8s_19s_19_4_1_DSP48_0 | (P or C)+(A2*B2)' | 9      | 9      | 19     | -      | 19     | 1    | 1    | 0    | -    | -     | 1    | 1    | 
|pe_r2_0_mac_muladd_8s_8s_19s_19_4_1_DSP48_0 | (P or C)+(A2*B2)' | 9      | 9      | 19     | -      | 19     | 1    | 1    | 0    | -    | -     | 1    | 1    | 
|pe_r2_0_mac_muladd_8s_8s_19s_19_4_1_DSP48_0 | (P or C)+(A2*B2)' | 9      | 9      | 19     | -      | 19     | 1    | 1    | 0    | -    | -     | 1    | 1    | 
|pe_r2_0_mac_muladd_8s_8s_19s_19_4_1_DSP48_0 | (P or C)+(A2*B2)' | 9      | 9      | 19     | -      | 19     | 1    | 1    | 0    | -    | -     | 1    | 1    | 
|pe_r2_0_mac_muladd_8s_8s_19s_19_4_1_DSP48_0 | (P or C)+(A2*B2)' | 9      | 9      | 19     | -      | 19     | 1    | 1    | 0    | -    | -     | 1    | 1    | 
|pe_r3_0_mac_muladd_8s_8s_19s_19_4_1_DSP48_0 | (P or C)+(A2*B2)' | 9      | 9      | 19     | -      | 19     | 1    | 1    | 0    | -    | -     | 1    | 1    | 
|pe_r3_0_mac_muladd_8s_8s_19s_19_4_1_DSP48_0 | (P or C)+(A2*B2)' | 9      | 9      | 19     | -      | 19     | 1    | 1    | 0    | -    | -     | 1    | 1    | 
|pe_r3_0_mac_muladd_8s_8s_19s_19_4_1_DSP48_0 | (P or C)+(A2*B2)' | 9      | 9      | 19     | -      | 19     | 1    | 1    | 0    | -    | -     | 1    | 1    | 
|pe_r3_0_mac_muladd_8s_8s_19s_19_4_1_DSP48_0 | (P or C)+(A2*B2)' | 9      | 9      | 19     | -      | 19     | 1    | 1    | 0    | -    | -     | 1    | 1    | 
|pe_r3_0_mac_muladd_8s_8s_19s_19_4_1_DSP48_0 | (P or C)+(A2*B2)' | 9      | 9      | 19     | -      | 19     | 1    | 1    | 0    | -    | -     | 1    | 1    | 
|pe_r3_0_mac_muladd_8s_8s_19s_19_4_1_DSP48_0 | (P or C)+(A2*B2)' | 9      | 9      | 19     | -      | 19     | 1    | 1    | 0    | -    | -     | 1    | 1    | 
|pe_r4_0_mac_muladd_8s_8s_19s_19_4_1_DSP48_0 | (P or C)+(A2*B2)' | 9      | 9      | 19     | -      | 19     | 1    | 1    | 0    | -    | -     | 1    | 1    | 
|pe_r4_0_mac_muladd_8s_8s_19s_19_4_1_DSP48_0 | (P or C)+(A2*B2)' | 9      | 9      | 19     | -      | 19     | 1    | 1    | 0    | -    | -     | 1    | 1    | 
|pe_r4_0_mac_muladd_8s_8s_19s_19_4_1_DSP48_0 | (P or C)+(A2*B2)' | 9      | 9      | 19     | -      | 19     | 1    | 1    | 0    | -    | -     | 1    | 1    | 
|pe_r4_0_mac_muladd_8s_8s_19s_19_4_1_DSP48_0 | (P or C)+(A2*B2)' | 9      | 9      | 19     | -      | 19     | 1    | 1    | 0    | -    | -     | 1    | 1    | 
|pe_r4_0_mac_muladd_8s_8s_19s_19_4_1_DSP48_0 | (P or C)+(A2*B2)' | 9      | 9      | 19     | -      | 19     | 1    | 1    | 0    | -    | -     | 1    | 1    | 
|pe_r4_0_mac_muladd_8s_8s_19s_19_4_1_DSP48_0 | (P or C)+(A2*B2)' | 9      | 9      | 19     | -      | 19     | 1    | 1    | 0    | -    | -     | 1    | 1    | 
|pe_r5_0_mac_muladd_8s_8s_19s_19_4_1_DSP48_0 | (P or C)+(A2*B2)' | 9      | 9      | 19     | -      | 19     | 1    | 1    | 0    | -    | -     | 1    | 1    | 
|pe_r6_0_mac_muladd_8s_8s_19s_19_4_1_DSP48_0 | (P or C)+(A2*B2)' | 9      | 9      | 19     | -      | 19     | 1    | 1    | 0    | -    | -     | 1    | 1    | 
|pe_r7_0_mac_muladd_8s_8s_19s_19_4_1_DSP48_0 | (P or C)+(A2*B2)' | 9      | 9      | 19     | -      | 19     | 1    | 1    | 0    | -    | -     | 1    | 1    | 
|pe_r8_0_mac_muladd_8s_8s_19s_19_4_1_DSP48_0 | (P or C)+(A2*B2)' | 9      | 9      | 19     | -      | 19     | 1    | 1    | 0    | -    | -     | 1    | 1    | 
+--------------------------------------------+-------------------+--------+--------+--------+--------+--------+------+------+------+------+-------+------+------+

Note: The table above is a preliminary report that shows the DSPs inferred at the current stage of the synthesis flow. Some DSP may be reimplemented as non DSP primitives later in the synthesis flow. Multiple instantiated DSPs are reported only once.
---------------------------------------------------------------------------------
Finished ROM, RAM, DSP, Shift Register and Retiming Reporting
---------------------------------------------------------------------------------
---------------------------------------------------------------------------------
Start Applying XDC Timing Constraints
---------------------------------------------------------------------------------
---------------------------------------------------------------------------------
Finished Applying XDC Timing Constraints : Time (s): cpu = 00:00:46 ; elapsed = 00:00:47 . Memory (MB): peak = 3916.887 ; gain = 1001.340 ; free physical = 94757 ; free virtual = 184369
---------------------------------------------------------------------------------
---------------------------------------------------------------------------------
Start Timing Optimization
---------------------------------------------------------------------------------
---------------------------------------------------------------------------------
Finished Timing Optimization : Time (s): cpu = 00:00:48 ; elapsed = 00:00:49 . Memory (MB): peak = 3932.457 ; gain = 1016.910 ; free physical = 94737 ; free virtual = 184349
---------------------------------------------------------------------------------
---------------------------------------------------------------------------------
Start Technology Mapping
---------------------------------------------------------------------------------
---------------------------------------------------------------------------------
Finished Technology Mapping : Time (s): cpu = 00:00:52 ; elapsed = 00:00:53 . Memory (MB): peak = 3974.496 ; gain = 1058.949 ; free physical = 94699 ; free virtual = 184312
---------------------------------------------------------------------------------
---------------------------------------------------------------------------------
Start IO Insertion
---------------------------------------------------------------------------------
---------------------------------------------------------------------------------
Start Flattening Before IO Insertion
---------------------------------------------------------------------------------
---------------------------------------------------------------------------------
Finished Flattening Before IO Insertion
---------------------------------------------------------------------------------
---------------------------------------------------------------------------------
Start Final Netlist Cleanup
---------------------------------------------------------------------------------
---------------------------------------------------------------------------------
Finished Final Netlist Cleanup
---------------------------------------------------------------------------------
---------------------------------------------------------------------------------
Finished IO Insertion : Time (s): cpu = 00:00:57 ; elapsed = 00:00:58 . Memory (MB): peak = 3974.496 ; gain = 1058.949 ; free physical = 94699 ; free virtual = 184311
---------------------------------------------------------------------------------
---------------------------------------------------------------------------------
Start Renaming Generated Instances
---------------------------------------------------------------------------------
---------------------------------------------------------------------------------
Finished Renaming Generated Instances : Time (s): cpu = 00:00:57 ; elapsed = 00:00:58 . Memory (MB): peak = 3974.496 ; gain = 1058.949 ; free physical = 94699 ; free virtual = 184311
---------------------------------------------------------------------------------
---------------------------------------------------------------------------------
Start Rebuilding User Hierarchy
---------------------------------------------------------------------------------
---------------------------------------------------------------------------------
Finished Rebuilding User Hierarchy : Time (s): cpu = 00:00:59 ; elapsed = 00:01:00 . Memory (MB): peak = 3974.496 ; gain = 1058.949 ; free physical = 94699 ; free virtual = 184311
---------------------------------------------------------------------------------
---------------------------------------------------------------------------------
Start Renaming Generated Ports
---------------------------------------------------------------------------------
---------------------------------------------------------------------------------
Finished Renaming Generated Ports : Time (s): cpu = 00:00:59 ; elapsed = 00:01:01 . Memory (MB): peak = 3974.496 ; gain = 1058.949 ; free physical = 94699 ; free virtual = 184311
---------------------------------------------------------------------------------
---------------------------------------------------------------------------------
Start Handling Custom Attributes
---------------------------------------------------------------------------------
---------------------------------------------------------------------------------
Finished Handling Custom Attributes : Time (s): cpu = 00:01:00 ; elapsed = 00:01:01 . Memory (MB): peak = 3974.496 ; gain = 1058.949 ; free physical = 94697 ; free virtual = 184309
---------------------------------------------------------------------------------
---------------------------------------------------------------------------------
Start Renaming Generated Nets
---------------------------------------------------------------------------------
---------------------------------------------------------------------------------
Finished Renaming Generated Nets : Time (s): cpu = 00:01:00 ; elapsed = 00:01:01 . Memory (MB): peak = 3974.496 ; gain = 1058.949 ; free physical = 94696 ; free virtual = 184309
---------------------------------------------------------------------------------
---------------------------------------------------------------------------------
Start ROM, RAM, DSP, Shift Register and Retiming Reporting
---------------------------------------------------------------------------------

Static Shift Register Report:
+------------+---------------------------------------------------------------------------------------------+--------+-------+--------------+--------------------+-------------------+--------+---------+
|Module Name | RTL Name                                                                                    | Length | Width | Reset Signal | Pull out first Reg | Pull out last Reg | SRL16E | SRLC32E | 
+------------+---------------------------------------------------------------------------------------------+--------+-------+--------------+--------------------+-------------------+--------+---------+
|dut_norm    | dut/u_pe_r0_1_1/u/grp_pe_r0_0_Pipeline_l_S_k_0_k_fu_61/ap_loop_exit_ready_pp0_iter3_reg_reg | 3      | 1     | NO           | NO                 | YES               | 1      | 0       | 
|dut_norm    | dut/u_pe_r0_1_2/u/grp_pe_r0_0_Pipeline_l_S_k_0_k_fu_61/ap_loop_exit_ready_pp0_iter3_reg_reg | 3      | 1     | NO           | NO                 | YES               | 1      | 0       | 
|dut_norm    | dut/u_pe_r0_1_3/u/grp_pe_r0_0_Pipeline_l_S_k_0_k_fu_61/ap_loop_exit_ready_pp0_iter3_reg_reg | 3      | 1     | NO           | NO                 | YES               | 1      | 0       | 
|dut_norm    | dut/u_pe_r0_1_4/u/grp_pe_r0_0_Pipeline_l_S_k_0_k_fu_61/ap_loop_exit_ready_pp0_iter3_reg_reg | 3      | 1     | NO           | NO                 | YES               | 1      | 0       | 
|dut_norm    | dut/u_pe_r0_1_5/u/grp_pe_r0_0_Pipeline_l_S_k_0_k_fu_61/ap_loop_exit_ready_pp0_iter3_reg_reg | 3      | 1     | NO           | NO                 | YES               | 1      | 0       | 
|dut_norm    | dut/u_pe_r0_1_6/u/grp_pe_r0_0_Pipeline_l_S_k_0_k_fu_61/ap_loop_exit_ready_pp0_iter3_reg_reg | 3      | 1     | NO           | NO                 | YES               | 1      | 0       | 
|dut_norm    | dut/u_pe_r0_2_1/u/grp_pe_r0_0_Pipeline_l_S_k_0_k_fu_61/ap_loop_exit_ready_pp0_iter3_reg_reg | 3      | 1     | NO           | NO                 | YES               | 1      | 0       | 
|dut_norm    | dut/u_pe_r0_2_2/u/grp_pe_r0_0_Pipeline_l_S_k_0_k_fu_61/ap_loop_exit_ready_pp0_iter3_reg_reg | 3      | 1     | NO           | NO                 | YES               | 1      | 0       | 
|dut_norm    | dut/u_pe_r0_2_3/u/grp_pe_r0_0_Pipeline_l_S_k_0_k_fu_61/ap_loop_exit_ready_pp0_iter3_reg_reg | 3      | 1     | NO           | NO                 | YES               | 1      | 0       | 
|dut_norm    | dut/u_pe_r0_2_4/u/grp_pe_r0_0_Pipeline_l_S_k_0_k_fu_61/ap_loop_exit_ready_pp0_iter3_reg_reg | 3      | 1     | NO           | NO                 | YES               | 1      | 0       | 
|dut_norm    | dut/u_pe_r0_2_5/u/grp_pe_r0_0_Pipeline_l_S_k_0_k_fu_61/ap_loop_exit_ready_pp0_iter3_reg_reg | 3      | 1     | NO           | NO                 | YES               | 1      | 0       | 
|dut_norm    | dut/u_pe_r0_2_6/u/grp_pe_r0_0_Pipeline_l_S_k_0_k_fu_61/ap_loop_exit_ready_pp0_iter3_reg_reg | 3      | 1     | NO           | NO                 | YES               | 1      | 0       | 
|dut_norm    | dut/u_pe_r0_3_1/u/grp_pe_r0_0_Pipeline_l_S_k_0_k_fu_61/ap_loop_exit_ready_pp0_iter3_reg_reg | 3      | 1     | NO           | NO                 | YES               | 1      | 0       | 
|dut_norm    | dut/u_pe_r0_3_2/u/grp_pe_r0_0_Pipeline_l_S_k_0_k_fu_61/ap_loop_exit_ready_pp0_iter3_reg_reg | 3      | 1     | NO           | NO                 | YES               | 1      | 0       | 
|dut_norm    | dut/u_pe_r0_3_3/u/grp_pe_r0_0_Pipeline_l_S_k_0_k_fu_61/ap_loop_exit_ready_pp0_iter3_reg_reg | 3      | 1     | NO           | NO                 | YES               | 1      | 0       | 
|dut_norm    | dut/u_pe_r0_3_4/u/grp_pe_r0_0_Pipeline_l_S_k_0_k_fu_61/ap_loop_exit_ready_pp0_iter3_reg_reg | 3      | 1     | NO           | NO                 | YES               | 1      | 0       | 
|dut_norm    | dut/u_pe_r0_3_5/u/grp_pe_r0_0_Pipeline_l_S_k_0_k_fu_61/ap_loop_exit_ready_pp0_iter3_reg_reg | 3      | 1     | NO           | NO                 | YES               | 1      | 0       | 
|dut_norm    | dut/u_pe_r0_3_6/u/grp_pe_r0_0_Pipeline_l_S_k_0_k_fu_61/ap_loop_exit_ready_pp0_iter3_reg_reg | 3      | 1     | NO           | NO                 | YES               | 1      | 0       | 
|dut_norm    | dut/u_pe_r0_4_1/u/grp_pe_r0_0_Pipeline_l_S_k_0_k_fu_61/ap_loop_exit_ready_pp0_iter3_reg_reg | 3      | 1     | NO           | NO                 | YES               | 1      | 0       | 
|dut_norm    | dut/u_pe_r0_4_2/u/grp_pe_r0_0_Pipeline_l_S_k_0_k_fu_61/ap_loop_exit_ready_pp0_iter3_reg_reg | 3      | 1     | NO           | NO                 | YES               | 1      | 0       | 
|dut_norm    | dut/u_pe_r0_4_3/u/grp_pe_r0_0_Pipeline_l_S_k_0_k_fu_61/ap_loop_exit_ready_pp0_iter3_reg_reg | 3      | 1     | NO           | NO                 | YES               | 1      | 0       | 
|dut_norm    | dut/u_pe_r0_4_4/u/grp_pe_r0_0_Pipeline_l_S_k_0_k_fu_61/ap_loop_exit_ready_pp0_iter3_reg_reg | 3      | 1     | NO           | NO                 | YES               | 1      | 0       | 
|dut_norm    | dut/u_pe_r0_4_5/u/grp_pe_r0_0_Pipeline_l_S_k_0_k_fu_61/ap_loop_exit_ready_pp0_iter3_reg_reg | 3      | 1     | NO           | NO                 | YES               | 1      | 0       | 
|dut_norm    | dut/u_pe_r0_4_6/u/grp_pe_r0_0_Pipeline_l_S_k_0_k_fu_61/ap_loop_exit_ready_pp0_iter3_reg_reg | 3      | 1     | NO           | NO                 | YES               | 1      | 0       | 
|dut_norm    | dut/u_pe_r0_5_1/u/grp_pe_r0_0_Pipeline_l_S_k_0_k_fu_61/ap_loop_exit_ready_pp0_iter3_reg_reg | 3      | 1     | NO           | NO                 | YES               | 1      | 0       | 
|dut_norm    | dut/u_pe_r0_5_2/u/grp_pe_r0_0_Pipeline_l_S_k_0_k_fu_61/ap_loop_exit_ready_pp0_iter3_reg_reg | 3      | 1     | NO           | NO                 | YES               | 1      | 0       | 
|dut_norm    | dut/u_pe_r0_5_3/u/grp_pe_r0_0_Pipeline_l_S_k_0_k_fu_61/ap_loop_exit_ready_pp0_iter3_reg_reg | 3      | 1     | NO           | NO                 | YES               | 1      | 0       | 
|dut_norm    | dut/u_pe_r0_5_4/u/grp_pe_r0_0_Pipeline_l_S_k_0_k_fu_61/ap_loop_exit_ready_pp0_iter3_reg_reg | 3      | 1     | NO           | NO                 | YES               | 1      | 0       | 
|dut_norm    | dut/u_pe_r0_5_5/u/grp_pe_r0_0_Pipeline_l_S_k_0_k_fu_61/ap_loop_exit_ready_pp0_iter3_reg_reg | 3      | 1     | NO           | NO                 | YES               | 1      | 0       | 
|dut_norm    | dut/u_pe_r0_5_6/u/grp_pe_r0_0_Pipeline_l_S_k_0_k_fu_61/ap_loop_exit_ready_pp0_iter3_reg_reg | 3      | 1     | NO           | NO                 | YES               | 1      | 0       | 
|dut_norm    | dut/u_pe_r0_6_1/u/grp_pe_r0_0_Pipeline_l_S_k_0_k_fu_61/ap_loop_exit_ready_pp0_iter3_reg_reg | 3      | 1     | NO           | NO                 | YES               | 1      | 0       | 
|dut_norm    | dut/u_pe_r0_6_2/u/grp_pe_r0_0_Pipeline_l_S_k_0_k_fu_61/ap_loop_exit_ready_pp0_iter3_reg_reg | 3      | 1     | NO           | NO                 | YES               | 1      | 0       | 
|dut_norm    | dut/u_pe_r0_6_3/u/grp_pe_r0_0_Pipeline_l_S_k_0_k_fu_61/ap_loop_exit_ready_pp0_iter3_reg_reg | 3      | 1     | NO           | NO                 | YES               | 1      | 0       | 
|dut_norm    | dut/u_pe_r0_6_4/u/grp_pe_r0_0_Pipeline_l_S_k_0_k_fu_61/ap_loop_exit_ready_pp0_iter3_reg_reg | 3      | 1     | NO           | NO                 | YES               | 1      | 0       | 
|dut_norm    | dut/u_pe_r0_6_5/u/grp_pe_r0_0_Pipeline_l_S_k_0_k_fu_61/ap_loop_exit_ready_pp0_iter3_reg_reg | 3      | 1     | NO           | NO                 | YES               | 1      | 0       | 
|dut_norm    | dut/u_pe_r0_6_6/u/grp_pe_r0_0_Pipeline_l_S_k_0_k_fu_61/ap_loop_exit_ready_pp0_iter3_reg_reg | 3      | 1     | NO           | NO                 | YES               | 1      | 0       | 
|dut_norm    | dut/u_pe_r1_7_1/u/grp_pe_r1_0_Pipeline_l_S_k_0_k_fu_59/ap_loop_exit_ready_pp0_iter3_reg_reg | 3      | 1     | NO           | NO                 | YES               | 1      | 0       | 
|dut_norm    | dut/u_pe_r1_7_2/u/grp_pe_r1_0_Pipeline_l_S_k_0_k_fu_59/ap_loop_exit_ready_pp0_iter3_reg_reg | 3      | 1     | NO           | NO                 | YES               | 1      | 0       | 
|dut_norm    | dut/u_pe_r1_7_3/u/grp_pe_r1_0_Pipeline_l_S_k_0_k_fu_59/ap_loop_exit_ready_pp0_iter3_reg_reg | 3      | 1     | NO           | NO                 | YES               | 1      | 0       | 
|dut_norm    | dut/u_pe_r1_7_4/u/grp_pe_r1_0_Pipeline_l_S_k_0_k_fu_59/ap_loop_exit_ready_pp0_iter3_reg_reg | 3      | 1     | NO           | NO                 | YES               | 1      | 0       | 
|dut_norm    | dut/u_pe_r1_7_5/u/grp_pe_r1_0_Pipeline_l_S_k_0_k_fu_59/ap_loop_exit_ready_pp0_iter3_reg_reg | 3      | 1     | NO           | NO                 | YES               | 1      | 0       | 
|dut_norm    | dut/u_pe_r1_7_6/u/grp_pe_r1_0_Pipeline_l_S_k_0_k_fu_59/ap_loop_exit_ready_pp0_iter3_reg_reg | 3      | 1     | NO           | NO                 | YES               | 1      | 0       | 
|dut_norm    | dut/u_pe_r2_0_1/u/grp_pe_r2_0_Pipeline_l_S_k_0_k_fu_61/ap_loop_exit_ready_pp0_iter3_reg_reg | 3      | 1     | NO           | NO                 | YES               | 1      | 0       | 
|dut_norm    | dut/u_pe_r2_0_2/u/grp_pe_r2_0_Pipeline_l_S_k_0_k_fu_61/ap_loop_exit_ready_pp0_iter3_reg_reg | 3      | 1     | NO           | NO                 | YES               | 1      | 0       | 
|dut_norm    | dut/u_pe_r2_0_3/u/grp_pe_r2_0_Pipeline_l_S_k_0_k_fu_61/ap_loop_exit_ready_pp0_iter3_reg_reg | 3      | 1     | NO           | NO                 | YES               | 1      | 0       | 
|dut_norm    | dut/u_pe_r2_0_4/u/grp_pe_r2_0_Pipeline_l_S_k_0_k_fu_61/ap_loop_exit_ready_pp0_iter3_reg_reg | 3      | 1     | NO           | NO                 | YES               | 1      | 0       | 
|dut_norm    | dut/u_pe_r2_0_5/u/grp_pe_r2_0_Pipeline_l_S_k_0_k_fu_61/ap_loop_exit_ready_pp0_iter3_reg_reg | 3      | 1     | NO           | NO                 | YES               | 1      | 0       | 
|dut_norm    | dut/u_pe_r2_0_6/u/grp_pe_r2_0_Pipeline_l_S_k_0_k_fu_61/ap_loop_exit_ready_pp0_iter3_reg_reg | 3      | 1     | NO           | NO                 | YES               | 1      | 0       | 
|dut_norm    | dut/u_pe_r3_1_7/u/grp_pe_r3_0_Pipeline_l_S_k_0_k_fu_59/ap_loop_exit_ready_pp0_iter3_reg_reg | 3      | 1     | NO           | NO                 | YES               | 1      | 0       | 
|dut_norm    | dut/u_pe_r3_2_7/u/grp_pe_r3_0_Pipeline_l_S_k_0_k_fu_59/ap_loop_exit_ready_pp0_iter3_reg_reg | 3      | 1     | NO           | NO                 | YES               | 1      | 0       | 
|dut_norm    | dut/u_pe_r3_3_7/u/grp_pe_r3_0_Pipeline_l_S_k_0_k_fu_59/ap_loop_exit_ready_pp0_iter3_reg_reg | 3      | 1     | NO           | NO                 | YES               | 1      | 0       | 
|dut_norm    | dut/u_pe_r3_4_7/u/grp_pe_r3_0_Pipeline_l_S_k_0_k_fu_59/ap_loop_exit_ready_pp0_iter3_reg_reg | 3      | 1     | NO           | NO                 | YES               | 1      | 0       | 
|dut_norm    | dut/u_pe_r3_5_7/u/grp_pe_r3_0_Pipeline_l_S_k_0_k_fu_59/ap_loop_exit_ready_pp0_iter3_reg_reg | 3      | 1     | NO           | NO                 | YES               | 1      | 0       | 
|dut_norm    | dut/u_pe_r3_6_7/u/grp_pe_r3_0_Pipeline_l_S_k_0_k_fu_59/ap_loop_exit_ready_pp0_iter3_reg_reg | 3      | 1     | NO           | NO                 | YES               | 1      | 0       | 
|dut_norm    | dut/u_pe_r4_1_0/u/grp_pe_r4_0_Pipeline_l_S_k_0_k_fu_47/ap_loop_exit_ready_pp0_iter3_reg_reg | 3      | 1     | NO           | NO                 | YES               | 1      | 0       | 
|dut_norm    | dut/u_pe_r4_2_0/u/grp_pe_r4_0_Pipeline_l_S_k_0_k_fu_47/ap_loop_exit_ready_pp0_iter3_reg_reg | 3      | 1     | NO           | NO                 | YES               | 1      | 0       | 
|dut_norm    | dut/u_pe_r4_3_0/u/grp_pe_r4_0_Pipeline_l_S_k_0_k_fu_47/ap_loop_exit_ready_pp0_iter3_reg_reg | 3      | 1     | NO           | NO                 | YES               | 1      | 0       | 
|dut_norm    | dut/u_pe_r4_4_0/u/grp_pe_r4_0_Pipeline_l_S_k_0_k_fu_47/ap_loop_exit_ready_pp0_iter3_reg_reg | 3      | 1     | NO           | NO                 | YES               | 1      | 0       | 
|dut_norm    | dut/u_pe_r4_5_0/u/grp_pe_r4_0_Pipeline_l_S_k_0_k_fu_47/ap_loop_exit_ready_pp0_iter3_reg_reg | 3      | 1     | NO           | NO                 | YES               | 1      | 0       | 
|dut_norm    | dut/u_pe_r4_6_0/u/grp_pe_r4_0_Pipeline_l_S_k_0_k_fu_47/ap_loop_exit_ready_pp0_iter3_reg_reg | 3      | 1     | NO           | NO                 | YES               | 1      | 0       | 
|dut_norm    | dut/u_pe_r5_7_7/u/grp_pe_r5_0_Pipeline_l_S_k_0_k_fu_57/ap_loop_exit_ready_pp0_iter3_reg_reg | 3      | 1     | NO           | NO                 | YES               | 1      | 0       | 
|dut_norm    | dut/u_pe_r6_0_7/u/grp_pe_r6_0_Pipeline_l_S_k_0_k_fu_59/ap_loop_exit_ready_pp0_iter3_reg_reg | 3      | 1     | NO           | NO                 | YES               | 1      | 0       | 
|dut_norm    | dut/u_pe_r7_7_0/u/grp_pe_r7_0_Pipeline_l_S_k_0_k_fu_45/ap_loop_exit_ready_pp0_iter3_reg_reg | 3      | 1     | NO           | NO                 | YES               | 1      | 0       | 
|dut_norm    | dut/u_pe_r8_0_0/u/grp_pe_r8_0_Pipeline_l_S_k_0_k_fu_47/ap_loop_exit_ready_pp0_iter3_reg_reg | 3      | 1     | NO           | NO                 | YES               | 1      | 0       | 
+------------+---------------------------------------------------------------------------------------------+--------+-------+--------------+--------------------+-------------------+--------+---------+

---------------------------------------------------------------------------------
Finished ROM, RAM, DSP, Shift Register and Retiming Reporting
---------------------------------------------------------------------------------
---------------------------------------------------------------------------------
Start Writing Synthesis Report
---------------------------------------------------------------------------------

DSP Final Report (the ' indicates corresponding REG is set)
+--------------------------------------------+-------------+--------+--------+--------+--------+--------+------+------+------+------+-------+------+------+
|Module Name                                 | DSP Mapping | A Size | B Size | C Size | D Size | P Size | AREG | BREG | CREG | DREG | ADREG | MREG | PREG | 
+--------------------------------------------+-------------+--------+--------+--------+--------+--------+------+------+------+------+-------+------+------+
|pe_r0_0_mac_muladd_8s_8s_19s_19_4_1_DSP48_0 | Dynamic     | -      | -      | -      | -      | 19     | -    | -    | -    | -    | -     | 1    | 1    | 
|pe_r0_0_mac_muladd_8s_8s_19s_19_4_1_DSP48_0 | Dynamic     | -      | -      | -      | -      | 19     | -    | -    | -    | -    | -     | 1    | 1    | 
|pe_r0_0_mac_muladd_8s_8s_19s_19_4_1_DSP48_0 | Dynamic     | -      | -      | -      | -      | 19     | -    | -    | -    | -    | -     | 1    | 1    | 
|pe_r0_0_mac_muladd_8s_8s_19s_19_4_1_DSP48_0 | Dynamic     | -      | -      | -      | -      | 19     | -    | -    | -    | -    | -     | 1    | 1    | 
|pe_r0_0_mac_muladd_8s_8s_19s_19_4_1_DSP48_0 | Dynamic     | -      | -      | -      | -      | 19     | -    | -    | -    | -    | -     | 1    | 1    | 
|pe_r0_0_mac_muladd_8s_8s_19s_19_4_1_DSP48_0 | Dynamic     | -      | -      | -      | -      | 19     | -    | -    | -    | -    | -     | 1    | 1    | 
|pe_r0_0_mac_muladd_8s_8s_19s_19_4_1_DSP48_0 | Dynamic     | -      | -      | -      | -      | 19     | -    | -    | -    | -    | -     | 1    | 1    | 
|pe_r0_0_mac_muladd_8s_8s_19s_19_4_1_DSP48_0 | Dynamic     | -      | -      | -      | -      | 19     | -    | -    | -    | -    | -     | 1    | 1    | 
|pe_r0_0_mac_muladd_8s_8s_19s_19_4_1_DSP48_0 | Dynamic     | -      | -      | -      | -      | 19     | -    | -    | -    | -    | -     | 1    | 1    | 
|pe_r0_0_mac_muladd_8s_8s_19s_19_4_1_DSP48_0 | Dynamic     | -      | -      | -      | -      | 19     | -    | -    | -    | -    | -     | 1    | 1    | 
|pe_r0_0_mac_muladd_8s_8s_19s_19_4_1_DSP48_0 | Dynamic     | -      | -      | -      | -      | 19     | -    | -    | -    | -    | -     | 1    | 1    | 
|pe_r0_0_mac_muladd_8s_8s_19s_19_4_1_DSP48_0 | Dynamic     | -      | -      | -      | -      | 19     | -    | -    | -    | -    | -     | 1    | 1    | 
|pe_r0_0_mac_muladd_8s_8s_19s_19_4_1_DSP48_0 | Dynamic     | -      | -      | -      | -      | 19     | -    | -    | -    | -    | -     | 1    | 1    | 
|pe_r0_0_mac_muladd_8s_8s_19s_19_4_1_DSP48_0 | Dynamic     | -      | -      | -      | -      | 19     | -    | -    | -    | -    | -     | 1    | 1    | 
|pe_r0_0_mac_muladd_8s_8s_19s_19_4_1_DSP48_0 | Dynamic     | -      | -      | -      | -      | 19     | -    | -    | -    | -    | -     | 1    | 1    | 
|pe_r0_0_mac_muladd_8s_8s_19s_19_4_1_DSP48_0 | Dynamic     | -      | -      | -      | -      | 19     | -    | -    | -    | -    | -     | 1    | 1    | 
|pe_r0_0_mac_muladd_8s_8s_19s_19_4_1_DSP48_0 | Dynamic     | -      | -      | -      | -      | 19     | -    | -    | -    | -    | -     | 1    | 1    | 
|pe_r0_0_mac_muladd_8s_8s_19s_19_4_1_DSP48_0 | Dynamic     | -      | -      | -      | -      | 19     | -    | -    | -    | -    | -     | 1    | 1    | 
|pe_r0_0_mac_muladd_8s_8s_19s_19_4_1_DSP48_0 | Dynamic     | -      | -      | -      | -      | 19     | -    | -    | -    | -    | -     | 1    | 1    | 
|pe_r0_0_mac_muladd_8s_8s_19s_19_4_1_DSP48_0 | Dynamic     | -      | -      | -      | -      | 19     | -    | -    | -    | -    | -     | 1    | 1    | 
|pe_r0_0_mac_muladd_8s_8s_19s_19_4_1_DSP48_0 | Dynamic     | -      | -      | -      | -      | 19     | -    | -    | -    | -    | -     | 1    | 1    | 
|pe_r0_0_mac_muladd_8s_8s_19s_19_4_1_DSP48_0 | Dynamic     | -      | -      | -      | -      | 19     | -    | -    | -    | -    | -     | 1    | 1    | 
|pe_r0_0_mac_muladd_8s_8s_19s_19_4_1_DSP48_0 | Dynamic     | -      | -      | -      | -      | 19     | -    | -    | -    | -    | -     | 1    | 1    | 
|pe_r0_0_mac_muladd_8s_8s_19s_19_4_1_DSP48_0 | Dynamic     | -      | -      | -      | -      | 19     | -    | -    | -    | -    | -     | 1    | 1    | 
|pe_r0_0_mac_muladd_8s_8s_19s_19_4_1_DSP48_0 | Dynamic     | -      | -      | -      | -      | 19     | -    | -    | -    | -    | -     | 1    | 1    | 
|pe_r0_0_mac_muladd_8s_8s_19s_19_4_1_DSP48_0 | Dynamic     | -      | -      | -      | -      | 19     | -    | -    | -    | -    | -     | 1    | 1    | 
|pe_r0_0_mac_muladd_8s_8s_19s_19_4_1_DSP48_0 | Dynamic     | -      | -      | -      | -      | 19     | -    | -    | -    | -    | -     | 1    | 1    | 
|pe_r0_0_mac_muladd_8s_8s_19s_19_4_1_DSP48_0 | Dynamic     | -      | -      | -      | -      | 19     | -    | -    | -    | -    | -     | 1    | 1    | 
|pe_r0_0_mac_muladd_8s_8s_19s_19_4_1_DSP48_0 | Dynamic     | -      | -      | -      | -      | 19     | -    | -    | -    | -    | -     | 1    | 1    | 
|pe_r0_0_mac_muladd_8s_8s_19s_19_4_1_DSP48_0 | Dynamic     | -      | -      | -      | -      | 19     | -    | -    | -    | -    | -     | 1    | 1    | 
|pe_r0_0_mac_muladd_8s_8s_19s_19_4_1_DSP48_0 | Dynamic     | -      | -      | -      | -      | 19     | -    | -    | -    | -    | -     | 1    | 1    | 
|pe_r0_0_mac_muladd_8s_8s_19s_19_4_1_DSP48_0 | Dynamic     | -      | -      | -      | -      | 19     | -    | -    | -    | -    | -     | 1    | 1    | 
|pe_r0_0_mac_muladd_8s_8s_19s_19_4_1_DSP48_0 | Dynamic     | -      | -      | -      | -      | 19     | -    | -    | -    | -    | -     | 1    | 1    | 
|pe_r0_0_mac_muladd_8s_8s_19s_19_4_1_DSP48_0 | Dynamic     | -      | -      | -      | -      | 19     | -    | -    | -    | -    | -     | 1    | 1    | 
|pe_r0_0_mac_muladd_8s_8s_19s_19_4_1_DSP48_0 | Dynamic     | -      | -      | -      | -      | 19     | -    | -    | -    | -    | -     | 1    | 1    | 
|pe_r0_0_mac_muladd_8s_8s_19s_19_4_1_DSP48_0 | Dynamic     | -      | -      | -      | -      | 19     | -    | -    | -    | -    | -     | 1    | 1    | 
|pe_r1_0_mac_muladd_8s_8s_19s_19_4_1_DSP48_0 | Dynamic     | -      | -      | -      | -      | 19     | -    | -    | -    | -    | -     | 1    | 1    | 
|pe_r1_0_mac_muladd_8s_8s_19s_19_4_1_DSP48_0 | Dynamic     | -      | -      | -      | -      | 19     | -    | -    | -    | -    | -     | 1    | 1    | 
|pe_r1_0_mac_muladd_8s_8s_19s_19_4_1_DSP48_0 | Dynamic     | -      | -      | -      | -      | 19     | -    | -    | -    | -    | -     | 1    | 1    | 
|pe_r1_0_mac_muladd_8s_8s_19s_19_4_1_DSP48_0 | Dynamic     | -      | -      | -      | -      | 19     | -    | -    | -    | -    | -     | 1    | 1    | 
|pe_r1_0_mac_muladd_8s_8s_19s_19_4_1_DSP48_0 | Dynamic     | -      | -      | -      | -      | 19     | -    | -    | -    | -    | -     | 1    | 1    | 
|pe_r1_0_mac_muladd_8s_8s_19s_19_4_1_DSP48_0 | Dynamic     | -      | -      | -      | -      | 19     | -    | -    | -    | -    | -     | 1    | 1    | 
|pe_r2_0_mac_muladd_8s_8s_19s_19_4_1_DSP48_0 | Dynamic     | -      | -      | -      | -      | 19     | -    | -    | -    | -    | -     | 1    | 1    | 
|pe_r2_0_mac_muladd_8s_8s_19s_19_4_1_DSP48_0 | Dynamic     | -      | -      | -      | -      | 19     | -    | -    | -    | -    | -     | 1    | 1    | 
|pe_r2_0_mac_muladd_8s_8s_19s_19_4_1_DSP48_0 | Dynamic     | -      | -      | -      | -      | 19     | -    | -    | -    | -    | -     | 1    | 1    | 
|pe_r2_0_mac_muladd_8s_8s_19s_19_4_1_DSP48_0 | Dynamic     | -      | -      | -      | -      | 19     | -    | -    | -    | -    | -     | 1    | 1    | 
|pe_r2_0_mac_muladd_8s_8s_19s_19_4_1_DSP48_0 | Dynamic     | -      | -      | -      | -      | 19     | -    | -    | -    | -    | -     | 1    | 1    | 
|pe_r2_0_mac_muladd_8s_8s_19s_19_4_1_DSP48_0 | Dynamic     | -      | -      | -      | -      | 19     | -    | -    | -    | -    | -     | 1    | 1    | 
|pe_r3_0_mac_muladd_8s_8s_19s_19_4_1_DSP48_0 | Dynamic     | -      | -      | -      | -      | 19     | -    | -    | -    | -    | -     | 1    | 1    | 
|pe_r3_0_mac_muladd_8s_8s_19s_19_4_1_DSP48_0 | Dynamic     | -      | -      | -      | -      | 19     | -    | -    | -    | -    | -     | 1    | 1    | 
|pe_r3_0_mac_muladd_8s_8s_19s_19_4_1_DSP48_0 | Dynamic     | -      | -      | -      | -      | 19     | -    | -    | -    | -    | -     | 1    | 1    | 
|pe_r3_0_mac_muladd_8s_8s_19s_19_4_1_DSP48_0 | Dynamic     | -      | -      | -      | -      | 19     | -    | -    | -    | -    | -     | 1    | 1    | 
|pe_r3_0_mac_muladd_8s_8s_19s_19_4_1_DSP48_0 | Dynamic     | -      | -      | -      | -      | 19     | -    | -    | -    | -    | -     | 1    | 1    | 
|pe_r3_0_mac_muladd_8s_8s_19s_19_4_1_DSP48_0 | Dynamic     | -      | -      | -      | -      | 19     | -    | -    | -    | -    | -     | 1    | 1    | 
|pe_r4_0_mac_muladd_8s_8s_19s_19_4_1_DSP48_0 | Dynamic     | -      | -      | -      | -      | 19     | -    | -    | -    | -    | -     | 1    | 1    | 
|pe_r4_0_mac_muladd_8s_8s_19s_19_4_1_DSP48_0 | Dynamic     | -      | -      | -      | -      | 19     | -    | -    | -    | -    | -     | 1    | 1    | 
|pe_r4_0_mac_muladd_8s_8s_19s_19_4_1_DSP48_0 | Dynamic     | -      | -      | -      | -      | 19     | -    | -    | -    | -    | -     | 1    | 1    | 
|pe_r4_0_mac_muladd_8s_8s_19s_19_4_1_DSP48_0 | Dynamic     | -      | -      | -      | -      | 19     | -    | -    | -    | -    | -     | 1    | 1    | 
|pe_r4_0_mac_muladd_8s_8s_19s_19_4_1_DSP48_0 | Dynamic     | -      | -      | -      | -      | 19     | -    | -    | -    | -    | -     | 1    | 1    | 
|pe_r4_0_mac_muladd_8s_8s_19s_19_4_1_DSP48_0 | Dynamic     | -      | -      | -      | -      | 19     | -    | -    | -    | -    | -     | 1    | 1    | 
|pe_r5_0_mac_muladd_8s_8s_19s_19_4_1_DSP48_0 | Dynamic     | -      | -      | -      | -      | 19     | -    | -    | -    | -    | -     | 1    | 1    | 
|pe_r6_0_mac_muladd_8s_8s_19s_19_4_1_DSP48_0 | Dynamic     | -      | -      | -      | -      | 19     | -    | -    | -    | -    | -     | 1    | 1    | 
|pe_r7_0_mac_muladd_8s_8s_19s_19_4_1_DSP48_0 | Dynamic     | -      | -      | -      | -      | 19     | -    | -    | -    | -    | -     | 1    | 1    | 
|pe_r8_0_mac_muladd_8s_8s_19s_19_4_1_DSP48_0 | Dynamic     | -      | -      | -      | -      | 19     | -    | -    | -    | -    | -     | 1    | 1    | 
+--------------------------------------------+-------------+--------+--------+--------+--------+--------+------+------+------+------+-------+------+------+


Report BlackBoxes: 
+-+--------------+----------+
| |BlackBox name |Instances |
+-+--------------+----------+
+-+--------------+----------+

Report Cell Usage: 
+------+----------------+------+
|      |Cell            |Count |
+------+----------------+------+
|1     |CARRY8          |   336|
|2     |DSP_ALU         |    64|
|3     |DSP_A_B_DATA    |    64|
|7     |DSP_C_DATA      |    64|
|8     |DSP_MULTIPLIER  |    64|
|9     |DSP_M_DATA      |    64|
|10    |DSP_OUTPUT      |    64|
|11    |DSP_PREADD      |    64|
|12    |DSP_PREADD_DATA |    64|
|13    |LUT1            |    65|
|14    |LUT2            |   352|
|15    |LUT3            |  3076|
|16    |LUT4            |  2310|
|17    |LUT5            |  1675|
|18    |LUT6            |  1069|
|19    |SRL16E          |    64|
|20    |FDRE            |  8424|
|21    |FDSE            |    64|
+------+----------------+------+
---------------------------------------------------------------------------------
Finished Writing Synthesis Report : Time (s): cpu = 00:01:00 ; elapsed = 00:01:01 . Memory (MB): peak = 3974.496 ; gain = 1058.949 ; free physical = 94696 ; free virtual = 184309
---------------------------------------------------------------------------------
Synthesis finished with 0 errors, 0 critical warnings and 28 warnings.
Synthesis Optimization Runtime : Time (s): cpu = 00:00:54 ; elapsed = 00:00:56 . Memory (MB): peak = 3974.496 ; gain = 916.133 ; free physical = 94696 ; free virtual = 184309
Synthesis Optimization Complete : Time (s): cpu = 00:01:00 ; elapsed = 00:01:01 . Memory (MB): peak = 3974.504 ; gain = 1058.949 ; free physical = 94696 ; free virtual = 184309
INFO: [Project 1-571] Translating synthesized netlist
Netlist sorting complete. Time (s): cpu = 00:00:00.22 ; elapsed = 00:00:00.22 . Memory (MB): peak = 3982.496 ; gain = 0.000 ; free physical = 94986 ; free virtual = 184599
INFO: [Netlist 29-17] Analyzing 400 Unisim elements for replacement
INFO: [Netlist 29-28] Unisim Transformation completed in 0 CPU seconds
INFO: [Project 1-570] Preparing netlist for logic optimization
INFO: [Opt 31-138] Pushed 0 inverter(s) to 0 load pin(s).
Netlist sorting complete. Time (s): cpu = 00:00:00 ; elapsed = 00:00:00 . Memory (MB): peak = 4095.043 ; gain = 0.000 ; free physical = 94914 ; free virtual = 184526
INFO: [Project 1-111] Unisim Transformation Summary:
  A total of 64 instances were transformed.
  DSP48E2 => DSP48E2 (DSP_ALU, DSP_A_B_DATA, DSP_C_DATA, DSP_MULTIPLIER, DSP_M_DATA, DSP_OUTPUT, DSP_PREADD, DSP_PREADD_DATA): 64 instances

Synth Design complete | Checksum: b372244
INFO: [Common 17-83] Releasing license: Synthesis
197 Infos, 125 Warnings, 0 Critical Warnings and 0 Errors encountered.
synth_design completed successfully
synth_design: Time (s): cpu = 00:01:18 ; elapsed = 00:01:37 . Memory (MB): peak = 4095.078 ; gain = 2535.250 ; free physical = 94913 ; free virtual = 184525
INFO: [Common 17-2834] synth_design peak Physical Memory [PSS] (MB): overall = 3268.092; main = 3008.627; forked = 352.584
INFO: [Common 17-2834] synth_design peak Virtual Memory [VSS] (MB): overall = 5587.773; main = 4095.047; forked = 1613.273
# create_clock -period 3.333 -name ap_clk [get_ports ap_clk]
create_clock: Time (s): cpu = 00:00:05 ; elapsed = 00:00:05 . Memory (MB): peak = 4095.078 ; gain = 0.000 ; free physical = 94889 ; free virtual = 184501
# opt_design
Command: opt_design
Attempting to get a license for feature 'Implementation' and/or device 'xcu280'
INFO: [Common 17-349] Got license for feature 'Implementation' and/or device 'xcu280'
Running DRC as a precondition to command opt_design

Starting DRC Task
INFO: [DRC 23-27] Running DRC with 8 threads
INFO: [Project 1-461] DRC finished with 0 Errors
INFO: [Project 1-462] Please refer to the DRC report (report_drc) for more information.

Time (s): cpu = 00:00:03 ; elapsed = 00:00:01 . Memory (MB): peak = 4159.074 ; gain = 63.996 ; free physical = 94804 ; free virtual = 184416

Starting Cache Timing Information Task
INFO: [Timing 38-35] Done setting XDC timing constraints.
Ending Cache Timing Information Task | Checksum: 0e2490cf

Time (s): cpu = 00:00:09 ; elapsed = 00:00:02 . Memory (MB): peak = 4205.887 ; gain = 46.812 ; free physical = 94611 ; free virtual = 184223

Starting Logic Optimization Task

Phase 1 Initialization

Phase 1.1 Core Generation And Design Setup
Phase 1.1 Core Generation And Design Setup | Checksum: 0e2490cf

Time (s): cpu = 00:00:00.01 ; elapsed = 00:00:00 . Memory (MB): peak = 4356.871 ; gain = 0.000 ; free physical = 94558 ; free virtual = 184170

Phase 1.2 Setup Constraints And Sort Netlist
Phase 1.2 Setup Constraints And Sort Netlist | Checksum: 0e2490cf

Time (s): cpu = 00:00:00.02 ; elapsed = 00:00:00.01 . Memory (MB): peak = 4356.871 ; gain = 0.000 ; free physical = 94558 ; free virtual = 184170
Phase 1 Initialization | Checksum: 0e2490cf

Time (s): cpu = 00:00:00.02 ; elapsed = 00:00:00.02 . Memory (MB): peak = 4356.871 ; gain = 0.000 ; free physical = 94558 ; free virtual = 184170

Phase 2 Timer Update And Timing Data Collection

Phase 2.1 Timer Update
Phase 2.1 Timer Update | Checksum: 0e2490cf

Time (s): cpu = 00:00:03 ; elapsed = 00:00:00.73 . Memory (MB): peak = 4356.871 ; gain = 0.000 ; free physical = 94493 ; free virtual = 184105

Phase 2.2 Timing Data Collection
Phase 2.2 Timing Data Collection | Checksum: 0e2490cf

Time (s): cpu = 00:00:03 ; elapsed = 00:00:00.78 . Memory (MB): peak = 4356.871 ; gain = 0.000 ; free physical = 94491 ; free virtual = 184104
Phase 2 Timer Update And Timing Data Collection | Checksum: 0e2490cf

Time (s): cpu = 00:00:03 ; elapsed = 00:00:00.78 . Memory (MB): peak = 4356.871 ; gain = 0.000 ; free physical = 94491 ; free virtual = 184104

Phase 3 Retarget
INFO: [Opt 31-138] Pushed 65 inverter(s) to 1248 load pin(s).
INFO: [Opt 31-49] Retargeted 0 cell(s).
Phase 3 Retarget | Checksum: c0dd92ae

Time (s): cpu = 00:00:04 ; elapsed = 00:00:01 . Memory (MB): peak = 4356.871 ; gain = 0.000 ; free physical = 94472 ; free virtual = 184084
Retarget | Checksum: c0dd92ae
INFO: [Opt 31-389] Phase Retarget created 0 cells and removed 65 cells

Phase 4 Constant propagation
INFO: [Opt 31-138] Pushed 0 inverter(s) to 0 load pin(s).
Phase 4 Constant propagation | Checksum: c0dd92ae

Time (s): cpu = 00:00:04 ; elapsed = 00:00:01 . Memory (MB): peak = 4356.871 ; gain = 0.000 ; free physical = 94468 ; free virtual = 184081
Constant propagation | Checksum: c0dd92ae
INFO: [Opt 31-389] Phase Constant propagation created 0 cells and removed 0 cells

Phase 5 Sweep
Phase 5 Sweep | Checksum: fe2336eb

Time (s): cpu = 00:00:06 ; elapsed = 00:00:03 . Memory (MB): peak = 4356.871 ; gain = 0.000 ; free physical = 94363 ; free virtual = 183975
Sweep | Checksum: fe2336eb
INFO: [Opt 31-389] Phase Sweep created 0 cells and removed 0 cells

Phase 6 BUFG optimization
INFO: [Opt 31-1077] Phase BUFG optimization inserted 0 global clock buffer(s) for CLOCK_LOW_FANOUT.
Phase 6 BUFG optimization | Checksum: fe2336eb

Time (s): cpu = 00:00:06 ; elapsed = 00:00:03 . Memory (MB): peak = 4388.887 ; gain = 32.016 ; free physical = 94363 ; free virtual = 183975
BUFG optimization | Checksum: fe2336eb
INFO: [Opt 31-662] Phase BUFG optimization created 0 cells of which 0 are BUFGs and removed 0 cells.

Phase 7 Shift Register Optimization
INFO: [Opt 31-1064] SRL Remap converted 0 SRLs to 0 registers and converted 0 registers of register chains to 0 SRLs
Phase 7 Shift Register Optimization | Checksum: fe2336eb

Time (s): cpu = 00:00:06 ; elapsed = 00:00:03 . Memory (MB): peak = 4388.887 ; gain = 32.016 ; free physical = 94363 ; free virtual = 183975
Shift Register Optimization | Checksum: fe2336eb
INFO: [Opt 31-389] Phase Shift Register Optimization created 0 cells and removed 0 cells

Phase 8 Post Processing Netlist
Phase 8 Post Processing Netlist | Checksum: fe2336eb

Time (s): cpu = 00:00:06 ; elapsed = 00:00:03 . Memory (MB): peak = 4388.887 ; gain = 32.016 ; free physical = 94353 ; free virtual = 183965
Post Processing Netlist | Checksum: fe2336eb
INFO: [Opt 31-389] Phase Post Processing Netlist created 0 cells and removed 0 cells

Phase 9 Finalization

Phase 9.1 Finalizing Design Cores and Updating Shapes
Phase 9.1 Finalizing Design Cores and Updating Shapes | Checksum: bcbd8ec2

Time (s): cpu = 00:00:06 ; elapsed = 00:00:04 . Memory (MB): peak = 4388.887 ; gain = 32.016 ; free physical = 94267 ; free virtual = 183879

Phase 9.2 Verifying Netlist Connectivity

Starting Connectivity Check Task

Time (s): cpu = 00:00:00.03 ; elapsed = 00:00:00.03 . Memory (MB): peak = 4388.887 ; gain = 0.000 ; free physical = 94229 ; free virtual = 183841
Phase 9.2 Verifying Netlist Connectivity | Checksum: bcbd8ec2

Time (s): cpu = 00:00:06 ; elapsed = 00:00:04 . Memory (MB): peak = 4388.887 ; gain = 32.016 ; free physical = 94227 ; free virtual = 183839
Phase 9 Finalization | Checksum: bcbd8ec2

Time (s): cpu = 00:00:06 ; elapsed = 00:00:04 . Memory (MB): peak = 4388.887 ; gain = 32.016 ; free physical = 94225 ; free virtual = 183837
Opt_design Change Summary
=========================


-------------------------------------------------------------------------------------------------------------------------
|  Phase                        |  #Cells created  |  #Cells Removed  |  #Constrained objects preventing optimizations  |
-------------------------------------------------------------------------------------------------------------------------
|  Retarget                     |               0  |              65  |                                              0  |
|  Constant propagation         |               0  |               0  |                                              0  |
|  Sweep                        |               0  |               0  |                                              0  |
|  BUFG optimization            |               0  |               0  |                                              0  |
|  Shift Register Optimization  |               0  |               0  |                                              0  |
|  Post Processing Netlist      |               0  |               0  |                                              0  |
-------------------------------------------------------------------------------------------------------------------------


Ending Logic Optimization Task | Checksum: bcbd8ec2

Time (s): cpu = 00:00:06 ; elapsed = 00:00:04 . Memory (MB): peak = 4388.887 ; gain = 32.016 ; free physical = 94224 ; free virtual = 183836
INFO: [Constraints 18-11670] Building netlist checker database with flags, 0x8
Done building netlist checker database: Time (s): cpu = 00:00:00.01 ; elapsed = 00:00:00.02 . Memory (MB): peak = 4388.887 ; gain = 0.000 ; free physical = 94224 ; free virtual = 183836

Starting Power Optimization Task
INFO: [Pwropt 34-132] Skipping clock gating for clocks with a period < 2.00 ns.
Ending Power Optimization Task | Checksum: bcbd8ec2

Time (s): cpu = 00:00:00.02 ; elapsed = 00:00:00.02 . Memory (MB): peak = 4388.887 ; gain = 0.000 ; free physical = 94224 ; free virtual = 183837

Starting Final Cleanup Task
Ending Final Cleanup Task | Checksum: bcbd8ec2

Time (s): cpu = 00:00:00 ; elapsed = 00:00:00 . Memory (MB): peak = 4388.887 ; gain = 0.000 ; free physical = 94224 ; free virtual = 183837

Starting Netlist Obfuscation Task
Netlist sorting complete. Time (s): cpu = 00:00:00.01 ; elapsed = 00:00:00 . Memory (MB): peak = 4388.887 ; gain = 0.000 ; free physical = 94224 ; free virtual = 183837
Ending Netlist Obfuscation Task | Checksum: bcbd8ec2

Time (s): cpu = 00:00:00.01 ; elapsed = 00:00:00 . Memory (MB): peak = 4388.887 ; gain = 0.000 ; free physical = 94224 ; free virtual = 183837
INFO: [Common 17-83] Releasing license: Implementation
19 Infos, 0 Warnings, 0 Critical Warnings and 0 Errors encountered.
opt_design completed successfully
opt_design: Time (s): cpu = 00:00:21 ; elapsed = 00:00:10 . Memory (MB): peak = 4388.887 ; gain = 293.809 ; free physical = 94224 ; free virtual = 183837
# place_design
Command: place_design
Attempting to get a license for feature 'Implementation' and/or device 'xcu280'
INFO: [Common 17-349] Got license for feature 'Implementation' and/or device 'xcu280'
INFO: [Common 17-83] Releasing license: Implementation
INFO: [DRC 23-27] Running DRC with 8 threads
INFO: [Vivado_Tcl 4-198] DRC finished with 0 Errors
INFO: [Vivado_Tcl 4-199] Please refer to the DRC report (report_drc) for more information.
Running DRC as a precondition to command place_design
INFO: [DRC 23-27] Running DRC with 8 threads
INFO: [Vivado_Tcl 4-198] DRC finished with 0 Errors
INFO: [Vivado_Tcl 4-199] Please refer to the DRC report (report_drc) for more information.
INFO: [Place 30-611] Multithreading enabled for place_design using a maximum of 8 CPUs

Starting Placer Task

Phase 1 Placer Initialization

Phase 1.1 Placer Initialization Netlist Sorting
Netlist sorting complete. Time (s): cpu = 00:00:00 ; elapsed = 00:00:00 . Memory (MB): peak = 4420.902 ; gain = 0.000 ; free physical = 94221 ; free virtual = 183833
Phase 1.1 Placer Initialization Netlist Sorting | Checksum: 37f6408b

Time (s): cpu = 00:00:00.01 ; elapsed = 00:00:00.02 . Memory (MB): peak = 4420.902 ; gain = 0.000 ; free physical = 94221 ; free virtual = 183833
Netlist sorting complete. Time (s): cpu = 00:00:00.01 ; elapsed = 00:00:00 . Memory (MB): peak = 4420.902 ; gain = 0.000 ; free physical = 94221 ; free virtual = 183833

Phase 1.2 IO Placement/ Clock Placement/ Build Placer Device
INFO: [Timing 38-35] Done setting XDC timing constraints.
Phase 1.2 IO Placement/ Clock Placement/ Build Placer Device | Checksum: ec9e6673

Time (s): cpu = 00:00:33 ; elapsed = 00:00:27 . Memory (MB): peak = 4853.191 ; gain = 432.289 ; free physical = 93068 ; free virtual = 182681

Phase 1.3 Build Placer Netlist Model
Phase 1.3 Build Placer Netlist Model | Checksum: 1d25be197

Time (s): cpu = 00:00:47 ; elapsed = 00:00:34 . Memory (MB): peak = 5243.781 ; gain = 822.879 ; free physical = 92631 ; free virtual = 182244

Phase 1.4 Constrain Clocks/Macros
Phase 1.4 Constrain Clocks/Macros | Checksum: 1d25be197

Time (s): cpu = 00:00:47 ; elapsed = 00:00:34 . Memory (MB): peak = 5243.781 ; gain = 822.879 ; free physical = 92632 ; free virtual = 182245
Phase 1 Placer Initialization | Checksum: 1d25be197

Time (s): cpu = 00:00:47 ; elapsed = 00:00:35 . Memory (MB): peak = 5243.781 ; gain = 822.879 ; free physical = 92639 ; free virtual = 182253

Phase 2 Global Placement

Phase 2.1 Floorplanning

Phase 2.1.1 Partition Driven Placement

Phase 2.1.1.1 PBP: Partition Driven Placement
Phase 2.1.1.1 PBP: Partition Driven Placement | Checksum: 179133bc2

Time (s): cpu = 00:00:55 ; elapsed = 00:00:39 . Memory (MB): peak = 5243.781 ; gain = 822.879 ; free physical = 92617 ; free virtual = 182230

Phase 2.1.1.2 PBP: Clock Region Placement
INFO: [Place 30-3164] Check ILP status : ILP-based clock placer is skipped.
Phase 2.1.1.2 PBP: Clock Region Placement | Checksum: 179133bc2

Time (s): cpu = 00:00:56 ; elapsed = 00:00:39 . Memory (MB): peak = 5243.781 ; gain = 822.879 ; free physical = 92613 ; free virtual = 182227

Phase 2.1.1.3 PBP: Compute Congestion
Phase 2.1.1.3 PBP: Compute Congestion | Checksum: 179133bc2

Time (s): cpu = 00:01:27 ; elapsed = 00:00:49 . Memory (MB): peak = 5596.766 ; gain = 1175.863 ; free physical = 91715 ; free virtual = 181328

Phase 2.1.1.4 PBP: UpdateTiming
Phase 2.1.1.4 PBP: UpdateTiming | Checksum: 1d7f6bbe9

Time (s): cpu = 00:01:28 ; elapsed = 00:00:50 . Memory (MB): peak = 5628.781 ; gain = 1207.879 ; free physical = 91711 ; free virtual = 181324

Phase 2.1.1.5 PBP: Add part constraints
Phase 2.1.1.5 PBP: Add part constraints | Checksum: 1d7f6bbe9

Time (s): cpu = 00:01:28 ; elapsed = 00:00:50 . Memory (MB): peak = 5628.781 ; gain = 1207.879 ; free physical = 91711 ; free virtual = 181324
Phase 2.1.1 Partition Driven Placement | Checksum: 1d7f6bbe9

Time (s): cpu = 00:01:28 ; elapsed = 00:00:50 . Memory (MB): peak = 5628.781 ; gain = 1207.879 ; free physical = 91711 ; free virtual = 181324
Phase 2.1 Floorplanning | Checksum: 15e3cf907

Time (s): cpu = 00:01:28 ; elapsed = 00:00:50 . Memory (MB): peak = 5628.781 ; gain = 1207.879 ; free physical = 91711 ; free virtual = 181324

Phase 2.2 Physical Synthesis After Floorplan
INFO: [Physopt 32-670] No setup violation found.  PSIP Post Floorplan SLR Replication was not performed.
Netlist sorting complete. Time (s): cpu = 00:00:00 ; elapsed = 00:00:00 . Memory (MB): peak = 5628.781 ; gain = 0.000 ; free physical = 91711 ; free virtual = 181324

Summary of Physical Synthesis Optimizations
============================================


-----------------------------------------------------------------------------------------------------------------------------------------------
|  Optimization                         |  Added Cells  |  Removed Cells  |  Optimized Cells/Nets  |  Dont Touch  |  Iterations  |  Elapsed   |
-----------------------------------------------------------------------------------------------------------------------------------------------
|  PSIP Post Floorplan SLR Replication  |            0  |              0  |                     0  |           0  |           0  |  00:00:00  |
|  Total                                |            0  |              0  |                     0  |           0  |           0  |  00:00:00  |
-----------------------------------------------------------------------------------------------------------------------------------------------


Phase 2.2 Physical Synthesis After Floorplan | Checksum: 15e3cf907

Time (s): cpu = 00:01:29 ; elapsed = 00:00:50 . Memory (MB): peak = 5628.781 ; gain = 1207.879 ; free physical = 91711 ; free virtual = 181324

Phase 2.3 Update Timing before SLR Path Opt
Phase 2.3 Update Timing before SLR Path Opt | Checksum: 15e3cf907

Time (s): cpu = 00:01:29 ; elapsed = 00:00:50 . Memory (MB): peak = 5628.781 ; gain = 1207.879 ; free physical = 91711 ; free virtual = 181324

Phase 2.4 Post-Processing in Floorplanning
Phase 2.4 Post-Processing in Floorplanning | Checksum: 15e3cf907

Time (s): cpu = 00:01:29 ; elapsed = 00:00:50 . Memory (MB): peak = 5628.781 ; gain = 1207.879 ; free physical = 91711 ; free virtual = 181324

Phase 2.5 Global Placement Core

Phase 2.5.1 UpdateTiming Before Physical Synthesis
Phase 2.5.1 UpdateTiming Before Physical Synthesis | Checksum: 1eab807de

Time (s): cpu = 00:02:44 ; elapsed = 00:01:21 . Memory (MB): peak = 6206.816 ; gain = 1785.914 ; free physical = 91167 ; free virtual = 180780

Phase 2.5.2 Physical Synthesis In Placer
INFO: [Physopt 32-1035] Found 0 LUTNM shape to break, 256 LUT instances to create LUTNM shape
INFO: [Physopt 32-1044] Break lutnm for timing: one critical 0, two critical 0, total 0, new lutff created 0
INFO: [Physopt 32-1138] End 1 Pass. Optimized 102 nets or LUTs. Breaked 0 LUT, combined 102 existing LUTs and moved 0 existing LUT
INFO: [Physopt 32-69] No nets found for rewiring optimization.
INFO: [Physopt 32-661] Optimized 0 net.  Re-placed 0 instance.
INFO: [Physopt 32-775] End 1 Pass. Optimized 0 net or cell. Created 0 new cell, deleted 0 existing cell and moved 0 existing cell
INFO: [Physopt 32-65] No nets found for high-fanout optimization.
INFO: [Physopt 32-232] Optimized 0 net. Created 0 new instance.
INFO: [Physopt 32-775] End 1 Pass. Optimized 0 net or cell. Created 0 new cell, deleted 0 existing cell and moved 0 existing cell
INFO: [Physopt 32-670] No setup violation found.  DSP Register Optimization was not performed.
INFO: [Physopt 32-670] No setup violation found.  Shift Register to Pipeline Optimization was not performed.
INFO: [Physopt 32-670] No setup violation found.  Shift Register Optimization was not performed.
INFO: [Physopt 32-670] No setup violation found.  BRAM Register Optimization was not performed.
INFO: [Physopt 32-670] No setup violation found.  URAM Register Optimization was not performed.
INFO: [Physopt 32-949] No candidate nets found for dynamic/static region interface net replication
INFO: [Physopt 32-775] End 1 Pass. Optimized 0 net or cell. Created 0 new cell, deleted 0 existing cell and moved 0 existing cell
Netlist sorting complete. Time (s): cpu = 00:00:00.01 ; elapsed = 00:00:00 . Memory (MB): peak = 6206.816 ; gain = 0.000 ; free physical = 91165 ; free virtual = 180778

Summary of Physical Synthesis Optimizations
============================================


-----------------------------------------------------------------------------------------------------------------------------------------------------------
|  Optimization                                     |  Added Cells  |  Removed Cells  |  Optimized Cells/Nets  |  Dont Touch  |  Iterations  |  Elapsed   |
-----------------------------------------------------------------------------------------------------------------------------------------------------------
|  LUT Combining                                    |            0  |            102  |                   102  |           0  |           1  |  00:00:00  |
|  Retime                                           |            0  |              0  |                     0  |           0  |           1  |  00:00:00  |
|  Equivalent Driver Rewiring                       |            0  |              0  |                     0  |           0  |           1  |  00:00:00  |
|  Very High Fanout                                 |            0  |              0  |                     0  |           0  |           1  |  00:00:00  |
|  DSP Register                                     |            0  |              0  |                     0  |           0  |           0  |  00:00:00  |
|  Shift Register to Pipeline                       |            0  |              0  |                     0  |           0  |           0  |  00:00:00  |
|  Shift Register                                   |            0  |              0  |                     0  |           0  |           0  |  00:00:00  |
|  BRAM Register                                    |            0  |              0  |                     0  |           0  |           0  |  00:00:00  |
|  URAM Register                                    |            0  |              0  |                     0  |           0  |           0  |  00:00:00  |
|  Dynamic/Static Region Interface Net Replication  |            0  |              0  |                     0  |           0  |           1  |  00:00:00  |
|  Total                                            |            0  |            102  |                   102  |           0  |           5  |  00:00:01  |
-----------------------------------------------------------------------------------------------------------------------------------------------------------


Phase 2.5.2 Physical Synthesis In Placer | Checksum: 172195ff6

Time (s): cpu = 00:02:47 ; elapsed = 00:01:24 . Memory (MB): peak = 6206.816 ; gain = 1785.914 ; free physical = 91163 ; free virtual = 180776
Phase 2.5 Global Placement Core | Checksum: 13356e10f

Time (s): cpu = 00:03:50 ; elapsed = 00:01:44 . Memory (MB): peak = 6206.816 ; gain = 1785.914 ; free physical = 91150 ; free virtual = 180763
Phase 2 Global Placement | Checksum: 13356e10f

Time (s): cpu = 00:03:51 ; elapsed = 00:01:44 . Memory (MB): peak = 6206.816 ; gain = 1785.914 ; free physical = 91150 ; free virtual = 180763

Phase 3 Detail Placement

Phase 3.1 Commit Multi Column Macros
Phase 3.1 Commit Multi Column Macros | Checksum: 1a8104f0d

Time (s): cpu = 00:04:22 ; elapsed = 00:01:54 . Memory (MB): peak = 6206.816 ; gain = 1785.914 ; free physical = 91147 ; free virtual = 180760

Phase 3.2 Commit Most Macros & LUTRAMs
Phase 3.2 Commit Most Macros & LUTRAMs | Checksum: 81e36497

Time (s): cpu = 00:04:24 ; elapsed = 00:01:56 . Memory (MB): peak = 6206.816 ; gain = 1785.914 ; free physical = 91153 ; free virtual = 180766

Phase 3.3 Small Shape DP

Phase 3.3.1 Small Shape Clustering
Phase 3.3.1 Small Shape Clustering | Checksum: b3581445

Time (s): cpu = 00:04:55 ; elapsed = 00:02:05 . Memory (MB): peak = 6206.816 ; gain = 1785.914 ; free physical = 91265 ; free virtual = 180878

Phase 3.3.2 Slice Area Swap

Phase 3.3.2.1 Slice Area Swap Initial
Phase 3.3.2.1 Slice Area Swap Initial | Checksum: d964ffa6

Time (s): cpu = 00:04:56 ; elapsed = 00:02:06 . Memory (MB): peak = 6206.816 ; gain = 1785.914 ; free physical = 91265 ; free virtual = 180878
Phase 3.3.2 Slice Area Swap | Checksum: 1482fbe14

Time (s): cpu = 00:04:57 ; elapsed = 00:02:08 . Memory (MB): peak = 6206.816 ; gain = 1785.914 ; free physical = 91261 ; free virtual = 180874
Phase 3.3 Small Shape DP | Checksum: 1e2bfa6a8

Time (s): cpu = 00:05:01 ; elapsed = 00:02:09 . Memory (MB): peak = 6206.816 ; gain = 1785.914 ; free physical = 91269 ; free virtual = 180882

Phase 3.4 Re-assign LUT pins
Phase 3.4 Re-assign LUT pins | Checksum: 1537ffe6e

Time (s): cpu = 00:05:02 ; elapsed = 00:02:10 . Memory (MB): peak = 6206.816 ; gain = 1785.914 ; free physical = 91269 ; free virtual = 180882

Phase 3.5 Pipeline Register Optimization
Phase 3.5 Pipeline Register Optimization | Checksum: 1750e1ab1

Time (s): cpu = 00:05:02 ; elapsed = 00:02:10 . Memory (MB): peak = 6206.816 ; gain = 1785.914 ; free physical = 91269 ; free virtual = 180882
Phase 3 Detail Placement | Checksum: 1750e1ab1

Time (s): cpu = 00:05:02 ; elapsed = 00:02:10 . Memory (MB): peak = 6206.816 ; gain = 1785.914 ; free physical = 91269 ; free virtual = 180882

Phase 4 Post Placement Optimization and Clean-Up

Phase 4.1 Post Commit Optimization
INFO: [Timing 38-35] Done setting XDC timing constraints.

Phase 4.1.1 Post Placement Optimization
Post Placement Optimization Initialization | Checksum: 1abd31bcc

Phase 4.1.1.1 BUFG Insertion

Starting Physical Synthesis Task

Phase 1 Physical Synthesis Initialization
INFO: [Physopt 32-721] Multithreading enabled for phys_opt_design using a maximum of 8 CPUs
INFO: [Physopt 32-619] Estimated Timing Summary | WNS=1.405 | TNS=0.000 |
Phase 1 Physical Synthesis Initialization | Checksum: 14f919b64

Time (s): cpu = 00:00:02 ; elapsed = 00:00:00.54 . Memory (MB): peak = 6206.816 ; gain = 0.000 ; free physical = 91183 ; free virtual = 180796
INFO: [Place 46-56] BUFG insertion identified 0 candidate nets. Inserted BUFG: 0, Replicated BUFG Driver: 0, Skipped due to Placement/Routing Conflicts: 0, Skipped due to Timing Degradation: 0, Skipped due to netlist editing failed: 0.
Ending Physical Synthesis Task | Checksum: 14f919b64

Time (s): cpu = 00:00:02 ; elapsed = 00:00:00.88 . Memory (MB): peak = 6206.816 ; gain = 0.000 ; free physical = 91178 ; free virtual = 180791
Phase 4.1.1.1 BUFG Insertion | Checksum: 1abd31bcc

Time (s): cpu = 00:05:50 ; elapsed = 00:02:25 . Memory (MB): peak = 6206.816 ; gain = 1785.914 ; free physical = 91178 ; free virtual = 180791

Phase 4.1.1.2 BUFG Replication
INFO: [Place 46-63] BUFG replication identified 0 candidate nets: Replicated nets: 0, Replicated BUFGs: 0, Replicated BUFG Driver: 0, moved BUFGs: 0, Skipped due to Placement / Routing Conflict: 0, Skipped due to Timing: 0, Skipped due to constraints: 0
Phase 4.1.1.2 BUFG Replication | Checksum: 1abd31bcc

Time (s): cpu = 00:05:50 ; elapsed = 00:02:25 . Memory (MB): peak = 6206.816 ; gain = 1785.914 ; free physical = 91178 ; free virtual = 180791

Phase 4.1.1.3 Post Placement Timing Optimization
INFO: [Place 30-746] Post Placement Timing Summary WNS=1.405. For the most accurate timing information please run report_timing.
Phase 4.1.1.3 Post Placement Timing Optimization | Checksum: 10cd4588c

Time (s): cpu = 00:05:51 ; elapsed = 00:02:25 . Memory (MB): peak = 6206.816 ; gain = 1785.914 ; free physical = 91178 ; free virtual = 180791

Phase 4.1.1.4 Replication
INFO: [Place 46-19] Post Replication Timing Summary WNS=1.405. For the most accurate timing information please run report_timing.
Phase 4.1.1.4 Replication | Checksum: 10cd4588c

Time (s): cpu = 00:05:51 ; elapsed = 00:02:26 . Memory (MB): peak = 6206.816 ; gain = 1785.914 ; free physical = 91178 ; free virtual = 180791

Time (s): cpu = 00:05:51 ; elapsed = 00:02:26 . Memory (MB): peak = 6206.816 ; gain = 1785.914 ; free physical = 91178 ; free virtual = 180791
Phase 4.1 Post Commit Optimization | Checksum: 10cd4588c

Time (s): cpu = 00:05:51 ; elapsed = 00:02:26 . Memory (MB): peak = 6206.816 ; gain = 1785.914 ; free physical = 91178 ; free virtual = 180791

Phase 4.2 Post Placement Cleanup
Phase 4.2 Post Placement Cleanup | Checksum: 10cd4588c

Time (s): cpu = 00:06:52 ; elapsed = 00:03:05 . Memory (MB): peak = 6206.816 ; gain = 1785.914 ; free physical = 91089 ; free virtual = 180702

Phase 4.3 Placer Reporting

Phase 4.3.1 Print Estimated Congestion
INFO: [Place 30-612] Post-Placement Estimated Congestion 
 ________________________________________________________________________
|           | Global Congestion | Long Congestion   | Short Congestion  |
| Direction | Region Size       | Region Size       | Region Size       |
|___________|___________________|___________________|___________________|
|      North|                1x1|                1x1|                1x1|
|___________|___________________|___________________|___________________|
|      South|                1x1|                1x1|                1x1|
|___________|___________________|___________________|___________________|
|       East|                1x1|                1x1|                1x1|
|___________|___________________|___________________|___________________|
|       West|                1x1|                1x1|                1x1|
|___________|___________________|___________________|___________________|

SLR0:
 ________________________________________________________________________
|           | Global Congestion | Long Congestion   | Short Congestion  |
| Direction | Region Size       | Region Size       | Region Size       |
|___________|___________________|___________________|___________________|
|      North|                1x1|                1x1|                1x1|
|___________|___________________|___________________|___________________|
|      South|                1x1|                1x1|                1x1|
|___________|___________________|___________________|___________________|
|       East|                1x1|                1x1|                1x1|
|___________|___________________|___________________|___________________|
|       West|                1x1|                1x1|                1x1|
|___________|___________________|___________________|___________________|

SLR1:
 ________________________________________________________________________
|           | Global Congestion | Long Congestion   | Short Congestion  |
| Direction | Region Size       | Region Size       | Region Size       |
|___________|___________________|___________________|___________________|
|      North|                1x1|                1x1|                1x1|
|___________|___________________|___________________|___________________|
|      South|                1x1|                1x1|                1x1|
|___________|___________________|___________________|___________________|
|       East|                1x1|                1x1|                1x1|
|___________|___________________|___________________|___________________|
|       West|                1x1|                1x1|                1x1|
|___________|___________________|___________________|___________________|

SLR2:
 ________________________________________________________________________
|           | Global Congestion | Long Congestion   | Short Congestion  |
| Direction | Region Size       | Region Size       | Region Size       |
|___________|___________________|___________________|___________________|
|      North|                1x1|                1x1|                1x1|
|___________|___________________|___________________|___________________|
|      South|                1x1|                1x1|                1x1|
|___________|___________________|___________________|___________________|
|       East|                1x1|                1x1|                1x1|
|___________|___________________|___________________|___________________|
|       West|                1x1|                1x1|                1x1|
|___________|___________________|___________________|___________________|

Phase 4.3.1 Print Estimated Congestion | Checksum: 10cd4588c

Time (s): cpu = 00:06:52 ; elapsed = 00:03:06 . Memory (MB): peak = 6206.816 ; gain = 1785.914 ; free physical = 91089 ; free virtual = 180702
Phase 4.3 Placer Reporting | Checksum: 10cd4588c

Time (s): cpu = 00:06:52 ; elapsed = 00:03:06 . Memory (MB): peak = 6206.816 ; gain = 1785.914 ; free physical = 91088 ; free virtual = 180701

Phase 4.4 Final Placement Cleanup
Netlist sorting complete. Time (s): cpu = 00:00:00.01 ; elapsed = 00:00:00 . Memory (MB): peak = 6206.816 ; gain = 0.000 ; free physical = 91087 ; free virtual = 180700

Time (s): cpu = 00:06:52 ; elapsed = 00:03:06 . Memory (MB): peak = 6206.816 ; gain = 1785.914 ; free physical = 91087 ; free virtual = 180700
Phase 4 Post Placement Optimization and Clean-Up | Checksum: 11ea28c95

Time (s): cpu = 00:06:52 ; elapsed = 00:03:06 . Memory (MB): peak = 6206.816 ; gain = 1785.914 ; free physical = 91087 ; free virtual = 180700
Ending Placer Task | Checksum: dc988136

Time (s): cpu = 00:06:52 ; elapsed = 00:03:06 . Memory (MB): peak = 6206.816 ; gain = 1785.914 ; free physical = 91087 ; free virtual = 180700
36 Infos, 0 Warnings, 0 Critical Warnings and 0 Errors encountered.
place_design completed successfully
place_design: Time (s): cpu = 00:06:57 ; elapsed = 00:03:07 . Memory (MB): peak = 6206.816 ; gain = 1817.930 ; free physical = 91091 ; free virtual = 180705
# phys_opt_design
Command: phys_opt_design
Attempting to get a license for feature 'Implementation' and/or device 'xcu280'
INFO: [Common 17-349] Got license for feature 'Implementation' and/or device 'xcu280'

Starting Initial Update Timing Task
WARNING: [Timing 38-242] The property HD.CLK_SRC of clock port "ap_clk" is not set. In out-of-context mode, this prevents timing estimation for clock delay/skew
Resolution: Set the HD.CLK_SRC property of the out-of-context port to the location of the clock buffer instance in the top-level design

Time (s): cpu = 00:00:07 ; elapsed = 00:00:02 . Memory (MB): peak = 6206.816 ; gain = 0.000 ; free physical = 91088 ; free virtual = 180701
INFO: [Vivado_Tcl 4-383] Design worst setup slack (WNS) is greater than or equal to 0.000 ns. Skipping all physical synthesis optimizations.
INFO: [Vivado_Tcl 4-232] No setup violation found. The netlist was not modified.
INFO: [Common 17-83] Releasing license: Implementation
4 Infos, 1 Warnings, 0 Critical Warnings and 0 Errors encountered.
phys_opt_design completed successfully
# route_design
Command: route_design
Attempting to get a license for feature 'Implementation' and/or device 'xcu280'
INFO: [Common 17-349] Got license for feature 'Implementation' and/or device 'xcu280'
Running DRC as a precondition to command route_design
INFO: [DRC 23-27] Running DRC with 8 threads
INFO: [Vivado_Tcl 4-198] DRC finished with 0 Errors
INFO: [Vivado_Tcl 4-199] Please refer to the DRC report (report_drc) for more information.


Starting Routing Task
INFO: [Route 35-254] Multithreading enabled for route_design using a maximum of 8 CPUs

Phase 1 Build RT Design
Checksum: PlaceDB: bf1601b2 ConstDB: 0 ShapeSum: 1d827f84 RouteDB: 0
Nodegraph reading from file.  Time (s): cpu = 00:00:02 ; elapsed = 00:00:02 . Memory (MB): peak = 6270.848 ; gain = 0.000 ; free physical = 91083 ; free virtual = 180697
WARNING: [Route 35-197] Clock port "ap_clk" does not have an associated HD.CLK_SRC. Without this constraint, timing analysis may not be accurate and upstream checks cannot be done to ensure correct clock placement.
WARNING: [Route 35-198] Port "ap_rst_n" does not have an associated HD.PARTPIN_LOCS, which will prevent the partial routing of the signal "ap_rst_n". Without this partial route, timing analysis to/from this port will not be accurate, and no routing information for this port can be exported.
WARNING: [Route 35-198] Port "c_out_7_full_n" does not have an associated HD.PARTPIN_LOCS, which will prevent the partial routing of the signal "c_out_7_full_n". Without this partial route, timing analysis to/from this port will not be accurate, and no routing information for this port can be exported.
WARNING: [Route 35-198] Port "a_in_7_empty_n" does not have an associated HD.PARTPIN_LOCS, which will prevent the partial routing of the signal "a_in_7_empty_n". Without this partial route, timing analysis to/from this port will not be accurate, and no routing information for this port can be exported.
WARNING: [Route 35-198] Port "a_in_7_dout[7]" does not have an associated HD.PARTPIN_LOCS, which will prevent the partial routing of the signal "a_in_7_dout[7]". Without this partial route, timing analysis to/from this port will not be accurate, and no routing information for this port can be exported.
WARNING: [Route 35-198] Port "a_in_7_dout[6]" does not have an associated HD.PARTPIN_LOCS, which will prevent the partial routing of the signal "a_in_7_dout[6]". Without this partial route, timing analysis to/from this port will not be accurate, and no routing information for this port can be exported.
WARNING: [Route 35-198] Port "a_in_7_dout[5]" does not have an associated HD.PARTPIN_LOCS, which will prevent the partial routing of the signal "a_in_7_dout[5]". Without this partial route, timing analysis to/from this port will not be accurate, and no routing information for this port can be exported.
WARNING: [Route 35-198] Port "a_in_7_dout[4]" does not have an associated HD.PARTPIN_LOCS, which will prevent the partial routing of the signal "a_in_7_dout[4]". Without this partial route, timing analysis to/from this port will not be accurate, and no routing information for this port can be exported.
WARNING: [Route 35-198] Port "a_in_7_dout[3]" does not have an associated HD.PARTPIN_LOCS, which will prevent the partial routing of the signal "a_in_7_dout[3]". Without this partial route, timing analysis to/from this port will not be accurate, and no routing information for this port can be exported.
WARNING: [Route 35-198] Port "a_in_7_dout[2]" does not have an associated HD.PARTPIN_LOCS, which will prevent the partial routing of the signal "a_in_7_dout[2]". Without this partial route, timing analysis to/from this port will not be accurate, and no routing information for this port can be exported.
WARNING: [Route 35-198] Port "a_in_7_dout[1]" does not have an associated HD.PARTPIN_LOCS, which will prevent the partial routing of the signal "a_in_7_dout[1]". Without this partial route, timing analysis to/from this port will not be accurate, and no routing information for this port can be exported.
WARNING: [Route 35-198] Port "a_in_7_dout[0]" does not have an associated HD.PARTPIN_LOCS, which will prevent the partial routing of the signal "a_in_7_dout[0]". Without this partial route, timing analysis to/from this port will not be accurate, and no routing information for this port can be exported.
WARNING: [Route 35-198] Port "c_out_6_full_n" does not have an associated HD.PARTPIN_LOCS, which will prevent the partial routing of the signal "c_out_6_full_n". Without this partial route, timing analysis to/from this port will not be accurate, and no routing information for this port can be exported.
WARNING: [Route 35-198] Port "a_in_6_dout[7]" does not have an associated HD.PARTPIN_LOCS, which will prevent the partial routing of the signal "a_in_6_dout[7]". Without this partial route, timing analysis to/from this port will not be accurate, and no routing information for this port can be exported.
WARNING: [Route 35-198] Port "a_in_6_dout[6]" does not have an associated HD.PARTPIN_LOCS, which will prevent the partial routing of the signal "a_in_6_dout[6]". Without this partial route, timing analysis to/from this port will not be accurate, and no routing information for this port can be exported.
WARNING: [Route 35-198] Port "a_in_6_dout[5]" does not have an associated HD.PARTPIN_LOCS, which will prevent the partial routing of the signal "a_in_6_dout[5]". Without this partial route, timing analysis to/from this port will not be accurate, and no routing information for this port can be exported.
WARNING: [Route 35-198] Port "a_in_6_dout[4]" does not have an associated HD.PARTPIN_LOCS, which will prevent the partial routing of the signal "a_in_6_dout[4]". Without this partial route, timing analysis to/from this port will not be accurate, and no routing information for this port can be exported.
WARNING: [Route 35-198] Port "a_in_6_dout[1]" does not have an associated HD.PARTPIN_LOCS, which will prevent the partial routing of the signal "a_in_6_dout[1]". Without this partial route, timing analysis to/from this port will not be accurate, and no routing information for this port can be exported.
WARNING: [Route 35-198] Port "a_in_6_dout[0]" does not have an associated HD.PARTPIN_LOCS, which will prevent the partial routing of the signal "a_in_6_dout[0]". Without this partial route, timing analysis to/from this port will not be accurate, and no routing information for this port can be exported.
WARNING: [Route 35-198] Port "a_in_6_dout[3]" does not have an associated HD.PARTPIN_LOCS, which will prevent the partial routing of the signal "a_in_6_dout[3]". Without this partial route, timing analysis to/from this port will not be accurate, and no routing information for this port can be exported.
WARNING: [Route 35-198] Port "a_in_6_dout[2]" does not have an associated HD.PARTPIN_LOCS, which will prevent the partial routing of the signal "a_in_6_dout[2]". Without this partial route, timing analysis to/from this port will not be accurate, and no routing information for this port can be exported.
WARNING: [Route 35-198] Port "a_in_6_empty_n" does not have an associated HD.PARTPIN_LOCS, which will prevent the partial routing of the signal "a_in_6_empty_n". Without this partial route, timing analysis to/from this port will not be accurate, and no routing information for this port can be exported.
WARNING: [Route 35-198] Port "c_out_5_full_n" does not have an associated HD.PARTPIN_LOCS, which will prevent the partial routing of the signal "c_out_5_full_n". Without this partial route, timing analysis to/from this port will not be accurate, and no routing information for this port can be exported.
WARNING: [Route 35-198] Port "a_in_5_dout[7]" does not have an associated HD.PARTPIN_LOCS, which will prevent the partial routing of the signal "a_in_5_dout[7]". Without this partial route, timing analysis to/from this port will not be accurate, and no routing information for this port can be exported.
WARNING: [Route 35-198] Port "a_in_5_dout[6]" does not have an associated HD.PARTPIN_LOCS, which will prevent the partial routing of the signal "a_in_5_dout[6]". Without this partial route, timing analysis to/from this port will not be accurate, and no routing information for this port can be exported.
WARNING: [Route 35-198] Port "a_in_5_dout[5]" does not have an associated HD.PARTPIN_LOCS, which will prevent the partial routing of the signal "a_in_5_dout[5]". Without this partial route, timing analysis to/from this port will not be accurate, and no routing information for this port can be exported.
WARNING: [Route 35-198] Port "a_in_5_dout[4]" does not have an associated HD.PARTPIN_LOCS, which will prevent the partial routing of the signal "a_in_5_dout[4]". Without this partial route, timing analysis to/from this port will not be accurate, and no routing information for this port can be exported.
WARNING: [Route 35-198] Port "a_in_5_dout[3]" does not have an associated HD.PARTPIN_LOCS, which will prevent the partial routing of the signal "a_in_5_dout[3]". Without this partial route, timing analysis to/from this port will not be accurate, and no routing information for this port can be exported.
WARNING: [Route 35-198] Port "a_in_5_dout[2]" does not have an associated HD.PARTPIN_LOCS, which will prevent the partial routing of the signal "a_in_5_dout[2]". Without this partial route, timing analysis to/from this port will not be accurate, and no routing information for this port can be exported.
WARNING: [Route 35-198] Port "a_in_5_dout[1]" does not have an associated HD.PARTPIN_LOCS, which will prevent the partial routing of the signal "a_in_5_dout[1]". Without this partial route, timing analysis to/from this port will not be accurate, and no routing information for this port can be exported.
WARNING: [Route 35-198] Port "a_in_5_dout[0]" does not have an associated HD.PARTPIN_LOCS, which will prevent the partial routing of the signal "a_in_5_dout[0]". Without this partial route, timing analysis to/from this port will not be accurate, and no routing information for this port can be exported.
WARNING: [Route 35-198] Port "a_in_5_empty_n" does not have an associated HD.PARTPIN_LOCS, which will prevent the partial routing of the signal "a_in_5_empty_n". Without this partial route, timing analysis to/from this port will not be accurate, and no routing information for this port can be exported.
WARNING: [Route 35-198] Port "c_out_4_full_n" does not have an associated HD.PARTPIN_LOCS, which will prevent the partial routing of the signal "c_out_4_full_n". Without this partial route, timing analysis to/from this port will not be accurate, and no routing information for this port can be exported.
WARNING: [Route 35-198] Port "a_in_4_dout[3]" does not have an associated HD.PARTPIN_LOCS, which will prevent the partial routing of the signal "a_in_4_dout[3]". Without this partial route, timing analysis to/from this port will not be accurate, and no routing information for this port can be exported.
WARNING: [Route 35-198] Port "a_in_4_dout[2]" does not have an associated HD.PARTPIN_LOCS, which will prevent the partial routing of the signal "a_in_4_dout[2]". Without this partial route, timing analysis to/from this port will not be accurate, and no routing information for this port can be exported.
WARNING: [Route 35-198] Port "a_in_4_dout[1]" does not have an associated HD.PARTPIN_LOCS, which will prevent the partial routing of the signal "a_in_4_dout[1]". Without this partial route, timing analysis to/from this port will not be accurate, and no routing information for this port can be exported.
WARNING: [Route 35-198] Port "a_in_4_dout[0]" does not have an associated HD.PARTPIN_LOCS, which will prevent the partial routing of the signal "a_in_4_dout[0]". Without this partial route, timing analysis to/from this port will not be accurate, and no routing information for this port can be exported.
WARNING: [Route 35-198] Port "a_in_4_empty_n" does not have an associated HD.PARTPIN_LOCS, which will prevent the partial routing of the signal "a_in_4_empty_n". Without this partial route, timing analysis to/from this port will not be accurate, and no routing information for this port can be exported.
WARNING: [Route 35-198] Port "a_in_4_dout[7]" does not have an associated HD.PARTPIN_LOCS, which will prevent the partial routing of the signal "a_in_4_dout[7]". Without this partial route, timing analysis to/from this port will not be accurate, and no routing information for this port can be exported.
WARNING: [Route 35-198] Port "a_in_4_dout[6]" does not have an associated HD.PARTPIN_LOCS, which will prevent the partial routing of the signal "a_in_4_dout[6]". Without this partial route, timing analysis to/from this port will not be accurate, and no routing information for this port can be exported.
WARNING: [Route 35-198] Port "a_in_4_dout[5]" does not have an associated HD.PARTPIN_LOCS, which will prevent the partial routing of the signal "a_in_4_dout[5]". Without this partial route, timing analysis to/from this port will not be accurate, and no routing information for this port can be exported.
WARNING: [Route 35-198] Port "a_in_4_dout[4]" does not have an associated HD.PARTPIN_LOCS, which will prevent the partial routing of the signal "a_in_4_dout[4]". Without this partial route, timing analysis to/from this port will not be accurate, and no routing information for this port can be exported.
WARNING: [Route 35-198] Port "a_in_3_dout[7]" does not have an associated HD.PARTPIN_LOCS, which will prevent the partial routing of the signal "a_in_3_dout[7]". Without this partial route, timing analysis to/from this port will not be accurate, and no routing information for this port can be exported.
WARNING: [Route 35-198] Port "a_in_3_dout[6]" does not have an associated HD.PARTPIN_LOCS, which will prevent the partial routing of the signal "a_in_3_dout[6]". Without this partial route, timing analysis to/from this port will not be accurate, and no routing information for this port can be exported.
WARNING: [Route 35-198] Port "a_in_3_dout[5]" does not have an associated HD.PARTPIN_LOCS, which will prevent the partial routing of the signal "a_in_3_dout[5]". Without this partial route, timing analysis to/from this port will not be accurate, and no routing information for this port can be exported.
WARNING: [Route 35-198] Port "a_in_3_dout[4]" does not have an associated HD.PARTPIN_LOCS, which will prevent the partial routing of the signal "a_in_3_dout[4]". Without this partial route, timing analysis to/from this port will not be accurate, and no routing information for this port can be exported.
WARNING: [Route 35-198] Port "a_in_3_dout[3]" does not have an associated HD.PARTPIN_LOCS, which will prevent the partial routing of the signal "a_in_3_dout[3]". Without this partial route, timing analysis to/from this port will not be accurate, and no routing information for this port can be exported.
WARNING: [Route 35-198] Port "a_in_3_dout[2]" does not have an associated HD.PARTPIN_LOCS, which will prevent the partial routing of the signal "a_in_3_dout[2]". Without this partial route, timing analysis to/from this port will not be accurate, and no routing information for this port can be exported.
WARNING: [Route 35-198] Port "a_in_3_dout[1]" does not have an associated HD.PARTPIN_LOCS, which will prevent the partial routing of the signal "a_in_3_dout[1]". Without this partial route, timing analysis to/from this port will not be accurate, and no routing information for this port can be exported.
WARNING: [Route 35-198] Port "a_in_3_dout[0]" does not have an associated HD.PARTPIN_LOCS, which will prevent the partial routing of the signal "a_in_3_dout[0]". Without this partial route, timing analysis to/from this port will not be accurate, and no routing information for this port can be exported.
WARNING: [Route 35-198] Port "a_in_3_empty_n" does not have an associated HD.PARTPIN_LOCS, which will prevent the partial routing of the signal "a_in_3_empty_n". Without this partial route, timing analysis to/from this port will not be accurate, and no routing information for this port can be exported.
WARNING: [Route 35-198] Port "c_out_3_full_n" does not have an associated HD.PARTPIN_LOCS, which will prevent the partial routing of the signal "c_out_3_full_n". Without this partial route, timing analysis to/from this port will not be accurate, and no routing information for this port can be exported.
WARNING: [Route 35-198] Port "a_in_2_dout[7]" does not have an associated HD.PARTPIN_LOCS, which will prevent the partial routing of the signal "a_in_2_dout[7]". Without this partial route, timing analysis to/from this port will not be accurate, and no routing information for this port can be exported.
WARNING: [Route 35-198] Port "a_in_2_dout[6]" does not have an associated HD.PARTPIN_LOCS, which will prevent the partial routing of the signal "a_in_2_dout[6]". Without this partial route, timing analysis to/from this port will not be accurate, and no routing information for this port can be exported.
WARNING: [Route 35-198] Port "a_in_2_dout[5]" does not have an associated HD.PARTPIN_LOCS, which will prevent the partial routing of the signal "a_in_2_dout[5]". Without this partial route, timing analysis to/from this port will not be accurate, and no routing information for this port can be exported.
WARNING: [Route 35-198] Port "a_in_2_dout[4]" does not have an associated HD.PARTPIN_LOCS, which will prevent the partial routing of the signal "a_in_2_dout[4]". Without this partial route, timing analysis to/from this port will not be accurate, and no routing information for this port can be exported.
WARNING: [Route 35-198] Port "a_in_2_dout[3]" does not have an associated HD.PARTPIN_LOCS, which will prevent the partial routing of the signal "a_in_2_dout[3]". Without this partial route, timing analysis to/from this port will not be accurate, and no routing information for this port can be exported.
WARNING: [Route 35-198] Port "a_in_2_dout[2]" does not have an associated HD.PARTPIN_LOCS, which will prevent the partial routing of the signal "a_in_2_dout[2]". Without this partial route, timing analysis to/from this port will not be accurate, and no routing information for this port can be exported.
WARNING: [Route 35-198] Port "a_in_2_dout[1]" does not have an associated HD.PARTPIN_LOCS, which will prevent the partial routing of the signal "a_in_2_dout[1]". Without this partial route, timing analysis to/from this port will not be accurate, and no routing information for this port can be exported.
WARNING: [Route 35-198] Port "a_in_2_dout[0]" does not have an associated HD.PARTPIN_LOCS, which will prevent the partial routing of the signal "a_in_2_dout[0]". Without this partial route, timing analysis to/from this port will not be accurate, and no routing information for this port can be exported.
WARNING: [Route 35-198] Port "c_out_2_full_n" does not have an associated HD.PARTPIN_LOCS, which will prevent the partial routing of the signal "c_out_2_full_n". Without this partial route, timing analysis to/from this port will not be accurate, and no routing information for this port can be exported.
WARNING: [Route 35-198] Port "a_in_2_empty_n" does not have an associated HD.PARTPIN_LOCS, which will prevent the partial routing of the signal "a_in_2_empty_n". Without this partial route, timing analysis to/from this port will not be accurate, and no routing information for this port can be exported.
WARNING: [Route 35-198] Port "b_in_5_dout[3]" does not have an associated HD.PARTPIN_LOCS, which will prevent the partial routing of the signal "b_in_5_dout[3]". Without this partial route, timing analysis to/from this port will not be accurate, and no routing information for this port can be exported.
WARNING: [Route 35-198] Port "b_in_5_dout[2]" does not have an associated HD.PARTPIN_LOCS, which will prevent the partial routing of the signal "b_in_5_dout[2]". Without this partial route, timing analysis to/from this port will not be accurate, and no routing information for this port can be exported.
WARNING: [Route 35-198] Port "b_in_7_dout[7]" does not have an associated HD.PARTPIN_LOCS, which will prevent the partial routing of the signal "b_in_7_dout[7]". Without this partial route, timing analysis to/from this port will not be accurate, and no routing information for this port can be exported.
WARNING: [Route 35-198] Port "b_in_7_dout[6]" does not have an associated HD.PARTPIN_LOCS, which will prevent the partial routing of the signal "b_in_7_dout[6]". Without this partial route, timing analysis to/from this port will not be accurate, and no routing information for this port can be exported.
WARNING: [Route 35-198] Port "b_in_7_dout[3]" does not have an associated HD.PARTPIN_LOCS, which will prevent the partial routing of the signal "b_in_7_dout[3]". Without this partial route, timing analysis to/from this port will not be accurate, and no routing information for this port can be exported.
WARNING: [Route 35-198] Port "b_in_7_dout[2]" does not have an associated HD.PARTPIN_LOCS, which will prevent the partial routing of the signal "b_in_7_dout[2]". Without this partial route, timing analysis to/from this port will not be accurate, and no routing information for this port can be exported.
WARNING: [Route 35-198] Port "b_in_5_dout[5]" does not have an associated HD.PARTPIN_LOCS, which will prevent the partial routing of the signal "b_in_5_dout[5]". Without this partial route, timing analysis to/from this port will not be accurate, and no routing information for this port can be exported.
WARNING: [Route 35-198] Port "b_in_5_dout[4]" does not have an associated HD.PARTPIN_LOCS, which will prevent the partial routing of the signal "b_in_5_dout[4]". Without this partial route, timing analysis to/from this port will not be accurate, and no routing information for this port can be exported.
WARNING: [Route 35-198] Port "b_in_5_dout[7]" does not have an associated HD.PARTPIN_LOCS, which will prevent the partial routing of the signal "b_in_5_dout[7]". Without this partial route, timing analysis to/from this port will not be accurate, and no routing information for this port can be exported.
WARNING: [Route 35-198] Port "b_in_5_dout[6]" does not have an associated HD.PARTPIN_LOCS, which will prevent the partial routing of the signal "b_in_5_dout[6]". Without this partial route, timing analysis to/from this port will not be accurate, and no routing information for this port can be exported.
WARNING: [Route 35-198] Port "b_in_5_dout[1]" does not have an associated HD.PARTPIN_LOCS, which will prevent the partial routing of the signal "b_in_5_dout[1]". Without this partial route, timing analysis to/from this port will not be accurate, and no routing information for this port can be exported.
WARNING: [Route 35-198] Port "b_in_5_dout[0]" does not have an associated HD.PARTPIN_LOCS, which will prevent the partial routing of the signal "b_in_5_dout[0]". Without this partial route, timing analysis to/from this port will not be accurate, and no routing information for this port can be exported.
WARNING: [Route 35-198] Port "b_in_4_dout[3]" does not have an associated HD.PARTPIN_LOCS, which will prevent the partial routing of the signal "b_in_4_dout[3]". Without this partial route, timing analysis to/from this port will not be accurate, and no routing information for this port can be exported.
WARNING: [Route 35-198] Port "b_in_4_dout[2]" does not have an associated HD.PARTPIN_LOCS, which will prevent the partial routing of the signal "b_in_4_dout[2]". Without this partial route, timing analysis to/from this port will not be accurate, and no routing information for this port can be exported.
WARNING: [Route 35-198] Port "b_in_4_dout[1]" does not have an associated HD.PARTPIN_LOCS, which will prevent the partial routing of the signal "b_in_4_dout[1]". Without this partial route, timing analysis to/from this port will not be accurate, and no routing information for this port can be exported.
WARNING: [Route 35-198] Port "b_in_4_dout[0]" does not have an associated HD.PARTPIN_LOCS, which will prevent the partial routing of the signal "b_in_4_dout[0]". Without this partial route, timing analysis to/from this port will not be accurate, and no routing information for this port can be exported.
WARNING: [Route 35-198] Port "b_in_7_dout[5]" does not have an associated HD.PARTPIN_LOCS, which will prevent the partial routing of the signal "b_in_7_dout[5]". Without this partial route, timing analysis to/from this port will not be accurate, and no routing information for this port can be exported.
WARNING: [Route 35-198] Port "b_in_7_dout[4]" does not have an associated HD.PARTPIN_LOCS, which will prevent the partial routing of the signal "b_in_7_dout[4]". Without this partial route, timing analysis to/from this port will not be accurate, and no routing information for this port can be exported.
WARNING: [Route 35-198] Port "b_in_7_dout[1]" does not have an associated HD.PARTPIN_LOCS, which will prevent the partial routing of the signal "b_in_7_dout[1]". Without this partial route, timing analysis to/from this port will not be accurate, and no routing information for this port can be exported.
WARNING: [Route 35-198] Port "b_in_7_dout[0]" does not have an associated HD.PARTPIN_LOCS, which will prevent the partial routing of the signal "b_in_7_dout[0]". Without this partial route, timing analysis to/from this port will not be accurate, and no routing information for this port can be exported.
WARNING: [Route 35-198] Port "b_in_4_dout[7]" does not have an associated HD.PARTPIN_LOCS, which will prevent the partial routing of the signal "b_in_4_dout[7]". Without this partial route, timing analysis to/from this port will not be accurate, and no routing information for this port can be exported.
WARNING: [Route 35-198] Port "b_in_4_dout[6]" does not have an associated HD.PARTPIN_LOCS, which will prevent the partial routing of the signal "b_in_4_dout[6]". Without this partial route, timing analysis to/from this port will not be accurate, and no routing information for this port can be exported.
WARNING: [Route 35-198] Port "b_in_4_dout[5]" does not have an associated HD.PARTPIN_LOCS, which will prevent the partial routing of the signal "b_in_4_dout[5]". Without this partial route, timing analysis to/from this port will not be accurate, and no routing information for this port can be exported.
WARNING: [Route 35-198] Port "b_in_4_dout[4]" does not have an associated HD.PARTPIN_LOCS, which will prevent the partial routing of the signal "b_in_4_dout[4]". Without this partial route, timing analysis to/from this port will not be accurate, and no routing information for this port can be exported.
WARNING: [Route 35-198] Port "a_in_1_dout[7]" does not have an associated HD.PARTPIN_LOCS, which will prevent the partial routing of the signal "a_in_1_dout[7]". Without this partial route, timing analysis to/from this port will not be accurate, and no routing information for this port can be exported.
WARNING: [Route 35-198] Port "a_in_1_dout[6]" does not have an associated HD.PARTPIN_LOCS, which will prevent the partial routing of the signal "a_in_1_dout[6]". Without this partial route, timing analysis to/from this port will not be accurate, and no routing information for this port can be exported.
WARNING: [Route 35-198] Port "a_in_1_dout[5]" does not have an associated HD.PARTPIN_LOCS, which will prevent the partial routing of the signal "a_in_1_dout[5]". Without this partial route, timing analysis to/from this port will not be accurate, and no routing information for this port can be exported.
WARNING: [Route 35-198] Port "a_in_1_dout[4]" does not have an associated HD.PARTPIN_LOCS, which will prevent the partial routing of the signal "a_in_1_dout[4]". Without this partial route, timing analysis to/from this port will not be accurate, and no routing information for this port can be exported.
WARNING: [Route 35-198] Port "a_in_1_dout[3]" does not have an associated HD.PARTPIN_LOCS, which will prevent the partial routing of the signal "a_in_1_dout[3]". Without this partial route, timing analysis to/from this port will not be accurate, and no routing information for this port can be exported.
WARNING: [Route 35-198] Port "a_in_1_dout[2]" does not have an associated HD.PARTPIN_LOCS, which will prevent the partial routing of the signal "a_in_1_dout[2]". Without this partial route, timing analysis to/from this port will not be accurate, and no routing information for this port can be exported.
WARNING: [Route 35-198] Port "a_in_1_dout[1]" does not have an associated HD.PARTPIN_LOCS, which will prevent the partial routing of the signal "a_in_1_dout[1]". Without this partial route, timing analysis to/from this port will not be accurate, and no routing information for this port can be exported.
WARNING: [Route 35-198] Port "a_in_1_dout[0]" does not have an associated HD.PARTPIN_LOCS, which will prevent the partial routing of the signal "a_in_1_dout[0]". Without this partial route, timing analysis to/from this port will not be accurate, and no routing information for this port can be exported.
WARNING: [Route 35-198] Port "b_in_1_dout[7]" does not have an associated HD.PARTPIN_LOCS, which will prevent the partial routing of the signal "b_in_1_dout[7]". Without this partial route, timing analysis to/from this port will not be accurate, and no routing information for this port can be exported.
WARNING: [Route 35-198] Port "b_in_1_dout[6]" does not have an associated HD.PARTPIN_LOCS, which will prevent the partial routing of the signal "b_in_1_dout[6]". Without this partial route, timing analysis to/from this port will not be accurate, and no routing information for this port can be exported.
WARNING: [Route 35-198] Port "b_in_1_dout[5]" does not have an associated HD.PARTPIN_LOCS, which will prevent the partial routing of the signal "b_in_1_dout[5]". Without this partial route, timing analysis to/from this port will not be accurate, and no routing information for this port can be exported.
WARNING: [Route 35-198] Port "b_in_1_dout[4]" does not have an associated HD.PARTPIN_LOCS, which will prevent the partial routing of the signal "b_in_1_dout[4]". Without this partial route, timing analysis to/from this port will not be accurate, and no routing information for this port can be exported.
WARNING: [Route 35-198] Port "b_in_1_dout[3]" does not have an associated HD.PARTPIN_LOCS, which will prevent the partial routing of the signal "b_in_1_dout[3]". Without this partial route, timing analysis to/from this port will not be accurate, and no routing information for this port can be exported.
WARNING: [Route 35-198] Port "b_in_1_dout[2]" does not have an associated HD.PARTPIN_LOCS, which will prevent the partial routing of the signal "b_in_1_dout[2]". Without this partial route, timing analysis to/from this port will not be accurate, and no routing information for this port can be exported.
WARNING: [Route 35-198] Port "b_in_1_dout[1]" does not have an associated HD.PARTPIN_LOCS, which will prevent the partial routing of the signal "b_in_1_dout[1]". Without this partial route, timing analysis to/from this port will not be accurate, and no routing information for this port can be exported.
INFO: [Common 17-14] Message 'Route 35-198' appears 100 times and further instances of the messages will be disabled. Use the Tcl command set_msg_config to change the current settings.
Post Restoration Checksum: NetGraph: 570b0148 | NumContArr: b6b85060 | Constraints: c2a8fa9d | Timing: c2a8fa9d
Phase 1 Build RT Design | Checksum: 2931546e2

Time (s): cpu = 00:00:19 ; elapsed = 00:00:12 . Memory (MB): peak = 6270.848 ; gain = 0.000 ; free physical = 91076 ; free virtual = 180690

Phase 2 Router Initialization

Phase 2.1 Fix Topology Constraints
Phase 2.1 Fix Topology Constraints | Checksum: 2931546e2

Time (s): cpu = 00:00:19 ; elapsed = 00:00:12 . Memory (MB): peak = 6270.848 ; gain = 0.000 ; free physical = 91076 ; free virtual = 180690

Phase 2.2 Pre Route Cleanup
Phase 2.2 Pre Route Cleanup | Checksum: 2931546e2

Time (s): cpu = 00:00:19 ; elapsed = 00:00:12 . Memory (MB): peak = 6270.848 ; gain = 0.000 ; free physical = 91076 ; free virtual = 180690

Phase 2.3 Global Clock Net Routing
Phase 2.3 Global Clock Net Routing | Checksum: 2931546e2

Time (s): cpu = 00:00:28 ; elapsed = 00:00:14 . Memory (MB): peak = 6534.707 ; gain = 263.859 ; free physical = 90781 ; free virtual = 180395

Phase 2.4 Update Timing
Phase 2.4 Update Timing | Checksum: 2490bbf9d

Time (s): cpu = 00:00:33 ; elapsed = 00:00:16 . Memory (MB): peak = 6534.707 ; gain = 263.859 ; free physical = 90774 ; free virtual = 180388
INFO: [Route 35-416] Intermediate Timing Summary | WNS=1.488  | TNS=0.000  | WHS=0.018  | THS=0.000  |


Router Utilization Summary
  Global Vertical Routing Utilization    = 0 %
  Global Horizontal Routing Utilization  = 0 %
  Routable Net Status*
  *Does not include unroutable nets such as driverless and loadless.
  Run report_route_status for detailed report.
  Number of Failed Nets               = 12494
    (Failed Nets is the sum of unrouted and partially routed nets)
  Number of Unrouted Nets             = 11366
  Number of Partially Routed Nets     = 1128
  Number of Node Overlaps             = 0

Phase 2 Router Initialization | Checksum: 2c4e6f96b

Time (s): cpu = 00:00:51 ; elapsed = 00:00:21 . Memory (MB): peak = 6567.582 ; gain = 296.734 ; free physical = 90764 ; free virtual = 180378

Phase 3 Initial Routing

Phase 3.1 Global Routing
Phase 3.1 Global Routing | Checksum: 2c4e6f96b

Time (s): cpu = 00:00:52 ; elapsed = 00:00:21 . Memory (MB): peak = 6567.582 ; gain = 296.734 ; free physical = 90764 ; free virtual = 180378

Phase 3.2 Initial Net Routing
Phase 3.2 Initial Net Routing | Checksum: 1fa61f207

Time (s): cpu = 00:01:06 ; elapsed = 00:00:25 . Memory (MB): peak = 6567.582 ; gain = 296.734 ; free physical = 90766 ; free virtual = 180380
Phase 3 Initial Routing | Checksum: 2be8dc02a

Time (s): cpu = 00:01:07 ; elapsed = 00:00:25 . Memory (MB): peak = 6567.582 ; gain = 296.734 ; free physical = 90769 ; free virtual = 180383

Phase 4 Rip-up And Reroute

Phase 4.1 Global Iteration 0
 Number of Nodes with overlaps = 1625
 Number of Nodes with overlaps = 76
 Number of Nodes with overlaps = 4
 Number of Nodes with overlaps = 1
 Number of Nodes with overlaps = 1
 Number of Nodes with overlaps = 1
 Number of Nodes with overlaps = 0
INFO: [Route 35-416] Intermediate Timing Summary | WNS=1.278  | TNS=0.000  | WHS=0.043  | THS=0.000  |

Phase 4.1 Global Iteration 0 | Checksum: 16b1ab16a

Time (s): cpu = 00:01:37 ; elapsed = 00:00:40 . Memory (MB): peak = 6567.582 ; gain = 296.734 ; free physical = 90669 ; free virtual = 180283

Phase 4.2 Additional Iteration for Hold
Phase 4.2 Additional Iteration for Hold | Checksum: 2252f59f8

Time (s): cpu = 00:01:37 ; elapsed = 00:00:40 . Memory (MB): peak = 6567.582 ; gain = 296.734 ; free physical = 90669 ; free virtual = 180283
Phase 4 Rip-up And Reroute | Checksum: 2252f59f8

Time (s): cpu = 00:01:38 ; elapsed = 00:00:40 . Memory (MB): peak = 6567.582 ; gain = 296.734 ; free physical = 90669 ; free virtual = 180283

Phase 5 Delay and Skew Optimization

Phase 5.1 Delay CleanUp
Phase 5.1 Delay CleanUp | Checksum: 2252f59f8

Time (s): cpu = 00:01:38 ; elapsed = 00:00:40 . Memory (MB): peak = 6567.582 ; gain = 296.734 ; free physical = 90669 ; free virtual = 180283

Phase 5.2 Clock Skew Optimization
Phase 5.2 Clock Skew Optimization | Checksum: 2252f59f8

Time (s): cpu = 00:01:38 ; elapsed = 00:00:40 . Memory (MB): peak = 6567.582 ; gain = 296.734 ; free physical = 90669 ; free virtual = 180283
Phase 5 Delay and Skew Optimization | Checksum: 2252f59f8

Time (s): cpu = 00:01:38 ; elapsed = 00:00:40 . Memory (MB): peak = 6567.582 ; gain = 296.734 ; free physical = 90669 ; free virtual = 180283

Phase 6 Post Hold Fix

Phase 6.1 Hold Fix Iter

Phase 6.1.1 Update Timing
Phase 6.1.1 Update Timing | Checksum: 238d7d758

Time (s): cpu = 00:01:42 ; elapsed = 00:00:41 . Memory (MB): peak = 6567.582 ; gain = 296.734 ; free physical = 90668 ; free virtual = 180282
INFO: [Route 35-416] Intermediate Timing Summary | WNS=1.278  | TNS=0.000  | WHS=0.043  | THS=0.000  |

Phase 6.1 Hold Fix Iter | Checksum: 238d7d758

Time (s): cpu = 00:01:42 ; elapsed = 00:00:41 . Memory (MB): peak = 6567.582 ; gain = 296.734 ; free physical = 90668 ; free virtual = 180282
Phase 6 Post Hold Fix | Checksum: 238d7d758

Time (s): cpu = 00:01:42 ; elapsed = 00:00:42 . Memory (MB): peak = 6567.582 ; gain = 296.734 ; free physical = 90668 ; free virtual = 180282

Phase 7 Route finalize

Router Utilization Summary
  Global Vertical Routing Utilization    = 0.0561532 %
  Global Horizontal Routing Utilization  = 0.0931074 %
  Routable Net Status*
  *Does not include unroutable nets such as driverless and loadless.
  Run report_route_status for detailed report.
  Number of Failed Nets               = 0
    (Failed Nets is the sum of unrouted and partially routed nets)
  Number of Unrouted Nets             = 0
  Number of Partially Routed Nets     = 0
  Number of Node Overlaps             = 0

Phase 7 Route finalize | Checksum: 238d7d758

Time (s): cpu = 00:01:46 ; elapsed = 00:00:43 . Memory (MB): peak = 6567.582 ; gain = 296.734 ; free physical = 90669 ; free virtual = 180283

Phase 8 Verifying routed nets

 Verification completed successfully
Phase 8 Verifying routed nets | Checksum: 238d7d758

Time (s): cpu = 00:01:47 ; elapsed = 00:00:43 . Memory (MB): peak = 6567.582 ; gain = 296.734 ; free physical = 90668 ; free virtual = 180282

Phase 9 Depositing Routes
Phase 9 Depositing Routes | Checksum: 238d7d758

Time (s): cpu = 00:01:48 ; elapsed = 00:00:43 . Memory (MB): peak = 6567.582 ; gain = 296.734 ; free physical = 90669 ; free virtual = 180283

Phase 10 Resolve XTalk
Phase 10 Resolve XTalk | Checksum: 238d7d758

Time (s): cpu = 00:01:48 ; elapsed = 00:00:44 . Memory (MB): peak = 6567.582 ; gain = 296.734 ; free physical = 90669 ; free virtual = 180283

Phase 11 Post Router Timing
INFO: [Route 35-57] Estimated Timing Summary | WNS=1.278  | TNS=0.000  | WHS=0.043  | THS=0.000  |

INFO: [Route 35-327] The final timing numbers are based on the router estimated timing analysis. For a complete and accurate timing signoff, please run report_timing_summary.
Phase 11 Post Router Timing | Checksum: 238d7d758

Time (s): cpu = 00:01:50 ; elapsed = 00:00:44 . Memory (MB): peak = 6567.582 ; gain = 296.734 ; free physical = 90668 ; free virtual = 180282
INFO: [Route 35-16] Router Completed Successfully

Phase 12 Post-Route Event Processing
Phase 12 Post-Route Event Processing | Checksum: da13a16f

Time (s): cpu = 00:01:51 ; elapsed = 00:00:45 . Memory (MB): peak = 6567.582 ; gain = 296.734 ; free physical = 90667 ; free virtual = 180281
Ending Routing Task | Checksum: da13a16f

Time (s): cpu = 00:01:51 ; elapsed = 00:00:45 . Memory (MB): peak = 6567.582 ; gain = 296.734 ; free physical = 90672 ; free virtual = 180286

Routing Is Done.
INFO: [Common 17-83] Releasing license: Implementation
13 Infos, 101 Warnings, 0 Critical Warnings and 0 Errors encountered.
route_design completed successfully
route_design: Time (s): cpu = 00:01:57 ; elapsed = 00:00:46 . Memory (MB): peak = 6567.582 ; gain = 360.766 ; free physical = 90671 ; free virtual = 180286
# report_utilization -file util.rpt
# report_timing_summary -file timing.rpt
INFO: [Timing 38-91] UpdateTimingParams: Speed grade: -2L, Temperature grade: E, Delay Type: min_max.
INFO: [Timing 38-191] Multithreading enabled for timing update using a maximum of 8 CPUs
WARNING: [Timing 38-242] The property HD.CLK_SRC of clock port "ap_clk" is not set. In out-of-context mode, this prevents timing estimation for clock delay/skew
Resolution: Set the HD.CLK_SRC property of the out-of-context port to the location of the clock buffer instance in the top-level design
# puts "PNR_UNROUTED [llength [get_nets -filter {ROUTE_STATUS == UNROUTED} -quiet]]"
PNR_UNROUTED 0
INFO: [Common 17-206] Exiting Vivado at Tue Sep  8 05:45:02 2026...
