Copyright 1986-2022 Xilinx, Inc. All Rights Reserved. Copyright 2022-2023 Advanced Micro Devices, Inc. All Rights Reserved.
---------------------------------------------------------------------------------------------------------------------------------------------
| Tool Version : Vivado v.2023.2 (lin64) Build 4029153 Fri Oct 13 20:13:54 MDT 2023
| Date         : Thu Oct  1 19:08:39 2026
| Host         : brg-zhang-xcel.ece.cornell.edu running 64-bit Red Hat Enterprise Linux 9.8 (Plow)
| Command      : report_utilization -hierarchical -hierarchical_depth 6 -file util_hier.rpt
| Design       : Gemmini
| Device       : xcu280-fsvh2892-2L-e
| Speed File   : -2L
| Design State : Physopt postRoute
---------------------------------------------------------------------------------------------------------------------------------------------

Utilization Design Information

Table of Contents
-----------------
1. Utilization by Hierarchy

1. Utilization by Hierarchy
---------------------------

+-------------------------------------+-------------------------------------+------------+------------+---------+------+-------+--------+--------+------+------------+
|               Instance              |                Module               | Total LUTs | Logic LUTs | LUTRAMs | SRLs |  FFs  | RAMB36 | RAMB18 | URAM | DSP Blocks |
+-------------------------------------+-------------------------------------+------------+------------+---------+------+-------+--------+--------+------+------------+
| Gemmini                             |                               (top) |      65529 |      62167 |    2860 |  502 | 39989 |     16 |      0 |    8 |         29 |
|   (Gemmini)                         |                               (top) |          0 |          0 |       0 |    0 |     0 |      0 |      0 |    0 |          0 |
|   counters                          |                   CounterController |        762 |        762 |       0 |    0 |  1151 |      0 |      0 |    0 |          0 |
|     (counters)                      |                   CounterController |          5 |          5 |       0 |    0 |    70 |      0 |      0 |    0 |          0 |
|     counterfile                     |                         CounterFile |        757 |        757 |       0 |    0 |  1081 |      0 |      0 |    0 |          0 |
|   ex_controller                     |                   ExecuteController |      31095 |      30537 |      56 |  502 | 18044 |      0 |      0 |    0 |          0 |
|     (ex_controller)                 |                   ExecuteController |         57 |         57 |       0 |    0 |    77 |      0 |      0 |    0 |          0 |
|     cmd_q                           |                  MultiHeadedQueue_1 |        913 |        913 |       0 |    0 |   727 |      0 |      0 |    0 |          0 |
|     mesh                            |                      MeshWithDelays |      29028 |      28518 |       8 |  502 | 17050 |      0 |      0 |    0 |          0 |
|       (mesh)                        |                      MeshWithDelays |        512 |         10 |       0 |  502 |   966 |      0 |      0 |    0 |          0 |
|       mesh                          |                                Mesh |      25601 |      25601 |       0 |    0 | 13764 |      0 |      0 |    0 |          0 |
|         (mesh)                      |                                Mesh |       1031 |       1031 |       0 |    0 |  9668 |      0 |      0 |    0 |          0 |
|         mesh_0_0                    |                                Tile |         96 |         96 |       0 |    0 |    16 |      0 |      0 |    0 |          0 |
|           tile_0_0                  |                         PE_256_1092 |         96 |         96 |       0 |    0 |    16 |      0 |      0 |    0 |          0 |
|             (tile_0_0)              |                         PE_256_1092 |          5 |          5 |       0 |    0 |    16 |      0 |      0 |    0 |          0 |
|             mac_unit                |                        MacUnit_1093 |         91 |         91 |       0 |    0 |     0 |      0 |      0 |    0 |          0 |
|         mesh_0_1                    |                            Tile_328 |         96 |         96 |       0 |    0 |    16 |      0 |      0 |    0 |          0 |
|           tile_0_0                  |                         PE_256_1090 |         96 |         96 |       0 |    0 |    16 |      0 |      0 |    0 |          0 |
|             (tile_0_0)              |                         PE_256_1090 |          5 |          5 |       0 |    0 |    16 |      0 |      0 |    0 |          0 |
|             mac_unit                |                        MacUnit_1091 |         91 |         91 |       0 |    0 |     0 |      0 |      0 |    0 |          0 |
|         mesh_0_10                   |                            Tile_329 |         96 |         96 |       0 |    0 |    16 |      0 |      0 |    0 |          0 |
|           tile_0_0                  |                         PE_256_1088 |         96 |         96 |       0 |    0 |    16 |      0 |      0 |    0 |          0 |
|             (tile_0_0)              |                         PE_256_1088 |          5 |          5 |       0 |    0 |    16 |      0 |      0 |    0 |          0 |
|             mac_unit                |                        MacUnit_1089 |         91 |         91 |       0 |    0 |     0 |      0 |      0 |    0 |          0 |
|         mesh_0_11                   |                            Tile_330 |         96 |         96 |       0 |    0 |    16 |      0 |      0 |    0 |          0 |
|           tile_0_0                  |                         PE_256_1086 |         96 |         96 |       0 |    0 |    16 |      0 |      0 |    0 |          0 |
|             (tile_0_0)              |                         PE_256_1086 |          5 |          5 |       0 |    0 |    16 |      0 |      0 |    0 |          0 |
|             mac_unit                |                        MacUnit_1087 |         91 |         91 |       0 |    0 |     0 |      0 |      0 |    0 |          0 |
|         mesh_0_12                   |                            Tile_331 |         96 |         96 |       0 |    0 |    16 |      0 |      0 |    0 |          0 |
|           tile_0_0                  |                         PE_256_1084 |         96 |         96 |       0 |    0 |    16 |      0 |      0 |    0 |          0 |
|             (tile_0_0)              |                         PE_256_1084 |          5 |          5 |       0 |    0 |    16 |      0 |      0 |    0 |          0 |
|             mac_unit                |                        MacUnit_1085 |         91 |         91 |       0 |    0 |     0 |      0 |      0 |    0 |          0 |
|         mesh_0_13                   |                            Tile_332 |         96 |         96 |       0 |    0 |    16 |      0 |      0 |    0 |          0 |
|           tile_0_0                  |                         PE_256_1082 |         96 |         96 |       0 |    0 |    16 |      0 |      0 |    0 |          0 |
|             (tile_0_0)              |                         PE_256_1082 |          5 |          5 |       0 |    0 |    16 |      0 |      0 |    0 |          0 |
|             mac_unit                |                        MacUnit_1083 |         91 |         91 |       0 |    0 |     0 |      0 |      0 |    0 |          0 |
|         mesh_0_14                   |                            Tile_333 |         96 |         96 |       0 |    0 |    16 |      0 |      0 |    0 |          0 |
|           tile_0_0                  |                         PE_256_1080 |         96 |         96 |       0 |    0 |    16 |      0 |      0 |    0 |          0 |
|             (tile_0_0)              |                         PE_256_1080 |          5 |          5 |       0 |    0 |    16 |      0 |      0 |    0 |          0 |
|             mac_unit                |                        MacUnit_1081 |         91 |         91 |       0 |    0 |     0 |      0 |      0 |    0 |          0 |
|         mesh_0_15                   |                            Tile_334 |         96 |         96 |       0 |    0 |    16 |      0 |      0 |    0 |          0 |
|           tile_0_0                  |                         PE_256_1078 |         96 |         96 |       0 |    0 |    16 |      0 |      0 |    0 |          0 |
|             (tile_0_0)              |                         PE_256_1078 |          5 |          5 |       0 |    0 |    16 |      0 |      0 |    0 |          0 |
|             mac_unit                |                        MacUnit_1079 |         91 |         91 |       0 |    0 |     0 |      0 |      0 |    0 |          0 |
|         mesh_0_2                    |                            Tile_335 |         96 |         96 |       0 |    0 |    16 |      0 |      0 |    0 |          0 |
|           tile_0_0                  |                         PE_256_1076 |         96 |         96 |       0 |    0 |    16 |      0 |      0 |    0 |          0 |
|             (tile_0_0)              |                         PE_256_1076 |          5 |          5 |       0 |    0 |    16 |      0 |      0 |    0 |          0 |
|             mac_unit                |                        MacUnit_1077 |         91 |         91 |       0 |    0 |     0 |      0 |      0 |    0 |          0 |
|         mesh_0_3                    |                            Tile_336 |         96 |         96 |       0 |    0 |    16 |      0 |      0 |    0 |          0 |
|           tile_0_0                  |                         PE_256_1074 |         96 |         96 |       0 |    0 |    16 |      0 |      0 |    0 |          0 |
|             (tile_0_0)              |                         PE_256_1074 |          5 |          5 |       0 |    0 |    16 |      0 |      0 |    0 |          0 |
|             mac_unit                |                        MacUnit_1075 |         91 |         91 |       0 |    0 |     0 |      0 |      0 |    0 |          0 |
|         mesh_0_4                    |                            Tile_337 |         96 |         96 |       0 |    0 |    16 |      0 |      0 |    0 |          0 |
|           tile_0_0                  |                         PE_256_1072 |         96 |         96 |       0 |    0 |    16 |      0 |      0 |    0 |          0 |
|             (tile_0_0)              |                         PE_256_1072 |          5 |          5 |       0 |    0 |    16 |      0 |      0 |    0 |          0 |
|             mac_unit                |                        MacUnit_1073 |         91 |         91 |       0 |    0 |     0 |      0 |      0 |    0 |          0 |
|         mesh_0_5                    |                            Tile_338 |         96 |         96 |       0 |    0 |    16 |      0 |      0 |    0 |          0 |
|           tile_0_0                  |                         PE_256_1070 |         96 |         96 |       0 |    0 |    16 |      0 |      0 |    0 |          0 |
|             (tile_0_0)              |                         PE_256_1070 |          5 |          5 |       0 |    0 |    16 |      0 |      0 |    0 |          0 |
|             mac_unit                |                        MacUnit_1071 |         91 |         91 |       0 |    0 |     0 |      0 |      0 |    0 |          0 |
|         mesh_0_6                    |                            Tile_339 |         96 |         96 |       0 |    0 |    16 |      0 |      0 |    0 |          0 |
|           tile_0_0                  |                         PE_256_1068 |         96 |         96 |       0 |    0 |    16 |      0 |      0 |    0 |          0 |
|             (tile_0_0)              |                         PE_256_1068 |          5 |          5 |       0 |    0 |    16 |      0 |      0 |    0 |          0 |
|             mac_unit                |                        MacUnit_1069 |         91 |         91 |       0 |    0 |     0 |      0 |      0 |    0 |          0 |
|         mesh_0_7                    |                            Tile_340 |         96 |         96 |       0 |    0 |    16 |      0 |      0 |    0 |          0 |
|           tile_0_0                  |                         PE_256_1066 |         96 |         96 |       0 |    0 |    16 |      0 |      0 |    0 |          0 |
|             (tile_0_0)              |                         PE_256_1066 |          5 |          5 |       0 |    0 |    16 |      0 |      0 |    0 |          0 |
|             mac_unit                |                        MacUnit_1067 |         91 |         91 |       0 |    0 |     0 |      0 |      0 |    0 |          0 |
|         mesh_0_8                    |                            Tile_341 |         96 |         96 |       0 |    0 |    16 |      0 |      0 |    0 |          0 |
|           tile_0_0                  |                         PE_256_1064 |         96 |         96 |       0 |    0 |    16 |      0 |      0 |    0 |          0 |
|             (tile_0_0)              |                         PE_256_1064 |          5 |          5 |       0 |    0 |    16 |      0 |      0 |    0 |          0 |
|             mac_unit                |                        MacUnit_1065 |         91 |         91 |       0 |    0 |     0 |      0 |      0 |    0 |          0 |
|         mesh_0_9                    |                            Tile_342 |         96 |         96 |       0 |    0 |    16 |      0 |      0 |    0 |          0 |
|           tile_0_0                  |                         PE_256_1062 |         96 |         96 |       0 |    0 |    16 |      0 |      0 |    0 |          0 |
|             (tile_0_0)              |                         PE_256_1062 |          5 |          5 |       0 |    0 |    16 |      0 |      0 |    0 |          0 |
|             mac_unit                |                        MacUnit_1063 |         91 |         91 |       0 |    0 |     0 |      0 |      0 |    0 |          0 |
|         mesh_10_0                   |                            Tile_343 |         96 |         96 |       0 |    0 |    16 |      0 |      0 |    0 |          0 |
|           tile_0_0                  |                         PE_256_1060 |         96 |         96 |       0 |    0 |    16 |      0 |      0 |    0 |          0 |
|             (tile_0_0)              |                         PE_256_1060 |          5 |          5 |       0 |    0 |    16 |      0 |      0 |    0 |          0 |
|             mac_unit                |                        MacUnit_1061 |         91 |         91 |       0 |    0 |     0 |      0 |      0 |    0 |          0 |
|         mesh_10_1                   |                            Tile_344 |         96 |         96 |       0 |    0 |    16 |      0 |      0 |    0 |          0 |
|           tile_0_0                  |                         PE_256_1058 |         96 |         96 |       0 |    0 |    16 |      0 |      0 |    0 |          0 |
|             (tile_0_0)              |                         PE_256_1058 |          5 |          5 |       0 |    0 |    16 |      0 |      0 |    0 |          0 |
|             mac_unit                |                        MacUnit_1059 |         91 |         91 |       0 |    0 |     0 |      0 |      0 |    0 |          0 |
|         mesh_10_10                  |                            Tile_345 |         96 |         96 |       0 |    0 |    16 |      0 |      0 |    0 |          0 |
|           tile_0_0                  |                         PE_256_1056 |         96 |         96 |       0 |    0 |    16 |      0 |      0 |    0 |          0 |
|             (tile_0_0)              |                         PE_256_1056 |          5 |          5 |       0 |    0 |    16 |      0 |      0 |    0 |          0 |
|             mac_unit                |                        MacUnit_1057 |         91 |         91 |       0 |    0 |     0 |      0 |      0 |    0 |          0 |
|         mesh_10_11                  |                            Tile_346 |         96 |         96 |       0 |    0 |    16 |      0 |      0 |    0 |          0 |
|           tile_0_0                  |                         PE_256_1054 |         96 |         96 |       0 |    0 |    16 |      0 |      0 |    0 |          0 |
|             (tile_0_0)              |                         PE_256_1054 |          5 |          5 |       0 |    0 |    16 |      0 |      0 |    0 |          0 |
|             mac_unit                |                        MacUnit_1055 |         91 |         91 |       0 |    0 |     0 |      0 |      0 |    0 |          0 |
|         mesh_10_12                  |                            Tile_347 |         96 |         96 |       0 |    0 |    16 |      0 |      0 |    0 |          0 |
|           tile_0_0                  |                         PE_256_1052 |         96 |         96 |       0 |    0 |    16 |      0 |      0 |    0 |          0 |
|             (tile_0_0)              |                         PE_256_1052 |          5 |          5 |       0 |    0 |    16 |      0 |      0 |    0 |          0 |
|             mac_unit                |                        MacUnit_1053 |         91 |         91 |       0 |    0 |     0 |      0 |      0 |    0 |          0 |
|         mesh_10_13                  |                            Tile_348 |         96 |         96 |       0 |    0 |    16 |      0 |      0 |    0 |          0 |
|           tile_0_0                  |                         PE_256_1050 |         96 |         96 |       0 |    0 |    16 |      0 |      0 |    0 |          0 |
|             (tile_0_0)              |                         PE_256_1050 |          5 |          5 |       0 |    0 |    16 |      0 |      0 |    0 |          0 |
|             mac_unit                |                        MacUnit_1051 |         91 |         91 |       0 |    0 |     0 |      0 |      0 |    0 |          0 |
|         mesh_10_14                  |                            Tile_349 |         96 |         96 |       0 |    0 |    16 |      0 |      0 |    0 |          0 |
|           tile_0_0                  |                         PE_256_1048 |         96 |         96 |       0 |    0 |    16 |      0 |      0 |    0 |          0 |
|             (tile_0_0)              |                         PE_256_1048 |          5 |          5 |       0 |    0 |    16 |      0 |      0 |    0 |          0 |
|             mac_unit                |                        MacUnit_1049 |         91 |         91 |       0 |    0 |     0 |      0 |      0 |    0 |          0 |
|         mesh_10_15                  |                            Tile_350 |         96 |         96 |       0 |    0 |    16 |      0 |      0 |    0 |          0 |
|           tile_0_0                  |                         PE_256_1046 |         96 |         96 |       0 |    0 |    16 |      0 |      0 |    0 |          0 |
|             (tile_0_0)              |                         PE_256_1046 |          5 |          5 |       0 |    0 |    16 |      0 |      0 |    0 |          0 |
|             mac_unit                |                        MacUnit_1047 |         91 |         91 |       0 |    0 |     0 |      0 |      0 |    0 |          0 |
|         mesh_10_2                   |                            Tile_351 |         96 |         96 |       0 |    0 |    16 |      0 |      0 |    0 |          0 |
|           tile_0_0                  |                         PE_256_1044 |         96 |         96 |       0 |    0 |    16 |      0 |      0 |    0 |          0 |
|             (tile_0_0)              |                         PE_256_1044 |          5 |          5 |       0 |    0 |    16 |      0 |      0 |    0 |          0 |
|             mac_unit                |                        MacUnit_1045 |         91 |         91 |       0 |    0 |     0 |      0 |      0 |    0 |          0 |
|         mesh_10_3                   |                            Tile_352 |         96 |         96 |       0 |    0 |    16 |      0 |      0 |    0 |          0 |
|           tile_0_0                  |                         PE_256_1042 |         96 |         96 |       0 |    0 |    16 |      0 |      0 |    0 |          0 |
|             (tile_0_0)              |                         PE_256_1042 |          5 |          5 |       0 |    0 |    16 |      0 |      0 |    0 |          0 |
|             mac_unit                |                        MacUnit_1043 |         91 |         91 |       0 |    0 |     0 |      0 |      0 |    0 |          0 |
|         mesh_10_4                   |                            Tile_353 |         96 |         96 |       0 |    0 |    16 |      0 |      0 |    0 |          0 |
|           tile_0_0                  |                         PE_256_1040 |         96 |         96 |       0 |    0 |    16 |      0 |      0 |    0 |          0 |
|             (tile_0_0)              |                         PE_256_1040 |          5 |          5 |       0 |    0 |    16 |      0 |      0 |    0 |          0 |
|             mac_unit                |                        MacUnit_1041 |         91 |         91 |       0 |    0 |     0 |      0 |      0 |    0 |          0 |
|         mesh_10_5                   |                            Tile_354 |         96 |         96 |       0 |    0 |    16 |      0 |      0 |    0 |          0 |
|           tile_0_0                  |                         PE_256_1038 |         96 |         96 |       0 |    0 |    16 |      0 |      0 |    0 |          0 |
|             (tile_0_0)              |                         PE_256_1038 |          5 |          5 |       0 |    0 |    16 |      0 |      0 |    0 |          0 |
|             mac_unit                |                        MacUnit_1039 |         91 |         91 |       0 |    0 |     0 |      0 |      0 |    0 |          0 |
|         mesh_10_6                   |                            Tile_355 |         96 |         96 |       0 |    0 |    16 |      0 |      0 |    0 |          0 |
|           tile_0_0                  |                         PE_256_1036 |         96 |         96 |       0 |    0 |    16 |      0 |      0 |    0 |          0 |
|             (tile_0_0)              |                         PE_256_1036 |          5 |          5 |       0 |    0 |    16 |      0 |      0 |    0 |          0 |
|             mac_unit                |                        MacUnit_1037 |         91 |         91 |       0 |    0 |     0 |      0 |      0 |    0 |          0 |
|         mesh_10_7                   |                            Tile_356 |         96 |         96 |       0 |    0 |    16 |      0 |      0 |    0 |          0 |
|           tile_0_0                  |                         PE_256_1034 |         96 |         96 |       0 |    0 |    16 |      0 |      0 |    0 |          0 |
|             (tile_0_0)              |                         PE_256_1034 |          5 |          5 |       0 |    0 |    16 |      0 |      0 |    0 |          0 |
|             mac_unit                |                        MacUnit_1035 |         91 |         91 |       0 |    0 |     0 |      0 |      0 |    0 |          0 |
|         mesh_10_8                   |                            Tile_357 |         96 |         96 |       0 |    0 |    16 |      0 |      0 |    0 |          0 |
|           tile_0_0                  |                         PE_256_1032 |         96 |         96 |       0 |    0 |    16 |      0 |      0 |    0 |          0 |
|             (tile_0_0)              |                         PE_256_1032 |          5 |          5 |       0 |    0 |    16 |      0 |      0 |    0 |          0 |
|             mac_unit                |                        MacUnit_1033 |         91 |         91 |       0 |    0 |     0 |      0 |      0 |    0 |          0 |
|         mesh_10_9                   |                            Tile_358 |         96 |         96 |       0 |    0 |    16 |      0 |      0 |    0 |          0 |
|           tile_0_0                  |                         PE_256_1030 |         96 |         96 |       0 |    0 |    16 |      0 |      0 |    0 |          0 |
|             (tile_0_0)              |                         PE_256_1030 |          5 |          5 |       0 |    0 |    16 |      0 |      0 |    0 |          0 |
|             mac_unit                |                        MacUnit_1031 |         91 |         91 |       0 |    0 |     0 |      0 |      0 |    0 |          0 |
|         mesh_11_0                   |                            Tile_359 |         96 |         96 |       0 |    0 |    16 |      0 |      0 |    0 |          0 |
|           tile_0_0                  |                         PE_256_1028 |         96 |         96 |       0 |    0 |    16 |      0 |      0 |    0 |          0 |
|             (tile_0_0)              |                         PE_256_1028 |          5 |          5 |       0 |    0 |    16 |      0 |      0 |    0 |          0 |
|             mac_unit                |                        MacUnit_1029 |         91 |         91 |       0 |    0 |     0 |      0 |      0 |    0 |          0 |
|         mesh_11_1                   |                            Tile_360 |         96 |         96 |       0 |    0 |    16 |      0 |      0 |    0 |          0 |
|           tile_0_0                  |                         PE_256_1026 |         96 |         96 |       0 |    0 |    16 |      0 |      0 |    0 |          0 |
|             (tile_0_0)              |                         PE_256_1026 |          5 |          5 |       0 |    0 |    16 |      0 |      0 |    0 |          0 |
|             mac_unit                |                        MacUnit_1027 |         91 |         91 |       0 |    0 |     0 |      0 |      0 |    0 |          0 |
|         mesh_11_10                  |                            Tile_361 |         96 |         96 |       0 |    0 |    16 |      0 |      0 |    0 |          0 |
|           tile_0_0                  |                         PE_256_1024 |         96 |         96 |       0 |    0 |    16 |      0 |      0 |    0 |          0 |
|             (tile_0_0)              |                         PE_256_1024 |          5 |          5 |       0 |    0 |    16 |      0 |      0 |    0 |          0 |
|             mac_unit                |                        MacUnit_1025 |         91 |         91 |       0 |    0 |     0 |      0 |      0 |    0 |          0 |
|         mesh_11_11                  |                            Tile_362 |         96 |         96 |       0 |    0 |    16 |      0 |      0 |    0 |          0 |
|           tile_0_0                  |                         PE_256_1022 |         96 |         96 |       0 |    0 |    16 |      0 |      0 |    0 |          0 |
|             (tile_0_0)              |                         PE_256_1022 |          5 |          5 |       0 |    0 |    16 |      0 |      0 |    0 |          0 |
|             mac_unit                |                        MacUnit_1023 |         91 |         91 |       0 |    0 |     0 |      0 |      0 |    0 |          0 |
|         mesh_11_12                  |                            Tile_363 |         96 |         96 |       0 |    0 |    16 |      0 |      0 |    0 |          0 |
|           tile_0_0                  |                         PE_256_1020 |         96 |         96 |       0 |    0 |    16 |      0 |      0 |    0 |          0 |
|             (tile_0_0)              |                         PE_256_1020 |          5 |          5 |       0 |    0 |    16 |      0 |      0 |    0 |          0 |
|             mac_unit                |                        MacUnit_1021 |         91 |         91 |       0 |    0 |     0 |      0 |      0 |    0 |          0 |
|         mesh_11_13                  |                            Tile_364 |         96 |         96 |       0 |    0 |    16 |      0 |      0 |    0 |          0 |
|           tile_0_0                  |                         PE_256_1018 |         96 |         96 |       0 |    0 |    16 |      0 |      0 |    0 |          0 |
|             (tile_0_0)              |                         PE_256_1018 |          5 |          5 |       0 |    0 |    16 |      0 |      0 |    0 |          0 |
|             mac_unit                |                        MacUnit_1019 |         91 |         91 |       0 |    0 |     0 |      0 |      0 |    0 |          0 |
|         mesh_11_14                  |                            Tile_365 |         96 |         96 |       0 |    0 |    16 |      0 |      0 |    0 |          0 |
|           tile_0_0                  |                         PE_256_1016 |         96 |         96 |       0 |    0 |    16 |      0 |      0 |    0 |          0 |
|             (tile_0_0)              |                         PE_256_1016 |          5 |          5 |       0 |    0 |    16 |      0 |      0 |    0 |          0 |
|             mac_unit                |                        MacUnit_1017 |         91 |         91 |       0 |    0 |     0 |      0 |      0 |    0 |          0 |
|         mesh_11_15                  |                            Tile_366 |         96 |         96 |       0 |    0 |    16 |      0 |      0 |    0 |          0 |
|           tile_0_0                  |                         PE_256_1014 |         96 |         96 |       0 |    0 |    16 |      0 |      0 |    0 |          0 |
|             (tile_0_0)              |                         PE_256_1014 |          5 |          5 |       0 |    0 |    16 |      0 |      0 |    0 |          0 |
|             mac_unit                |                        MacUnit_1015 |         91 |         91 |       0 |    0 |     0 |      0 |      0 |    0 |          0 |
|         mesh_11_2                   |                            Tile_367 |         96 |         96 |       0 |    0 |    16 |      0 |      0 |    0 |          0 |
|           tile_0_0                  |                         PE_256_1012 |         96 |         96 |       0 |    0 |    16 |      0 |      0 |    0 |          0 |
|             (tile_0_0)              |                         PE_256_1012 |          5 |          5 |       0 |    0 |    16 |      0 |      0 |    0 |          0 |
|             mac_unit                |                        MacUnit_1013 |         91 |         91 |       0 |    0 |     0 |      0 |      0 |    0 |          0 |
|         mesh_11_3                   |                            Tile_368 |         96 |         96 |       0 |    0 |    16 |      0 |      0 |    0 |          0 |
|           tile_0_0                  |                         PE_256_1010 |         96 |         96 |       0 |    0 |    16 |      0 |      0 |    0 |          0 |
|             (tile_0_0)              |                         PE_256_1010 |          5 |          5 |       0 |    0 |    16 |      0 |      0 |    0 |          0 |
|             mac_unit                |                        MacUnit_1011 |         91 |         91 |       0 |    0 |     0 |      0 |      0 |    0 |          0 |
|         mesh_11_4                   |                            Tile_369 |         96 |         96 |       0 |    0 |    16 |      0 |      0 |    0 |          0 |
|           tile_0_0                  |                         PE_256_1008 |         96 |         96 |       0 |    0 |    16 |      0 |      0 |    0 |          0 |
|             (tile_0_0)              |                         PE_256_1008 |          5 |          5 |       0 |    0 |    16 |      0 |      0 |    0 |          0 |
|             mac_unit                |                        MacUnit_1009 |         91 |         91 |       0 |    0 |     0 |      0 |      0 |    0 |          0 |
|         mesh_11_5                   |                            Tile_370 |         96 |         96 |       0 |    0 |    16 |      0 |      0 |    0 |          0 |
|           tile_0_0                  |                         PE_256_1006 |         96 |         96 |       0 |    0 |    16 |      0 |      0 |    0 |          0 |
|             (tile_0_0)              |                         PE_256_1006 |          5 |          5 |       0 |    0 |    16 |      0 |      0 |    0 |          0 |
|             mac_unit                |                        MacUnit_1007 |         91 |         91 |       0 |    0 |     0 |      0 |      0 |    0 |          0 |
|         mesh_11_6                   |                            Tile_371 |         96 |         96 |       0 |    0 |    16 |      0 |      0 |    0 |          0 |
|           tile_0_0                  |                         PE_256_1004 |         96 |         96 |       0 |    0 |    16 |      0 |      0 |    0 |          0 |
|             (tile_0_0)              |                         PE_256_1004 |          5 |          5 |       0 |    0 |    16 |      0 |      0 |    0 |          0 |
|             mac_unit                |                        MacUnit_1005 |         91 |         91 |       0 |    0 |     0 |      0 |      0 |    0 |          0 |
|         mesh_11_7                   |                            Tile_372 |         96 |         96 |       0 |    0 |    16 |      0 |      0 |    0 |          0 |
|           tile_0_0                  |                         PE_256_1002 |         96 |         96 |       0 |    0 |    16 |      0 |      0 |    0 |          0 |
|             (tile_0_0)              |                         PE_256_1002 |          5 |          5 |       0 |    0 |    16 |      0 |      0 |    0 |          0 |
|             mac_unit                |                        MacUnit_1003 |         91 |         91 |       0 |    0 |     0 |      0 |      0 |    0 |          0 |
|         mesh_11_8                   |                            Tile_373 |         96 |         96 |       0 |    0 |    16 |      0 |      0 |    0 |          0 |
|           tile_0_0                  |                         PE_256_1000 |         96 |         96 |       0 |    0 |    16 |      0 |      0 |    0 |          0 |
|             (tile_0_0)              |                         PE_256_1000 |          5 |          5 |       0 |    0 |    16 |      0 |      0 |    0 |          0 |
|             mac_unit                |                        MacUnit_1001 |         91 |         91 |       0 |    0 |     0 |      0 |      0 |    0 |          0 |
|         mesh_11_9                   |                            Tile_374 |         96 |         96 |       0 |    0 |    16 |      0 |      0 |    0 |          0 |
|           tile_0_0                  |                          PE_256_998 |         96 |         96 |       0 |    0 |    16 |      0 |      0 |    0 |          0 |
|             (tile_0_0)              |                          PE_256_998 |          5 |          5 |       0 |    0 |    16 |      0 |      0 |    0 |          0 |
|             mac_unit                |                         MacUnit_999 |         91 |         91 |       0 |    0 |     0 |      0 |      0 |    0 |          0 |
|         mesh_12_0                   |                            Tile_375 |         96 |         96 |       0 |    0 |    16 |      0 |      0 |    0 |          0 |
|           tile_0_0                  |                          PE_256_996 |         96 |         96 |       0 |    0 |    16 |      0 |      0 |    0 |          0 |
|             (tile_0_0)              |                          PE_256_996 |          5 |          5 |       0 |    0 |    16 |      0 |      0 |    0 |          0 |
|             mac_unit                |                         MacUnit_997 |         91 |         91 |       0 |    0 |     0 |      0 |      0 |    0 |          0 |
|         mesh_12_1                   |                            Tile_376 |         96 |         96 |       0 |    0 |    16 |      0 |      0 |    0 |          0 |
|           tile_0_0                  |                          PE_256_994 |         96 |         96 |       0 |    0 |    16 |      0 |      0 |    0 |          0 |
|             (tile_0_0)              |                          PE_256_994 |          5 |          5 |       0 |    0 |    16 |      0 |      0 |    0 |          0 |
|             mac_unit                |                         MacUnit_995 |         91 |         91 |       0 |    0 |     0 |      0 |      0 |    0 |          0 |
|         mesh_12_10                  |                            Tile_377 |         96 |         96 |       0 |    0 |    16 |      0 |      0 |    0 |          0 |
|           tile_0_0                  |                          PE_256_992 |         96 |         96 |       0 |    0 |    16 |      0 |      0 |    0 |          0 |
|             (tile_0_0)              |                          PE_256_992 |          5 |          5 |       0 |    0 |    16 |      0 |      0 |    0 |          0 |
|             mac_unit                |                         MacUnit_993 |         91 |         91 |       0 |    0 |     0 |      0 |      0 |    0 |          0 |
|         mesh_12_11                  |                            Tile_378 |         96 |         96 |       0 |    0 |    16 |      0 |      0 |    0 |          0 |
|           tile_0_0                  |                          PE_256_990 |         96 |         96 |       0 |    0 |    16 |      0 |      0 |    0 |          0 |
|             (tile_0_0)              |                          PE_256_990 |          5 |          5 |       0 |    0 |    16 |      0 |      0 |    0 |          0 |
|             mac_unit                |                         MacUnit_991 |         91 |         91 |       0 |    0 |     0 |      0 |      0 |    0 |          0 |
|         mesh_12_12                  |                            Tile_379 |         96 |         96 |       0 |    0 |    16 |      0 |      0 |    0 |          0 |
|           tile_0_0                  |                          PE_256_988 |         96 |         96 |       0 |    0 |    16 |      0 |      0 |    0 |          0 |
|             (tile_0_0)              |                          PE_256_988 |          5 |          5 |       0 |    0 |    16 |      0 |      0 |    0 |          0 |
|             mac_unit                |                         MacUnit_989 |         91 |         91 |       0 |    0 |     0 |      0 |      0 |    0 |          0 |
|         mesh_12_13                  |                            Tile_380 |         96 |         96 |       0 |    0 |    16 |      0 |      0 |    0 |          0 |
|           tile_0_0                  |                          PE_256_986 |         96 |         96 |       0 |    0 |    16 |      0 |      0 |    0 |          0 |
|             (tile_0_0)              |                          PE_256_986 |          5 |          5 |       0 |    0 |    16 |      0 |      0 |    0 |          0 |
|             mac_unit                |                         MacUnit_987 |         91 |         91 |       0 |    0 |     0 |      0 |      0 |    0 |          0 |
|         mesh_12_14                  |                            Tile_381 |         96 |         96 |       0 |    0 |    16 |      0 |      0 |    0 |          0 |
|           tile_0_0                  |                          PE_256_984 |         96 |         96 |       0 |    0 |    16 |      0 |      0 |    0 |          0 |
|             (tile_0_0)              |                          PE_256_984 |          5 |          5 |       0 |    0 |    16 |      0 |      0 |    0 |          0 |
|             mac_unit                |                         MacUnit_985 |         91 |         91 |       0 |    0 |     0 |      0 |      0 |    0 |          0 |
|         mesh_12_15                  |                            Tile_382 |         96 |         96 |       0 |    0 |    16 |      0 |      0 |    0 |          0 |
|           tile_0_0                  |                          PE_256_982 |         96 |         96 |       0 |    0 |    16 |      0 |      0 |    0 |          0 |
|             (tile_0_0)              |                          PE_256_982 |          5 |          5 |       0 |    0 |    16 |      0 |      0 |    0 |          0 |
|             mac_unit                |                         MacUnit_983 |         91 |         91 |       0 |    0 |     0 |      0 |      0 |    0 |          0 |
|         mesh_12_2                   |                            Tile_383 |         96 |         96 |       0 |    0 |    16 |      0 |      0 |    0 |          0 |
|           tile_0_0                  |                          PE_256_980 |         96 |         96 |       0 |    0 |    16 |      0 |      0 |    0 |          0 |
|             (tile_0_0)              |                          PE_256_980 |          5 |          5 |       0 |    0 |    16 |      0 |      0 |    0 |          0 |
|             mac_unit                |                         MacUnit_981 |         91 |         91 |       0 |    0 |     0 |      0 |      0 |    0 |          0 |
|         mesh_12_3                   |                            Tile_384 |         96 |         96 |       0 |    0 |    16 |      0 |      0 |    0 |          0 |
|           tile_0_0                  |                          PE_256_978 |         96 |         96 |       0 |    0 |    16 |      0 |      0 |    0 |          0 |
|             (tile_0_0)              |                          PE_256_978 |          5 |          5 |       0 |    0 |    16 |      0 |      0 |    0 |          0 |
|             mac_unit                |                         MacUnit_979 |         91 |         91 |       0 |    0 |     0 |      0 |      0 |    0 |          0 |
|         mesh_12_4                   |                            Tile_385 |         96 |         96 |       0 |    0 |    16 |      0 |      0 |    0 |          0 |
|           tile_0_0                  |                          PE_256_976 |         96 |         96 |       0 |    0 |    16 |      0 |      0 |    0 |          0 |
|             (tile_0_0)              |                          PE_256_976 |          5 |          5 |       0 |    0 |    16 |      0 |      0 |    0 |          0 |
|             mac_unit                |                         MacUnit_977 |         91 |         91 |       0 |    0 |     0 |      0 |      0 |    0 |          0 |
|         mesh_12_5                   |                            Tile_386 |         96 |         96 |       0 |    0 |    16 |      0 |      0 |    0 |          0 |
|           tile_0_0                  |                          PE_256_974 |         96 |         96 |       0 |    0 |    16 |      0 |      0 |    0 |          0 |
|             (tile_0_0)              |                          PE_256_974 |          5 |          5 |       0 |    0 |    16 |      0 |      0 |    0 |          0 |
|             mac_unit                |                         MacUnit_975 |         91 |         91 |       0 |    0 |     0 |      0 |      0 |    0 |          0 |
|         mesh_12_6                   |                            Tile_387 |         96 |         96 |       0 |    0 |    16 |      0 |      0 |    0 |          0 |
|           tile_0_0                  |                          PE_256_972 |         96 |         96 |       0 |    0 |    16 |      0 |      0 |    0 |          0 |
|             (tile_0_0)              |                          PE_256_972 |          5 |          5 |       0 |    0 |    16 |      0 |      0 |    0 |          0 |
|             mac_unit                |                         MacUnit_973 |         91 |         91 |       0 |    0 |     0 |      0 |      0 |    0 |          0 |
|         mesh_12_7                   |                            Tile_388 |         96 |         96 |       0 |    0 |    16 |      0 |      0 |    0 |          0 |
|           tile_0_0                  |                          PE_256_970 |         96 |         96 |       0 |    0 |    16 |      0 |      0 |    0 |          0 |
|             (tile_0_0)              |                          PE_256_970 |          6 |          6 |       0 |    0 |    16 |      0 |      0 |    0 |          0 |
|             mac_unit                |                         MacUnit_971 |         91 |         91 |       0 |    0 |     0 |      0 |      0 |    0 |          0 |
|         mesh_12_8                   |                            Tile_389 |         96 |         96 |       0 |    0 |    16 |      0 |      0 |    0 |          0 |
|           tile_0_0                  |                          PE_256_968 |         96 |         96 |       0 |    0 |    16 |      0 |      0 |    0 |          0 |
|             (tile_0_0)              |                          PE_256_968 |          5 |          5 |       0 |    0 |    16 |      0 |      0 |    0 |          0 |
|             mac_unit                |                         MacUnit_969 |         91 |         91 |       0 |    0 |     0 |      0 |      0 |    0 |          0 |
|         mesh_12_9                   |                            Tile_390 |         96 |         96 |       0 |    0 |    16 |      0 |      0 |    0 |          0 |
|           tile_0_0                  |                          PE_256_966 |         96 |         96 |       0 |    0 |    16 |      0 |      0 |    0 |          0 |
|             (tile_0_0)              |                          PE_256_966 |          5 |          5 |       0 |    0 |    16 |      0 |      0 |    0 |          0 |
|             mac_unit                |                         MacUnit_967 |         91 |         91 |       0 |    0 |     0 |      0 |      0 |    0 |          0 |
|         mesh_13_0                   |                            Tile_391 |         96 |         96 |       0 |    0 |    16 |      0 |      0 |    0 |          0 |
|           tile_0_0                  |                          PE_256_964 |         96 |         96 |       0 |    0 |    16 |      0 |      0 |    0 |          0 |
|             (tile_0_0)              |                          PE_256_964 |          5 |          5 |       0 |    0 |    16 |      0 |      0 |    0 |          0 |
|             mac_unit                |                         MacUnit_965 |         91 |         91 |       0 |    0 |     0 |      0 |      0 |    0 |          0 |
|         mesh_13_1                   |                            Tile_392 |         96 |         96 |       0 |    0 |    16 |      0 |      0 |    0 |          0 |
|           tile_0_0                  |                          PE_256_962 |         96 |         96 |       0 |    0 |    16 |      0 |      0 |    0 |          0 |
|             (tile_0_0)              |                          PE_256_962 |          5 |          5 |       0 |    0 |    16 |      0 |      0 |    0 |          0 |
|             mac_unit                |                         MacUnit_963 |         91 |         91 |       0 |    0 |     0 |      0 |      0 |    0 |          0 |
|         mesh_13_10                  |                            Tile_393 |         96 |         96 |       0 |    0 |    16 |      0 |      0 |    0 |          0 |
|           tile_0_0                  |                          PE_256_960 |         96 |         96 |       0 |    0 |    16 |      0 |      0 |    0 |          0 |
|             (tile_0_0)              |                          PE_256_960 |          5 |          5 |       0 |    0 |    16 |      0 |      0 |    0 |          0 |
|             mac_unit                |                         MacUnit_961 |         91 |         91 |       0 |    0 |     0 |      0 |      0 |    0 |          0 |
|         mesh_13_11                  |                            Tile_394 |         96 |         96 |       0 |    0 |    16 |      0 |      0 |    0 |          0 |
|           tile_0_0                  |                          PE_256_958 |         96 |         96 |       0 |    0 |    16 |      0 |      0 |    0 |          0 |
|             (tile_0_0)              |                          PE_256_958 |          5 |          5 |       0 |    0 |    16 |      0 |      0 |    0 |          0 |
|             mac_unit                |                         MacUnit_959 |         91 |         91 |       0 |    0 |     0 |      0 |      0 |    0 |          0 |
|         mesh_13_12                  |                            Tile_395 |         96 |         96 |       0 |    0 |    16 |      0 |      0 |    0 |          0 |
|           tile_0_0                  |                          PE_256_956 |         96 |         96 |       0 |    0 |    16 |      0 |      0 |    0 |          0 |
|             (tile_0_0)              |                          PE_256_956 |          5 |          5 |       0 |    0 |    16 |      0 |      0 |    0 |          0 |
|             mac_unit                |                         MacUnit_957 |         91 |         91 |       0 |    0 |     0 |      0 |      0 |    0 |          0 |
|         mesh_13_13                  |                            Tile_396 |         96 |         96 |       0 |    0 |    16 |      0 |      0 |    0 |          0 |
|           tile_0_0                  |                          PE_256_954 |         96 |         96 |       0 |    0 |    16 |      0 |      0 |    0 |          0 |
|             (tile_0_0)              |                          PE_256_954 |          5 |          5 |       0 |    0 |    16 |      0 |      0 |    0 |          0 |
|             mac_unit                |                         MacUnit_955 |         91 |         91 |       0 |    0 |     0 |      0 |      0 |    0 |          0 |
|         mesh_13_14                  |                            Tile_397 |         96 |         96 |       0 |    0 |    16 |      0 |      0 |    0 |          0 |
|           tile_0_0                  |                          PE_256_952 |         96 |         96 |       0 |    0 |    16 |      0 |      0 |    0 |          0 |
|             (tile_0_0)              |                          PE_256_952 |          5 |          5 |       0 |    0 |    16 |      0 |      0 |    0 |          0 |
|             mac_unit                |                         MacUnit_953 |         91 |         91 |       0 |    0 |     0 |      0 |      0 |    0 |          0 |
|         mesh_13_15                  |                            Tile_398 |         96 |         96 |       0 |    0 |    16 |      0 |      0 |    0 |          0 |
|           tile_0_0                  |                          PE_256_950 |         96 |         96 |       0 |    0 |    16 |      0 |      0 |    0 |          0 |
|             (tile_0_0)              |                          PE_256_950 |          5 |          5 |       0 |    0 |    16 |      0 |      0 |    0 |          0 |
|             mac_unit                |                         MacUnit_951 |         91 |         91 |       0 |    0 |     0 |      0 |      0 |    0 |          0 |
|         mesh_13_2                   |                            Tile_399 |         96 |         96 |       0 |    0 |    16 |      0 |      0 |    0 |          0 |
|           tile_0_0                  |                          PE_256_948 |         96 |         96 |       0 |    0 |    16 |      0 |      0 |    0 |          0 |
|             (tile_0_0)              |                          PE_256_948 |          5 |          5 |       0 |    0 |    16 |      0 |      0 |    0 |          0 |
|             mac_unit                |                         MacUnit_949 |         91 |         91 |       0 |    0 |     0 |      0 |      0 |    0 |          0 |
|         mesh_13_3                   |                            Tile_400 |         96 |         96 |       0 |    0 |    16 |      0 |      0 |    0 |          0 |
|           tile_0_0                  |                          PE_256_946 |         96 |         96 |       0 |    0 |    16 |      0 |      0 |    0 |          0 |
|             (tile_0_0)              |                          PE_256_946 |          5 |          5 |       0 |    0 |    16 |      0 |      0 |    0 |          0 |
|             mac_unit                |                         MacUnit_947 |         91 |         91 |       0 |    0 |     0 |      0 |      0 |    0 |          0 |
|         mesh_13_4                   |                            Tile_401 |         96 |         96 |       0 |    0 |    16 |      0 |      0 |    0 |          0 |
|           tile_0_0                  |                          PE_256_944 |         96 |         96 |       0 |    0 |    16 |      0 |      0 |    0 |          0 |
|             (tile_0_0)              |                          PE_256_944 |          5 |          5 |       0 |    0 |    16 |      0 |      0 |    0 |          0 |
|             mac_unit                |                         MacUnit_945 |         91 |         91 |       0 |    0 |     0 |      0 |      0 |    0 |          0 |
|         mesh_13_5                   |                            Tile_402 |         96 |         96 |       0 |    0 |    16 |      0 |      0 |    0 |          0 |
|           tile_0_0                  |                          PE_256_942 |         96 |         96 |       0 |    0 |    16 |      0 |      0 |    0 |          0 |
|             (tile_0_0)              |                          PE_256_942 |          5 |          5 |       0 |    0 |    16 |      0 |      0 |    0 |          0 |
|             mac_unit                |                         MacUnit_943 |         91 |         91 |       0 |    0 |     0 |      0 |      0 |    0 |          0 |
|         mesh_13_6                   |                            Tile_403 |         96 |         96 |       0 |    0 |    16 |      0 |      0 |    0 |          0 |
|           tile_0_0                  |                          PE_256_940 |         96 |         96 |       0 |    0 |    16 |      0 |      0 |    0 |          0 |
|             (tile_0_0)              |                          PE_256_940 |          5 |          5 |       0 |    0 |    16 |      0 |      0 |    0 |          0 |
|             mac_unit                |                         MacUnit_941 |         91 |         91 |       0 |    0 |     0 |      0 |      0 |    0 |          0 |
|         mesh_13_7                   |                            Tile_404 |         96 |         96 |       0 |    0 |    16 |      0 |      0 |    0 |          0 |
|           tile_0_0                  |                          PE_256_938 |         96 |         96 |       0 |    0 |    16 |      0 |      0 |    0 |          0 |
|             (tile_0_0)              |                          PE_256_938 |          5 |          5 |       0 |    0 |    16 |      0 |      0 |    0 |          0 |
|             mac_unit                |                         MacUnit_939 |         91 |         91 |       0 |    0 |     0 |      0 |      0 |    0 |          0 |
|         mesh_13_8                   |                            Tile_405 |         96 |         96 |       0 |    0 |    16 |      0 |      0 |    0 |          0 |
|           tile_0_0                  |                          PE_256_936 |         96 |         96 |       0 |    0 |    16 |      0 |      0 |    0 |          0 |
|             (tile_0_0)              |                          PE_256_936 |          5 |          5 |       0 |    0 |    16 |      0 |      0 |    0 |          0 |
|             mac_unit                |                         MacUnit_937 |         91 |         91 |       0 |    0 |     0 |      0 |      0 |    0 |          0 |
|         mesh_13_9                   |                            Tile_406 |         96 |         96 |       0 |    0 |    16 |      0 |      0 |    0 |          0 |
|           tile_0_0                  |                          PE_256_934 |         96 |         96 |       0 |    0 |    16 |      0 |      0 |    0 |          0 |
|             (tile_0_0)              |                          PE_256_934 |          5 |          5 |       0 |    0 |    16 |      0 |      0 |    0 |          0 |
|             mac_unit                |                         MacUnit_935 |         91 |         91 |       0 |    0 |     0 |      0 |      0 |    0 |          0 |
|         mesh_14_0                   |                            Tile_407 |         96 |         96 |       0 |    0 |    16 |      0 |      0 |    0 |          0 |
|           tile_0_0                  |                          PE_256_932 |         96 |         96 |       0 |    0 |    16 |      0 |      0 |    0 |          0 |
|             (tile_0_0)              |                          PE_256_932 |          5 |          5 |       0 |    0 |    16 |      0 |      0 |    0 |          0 |
|             mac_unit                |                         MacUnit_933 |         91 |         91 |       0 |    0 |     0 |      0 |      0 |    0 |          0 |
|         mesh_14_1                   |                            Tile_408 |         96 |         96 |       0 |    0 |    16 |      0 |      0 |    0 |          0 |
|           tile_0_0                  |                          PE_256_930 |         96 |         96 |       0 |    0 |    16 |      0 |      0 |    0 |          0 |
|             (tile_0_0)              |                          PE_256_930 |          5 |          5 |       0 |    0 |    16 |      0 |      0 |    0 |          0 |
|             mac_unit                |                         MacUnit_931 |         91 |         91 |       0 |    0 |     0 |      0 |      0 |    0 |          0 |
|         mesh_14_10                  |                            Tile_409 |         96 |         96 |       0 |    0 |    16 |      0 |      0 |    0 |          0 |
|           tile_0_0                  |                          PE_256_928 |         96 |         96 |       0 |    0 |    16 |      0 |      0 |    0 |          0 |
|             (tile_0_0)              |                          PE_256_928 |          5 |          5 |       0 |    0 |    16 |      0 |      0 |    0 |          0 |
|             mac_unit                |                         MacUnit_929 |         91 |         91 |       0 |    0 |     0 |      0 |      0 |    0 |          0 |
|         mesh_14_11                  |                            Tile_410 |         96 |         96 |       0 |    0 |    16 |      0 |      0 |    0 |          0 |
|           tile_0_0                  |                          PE_256_926 |         96 |         96 |       0 |    0 |    16 |      0 |      0 |    0 |          0 |
|             (tile_0_0)              |                          PE_256_926 |          5 |          5 |       0 |    0 |    16 |      0 |      0 |    0 |          0 |
|             mac_unit                |                         MacUnit_927 |         91 |         91 |       0 |    0 |     0 |      0 |      0 |    0 |          0 |
|         mesh_14_12                  |                            Tile_411 |         96 |         96 |       0 |    0 |    16 |      0 |      0 |    0 |          0 |
|           tile_0_0                  |                          PE_256_924 |         96 |         96 |       0 |    0 |    16 |      0 |      0 |    0 |          0 |
|             (tile_0_0)              |                          PE_256_924 |          5 |          5 |       0 |    0 |    16 |      0 |      0 |    0 |          0 |
|             mac_unit                |                         MacUnit_925 |         91 |         91 |       0 |    0 |     0 |      0 |      0 |    0 |          0 |
|         mesh_14_13                  |                            Tile_412 |         96 |         96 |       0 |    0 |    16 |      0 |      0 |    0 |          0 |
|           tile_0_0                  |                          PE_256_922 |         96 |         96 |       0 |    0 |    16 |      0 |      0 |    0 |          0 |
|             (tile_0_0)              |                          PE_256_922 |          5 |          5 |       0 |    0 |    16 |      0 |      0 |    0 |          0 |
|             mac_unit                |                         MacUnit_923 |         91 |         91 |       0 |    0 |     0 |      0 |      0 |    0 |          0 |
|         mesh_14_14                  |                            Tile_413 |         96 |         96 |       0 |    0 |    16 |      0 |      0 |    0 |          0 |
|           tile_0_0                  |                          PE_256_920 |         96 |         96 |       0 |    0 |    16 |      0 |      0 |    0 |          0 |
|             (tile_0_0)              |                          PE_256_920 |          5 |          5 |       0 |    0 |    16 |      0 |      0 |    0 |          0 |
|             mac_unit                |                         MacUnit_921 |         91 |         91 |       0 |    0 |     0 |      0 |      0 |    0 |          0 |
|         mesh_14_15                  |                            Tile_414 |         96 |         96 |       0 |    0 |    16 |      0 |      0 |    0 |          0 |
|           tile_0_0                  |                          PE_256_918 |         96 |         96 |       0 |    0 |    16 |      0 |      0 |    0 |          0 |
|             (tile_0_0)              |                          PE_256_918 |          5 |          5 |       0 |    0 |    16 |      0 |      0 |    0 |          0 |
|             mac_unit                |                         MacUnit_919 |         91 |         91 |       0 |    0 |     0 |      0 |      0 |    0 |          0 |
|         mesh_14_2                   |                            Tile_415 |         96 |         96 |       0 |    0 |    16 |      0 |      0 |    0 |          0 |
|           tile_0_0                  |                          PE_256_916 |         96 |         96 |       0 |    0 |    16 |      0 |      0 |    0 |          0 |
|             (tile_0_0)              |                          PE_256_916 |          5 |          5 |       0 |    0 |    16 |      0 |      0 |    0 |          0 |
|             mac_unit                |                         MacUnit_917 |         91 |         91 |       0 |    0 |     0 |      0 |      0 |    0 |          0 |
|         mesh_14_3                   |                            Tile_416 |         96 |         96 |       0 |    0 |    16 |      0 |      0 |    0 |          0 |
|           tile_0_0                  |                          PE_256_914 |         96 |         96 |       0 |    0 |    16 |      0 |      0 |    0 |          0 |
|             (tile_0_0)              |                          PE_256_914 |          5 |          5 |       0 |    0 |    16 |      0 |      0 |    0 |          0 |
|             mac_unit                |                         MacUnit_915 |         91 |         91 |       0 |    0 |     0 |      0 |      0 |    0 |          0 |
|         mesh_14_4                   |                            Tile_417 |         96 |         96 |       0 |    0 |    16 |      0 |      0 |    0 |          0 |
|           tile_0_0                  |                          PE_256_912 |         96 |         96 |       0 |    0 |    16 |      0 |      0 |    0 |          0 |
|             (tile_0_0)              |                          PE_256_912 |          5 |          5 |       0 |    0 |    16 |      0 |      0 |    0 |          0 |
|             mac_unit                |                         MacUnit_913 |         91 |         91 |       0 |    0 |     0 |      0 |      0 |    0 |          0 |
|         mesh_14_5                   |                            Tile_418 |         96 |         96 |       0 |    0 |    16 |      0 |      0 |    0 |          0 |
|           tile_0_0                  |                          PE_256_910 |         96 |         96 |       0 |    0 |    16 |      0 |      0 |    0 |          0 |
|             (tile_0_0)              |                          PE_256_910 |          5 |          5 |       0 |    0 |    16 |      0 |      0 |    0 |          0 |
|             mac_unit                |                         MacUnit_911 |         91 |         91 |       0 |    0 |     0 |      0 |      0 |    0 |          0 |
|         mesh_14_6                   |                            Tile_419 |         96 |         96 |       0 |    0 |    16 |      0 |      0 |    0 |          0 |
|           tile_0_0                  |                          PE_256_908 |         96 |         96 |       0 |    0 |    16 |      0 |      0 |    0 |          0 |
|             (tile_0_0)              |                          PE_256_908 |          5 |          5 |       0 |    0 |    16 |      0 |      0 |    0 |          0 |
|             mac_unit                |                         MacUnit_909 |         91 |         91 |       0 |    0 |     0 |      0 |      0 |    0 |          0 |
|         mesh_14_7                   |                            Tile_420 |         96 |         96 |       0 |    0 |    16 |      0 |      0 |    0 |          0 |
|           tile_0_0                  |                          PE_256_906 |         96 |         96 |       0 |    0 |    16 |      0 |      0 |    0 |          0 |
|             (tile_0_0)              |                          PE_256_906 |          5 |          5 |       0 |    0 |    16 |      0 |      0 |    0 |          0 |
|             mac_unit                |                         MacUnit_907 |         91 |         91 |       0 |    0 |     0 |      0 |      0 |    0 |          0 |
|         mesh_14_8                   |                            Tile_421 |         96 |         96 |       0 |    0 |    16 |      0 |      0 |    0 |          0 |
|           tile_0_0                  |                          PE_256_904 |         96 |         96 |       0 |    0 |    16 |      0 |      0 |    0 |          0 |
|             (tile_0_0)              |                          PE_256_904 |          5 |          5 |       0 |    0 |    16 |      0 |      0 |    0 |          0 |
|             mac_unit                |                         MacUnit_905 |         91 |         91 |       0 |    0 |     0 |      0 |      0 |    0 |          0 |
|         mesh_14_9                   |                            Tile_422 |         96 |         96 |       0 |    0 |    16 |      0 |      0 |    0 |          0 |
|           tile_0_0                  |                          PE_256_902 |         96 |         96 |       0 |    0 |    16 |      0 |      0 |    0 |          0 |
|             (tile_0_0)              |                          PE_256_902 |          5 |          5 |       0 |    0 |    16 |      0 |      0 |    0 |          0 |
|             mac_unit                |                         MacUnit_903 |         91 |         91 |       0 |    0 |     0 |      0 |      0 |    0 |          0 |
|         mesh_15_0                   |                            Tile_423 |         96 |         96 |       0 |    0 |    16 |      0 |      0 |    0 |          0 |
|           tile_0_0                  |                          PE_256_900 |         96 |         96 |       0 |    0 |    16 |      0 |      0 |    0 |          0 |
|             (tile_0_0)              |                          PE_256_900 |          5 |          5 |       0 |    0 |    16 |      0 |      0 |    0 |          0 |
|             mac_unit                |                         MacUnit_901 |         91 |         91 |       0 |    0 |     0 |      0 |      0 |    0 |          0 |
|         mesh_15_1                   |                            Tile_424 |         96 |         96 |       0 |    0 |    16 |      0 |      0 |    0 |          0 |
|           tile_0_0                  |                          PE_256_898 |         96 |         96 |       0 |    0 |    16 |      0 |      0 |    0 |          0 |
|             (tile_0_0)              |                          PE_256_898 |          5 |          5 |       0 |    0 |    16 |      0 |      0 |    0 |          0 |
|             mac_unit                |                         MacUnit_899 |         91 |         91 |       0 |    0 |     0 |      0 |      0 |    0 |          0 |
|         mesh_15_10                  |                            Tile_425 |         96 |         96 |       0 |    0 |    16 |      0 |      0 |    0 |          0 |
|           tile_0_0                  |                          PE_256_896 |         96 |         96 |       0 |    0 |    16 |      0 |      0 |    0 |          0 |
|             (tile_0_0)              |                          PE_256_896 |          5 |          5 |       0 |    0 |    16 |      0 |      0 |    0 |          0 |
|             mac_unit                |                         MacUnit_897 |         91 |         91 |       0 |    0 |     0 |      0 |      0 |    0 |          0 |
|         mesh_15_11                  |                            Tile_426 |         96 |         96 |       0 |    0 |    16 |      0 |      0 |    0 |          0 |
|           tile_0_0                  |                          PE_256_894 |         96 |         96 |       0 |    0 |    16 |      0 |      0 |    0 |          0 |
|             (tile_0_0)              |                          PE_256_894 |          5 |          5 |       0 |    0 |    16 |      0 |      0 |    0 |          0 |
|             mac_unit                |                         MacUnit_895 |         91 |         91 |       0 |    0 |     0 |      0 |      0 |    0 |          0 |
|         mesh_15_12                  |                            Tile_427 |         96 |         96 |       0 |    0 |    16 |      0 |      0 |    0 |          0 |
|           tile_0_0                  |                          PE_256_892 |         96 |         96 |       0 |    0 |    16 |      0 |      0 |    0 |          0 |
|             (tile_0_0)              |                          PE_256_892 |          5 |          5 |       0 |    0 |    16 |      0 |      0 |    0 |          0 |
|             mac_unit                |                         MacUnit_893 |         91 |         91 |       0 |    0 |     0 |      0 |      0 |    0 |          0 |
|         mesh_15_13                  |                            Tile_428 |         96 |         96 |       0 |    0 |    16 |      0 |      0 |    0 |          0 |
|           tile_0_0                  |                          PE_256_890 |         96 |         96 |       0 |    0 |    16 |      0 |      0 |    0 |          0 |
|             (tile_0_0)              |                          PE_256_890 |          5 |          5 |       0 |    0 |    16 |      0 |      0 |    0 |          0 |
|             mac_unit                |                         MacUnit_891 |         91 |         91 |       0 |    0 |     0 |      0 |      0 |    0 |          0 |
|         mesh_15_14                  |                            Tile_429 |         96 |         96 |       0 |    0 |    16 |      0 |      0 |    0 |          0 |
|           tile_0_0                  |                          PE_256_888 |         96 |         96 |       0 |    0 |    16 |      0 |      0 |    0 |          0 |
|             (tile_0_0)              |                          PE_256_888 |          5 |          5 |       0 |    0 |    16 |      0 |      0 |    0 |          0 |
|             mac_unit                |                         MacUnit_889 |         91 |         91 |       0 |    0 |     0 |      0 |      0 |    0 |          0 |
|         mesh_15_15                  |                            Tile_430 |         96 |         96 |       0 |    0 |    16 |      0 |      0 |    0 |          0 |
|           tile_0_0                  |                          PE_256_886 |         96 |         96 |       0 |    0 |    16 |      0 |      0 |    0 |          0 |
|             (tile_0_0)              |                          PE_256_886 |          5 |          5 |       0 |    0 |    16 |      0 |      0 |    0 |          0 |
|             mac_unit                |                         MacUnit_887 |         91 |         91 |       0 |    0 |     0 |      0 |      0 |    0 |          0 |
|         mesh_15_2                   |                            Tile_431 |         96 |         96 |       0 |    0 |    16 |      0 |      0 |    0 |          0 |
|           tile_0_0                  |                          PE_256_884 |         96 |         96 |       0 |    0 |    16 |      0 |      0 |    0 |          0 |
|             (tile_0_0)              |                          PE_256_884 |          5 |          5 |       0 |    0 |    16 |      0 |      0 |    0 |          0 |
|             mac_unit                |                         MacUnit_885 |         91 |         91 |       0 |    0 |     0 |      0 |      0 |    0 |          0 |
|         mesh_15_3                   |                            Tile_432 |         96 |         96 |       0 |    0 |    16 |      0 |      0 |    0 |          0 |
|           tile_0_0                  |                          PE_256_882 |         96 |         96 |       0 |    0 |    16 |      0 |      0 |    0 |          0 |
|             (tile_0_0)              |                          PE_256_882 |          5 |          5 |       0 |    0 |    16 |      0 |      0 |    0 |          0 |
|             mac_unit                |                         MacUnit_883 |         91 |         91 |       0 |    0 |     0 |      0 |      0 |    0 |          0 |
|         mesh_15_4                   |                            Tile_433 |         96 |         96 |       0 |    0 |    16 |      0 |      0 |    0 |          0 |
|           tile_0_0                  |                          PE_256_880 |         96 |         96 |       0 |    0 |    16 |      0 |      0 |    0 |          0 |
|             (tile_0_0)              |                          PE_256_880 |          5 |          5 |       0 |    0 |    16 |      0 |      0 |    0 |          0 |
|             mac_unit                |                         MacUnit_881 |         91 |         91 |       0 |    0 |     0 |      0 |      0 |    0 |          0 |
|         mesh_15_5                   |                            Tile_434 |         96 |         96 |       0 |    0 |    16 |      0 |      0 |    0 |          0 |
|           tile_0_0                  |                          PE_256_878 |         96 |         96 |       0 |    0 |    16 |      0 |      0 |    0 |          0 |
|             (tile_0_0)              |                          PE_256_878 |          5 |          5 |       0 |    0 |    16 |      0 |      0 |    0 |          0 |
|             mac_unit                |                         MacUnit_879 |         91 |         91 |       0 |    0 |     0 |      0 |      0 |    0 |          0 |
|         mesh_15_6                   |                            Tile_435 |         96 |         96 |       0 |    0 |    16 |      0 |      0 |    0 |          0 |
|           tile_0_0                  |                          PE_256_876 |         96 |         96 |       0 |    0 |    16 |      0 |      0 |    0 |          0 |
|             (tile_0_0)              |                          PE_256_876 |          5 |          5 |       0 |    0 |    16 |      0 |      0 |    0 |          0 |
|             mac_unit                |                         MacUnit_877 |         91 |         91 |       0 |    0 |     0 |      0 |      0 |    0 |          0 |
|         mesh_15_7                   |                            Tile_436 |         96 |         96 |       0 |    0 |    16 |      0 |      0 |    0 |          0 |
|           tile_0_0                  |                          PE_256_874 |         96 |         96 |       0 |    0 |    16 |      0 |      0 |    0 |          0 |
|             (tile_0_0)              |                          PE_256_874 |          5 |          5 |       0 |    0 |    16 |      0 |      0 |    0 |          0 |
|             mac_unit                |                         MacUnit_875 |         91 |         91 |       0 |    0 |     0 |      0 |      0 |    0 |          0 |
|         mesh_15_8                   |                            Tile_437 |         96 |         96 |       0 |    0 |    16 |      0 |      0 |    0 |          0 |
|           tile_0_0                  |                          PE_256_872 |         96 |         96 |       0 |    0 |    16 |      0 |      0 |    0 |          0 |
|             (tile_0_0)              |                          PE_256_872 |          5 |          5 |       0 |    0 |    16 |      0 |      0 |    0 |          0 |
|             mac_unit                |                         MacUnit_873 |         91 |         91 |       0 |    0 |     0 |      0 |      0 |    0 |          0 |
|         mesh_15_9                   |                            Tile_438 |         96 |         96 |       0 |    0 |    16 |      0 |      0 |    0 |          0 |
|           tile_0_0                  |                          PE_256_870 |         96 |         96 |       0 |    0 |    16 |      0 |      0 |    0 |          0 |
|             (tile_0_0)              |                          PE_256_870 |          5 |          5 |       0 |    0 |    16 |      0 |      0 |    0 |          0 |
|             mac_unit                |                         MacUnit_871 |         91 |         91 |       0 |    0 |     0 |      0 |      0 |    0 |          0 |
|         mesh_1_0                    |                            Tile_439 |         96 |         96 |       0 |    0 |    16 |      0 |      0 |    0 |          0 |
|           tile_0_0                  |                          PE_256_868 |         96 |         96 |       0 |    0 |    16 |      0 |      0 |    0 |          0 |
|             (tile_0_0)              |                          PE_256_868 |          5 |          5 |       0 |    0 |    16 |      0 |      0 |    0 |          0 |
|             mac_unit                |                         MacUnit_869 |         91 |         91 |       0 |    0 |     0 |      0 |      0 |    0 |          0 |
|         mesh_1_1                    |                            Tile_440 |         96 |         96 |       0 |    0 |    16 |      0 |      0 |    0 |          0 |
|           tile_0_0                  |                          PE_256_866 |         96 |         96 |       0 |    0 |    16 |      0 |      0 |    0 |          0 |
|             (tile_0_0)              |                          PE_256_866 |          5 |          5 |       0 |    0 |    16 |      0 |      0 |    0 |          0 |
|             mac_unit                |                         MacUnit_867 |         91 |         91 |       0 |    0 |     0 |      0 |      0 |    0 |          0 |
|         mesh_1_10                   |                            Tile_441 |         96 |         96 |       0 |    0 |    16 |      0 |      0 |    0 |          0 |
|           tile_0_0                  |                          PE_256_864 |         96 |         96 |       0 |    0 |    16 |      0 |      0 |    0 |          0 |
|             (tile_0_0)              |                          PE_256_864 |          5 |          5 |       0 |    0 |    16 |      0 |      0 |    0 |          0 |
|             mac_unit                |                         MacUnit_865 |         91 |         91 |       0 |    0 |     0 |      0 |      0 |    0 |          0 |
|         mesh_1_11                   |                            Tile_442 |         96 |         96 |       0 |    0 |    16 |      0 |      0 |    0 |          0 |
|           tile_0_0                  |                          PE_256_862 |         96 |         96 |       0 |    0 |    16 |      0 |      0 |    0 |          0 |
|             (tile_0_0)              |                          PE_256_862 |          5 |          5 |       0 |    0 |    16 |      0 |      0 |    0 |          0 |
|             mac_unit                |                         MacUnit_863 |         91 |         91 |       0 |    0 |     0 |      0 |      0 |    0 |          0 |
|         mesh_1_12                   |                            Tile_443 |         96 |         96 |       0 |    0 |    16 |      0 |      0 |    0 |          0 |
|           tile_0_0                  |                          PE_256_860 |         96 |         96 |       0 |    0 |    16 |      0 |      0 |    0 |          0 |
|             (tile_0_0)              |                          PE_256_860 |          5 |          5 |       0 |    0 |    16 |      0 |      0 |    0 |          0 |
|             mac_unit                |                         MacUnit_861 |         91 |         91 |       0 |    0 |     0 |      0 |      0 |    0 |          0 |
|         mesh_1_13                   |                            Tile_444 |         96 |         96 |       0 |    0 |    16 |      0 |      0 |    0 |          0 |
|           tile_0_0                  |                          PE_256_858 |         96 |         96 |       0 |    0 |    16 |      0 |      0 |    0 |          0 |
|             (tile_0_0)              |                          PE_256_858 |          5 |          5 |       0 |    0 |    16 |      0 |      0 |    0 |          0 |
|             mac_unit                |                         MacUnit_859 |         91 |         91 |       0 |    0 |     0 |      0 |      0 |    0 |          0 |
|         mesh_1_14                   |                            Tile_445 |         96 |         96 |       0 |    0 |    16 |      0 |      0 |    0 |          0 |
|           tile_0_0                  |                          PE_256_856 |         96 |         96 |       0 |    0 |    16 |      0 |      0 |    0 |          0 |
|             (tile_0_0)              |                          PE_256_856 |          5 |          5 |       0 |    0 |    16 |      0 |      0 |    0 |          0 |
|             mac_unit                |                         MacUnit_857 |         91 |         91 |       0 |    0 |     0 |      0 |      0 |    0 |          0 |
|         mesh_1_15                   |                            Tile_446 |         96 |         96 |       0 |    0 |    16 |      0 |      0 |    0 |          0 |
|           tile_0_0                  |                          PE_256_854 |         96 |         96 |       0 |    0 |    16 |      0 |      0 |    0 |          0 |
|             (tile_0_0)              |                          PE_256_854 |          5 |          5 |       0 |    0 |    16 |      0 |      0 |    0 |          0 |
|             mac_unit                |                         MacUnit_855 |         91 |         91 |       0 |    0 |     0 |      0 |      0 |    0 |          0 |
|         mesh_1_2                    |                            Tile_447 |         96 |         96 |       0 |    0 |    16 |      0 |      0 |    0 |          0 |
|           tile_0_0                  |                          PE_256_852 |         96 |         96 |       0 |    0 |    16 |      0 |      0 |    0 |          0 |
|             (tile_0_0)              |                          PE_256_852 |          5 |          5 |       0 |    0 |    16 |      0 |      0 |    0 |          0 |
|             mac_unit                |                         MacUnit_853 |         91 |         91 |       0 |    0 |     0 |      0 |      0 |    0 |          0 |
|         mesh_1_3                    |                            Tile_448 |         96 |         96 |       0 |    0 |    16 |      0 |      0 |    0 |          0 |
|           tile_0_0                  |                          PE_256_850 |         96 |         96 |       0 |    0 |    16 |      0 |      0 |    0 |          0 |
|             (tile_0_0)              |                          PE_256_850 |          5 |          5 |       0 |    0 |    16 |      0 |      0 |    0 |          0 |
|             mac_unit                |                         MacUnit_851 |         91 |         91 |       0 |    0 |     0 |      0 |      0 |    0 |          0 |
|         mesh_1_4                    |                            Tile_449 |         96 |         96 |       0 |    0 |    16 |      0 |      0 |    0 |          0 |
|           tile_0_0                  |                          PE_256_848 |         96 |         96 |       0 |    0 |    16 |      0 |      0 |    0 |          0 |
|             (tile_0_0)              |                          PE_256_848 |          5 |          5 |       0 |    0 |    16 |      0 |      0 |    0 |          0 |
|             mac_unit                |                         MacUnit_849 |         91 |         91 |       0 |    0 |     0 |      0 |      0 |    0 |          0 |
|         mesh_1_5                    |                            Tile_450 |         96 |         96 |       0 |    0 |    16 |      0 |      0 |    0 |          0 |
|           tile_0_0                  |                          PE_256_846 |         96 |         96 |       0 |    0 |    16 |      0 |      0 |    0 |          0 |
|             (tile_0_0)              |                          PE_256_846 |          5 |          5 |       0 |    0 |    16 |      0 |      0 |    0 |          0 |
|             mac_unit                |                         MacUnit_847 |         91 |         91 |       0 |    0 |     0 |      0 |      0 |    0 |          0 |
|         mesh_1_6                    |                            Tile_451 |         96 |         96 |       0 |    0 |    16 |      0 |      0 |    0 |          0 |
|           tile_0_0                  |                          PE_256_844 |         96 |         96 |       0 |    0 |    16 |      0 |      0 |    0 |          0 |
|             (tile_0_0)              |                          PE_256_844 |          5 |          5 |       0 |    0 |    16 |      0 |      0 |    0 |          0 |
|             mac_unit                |                         MacUnit_845 |         91 |         91 |       0 |    0 |     0 |      0 |      0 |    0 |          0 |
|         mesh_1_7                    |                            Tile_452 |         95 |         95 |       0 |    0 |    16 |      0 |      0 |    0 |          0 |
|           tile_0_0                  |                          PE_256_842 |         95 |         95 |       0 |    0 |    16 |      0 |      0 |    0 |          0 |
|             (tile_0_0)              |                          PE_256_842 |          6 |          6 |       0 |    0 |    16 |      0 |      0 |    0 |          0 |
|             mac_unit                |                         MacUnit_843 |         91 |         91 |       0 |    0 |     0 |      0 |      0 |    0 |          0 |
|         mesh_1_8                    |                            Tile_453 |         95 |         95 |       0 |    0 |    16 |      0 |      0 |    0 |          0 |
|           tile_0_0                  |                          PE_256_840 |         95 |         95 |       0 |    0 |    16 |      0 |      0 |    0 |          0 |
|             (tile_0_0)              |                          PE_256_840 |          6 |          6 |       0 |    0 |    16 |      0 |      0 |    0 |          0 |
|             mac_unit                |                         MacUnit_841 |         91 |         91 |       0 |    0 |     0 |      0 |      0 |    0 |          0 |
|         mesh_1_9                    |                            Tile_454 |         96 |         96 |       0 |    0 |    16 |      0 |      0 |    0 |          0 |
|           tile_0_0                  |                          PE_256_838 |         96 |         96 |       0 |    0 |    16 |      0 |      0 |    0 |          0 |
|             (tile_0_0)              |                          PE_256_838 |          5 |          5 |       0 |    0 |    16 |      0 |      0 |    0 |          0 |
|             mac_unit                |                         MacUnit_839 |         91 |         91 |       0 |    0 |     0 |      0 |      0 |    0 |          0 |
|         mesh_2_0                    |                            Tile_455 |         96 |         96 |       0 |    0 |    16 |      0 |      0 |    0 |          0 |
|           tile_0_0                  |                          PE_256_836 |         96 |         96 |       0 |    0 |    16 |      0 |      0 |    0 |          0 |
|             (tile_0_0)              |                          PE_256_836 |          5 |          5 |       0 |    0 |    16 |      0 |      0 |    0 |          0 |
|             mac_unit                |                         MacUnit_837 |         91 |         91 |       0 |    0 |     0 |      0 |      0 |    0 |          0 |
|         mesh_2_1                    |                            Tile_456 |         96 |         96 |       0 |    0 |    16 |      0 |      0 |    0 |          0 |
|           tile_0_0                  |                          PE_256_834 |         96 |         96 |       0 |    0 |    16 |      0 |      0 |    0 |          0 |
|             (tile_0_0)              |                          PE_256_834 |          5 |          5 |       0 |    0 |    16 |      0 |      0 |    0 |          0 |
|             mac_unit                |                         MacUnit_835 |         91 |         91 |       0 |    0 |     0 |      0 |      0 |    0 |          0 |
|         mesh_2_10                   |                            Tile_457 |         96 |         96 |       0 |    0 |    16 |      0 |      0 |    0 |          0 |
|           tile_0_0                  |                          PE_256_832 |         96 |         96 |       0 |    0 |    16 |      0 |      0 |    0 |          0 |
|             (tile_0_0)              |                          PE_256_832 |          5 |          5 |       0 |    0 |    16 |      0 |      0 |    0 |          0 |
|             mac_unit                |                         MacUnit_833 |         91 |         91 |       0 |    0 |     0 |      0 |      0 |    0 |          0 |
|         mesh_2_11                   |                            Tile_458 |         96 |         96 |       0 |    0 |    16 |      0 |      0 |    0 |          0 |
|           tile_0_0                  |                          PE_256_830 |         96 |         96 |       0 |    0 |    16 |      0 |      0 |    0 |          0 |
|             (tile_0_0)              |                          PE_256_830 |          5 |          5 |       0 |    0 |    16 |      0 |      0 |    0 |          0 |
|             mac_unit                |                         MacUnit_831 |         91 |         91 |       0 |    0 |     0 |      0 |      0 |    0 |          0 |
|         mesh_2_12                   |                            Tile_459 |         96 |         96 |       0 |    0 |    16 |      0 |      0 |    0 |          0 |
|           tile_0_0                  |                          PE_256_828 |         96 |         96 |       0 |    0 |    16 |      0 |      0 |    0 |          0 |
|             (tile_0_0)              |                          PE_256_828 |          5 |          5 |       0 |    0 |    16 |      0 |      0 |    0 |          0 |
|             mac_unit                |                         MacUnit_829 |         91 |         91 |       0 |    0 |     0 |      0 |      0 |    0 |          0 |
|         mesh_2_13                   |                            Tile_460 |         96 |         96 |       0 |    0 |    16 |      0 |      0 |    0 |          0 |
|           tile_0_0                  |                          PE_256_826 |         96 |         96 |       0 |    0 |    16 |      0 |      0 |    0 |          0 |
|             (tile_0_0)              |                          PE_256_826 |          5 |          5 |       0 |    0 |    16 |      0 |      0 |    0 |          0 |
|             mac_unit                |                         MacUnit_827 |         91 |         91 |       0 |    0 |     0 |      0 |      0 |    0 |          0 |
|         mesh_2_14                   |                            Tile_461 |         96 |         96 |       0 |    0 |    16 |      0 |      0 |    0 |          0 |
|           tile_0_0                  |                          PE_256_824 |         96 |         96 |       0 |    0 |    16 |      0 |      0 |    0 |          0 |
|             (tile_0_0)              |                          PE_256_824 |          5 |          5 |       0 |    0 |    16 |      0 |      0 |    0 |          0 |
|             mac_unit                |                         MacUnit_825 |         91 |         91 |       0 |    0 |     0 |      0 |      0 |    0 |          0 |
|         mesh_2_15                   |                            Tile_462 |         96 |         96 |       0 |    0 |    16 |      0 |      0 |    0 |          0 |
|           tile_0_0                  |                          PE_256_822 |         96 |         96 |       0 |    0 |    16 |      0 |      0 |    0 |          0 |
|             (tile_0_0)              |                          PE_256_822 |          5 |          5 |       0 |    0 |    16 |      0 |      0 |    0 |          0 |
|             mac_unit                |                         MacUnit_823 |         91 |         91 |       0 |    0 |     0 |      0 |      0 |    0 |          0 |
|         mesh_2_2                    |                            Tile_463 |         96 |         96 |       0 |    0 |    16 |      0 |      0 |    0 |          0 |
|           tile_0_0                  |                          PE_256_820 |         96 |         96 |       0 |    0 |    16 |      0 |      0 |    0 |          0 |
|             (tile_0_0)              |                          PE_256_820 |          5 |          5 |       0 |    0 |    16 |      0 |      0 |    0 |          0 |
|             mac_unit                |                         MacUnit_821 |         91 |         91 |       0 |    0 |     0 |      0 |      0 |    0 |          0 |
|         mesh_2_3                    |                            Tile_464 |         96 |         96 |       0 |    0 |    16 |      0 |      0 |    0 |          0 |
|           tile_0_0                  |                          PE_256_818 |         96 |         96 |       0 |    0 |    16 |      0 |      0 |    0 |          0 |
|             (tile_0_0)              |                          PE_256_818 |          5 |          5 |       0 |    0 |    16 |      0 |      0 |    0 |          0 |
|             mac_unit                |                         MacUnit_819 |         91 |         91 |       0 |    0 |     0 |      0 |      0 |    0 |          0 |
|         mesh_2_4                    |                            Tile_465 |         96 |         96 |       0 |    0 |    16 |      0 |      0 |    0 |          0 |
|           tile_0_0                  |                          PE_256_816 |         96 |         96 |       0 |    0 |    16 |      0 |      0 |    0 |          0 |
|             (tile_0_0)              |                          PE_256_816 |          5 |          5 |       0 |    0 |    16 |      0 |      0 |    0 |          0 |
|             mac_unit                |                         MacUnit_817 |         91 |         91 |       0 |    0 |     0 |      0 |      0 |    0 |          0 |
|         mesh_2_5                    |                            Tile_466 |         96 |         96 |       0 |    0 |    16 |      0 |      0 |    0 |          0 |
|           tile_0_0                  |                          PE_256_814 |         96 |         96 |       0 |    0 |    16 |      0 |      0 |    0 |          0 |
|             (tile_0_0)              |                          PE_256_814 |          5 |          5 |       0 |    0 |    16 |      0 |      0 |    0 |          0 |
|             mac_unit                |                         MacUnit_815 |         91 |         91 |       0 |    0 |     0 |      0 |      0 |    0 |          0 |
|         mesh_2_6                    |                            Tile_467 |         96 |         96 |       0 |    0 |    16 |      0 |      0 |    0 |          0 |
|           tile_0_0                  |                          PE_256_812 |         96 |         96 |       0 |    0 |    16 |      0 |      0 |    0 |          0 |
|             (tile_0_0)              |                          PE_256_812 |          5 |          5 |       0 |    0 |    16 |      0 |      0 |    0 |          0 |
|             mac_unit                |                         MacUnit_813 |         91 |         91 |       0 |    0 |     0 |      0 |      0 |    0 |          0 |
|         mesh_2_7                    |                            Tile_468 |         95 |         95 |       0 |    0 |    16 |      0 |      0 |    0 |          0 |
|           tile_0_0                  |                          PE_256_810 |         95 |         95 |       0 |    0 |    16 |      0 |      0 |    0 |          0 |
|             (tile_0_0)              |                          PE_256_810 |          6 |          6 |       0 |    0 |    16 |      0 |      0 |    0 |          0 |
|             mac_unit                |                         MacUnit_811 |         91 |         91 |       0 |    0 |     0 |      0 |      0 |    0 |          0 |
|         mesh_2_8                    |                            Tile_469 |         96 |         96 |       0 |    0 |    16 |      0 |      0 |    0 |          0 |
|           tile_0_0                  |                          PE_256_808 |         96 |         96 |       0 |    0 |    16 |      0 |      0 |    0 |          0 |
|             (tile_0_0)              |                          PE_256_808 |          5 |          5 |       0 |    0 |    16 |      0 |      0 |    0 |          0 |
|             mac_unit                |                         MacUnit_809 |         91 |         91 |       0 |    0 |     0 |      0 |      0 |    0 |          0 |
|         mesh_2_9                    |                            Tile_470 |         96 |         96 |       0 |    0 |    16 |      0 |      0 |    0 |          0 |
|           tile_0_0                  |                          PE_256_806 |         96 |         96 |       0 |    0 |    16 |      0 |      0 |    0 |          0 |
|             (tile_0_0)              |                          PE_256_806 |          5 |          5 |       0 |    0 |    16 |      0 |      0 |    0 |          0 |
|             mac_unit                |                         MacUnit_807 |         91 |         91 |       0 |    0 |     0 |      0 |      0 |    0 |          0 |
|         mesh_3_0                    |                            Tile_471 |         96 |         96 |       0 |    0 |    16 |      0 |      0 |    0 |          0 |
|           tile_0_0                  |                          PE_256_804 |         96 |         96 |       0 |    0 |    16 |      0 |      0 |    0 |          0 |
|             (tile_0_0)              |                          PE_256_804 |          5 |          5 |       0 |    0 |    16 |      0 |      0 |    0 |          0 |
|             mac_unit                |                         MacUnit_805 |         91 |         91 |       0 |    0 |     0 |      0 |      0 |    0 |          0 |
|         mesh_3_1                    |                            Tile_472 |         96 |         96 |       0 |    0 |    16 |      0 |      0 |    0 |          0 |
|           tile_0_0                  |                          PE_256_802 |         96 |         96 |       0 |    0 |    16 |      0 |      0 |    0 |          0 |
|             (tile_0_0)              |                          PE_256_802 |          5 |          5 |       0 |    0 |    16 |      0 |      0 |    0 |          0 |
|             mac_unit                |                         MacUnit_803 |         91 |         91 |       0 |    0 |     0 |      0 |      0 |    0 |          0 |
|         mesh_3_10                   |                            Tile_473 |         96 |         96 |       0 |    0 |    16 |      0 |      0 |    0 |          0 |
|           tile_0_0                  |                          PE_256_800 |         96 |         96 |       0 |    0 |    16 |      0 |      0 |    0 |          0 |
|             (tile_0_0)              |                          PE_256_800 |          5 |          5 |       0 |    0 |    16 |      0 |      0 |    0 |          0 |
|             mac_unit                |                         MacUnit_801 |         91 |         91 |       0 |    0 |     0 |      0 |      0 |    0 |          0 |
|         mesh_3_11                   |                            Tile_474 |         96 |         96 |       0 |    0 |    16 |      0 |      0 |    0 |          0 |
|           tile_0_0                  |                          PE_256_798 |         96 |         96 |       0 |    0 |    16 |      0 |      0 |    0 |          0 |
|             (tile_0_0)              |                          PE_256_798 |          5 |          5 |       0 |    0 |    16 |      0 |      0 |    0 |          0 |
|             mac_unit                |                         MacUnit_799 |         91 |         91 |       0 |    0 |     0 |      0 |      0 |    0 |          0 |
|         mesh_3_12                   |                            Tile_475 |         96 |         96 |       0 |    0 |    16 |      0 |      0 |    0 |          0 |
|           tile_0_0                  |                          PE_256_796 |         96 |         96 |       0 |    0 |    16 |      0 |      0 |    0 |          0 |
|             (tile_0_0)              |                          PE_256_796 |          5 |          5 |       0 |    0 |    16 |      0 |      0 |    0 |          0 |
|             mac_unit                |                         MacUnit_797 |         91 |         91 |       0 |    0 |     0 |      0 |      0 |    0 |          0 |
|         mesh_3_13                   |                            Tile_476 |         96 |         96 |       0 |    0 |    16 |      0 |      0 |    0 |          0 |
|           tile_0_0                  |                          PE_256_794 |         96 |         96 |       0 |    0 |    16 |      0 |      0 |    0 |          0 |
|             (tile_0_0)              |                          PE_256_794 |          5 |          5 |       0 |    0 |    16 |      0 |      0 |    0 |          0 |
|             mac_unit                |                         MacUnit_795 |         91 |         91 |       0 |    0 |     0 |      0 |      0 |    0 |          0 |
|         mesh_3_14                   |                            Tile_477 |         96 |         96 |       0 |    0 |    16 |      0 |      0 |    0 |          0 |
|           tile_0_0                  |                          PE_256_792 |         96 |         96 |       0 |    0 |    16 |      0 |      0 |    0 |          0 |
|             (tile_0_0)              |                          PE_256_792 |          5 |          5 |       0 |    0 |    16 |      0 |      0 |    0 |          0 |
|             mac_unit                |                         MacUnit_793 |         91 |         91 |       0 |    0 |     0 |      0 |      0 |    0 |          0 |
|         mesh_3_15                   |                            Tile_478 |         96 |         96 |       0 |    0 |    16 |      0 |      0 |    0 |          0 |
|           tile_0_0                  |                          PE_256_790 |         96 |         96 |       0 |    0 |    16 |      0 |      0 |    0 |          0 |
|             (tile_0_0)              |                          PE_256_790 |          5 |          5 |       0 |    0 |    16 |      0 |      0 |    0 |          0 |
|             mac_unit                |                         MacUnit_791 |         91 |         91 |       0 |    0 |     0 |      0 |      0 |    0 |          0 |
|         mesh_3_2                    |                            Tile_479 |         96 |         96 |       0 |    0 |    16 |      0 |      0 |    0 |          0 |
|           tile_0_0                  |                          PE_256_788 |         96 |         96 |       0 |    0 |    16 |      0 |      0 |    0 |          0 |
|             (tile_0_0)              |                          PE_256_788 |          6 |          6 |       0 |    0 |    16 |      0 |      0 |    0 |          0 |
|             mac_unit                |                         MacUnit_789 |         91 |         91 |       0 |    0 |     0 |      0 |      0 |    0 |          0 |
|         mesh_3_3                    |                            Tile_480 |         96 |         96 |       0 |    0 |    16 |      0 |      0 |    0 |          0 |
|           tile_0_0                  |                          PE_256_786 |         96 |         96 |       0 |    0 |    16 |      0 |      0 |    0 |          0 |
|             (tile_0_0)              |                          PE_256_786 |          5 |          5 |       0 |    0 |    16 |      0 |      0 |    0 |          0 |
|             mac_unit                |                         MacUnit_787 |         91 |         91 |       0 |    0 |     0 |      0 |      0 |    0 |          0 |
|         mesh_3_4                    |                            Tile_481 |         96 |         96 |       0 |    0 |    16 |      0 |      0 |    0 |          0 |
|           tile_0_0                  |                          PE_256_784 |         96 |         96 |       0 |    0 |    16 |      0 |      0 |    0 |          0 |
|             (tile_0_0)              |                          PE_256_784 |          5 |          5 |       0 |    0 |    16 |      0 |      0 |    0 |          0 |
|             mac_unit                |                         MacUnit_785 |         91 |         91 |       0 |    0 |     0 |      0 |      0 |    0 |          0 |
|         mesh_3_5                    |                            Tile_482 |         96 |         96 |       0 |    0 |    16 |      0 |      0 |    0 |          0 |
|           tile_0_0                  |                          PE_256_782 |         96 |         96 |       0 |    0 |    16 |      0 |      0 |    0 |          0 |
|             (tile_0_0)              |                          PE_256_782 |          5 |          5 |       0 |    0 |    16 |      0 |      0 |    0 |          0 |
|             mac_unit                |                         MacUnit_783 |         91 |         91 |       0 |    0 |     0 |      0 |      0 |    0 |          0 |
|         mesh_3_6                    |                            Tile_483 |         96 |         96 |       0 |    0 |    16 |      0 |      0 |    0 |          0 |
|           tile_0_0                  |                          PE_256_780 |         96 |         96 |       0 |    0 |    16 |      0 |      0 |    0 |          0 |
|             (tile_0_0)              |                          PE_256_780 |          5 |          5 |       0 |    0 |    16 |      0 |      0 |    0 |          0 |
|             mac_unit                |                         MacUnit_781 |         91 |         91 |       0 |    0 |     0 |      0 |      0 |    0 |          0 |
|         mesh_3_7                    |                            Tile_484 |         96 |         96 |       0 |    0 |    16 |      0 |      0 |    0 |          0 |
|           tile_0_0                  |                          PE_256_778 |         96 |         96 |       0 |    0 |    16 |      0 |      0 |    0 |          0 |
|             (tile_0_0)              |                          PE_256_778 |          5 |          5 |       0 |    0 |    16 |      0 |      0 |    0 |          0 |
|             mac_unit                |                         MacUnit_779 |         91 |         91 |       0 |    0 |     0 |      0 |      0 |    0 |          0 |
|         mesh_3_8                    |                            Tile_485 |         96 |         96 |       0 |    0 |    16 |      0 |      0 |    0 |          0 |
|           tile_0_0                  |                          PE_256_776 |         96 |         96 |       0 |    0 |    16 |      0 |      0 |    0 |          0 |
|             (tile_0_0)              |                          PE_256_776 |          5 |          5 |       0 |    0 |    16 |      0 |      0 |    0 |          0 |
|             mac_unit                |                         MacUnit_777 |         91 |         91 |       0 |    0 |     0 |      0 |      0 |    0 |          0 |
|         mesh_3_9                    |                            Tile_486 |         96 |         96 |       0 |    0 |    16 |      0 |      0 |    0 |          0 |
|           tile_0_0                  |                          PE_256_774 |         96 |         96 |       0 |    0 |    16 |      0 |      0 |    0 |          0 |
|             (tile_0_0)              |                          PE_256_774 |          5 |          5 |       0 |    0 |    16 |      0 |      0 |    0 |          0 |
|             mac_unit                |                         MacUnit_775 |         91 |         91 |       0 |    0 |     0 |      0 |      0 |    0 |          0 |
|         mesh_4_0                    |                            Tile_487 |         95 |         95 |       0 |    0 |    16 |      0 |      0 |    0 |          0 |
|           tile_0_0                  |                          PE_256_772 |         95 |         95 |       0 |    0 |    16 |      0 |      0 |    0 |          0 |
|             (tile_0_0)              |                          PE_256_772 |          6 |          6 |       0 |    0 |    16 |      0 |      0 |    0 |          0 |
|             mac_unit                |                         MacUnit_773 |         91 |         91 |       0 |    0 |     0 |      0 |      0 |    0 |          0 |
|         mesh_4_1                    |                            Tile_488 |         96 |         96 |       0 |    0 |    16 |      0 |      0 |    0 |          0 |
|           tile_0_0                  |                          PE_256_770 |         96 |         96 |       0 |    0 |    16 |      0 |      0 |    0 |          0 |
|             (tile_0_0)              |                          PE_256_770 |          6 |          6 |       0 |    0 |    16 |      0 |      0 |    0 |          0 |
|             mac_unit                |                         MacUnit_771 |         91 |         91 |       0 |    0 |     0 |      0 |      0 |    0 |          0 |
|         mesh_4_10                   |                            Tile_489 |         96 |         96 |       0 |    0 |    16 |      0 |      0 |    0 |          0 |
|           tile_0_0                  |                          PE_256_768 |         96 |         96 |       0 |    0 |    16 |      0 |      0 |    0 |          0 |
|             (tile_0_0)              |                          PE_256_768 |          5 |          5 |       0 |    0 |    16 |      0 |      0 |    0 |          0 |
|             mac_unit                |                         MacUnit_769 |         91 |         91 |       0 |    0 |     0 |      0 |      0 |    0 |          0 |
|         mesh_4_11                   |                            Tile_490 |         96 |         96 |       0 |    0 |    16 |      0 |      0 |    0 |          0 |
|           tile_0_0                  |                          PE_256_766 |         96 |         96 |       0 |    0 |    16 |      0 |      0 |    0 |          0 |
|             (tile_0_0)              |                          PE_256_766 |          5 |          5 |       0 |    0 |    16 |      0 |      0 |    0 |          0 |
|             mac_unit                |                         MacUnit_767 |         91 |         91 |       0 |    0 |     0 |      0 |      0 |    0 |          0 |
|         mesh_4_12                   |                            Tile_491 |         96 |         96 |       0 |    0 |    16 |      0 |      0 |    0 |          0 |
|           tile_0_0                  |                          PE_256_764 |         96 |         96 |       0 |    0 |    16 |      0 |      0 |    0 |          0 |
|             (tile_0_0)              |                          PE_256_764 |          5 |          5 |       0 |    0 |    16 |      0 |      0 |    0 |          0 |
|             mac_unit                |                         MacUnit_765 |         91 |         91 |       0 |    0 |     0 |      0 |      0 |    0 |          0 |
|         mesh_4_13                   |                            Tile_492 |         96 |         96 |       0 |    0 |    16 |      0 |      0 |    0 |          0 |
|           tile_0_0                  |                          PE_256_762 |         96 |         96 |       0 |    0 |    16 |      0 |      0 |    0 |          0 |
|             (tile_0_0)              |                          PE_256_762 |          5 |          5 |       0 |    0 |    16 |      0 |      0 |    0 |          0 |
|             mac_unit                |                         MacUnit_763 |         91 |         91 |       0 |    0 |     0 |      0 |      0 |    0 |          0 |
|         mesh_4_14                   |                            Tile_493 |         96 |         96 |       0 |    0 |    16 |      0 |      0 |    0 |          0 |
|           tile_0_0                  |                          PE_256_760 |         96 |         96 |       0 |    0 |    16 |      0 |      0 |    0 |          0 |
|             (tile_0_0)              |                          PE_256_760 |          5 |          5 |       0 |    0 |    16 |      0 |      0 |    0 |          0 |
|             mac_unit                |                         MacUnit_761 |         91 |         91 |       0 |    0 |     0 |      0 |      0 |    0 |          0 |
|         mesh_4_15                   |                            Tile_494 |         96 |         96 |       0 |    0 |    16 |      0 |      0 |    0 |          0 |
|           tile_0_0                  |                          PE_256_758 |         96 |         96 |       0 |    0 |    16 |      0 |      0 |    0 |          0 |
|             (tile_0_0)              |                          PE_256_758 |          5 |          5 |       0 |    0 |    16 |      0 |      0 |    0 |          0 |
|             mac_unit                |                         MacUnit_759 |         91 |         91 |       0 |    0 |     0 |      0 |      0 |    0 |          0 |
|         mesh_4_2                    |                            Tile_495 |         96 |         96 |       0 |    0 |    16 |      0 |      0 |    0 |          0 |
|           tile_0_0                  |                          PE_256_756 |         96 |         96 |       0 |    0 |    16 |      0 |      0 |    0 |          0 |
|             (tile_0_0)              |                          PE_256_756 |          5 |          5 |       0 |    0 |    16 |      0 |      0 |    0 |          0 |
|             mac_unit                |                         MacUnit_757 |         91 |         91 |       0 |    0 |     0 |      0 |      0 |    0 |          0 |
|         mesh_4_3                    |                            Tile_496 |         96 |         96 |       0 |    0 |    16 |      0 |      0 |    0 |          0 |
|           tile_0_0                  |                          PE_256_754 |         96 |         96 |       0 |    0 |    16 |      0 |      0 |    0 |          0 |
|             (tile_0_0)              |                          PE_256_754 |          5 |          5 |       0 |    0 |    16 |      0 |      0 |    0 |          0 |
|             mac_unit                |                         MacUnit_755 |         91 |         91 |       0 |    0 |     0 |      0 |      0 |    0 |          0 |
|         mesh_4_4                    |                            Tile_497 |         96 |         96 |       0 |    0 |    16 |      0 |      0 |    0 |          0 |
|           tile_0_0                  |                          PE_256_752 |         96 |         96 |       0 |    0 |    16 |      0 |      0 |    0 |          0 |
|             (tile_0_0)              |                          PE_256_752 |          5 |          5 |       0 |    0 |    16 |      0 |      0 |    0 |          0 |
|             mac_unit                |                         MacUnit_753 |         91 |         91 |       0 |    0 |     0 |      0 |      0 |    0 |          0 |
|         mesh_4_5                    |                            Tile_498 |         96 |         96 |       0 |    0 |    16 |      0 |      0 |    0 |          0 |
|           tile_0_0                  |                          PE_256_750 |         96 |         96 |       0 |    0 |    16 |      0 |      0 |    0 |          0 |
|             (tile_0_0)              |                          PE_256_750 |          5 |          5 |       0 |    0 |    16 |      0 |      0 |    0 |          0 |
|             mac_unit                |                         MacUnit_751 |         91 |         91 |       0 |    0 |     0 |      0 |      0 |    0 |          0 |
|         mesh_4_6                    |                            Tile_499 |         96 |         96 |       0 |    0 |    16 |      0 |      0 |    0 |          0 |
|           tile_0_0                  |                          PE_256_748 |         96 |         96 |       0 |    0 |    16 |      0 |      0 |    0 |          0 |
|             (tile_0_0)              |                          PE_256_748 |          5 |          5 |       0 |    0 |    16 |      0 |      0 |    0 |          0 |
|             mac_unit                |                         MacUnit_749 |         91 |         91 |       0 |    0 |     0 |      0 |      0 |    0 |          0 |
|         mesh_4_7                    |                            Tile_500 |         96 |         96 |       0 |    0 |    16 |      0 |      0 |    0 |          0 |
|           tile_0_0                  |                          PE_256_746 |         96 |         96 |       0 |    0 |    16 |      0 |      0 |    0 |          0 |
|             (tile_0_0)              |                          PE_256_746 |          5 |          5 |       0 |    0 |    16 |      0 |      0 |    0 |          0 |
|             mac_unit                |                         MacUnit_747 |         91 |         91 |       0 |    0 |     0 |      0 |      0 |    0 |          0 |
|         mesh_4_8                    |                            Tile_501 |         96 |         96 |       0 |    0 |    16 |      0 |      0 |    0 |          0 |
|           tile_0_0                  |                          PE_256_744 |         96 |         96 |       0 |    0 |    16 |      0 |      0 |    0 |          0 |
|             (tile_0_0)              |                          PE_256_744 |          5 |          5 |       0 |    0 |    16 |      0 |      0 |    0 |          0 |
|             mac_unit                |                         MacUnit_745 |         91 |         91 |       0 |    0 |     0 |      0 |      0 |    0 |          0 |
|         mesh_4_9                    |                            Tile_502 |         96 |         96 |       0 |    0 |    16 |      0 |      0 |    0 |          0 |
|           tile_0_0                  |                          PE_256_742 |         96 |         96 |       0 |    0 |    16 |      0 |      0 |    0 |          0 |
|             (tile_0_0)              |                          PE_256_742 |          5 |          5 |       0 |    0 |    16 |      0 |      0 |    0 |          0 |
|             mac_unit                |                         MacUnit_743 |         91 |         91 |       0 |    0 |     0 |      0 |      0 |    0 |          0 |
|         mesh_5_0                    |                            Tile_503 |         96 |         96 |       0 |    0 |    16 |      0 |      0 |    0 |          0 |
|           tile_0_0                  |                          PE_256_740 |         96 |         96 |       0 |    0 |    16 |      0 |      0 |    0 |          0 |
|             (tile_0_0)              |                          PE_256_740 |          5 |          5 |       0 |    0 |    16 |      0 |      0 |    0 |          0 |
|             mac_unit                |                         MacUnit_741 |         91 |         91 |       0 |    0 |     0 |      0 |      0 |    0 |          0 |
|         mesh_5_1                    |                            Tile_504 |         96 |         96 |       0 |    0 |    16 |      0 |      0 |    0 |          0 |
|           tile_0_0                  |                          PE_256_738 |         96 |         96 |       0 |    0 |    16 |      0 |      0 |    0 |          0 |
|             (tile_0_0)              |                          PE_256_738 |          5 |          5 |       0 |    0 |    16 |      0 |      0 |    0 |          0 |
|             mac_unit                |                         MacUnit_739 |         91 |         91 |       0 |    0 |     0 |      0 |      0 |    0 |          0 |
|         mesh_5_10                   |                            Tile_505 |         96 |         96 |       0 |    0 |    16 |      0 |      0 |    0 |          0 |
|           tile_0_0                  |                          PE_256_736 |         96 |         96 |       0 |    0 |    16 |      0 |      0 |    0 |          0 |
|             (tile_0_0)              |                          PE_256_736 |          5 |          5 |       0 |    0 |    16 |      0 |      0 |    0 |          0 |
|             mac_unit                |                         MacUnit_737 |         91 |         91 |       0 |    0 |     0 |      0 |      0 |    0 |          0 |
|         mesh_5_11                   |                            Tile_506 |         96 |         96 |       0 |    0 |    16 |      0 |      0 |    0 |          0 |
|           tile_0_0                  |                          PE_256_734 |         96 |         96 |       0 |    0 |    16 |      0 |      0 |    0 |          0 |
|             (tile_0_0)              |                          PE_256_734 |          5 |          5 |       0 |    0 |    16 |      0 |      0 |    0 |          0 |
|             mac_unit                |                         MacUnit_735 |         91 |         91 |       0 |    0 |     0 |      0 |      0 |    0 |          0 |
|         mesh_5_12                   |                            Tile_507 |         96 |         96 |       0 |    0 |    16 |      0 |      0 |    0 |          0 |
|           tile_0_0                  |                          PE_256_732 |         96 |         96 |       0 |    0 |    16 |      0 |      0 |    0 |          0 |
|             (tile_0_0)              |                          PE_256_732 |          5 |          5 |       0 |    0 |    16 |      0 |      0 |    0 |          0 |
|             mac_unit                |                         MacUnit_733 |         91 |         91 |       0 |    0 |     0 |      0 |      0 |    0 |          0 |
|         mesh_5_13                   |                            Tile_508 |         96 |         96 |       0 |    0 |    16 |      0 |      0 |    0 |          0 |
|           tile_0_0                  |                          PE_256_730 |         96 |         96 |       0 |    0 |    16 |      0 |      0 |    0 |          0 |
|             (tile_0_0)              |                          PE_256_730 |          5 |          5 |       0 |    0 |    16 |      0 |      0 |    0 |          0 |
|             mac_unit                |                         MacUnit_731 |         91 |         91 |       0 |    0 |     0 |      0 |      0 |    0 |          0 |
|         mesh_5_14                   |                            Tile_509 |         96 |         96 |       0 |    0 |    16 |      0 |      0 |    0 |          0 |
|           tile_0_0                  |                          PE_256_728 |         96 |         96 |       0 |    0 |    16 |      0 |      0 |    0 |          0 |
|             (tile_0_0)              |                          PE_256_728 |          5 |          5 |       0 |    0 |    16 |      0 |      0 |    0 |          0 |
|             mac_unit                |                         MacUnit_729 |         91 |         91 |       0 |    0 |     0 |      0 |      0 |    0 |          0 |
|         mesh_5_15                   |                            Tile_510 |         96 |         96 |       0 |    0 |    16 |      0 |      0 |    0 |          0 |
|           tile_0_0                  |                          PE_256_726 |         96 |         96 |       0 |    0 |    16 |      0 |      0 |    0 |          0 |
|             (tile_0_0)              |                          PE_256_726 |          5 |          5 |       0 |    0 |    16 |      0 |      0 |    0 |          0 |
|             mac_unit                |                         MacUnit_727 |         91 |         91 |       0 |    0 |     0 |      0 |      0 |    0 |          0 |
|         mesh_5_2                    |                            Tile_511 |         96 |         96 |       0 |    0 |    16 |      0 |      0 |    0 |          0 |
|           tile_0_0                  |                          PE_256_724 |         96 |         96 |       0 |    0 |    16 |      0 |      0 |    0 |          0 |
|             (tile_0_0)              |                          PE_256_724 |          5 |          5 |       0 |    0 |    16 |      0 |      0 |    0 |          0 |
|             mac_unit                |                         MacUnit_725 |         91 |         91 |       0 |    0 |     0 |      0 |      0 |    0 |          0 |
|         mesh_5_3                    |                            Tile_512 |         96 |         96 |       0 |    0 |    16 |      0 |      0 |    0 |          0 |
|           tile_0_0                  |                          PE_256_722 |         96 |         96 |       0 |    0 |    16 |      0 |      0 |    0 |          0 |
|             (tile_0_0)              |                          PE_256_722 |          5 |          5 |       0 |    0 |    16 |      0 |      0 |    0 |          0 |
|             mac_unit                |                         MacUnit_723 |         91 |         91 |       0 |    0 |     0 |      0 |      0 |    0 |          0 |
|         mesh_5_4                    |                            Tile_513 |         96 |         96 |       0 |    0 |    16 |      0 |      0 |    0 |          0 |
|           tile_0_0                  |                          PE_256_720 |         96 |         96 |       0 |    0 |    16 |      0 |      0 |    0 |          0 |
|             (tile_0_0)              |                          PE_256_720 |          5 |          5 |       0 |    0 |    16 |      0 |      0 |    0 |          0 |
|             mac_unit                |                         MacUnit_721 |         91 |         91 |       0 |    0 |     0 |      0 |      0 |    0 |          0 |
|         mesh_5_5                    |                            Tile_514 |         96 |         96 |       0 |    0 |    16 |      0 |      0 |    0 |          0 |
|           tile_0_0                  |                          PE_256_718 |         96 |         96 |       0 |    0 |    16 |      0 |      0 |    0 |          0 |
|             (tile_0_0)              |                          PE_256_718 |          5 |          5 |       0 |    0 |    16 |      0 |      0 |    0 |          0 |
|             mac_unit                |                         MacUnit_719 |         91 |         91 |       0 |    0 |     0 |      0 |      0 |    0 |          0 |
|         mesh_5_6                    |                            Tile_515 |         96 |         96 |       0 |    0 |    16 |      0 |      0 |    0 |          0 |
|           tile_0_0                  |                          PE_256_716 |         96 |         96 |       0 |    0 |    16 |      0 |      0 |    0 |          0 |
|             (tile_0_0)              |                          PE_256_716 |          5 |          5 |       0 |    0 |    16 |      0 |      0 |    0 |          0 |
|             mac_unit                |                         MacUnit_717 |         91 |         91 |       0 |    0 |     0 |      0 |      0 |    0 |          0 |
|         mesh_5_7                    |                            Tile_516 |         96 |         96 |       0 |    0 |    16 |      0 |      0 |    0 |          0 |
|           tile_0_0                  |                          PE_256_714 |         96 |         96 |       0 |    0 |    16 |      0 |      0 |    0 |          0 |
|             (tile_0_0)              |                          PE_256_714 |          5 |          5 |       0 |    0 |    16 |      0 |      0 |    0 |          0 |
|             mac_unit                |                         MacUnit_715 |         91 |         91 |       0 |    0 |     0 |      0 |      0 |    0 |          0 |
|         mesh_5_8                    |                            Tile_517 |         96 |         96 |       0 |    0 |    16 |      0 |      0 |    0 |          0 |
|           tile_0_0                  |                          PE_256_712 |         96 |         96 |       0 |    0 |    16 |      0 |      0 |    0 |          0 |
|             (tile_0_0)              |                          PE_256_712 |          5 |          5 |       0 |    0 |    16 |      0 |      0 |    0 |          0 |
|             mac_unit                |                         MacUnit_713 |         91 |         91 |       0 |    0 |     0 |      0 |      0 |    0 |          0 |
|         mesh_5_9                    |                            Tile_518 |         96 |         96 |       0 |    0 |    16 |      0 |      0 |    0 |          0 |
|           tile_0_0                  |                          PE_256_710 |         96 |         96 |       0 |    0 |    16 |      0 |      0 |    0 |          0 |
|             (tile_0_0)              |                          PE_256_710 |          5 |          5 |       0 |    0 |    16 |      0 |      0 |    0 |          0 |
|             mac_unit                |                         MacUnit_711 |         91 |         91 |       0 |    0 |     0 |      0 |      0 |    0 |          0 |
|         mesh_6_0                    |                            Tile_519 |         96 |         96 |       0 |    0 |    16 |      0 |      0 |    0 |          0 |
|           tile_0_0                  |                          PE_256_708 |         96 |         96 |       0 |    0 |    16 |      0 |      0 |    0 |          0 |
|             (tile_0_0)              |                          PE_256_708 |          5 |          5 |       0 |    0 |    16 |      0 |      0 |    0 |          0 |
|             mac_unit                |                         MacUnit_709 |         91 |         91 |       0 |    0 |     0 |      0 |      0 |    0 |          0 |
|         mesh_6_1                    |                            Tile_520 |         96 |         96 |       0 |    0 |    16 |      0 |      0 |    0 |          0 |
|           tile_0_0                  |                          PE_256_706 |         96 |         96 |       0 |    0 |    16 |      0 |      0 |    0 |          0 |
|             (tile_0_0)              |                          PE_256_706 |          5 |          5 |       0 |    0 |    16 |      0 |      0 |    0 |          0 |
|             mac_unit                |                         MacUnit_707 |         91 |         91 |       0 |    0 |     0 |      0 |      0 |    0 |          0 |
|         mesh_6_10                   |                            Tile_521 |         96 |         96 |       0 |    0 |    16 |      0 |      0 |    0 |          0 |
|           tile_0_0                  |                          PE_256_704 |         96 |         96 |       0 |    0 |    16 |      0 |      0 |    0 |          0 |
|             (tile_0_0)              |                          PE_256_704 |          5 |          5 |       0 |    0 |    16 |      0 |      0 |    0 |          0 |
|             mac_unit                |                         MacUnit_705 |         91 |         91 |       0 |    0 |     0 |      0 |      0 |    0 |          0 |
|         mesh_6_11                   |                            Tile_522 |         96 |         96 |       0 |    0 |    16 |      0 |      0 |    0 |          0 |
|           tile_0_0                  |                          PE_256_702 |         96 |         96 |       0 |    0 |    16 |      0 |      0 |    0 |          0 |
|             (tile_0_0)              |                          PE_256_702 |          5 |          5 |       0 |    0 |    16 |      0 |      0 |    0 |          0 |
|             mac_unit                |                         MacUnit_703 |         91 |         91 |       0 |    0 |     0 |      0 |      0 |    0 |          0 |
|         mesh_6_12                   |                            Tile_523 |         96 |         96 |       0 |    0 |    16 |      0 |      0 |    0 |          0 |
|           tile_0_0                  |                          PE_256_700 |         96 |         96 |       0 |    0 |    16 |      0 |      0 |    0 |          0 |
|             (tile_0_0)              |                          PE_256_700 |          5 |          5 |       0 |    0 |    16 |      0 |      0 |    0 |          0 |
|             mac_unit                |                         MacUnit_701 |         91 |         91 |       0 |    0 |     0 |      0 |      0 |    0 |          0 |
|         mesh_6_13                   |                            Tile_524 |         96 |         96 |       0 |    0 |    16 |      0 |      0 |    0 |          0 |
|           tile_0_0                  |                          PE_256_698 |         96 |         96 |       0 |    0 |    16 |      0 |      0 |    0 |          0 |
|             (tile_0_0)              |                          PE_256_698 |          5 |          5 |       0 |    0 |    16 |      0 |      0 |    0 |          0 |
|             mac_unit                |                         MacUnit_699 |         91 |         91 |       0 |    0 |     0 |      0 |      0 |    0 |          0 |
|         mesh_6_14                   |                            Tile_525 |         96 |         96 |       0 |    0 |    16 |      0 |      0 |    0 |          0 |
|           tile_0_0                  |                          PE_256_696 |         96 |         96 |       0 |    0 |    16 |      0 |      0 |    0 |          0 |
|             (tile_0_0)              |                          PE_256_696 |          5 |          5 |       0 |    0 |    16 |      0 |      0 |    0 |          0 |
|             mac_unit                |                         MacUnit_697 |         91 |         91 |       0 |    0 |     0 |      0 |      0 |    0 |          0 |
|         mesh_6_15                   |                            Tile_526 |         96 |         96 |       0 |    0 |    16 |      0 |      0 |    0 |          0 |
|           tile_0_0                  |                          PE_256_694 |         96 |         96 |       0 |    0 |    16 |      0 |      0 |    0 |          0 |
|             (tile_0_0)              |                          PE_256_694 |          5 |          5 |       0 |    0 |    16 |      0 |      0 |    0 |          0 |
|             mac_unit                |                         MacUnit_695 |         91 |         91 |       0 |    0 |     0 |      0 |      0 |    0 |          0 |
|         mesh_6_2                    |                            Tile_527 |         96 |         96 |       0 |    0 |    16 |      0 |      0 |    0 |          0 |
|           tile_0_0                  |                          PE_256_692 |         96 |         96 |       0 |    0 |    16 |      0 |      0 |    0 |          0 |
|             (tile_0_0)              |                          PE_256_692 |          5 |          5 |       0 |    0 |    16 |      0 |      0 |    0 |          0 |
|             mac_unit                |                         MacUnit_693 |         91 |         91 |       0 |    0 |     0 |      0 |      0 |    0 |          0 |
|         mesh_6_3                    |                            Tile_528 |         96 |         96 |       0 |    0 |    16 |      0 |      0 |    0 |          0 |
|           tile_0_0                  |                          PE_256_690 |         96 |         96 |       0 |    0 |    16 |      0 |      0 |    0 |          0 |
|             (tile_0_0)              |                          PE_256_690 |          5 |          5 |       0 |    0 |    16 |      0 |      0 |    0 |          0 |
|             mac_unit                |                         MacUnit_691 |         91 |         91 |       0 |    0 |     0 |      0 |      0 |    0 |          0 |
|         mesh_6_4                    |                            Tile_529 |         96 |         96 |       0 |    0 |    16 |      0 |      0 |    0 |          0 |
|           tile_0_0                  |                          PE_256_688 |         96 |         96 |       0 |    0 |    16 |      0 |      0 |    0 |          0 |
|             (tile_0_0)              |                          PE_256_688 |          5 |          5 |       0 |    0 |    16 |      0 |      0 |    0 |          0 |
|             mac_unit                |                         MacUnit_689 |         91 |         91 |       0 |    0 |     0 |      0 |      0 |    0 |          0 |
|         mesh_6_5                    |                            Tile_530 |         96 |         96 |       0 |    0 |    16 |      0 |      0 |    0 |          0 |
|           tile_0_0                  |                          PE_256_686 |         96 |         96 |       0 |    0 |    16 |      0 |      0 |    0 |          0 |
|             (tile_0_0)              |                          PE_256_686 |          5 |          5 |       0 |    0 |    16 |      0 |      0 |    0 |          0 |
|             mac_unit                |                         MacUnit_687 |         91 |         91 |       0 |    0 |     0 |      0 |      0 |    0 |          0 |
|         mesh_6_6                    |                            Tile_531 |         96 |         96 |       0 |    0 |    16 |      0 |      0 |    0 |          0 |
|           tile_0_0                  |                          PE_256_684 |         96 |         96 |       0 |    0 |    16 |      0 |      0 |    0 |          0 |
|             (tile_0_0)              |                          PE_256_684 |          5 |          5 |       0 |    0 |    16 |      0 |      0 |    0 |          0 |
|             mac_unit                |                         MacUnit_685 |         91 |         91 |       0 |    0 |     0 |      0 |      0 |    0 |          0 |
|         mesh_6_7                    |                            Tile_532 |         96 |         96 |       0 |    0 |    16 |      0 |      0 |    0 |          0 |
|           tile_0_0                  |                          PE_256_682 |         96 |         96 |       0 |    0 |    16 |      0 |      0 |    0 |          0 |
|             (tile_0_0)              |                          PE_256_682 |          5 |          5 |       0 |    0 |    16 |      0 |      0 |    0 |          0 |
|             mac_unit                |                         MacUnit_683 |         91 |         91 |       0 |    0 |     0 |      0 |      0 |    0 |          0 |
|         mesh_6_8                    |                            Tile_533 |         96 |         96 |       0 |    0 |    16 |      0 |      0 |    0 |          0 |
|           tile_0_0                  |                          PE_256_680 |         96 |         96 |       0 |    0 |    16 |      0 |      0 |    0 |          0 |
|             (tile_0_0)              |                          PE_256_680 |          5 |          5 |       0 |    0 |    16 |      0 |      0 |    0 |          0 |
|             mac_unit                |                         MacUnit_681 |         91 |         91 |       0 |    0 |     0 |      0 |      0 |    0 |          0 |
|         mesh_6_9                    |                            Tile_534 |         96 |         96 |       0 |    0 |    16 |      0 |      0 |    0 |          0 |
|           tile_0_0                  |                          PE_256_678 |         96 |         96 |       0 |    0 |    16 |      0 |      0 |    0 |          0 |
|             (tile_0_0)              |                          PE_256_678 |          5 |          5 |       0 |    0 |    16 |      0 |      0 |    0 |          0 |
|             mac_unit                |                         MacUnit_679 |         91 |         91 |       0 |    0 |     0 |      0 |      0 |    0 |          0 |
|         mesh_7_0                    |                            Tile_535 |         96 |         96 |       0 |    0 |    16 |      0 |      0 |    0 |          0 |
|           tile_0_0                  |                          PE_256_676 |         96 |         96 |       0 |    0 |    16 |      0 |      0 |    0 |          0 |
|             (tile_0_0)              |                          PE_256_676 |          5 |          5 |       0 |    0 |    16 |      0 |      0 |    0 |          0 |
|             mac_unit                |                         MacUnit_677 |         91 |         91 |       0 |    0 |     0 |      0 |      0 |    0 |          0 |
|         mesh_7_1                    |                            Tile_536 |         96 |         96 |       0 |    0 |    16 |      0 |      0 |    0 |          0 |
|           tile_0_0                  |                          PE_256_674 |         96 |         96 |       0 |    0 |    16 |      0 |      0 |    0 |          0 |
|             (tile_0_0)              |                          PE_256_674 |          5 |          5 |       0 |    0 |    16 |      0 |      0 |    0 |          0 |
|             mac_unit                |                         MacUnit_675 |         91 |         91 |       0 |    0 |     0 |      0 |      0 |    0 |          0 |
|         mesh_7_10                   |                            Tile_537 |         96 |         96 |       0 |    0 |    16 |      0 |      0 |    0 |          0 |
|           tile_0_0                  |                          PE_256_672 |         96 |         96 |       0 |    0 |    16 |      0 |      0 |    0 |          0 |
|             (tile_0_0)              |                          PE_256_672 |          5 |          5 |       0 |    0 |    16 |      0 |      0 |    0 |          0 |
|             mac_unit                |                         MacUnit_673 |         91 |         91 |       0 |    0 |     0 |      0 |      0 |    0 |          0 |
|         mesh_7_11                   |                            Tile_538 |         96 |         96 |       0 |    0 |    16 |      0 |      0 |    0 |          0 |
|           tile_0_0                  |                          PE_256_670 |         96 |         96 |       0 |    0 |    16 |      0 |      0 |    0 |          0 |
|             (tile_0_0)              |                          PE_256_670 |          5 |          5 |       0 |    0 |    16 |      0 |      0 |    0 |          0 |
|             mac_unit                |                         MacUnit_671 |         91 |         91 |       0 |    0 |     0 |      0 |      0 |    0 |          0 |
|         mesh_7_12                   |                            Tile_539 |         96 |         96 |       0 |    0 |    16 |      0 |      0 |    0 |          0 |
|           tile_0_0                  |                          PE_256_668 |         96 |         96 |       0 |    0 |    16 |      0 |      0 |    0 |          0 |
|             (tile_0_0)              |                          PE_256_668 |          5 |          5 |       0 |    0 |    16 |      0 |      0 |    0 |          0 |
|             mac_unit                |                         MacUnit_669 |         91 |         91 |       0 |    0 |     0 |      0 |      0 |    0 |          0 |
|         mesh_7_13                   |                            Tile_540 |         96 |         96 |       0 |    0 |    16 |      0 |      0 |    0 |          0 |
|           tile_0_0                  |                          PE_256_666 |         96 |         96 |       0 |    0 |    16 |      0 |      0 |    0 |          0 |
|             (tile_0_0)              |                          PE_256_666 |          5 |          5 |       0 |    0 |    16 |      0 |      0 |    0 |          0 |
|             mac_unit                |                         MacUnit_667 |         91 |         91 |       0 |    0 |     0 |      0 |      0 |    0 |          0 |
|         mesh_7_14                   |                            Tile_541 |         96 |         96 |       0 |    0 |    16 |      0 |      0 |    0 |          0 |
|           tile_0_0                  |                          PE_256_664 |         96 |         96 |       0 |    0 |    16 |      0 |      0 |    0 |          0 |
|             (tile_0_0)              |                          PE_256_664 |          5 |          5 |       0 |    0 |    16 |      0 |      0 |    0 |          0 |
|             mac_unit                |                         MacUnit_665 |         91 |         91 |       0 |    0 |     0 |      0 |      0 |    0 |          0 |
|         mesh_7_15                   |                            Tile_542 |         96 |         96 |       0 |    0 |    16 |      0 |      0 |    0 |          0 |
|           tile_0_0                  |                          PE_256_662 |         96 |         96 |       0 |    0 |    16 |      0 |      0 |    0 |          0 |
|             (tile_0_0)              |                          PE_256_662 |          5 |          5 |       0 |    0 |    16 |      0 |      0 |    0 |          0 |
|             mac_unit                |                         MacUnit_663 |         91 |         91 |       0 |    0 |     0 |      0 |      0 |    0 |          0 |
|         mesh_7_2                    |                            Tile_543 |         96 |         96 |       0 |    0 |    16 |      0 |      0 |    0 |          0 |
|           tile_0_0                  |                          PE_256_660 |         96 |         96 |       0 |    0 |    16 |      0 |      0 |    0 |          0 |
|             (tile_0_0)              |                          PE_256_660 |          5 |          5 |       0 |    0 |    16 |      0 |      0 |    0 |          0 |
|             mac_unit                |                         MacUnit_661 |         91 |         91 |       0 |    0 |     0 |      0 |      0 |    0 |          0 |
|         mesh_7_3                    |                            Tile_544 |         96 |         96 |       0 |    0 |    16 |      0 |      0 |    0 |          0 |
|           tile_0_0                  |                          PE_256_658 |         96 |         96 |       0 |    0 |    16 |      0 |      0 |    0 |          0 |
|             (tile_0_0)              |                          PE_256_658 |          5 |          5 |       0 |    0 |    16 |      0 |      0 |    0 |          0 |
|             mac_unit                |                         MacUnit_659 |         91 |         91 |       0 |    0 |     0 |      0 |      0 |    0 |          0 |
|         mesh_7_4                    |                            Tile_545 |         96 |         96 |       0 |    0 |    16 |      0 |      0 |    0 |          0 |
|           tile_0_0                  |                          PE_256_656 |         96 |         96 |       0 |    0 |    16 |      0 |      0 |    0 |          0 |
|             (tile_0_0)              |                          PE_256_656 |          5 |          5 |       0 |    0 |    16 |      0 |      0 |    0 |          0 |
|             mac_unit                |                         MacUnit_657 |         91 |         91 |       0 |    0 |     0 |      0 |      0 |    0 |          0 |
|         mesh_7_5                    |                            Tile_546 |         96 |         96 |       0 |    0 |    16 |      0 |      0 |    0 |          0 |
|           tile_0_0                  |                          PE_256_654 |         96 |         96 |       0 |    0 |    16 |      0 |      0 |    0 |          0 |
|             (tile_0_0)              |                          PE_256_654 |          5 |          5 |       0 |    0 |    16 |      0 |      0 |    0 |          0 |
|             mac_unit                |                         MacUnit_655 |         91 |         91 |       0 |    0 |     0 |      0 |      0 |    0 |          0 |
|         mesh_7_6                    |                            Tile_547 |         96 |         96 |       0 |    0 |    16 |      0 |      0 |    0 |          0 |
|           tile_0_0                  |                          PE_256_652 |         96 |         96 |       0 |    0 |    16 |      0 |      0 |    0 |          0 |
|             (tile_0_0)              |                          PE_256_652 |          5 |          5 |       0 |    0 |    16 |      0 |      0 |    0 |          0 |
|             mac_unit                |                         MacUnit_653 |         91 |         91 |       0 |    0 |     0 |      0 |      0 |    0 |          0 |
|         mesh_7_7                    |                            Tile_548 |         96 |         96 |       0 |    0 |    16 |      0 |      0 |    0 |          0 |
|           tile_0_0                  |                          PE_256_650 |         96 |         96 |       0 |    0 |    16 |      0 |      0 |    0 |          0 |
|             (tile_0_0)              |                          PE_256_650 |          5 |          5 |       0 |    0 |    16 |      0 |      0 |    0 |          0 |
|             mac_unit                |                         MacUnit_651 |         91 |         91 |       0 |    0 |     0 |      0 |      0 |    0 |          0 |
|         mesh_7_8                    |                            Tile_549 |         96 |         96 |       0 |    0 |    16 |      0 |      0 |    0 |          0 |
|           tile_0_0                  |                          PE_256_648 |         96 |         96 |       0 |    0 |    16 |      0 |      0 |    0 |          0 |
|             (tile_0_0)              |                          PE_256_648 |          5 |          5 |       0 |    0 |    16 |      0 |      0 |    0 |          0 |
|             mac_unit                |                         MacUnit_649 |         91 |         91 |       0 |    0 |     0 |      0 |      0 |    0 |          0 |
|         mesh_7_9                    |                            Tile_550 |         96 |         96 |       0 |    0 |    16 |      0 |      0 |    0 |          0 |
|           tile_0_0                  |                          PE_256_646 |         96 |         96 |       0 |    0 |    16 |      0 |      0 |    0 |          0 |
|             (tile_0_0)              |                          PE_256_646 |          5 |          5 |       0 |    0 |    16 |      0 |      0 |    0 |          0 |
|             mac_unit                |                         MacUnit_647 |         91 |         91 |       0 |    0 |     0 |      0 |      0 |    0 |          0 |
|         mesh_8_0                    |                            Tile_551 |         96 |         96 |       0 |    0 |    16 |      0 |      0 |    0 |          0 |
|           tile_0_0                  |                          PE_256_644 |         96 |         96 |       0 |    0 |    16 |      0 |      0 |    0 |          0 |
|             (tile_0_0)              |                          PE_256_644 |          5 |          5 |       0 |    0 |    16 |      0 |      0 |    0 |          0 |
|             mac_unit                |                         MacUnit_645 |         91 |         91 |       0 |    0 |     0 |      0 |      0 |    0 |          0 |
|         mesh_8_1                    |                            Tile_552 |         95 |         95 |       0 |    0 |    16 |      0 |      0 |    0 |          0 |
|           tile_0_0                  |                          PE_256_642 |         95 |         95 |       0 |    0 |    16 |      0 |      0 |    0 |          0 |
|             (tile_0_0)              |                          PE_256_642 |          6 |          6 |       0 |    0 |    16 |      0 |      0 |    0 |          0 |
|             mac_unit                |                         MacUnit_643 |         91 |         91 |       0 |    0 |     0 |      0 |      0 |    0 |          0 |
|         mesh_8_10                   |                            Tile_553 |         96 |         96 |       0 |    0 |    16 |      0 |      0 |    0 |          0 |
|           tile_0_0                  |                          PE_256_640 |         96 |         96 |       0 |    0 |    16 |      0 |      0 |    0 |          0 |
|             (tile_0_0)              |                          PE_256_640 |          5 |          5 |       0 |    0 |    16 |      0 |      0 |    0 |          0 |
|             mac_unit                |                         MacUnit_641 |         91 |         91 |       0 |    0 |     0 |      0 |      0 |    0 |          0 |
|         mesh_8_11                   |                            Tile_554 |         96 |         96 |       0 |    0 |    16 |      0 |      0 |    0 |          0 |
|           tile_0_0                  |                          PE_256_638 |         96 |         96 |       0 |    0 |    16 |      0 |      0 |    0 |          0 |
|             (tile_0_0)              |                          PE_256_638 |          5 |          5 |       0 |    0 |    16 |      0 |      0 |    0 |          0 |
|             mac_unit                |                         MacUnit_639 |         91 |         91 |       0 |    0 |     0 |      0 |      0 |    0 |          0 |
|         mesh_8_12                   |                            Tile_555 |         96 |         96 |       0 |    0 |    16 |      0 |      0 |    0 |          0 |
|           tile_0_0                  |                          PE_256_636 |         96 |         96 |       0 |    0 |    16 |      0 |      0 |    0 |          0 |
|             (tile_0_0)              |                          PE_256_636 |          5 |          5 |       0 |    0 |    16 |      0 |      0 |    0 |          0 |
|             mac_unit                |                         MacUnit_637 |         91 |         91 |       0 |    0 |     0 |      0 |      0 |    0 |          0 |
|         mesh_8_13                   |                            Tile_556 |         96 |         96 |       0 |    0 |    16 |      0 |      0 |    0 |          0 |
|           tile_0_0                  |                          PE_256_634 |         96 |         96 |       0 |    0 |    16 |      0 |      0 |    0 |          0 |
|             (tile_0_0)              |                          PE_256_634 |          5 |          5 |       0 |    0 |    16 |      0 |      0 |    0 |          0 |
|             mac_unit                |                         MacUnit_635 |         91 |         91 |       0 |    0 |     0 |      0 |      0 |    0 |          0 |
|         mesh_8_14                   |                            Tile_557 |         96 |         96 |       0 |    0 |    16 |      0 |      0 |    0 |          0 |
|           tile_0_0                  |                          PE_256_632 |         96 |         96 |       0 |    0 |    16 |      0 |      0 |    0 |          0 |
|             (tile_0_0)              |                          PE_256_632 |          5 |          5 |       0 |    0 |    16 |      0 |      0 |    0 |          0 |
|             mac_unit                |                         MacUnit_633 |         91 |         91 |       0 |    0 |     0 |      0 |      0 |    0 |          0 |
|         mesh_8_15                   |                            Tile_558 |         96 |         96 |       0 |    0 |    16 |      0 |      0 |    0 |          0 |
|           tile_0_0                  |                          PE_256_630 |         96 |         96 |       0 |    0 |    16 |      0 |      0 |    0 |          0 |
|             (tile_0_0)              |                          PE_256_630 |          5 |          5 |       0 |    0 |    16 |      0 |      0 |    0 |          0 |
|             mac_unit                |                         MacUnit_631 |         91 |         91 |       0 |    0 |     0 |      0 |      0 |    0 |          0 |
|         mesh_8_2                    |                            Tile_559 |         96 |         96 |       0 |    0 |    16 |      0 |      0 |    0 |          0 |
|           tile_0_0                  |                          PE_256_628 |         96 |         96 |       0 |    0 |    16 |      0 |      0 |    0 |          0 |
|             (tile_0_0)              |                          PE_256_628 |          5 |          5 |       0 |    0 |    16 |      0 |      0 |    0 |          0 |
|             mac_unit                |                         MacUnit_629 |         91 |         91 |       0 |    0 |     0 |      0 |      0 |    0 |          0 |
|         mesh_8_3                    |                            Tile_560 |         96 |         96 |       0 |    0 |    16 |      0 |      0 |    0 |          0 |
|           tile_0_0                  |                          PE_256_626 |         96 |         96 |       0 |    0 |    16 |      0 |      0 |    0 |          0 |
|             (tile_0_0)              |                          PE_256_626 |          5 |          5 |       0 |    0 |    16 |      0 |      0 |    0 |          0 |
|             mac_unit                |                         MacUnit_627 |         91 |         91 |       0 |    0 |     0 |      0 |      0 |    0 |          0 |
|         mesh_8_4                    |                            Tile_561 |         96 |         96 |       0 |    0 |    16 |      0 |      0 |    0 |          0 |
|           tile_0_0                  |                          PE_256_624 |         96 |         96 |       0 |    0 |    16 |      0 |      0 |    0 |          0 |
|             (tile_0_0)              |                          PE_256_624 |          5 |          5 |       0 |    0 |    16 |      0 |      0 |    0 |          0 |
|             mac_unit                |                         MacUnit_625 |         91 |         91 |       0 |    0 |     0 |      0 |      0 |    0 |          0 |
|         mesh_8_5                    |                            Tile_562 |         96 |         96 |       0 |    0 |    16 |      0 |      0 |    0 |          0 |
|           tile_0_0                  |                          PE_256_622 |         96 |         96 |       0 |    0 |    16 |      0 |      0 |    0 |          0 |
|             (tile_0_0)              |                          PE_256_622 |          5 |          5 |       0 |    0 |    16 |      0 |      0 |    0 |          0 |
|             mac_unit                |                         MacUnit_623 |         91 |         91 |       0 |    0 |     0 |      0 |      0 |    0 |          0 |
|         mesh_8_6                    |                            Tile_563 |         96 |         96 |       0 |    0 |    16 |      0 |      0 |    0 |          0 |
|           tile_0_0                  |                          PE_256_620 |         96 |         96 |       0 |    0 |    16 |      0 |      0 |    0 |          0 |
|             (tile_0_0)              |                          PE_256_620 |          5 |          5 |       0 |    0 |    16 |      0 |      0 |    0 |          0 |
|             mac_unit                |                         MacUnit_621 |         91 |         91 |       0 |    0 |     0 |      0 |      0 |    0 |          0 |
|         mesh_8_7                    |                            Tile_564 |         96 |         96 |       0 |    0 |    16 |      0 |      0 |    0 |          0 |
|           tile_0_0                  |                          PE_256_618 |         96 |         96 |       0 |    0 |    16 |      0 |      0 |    0 |          0 |
|             (tile_0_0)              |                          PE_256_618 |          5 |          5 |       0 |    0 |    16 |      0 |      0 |    0 |          0 |
|             mac_unit                |                         MacUnit_619 |         91 |         91 |       0 |    0 |     0 |      0 |      0 |    0 |          0 |
|         mesh_8_8                    |                            Tile_565 |         96 |         96 |       0 |    0 |    16 |      0 |      0 |    0 |          0 |
|           tile_0_0                  |                          PE_256_616 |         96 |         96 |       0 |    0 |    16 |      0 |      0 |    0 |          0 |
|             (tile_0_0)              |                          PE_256_616 |          5 |          5 |       0 |    0 |    16 |      0 |      0 |    0 |          0 |
|             mac_unit                |                         MacUnit_617 |         91 |         91 |       0 |    0 |     0 |      0 |      0 |    0 |          0 |
|         mesh_8_9                    |                            Tile_566 |         96 |         96 |       0 |    0 |    16 |      0 |      0 |    0 |          0 |
|           tile_0_0                  |                          PE_256_614 |         96 |         96 |       0 |    0 |    16 |      0 |      0 |    0 |          0 |
|             (tile_0_0)              |                          PE_256_614 |          5 |          5 |       0 |    0 |    16 |      0 |      0 |    0 |          0 |
|             mac_unit                |                         MacUnit_615 |         91 |         91 |       0 |    0 |     0 |      0 |      0 |    0 |          0 |
|         mesh_9_0                    |                            Tile_567 |         96 |         96 |       0 |    0 |    16 |      0 |      0 |    0 |          0 |
|           tile_0_0                  |                          PE_256_612 |         96 |         96 |       0 |    0 |    16 |      0 |      0 |    0 |          0 |
|             (tile_0_0)              |                          PE_256_612 |          5 |          5 |       0 |    0 |    16 |      0 |      0 |    0 |          0 |
|             mac_unit                |                         MacUnit_613 |         91 |         91 |       0 |    0 |     0 |      0 |      0 |    0 |          0 |
|         mesh_9_1                    |                            Tile_568 |         96 |         96 |       0 |    0 |    16 |      0 |      0 |    0 |          0 |
|           tile_0_0                  |                          PE_256_610 |         96 |         96 |       0 |    0 |    16 |      0 |      0 |    0 |          0 |
|             (tile_0_0)              |                          PE_256_610 |          5 |          5 |       0 |    0 |    16 |      0 |      0 |    0 |          0 |
|             mac_unit                |                         MacUnit_611 |         91 |         91 |       0 |    0 |     0 |      0 |      0 |    0 |          0 |
|         mesh_9_10                   |                            Tile_569 |         96 |         96 |       0 |    0 |    16 |      0 |      0 |    0 |          0 |
|           tile_0_0                  |                          PE_256_608 |         96 |         96 |       0 |    0 |    16 |      0 |      0 |    0 |          0 |
|             (tile_0_0)              |                          PE_256_608 |          5 |          5 |       0 |    0 |    16 |      0 |      0 |    0 |          0 |
|             mac_unit                |                         MacUnit_609 |         91 |         91 |       0 |    0 |     0 |      0 |      0 |    0 |          0 |
|         mesh_9_11                   |                            Tile_570 |         96 |         96 |       0 |    0 |    16 |      0 |      0 |    0 |          0 |
|           tile_0_0                  |                          PE_256_606 |         96 |         96 |       0 |    0 |    16 |      0 |      0 |    0 |          0 |
|             (tile_0_0)              |                          PE_256_606 |          5 |          5 |       0 |    0 |    16 |      0 |      0 |    0 |          0 |
|             mac_unit                |                         MacUnit_607 |         91 |         91 |       0 |    0 |     0 |      0 |      0 |    0 |          0 |
|         mesh_9_12                   |                            Tile_571 |         96 |         96 |       0 |    0 |    16 |      0 |      0 |    0 |          0 |
|           tile_0_0                  |                          PE_256_604 |         96 |         96 |       0 |    0 |    16 |      0 |      0 |    0 |          0 |
|             (tile_0_0)              |                          PE_256_604 |          5 |          5 |       0 |    0 |    16 |      0 |      0 |    0 |          0 |
|             mac_unit                |                         MacUnit_605 |         91 |         91 |       0 |    0 |     0 |      0 |      0 |    0 |          0 |
|         mesh_9_13                   |                            Tile_572 |         96 |         96 |       0 |    0 |    16 |      0 |      0 |    0 |          0 |
|           tile_0_0                  |                          PE_256_602 |         96 |         96 |       0 |    0 |    16 |      0 |      0 |    0 |          0 |
|             (tile_0_0)              |                          PE_256_602 |          5 |          5 |       0 |    0 |    16 |      0 |      0 |    0 |          0 |
|             mac_unit                |                         MacUnit_603 |         91 |         91 |       0 |    0 |     0 |      0 |      0 |    0 |          0 |
|         mesh_9_14                   |                            Tile_573 |         96 |         96 |       0 |    0 |    16 |      0 |      0 |    0 |          0 |
|           tile_0_0                  |                          PE_256_600 |         96 |         96 |       0 |    0 |    16 |      0 |      0 |    0 |          0 |
|             (tile_0_0)              |                          PE_256_600 |          5 |          5 |       0 |    0 |    16 |      0 |      0 |    0 |          0 |
|             mac_unit                |                         MacUnit_601 |         91 |         91 |       0 |    0 |     0 |      0 |      0 |    0 |          0 |
|         mesh_9_15                   |                            Tile_574 |         96 |         96 |       0 |    0 |    16 |      0 |      0 |    0 |          0 |
|           tile_0_0                  |                          PE_256_598 |         96 |         96 |       0 |    0 |    16 |      0 |      0 |    0 |          0 |
|             (tile_0_0)              |                          PE_256_598 |          5 |          5 |       0 |    0 |    16 |      0 |      0 |    0 |          0 |
|             mac_unit                |                         MacUnit_599 |         91 |         91 |       0 |    0 |     0 |      0 |      0 |    0 |          0 |
|         mesh_9_2                    |                            Tile_575 |         96 |         96 |       0 |    0 |    16 |      0 |      0 |    0 |          0 |
|           tile_0_0                  |                          PE_256_596 |         96 |         96 |       0 |    0 |    16 |      0 |      0 |    0 |          0 |
|             (tile_0_0)              |                          PE_256_596 |          5 |          5 |       0 |    0 |    16 |      0 |      0 |    0 |          0 |
|             mac_unit                |                         MacUnit_597 |         91 |         91 |       0 |    0 |     0 |      0 |      0 |    0 |          0 |
|         mesh_9_3                    |                            Tile_576 |         96 |         96 |       0 |    0 |    16 |      0 |      0 |    0 |          0 |
|           tile_0_0                  |                          PE_256_594 |         96 |         96 |       0 |    0 |    16 |      0 |      0 |    0 |          0 |
|             (tile_0_0)              |                          PE_256_594 |          5 |          5 |       0 |    0 |    16 |      0 |      0 |    0 |          0 |
|             mac_unit                |                         MacUnit_595 |         91 |         91 |       0 |    0 |     0 |      0 |      0 |    0 |          0 |
|         mesh_9_4                    |                            Tile_577 |         96 |         96 |       0 |    0 |    16 |      0 |      0 |    0 |          0 |
|           tile_0_0                  |                          PE_256_592 |         96 |         96 |       0 |    0 |    16 |      0 |      0 |    0 |          0 |
|             (tile_0_0)              |                          PE_256_592 |          5 |          5 |       0 |    0 |    16 |      0 |      0 |    0 |          0 |
|             mac_unit                |                         MacUnit_593 |         91 |         91 |       0 |    0 |     0 |      0 |      0 |    0 |          0 |
|         mesh_9_5                    |                            Tile_578 |         96 |         96 |       0 |    0 |    16 |      0 |      0 |    0 |          0 |
|           tile_0_0                  |                          PE_256_590 |         96 |         96 |       0 |    0 |    16 |      0 |      0 |    0 |          0 |
|             (tile_0_0)              |                          PE_256_590 |          5 |          5 |       0 |    0 |    16 |      0 |      0 |    0 |          0 |
|             mac_unit                |                         MacUnit_591 |         91 |         91 |       0 |    0 |     0 |      0 |      0 |    0 |          0 |
|         mesh_9_6                    |                            Tile_579 |         96 |         96 |       0 |    0 |    16 |      0 |      0 |    0 |          0 |
|           tile_0_0                  |                          PE_256_588 |         96 |         96 |       0 |    0 |    16 |      0 |      0 |    0 |          0 |
|             (tile_0_0)              |                          PE_256_588 |          5 |          5 |       0 |    0 |    16 |      0 |      0 |    0 |          0 |
|             mac_unit                |                         MacUnit_589 |         91 |         91 |       0 |    0 |     0 |      0 |      0 |    0 |          0 |
|         mesh_9_7                    |                            Tile_580 |         96 |         96 |       0 |    0 |    16 |      0 |      0 |    0 |          0 |
|           tile_0_0                  |                          PE_256_586 |         96 |         96 |       0 |    0 |    16 |      0 |      0 |    0 |          0 |
|             (tile_0_0)              |                          PE_256_586 |          5 |          5 |       0 |    0 |    16 |      0 |      0 |    0 |          0 |
|             mac_unit                |                         MacUnit_587 |         91 |         91 |       0 |    0 |     0 |      0 |      0 |    0 |          0 |
|         mesh_9_8                    |                            Tile_581 |         96 |         96 |       0 |    0 |    16 |      0 |      0 |    0 |          0 |
|           tile_0_0                  |                          PE_256_584 |         96 |         96 |       0 |    0 |    16 |      0 |      0 |    0 |          0 |
|             (tile_0_0)              |                          PE_256_584 |          5 |          5 |       0 |    0 |    16 |      0 |      0 |    0 |          0 |
|             mac_unit                |                         MacUnit_585 |         91 |         91 |       0 |    0 |     0 |      0 |      0 |    0 |          0 |
|         mesh_9_9                    |                            Tile_582 |         96 |         96 |       0 |    0 |    16 |      0 |      0 |    0 |          0 |
|           tile_0_0                  |                          PE_256_583 |         96 |         96 |       0 |    0 |    16 |      0 |      0 |    0 |          0 |
|             (tile_0_0)              |                          PE_256_583 |          5 |          5 |       0 |    0 |    16 |      0 |      0 |    0 |          0 |
|             mac_unit                |                             MacUnit |         91 |         91 |       0 |    0 |     0 |      0 |      0 |    0 |          0 |
|       tagq                          |                            TagQueue |        299 |        299 |       0 |    0 |   237 |      0 |      0 |    0 |          0 |
|       total_rows_q                  |        Queue6_TagWithIdAndTotalRows |         37 |         29 |       8 |    0 |     7 |      0 |      0 |    0 |          0 |
|         (total_rows_q)              |        Queue6_TagWithIdAndTotalRows |         10 |         10 |       0 |    0 |     7 |      0 |      0 |    0 |          0 |
|         ram_ext                     |                             ram_6x8 |         27 |         19 |       8 |    0 |     0 |      0 |      0 |    0 |          0 |
|       transposer                    |                 AlwaysOutTransposer |       2580 |       2580 |       0 |    0 |  2076 |      0 |      0 |    0 |          0 |
|         (transposer)                |                 AlwaysOutTransposer |         27 |         27 |       0 |    0 |    28 |      0 |      0 |    0 |          0 |
|         pes_0_0                     |                                  PE |         33 |         33 |       0 |    0 |     8 |      0 |      0 |    0 |          0 |
|         pes_0_1                     |                               PE_73 |         32 |         32 |       0 |    0 |     8 |      0 |      0 |    0 |          0 |
|         pes_0_10                    |                               PE_74 |         32 |         32 |       0 |    0 |     8 |      0 |      0 |    0 |          0 |
|         pes_0_11                    |                               PE_75 |         32 |         32 |       0 |    0 |     8 |      0 |      0 |    0 |          0 |
|         pes_0_12                    |                               PE_76 |         32 |         32 |       0 |    0 |     8 |      0 |      0 |    0 |          0 |
|         pes_0_13                    |                               PE_77 |         32 |         32 |       0 |    0 |     8 |      0 |      0 |    0 |          0 |
|         pes_0_14                    |                               PE_78 |         32 |         32 |       0 |    0 |     8 |      0 |      0 |    0 |          0 |
|         pes_0_15                    |                               PE_79 |         32 |         32 |       0 |    0 |     8 |      0 |      0 |    0 |          0 |
|         pes_0_2                     |                               PE_80 |         32 |         32 |       0 |    0 |     8 |      0 |      0 |    0 |          0 |
|         pes_0_3                     |                               PE_81 |         32 |         32 |       0 |    0 |     8 |      0 |      0 |    0 |          0 |
|         pes_0_4                     |                               PE_82 |         32 |         32 |       0 |    0 |     8 |      0 |      0 |    0 |          0 |
|         pes_0_5                     |                               PE_83 |         32 |         32 |       0 |    0 |     8 |      0 |      0 |    0 |          0 |
|         pes_0_6                     |                               PE_84 |         32 |         32 |       0 |    0 |     8 |      0 |      0 |    0 |          0 |
|         pes_0_7                     |                               PE_85 |         32 |         32 |       0 |    0 |     8 |      0 |      0 |    0 |          0 |
|         pes_0_8                     |                               PE_86 |         32 |         32 |       0 |    0 |     8 |      0 |      0 |    0 |          0 |
|         pes_0_9                     |                               PE_87 |         32 |         32 |       0 |    0 |     8 |      0 |      0 |    0 |          0 |
|         pes_10_0                    |                               PE_88 |          8 |          8 |       0 |    0 |     8 |      0 |      0 |    0 |          0 |
|         pes_10_1                    |                               PE_89 |          8 |          8 |       0 |    0 |     8 |      0 |      0 |    0 |          0 |
|         pes_10_10                   |                               PE_90 |          8 |          8 |       0 |    0 |     8 |      0 |      0 |    0 |          0 |
|         pes_10_11                   |                               PE_91 |          8 |          8 |       0 |    0 |     8 |      0 |      0 |    0 |          0 |
|         pes_10_12                   |                               PE_92 |          8 |          8 |       0 |    0 |     8 |      0 |      0 |    0 |          0 |
|         pes_10_13                   |                               PE_93 |          8 |          8 |       0 |    0 |     8 |      0 |      0 |    0 |          0 |
|         pes_10_14                   |                               PE_94 |          8 |          8 |       0 |    0 |     8 |      0 |      0 |    0 |          0 |
|         pes_10_15                   |                               PE_95 |          8 |          8 |       0 |    0 |     8 |      0 |      0 |    0 |          0 |
|         pes_10_2                    |                               PE_96 |          8 |          8 |       0 |    0 |     8 |      0 |      0 |    0 |          0 |
|         pes_10_3                    |                               PE_97 |          8 |          8 |       0 |    0 |     8 |      0 |      0 |    0 |          0 |
|         pes_10_4                    |                               PE_98 |          8 |          8 |       0 |    0 |     8 |      0 |      0 |    0 |          0 |
|         pes_10_5                    |                               PE_99 |          8 |          8 |       0 |    0 |     8 |      0 |      0 |    0 |          0 |
|         pes_10_6                    |                              PE_100 |          8 |          8 |       0 |    0 |     8 |      0 |      0 |    0 |          0 |
|         pes_10_7                    |                              PE_101 |          8 |          8 |       0 |    0 |     8 |      0 |      0 |    0 |          0 |
|         pes_10_8                    |                              PE_102 |          8 |          8 |       0 |    0 |     8 |      0 |      0 |    0 |          0 |
|         pes_10_9                    |                              PE_103 |          8 |          8 |       0 |    0 |     8 |      0 |      0 |    0 |          0 |
|         pes_11_0                    |                              PE_104 |          8 |          8 |       0 |    0 |     8 |      0 |      0 |    0 |          0 |
|         pes_11_1                    |                              PE_105 |          8 |          8 |       0 |    0 |     8 |      0 |      0 |    0 |          0 |
|         pes_11_10                   |                              PE_106 |          8 |          8 |       0 |    0 |     8 |      0 |      0 |    0 |          0 |
|         pes_11_11                   |                              PE_107 |          8 |          8 |       0 |    0 |     8 |      0 |      0 |    0 |          0 |
|         pes_11_12                   |                              PE_108 |          8 |          8 |       0 |    0 |     8 |      0 |      0 |    0 |          0 |
|         pes_11_13                   |                              PE_109 |          8 |          8 |       0 |    0 |     8 |      0 |      0 |    0 |          0 |
|         pes_11_14                   |                              PE_110 |          8 |          8 |       0 |    0 |     8 |      0 |      0 |    0 |          0 |
|         pes_11_15                   |                              PE_111 |          8 |          8 |       0 |    0 |     8 |      0 |      0 |    0 |          0 |
|         pes_11_2                    |                              PE_112 |          8 |          8 |       0 |    0 |     8 |      0 |      0 |    0 |          0 |
|         pes_11_3                    |                              PE_113 |          8 |          8 |       0 |    0 |     8 |      0 |      0 |    0 |          0 |
|         pes_11_4                    |                              PE_114 |          8 |          8 |       0 |    0 |     8 |      0 |      0 |    0 |          0 |
|         pes_11_5                    |                              PE_115 |          8 |          8 |       0 |    0 |     8 |      0 |      0 |    0 |          0 |
|         pes_11_6                    |                              PE_116 |          8 |          8 |       0 |    0 |     8 |      0 |      0 |    0 |          0 |
|         pes_11_7                    |                              PE_117 |          8 |          8 |       0 |    0 |     8 |      0 |      0 |    0 |          0 |
|         pes_11_8                    |                              PE_118 |          8 |          8 |       0 |    0 |     8 |      0 |      0 |    0 |          0 |
|         pes_11_9                    |                              PE_119 |          8 |          8 |       0 |    0 |     8 |      0 |      0 |    0 |          0 |
|         pes_12_0                    |                              PE_120 |          8 |          8 |       0 |    0 |     8 |      0 |      0 |    0 |          0 |
|         pes_12_1                    |                              PE_121 |          8 |          8 |       0 |    0 |     8 |      0 |      0 |    0 |          0 |
|         pes_12_10                   |                              PE_122 |          8 |          8 |       0 |    0 |     8 |      0 |      0 |    0 |          0 |
|         pes_12_11                   |                              PE_123 |          8 |          8 |       0 |    0 |     8 |      0 |      0 |    0 |          0 |
|         pes_12_12                   |                              PE_124 |          8 |          8 |       0 |    0 |     8 |      0 |      0 |    0 |          0 |
|         pes_12_13                   |                              PE_125 |          8 |          8 |       0 |    0 |     8 |      0 |      0 |    0 |          0 |
|         pes_12_14                   |                              PE_126 |          8 |          8 |       0 |    0 |     8 |      0 |      0 |    0 |          0 |
|         pes_12_15                   |                              PE_127 |          8 |          8 |       0 |    0 |     8 |      0 |      0 |    0 |          0 |
|         pes_12_2                    |                              PE_128 |          8 |          8 |       0 |    0 |     8 |      0 |      0 |    0 |          0 |
|         pes_12_3                    |                              PE_129 |          8 |          8 |       0 |    0 |     8 |      0 |      0 |    0 |          0 |
|         pes_12_4                    |                              PE_130 |          8 |          8 |       0 |    0 |     8 |      0 |      0 |    0 |          0 |
|         pes_12_5                    |                              PE_131 |          8 |          8 |       0 |    0 |     8 |      0 |      0 |    0 |          0 |
|         pes_12_6                    |                              PE_132 |          8 |          8 |       0 |    0 |     8 |      0 |      0 |    0 |          0 |
|         pes_12_7                    |                              PE_133 |          8 |          8 |       0 |    0 |     8 |      0 |      0 |    0 |          0 |
|         pes_12_8                    |                              PE_134 |          8 |          8 |       0 |    0 |     8 |      0 |      0 |    0 |          0 |
|         pes_12_9                    |                              PE_135 |          8 |          8 |       0 |    0 |     8 |      0 |      0 |    0 |          0 |
|         pes_13_0                    |                              PE_136 |          8 |          8 |       0 |    0 |     8 |      0 |      0 |    0 |          0 |
|         pes_13_1                    |                              PE_137 |          8 |          8 |       0 |    0 |     8 |      0 |      0 |    0 |          0 |
|         pes_13_10                   |                              PE_138 |          8 |          8 |       0 |    0 |     8 |      0 |      0 |    0 |          0 |
|         pes_13_11                   |                              PE_139 |          8 |          8 |       0 |    0 |     8 |      0 |      0 |    0 |          0 |
|         pes_13_12                   |                              PE_140 |          8 |          8 |       0 |    0 |     8 |      0 |      0 |    0 |          0 |
|         pes_13_13                   |                              PE_141 |          8 |          8 |       0 |    0 |     8 |      0 |      0 |    0 |          0 |
|         pes_13_14                   |                              PE_142 |          8 |          8 |       0 |    0 |     8 |      0 |      0 |    0 |          0 |
|         pes_13_15                   |                              PE_143 |          8 |          8 |       0 |    0 |     8 |      0 |      0 |    0 |          0 |
|         pes_13_2                    |                              PE_144 |          8 |          8 |       0 |    0 |     8 |      0 |      0 |    0 |          0 |
|         pes_13_3                    |                              PE_145 |          8 |          8 |       0 |    0 |     8 |      0 |      0 |    0 |          0 |
|         pes_13_4                    |                              PE_146 |          8 |          8 |       0 |    0 |     8 |      0 |      0 |    0 |          0 |
|         pes_13_5                    |                              PE_147 |          8 |          8 |       0 |    0 |     8 |      0 |      0 |    0 |          0 |
|         pes_13_6                    |                              PE_148 |          8 |          8 |       0 |    0 |     8 |      0 |      0 |    0 |          0 |
|         pes_13_7                    |                              PE_149 |          8 |          8 |       0 |    0 |     8 |      0 |      0 |    0 |          0 |
|         pes_13_8                    |                              PE_150 |          8 |          8 |       0 |    0 |     8 |      0 |      0 |    0 |          0 |
|         pes_13_9                    |                              PE_151 |          8 |          8 |       0 |    0 |     8 |      0 |      0 |    0 |          0 |
|         pes_14_0                    |                              PE_152 |          8 |          8 |       0 |    0 |     8 |      0 |      0 |    0 |          0 |
|         pes_14_1                    |                              PE_153 |          8 |          8 |       0 |    0 |     8 |      0 |      0 |    0 |          0 |
|         pes_14_10                   |                              PE_154 |          8 |          8 |       0 |    0 |     8 |      0 |      0 |    0 |          0 |
|         pes_14_11                   |                              PE_155 |          8 |          8 |       0 |    0 |     8 |      0 |      0 |    0 |          0 |
|         pes_14_12                   |                              PE_156 |          8 |          8 |       0 |    0 |     8 |      0 |      0 |    0 |          0 |
|         pes_14_13                   |                              PE_157 |          8 |          8 |       0 |    0 |     8 |      0 |      0 |    0 |          0 |
|         pes_14_14                   |                              PE_158 |          8 |          8 |       0 |    0 |     8 |      0 |      0 |    0 |          0 |
|         pes_14_15                   |                              PE_159 |          8 |          8 |       0 |    0 |     8 |      0 |      0 |    0 |          0 |
|         pes_14_2                    |                              PE_160 |          8 |          8 |       0 |    0 |     8 |      0 |      0 |    0 |          0 |
|         pes_14_3                    |                              PE_161 |          8 |          8 |       0 |    0 |     8 |      0 |      0 |    0 |          0 |
|         pes_14_4                    |                              PE_162 |          8 |          8 |       0 |    0 |     8 |      0 |      0 |    0 |          0 |
|         pes_14_5                    |                              PE_163 |          8 |          8 |       0 |    0 |     8 |      0 |      0 |    0 |          0 |
|         pes_14_6                    |                              PE_164 |          8 |          8 |       0 |    0 |     8 |      0 |      0 |    0 |          0 |
|         pes_14_7                    |                              PE_165 |          8 |          8 |       0 |    0 |     8 |      0 |      0 |    0 |          0 |
|         pes_14_8                    |                              PE_166 |          8 |          8 |       0 |    0 |     8 |      0 |      0 |    0 |          0 |
|         pes_14_9                    |                              PE_167 |          8 |          8 |       0 |    0 |     8 |      0 |      0 |    0 |          0 |
|         pes_15_0                    |                              PE_168 |         16 |         16 |       0 |    0 |     8 |      0 |      0 |    0 |          0 |
|         pes_15_1                    |                              PE_169 |         16 |         16 |       0 |    0 |     8 |      0 |      0 |    0 |          0 |
|         pes_15_10                   |                              PE_170 |         16 |         16 |       0 |    0 |     8 |      0 |      0 |    0 |          0 |
|         pes_15_11                   |                              PE_171 |         16 |         16 |       0 |    0 |     8 |      0 |      0 |    0 |          0 |
|         pes_15_12                   |                              PE_172 |         16 |         16 |       0 |    0 |     8 |      0 |      0 |    0 |          0 |
|         pes_15_13                   |                              PE_173 |         16 |         16 |       0 |    0 |     8 |      0 |      0 |    0 |          0 |
|         pes_15_14                   |                              PE_174 |         16 |         16 |       0 |    0 |     8 |      0 |      0 |    0 |          0 |
|         pes_15_15                   |                              PE_175 |          8 |          8 |       0 |    0 |     8 |      0 |      0 |    0 |          0 |
|         pes_15_2                    |                              PE_176 |         16 |         16 |       0 |    0 |     8 |      0 |      0 |    0 |          0 |
|         pes_15_3                    |                              PE_177 |         16 |         16 |       0 |    0 |     8 |      0 |      0 |    0 |          0 |
|         pes_15_4                    |                              PE_178 |         16 |         16 |       0 |    0 |     8 |      0 |      0 |    0 |          0 |
|         pes_15_5                    |                              PE_179 |         16 |         16 |       0 |    0 |     8 |      0 |      0 |    0 |          0 |
|         pes_15_6                    |                              PE_180 |         16 |         16 |       0 |    0 |     8 |      0 |      0 |    0 |          0 |
|         pes_15_7                    |                              PE_181 |         16 |         16 |       0 |    0 |     8 |      0 |      0 |    0 |          0 |
|         pes_15_8                    |                              PE_182 |         16 |         16 |       0 |    0 |     8 |      0 |      0 |    0 |          0 |
|         pes_15_9                    |                              PE_183 |         16 |         16 |       0 |    0 |     8 |      0 |      0 |    0 |          0 |
|         pes_1_0                     |                              PE_184 |          8 |          8 |       0 |    0 |     8 |      0 |      0 |    0 |          0 |
|         pes_1_1                     |                              PE_185 |          8 |          8 |       0 |    0 |     8 |      0 |      0 |    0 |          0 |
|         pes_1_10                    |                              PE_186 |          8 |          8 |       0 |    0 |     8 |      0 |      0 |    0 |          0 |
|         pes_1_11                    |                              PE_187 |          8 |          8 |       0 |    0 |     8 |      0 |      0 |    0 |          0 |
|         pes_1_12                    |                              PE_188 |          8 |          8 |       0 |    0 |     8 |      0 |      0 |    0 |          0 |
|         pes_1_13                    |                              PE_189 |          8 |          8 |       0 |    0 |     8 |      0 |      0 |    0 |          0 |
|         pes_1_14                    |                              PE_190 |          8 |          8 |       0 |    0 |     8 |      0 |      0 |    0 |          0 |
|         pes_1_15                    |                              PE_191 |          8 |          8 |       0 |    0 |     8 |      0 |      0 |    0 |          0 |
|         pes_1_2                     |                              PE_192 |          8 |          8 |       0 |    0 |     8 |      0 |      0 |    0 |          0 |
|         pes_1_3                     |                              PE_193 |          8 |          8 |       0 |    0 |     8 |      0 |      0 |    0 |          0 |
|         pes_1_4                     |                              PE_194 |          8 |          8 |       0 |    0 |     8 |      0 |      0 |    0 |          0 |
|         pes_1_5                     |                              PE_195 |          8 |          8 |       0 |    0 |     8 |      0 |      0 |    0 |          0 |
|         pes_1_6                     |                              PE_196 |          8 |          8 |       0 |    0 |     8 |      0 |      0 |    0 |          0 |
|         pes_1_7                     |                              PE_197 |          8 |          8 |       0 |    0 |     8 |      0 |      0 |    0 |          0 |
|         pes_1_8                     |                              PE_198 |          8 |          8 |       0 |    0 |     8 |      0 |      0 |    0 |          0 |
|         pes_1_9                     |                              PE_199 |          8 |          8 |       0 |    0 |     8 |      0 |      0 |    0 |          0 |
|         pes_2_0                     |                              PE_200 |          8 |          8 |       0 |    0 |     8 |      0 |      0 |    0 |          0 |
|         pes_2_1                     |                              PE_201 |          8 |          8 |       0 |    0 |     8 |      0 |      0 |    0 |          0 |
|         pes_2_10                    |                              PE_202 |          8 |          8 |       0 |    0 |     8 |      0 |      0 |    0 |          0 |
|         pes_2_11                    |                              PE_203 |          8 |          8 |       0 |    0 |     8 |      0 |      0 |    0 |          0 |
|         pes_2_12                    |                              PE_204 |          8 |          8 |       0 |    0 |     8 |      0 |      0 |    0 |          0 |
|         pes_2_13                    |                              PE_205 |          8 |          8 |       0 |    0 |     8 |      0 |      0 |    0 |          0 |
|         pes_2_14                    |                              PE_206 |          8 |          8 |       0 |    0 |     8 |      0 |      0 |    0 |          0 |
|         pes_2_15                    |                              PE_207 |          8 |          8 |       0 |    0 |     8 |      0 |      0 |    0 |          0 |
|         pes_2_2                     |                              PE_208 |          8 |          8 |       0 |    0 |     8 |      0 |      0 |    0 |          0 |
|         pes_2_3                     |                              PE_209 |          8 |          8 |       0 |    0 |     8 |      0 |      0 |    0 |          0 |
|         pes_2_4                     |                              PE_210 |          8 |          8 |       0 |    0 |     8 |      0 |      0 |    0 |          0 |
|         pes_2_5                     |                              PE_211 |          8 |          8 |       0 |    0 |     8 |      0 |      0 |    0 |          0 |
|         pes_2_6                     |                              PE_212 |          8 |          8 |       0 |    0 |     8 |      0 |      0 |    0 |          0 |
|         pes_2_7                     |                              PE_213 |          8 |          8 |       0 |    0 |     8 |      0 |      0 |    0 |          0 |
|         pes_2_8                     |                              PE_214 |          8 |          8 |       0 |    0 |     8 |      0 |      0 |    0 |          0 |
|         pes_2_9                     |                              PE_215 |          8 |          8 |       0 |    0 |     8 |      0 |      0 |    0 |          0 |
|         pes_3_0                     |                              PE_216 |          8 |          8 |       0 |    0 |     8 |      0 |      0 |    0 |          0 |
|         pes_3_1                     |                              PE_217 |          8 |          8 |       0 |    0 |     8 |      0 |      0 |    0 |          0 |
|         pes_3_10                    |                              PE_218 |          8 |          8 |       0 |    0 |     8 |      0 |      0 |    0 |          0 |
|         pes_3_11                    |                              PE_219 |          8 |          8 |       0 |    0 |     8 |      0 |      0 |    0 |          0 |
|         pes_3_12                    |                              PE_220 |          8 |          8 |       0 |    0 |     8 |      0 |      0 |    0 |          0 |
|         pes_3_13                    |                              PE_221 |          8 |          8 |       0 |    0 |     8 |      0 |      0 |    0 |          0 |
|         pes_3_14                    |                              PE_222 |          8 |          8 |       0 |    0 |     8 |      0 |      0 |    0 |          0 |
|         pes_3_15                    |                              PE_223 |          8 |          8 |       0 |    0 |     8 |      0 |      0 |    0 |          0 |
|         pes_3_2                     |                              PE_224 |          8 |          8 |       0 |    0 |     8 |      0 |      0 |    0 |          0 |
|         pes_3_3                     |                              PE_225 |          8 |          8 |       0 |    0 |     8 |      0 |      0 |    0 |          0 |
|         pes_3_4                     |                              PE_226 |          8 |          8 |       0 |    0 |     8 |      0 |      0 |    0 |          0 |
|         pes_3_5                     |                              PE_227 |          8 |          8 |       0 |    0 |     8 |      0 |      0 |    0 |          0 |
|         pes_3_6                     |                              PE_228 |          8 |          8 |       0 |    0 |     8 |      0 |      0 |    0 |          0 |
|         pes_3_7                     |                              PE_229 |          8 |          8 |       0 |    0 |     8 |      0 |      0 |    0 |          0 |
|         pes_3_8                     |                              PE_230 |          8 |          8 |       0 |    0 |     8 |      0 |      0 |    0 |          0 |
|         pes_3_9                     |                              PE_231 |          8 |          8 |       0 |    0 |     8 |      0 |      0 |    0 |          0 |
|         pes_4_0                     |                              PE_232 |          8 |          8 |       0 |    0 |     8 |      0 |      0 |    0 |          0 |
|         pes_4_1                     |                              PE_233 |          8 |          8 |       0 |    0 |     8 |      0 |      0 |    0 |          0 |
|         pes_4_10                    |                              PE_234 |          8 |          8 |       0 |    0 |     8 |      0 |      0 |    0 |          0 |
|         pes_4_11                    |                              PE_235 |          8 |          8 |       0 |    0 |     8 |      0 |      0 |    0 |          0 |
|         pes_4_12                    |                              PE_236 |          8 |          8 |       0 |    0 |     8 |      0 |      0 |    0 |          0 |
|         pes_4_13                    |                              PE_237 |          8 |          8 |       0 |    0 |     8 |      0 |      0 |    0 |          0 |
|         pes_4_14                    |                              PE_238 |          8 |          8 |       0 |    0 |     8 |      0 |      0 |    0 |          0 |
|         pes_4_15                    |                              PE_239 |          8 |          8 |       0 |    0 |     8 |      0 |      0 |    0 |          0 |
|         pes_4_2                     |                              PE_240 |          8 |          8 |       0 |    0 |     8 |      0 |      0 |    0 |          0 |
|         pes_4_3                     |                              PE_241 |          8 |          8 |       0 |    0 |     8 |      0 |      0 |    0 |          0 |
|         pes_4_4                     |                              PE_242 |          8 |          8 |       0 |    0 |     8 |      0 |      0 |    0 |          0 |
|         pes_4_5                     |                              PE_243 |          8 |          8 |       0 |    0 |     8 |      0 |      0 |    0 |          0 |
|         pes_4_6                     |                              PE_244 |          8 |          8 |       0 |    0 |     8 |      0 |      0 |    0 |          0 |
|         pes_4_7                     |                              PE_245 |          8 |          8 |       0 |    0 |     8 |      0 |      0 |    0 |          0 |
|         pes_4_8                     |                              PE_246 |          8 |          8 |       0 |    0 |     8 |      0 |      0 |    0 |          0 |
|         pes_4_9                     |                              PE_247 |          8 |          8 |       0 |    0 |     8 |      0 |      0 |    0 |          0 |
|         pes_5_0                     |                              PE_248 |          8 |          8 |       0 |    0 |     8 |      0 |      0 |    0 |          0 |
|         pes_5_1                     |                              PE_249 |          8 |          8 |       0 |    0 |     8 |      0 |      0 |    0 |          0 |
|         pes_5_10                    |                              PE_250 |          8 |          8 |       0 |    0 |     8 |      0 |      0 |    0 |          0 |
|         pes_5_11                    |                              PE_251 |          8 |          8 |       0 |    0 |     8 |      0 |      0 |    0 |          0 |
|         pes_5_12                    |                              PE_252 |          8 |          8 |       0 |    0 |     8 |      0 |      0 |    0 |          0 |
|         pes_5_13                    |                              PE_253 |          8 |          8 |       0 |    0 |     8 |      0 |      0 |    0 |          0 |
|         pes_5_14                    |                              PE_254 |          8 |          8 |       0 |    0 |     8 |      0 |      0 |    0 |          0 |
|         pes_5_15                    |                              PE_255 |          8 |          8 |       0 |    0 |     8 |      0 |      0 |    0 |          0 |
|         pes_5_2                     |                              PE_256 |          8 |          8 |       0 |    0 |     8 |      0 |      0 |    0 |          0 |
|         pes_5_3                     |                              PE_257 |          8 |          8 |       0 |    0 |     8 |      0 |      0 |    0 |          0 |
|         pes_5_4                     |                              PE_258 |          8 |          8 |       0 |    0 |     8 |      0 |      0 |    0 |          0 |
|         pes_5_5                     |                              PE_259 |          8 |          8 |       0 |    0 |     8 |      0 |      0 |    0 |          0 |
|         pes_5_6                     |                              PE_260 |          8 |          8 |       0 |    0 |     8 |      0 |      0 |    0 |          0 |
|         pes_5_7                     |                              PE_261 |          8 |          8 |       0 |    0 |     8 |      0 |      0 |    0 |          0 |
|         pes_5_8                     |                              PE_262 |          8 |          8 |       0 |    0 |     8 |      0 |      0 |    0 |          0 |
|         pes_5_9                     |                              PE_263 |          8 |          8 |       0 |    0 |     8 |      0 |      0 |    0 |          0 |
|         pes_6_0                     |                              PE_264 |          8 |          8 |       0 |    0 |     8 |      0 |      0 |    0 |          0 |
|         pes_6_1                     |                              PE_265 |          8 |          8 |       0 |    0 |     8 |      0 |      0 |    0 |          0 |
|         pes_6_10                    |                              PE_266 |          8 |          8 |       0 |    0 |     8 |      0 |      0 |    0 |          0 |
|         pes_6_11                    |                              PE_267 |          8 |          8 |       0 |    0 |     8 |      0 |      0 |    0 |          0 |
|         pes_6_12                    |                              PE_268 |          8 |          8 |       0 |    0 |     8 |      0 |      0 |    0 |          0 |
|         pes_6_13                    |                              PE_269 |          8 |          8 |       0 |    0 |     8 |      0 |      0 |    0 |          0 |
|         pes_6_14                    |                              PE_270 |          8 |          8 |       0 |    0 |     8 |      0 |      0 |    0 |          0 |
|         pes_6_15                    |                              PE_271 |          8 |          8 |       0 |    0 |     8 |      0 |      0 |    0 |          0 |
|         pes_6_2                     |                              PE_272 |          8 |          8 |       0 |    0 |     8 |      0 |      0 |    0 |          0 |
|         pes_6_3                     |                              PE_273 |          8 |          8 |       0 |    0 |     8 |      0 |      0 |    0 |          0 |
|         pes_6_4                     |                              PE_274 |          8 |          8 |       0 |    0 |     8 |      0 |      0 |    0 |          0 |
|         pes_6_5                     |                              PE_275 |          8 |          8 |       0 |    0 |     8 |      0 |      0 |    0 |          0 |
|         pes_6_6                     |                              PE_276 |          8 |          8 |       0 |    0 |     8 |      0 |      0 |    0 |          0 |
|         pes_6_7                     |                              PE_277 |          8 |          8 |       0 |    0 |     8 |      0 |      0 |    0 |          0 |
|         pes_6_8                     |                              PE_278 |          8 |          8 |       0 |    0 |     8 |      0 |      0 |    0 |          0 |
|         pes_6_9                     |                              PE_279 |          8 |          8 |       0 |    0 |     8 |      0 |      0 |    0 |          0 |
|         pes_7_0                     |                              PE_280 |          8 |          8 |       0 |    0 |     8 |      0 |      0 |    0 |          0 |
|         pes_7_1                     |                              PE_281 |          8 |          8 |       0 |    0 |     8 |      0 |      0 |    0 |          0 |
|         pes_7_10                    |                              PE_282 |          8 |          8 |       0 |    0 |     8 |      0 |      0 |    0 |          0 |
|         pes_7_11                    |                              PE_283 |          8 |          8 |       0 |    0 |     8 |      0 |      0 |    0 |          0 |
|         pes_7_12                    |                              PE_284 |          8 |          8 |       0 |    0 |     8 |      0 |      0 |    0 |          0 |
|         pes_7_13                    |                              PE_285 |          8 |          8 |       0 |    0 |     8 |      0 |      0 |    0 |          0 |
|         pes_7_14                    |                              PE_286 |          8 |          8 |       0 |    0 |     8 |      0 |      0 |    0 |          0 |
|         pes_7_15                    |                              PE_287 |          8 |          8 |       0 |    0 |     8 |      0 |      0 |    0 |          0 |
|         pes_7_2                     |                              PE_288 |          8 |          8 |       0 |    0 |     8 |      0 |      0 |    0 |          0 |
|         pes_7_3                     |                              PE_289 |          8 |          8 |       0 |    0 |     8 |      0 |      0 |    0 |          0 |
|         pes_7_4                     |                              PE_290 |          8 |          8 |       0 |    0 |     8 |      0 |      0 |    0 |          0 |
|         pes_7_5                     |                              PE_291 |          8 |          8 |       0 |    0 |     8 |      0 |      0 |    0 |          0 |
|         pes_7_6                     |                              PE_292 |          8 |          8 |       0 |    0 |     8 |      0 |      0 |    0 |          0 |
|         pes_7_7                     |                              PE_293 |          8 |          8 |       0 |    0 |     8 |      0 |      0 |    0 |          0 |
|         pes_7_8                     |                              PE_294 |          8 |          8 |       0 |    0 |     8 |      0 |      0 |    0 |          0 |
|         pes_7_9                     |                              PE_295 |          8 |          8 |       0 |    0 |     8 |      0 |      0 |    0 |          0 |
|         pes_8_0                     |                              PE_296 |          8 |          8 |       0 |    0 |     8 |      0 |      0 |    0 |          0 |
|         pes_8_1                     |                              PE_297 |          8 |          8 |       0 |    0 |     8 |      0 |      0 |    0 |          0 |
|         pes_8_10                    |                              PE_298 |          8 |          8 |       0 |    0 |     8 |      0 |      0 |    0 |          0 |
|         pes_8_11                    |                              PE_299 |          8 |          8 |       0 |    0 |     8 |      0 |      0 |    0 |          0 |
|         pes_8_12                    |                              PE_300 |          8 |          8 |       0 |    0 |     8 |      0 |      0 |    0 |          0 |
|         pes_8_13                    |                              PE_301 |          8 |          8 |       0 |    0 |     8 |      0 |      0 |    0 |          0 |
|         pes_8_14                    |                              PE_302 |          8 |          8 |       0 |    0 |     8 |      0 |      0 |    0 |          0 |
|         pes_8_15                    |                              PE_303 |          8 |          8 |       0 |    0 |     8 |      0 |      0 |    0 |          0 |
|         pes_8_2                     |                              PE_304 |          8 |          8 |       0 |    0 |     8 |      0 |      0 |    0 |          0 |
|         pes_8_3                     |                              PE_305 |          8 |          8 |       0 |    0 |     8 |      0 |      0 |    0 |          0 |
|         pes_8_4                     |                              PE_306 |          8 |          8 |       0 |    0 |     8 |      0 |      0 |    0 |          0 |
|         pes_8_5                     |                              PE_307 |          8 |          8 |       0 |    0 |     8 |      0 |      0 |    0 |          0 |
|         pes_8_6                     |                              PE_308 |          8 |          8 |       0 |    0 |     8 |      0 |      0 |    0 |          0 |
|         pes_8_7                     |                              PE_309 |          8 |          8 |       0 |    0 |     8 |      0 |      0 |    0 |          0 |
|         pes_8_8                     |                              PE_310 |          8 |          8 |       0 |    0 |     8 |      0 |      0 |    0 |          0 |
|         pes_8_9                     |                              PE_311 |          8 |          8 |       0 |    0 |     8 |      0 |      0 |    0 |          0 |
|         pes_9_0                     |                              PE_312 |          8 |          8 |       0 |    0 |     8 |      0 |      0 |    0 |          0 |
|         pes_9_1                     |                              PE_313 |          8 |          8 |       0 |    0 |     8 |      0 |      0 |    0 |          0 |
|         pes_9_10                    |                              PE_314 |          8 |          8 |       0 |    0 |     8 |      0 |      0 |    0 |          0 |
|         pes_9_11                    |                              PE_315 |          8 |          8 |       0 |    0 |     8 |      0 |      0 |    0 |          0 |
|         pes_9_12                    |                              PE_316 |          8 |          8 |       0 |    0 |     8 |      0 |      0 |    0 |          0 |
|         pes_9_13                    |                              PE_317 |          8 |          8 |       0 |    0 |     8 |      0 |      0 |    0 |          0 |
|         pes_9_14                    |                              PE_318 |          8 |          8 |       0 |    0 |     8 |      0 |      0 |    0 |          0 |
|         pes_9_15                    |                              PE_319 |          8 |          8 |       0 |    0 |     8 |      0 |      0 |    0 |          0 |
|         pes_9_2                     |                              PE_320 |          8 |          8 |       0 |    0 |     8 |      0 |      0 |    0 |          0 |
|         pes_9_3                     |                              PE_321 |          8 |          8 |       0 |    0 |     8 |      0 |      0 |    0 |          0 |
|         pes_9_4                     |                              PE_322 |          8 |          8 |       0 |    0 |     8 |      0 |      0 |    0 |          0 |
|         pes_9_5                     |                              PE_323 |          8 |          8 |       0 |    0 |     8 |      0 |      0 |    0 |          0 |
|         pes_9_6                     |                              PE_324 |          8 |          8 |       0 |    0 |     8 |      0 |      0 |    0 |          0 |
|         pes_9_7                     |                              PE_325 |          8 |          8 |       0 |    0 |     8 |      0 |      0 |    0 |          0 |
|         pes_9_8                     |                              PE_326 |          8 |          8 |       0 |    0 |     8 |      0 |      0 |    0 |          0 |
|         pes_9_9                     |                              PE_327 |          8 |          8 |       0 |    0 |     8 |      0 |      0 |    0 |          0 |
|     mesh_cntl_signals_q             |           Queue5_ComputeCntlSignals |        974 |        926 |      48 |    0 |     7 |      0 |      0 |    0 |          0 |
|       (mesh_cntl_signals_q)         |           Queue5_ComputeCntlSignals |          7 |          7 |       0 |    0 |     7 |      0 |      0 |    0 |          0 |
|       ram_ext                       |                            ram_5x83 |        967 |        919 |      48 |    0 |     0 |      0 |      0 |    0 |          0 |
|     unrolled_cmd_mod                |            TransposePreloadUnroller |        124 |        124 |       0 |    0 |   183 |      0 |      0 |    0 |          0 |
|       (unrolled_cmd_mod)            |            TransposePreloadUnroller |          0 |          0 |       0 |    0 |     3 |      0 |      0 |    0 |          0 |
|       q                             |                    MultiHeadedQueue |        124 |        124 |       0 |    0 |   180 |      0 |      0 |    0 |          0 |
|   load_controller                   |                      LoadController |        485 |        385 |     100 |    0 |   264 |      0 |      0 |    0 |          2 |
|     (load_controller)               |                      LoadController |          2 |          2 |       0 |    0 |   177 |      0 |      0 |    0 |          2 |
|     cmd_q                           |                   Queue8_GemminiCmd |        371 |        271 |     100 |    0 |     7 |      0 |      0 |    0 |          0 |
|       (cmd_q)                       |                   Queue8_GemminiCmd |          9 |          9 |       0 |    0 |     7 |      0 |      0 |    0 |          0 |
|       ram_ext                       |                           ram_8x246 |        363 |        263 |     100 |    0 |     0 |      0 |      0 |    0 |          0 |
|     cmd_tracker                     |                   DMACommandTracker |        114 |        114 |       0 |    0 |    80 |      0 |      0 |    0 |          0 |
|   mod                               |                          LoopMatmul |       2980 |       2852 |     128 |    0 |  1643 |      0 |      0 |    0 |         17 |
|     (mod)                           |                          LoopMatmul |         52 |         52 |       0 |    0 |   827 |      0 |      0 |    0 |          0 |
|     cmd_q                           |                Queue2_GemminiCmd_71 |        235 |        107 |     128 |    0 |     3 |      0 |      0 |    0 |          0 |
|       (cmd_q)                       |                Queue2_GemminiCmd_71 |          3 |          3 |       0 |    0 |     3 |      0 |      0 |    0 |          0 |
|       ram_ext                       |                        ram_2x274_72 |        232 |        104 |     128 |    0 |     0 |      0 |      0 |    0 |          0 |
|     ex                              |                   LoopMatmulExecute |        551 |        551 |       0 |    0 |   145 |      0 |      0 |    0 |          4 |
|     ldA                             |                       LoopMatmulLdA |        541 |        541 |       0 |    0 |   134 |      0 |      0 |    0 |          2 |
|     ldB                             |                       LoopMatmulLdB |        464 |        464 |       0 |    0 |   134 |      0 |      0 |    0 |          3 |
|     ldD                             |                       LoopMatmulLdD |        383 |        383 |       0 |    0 |   118 |      0 |      0 |    0 |          2 |
|     stC                             |                       LoopMatmulStC |        577 |        577 |       0 |    0 |   172 |      0 |      0 |    0 |          5 |
|     stC_spad                        |                   LoopMatmulStCSpad |        242 |        242 |       0 |    0 |   110 |      0 |      0 |    0 |          1 |
|   raw_cmd_q                         |                   Queue2_GemminiCmd |        132 |          4 |     128 |    0 |     3 |      0 |      0 |    0 |          0 |
|     (raw_cmd_q)                     |                   Queue2_GemminiCmd |          4 |          4 |       0 |    0 |     3 |      0 |      0 |    0 |          0 |
|     ram_ext                         |                        ram_2x274_70 |        129 |          1 |     128 |    0 |     0 |      0 |      0 |    0 |          0 |
|   reservation_station               |                  ReservationStation |       4249 |       4249 |       0 |    0 |  5973 |      0 |      0 |    0 |          4 |
|   reservation_station_completed_arb |                      Arbiter3_UInt6 |          4 |          4 |       0 |    0 |     0 |      0 |      0 |    0 |          0 |
|   spad                              |                          Scratchpad |      19454 |      17252 |    2202 |    0 | 12023 |     16 |      0 |    8 |          2 |
|     (spad)                          |                          Scratchpad |          8 |          8 |       0 |    0 |     0 |      0 |      0 |    0 |          0 |
|     acc_adders                      |                       AccPipeShared |        512 |        512 |       0 |    0 |   512 |      0 |      0 |    0 |          0 |
|       m                             |                             AccPipe |         32 |         32 |       0 |    0 |    32 |      0 |      0 |    0 |          0 |
|       m_1                           |                          AccPipe_55 |         32 |         32 |       0 |    0 |    32 |      0 |      0 |    0 |          0 |
|       m_10                          |                          AccPipe_56 |         32 |         32 |       0 |    0 |    32 |      0 |      0 |    0 |          0 |
|       m_11                          |                          AccPipe_57 |         32 |         32 |       0 |    0 |    32 |      0 |      0 |    0 |          0 |
|       m_12                          |                          AccPipe_58 |         32 |         32 |       0 |    0 |    32 |      0 |      0 |    0 |          0 |
|       m_13                          |                          AccPipe_59 |         32 |         32 |       0 |    0 |    32 |      0 |      0 |    0 |          0 |
|       m_14                          |                          AccPipe_60 |         32 |         32 |       0 |    0 |    32 |      0 |      0 |    0 |          0 |
|       m_15                          |                          AccPipe_61 |         32 |         32 |       0 |    0 |    32 |      0 |      0 |    0 |          0 |
|       m_2                           |                          AccPipe_62 |         32 |         32 |       0 |    0 |    32 |      0 |      0 |    0 |          0 |
|       m_3                           |                          AccPipe_63 |         32 |         32 |       0 |    0 |    32 |      0 |      0 |    0 |          0 |
|       m_4                           |                          AccPipe_64 |         32 |         32 |       0 |    0 |    32 |      0 |      0 |    0 |          0 |
|       m_5                           |                          AccPipe_65 |         32 |         32 |       0 |    0 |    32 |      0 |      0 |    0 |          0 |
|       m_6                           |                          AccPipe_66 |         32 |         32 |       0 |    0 |    32 |      0 |      0 |    0 |          0 |
|       m_7                           |                          AccPipe_67 |         32 |         32 |       0 |    0 |    32 |      0 |      0 |    0 |          0 |
|       m_8                           |                          AccPipe_68 |         32 |         32 |       0 |    0 |    32 |      0 |      0 |    0 |          0 |
|       m_9                           |                          AccPipe_69 |         32 |         32 |       0 |    0 |    32 |      0 |      0 |    0 |          0 |
|     acc_mems_0                      |                      AccumulatorMem |       1030 |       1030 |       0 |    0 |  1703 |      8 |      0 |    0 |          0 |
|       (acc_mems_0)                  |                      AccumulatorMem |        275 |        275 |       0 |    0 |  1182 |      0 |      0 |    0 |          0 |
|       mem                           |                   TwoPortSyncMem_44 |        496 |        496 |       0 |    0 |     0 |      8 |      0 |    0 |          0 |
|         mem_ext                     |                      mem_512x512_46 |        496 |        496 |       0 |    0 |     0 |      8 |      0 |    0 |          0 |
|           col[0].m                  |                  mem_512x512_col_47 |         62 |         62 |       0 |    0 |     0 |      1 |      0 |    0 |          0 |
|           col[1].m                  |                  mem_512x512_col_48 |         62 |         62 |       0 |    0 |     0 |      1 |      0 |    0 |          0 |
|           col[2].m                  |                  mem_512x512_col_49 |         62 |         62 |       0 |    0 |     0 |      1 |      0 |    0 |          0 |
|           col[3].m                  |                  mem_512x512_col_50 |         62 |         62 |       0 |    0 |     0 |      1 |      0 |    0 |          0 |
|           col[4].m                  |                  mem_512x512_col_51 |         62 |         62 |       0 |    0 |     0 |      1 |      0 |    0 |          0 |
|           col[5].m                  |                  mem_512x512_col_52 |         62 |         62 |       0 |    0 |     0 |      1 |      0 |    0 |          0 |
|           col[6].m                  |                  mem_512x512_col_53 |         62 |         62 |       0 |    0 |     0 |      1 |      0 |    0 |          0 |
|           col[7].m                  |                  mem_512x512_col_54 |         62 |         62 |       0 |    0 |     0 |      1 |      0 |    0 |          0 |
|       q                             |       Queue1_AccumulatorReadResp_45 |        259 |        259 |       0 |    0 |   521 |      0 |      0 |    0 |          0 |
|     acc_mems_1                      |                    AccumulatorMem_3 |        808 |        808 |       0 |    0 |  1711 |      8 |      0 |    0 |          0 |
|       (acc_mems_1)                  |                    AccumulatorMem_3 |        268 |        268 |       0 |    0 |  1190 |      0 |      0 |    0 |          0 |
|       mem                           |                      TwoPortSyncMem |         17 |         17 |       0 |    0 |     0 |      8 |      0 |    0 |          0 |
|         mem_ext                     |                         mem_512x512 |         17 |         17 |       0 |    0 |     0 |      8 |      0 |    0 |          0 |
|           col[0].m                  |                     mem_512x512_col |          0 |          0 |       0 |    0 |     0 |      1 |      0 |    0 |          0 |
|           col[1].m                  |                  mem_512x512_col_37 |          0 |          0 |       0 |    0 |     0 |      1 |      0 |    0 |          0 |
|           col[2].m                  |                  mem_512x512_col_38 |          0 |          0 |       0 |    0 |     0 |      1 |      0 |    0 |          0 |
|           col[3].m                  |                  mem_512x512_col_39 |          0 |          0 |       0 |    0 |     0 |      1 |      0 |    0 |          0 |
|           col[4].m                  |                  mem_512x512_col_40 |          0 |          0 |       0 |    0 |     0 |      1 |      0 |    0 |          0 |
|           col[5].m                  |                  mem_512x512_col_41 |          0 |          0 |       0 |    0 |     0 |      1 |      0 |    0 |          0 |
|           col[6].m                  |                  mem_512x512_col_42 |          0 |          0 |       0 |    0 |     0 |      1 |      0 |    0 |          0 |
|           col[7].m                  |                  mem_512x512_col_43 |         17 |         17 |       0 |    0 |     0 |      1 |      0 |    0 |          0 |
|       q                             |          Queue1_AccumulatorReadResp |        523 |        523 |       0 |    0 |   521 |      0 |      0 |    0 |          0 |
|     acc_scale_unit                  |                    AccumulatorScale |          5 |          5 |       0 |    0 |   130 |      0 |      0 |    0 |          0 |
|       pipe_out_p                    |                          Pipeline_2 |          5 |          5 |       0 |    0 |   130 |      0 |      0 |    0 |          0 |
|     buffer                          |             TLBuffer_a32d128s6k2z4u |        322 |        200 |     122 |    0 |     6 |      0 |      0 |    0 |          0 |
|       nodeIn_d_q                    |  Queue2_TLBundleD_a32d128s6k2z4u_33 |        265 |        183 |      82 |    0 |     3 |      0 |      0 |    0 |          0 |
|         (nodeIn_d_q)                |  Queue2_TLBundleD_a32d128s6k2z4u_33 |          5 |          5 |       0 |    0 |     3 |      0 |      0 |    0 |          0 |
|         ram_ext                     |                        ram_2x141_36 |        260 |        178 |      82 |    0 |     0 |      0 |      0 |    0 |          0 |
|       nodeOut_a_q                   |  Queue2_TLBundleA_a32d128s6k2z4u_34 |         57 |         17 |      40 |    0 |     3 |      0 |      0 |    0 |          0 |
|         (nodeOut_a_q)               |  Queue2_TLBundleA_a32d128s6k2z4u_34 |          5 |          5 |       0 |    0 |     3 |      0 |      0 |    0 |          0 |
|         ram_ext                     |                        ram_2x193_35 |         52 |         12 |      40 |    0 |     0 |      0 |      0 |    0 |          0 |
|     buffer_1                        |           TLBuffer_a32d128s6k2z4u_4 |        237 |        117 |     120 |    0 |     6 |      0 |      0 |    0 |          0 |
|       nodeIn_d_q                    |     Queue2_TLBundleD_a32d128s6k2z4u |         39 |         31 |       8 |    0 |     3 |      0 |      0 |    0 |          0 |
|         (nodeIn_d_q)                |     Queue2_TLBundleD_a32d128s6k2z4u |          3 |          3 |       0 |    0 |     3 |      0 |      0 |    0 |          0 |
|         ram_ext                     |                           ram_2x141 |         36 |         28 |       8 |    0 |     0 |      0 |      0 |    0 |          0 |
|       nodeOut_a_q                   |     Queue2_TLBundleA_a32d128s6k2z4u |        198 |         86 |     112 |    0 |     3 |      0 |      0 |    0 |          0 |
|         (nodeOut_a_q)               |     Queue2_TLBundleA_a32d128s6k2z4u |         15 |         15 |       0 |    0 |     3 |      0 |      0 |    0 |          0 |
|         ram_ext                     |                        ram_2x193_32 |        183 |         71 |     112 |    0 |     0 |      0 |      0 |    0 |          0 |
|     buffer_2                        |             TLBuffer_a32d128s7k2z4u |        216 |         16 |     200 |    0 |     6 |      0 |      0 |    0 |          0 |
|       nodeIn_d_q                    |     Queue2_TLBundleD_a32d128s7k2z4u |         94 |          6 |      88 |    0 |     3 |      0 |      0 |    0 |          0 |
|         (nodeIn_d_q)                |     Queue2_TLBundleD_a32d128s7k2z4u |          4 |          4 |       0 |    0 |     3 |      0 |      0 |    0 |          0 |
|         ram_ext                     |                           ram_2x148 |         90 |          2 |      88 |    0 |     0 |      0 |      0 |    0 |          0 |
|       nodeOut_a_q                   |     Queue2_TLBundleA_a32d128s7k2z4u |        122 |         10 |     112 |    0 |     3 |      0 |      0 |    0 |          0 |
|         (nodeOut_a_q)               |     Queue2_TLBundleA_a32d128s7k2z4u |         10 |         10 |       0 |    0 |     3 |      0 |      0 |    0 |          0 |
|         ram_ext                     |                           ram_2x194 |        113 |          1 |     112 |    0 |     0 |      0 |      0 |    0 |          0 |
|     dma_read_pipe                   |           Queue4_ScratchpadReadResp |         78 |          4 |      74 |    0 |     5 |      0 |      0 |    0 |          0 |
|       (dma_read_pipe)               |           Queue4_ScratchpadReadResp |          3 |          3 |       0 |    0 |     5 |      0 |      0 |    0 |          0 |
|       ram_ext                       |                        ram_4x129_31 |         75 |          1 |      74 |    0 |     0 |      0 |      0 |    0 |          0 |
|     dma_read_pipe_1                 |         Queue4_ScratchpadReadResp_5 |        206 |        132 |      74 |    0 |     5 |      0 |      0 |    0 |          0 |
|       (dma_read_pipe_1)             |         Queue4_ScratchpadReadResp_5 |          4 |          4 |       0 |    0 |     5 |      0 |      0 |    0 |          0 |
|       ram_ext                       |                        ram_4x129_30 |        202 |        128 |      74 |    0 |     0 |      0 |      0 |    0 |          0 |
|     dma_read_pipe_2                 |         Queue4_ScratchpadReadResp_6 |         79 |          5 |      74 |    0 |     5 |      0 |      0 |    0 |          0 |
|       (dma_read_pipe_2)             |         Queue4_ScratchpadReadResp_6 |          3 |          3 |       0 |    0 |     5 |      0 |      0 |    0 |          0 |
|       ram_ext                       |                        ram_4x129_29 |         76 |          2 |      74 |    0 |     0 |      0 |      0 |    0 |          0 |
|     dma_read_pipe_3                 |         Queue4_ScratchpadReadResp_7 |         78 |          4 |      74 |    0 |     5 |      0 |      0 |    0 |          0 |
|       (dma_read_pipe_3)             |         Queue4_ScratchpadReadResp_7 |          3 |          3 |       0 |    0 |     5 |      0 |      0 |    0 |          0 |
|       ram_ext                       |                        ram_4x129_28 |         75 |          1 |      74 |    0 |     0 |      0 |      0 |    0 |          0 |
|     ex_read_pipe                    |         Queue4_ScratchpadReadResp_8 |        135 |         59 |      76 |    0 |     5 |      0 |      0 |    0 |          0 |
|       (ex_read_pipe)                |         Queue4_ScratchpadReadResp_8 |          6 |          6 |       0 |    0 |     5 |      0 |      0 |    0 |          0 |
|       ram_ext                       |                        ram_4x129_27 |        130 |         54 |      76 |    0 |     0 |      0 |      0 |    0 |          0 |
|     ex_read_pipe_1                  |         Queue4_ScratchpadReadResp_9 |         92 |         16 |      76 |    0 |     5 |      0 |      0 |    0 |          0 |
|       (ex_read_pipe_1)              |         Queue4_ScratchpadReadResp_9 |          6 |          6 |       0 |    0 |     5 |      0 |      0 |    0 |          0 |
|       ram_ext                       |                        ram_4x129_26 |         87 |         11 |      76 |    0 |     0 |      0 |      0 |    0 |          0 |
|     ex_read_pipe_2                  |        Queue4_ScratchpadReadResp_10 |        110 |         34 |      76 |    0 |     5 |      0 |      0 |    0 |          0 |
|       (ex_read_pipe_2)              |        Queue4_ScratchpadReadResp_10 |          6 |          6 |       0 |    0 |     5 |      0 |      0 |    0 |          0 |
|       ram_ext                       |                        ram_4x129_25 |        104 |         28 |      76 |    0 |     0 |      0 |      0 |    0 |          0 |
|     ex_read_pipe_3                  |        Queue4_ScratchpadReadResp_11 |        183 |        107 |      76 |    0 |     5 |      0 |      0 |    0 |          0 |
|       (ex_read_pipe_3)              |        Queue4_ScratchpadReadResp_11 |          5 |          5 |       0 |    0 |     5 |      0 |      0 |    0 |          0 |
|       ram_ext                       |                           ram_4x129 |        178 |        102 |      76 |    0 |     0 |      0 |      0 |    0 |          0 |
|     norm_unit_passthru_q            |              Queue2_NormalizedInput |       2951 |       2651 |     300 |    0 |     6 |      0 |      0 |    0 |          0 |
|       (norm_unit_passthru_q)        |              Queue2_NormalizedInput |          9 |          9 |       0 |    0 |     6 |      0 |      0 |    0 |          0 |
|       ram_ext                       |                           ram_2x523 |       2943 |       2643 |     300 |    0 |     0 |      0 |      0 |    0 |          0 |
|     read_issue_q                    |     Queue5_ScratchpadMemReadRequest |         82 |         10 |      72 |    0 |     7 |      0 |      0 |    0 |          0 |
|       (read_issue_q)                |     Queue5_ScratchpadMemReadRequest |          8 |          8 |       0 |    0 |     7 |      0 |      0 |    0 |          0 |
|       ram_ext                       |                           ram_5x227 |         75 |          3 |      72 |    0 |     0 |      0 |      0 |    0 |          0 |
|     reader                          |                        StreamReader |       6380 |       6380 |       0 |    0 |  4713 |      0 |      0 |    0 |          1 |
|       (reader)                      |                        StreamReader |          0 |          0 |       0 |    0 |    22 |      0 |      0 |    0 |          0 |
|       beatPacker                    |                          BeatMerger |       4856 |       4856 |       0 |    0 |   553 |      0 |      0 |    0 |          1 |
|       core                          |                    StreamReaderCore |        247 |        247 |       0 |    0 |   266 |      0 |      0 |    0 |          0 |
|         (core)                      |                    StreamReaderCore |        106 |        106 |       0 |    0 |   138 |      0 |      0 |    0 |          0 |
|         tlb_q                       |            Queue1_TLBundleAWithInfo |         51 |         51 |       0 |    0 |    64 |      0 |      0 |    0 |          0 |
|         translate_q                 |         Queue1_TLBundleAWithInfo_24 |         90 |         90 |       0 |    0 |    64 |      0 |      0 |    0 |          0 |
|       xactTracker                   |                         XactTracker |       1277 |       1277 |       0 |    0 |  3872 |      0 |      0 |    0 |          0 |
|     spad_mems_0                     |                      ScratchpadBank |         73 |         73 |       0 |    0 |   132 |      0 |      0 |    2 |          0 |
|       (spad_mems_0)                 |                      ScratchpadBank |          0 |          0 |       0 |    0 |     2 |      0 |      0 |    0 |          0 |
|       mem_ext                       |                     mem_4096x128_22 |          0 |          0 |       0 |    0 |     0 |      0 |      0 |    2 |          0 |
|       q                             |        Queue1_ScratchpadReadResp_23 |         73 |         73 |       0 |    0 |   130 |      0 |      0 |    0 |          0 |
|     spad_mems_1                     |                   ScratchpadBank_12 |         74 |         74 |       0 |    0 |   132 |      0 |      0 |    2 |          0 |
|       (spad_mems_1)                 |                   ScratchpadBank_12 |          0 |          0 |       0 |    0 |     2 |      0 |      0 |    0 |          0 |
|       mem_ext                       |                     mem_4096x128_20 |          0 |          0 |       0 |    0 |     0 |      0 |      0 |    2 |          0 |
|       q                             |        Queue1_ScratchpadReadResp_21 |         74 |         74 |       0 |    0 |   130 |      0 |      0 |    0 |          0 |
|     spad_mems_2                     |                   ScratchpadBank_13 |         73 |         73 |       0 |    0 |   132 |      0 |      0 |    2 |          0 |
|       (spad_mems_2)                 |                   ScratchpadBank_13 |          0 |          0 |       0 |    0 |     2 |      0 |      0 |    0 |          0 |
|       mem_ext                       |                     mem_4096x128_18 |          0 |          0 |       0 |    0 |     0 |      0 |      0 |    2 |          0 |
|       q                             |        Queue1_ScratchpadReadResp_19 |         73 |         73 |       0 |    0 |   130 |      0 |      0 |    0 |          0 |
|     spad_mems_3                     |                   ScratchpadBank_14 |         73 |         73 |       0 |    0 |   132 |      0 |      0 |    2 |          0 |
|       (spad_mems_3)                 |                   ScratchpadBank_14 |          0 |          0 |       0 |    0 |     2 |      0 |      0 |    0 |          0 |
|       mem_ext                       |                        mem_4096x128 |          0 |          0 |       0 |    0 |     0 |      0 |      0 |    2 |          0 |
|       q                             |           Queue1_ScratchpadReadResp |         73 |         73 |       0 |    0 |   130 |      0 |      0 |    0 |          0 |
|     vsm                             |              VectorScalarMultiplier |       1569 |       1569 |       0 |    0 |   189 |      0 |      0 |    0 |          0 |
|     vsm_1                           |            VectorScalarMultiplier_1 |         40 |         40 |       0 |    0 |   617 |      0 |      0 |    0 |          0 |
|     vsm_in_q                        |    Queue2_VectorScalarMultiplierReq |        121 |          9 |     112 |    0 |     3 |      0 |      0 |    0 |          0 |
|       (vsm_in_q)                    |    Queue2_VectorScalarMultiplierReq |          4 |          4 |       0 |    0 |     3 |      0 |      0 |    0 |          0 |
|       ram_ext                       |                           ram_2x193 |        117 |          5 |     112 |    0 |     0 |      0 |      0 |    0 |          0 |
|     vsm_in_q_1                      |  Queue2_VectorScalarMultiplierReq_1 |        372 |         12 |     360 |    0 |     6 |      0 |      0 |    0 |          0 |
|       (vsm_in_q_1)                  |  Queue2_VectorScalarMultiplierReq_1 |          7 |          7 |       0 |    0 |     6 |      0 |      0 |    0 |          0 |
|       ram_ext                       |                           ram_2x625 |        365 |          5 |     360 |    0 |     0 |      0 |      0 |    0 |          0 |
|     widget                          |                     TLWidthWidget16 |        170 |        170 |       0 |    0 |   197 |      0 |      0 |    0 |          0 |
|       (widget)                      |                     TLWidthWidget16 |         69 |         69 |       0 |    0 |    68 |      0 |      0 |    0 |          0 |
|       repeated_repeater             |   Repeater_TLBundleA_a32d128s7k2z4u |        101 |        101 |       0 |    0 |   129 |      0 |      0 |    0 |          0 |
|     write_dispatch_q_q              |    Queue2_ScratchpadMemWriteRequest |        176 |         92 |      84 |    0 |     3 |      0 |      0 |    0 |          0 |
|       (write_dispatch_q_q)          |    Queue2_ScratchpadMemWriteRequest |          2 |          2 |       0 |    0 |     3 |      0 |      0 |    0 |          0 |
|       ram_ext                       |                           ram_2x356 |        174 |         90 |      84 |    0 |     0 |      0 |      0 |    0 |          0 |
|     write_issue_q                   |    Queue5_ScratchpadMemWriteRequest |        287 |        223 |      64 |    0 |     7 |      0 |      0 |    0 |          0 |
|       (write_issue_q)               |    Queue5_ScratchpadMemWriteRequest |          8 |          8 |       0 |    0 |     7 |      0 |      0 |    0 |          0 |
|       ram_ext                       |                           ram_5x190 |        279 |        215 |      64 |    0 |     0 |      0 |      0 |    0 |          0 |
|     write_norm_q                    |    Queue6_ScratchpadMemWriteRequest |        102 |         18 |      84 |    0 |     7 |      0 |      0 |    0 |          0 |
|       (write_norm_q)                |    Queue6_ScratchpadMemWriteRequest |          4 |          4 |       0 |    0 |     7 |      0 |      0 |    0 |          0 |
|       ram_ext                       |                        ram_6x356_17 |         98 |         14 |      84 |    0 |     0 |      0 |      0 |    0 |          0 |
|     write_scale_q                   | Queue6_ScratchpadMemWriteRequest_15 |         94 |         10 |      84 |    0 |     7 |      0 |      0 |    0 |          0 |
|       (write_scale_q)               | Queue6_ScratchpadMemWriteRequest_15 |          5 |          5 |       0 |    0 |     7 |      0 |      0 |    0 |          0 |
|       ram_ext                       |                           ram_6x356 |         90 |          6 |      84 |    0 |     0 |      0 |      0 |    0 |          0 |
|     writer                          |                        StreamWriter |       2568 |       2568 |       0 |    0 |  1592 |      0 |      0 |    0 |          0 |
|       (writer)                      |                        StreamWriter |        723 |        723 |       0 |    0 |  1011 |      0 |      0 |    0 |          0 |
|       shadow_retry_a                |          Queue1_TLBundleAWithInfo_2 |         51 |         51 |       0 |    0 |   195 |      0 |      0 |    0 |          0 |
|       tlb_q                         |          Queue1_TLBundleAWithInfo_3 |       1497 |       1497 |       0 |    0 |   193 |      0 |      0 |    0 |          0 |
|       translate_q                   |       Queue1_TLBundleAWithInfo_3_16 |        305 |        305 |       0 |    0 |   193 |      0 |      0 |    0 |          0 |
|     xbar                            |         TLXbar_i2_o1_a32d128s7k2z4u |         70 |         70 |       0 |    0 |    12 |      0 |      0 |    0 |          0 |
|     zero_writer                     |                          ZeroWriter |        148 |        148 |       0 |    0 |    15 |      0 |      0 |    0 |          1 |
|   store_controller                  |                     StoreController |        794 |        678 |     116 |    0 |   225 |      0 |      0 |    0 |          4 |
|     (store_controller)              |                     StoreController |        220 |        220 |       0 |    0 |   122 |      0 |      0 |    0 |          4 |
|     cmd_q                           |                 Queue2_GemminiCmd_1 |        396 |        280 |     116 |    0 |     3 |      0 |      0 |    0 |          0 |
|       (cmd_q)                       |                 Queue2_GemminiCmd_1 |         83 |         83 |       0 |    0 |     3 |      0 |      0 |    0 |          0 |
|       ram_ext                       |                         ram_2x274_2 |        314 |        198 |     116 |    0 |     0 |      0 |      0 |    0 |          0 |
|     cmd_tracker                     |                 DMACommandTracker_1 |        184 |        184 |       0 |    0 |   100 |      0 |      0 |    0 |          0 |
|   tlb                               |                         FrontendTLB |        926 |        926 |       0 |    0 |   660 |      0 |      0 |    0 |          0 |
|     (tlb)                           |                         FrontendTLB |          1 |          1 |       0 |    0 |   215 |      0 |      0 |    0 |          0 |
|     tlbArbOpt                       |                           RRArbiter |        593 |        593 |       0 |    0 |     1 |      0 |      0 |    0 |          0 |
|     tlbs_0                          |                        DecoupledTLB |        333 |        333 |       0 |    0 |   444 |      0 |      0 |    0 |          0 |
|       (tlbs_0)                      |                        DecoupledTLB |          0 |          0 |       0 |    0 |     1 |      0 |      0 |    0 |          0 |
|       tlb                           |                              DTLB_2 |        333 |        333 |       0 |    0 |   443 |      0 |      0 |    0 |          0 |
|         (tlb)                       |                              DTLB_2 |        302 |        302 |       0 |    0 |   443 |      0 |      0 |    0 |          0 |
|         pmp                         |                       PMPChecker_s6 |         31 |         31 |       0 |    0 |     0 |      0 |      0 |    0 |          0 |
|   unrolled_cmd_q                    |                 Queue2_GemminiCmd_0 |       5379 |       5249 |     130 |    0 |     3 |      0 |      0 |    0 |          0 |
|     (unrolled_cmd_q)                |                 Queue2_GemminiCmd_0 |          7 |          7 |       0 |    0 |     3 |      0 |      0 |    0 |          0 |
|     ram_ext                         |                           ram_2x274 |       5372 |       5242 |     130 |    0 |     0 |      0 |      0 |    0 |          0 |
+-------------------------------------+-------------------------------------+------------+------------+---------+------+-------+--------+--------+------+------------+
* Note: The sum of lower-level cells may be larger than their parent cells total, due to cross-hierarchy LUT combining


