Copyright 1986-2022 Xilinx, Inc. All Rights Reserved. Copyright 2022-2023 Advanced Micro Devices, Inc. All Rights Reserved.
---------------------------------------------------------------------------------------------------------------------------------------------
| Tool Version : Vivado v.2023.2 (lin64) Build 4029153 Fri Oct 13 20:13:54 MDT 2023
| Date         : Fri Sep 25 16:46:53 2026
| Host         : brg-zhang-xcel.ece.cornell.edu running 64-bit Red Hat Enterprise Linux 9.8 (Plow)
| Command      : report_utilization -hierarchical -hierarchical_depth 3 -file /scratch/hc676/e10_llama/b_llama-swiglu_16/util_hier.rpt
| Design       : spmw_harness
| Device       : xcu280-fsvh2892-2L-e
| Speed File   : -2L
| Design State : Routed
---------------------------------------------------------------------------------------------------------------------------------------------

Utilization Design Information

Table of Contents
-----------------
1. Utilization by Hierarchy

1. Utilization by Hierarchy
---------------------------

+-------------------------------------+-------------------------------+------------+------------+---------+------+-------+--------+--------+------+------------+
|               Instance              |             Module            | Total LUTs | Logic LUTs | LUTRAMs | SRLs |  FFs  | RAMB36 | RAMB18 | URAM | DSP Blocks |
+-------------------------------------+-------------------------------+------------+------------+---------+------+-------+--------+--------+------+------------+
| spmw_harness                        |                         (top) |      47664 |      44912 |       0 | 2752 | 28460 |      0 |      0 |    0 |          0 |
|   (spmw_harness)                    |                         (top) |        339 |        243 |       0 |   96 |   576 |      0 |      0 |    0 |          0 |
|   dut                               |                      spmw_top |      47326 |      44670 |       0 | 2656 | 27884 |      0 |      0 |    0 |          0 |
|     g_lanesw_k128n8_z_in_bind[0].u  |     spmw_fifo__parameterized1 |         26 |         26 |       0 |    0 |    66 |      0 |      0 |    0 |          0 |
|     g_lanesw_k128n8_z_in_bind[10].u |   spmw_fifo__parameterized1_0 |         28 |         28 |       0 |    0 |    66 |      0 |      0 |    0 |          0 |
|     g_lanesw_k128n8_z_in_bind[11].u |   spmw_fifo__parameterized1_1 |         28 |         28 |       0 |    0 |    66 |      0 |      0 |    0 |          0 |
|     g_lanesw_k128n8_z_in_bind[12].u |   spmw_fifo__parameterized1_2 |         27 |         27 |       0 |    0 |    66 |      0 |      0 |    0 |          0 |
|     g_lanesw_k128n8_z_in_bind[13].u |   spmw_fifo__parameterized1_3 |         28 |         28 |       0 |    0 |    66 |      0 |      0 |    0 |          0 |
|     g_lanesw_k128n8_z_in_bind[14].u |   spmw_fifo__parameterized1_4 |         28 |         28 |       0 |    0 |    66 |      0 |      0 |    0 |          0 |
|     g_lanesw_k128n8_z_in_bind[15].u |   spmw_fifo__parameterized1_5 |         27 |         27 |       0 |    0 |    66 |      0 |      0 |    0 |          0 |
|     g_lanesw_k128n8_z_in_bind[1].u  |   spmw_fifo__parameterized1_6 |         29 |         29 |       0 |    0 |    66 |      0 |      0 |    0 |          0 |
|     g_lanesw_k128n8_z_in_bind[2].u  |   spmw_fifo__parameterized1_7 |         28 |         28 |       0 |    0 |    66 |      0 |      0 |    0 |          0 |
|     g_lanesw_k128n8_z_in_bind[3].u  |   spmw_fifo__parameterized1_8 |         28 |         28 |       0 |    0 |    66 |      0 |      0 |    0 |          0 |
|     g_lanesw_k128n8_z_in_bind[4].u  |   spmw_fifo__parameterized1_9 |         28 |         28 |       0 |    0 |    66 |      0 |      0 |    0 |          0 |
|     g_lanesw_k128n8_z_in_bind[5].u  |  spmw_fifo__parameterized1_10 |         26 |         26 |       0 |    0 |    66 |      0 |      0 |    0 |          0 |
|     g_lanesw_k128n8_z_in_bind[6].u  |  spmw_fifo__parameterized1_11 |         27 |         27 |       0 |    0 |    66 |      0 |      0 |    0 |          0 |
|     g_lanesw_k128n8_z_in_bind[7].u  |  spmw_fifo__parameterized1_12 |         28 |         28 |       0 |    0 |    66 |      0 |      0 |    0 |          0 |
|     g_lanesw_k128n8_z_in_bind[8].u  |  spmw_fifo__parameterized1_13 |         26 |         26 |       0 |    0 |    66 |      0 |      0 |    0 |          0 |
|     g_lanesw_k128n8_z_in_bind[9].u  |  spmw_fifo__parameterized1_14 |         29 |         29 |       0 |    0 |    66 |      0 |      0 |    0 |          0 |
|     g_pe_a_out_a_in[100].u          |                     spmw_fifo |         22 |         22 |       0 |    0 |     9 |      0 |      0 |    0 |          0 |
|     g_pe_a_out_a_in[101].u          |                  spmw_fifo_15 |         22 |         22 |       0 |    0 |     9 |      0 |      0 |    0 |          0 |
|     g_pe_a_out_a_in[102].u          |                  spmw_fifo_16 |         21 |         21 |       0 |    0 |     9 |      0 |      0 |    0 |          0 |
|     g_pe_a_out_a_in[103].u          |                  spmw_fifo_17 |         20 |         20 |       0 |    0 |     9 |      0 |      0 |    0 |          0 |
|     g_pe_a_out_a_in[104].u          |                  spmw_fifo_18 |         21 |         21 |       0 |    0 |     9 |      0 |      0 |    0 |          0 |
|     g_pe_a_out_a_in[105].u          |                  spmw_fifo_19 |         21 |         21 |       0 |    0 |     9 |      0 |      0 |    0 |          0 |
|     g_pe_a_out_a_in[106].u          |                  spmw_fifo_20 |         20 |         20 |       0 |    0 |     9 |      0 |      0 |    0 |          0 |
|     g_pe_a_out_a_in[107].u          |                  spmw_fifo_21 |         21 |         21 |       0 |    0 |     9 |      0 |      0 |    0 |          0 |
|     g_pe_a_out_a_in[108].u          |                  spmw_fifo_22 |         20 |         20 |       0 |    0 |     9 |      0 |      0 |    0 |          0 |
|     g_pe_a_out_a_in[109].u          |                  spmw_fifo_23 |         21 |         21 |       0 |    0 |     9 |      0 |      0 |    0 |          0 |
|     g_pe_a_out_a_in[10].u           |                  spmw_fifo_24 |         11 |         11 |       0 |    0 |     9 |      0 |      0 |    0 |          0 |
|     g_pe_a_out_a_in[110].u          |                  spmw_fifo_25 |         22 |         22 |       0 |    0 |     9 |      0 |      0 |    0 |          0 |
|     g_pe_a_out_a_in[111].u          |                  spmw_fifo_26 |         22 |         22 |       0 |    0 |     9 |      0 |      0 |    0 |          0 |
|     g_pe_a_out_a_in[113].u          |                  spmw_fifo_27 |         22 |         22 |       0 |    0 |     9 |      0 |      0 |    0 |          0 |
|     g_pe_a_out_a_in[114].u          |                  spmw_fifo_28 |         21 |         21 |       0 |    0 |     9 |      0 |      0 |    0 |          0 |
|     g_pe_a_out_a_in[115].u          |                  spmw_fifo_29 |         22 |         22 |       0 |    0 |     9 |      0 |      0 |    0 |          0 |
|     g_pe_a_out_a_in[116].u          |                  spmw_fifo_30 |         21 |         21 |       0 |    0 |     9 |      0 |      0 |    0 |          0 |
|     g_pe_a_out_a_in[117].u          |                  spmw_fifo_31 |         21 |         21 |       0 |    0 |     9 |      0 |      0 |    0 |          0 |
|     g_pe_a_out_a_in[118].u          |                  spmw_fifo_32 |         21 |         21 |       0 |    0 |     9 |      0 |      0 |    0 |          0 |
|     g_pe_a_out_a_in[119].u          |                  spmw_fifo_33 |         22 |         22 |       0 |    0 |     9 |      0 |      0 |    0 |          0 |
|     g_pe_a_out_a_in[11].u           |                  spmw_fifo_34 |         11 |         11 |       0 |    0 |     9 |      0 |      0 |    0 |          0 |
|     g_pe_a_out_a_in[120].u          |                  spmw_fifo_35 |         21 |         21 |       0 |    0 |     9 |      0 |      0 |    0 |          0 |
|     g_pe_a_out_a_in[121].u          |                  spmw_fifo_36 |         21 |         21 |       0 |    0 |     9 |      0 |      0 |    0 |          0 |
|     g_pe_a_out_a_in[122].u          |                  spmw_fifo_37 |         22 |         22 |       0 |    0 |     9 |      0 |      0 |    0 |          0 |
|     g_pe_a_out_a_in[123].u          |                  spmw_fifo_38 |         22 |         22 |       0 |    0 |     9 |      0 |      0 |    0 |          0 |
|     g_pe_a_out_a_in[124].u          |                  spmw_fifo_39 |         22 |         22 |       0 |    0 |     9 |      0 |      0 |    0 |          0 |
|     g_pe_a_out_a_in[125].u          |                  spmw_fifo_40 |         22 |         22 |       0 |    0 |     9 |      0 |      0 |    0 |          0 |
|     g_pe_a_out_a_in[126].u          |                  spmw_fifo_41 |         22 |         22 |       0 |    0 |     9 |      0 |      0 |    0 |          0 |
|     g_pe_a_out_a_in[127].u          |                  spmw_fifo_42 |         22 |         22 |       0 |    0 |     9 |      0 |      0 |    0 |          0 |
|     g_pe_a_out_a_in[129].u          |                  spmw_fifo_43 |         21 |         21 |       0 |    0 |     9 |      0 |      0 |    0 |          0 |
|     g_pe_a_out_a_in[12].u           |                  spmw_fifo_44 |         11 |         11 |       0 |    0 |     9 |      0 |      0 |    0 |          0 |
|     g_pe_a_out_a_in[130].u          |                  spmw_fifo_45 |         21 |         21 |       0 |    0 |     9 |      0 |      0 |    0 |          0 |
|     g_pe_a_out_a_in[131].u          |                  spmw_fifo_46 |         22 |         22 |       0 |    0 |     9 |      0 |      0 |    0 |          0 |
|     g_pe_a_out_a_in[132].u          |                  spmw_fifo_47 |         22 |         22 |       0 |    0 |     9 |      0 |      0 |    0 |          0 |
|     g_pe_a_out_a_in[133].u          |                  spmw_fifo_48 |         21 |         21 |       0 |    0 |     9 |      0 |      0 |    0 |          0 |
|     g_pe_a_out_a_in[134].u          |                  spmw_fifo_49 |         21 |         21 |       0 |    0 |     9 |      0 |      0 |    0 |          0 |
|     g_pe_a_out_a_in[135].u          |                  spmw_fifo_50 |         21 |         21 |       0 |    0 |     9 |      0 |      0 |    0 |          0 |
|     g_pe_a_out_a_in[136].u          |                  spmw_fifo_51 |         21 |         21 |       0 |    0 |     9 |      0 |      0 |    0 |          0 |
|     g_pe_a_out_a_in[137].u          |                  spmw_fifo_52 |         21 |         21 |       0 |    0 |     9 |      0 |      0 |    0 |          0 |
|     g_pe_a_out_a_in[138].u          |                  spmw_fifo_53 |         22 |         22 |       0 |    0 |     9 |      0 |      0 |    0 |          0 |
|     g_pe_a_out_a_in[139].u          |                  spmw_fifo_54 |         22 |         22 |       0 |    0 |     9 |      0 |      0 |    0 |          0 |
|     g_pe_a_out_a_in[13].u           |                  spmw_fifo_55 |         11 |         11 |       0 |    0 |     9 |      0 |      0 |    0 |          0 |
|     g_pe_a_out_a_in[140].u          |                  spmw_fifo_56 |         22 |         22 |       0 |    0 |     9 |      0 |      0 |    0 |          0 |
|     g_pe_a_out_a_in[141].u          |                  spmw_fifo_57 |         21 |         21 |       0 |    0 |     9 |      0 |      0 |    0 |          0 |
|     g_pe_a_out_a_in[142].u          |                  spmw_fifo_58 |         21 |         21 |       0 |    0 |     9 |      0 |      0 |    0 |          0 |
|     g_pe_a_out_a_in[143].u          |                  spmw_fifo_59 |         23 |         23 |       0 |    0 |     9 |      0 |      0 |    0 |          0 |
|     g_pe_a_out_a_in[145].u          |                  spmw_fifo_60 |         21 |         21 |       0 |    0 |     9 |      0 |      0 |    0 |          0 |
|     g_pe_a_out_a_in[146].u          |                  spmw_fifo_61 |         20 |         20 |       0 |    0 |     9 |      0 |      0 |    0 |          0 |
|     g_pe_a_out_a_in[147].u          |                  spmw_fifo_62 |         22 |         22 |       0 |    0 |     9 |      0 |      0 |    0 |          0 |
|     g_pe_a_out_a_in[148].u          |                  spmw_fifo_63 |         21 |         21 |       0 |    0 |     9 |      0 |      0 |    0 |          0 |
|     g_pe_a_out_a_in[149].u          |                  spmw_fifo_64 |         21 |         21 |       0 |    0 |     9 |      0 |      0 |    0 |          0 |
|     g_pe_a_out_a_in[14].u           |                  spmw_fifo_65 |         11 |         11 |       0 |    0 |     9 |      0 |      0 |    0 |          0 |
|     g_pe_a_out_a_in[150].u          |                  spmw_fifo_66 |         22 |         22 |       0 |    0 |     9 |      0 |      0 |    0 |          0 |
|     g_pe_a_out_a_in[151].u          |                  spmw_fifo_67 |         22 |         22 |       0 |    0 |     9 |      0 |      0 |    0 |          0 |
|     g_pe_a_out_a_in[152].u          |                  spmw_fifo_68 |         21 |         21 |       0 |    0 |     9 |      0 |      0 |    0 |          0 |
|     g_pe_a_out_a_in[153].u          |                  spmw_fifo_69 |         21 |         21 |       0 |    0 |     9 |      0 |      0 |    0 |          0 |
|     g_pe_a_out_a_in[154].u          |                  spmw_fifo_70 |         22 |         22 |       0 |    0 |     9 |      0 |      0 |    0 |          0 |
|     g_pe_a_out_a_in[155].u          |                  spmw_fifo_71 |         22 |         22 |       0 |    0 |     9 |      0 |      0 |    0 |          0 |
|     g_pe_a_out_a_in[156].u          |                  spmw_fifo_72 |         22 |         22 |       0 |    0 |     9 |      0 |      0 |    0 |          0 |
|     g_pe_a_out_a_in[157].u          |                  spmw_fifo_73 |         21 |         21 |       0 |    0 |     9 |      0 |      0 |    0 |          0 |
|     g_pe_a_out_a_in[158].u          |                  spmw_fifo_74 |         21 |         21 |       0 |    0 |     9 |      0 |      0 |    0 |          0 |
|     g_pe_a_out_a_in[159].u          |                  spmw_fifo_75 |         22 |         22 |       0 |    0 |     9 |      0 |      0 |    0 |          0 |
|     g_pe_a_out_a_in[15].u           |                  spmw_fifo_76 |         11 |         11 |       0 |    0 |     9 |      0 |      0 |    0 |          0 |
|     g_pe_a_out_a_in[161].u          |                  spmw_fifo_77 |         21 |         21 |       0 |    0 |     9 |      0 |      0 |    0 |          0 |
|     g_pe_a_out_a_in[162].u          |                  spmw_fifo_78 |         21 |         21 |       0 |    0 |     9 |      0 |      0 |    0 |          0 |
|     g_pe_a_out_a_in[163].u          |                  spmw_fifo_79 |         21 |         21 |       0 |    0 |     9 |      0 |      0 |    0 |          0 |
|     g_pe_a_out_a_in[164].u          |                  spmw_fifo_80 |         21 |         21 |       0 |    0 |     9 |      0 |      0 |    0 |          0 |
|     g_pe_a_out_a_in[165].u          |                  spmw_fifo_81 |         21 |         21 |       0 |    0 |     9 |      0 |      0 |    0 |          0 |
|     g_pe_a_out_a_in[166].u          |                  spmw_fifo_82 |         22 |         22 |       0 |    0 |     9 |      0 |      0 |    0 |          0 |
|     g_pe_a_out_a_in[167].u          |                  spmw_fifo_83 |         22 |         22 |       0 |    0 |     9 |      0 |      0 |    0 |          0 |
|     g_pe_a_out_a_in[168].u          |                  spmw_fifo_84 |         21 |         21 |       0 |    0 |     9 |      0 |      0 |    0 |          0 |
|     g_pe_a_out_a_in[169].u          |                  spmw_fifo_85 |         21 |         21 |       0 |    0 |     9 |      0 |      0 |    0 |          0 |
|     g_pe_a_out_a_in[170].u          |                  spmw_fifo_86 |         22 |         22 |       0 |    0 |     9 |      0 |      0 |    0 |          0 |
|     g_pe_a_out_a_in[171].u          |                  spmw_fifo_87 |         22 |         22 |       0 |    0 |     9 |      0 |      0 |    0 |          0 |
|     g_pe_a_out_a_in[172].u          |                  spmw_fifo_88 |         22 |         22 |       0 |    0 |     9 |      0 |      0 |    0 |          0 |
|     g_pe_a_out_a_in[173].u          |                  spmw_fifo_89 |         20 |         20 |       0 |    0 |     9 |      0 |      0 |    0 |          0 |
|     g_pe_a_out_a_in[174].u          |                  spmw_fifo_90 |         21 |         21 |       0 |    0 |     9 |      0 |      0 |    0 |          0 |
|     g_pe_a_out_a_in[175].u          |                  spmw_fifo_91 |         22 |         22 |       0 |    0 |     9 |      0 |      0 |    0 |          0 |
|     g_pe_a_out_a_in[177].u          |                  spmw_fifo_92 |         21 |         21 |       0 |    0 |     9 |      0 |      0 |    0 |          0 |
|     g_pe_a_out_a_in[178].u          |                  spmw_fifo_93 |         22 |         22 |       0 |    0 |     9 |      0 |      0 |    0 |          0 |
|     g_pe_a_out_a_in[179].u          |                  spmw_fifo_94 |         22 |         22 |       0 |    0 |     9 |      0 |      0 |    0 |          0 |
|     g_pe_a_out_a_in[17].u           |                  spmw_fifo_95 |         21 |         21 |       0 |    0 |     9 |      0 |      0 |    0 |          0 |
|     g_pe_a_out_a_in[180].u          |                  spmw_fifo_96 |         23 |         23 |       0 |    0 |     9 |      0 |      0 |    0 |          0 |
|     g_pe_a_out_a_in[181].u          |                  spmw_fifo_97 |         22 |         22 |       0 |    0 |     9 |      0 |      0 |    0 |          0 |
|     g_pe_a_out_a_in[182].u          |                  spmw_fifo_98 |         22 |         22 |       0 |    0 |     9 |      0 |      0 |    0 |          0 |
|     g_pe_a_out_a_in[183].u          |                  spmw_fifo_99 |         23 |         23 |       0 |    0 |     9 |      0 |      0 |    0 |          0 |
|     g_pe_a_out_a_in[184].u          |                 spmw_fifo_100 |         21 |         21 |       0 |    0 |     9 |      0 |      0 |    0 |          0 |
|     g_pe_a_out_a_in[185].u          |                 spmw_fifo_101 |         20 |         20 |       0 |    0 |     9 |      0 |      0 |    0 |          0 |
|     g_pe_a_out_a_in[186].u          |                 spmw_fifo_102 |         22 |         22 |       0 |    0 |     9 |      0 |      0 |    0 |          0 |
|     g_pe_a_out_a_in[187].u          |                 spmw_fifo_103 |         22 |         22 |       0 |    0 |     9 |      0 |      0 |    0 |          0 |
|     g_pe_a_out_a_in[188].u          |                 spmw_fifo_104 |         22 |         22 |       0 |    0 |     9 |      0 |      0 |    0 |          0 |
|     g_pe_a_out_a_in[189].u          |                 spmw_fifo_105 |         21 |         21 |       0 |    0 |     9 |      0 |      0 |    0 |          0 |
|     g_pe_a_out_a_in[18].u           |                 spmw_fifo_106 |         20 |         20 |       0 |    0 |     9 |      0 |      0 |    0 |          0 |
|     g_pe_a_out_a_in[190].u          |                 spmw_fifo_107 |         22 |         22 |       0 |    0 |     9 |      0 |      0 |    0 |          0 |
|     g_pe_a_out_a_in[191].u          |                 spmw_fifo_108 |         22 |         22 |       0 |    0 |     9 |      0 |      0 |    0 |          0 |
|     g_pe_a_out_a_in[193].u          |                 spmw_fifo_109 |         22 |         22 |       0 |    0 |     9 |      0 |      0 |    0 |          0 |
|     g_pe_a_out_a_in[194].u          |                 spmw_fifo_110 |         22 |         22 |       0 |    0 |     9 |      0 |      0 |    0 |          0 |
|     g_pe_a_out_a_in[195].u          |                 spmw_fifo_111 |         22 |         22 |       0 |    0 |     9 |      0 |      0 |    0 |          0 |
|     g_pe_a_out_a_in[196].u          |                 spmw_fifo_112 |         22 |         22 |       0 |    0 |     9 |      0 |      0 |    0 |          0 |
|     g_pe_a_out_a_in[197].u          |                 spmw_fifo_113 |         21 |         21 |       0 |    0 |     9 |      0 |      0 |    0 |          0 |
|     g_pe_a_out_a_in[198].u          |                 spmw_fifo_114 |         21 |         21 |       0 |    0 |     9 |      0 |      0 |    0 |          0 |
|     g_pe_a_out_a_in[199].u          |                 spmw_fifo_115 |         22 |         22 |       0 |    0 |     9 |      0 |      0 |    0 |          0 |
|     g_pe_a_out_a_in[19].u           |                 spmw_fifo_116 |         20 |         20 |       0 |    0 |     9 |      0 |      0 |    0 |          0 |
|     g_pe_a_out_a_in[1].u            |                 spmw_fifo_117 |         11 |         11 |       0 |    0 |     9 |      0 |      0 |    0 |          0 |
|     g_pe_a_out_a_in[200].u          |                 spmw_fifo_118 |         21 |         21 |       0 |    0 |     9 |      0 |      0 |    0 |          0 |
|     g_pe_a_out_a_in[201].u          |                 spmw_fifo_119 |         21 |         21 |       0 |    0 |     9 |      0 |      0 |    0 |          0 |
|     g_pe_a_out_a_in[202].u          |                 spmw_fifo_120 |         20 |         20 |       0 |    0 |     9 |      0 |      0 |    0 |          0 |
|     g_pe_a_out_a_in[203].u          |                 spmw_fifo_121 |         20 |         20 |       0 |    0 |     9 |      0 |      0 |    0 |          0 |
|     g_pe_a_out_a_in[204].u          |                 spmw_fifo_122 |         20 |         20 |       0 |    0 |     9 |      0 |      0 |    0 |          0 |
|     g_pe_a_out_a_in[205].u          |                 spmw_fifo_123 |         22 |         22 |       0 |    0 |     9 |      0 |      0 |    0 |          0 |
|     g_pe_a_out_a_in[206].u          |                 spmw_fifo_124 |         21 |         21 |       0 |    0 |     9 |      0 |      0 |    0 |          0 |
|     g_pe_a_out_a_in[207].u          |                 spmw_fifo_125 |         20 |         20 |       0 |    0 |     9 |      0 |      0 |    0 |          0 |
|     g_pe_a_out_a_in[209].u          |                 spmw_fifo_126 |         22 |         22 |       0 |    0 |     9 |      0 |      0 |    0 |          0 |
|     g_pe_a_out_a_in[20].u           |                 spmw_fifo_127 |         21 |         21 |       0 |    0 |     9 |      0 |      0 |    0 |          0 |
|     g_pe_a_out_a_in[210].u          |                 spmw_fifo_128 |         22 |         22 |       0 |    0 |     9 |      0 |      0 |    0 |          0 |
|     g_pe_a_out_a_in[211].u          |                 spmw_fifo_129 |         21 |         21 |       0 |    0 |     9 |      0 |      0 |    0 |          0 |
|     g_pe_a_out_a_in[212].u          |                 spmw_fifo_130 |         21 |         21 |       0 |    0 |     9 |      0 |      0 |    0 |          0 |
|     g_pe_a_out_a_in[213].u          |                 spmw_fifo_131 |         21 |         21 |       0 |    0 |     9 |      0 |      0 |    0 |          0 |
|     g_pe_a_out_a_in[214].u          |                 spmw_fifo_132 |         22 |         22 |       0 |    0 |     9 |      0 |      0 |    0 |          0 |
|     g_pe_a_out_a_in[215].u          |                 spmw_fifo_133 |         22 |         22 |       0 |    0 |     9 |      0 |      0 |    0 |          0 |
|     g_pe_a_out_a_in[216].u          |                 spmw_fifo_134 |         22 |         22 |       0 |    0 |     9 |      0 |      0 |    0 |          0 |
|     g_pe_a_out_a_in[217].u          |                 spmw_fifo_135 |         21 |         21 |       0 |    0 |     9 |      0 |      0 |    0 |          0 |
|     g_pe_a_out_a_in[218].u          |                 spmw_fifo_136 |         21 |         21 |       0 |    0 |     9 |      0 |      0 |    0 |          0 |
|     g_pe_a_out_a_in[219].u          |                 spmw_fifo_137 |         20 |         20 |       0 |    0 |     9 |      0 |      0 |    0 |          0 |
|     g_pe_a_out_a_in[21].u           |                 spmw_fifo_138 |         21 |         21 |       0 |    0 |     9 |      0 |      0 |    0 |          0 |
|     g_pe_a_out_a_in[220].u          |                 spmw_fifo_139 |         21 |         21 |       0 |    0 |     9 |      0 |      0 |    0 |          0 |
|     g_pe_a_out_a_in[221].u          |                 spmw_fifo_140 |         22 |         22 |       0 |    0 |     9 |      0 |      0 |    0 |          0 |
|     g_pe_a_out_a_in[222].u          |                 spmw_fifo_141 |         20 |         20 |       0 |    0 |     9 |      0 |      0 |    0 |          0 |
|     g_pe_a_out_a_in[223].u          |                 spmw_fifo_142 |         22 |         22 |       0 |    0 |     9 |      0 |      0 |    0 |          0 |
|     g_pe_a_out_a_in[225].u          |                 spmw_fifo_143 |         22 |         22 |       0 |    0 |     9 |      0 |      0 |    0 |          0 |
|     g_pe_a_out_a_in[226].u          |                 spmw_fifo_144 |         21 |         21 |       0 |    0 |     9 |      0 |      0 |    0 |          0 |
|     g_pe_a_out_a_in[227].u          |                 spmw_fifo_145 |         21 |         21 |       0 |    0 |     9 |      0 |      0 |    0 |          0 |
|     g_pe_a_out_a_in[228].u          |                 spmw_fifo_146 |         22 |         22 |       0 |    0 |     9 |      0 |      0 |    0 |          0 |
|     g_pe_a_out_a_in[229].u          |                 spmw_fifo_147 |         21 |         21 |       0 |    0 |     9 |      0 |      0 |    0 |          0 |
|     g_pe_a_out_a_in[22].u           |                 spmw_fifo_148 |         22 |         22 |       0 |    0 |     9 |      0 |      0 |    0 |          0 |
|     g_pe_a_out_a_in[230].u          |                 spmw_fifo_149 |         22 |         22 |       0 |    0 |     9 |      0 |      0 |    0 |          0 |
|     g_pe_a_out_a_in[231].u          |                 spmw_fifo_150 |         22 |         22 |       0 |    0 |     9 |      0 |      0 |    0 |          0 |
|     g_pe_a_out_a_in[232].u          |                 spmw_fifo_151 |         22 |         22 |       0 |    0 |     9 |      0 |      0 |    0 |          0 |
|     g_pe_a_out_a_in[233].u          |                 spmw_fifo_152 |         22 |         22 |       0 |    0 |     9 |      0 |      0 |    0 |          0 |
|     g_pe_a_out_a_in[234].u          |                 spmw_fifo_153 |         22 |         22 |       0 |    0 |     9 |      0 |      0 |    0 |          0 |
|     g_pe_a_out_a_in[235].u          |                 spmw_fifo_154 |         21 |         21 |       0 |    0 |     9 |      0 |      0 |    0 |          0 |
|     g_pe_a_out_a_in[236].u          |                 spmw_fifo_155 |         21 |         21 |       0 |    0 |     9 |      0 |      0 |    0 |          0 |
|     g_pe_a_out_a_in[237].u          |                 spmw_fifo_156 |         22 |         22 |       0 |    0 |     9 |      0 |      0 |    0 |          0 |
|     g_pe_a_out_a_in[238].u          |                 spmw_fifo_157 |         20 |         20 |       0 |    0 |     9 |      0 |      0 |    0 |          0 |
|     g_pe_a_out_a_in[239].u          |                 spmw_fifo_158 |         22 |         22 |       0 |    0 |     9 |      0 |      0 |    0 |          0 |
|     g_pe_a_out_a_in[23].u           |                 spmw_fifo_159 |         21 |         21 |       0 |    0 |     9 |      0 |      0 |    0 |          0 |
|     g_pe_a_out_a_in[241].u          |                 spmw_fifo_160 |         21 |         21 |       0 |    0 |     9 |      0 |      0 |    0 |          0 |
|     g_pe_a_out_a_in[242].u          |                 spmw_fifo_161 |         21 |         21 |       0 |    0 |     9 |      0 |      0 |    0 |          0 |
|     g_pe_a_out_a_in[243].u          |                 spmw_fifo_162 |         22 |         22 |       0 |    0 |     9 |      0 |      0 |    0 |          0 |
|     g_pe_a_out_a_in[244].u          |                 spmw_fifo_163 |         22 |         22 |       0 |    0 |     9 |      0 |      0 |    0 |          0 |
|     g_pe_a_out_a_in[245].u          |                 spmw_fifo_164 |         22 |         22 |       0 |    0 |     9 |      0 |      0 |    0 |          0 |
|     g_pe_a_out_a_in[246].u          |                 spmw_fifo_165 |         21 |         21 |       0 |    0 |     9 |      0 |      0 |    0 |          0 |
|     g_pe_a_out_a_in[247].u          |                 spmw_fifo_166 |         21 |         21 |       0 |    0 |     9 |      0 |      0 |    0 |          0 |
|     g_pe_a_out_a_in[248].u          |                 spmw_fifo_167 |         23 |         23 |       0 |    0 |     9 |      0 |      0 |    0 |          0 |
|     g_pe_a_out_a_in[249].u          |                 spmw_fifo_168 |         21 |         21 |       0 |    0 |     9 |      0 |      0 |    0 |          0 |
|     g_pe_a_out_a_in[24].u           |                 spmw_fifo_169 |         20 |         20 |       0 |    0 |     9 |      0 |      0 |    0 |          0 |
|     g_pe_a_out_a_in[250].u          |                 spmw_fifo_170 |         21 |         21 |       0 |    0 |     9 |      0 |      0 |    0 |          0 |
|     g_pe_a_out_a_in[251].u          |                 spmw_fifo_171 |         23 |         23 |       0 |    0 |     9 |      0 |      0 |    0 |          0 |
|     g_pe_a_out_a_in[252].u          |                 spmw_fifo_172 |         22 |         22 |       0 |    0 |     9 |      0 |      0 |    0 |          0 |
|     g_pe_a_out_a_in[253].u          |                 spmw_fifo_173 |         21 |         21 |       0 |    0 |     9 |      0 |      0 |    0 |          0 |
|     g_pe_a_out_a_in[254].u          |                 spmw_fifo_174 |         21 |         21 |       0 |    0 |     9 |      0 |      0 |    0 |          0 |
|     g_pe_a_out_a_in[255].u          |                 spmw_fifo_175 |         48 |         48 |       0 |    0 |     9 |      0 |      0 |    0 |          0 |
|     g_pe_a_out_a_in[25].u           |                 spmw_fifo_176 |         22 |         22 |       0 |    0 |     9 |      0 |      0 |    0 |          0 |
|     g_pe_a_out_a_in[26].u           |                 spmw_fifo_177 |         22 |         22 |       0 |    0 |     9 |      0 |      0 |    0 |          0 |
|     g_pe_a_out_a_in[27].u           |                 spmw_fifo_178 |         21 |         21 |       0 |    0 |     9 |      0 |      0 |    0 |          0 |
|     g_pe_a_out_a_in[28].u           |                 spmw_fifo_179 |         22 |         22 |       0 |    0 |     9 |      0 |      0 |    0 |          0 |
|     g_pe_a_out_a_in[29].u           |                 spmw_fifo_180 |         22 |         22 |       0 |    0 |     9 |      0 |      0 |    0 |          0 |
|     g_pe_a_out_a_in[2].u            |                 spmw_fifo_181 |         11 |         11 |       0 |    0 |     9 |      0 |      0 |    0 |          0 |
|     g_pe_a_out_a_in[30].u           |                 spmw_fifo_182 |         21 |         21 |       0 |    0 |     9 |      0 |      0 |    0 |          0 |
|     g_pe_a_out_a_in[31].u           |                 spmw_fifo_183 |         22 |         22 |       0 |    0 |     9 |      0 |      0 |    0 |          0 |
|     g_pe_a_out_a_in[33].u           |                 spmw_fifo_184 |         22 |         22 |       0 |    0 |     9 |      0 |      0 |    0 |          0 |
|     g_pe_a_out_a_in[34].u           |                 spmw_fifo_185 |         21 |         21 |       0 |    0 |     9 |      0 |      0 |    0 |          0 |
|     g_pe_a_out_a_in[35].u           |                 spmw_fifo_186 |         21 |         21 |       0 |    0 |     9 |      0 |      0 |    0 |          0 |
|     g_pe_a_out_a_in[36].u           |                 spmw_fifo_187 |         20 |         20 |       0 |    0 |     9 |      0 |      0 |    0 |          0 |
|     g_pe_a_out_a_in[37].u           |                 spmw_fifo_188 |         22 |         22 |       0 |    0 |     9 |      0 |      0 |    0 |          0 |
|     g_pe_a_out_a_in[38].u           |                 spmw_fifo_189 |         22 |         22 |       0 |    0 |     9 |      0 |      0 |    0 |          0 |
|     g_pe_a_out_a_in[39].u           |                 spmw_fifo_190 |         21 |         21 |       0 |    0 |     9 |      0 |      0 |    0 |          0 |
|     g_pe_a_out_a_in[3].u            |                 spmw_fifo_191 |         11 |         11 |       0 |    0 |     9 |      0 |      0 |    0 |          0 |
|     g_pe_a_out_a_in[40].u           |                 spmw_fifo_192 |         20 |         20 |       0 |    0 |     9 |      0 |      0 |    0 |          0 |
|     g_pe_a_out_a_in[41].u           |                 spmw_fifo_193 |         22 |         22 |       0 |    0 |     9 |      0 |      0 |    0 |          0 |
|     g_pe_a_out_a_in[42].u           |                 spmw_fifo_194 |         22 |         22 |       0 |    0 |     9 |      0 |      0 |    0 |          0 |
|     g_pe_a_out_a_in[43].u           |                 spmw_fifo_195 |         22 |         22 |       0 |    0 |     9 |      0 |      0 |    0 |          0 |
|     g_pe_a_out_a_in[44].u           |                 spmw_fifo_196 |         22 |         22 |       0 |    0 |     9 |      0 |      0 |    0 |          0 |
|     g_pe_a_out_a_in[45].u           |                 spmw_fifo_197 |         22 |         22 |       0 |    0 |     9 |      0 |      0 |    0 |          0 |
|     g_pe_a_out_a_in[46].u           |                 spmw_fifo_198 |         21 |         21 |       0 |    0 |     9 |      0 |      0 |    0 |          0 |
|     g_pe_a_out_a_in[47].u           |                 spmw_fifo_199 |         21 |         21 |       0 |    0 |     9 |      0 |      0 |    0 |          0 |
|     g_pe_a_out_a_in[49].u           |                 spmw_fifo_200 |         22 |         22 |       0 |    0 |     9 |      0 |      0 |    0 |          0 |
|     g_pe_a_out_a_in[4].u            |                 spmw_fifo_201 |         11 |         11 |       0 |    0 |     9 |      0 |      0 |    0 |          0 |
|     g_pe_a_out_a_in[50].u           |                 spmw_fifo_202 |         21 |         21 |       0 |    0 |     9 |      0 |      0 |    0 |          0 |
|     g_pe_a_out_a_in[51].u           |                 spmw_fifo_203 |         22 |         22 |       0 |    0 |     9 |      0 |      0 |    0 |          0 |
|     g_pe_a_out_a_in[52].u           |                 spmw_fifo_204 |         20 |         20 |       0 |    0 |     9 |      0 |      0 |    0 |          0 |
|     g_pe_a_out_a_in[53].u           |                 spmw_fifo_205 |         22 |         22 |       0 |    0 |     9 |      0 |      0 |    0 |          0 |
|     g_pe_a_out_a_in[54].u           |                 spmw_fifo_206 |         21 |         21 |       0 |    0 |     9 |      0 |      0 |    0 |          0 |
|     g_pe_a_out_a_in[55].u           |                 spmw_fifo_207 |         22 |         22 |       0 |    0 |     9 |      0 |      0 |    0 |          0 |
|     g_pe_a_out_a_in[56].u           |                 spmw_fifo_208 |         20 |         20 |       0 |    0 |     9 |      0 |      0 |    0 |          0 |
|     g_pe_a_out_a_in[57].u           |                 spmw_fifo_209 |         21 |         21 |       0 |    0 |     9 |      0 |      0 |    0 |          0 |
|     g_pe_a_out_a_in[58].u           |                 spmw_fifo_210 |         22 |         22 |       0 |    0 |     9 |      0 |      0 |    0 |          0 |
|     g_pe_a_out_a_in[59].u           |                 spmw_fifo_211 |         22 |         22 |       0 |    0 |     9 |      0 |      0 |    0 |          0 |
|     g_pe_a_out_a_in[5].u            |                 spmw_fifo_212 |         11 |         11 |       0 |    0 |     9 |      0 |      0 |    0 |          0 |
|     g_pe_a_out_a_in[60].u           |                 spmw_fifo_213 |         22 |         22 |       0 |    0 |     9 |      0 |      0 |    0 |          0 |
|     g_pe_a_out_a_in[61].u           |                 spmw_fifo_214 |         22 |         22 |       0 |    0 |     9 |      0 |      0 |    0 |          0 |
|     g_pe_a_out_a_in[62].u           |                 spmw_fifo_215 |         21 |         21 |       0 |    0 |     9 |      0 |      0 |    0 |          0 |
|     g_pe_a_out_a_in[63].u           |                 spmw_fifo_216 |         22 |         22 |       0 |    0 |     9 |      0 |      0 |    0 |          0 |
|     g_pe_a_out_a_in[65].u           |                 spmw_fifo_217 |         21 |         21 |       0 |    0 |     9 |      0 |      0 |    0 |          0 |
|     g_pe_a_out_a_in[66].u           |                 spmw_fifo_218 |         20 |         20 |       0 |    0 |     9 |      0 |      0 |    0 |          0 |
|     g_pe_a_out_a_in[67].u           |                 spmw_fifo_219 |         22 |         22 |       0 |    0 |     9 |      0 |      0 |    0 |          0 |
|     g_pe_a_out_a_in[68].u           |                 spmw_fifo_220 |         21 |         21 |       0 |    0 |     9 |      0 |      0 |    0 |          0 |
|     g_pe_a_out_a_in[69].u           |                 spmw_fifo_221 |         22 |         22 |       0 |    0 |     9 |      0 |      0 |    0 |          0 |
|     g_pe_a_out_a_in[6].u            |                 spmw_fifo_222 |         11 |         11 |       0 |    0 |     9 |      0 |      0 |    0 |          0 |
|     g_pe_a_out_a_in[70].u           |                 spmw_fifo_223 |         22 |         22 |       0 |    0 |     9 |      0 |      0 |    0 |          0 |
|     g_pe_a_out_a_in[71].u           |                 spmw_fifo_224 |         22 |         22 |       0 |    0 |     9 |      0 |      0 |    0 |          0 |
|     g_pe_a_out_a_in[72].u           |                 spmw_fifo_225 |         21 |         21 |       0 |    0 |     9 |      0 |      0 |    0 |          0 |
|     g_pe_a_out_a_in[73].u           |                 spmw_fifo_226 |         22 |         22 |       0 |    0 |     9 |      0 |      0 |    0 |          0 |
|     g_pe_a_out_a_in[74].u           |                 spmw_fifo_227 |         22 |         22 |       0 |    0 |     9 |      0 |      0 |    0 |          0 |
|     g_pe_a_out_a_in[75].u           |                 spmw_fifo_228 |         21 |         21 |       0 |    0 |     9 |      0 |      0 |    0 |          0 |
|     g_pe_a_out_a_in[76].u           |                 spmw_fifo_229 |         22 |         22 |       0 |    0 |     9 |      0 |      0 |    0 |          0 |
|     g_pe_a_out_a_in[77].u           |                 spmw_fifo_230 |         22 |         22 |       0 |    0 |     9 |      0 |      0 |    0 |          0 |
|     g_pe_a_out_a_in[78].u           |                 spmw_fifo_231 |         21 |         21 |       0 |    0 |     9 |      0 |      0 |    0 |          0 |
|     g_pe_a_out_a_in[79].u           |                 spmw_fifo_232 |         22 |         22 |       0 |    0 |     9 |      0 |      0 |    0 |          0 |
|     g_pe_a_out_a_in[7].u            |                 spmw_fifo_233 |         11 |         11 |       0 |    0 |     9 |      0 |      0 |    0 |          0 |
|     g_pe_a_out_a_in[81].u           |                 spmw_fifo_234 |         22 |         22 |       0 |    0 |     9 |      0 |      0 |    0 |          0 |
|     g_pe_a_out_a_in[82].u           |                 spmw_fifo_235 |         21 |         21 |       0 |    0 |     9 |      0 |      0 |    0 |          0 |
|     g_pe_a_out_a_in[83].u           |                 spmw_fifo_236 |         22 |         22 |       0 |    0 |     9 |      0 |      0 |    0 |          0 |
|     g_pe_a_out_a_in[84].u           |                 spmw_fifo_237 |         21 |         21 |       0 |    0 |     9 |      0 |      0 |    0 |          0 |
|     g_pe_a_out_a_in[85].u           |                 spmw_fifo_238 |         22 |         22 |       0 |    0 |     9 |      0 |      0 |    0 |          0 |
|     g_pe_a_out_a_in[86].u           |                 spmw_fifo_239 |         22 |         22 |       0 |    0 |     9 |      0 |      0 |    0 |          0 |
|     g_pe_a_out_a_in[87].u           |                 spmw_fifo_240 |         22 |         22 |       0 |    0 |     9 |      0 |      0 |    0 |          0 |
|     g_pe_a_out_a_in[88].u           |                 spmw_fifo_241 |         21 |         21 |       0 |    0 |     9 |      0 |      0 |    0 |          0 |
|     g_pe_a_out_a_in[89].u           |                 spmw_fifo_242 |         22 |         22 |       0 |    0 |     9 |      0 |      0 |    0 |          0 |
|     g_pe_a_out_a_in[8].u            |                 spmw_fifo_243 |         11 |         11 |       0 |    0 |     9 |      0 |      0 |    0 |          0 |
|     g_pe_a_out_a_in[90].u           |                 spmw_fifo_244 |         22 |         22 |       0 |    0 |     9 |      0 |      0 |    0 |          0 |
|     g_pe_a_out_a_in[91].u           |                 spmw_fifo_245 |         21 |         21 |       0 |    0 |     9 |      0 |      0 |    0 |          0 |
|     g_pe_a_out_a_in[92].u           |                 spmw_fifo_246 |         22 |         22 |       0 |    0 |     9 |      0 |      0 |    0 |          0 |
|     g_pe_a_out_a_in[93].u           |                 spmw_fifo_247 |         22 |         22 |       0 |    0 |     9 |      0 |      0 |    0 |          0 |
|     g_pe_a_out_a_in[94].u           |                 spmw_fifo_248 |         22 |         22 |       0 |    0 |     9 |      0 |      0 |    0 |          0 |
|     g_pe_a_out_a_in[95].u           |                 spmw_fifo_249 |         22 |         22 |       0 |    0 |     9 |      0 |      0 |    0 |          0 |
|     g_pe_a_out_a_in[97].u           |                 spmw_fifo_250 |         21 |         21 |       0 |    0 |     9 |      0 |      0 |    0 |          0 |
|     g_pe_a_out_a_in[98].u           |                 spmw_fifo_251 |         21 |         21 |       0 |    0 |     9 |      0 |      0 |    0 |          0 |
|     g_pe_a_out_a_in[99].u           |                 spmw_fifo_252 |         20 |         20 |       0 |    0 |     9 |      0 |      0 |    0 |          0 |
|     g_pe_a_out_a_in[9].u            |                 spmw_fifo_253 |         11 |         11 |       0 |    0 |     9 |      0 |      0 |    0 |          0 |
|     g_pe_p_out_p_in[100].u          |     spmw_fifo__parameterized0 |         19 |         19 |       0 |    0 |    23 |      0 |      0 |    0 |          0 |
|     g_pe_p_out_p_in[101].u          | spmw_fifo__parameterized0_254 |         29 |         29 |       0 |    0 |    33 |      0 |      0 |    0 |          0 |
|     g_pe_p_out_p_in[102].u          | spmw_fifo__parameterized0_255 |         19 |         19 |       0 |    0 |    23 |      0 |      0 |    0 |          0 |
|     g_pe_p_out_p_in[103].u          | spmw_fifo__parameterized0_256 |         19 |         19 |       0 |    0 |    23 |      0 |      0 |    0 |          0 |
|     g_pe_p_out_p_in[104].u          | spmw_fifo__parameterized0_257 |         29 |         29 |       0 |    0 |    33 |      0 |      0 |    0 |          0 |
|     g_pe_p_out_p_in[105].u          | spmw_fifo__parameterized0_258 |         19 |         19 |       0 |    0 |    23 |      0 |      0 |    0 |          0 |
|     g_pe_p_out_p_in[106].u          | spmw_fifo__parameterized0_259 |         19 |         19 |       0 |    0 |    23 |      0 |      0 |    0 |          0 |
|     g_pe_p_out_p_in[107].u          | spmw_fifo__parameterized0_260 |         19 |         19 |       0 |    0 |    23 |      0 |      0 |    0 |          0 |
|     g_pe_p_out_p_in[108].u          | spmw_fifo__parameterized0_261 |         19 |         19 |       0 |    0 |    23 |      0 |      0 |    0 |          0 |
|     g_pe_p_out_p_in[109].u          | spmw_fifo__parameterized0_262 |         29 |         29 |       0 |    0 |    33 |      0 |      0 |    0 |          0 |
|     g_pe_p_out_p_in[110].u          | spmw_fifo__parameterized0_263 |         19 |         19 |       0 |    0 |    23 |      0 |      0 |    0 |          0 |
|     g_pe_p_out_p_in[111].u          | spmw_fifo__parameterized0_264 |         29 |         29 |       0 |    0 |    33 |      0 |      0 |    0 |          0 |
|     g_pe_p_out_p_in[112].u          | spmw_fifo__parameterized0_265 |         29 |         29 |       0 |    0 |    33 |      0 |      0 |    0 |          0 |
|     g_pe_p_out_p_in[113].u          | spmw_fifo__parameterized0_266 |         20 |         20 |       0 |    0 |    24 |      0 |      0 |    0 |          0 |
|     g_pe_p_out_p_in[114].u          | spmw_fifo__parameterized0_267 |         20 |         20 |       0 |    0 |    24 |      0 |      0 |    0 |          0 |
|     g_pe_p_out_p_in[115].u          | spmw_fifo__parameterized0_268 |         29 |         29 |       0 |    0 |    33 |      0 |      0 |    0 |          0 |
|     g_pe_p_out_p_in[116].u          | spmw_fifo__parameterized0_269 |         29 |         29 |       0 |    0 |    33 |      0 |      0 |    0 |          0 |
|     g_pe_p_out_p_in[117].u          | spmw_fifo__parameterized0_270 |         29 |         29 |       0 |    0 |    33 |      0 |      0 |    0 |          0 |
|     g_pe_p_out_p_in[118].u          | spmw_fifo__parameterized0_271 |         21 |         21 |       0 |    0 |    24 |      0 |      0 |    0 |          0 |
|     g_pe_p_out_p_in[119].u          | spmw_fifo__parameterized0_272 |         20 |         20 |       0 |    0 |    24 |      0 |      0 |    0 |          0 |
|     g_pe_p_out_p_in[120].u          | spmw_fifo__parameterized0_273 |         29 |         29 |       0 |    0 |    33 |      0 |      0 |    0 |          0 |
|     g_pe_p_out_p_in[121].u          | spmw_fifo__parameterized0_274 |         21 |         21 |       0 |    0 |    24 |      0 |      0 |    0 |          0 |
|     g_pe_p_out_p_in[122].u          | spmw_fifo__parameterized0_275 |         20 |         20 |       0 |    0 |    24 |      0 |      0 |    0 |          0 |
|     g_pe_p_out_p_in[123].u          | spmw_fifo__parameterized0_276 |         20 |         20 |       0 |    0 |    24 |      0 |      0 |    0 |          0 |
|     g_pe_p_out_p_in[124].u          | spmw_fifo__parameterized0_277 |         20 |         20 |       0 |    0 |    24 |      0 |      0 |    0 |          0 |
|     g_pe_p_out_p_in[125].u          | spmw_fifo__parameterized0_278 |         29 |         29 |       0 |    0 |    33 |      0 |      0 |    0 |          0 |
|     g_pe_p_out_p_in[126].u          | spmw_fifo__parameterized0_279 |         20 |         20 |       0 |    0 |    24 |      0 |      0 |    0 |          0 |
|     g_pe_p_out_p_in[127].u          | spmw_fifo__parameterized0_280 |         29 |         29 |       0 |    0 |    33 |      0 |      0 |    0 |          0 |
|     g_pe_p_out_p_in[128].u          | spmw_fifo__parameterized0_281 |         29 |         29 |       0 |    0 |    33 |      0 |      0 |    0 |          0 |
|     g_pe_p_out_p_in[129].u          | spmw_fifo__parameterized0_282 |         21 |         21 |       0 |    0 |    25 |      0 |      0 |    0 |          0 |
|     g_pe_p_out_p_in[130].u          | spmw_fifo__parameterized0_283 |         21 |         21 |       0 |    0 |    25 |      0 |      0 |    0 |          0 |
|     g_pe_p_out_p_in[131].u          | spmw_fifo__parameterized0_284 |         29 |         29 |       0 |    0 |    33 |      0 |      0 |    0 |          0 |
|     g_pe_p_out_p_in[132].u          | spmw_fifo__parameterized0_285 |         29 |         29 |       0 |    0 |    33 |      0 |      0 |    0 |          0 |
|     g_pe_p_out_p_in[133].u          | spmw_fifo__parameterized0_286 |         29 |         29 |       0 |    0 |    33 |      0 |      0 |    0 |          0 |
|     g_pe_p_out_p_in[134].u          | spmw_fifo__parameterized0_287 |         30 |         30 |       0 |    0 |    33 |      0 |      0 |    0 |          0 |
|     g_pe_p_out_p_in[135].u          | spmw_fifo__parameterized0_288 |         29 |         29 |       0 |    0 |    33 |      0 |      0 |    0 |          0 |
|     g_pe_p_out_p_in[136].u          | spmw_fifo__parameterized0_289 |         29 |         29 |       0 |    0 |    33 |      0 |      0 |    0 |          0 |
|     g_pe_p_out_p_in[137].u          | spmw_fifo__parameterized0_290 |         30 |         30 |       0 |    0 |    33 |      0 |      0 |    0 |          0 |
|     g_pe_p_out_p_in[138].u          | spmw_fifo__parameterized0_291 |         29 |         29 |       0 |    0 |    33 |      0 |      0 |    0 |          0 |
|     g_pe_p_out_p_in[139].u          | spmw_fifo__parameterized0_292 |         29 |         29 |       0 |    0 |    33 |      0 |      0 |    0 |          0 |
|     g_pe_p_out_p_in[140].u          | spmw_fifo__parameterized0_293 |         29 |         29 |       0 |    0 |    33 |      0 |      0 |    0 |          0 |
|     g_pe_p_out_p_in[141].u          | spmw_fifo__parameterized0_294 |         29 |         29 |       0 |    0 |    33 |      0 |      0 |    0 |          0 |
|     g_pe_p_out_p_in[142].u          | spmw_fifo__parameterized0_295 |         21 |         21 |       0 |    0 |    25 |      0 |      0 |    0 |          0 |
|     g_pe_p_out_p_in[143].u          | spmw_fifo__parameterized0_296 |         29 |         29 |       0 |    0 |    33 |      0 |      0 |    0 |          0 |
|     g_pe_p_out_p_in[144].u          | spmw_fifo__parameterized0_297 |         29 |         29 |       0 |    0 |    33 |      0 |      0 |    0 |          0 |
|     g_pe_p_out_p_in[145].u          | spmw_fifo__parameterized0_298 |         22 |         22 |       0 |    0 |    26 |      0 |      0 |    0 |          0 |
|     g_pe_p_out_p_in[146].u          | spmw_fifo__parameterized0_299 |         22 |         22 |       0 |    0 |    26 |      0 |      0 |    0 |          0 |
|     g_pe_p_out_p_in[147].u          | spmw_fifo__parameterized0_300 |         29 |         29 |       0 |    0 |    33 |      0 |      0 |    0 |          0 |
|     g_pe_p_out_p_in[148].u          | spmw_fifo__parameterized0_301 |         29 |         29 |       0 |    0 |    33 |      0 |      0 |    0 |          0 |
|     g_pe_p_out_p_in[149].u          | spmw_fifo__parameterized0_302 |         29 |         29 |       0 |    0 |    33 |      0 |      0 |    0 |          0 |
|     g_pe_p_out_p_in[150].u          | spmw_fifo__parameterized0_303 |         29 |         29 |       0 |    0 |    33 |      0 |      0 |    0 |          0 |
|     g_pe_p_out_p_in[151].u          | spmw_fifo__parameterized0_304 |         29 |         29 |       0 |    0 |    33 |      0 |      0 |    0 |          0 |
|     g_pe_p_out_p_in[152].u          | spmw_fifo__parameterized0_305 |         29 |         29 |       0 |    0 |    33 |      0 |      0 |    0 |          0 |
|     g_pe_p_out_p_in[153].u          | spmw_fifo__parameterized0_306 |         29 |         29 |       0 |    0 |    33 |      0 |      0 |    0 |          0 |
|     g_pe_p_out_p_in[154].u          | spmw_fifo__parameterized0_307 |         29 |         29 |       0 |    0 |    33 |      0 |      0 |    0 |          0 |
|     g_pe_p_out_p_in[155].u          | spmw_fifo__parameterized0_308 |         29 |         29 |       0 |    0 |    33 |      0 |      0 |    0 |          0 |
|     g_pe_p_out_p_in[156].u          | spmw_fifo__parameterized0_309 |         29 |         29 |       0 |    0 |    33 |      0 |      0 |    0 |          0 |
|     g_pe_p_out_p_in[157].u          | spmw_fifo__parameterized0_310 |         29 |         29 |       0 |    0 |    33 |      0 |      0 |    0 |          0 |
|     g_pe_p_out_p_in[158].u          | spmw_fifo__parameterized0_311 |         22 |         22 |       0 |    0 |    26 |      0 |      0 |    0 |          0 |
|     g_pe_p_out_p_in[159].u          | spmw_fifo__parameterized0_312 |         29 |         29 |       0 |    0 |    33 |      0 |      0 |    0 |          0 |
|     g_pe_p_out_p_in[160].u          | spmw_fifo__parameterized0_313 |         29 |         29 |       0 |    0 |    33 |      0 |      0 |    0 |          0 |
|     g_pe_p_out_p_in[161].u          | spmw_fifo__parameterized0_314 |         23 |         23 |       0 |    0 |    27 |      0 |      0 |    0 |          0 |
|     g_pe_p_out_p_in[162].u          | spmw_fifo__parameterized0_315 |         23 |         23 |       0 |    0 |    27 |      0 |      0 |    0 |          0 |
|     g_pe_p_out_p_in[163].u          | spmw_fifo__parameterized0_316 |         29 |         29 |       0 |    0 |    33 |      0 |      0 |    0 |          0 |
|     g_pe_p_out_p_in[164].u          | spmw_fifo__parameterized0_317 |         29 |         29 |       0 |    0 |    33 |      0 |      0 |    0 |          0 |
|     g_pe_p_out_p_in[165].u          | spmw_fifo__parameterized0_318 |         29 |         29 |       0 |    0 |    33 |      0 |      0 |    0 |          0 |
|     g_pe_p_out_p_in[166].u          | spmw_fifo__parameterized0_319 |         29 |         29 |       0 |    0 |    33 |      0 |      0 |    0 |          0 |
|     g_pe_p_out_p_in[167].u          | spmw_fifo__parameterized0_320 |         29 |         29 |       0 |    0 |    33 |      0 |      0 |    0 |          0 |
|     g_pe_p_out_p_in[168].u          | spmw_fifo__parameterized0_321 |         29 |         29 |       0 |    0 |    33 |      0 |      0 |    0 |          0 |
|     g_pe_p_out_p_in[169].u          | spmw_fifo__parameterized0_322 |         29 |         29 |       0 |    0 |    33 |      0 |      0 |    0 |          0 |
|     g_pe_p_out_p_in[16].u           | spmw_fifo__parameterized0_323 |         14 |         14 |       0 |    0 |    17 |      0 |      0 |    0 |          0 |
|     g_pe_p_out_p_in[170].u          | spmw_fifo__parameterized0_324 |         29 |         29 |       0 |    0 |    33 |      0 |      0 |    0 |          0 |
|     g_pe_p_out_p_in[171].u          | spmw_fifo__parameterized0_325 |         29 |         29 |       0 |    0 |    33 |      0 |      0 |    0 |          0 |
|     g_pe_p_out_p_in[172].u          | spmw_fifo__parameterized0_326 |         29 |         29 |       0 |    0 |    33 |      0 |      0 |    0 |          0 |
|     g_pe_p_out_p_in[173].u          | spmw_fifo__parameterized0_327 |         29 |         29 |       0 |    0 |    33 |      0 |      0 |    0 |          0 |
|     g_pe_p_out_p_in[174].u          | spmw_fifo__parameterized0_328 |         23 |         23 |       0 |    0 |    27 |      0 |      0 |    0 |          0 |
|     g_pe_p_out_p_in[175].u          | spmw_fifo__parameterized0_329 |         29 |         29 |       0 |    0 |    33 |      0 |      0 |    0 |          0 |
|     g_pe_p_out_p_in[176].u          | spmw_fifo__parameterized0_330 |         29 |         29 |       0 |    0 |    33 |      0 |      0 |    0 |          0 |
|     g_pe_p_out_p_in[177].u          | spmw_fifo__parameterized0_331 |         24 |         24 |       0 |    0 |    28 |      0 |      0 |    0 |          0 |
|     g_pe_p_out_p_in[178].u          | spmw_fifo__parameterized0_332 |         24 |         24 |       0 |    0 |    28 |      0 |      0 |    0 |          0 |
|     g_pe_p_out_p_in[179].u          | spmw_fifo__parameterized0_333 |         29 |         29 |       0 |    0 |    33 |      0 |      0 |    0 |          0 |
|     g_pe_p_out_p_in[17].u           | spmw_fifo__parameterized0_334 |         14 |         14 |       0 |    0 |    17 |      0 |      0 |    0 |          0 |
|     g_pe_p_out_p_in[180].u          | spmw_fifo__parameterized0_335 |         29 |         29 |       0 |    0 |    33 |      0 |      0 |    0 |          0 |
|     g_pe_p_out_p_in[181].u          | spmw_fifo__parameterized0_336 |         29 |         29 |       0 |    0 |    33 |      0 |      0 |    0 |          0 |
|     g_pe_p_out_p_in[182].u          | spmw_fifo__parameterized0_337 |         29 |         29 |       0 |    0 |    33 |      0 |      0 |    0 |          0 |
|     g_pe_p_out_p_in[183].u          | spmw_fifo__parameterized0_338 |         29 |         29 |       0 |    0 |    33 |      0 |      0 |    0 |          0 |
|     g_pe_p_out_p_in[184].u          | spmw_fifo__parameterized0_339 |         29 |         29 |       0 |    0 |    33 |      0 |      0 |    0 |          0 |
|     g_pe_p_out_p_in[185].u          | spmw_fifo__parameterized0_340 |         29 |         29 |       0 |    0 |    33 |      0 |      0 |    0 |          0 |
|     g_pe_p_out_p_in[186].u          | spmw_fifo__parameterized0_341 |         29 |         29 |       0 |    0 |    33 |      0 |      0 |    0 |          0 |
|     g_pe_p_out_p_in[187].u          | spmw_fifo__parameterized0_342 |         29 |         29 |       0 |    0 |    33 |      0 |      0 |    0 |          0 |
|     g_pe_p_out_p_in[188].u          | spmw_fifo__parameterized0_343 |         29 |         29 |       0 |    0 |    33 |      0 |      0 |    0 |          0 |
|     g_pe_p_out_p_in[189].u          | spmw_fifo__parameterized0_344 |         29 |         29 |       0 |    0 |    33 |      0 |      0 |    0 |          0 |
|     g_pe_p_out_p_in[18].u           | spmw_fifo__parameterized0_345 |         14 |         14 |       0 |    0 |    17 |      0 |      0 |    0 |          0 |
|     g_pe_p_out_p_in[190].u          | spmw_fifo__parameterized0_346 |         24 |         24 |       0 |    0 |    28 |      0 |      0 |    0 |          0 |
|     g_pe_p_out_p_in[191].u          | spmw_fifo__parameterized0_347 |         29 |         29 |       0 |    0 |    33 |      0 |      0 |    0 |          0 |
|     g_pe_p_out_p_in[192].u          | spmw_fifo__parameterized0_348 |         29 |         29 |       0 |    0 |    33 |      0 |      0 |    0 |          0 |
|     g_pe_p_out_p_in[193].u          | spmw_fifo__parameterized0_349 |         25 |         25 |       0 |    0 |    29 |      0 |      0 |    0 |          0 |
|     g_pe_p_out_p_in[194].u          | spmw_fifo__parameterized0_350 |         25 |         25 |       0 |    0 |    29 |      0 |      0 |    0 |          0 |
|     g_pe_p_out_p_in[195].u          | spmw_fifo__parameterized0_351 |         29 |         29 |       0 |    0 |    33 |      0 |      0 |    0 |          0 |
|     g_pe_p_out_p_in[196].u          | spmw_fifo__parameterized0_352 |         29 |         29 |       0 |    0 |    33 |      0 |      0 |    0 |          0 |
|     g_pe_p_out_p_in[197].u          | spmw_fifo__parameterized0_353 |         29 |         29 |       0 |    0 |    33 |      0 |      0 |    0 |          0 |
|     g_pe_p_out_p_in[198].u          | spmw_fifo__parameterized0_354 |         29 |         29 |       0 |    0 |    33 |      0 |      0 |    0 |          0 |
|     g_pe_p_out_p_in[199].u          | spmw_fifo__parameterized0_355 |         29 |         29 |       0 |    0 |    33 |      0 |      0 |    0 |          0 |
|     g_pe_p_out_p_in[19].u           | spmw_fifo__parameterized0_356 |         14 |         14 |       0 |    0 |    17 |      0 |      0 |    0 |          0 |
|     g_pe_p_out_p_in[200].u          | spmw_fifo__parameterized0_357 |         29 |         29 |       0 |    0 |    33 |      0 |      0 |    0 |          0 |
|     g_pe_p_out_p_in[201].u          | spmw_fifo__parameterized0_358 |         30 |         30 |       0 |    0 |    33 |      0 |      0 |    0 |          0 |
|     g_pe_p_out_p_in[202].u          | spmw_fifo__parameterized0_359 |         29 |         29 |       0 |    0 |    33 |      0 |      0 |    0 |          0 |
|     g_pe_p_out_p_in[203].u          | spmw_fifo__parameterized0_360 |         29 |         29 |       0 |    0 |    33 |      0 |      0 |    0 |          0 |
|     g_pe_p_out_p_in[204].u          | spmw_fifo__parameterized0_361 |         29 |         29 |       0 |    0 |    33 |      0 |      0 |    0 |          0 |
|     g_pe_p_out_p_in[205].u          | spmw_fifo__parameterized0_362 |         29 |         29 |       0 |    0 |    33 |      0 |      0 |    0 |          0 |
|     g_pe_p_out_p_in[206].u          | spmw_fifo__parameterized0_363 |         25 |         25 |       0 |    0 |    29 |      0 |      0 |    0 |          0 |
|     g_pe_p_out_p_in[207].u          | spmw_fifo__parameterized0_364 |         29 |         29 |       0 |    0 |    33 |      0 |      0 |    0 |          0 |
|     g_pe_p_out_p_in[208].u          | spmw_fifo__parameterized0_365 |         29 |         29 |       0 |    0 |    33 |      0 |      0 |    0 |          0 |
|     g_pe_p_out_p_in[209].u          | spmw_fifo__parameterized0_366 |         29 |         29 |       0 |    0 |    33 |      0 |      0 |    0 |          0 |
|     g_pe_p_out_p_in[20].u           | spmw_fifo__parameterized0_367 |         14 |         14 |       0 |    0 |    17 |      0 |      0 |    0 |          0 |
|     g_pe_p_out_p_in[210].u          | spmw_fifo__parameterized0_368 |         29 |         29 |       0 |    0 |    33 |      0 |      0 |    0 |          0 |
|     g_pe_p_out_p_in[211].u          | spmw_fifo__parameterized0_369 |         29 |         29 |       0 |    0 |    33 |      0 |      0 |    0 |          0 |
|     g_pe_p_out_p_in[212].u          | spmw_fifo__parameterized0_370 |         29 |         29 |       0 |    0 |    33 |      0 |      0 |    0 |          0 |
|     g_pe_p_out_p_in[213].u          | spmw_fifo__parameterized0_371 |         29 |         29 |       0 |    0 |    33 |      0 |      0 |    0 |          0 |
|     g_pe_p_out_p_in[214].u          | spmw_fifo__parameterized0_372 |         29 |         29 |       0 |    0 |    33 |      0 |      0 |    0 |          0 |
|     g_pe_p_out_p_in[215].u          | spmw_fifo__parameterized0_373 |         29 |         29 |       0 |    0 |    33 |      0 |      0 |    0 |          0 |
|     g_pe_p_out_p_in[216].u          | spmw_fifo__parameterized0_374 |         29 |         29 |       0 |    0 |    33 |      0 |      0 |    0 |          0 |
|     g_pe_p_out_p_in[217].u          | spmw_fifo__parameterized0_375 |         29 |         29 |       0 |    0 |    33 |      0 |      0 |    0 |          0 |
|     g_pe_p_out_p_in[218].u          | spmw_fifo__parameterized0_376 |         29 |         29 |       0 |    0 |    33 |      0 |      0 |    0 |          0 |
|     g_pe_p_out_p_in[219].u          | spmw_fifo__parameterized0_377 |         29 |         29 |       0 |    0 |    33 |      0 |      0 |    0 |          0 |
|     g_pe_p_out_p_in[21].u           | spmw_fifo__parameterized0_378 |         14 |         14 |       0 |    0 |    17 |      0 |      0 |    0 |          0 |
|     g_pe_p_out_p_in[220].u          | spmw_fifo__parameterized0_379 |         29 |         29 |       0 |    0 |    33 |      0 |      0 |    0 |          0 |
|     g_pe_p_out_p_in[221].u          | spmw_fifo__parameterized0_380 |         29 |         29 |       0 |    0 |    33 |      0 |      0 |    0 |          0 |
|     g_pe_p_out_p_in[222].u          | spmw_fifo__parameterized0_381 |         26 |         26 |       0 |    0 |    30 |      0 |      0 |    0 |          0 |
|     g_pe_p_out_p_in[223].u          | spmw_fifo__parameterized0_382 |         29 |         29 |       0 |    0 |    33 |      0 |      0 |    0 |          0 |
|     g_pe_p_out_p_in[224].u          | spmw_fifo__parameterized0_383 |         29 |         29 |       0 |    0 |    33 |      0 |      0 |    0 |          0 |
|     g_pe_p_out_p_in[225].u          | spmw_fifo__parameterized0_384 |         29 |         29 |       0 |    0 |    33 |      0 |      0 |    0 |          0 |
|     g_pe_p_out_p_in[226].u          | spmw_fifo__parameterized0_385 |         29 |         29 |       0 |    0 |    33 |      0 |      0 |    0 |          0 |
|     g_pe_p_out_p_in[227].u          | spmw_fifo__parameterized0_386 |         29 |         29 |       0 |    0 |    33 |      0 |      0 |    0 |          0 |
|     g_pe_p_out_p_in[228].u          | spmw_fifo__parameterized0_387 |         29 |         29 |       0 |    0 |    33 |      0 |      0 |    0 |          0 |
|     g_pe_p_out_p_in[229].u          | spmw_fifo__parameterized0_388 |         30 |         30 |       0 |    0 |    33 |      0 |      0 |    0 |          0 |
|     g_pe_p_out_p_in[22].u           | spmw_fifo__parameterized0_389 |         14 |         14 |       0 |    0 |    17 |      0 |      0 |    0 |          0 |
|     g_pe_p_out_p_in[230].u          | spmw_fifo__parameterized0_390 |         29 |         29 |       0 |    0 |    33 |      0 |      0 |    0 |          0 |
|     g_pe_p_out_p_in[231].u          | spmw_fifo__parameterized0_391 |         29 |         29 |       0 |    0 |    33 |      0 |      0 |    0 |          0 |
|     g_pe_p_out_p_in[232].u          | spmw_fifo__parameterized0_392 |         29 |         29 |       0 |    0 |    33 |      0 |      0 |    0 |          0 |
|     g_pe_p_out_p_in[233].u          | spmw_fifo__parameterized0_393 |         29 |         29 |       0 |    0 |    33 |      0 |      0 |    0 |          0 |
|     g_pe_p_out_p_in[234].u          | spmw_fifo__parameterized0_394 |         29 |         29 |       0 |    0 |    33 |      0 |      0 |    0 |          0 |
|     g_pe_p_out_p_in[235].u          | spmw_fifo__parameterized0_395 |         29 |         29 |       0 |    0 |    33 |      0 |      0 |    0 |          0 |
|     g_pe_p_out_p_in[236].u          | spmw_fifo__parameterized0_396 |         29 |         29 |       0 |    0 |    33 |      0 |      0 |    0 |          0 |
|     g_pe_p_out_p_in[237].u          | spmw_fifo__parameterized0_397 |         29 |         29 |       0 |    0 |    33 |      0 |      0 |    0 |          0 |
|     g_pe_p_out_p_in[238].u          | spmw_fifo__parameterized0_398 |         27 |         27 |       0 |    0 |    31 |      0 |      0 |    0 |          0 |
|     g_pe_p_out_p_in[239].u          | spmw_fifo__parameterized0_399 |         29 |         29 |       0 |    0 |    33 |      0 |      0 |    0 |          0 |
|     g_pe_p_out_p_in[23].u           | spmw_fifo__parameterized0_400 |         14 |         14 |       0 |    0 |    17 |      0 |      0 |    0 |          0 |
|     g_pe_p_out_p_in[240].u          | spmw_fifo__parameterized0_401 |         30 |         30 |       0 |    0 |    33 |      0 |      0 |    0 |          0 |
|     g_pe_p_out_p_in[241].u          | spmw_fifo__parameterized0_402 |         29 |         29 |       0 |    0 |    33 |      0 |      0 |    0 |          0 |
|     g_pe_p_out_p_in[242].u          | spmw_fifo__parameterized0_403 |         29 |         29 |       0 |    0 |    33 |      0 |      0 |    0 |          0 |
|     g_pe_p_out_p_in[243].u          | spmw_fifo__parameterized0_404 |         29 |         29 |       0 |    0 |    33 |      0 |      0 |    0 |          0 |
|     g_pe_p_out_p_in[244].u          | spmw_fifo__parameterized0_405 |         29 |         29 |       0 |    0 |    33 |      0 |      0 |    0 |          0 |
|     g_pe_p_out_p_in[245].u          | spmw_fifo__parameterized0_406 |         29 |         29 |       0 |    0 |    33 |      0 |      0 |    0 |          0 |
|     g_pe_p_out_p_in[246].u          | spmw_fifo__parameterized0_407 |         29 |         29 |       0 |    0 |    33 |      0 |      0 |    0 |          0 |
|     g_pe_p_out_p_in[247].u          | spmw_fifo__parameterized0_408 |         29 |         29 |       0 |    0 |    33 |      0 |      0 |    0 |          0 |
|     g_pe_p_out_p_in[248].u          | spmw_fifo__parameterized0_409 |         29 |         29 |       0 |    0 |    33 |      0 |      0 |    0 |          0 |
|     g_pe_p_out_p_in[249].u          | spmw_fifo__parameterized0_410 |         29 |         29 |       0 |    0 |    33 |      0 |      0 |    0 |          0 |
|     g_pe_p_out_p_in[24].u           | spmw_fifo__parameterized0_411 |         14 |         14 |       0 |    0 |    17 |      0 |      0 |    0 |          0 |
|     g_pe_p_out_p_in[250].u          | spmw_fifo__parameterized0_412 |         29 |         29 |       0 |    0 |    33 |      0 |      0 |    0 |          0 |
|     g_pe_p_out_p_in[251].u          | spmw_fifo__parameterized0_413 |         29 |         29 |       0 |    0 |    33 |      0 |      0 |    0 |          0 |
|     g_pe_p_out_p_in[252].u          | spmw_fifo__parameterized0_414 |         29 |         29 |       0 |    0 |    33 |      0 |      0 |    0 |          0 |
|     g_pe_p_out_p_in[253].u          | spmw_fifo__parameterized0_415 |         29 |         29 |       0 |    0 |    33 |      0 |      0 |    0 |          0 |
|     g_pe_p_out_p_in[254].u          | spmw_fifo__parameterized0_416 |         28 |         28 |       0 |    0 |    32 |      0 |      0 |    0 |          0 |
|     g_pe_p_out_p_in[255].u          | spmw_fifo__parameterized0_417 |         29 |         29 |       0 |    0 |    33 |      0 |      0 |    0 |          0 |
|     g_pe_p_out_p_in[25].u           | spmw_fifo__parameterized0_418 |         14 |         14 |       0 |    0 |    17 |      0 |      0 |    0 |          0 |
|     g_pe_p_out_p_in[26].u           | spmw_fifo__parameterized0_419 |         14 |         14 |       0 |    0 |    17 |      0 |      0 |    0 |          0 |
|     g_pe_p_out_p_in[27].u           | spmw_fifo__parameterized0_420 |         14 |         14 |       0 |    0 |    17 |      0 |      0 |    0 |          0 |
|     g_pe_p_out_p_in[28].u           | spmw_fifo__parameterized0_421 |         14 |         14 |       0 |    0 |    17 |      0 |      0 |    0 |          0 |
|     g_pe_p_out_p_in[29].u           | spmw_fifo__parameterized0_422 |         14 |         14 |       0 |    0 |    17 |      0 |      0 |    0 |          0 |
|     g_pe_p_out_p_in[30].u           | spmw_fifo__parameterized0_423 |         14 |         14 |       0 |    0 |    17 |      0 |      0 |    0 |          0 |
|     g_pe_p_out_p_in[31].u           | spmw_fifo__parameterized0_424 |         14 |         14 |       0 |    0 |    17 |      0 |      0 |    0 |          0 |
|     g_pe_p_out_p_in[32].u           | spmw_fifo__parameterized0_425 |         15 |         15 |       0 |    0 |    19 |      0 |      0 |    0 |          0 |
|     g_pe_p_out_p_in[33].u           | spmw_fifo__parameterized0_426 |         15 |         15 |       0 |    0 |    19 |      0 |      0 |    0 |          0 |
|     g_pe_p_out_p_in[34].u           | spmw_fifo__parameterized0_427 |         15 |         15 |       0 |    0 |    19 |      0 |      0 |    0 |          0 |
|     g_pe_p_out_p_in[35].u           | spmw_fifo__parameterized0_428 |         15 |         15 |       0 |    0 |    19 |      0 |      0 |    0 |          0 |
|     g_pe_p_out_p_in[36].u           | spmw_fifo__parameterized0_429 |         15 |         15 |       0 |    0 |    19 |      0 |      0 |    0 |          0 |
|     g_pe_p_out_p_in[37].u           | spmw_fifo__parameterized0_430 |         29 |         29 |       0 |    0 |    33 |      0 |      0 |    0 |          0 |
|     g_pe_p_out_p_in[38].u           | spmw_fifo__parameterized0_431 |         15 |         15 |       0 |    0 |    19 |      0 |      0 |    0 |          0 |
|     g_pe_p_out_p_in[39].u           | spmw_fifo__parameterized0_432 |         15 |         15 |       0 |    0 |    19 |      0 |      0 |    0 |          0 |
|     g_pe_p_out_p_in[40].u           | spmw_fifo__parameterized0_433 |         15 |         15 |       0 |    0 |    19 |      0 |      0 |    0 |          0 |
|     g_pe_p_out_p_in[41].u           | spmw_fifo__parameterized0_434 |         15 |         15 |       0 |    0 |    19 |      0 |      0 |    0 |          0 |
|     g_pe_p_out_p_in[42].u           | spmw_fifo__parameterized0_435 |         15 |         15 |       0 |    0 |    19 |      0 |      0 |    0 |          0 |
|     g_pe_p_out_p_in[43].u           | spmw_fifo__parameterized0_436 |         15 |         15 |       0 |    0 |    19 |      0 |      0 |    0 |          0 |
|     g_pe_p_out_p_in[44].u           | spmw_fifo__parameterized0_437 |         15 |         15 |       0 |    0 |    19 |      0 |      0 |    0 |          0 |
|     g_pe_p_out_p_in[45].u           | spmw_fifo__parameterized0_438 |         29 |         29 |       0 |    0 |    33 |      0 |      0 |    0 |          0 |
|     g_pe_p_out_p_in[46].u           | spmw_fifo__parameterized0_439 |         15 |         15 |       0 |    0 |    19 |      0 |      0 |    0 |          0 |
|     g_pe_p_out_p_in[47].u           | spmw_fifo__parameterized0_440 |         29 |         29 |       0 |    0 |    33 |      0 |      0 |    0 |          0 |
|     g_pe_p_out_p_in[48].u           | spmw_fifo__parameterized0_441 |         16 |         16 |       0 |    0 |    20 |      0 |      0 |    0 |          0 |
|     g_pe_p_out_p_in[49].u           | spmw_fifo__parameterized0_442 |         16 |         16 |       0 |    0 |    20 |      0 |      0 |    0 |          0 |
|     g_pe_p_out_p_in[50].u           | spmw_fifo__parameterized0_443 |         16 |         16 |       0 |    0 |    20 |      0 |      0 |    0 |          0 |
|     g_pe_p_out_p_in[51].u           | spmw_fifo__parameterized0_444 |         29 |         29 |       0 |    0 |    33 |      0 |      0 |    0 |          0 |
|     g_pe_p_out_p_in[52].u           | spmw_fifo__parameterized0_445 |         16 |         16 |       0 |    0 |    20 |      0 |      0 |    0 |          0 |
|     g_pe_p_out_p_in[53].u           | spmw_fifo__parameterized0_446 |         29 |         29 |       0 |    0 |    33 |      0 |      0 |    0 |          0 |
|     g_pe_p_out_p_in[54].u           | spmw_fifo__parameterized0_447 |         16 |         16 |       0 |    0 |    20 |      0 |      0 |    0 |          0 |
|     g_pe_p_out_p_in[55].u           | spmw_fifo__parameterized0_448 |         16 |         16 |       0 |    0 |    20 |      0 |      0 |    0 |          0 |
|     g_pe_p_out_p_in[56].u           | spmw_fifo__parameterized0_449 |         16 |         16 |       0 |    0 |    20 |      0 |      0 |    0 |          0 |
|     g_pe_p_out_p_in[57].u           | spmw_fifo__parameterized0_450 |         16 |         16 |       0 |    0 |    20 |      0 |      0 |    0 |          0 |
|     g_pe_p_out_p_in[58].u           | spmw_fifo__parameterized0_451 |         16 |         16 |       0 |    0 |    20 |      0 |      0 |    0 |          0 |
|     g_pe_p_out_p_in[59].u           | spmw_fifo__parameterized0_452 |         16 |         16 |       0 |    0 |    20 |      0 |      0 |    0 |          0 |
|     g_pe_p_out_p_in[60].u           | spmw_fifo__parameterized0_453 |         16 |         16 |       0 |    0 |    20 |      0 |      0 |    0 |          0 |
|     g_pe_p_out_p_in[61].u           | spmw_fifo__parameterized0_454 |         29 |         29 |       0 |    0 |    33 |      0 |      0 |    0 |          0 |
|     g_pe_p_out_p_in[62].u           | spmw_fifo__parameterized0_455 |         16 |         16 |       0 |    0 |    20 |      0 |      0 |    0 |          0 |
|     g_pe_p_out_p_in[63].u           | spmw_fifo__parameterized0_456 |         29 |         29 |       0 |    0 |    33 |      0 |      0 |    0 |          0 |
|     g_pe_p_out_p_in[64].u           | spmw_fifo__parameterized0_457 |         17 |         17 |       0 |    0 |    21 |      0 |      0 |    0 |          0 |
|     g_pe_p_out_p_in[65].u           | spmw_fifo__parameterized0_458 |         17 |         17 |       0 |    0 |    21 |      0 |      0 |    0 |          0 |
|     g_pe_p_out_p_in[66].u           | spmw_fifo__parameterized0_459 |         17 |         17 |       0 |    0 |    21 |      0 |      0 |    0 |          0 |
|     g_pe_p_out_p_in[67].u           | spmw_fifo__parameterized0_460 |         29 |         29 |       0 |    0 |    33 |      0 |      0 |    0 |          0 |
|     g_pe_p_out_p_in[68].u           | spmw_fifo__parameterized0_461 |         17 |         17 |       0 |    0 |    21 |      0 |      0 |    0 |          0 |
|     g_pe_p_out_p_in[69].u           | spmw_fifo__parameterized0_462 |         29 |         29 |       0 |    0 |    33 |      0 |      0 |    0 |          0 |
|     g_pe_p_out_p_in[70].u           | spmw_fifo__parameterized0_463 |         17 |         17 |       0 |    0 |    21 |      0 |      0 |    0 |          0 |
|     g_pe_p_out_p_in[71].u           | spmw_fifo__parameterized0_464 |         17 |         17 |       0 |    0 |    21 |      0 |      0 |    0 |          0 |
|     g_pe_p_out_p_in[72].u           | spmw_fifo__parameterized0_465 |         29 |         29 |       0 |    0 |    33 |      0 |      0 |    0 |          0 |
|     g_pe_p_out_p_in[73].u           | spmw_fifo__parameterized0_466 |         17 |         17 |       0 |    0 |    21 |      0 |      0 |    0 |          0 |
|     g_pe_p_out_p_in[74].u           | spmw_fifo__parameterized0_467 |         17 |         17 |       0 |    0 |    21 |      0 |      0 |    0 |          0 |
|     g_pe_p_out_p_in[75].u           | spmw_fifo__parameterized0_468 |         17 |         17 |       0 |    0 |    21 |      0 |      0 |    0 |          0 |
|     g_pe_p_out_p_in[76].u           | spmw_fifo__parameterized0_469 |         17 |         17 |       0 |    0 |    21 |      0 |      0 |    0 |          0 |
|     g_pe_p_out_p_in[77].u           | spmw_fifo__parameterized0_470 |         29 |         29 |       0 |    0 |    33 |      0 |      0 |    0 |          0 |
|     g_pe_p_out_p_in[78].u           | spmw_fifo__parameterized0_471 |         17 |         17 |       0 |    0 |    21 |      0 |      0 |    0 |          0 |
|     g_pe_p_out_p_in[79].u           | spmw_fifo__parameterized0_472 |         29 |         29 |       0 |    0 |    33 |      0 |      0 |    0 |          0 |
|     g_pe_p_out_p_in[80].u           | spmw_fifo__parameterized0_473 |         18 |         18 |       0 |    0 |    22 |      0 |      0 |    0 |          0 |
|     g_pe_p_out_p_in[81].u           | spmw_fifo__parameterized0_474 |         18 |         18 |       0 |    0 |    22 |      0 |      0 |    0 |          0 |
|     g_pe_p_out_p_in[82].u           | spmw_fifo__parameterized0_475 |         18 |         18 |       0 |    0 |    22 |      0 |      0 |    0 |          0 |
|     g_pe_p_out_p_in[83].u           | spmw_fifo__parameterized0_476 |         29 |         29 |       0 |    0 |    33 |      0 |      0 |    0 |          0 |
|     g_pe_p_out_p_in[84].u           | spmw_fifo__parameterized0_477 |         18 |         18 |       0 |    0 |    22 |      0 |      0 |    0 |          0 |
|     g_pe_p_out_p_in[85].u           | spmw_fifo__parameterized0_478 |         29 |         29 |       0 |    0 |    33 |      0 |      0 |    0 |          0 |
|     g_pe_p_out_p_in[86].u           | spmw_fifo__parameterized0_479 |         18 |         18 |       0 |    0 |    22 |      0 |      0 |    0 |          0 |
|     g_pe_p_out_p_in[87].u           | spmw_fifo__parameterized0_480 |         18 |         18 |       0 |    0 |    22 |      0 |      0 |    0 |          0 |
|     g_pe_p_out_p_in[88].u           | spmw_fifo__parameterized0_481 |         29 |         29 |       0 |    0 |    33 |      0 |      0 |    0 |          0 |
|     g_pe_p_out_p_in[89].u           | spmw_fifo__parameterized0_482 |         18 |         18 |       0 |    0 |    22 |      0 |      0 |    0 |          0 |
|     g_pe_p_out_p_in[90].u           | spmw_fifo__parameterized0_483 |         18 |         18 |       0 |    0 |    22 |      0 |      0 |    0 |          0 |
|     g_pe_p_out_p_in[91].u           | spmw_fifo__parameterized0_484 |         18 |         18 |       0 |    0 |    22 |      0 |      0 |    0 |          0 |
|     g_pe_p_out_p_in[92].u           | spmw_fifo__parameterized0_485 |         18 |         18 |       0 |    0 |    22 |      0 |      0 |    0 |          0 |
|     g_pe_p_out_p_in[93].u           | spmw_fifo__parameterized0_486 |         29 |         29 |       0 |    0 |    33 |      0 |      0 |    0 |          0 |
|     g_pe_p_out_p_in[94].u           | spmw_fifo__parameterized0_487 |         18 |         18 |       0 |    0 |    22 |      0 |      0 |    0 |          0 |
|     g_pe_p_out_p_in[95].u           | spmw_fifo__parameterized0_488 |         29 |         29 |       0 |    0 |    33 |      0 |      0 |    0 |          0 |
|     g_pe_p_out_p_in[96].u           | spmw_fifo__parameterized0_489 |         29 |         29 |       0 |    0 |    33 |      0 |      0 |    0 |          0 |
|     g_pe_p_out_p_in[97].u           | spmw_fifo__parameterized0_490 |         19 |         19 |       0 |    0 |    23 |      0 |      0 |    0 |          0 |
|     g_pe_p_out_p_in[98].u           | spmw_fifo__parameterized0_491 |         19 |         19 |       0 |    0 |    23 |      0 |      0 |    0 |          0 |
|     g_pe_p_out_p_in[99].u           | spmw_fifo__parameterized0_492 |         29 |         29 |       0 |    0 |    33 |      0 |      0 |    0 |          0 |
|     g_pe_w_out_w_in[100].u          |                 spmw_fifo_493 |          0 |          0 |       0 |    0 |     9 |      0 |      0 |    0 |          0 |
|     g_pe_w_out_w_in[101].u          |                 spmw_fifo_494 |          0 |          0 |       0 |    0 |     9 |      0 |      0 |    0 |          0 |
|     g_pe_w_out_w_in[102].u          |                 spmw_fifo_495 |          0 |          0 |       0 |    0 |     9 |      0 |      0 |    0 |          0 |
|     g_pe_w_out_w_in[103].u          |                 spmw_fifo_496 |          0 |          0 |       0 |    0 |     9 |      0 |      0 |    0 |          0 |
|     g_pe_w_out_w_in[104].u          |                 spmw_fifo_497 |          0 |          0 |       0 |    0 |     9 |      0 |      0 |    0 |          0 |
|     g_pe_w_out_w_in[105].u          |                 spmw_fifo_498 |          0 |          0 |       0 |    0 |     9 |      0 |      0 |    0 |          0 |
|     g_pe_w_out_w_in[106].u          |                 spmw_fifo_499 |          0 |          0 |       0 |    0 |     9 |      0 |      0 |    0 |          0 |
|     g_pe_w_out_w_in[107].u          |                 spmw_fifo_500 |          0 |          0 |       0 |    0 |     9 |      0 |      0 |    0 |          0 |
|     g_pe_w_out_w_in[108].u          |                 spmw_fifo_501 |          0 |          0 |       0 |    0 |     9 |      0 |      0 |    0 |          0 |
|     g_pe_w_out_w_in[109].u          |                 spmw_fifo_502 |          0 |          0 |       0 |    0 |     9 |      0 |      0 |    0 |          0 |
|     g_pe_w_out_w_in[10].u           |                 spmw_fifo_503 |          0 |          0 |       0 |    0 |     9 |      0 |      0 |    0 |          0 |
|     g_pe_w_out_w_in[110].u          |                 spmw_fifo_504 |          0 |          0 |       0 |    0 |     9 |      0 |      0 |    0 |          0 |
|     g_pe_w_out_w_in[111].u          |                 spmw_fifo_505 |          0 |          0 |       0 |    0 |     9 |      0 |      0 |    0 |          0 |
|     g_pe_w_out_w_in[113].u          |                 spmw_fifo_506 |          0 |          0 |       0 |    0 |     9 |      0 |      0 |    0 |          0 |
|     g_pe_w_out_w_in[114].u          |                 spmw_fifo_507 |          0 |          0 |       0 |    0 |     9 |      0 |      0 |    0 |          0 |
|     g_pe_w_out_w_in[115].u          |                 spmw_fifo_508 |          0 |          0 |       0 |    0 |     9 |      0 |      0 |    0 |          0 |
|     g_pe_w_out_w_in[116].u          |                 spmw_fifo_509 |          0 |          0 |       0 |    0 |     9 |      0 |      0 |    0 |          0 |
|     g_pe_w_out_w_in[117].u          |                 spmw_fifo_510 |          0 |          0 |       0 |    0 |     9 |      0 |      0 |    0 |          0 |
|     g_pe_w_out_w_in[118].u          |                 spmw_fifo_511 |          0 |          0 |       0 |    0 |     9 |      0 |      0 |    0 |          0 |
|     g_pe_w_out_w_in[119].u          |                 spmw_fifo_512 |          0 |          0 |       0 |    0 |     9 |      0 |      0 |    0 |          0 |
|     g_pe_w_out_w_in[11].u           |                 spmw_fifo_513 |          0 |          0 |       0 |    0 |     9 |      0 |      0 |    0 |          0 |
|     g_pe_w_out_w_in[120].u          |                 spmw_fifo_514 |          0 |          0 |       0 |    0 |     9 |      0 |      0 |    0 |          0 |
|     g_pe_w_out_w_in[121].u          |                 spmw_fifo_515 |          0 |          0 |       0 |    0 |     9 |      0 |      0 |    0 |          0 |
|     g_pe_w_out_w_in[122].u          |                 spmw_fifo_516 |          0 |          0 |       0 |    0 |     9 |      0 |      0 |    0 |          0 |
|     g_pe_w_out_w_in[123].u          |                 spmw_fifo_517 |          0 |          0 |       0 |    0 |     9 |      0 |      0 |    0 |          0 |
|     g_pe_w_out_w_in[124].u          |                 spmw_fifo_518 |          0 |          0 |       0 |    0 |     9 |      0 |      0 |    0 |          0 |
|     g_pe_w_out_w_in[125].u          |                 spmw_fifo_519 |          0 |          0 |       0 |    0 |     9 |      0 |      0 |    0 |          0 |
|     g_pe_w_out_w_in[126].u          |                 spmw_fifo_520 |          0 |          0 |       0 |    0 |     9 |      0 |      0 |    0 |          0 |
|     g_pe_w_out_w_in[127].u          |                 spmw_fifo_521 |          0 |          0 |       0 |    0 |     9 |      0 |      0 |    0 |          0 |
|     g_pe_w_out_w_in[129].u          |                 spmw_fifo_522 |          0 |          0 |       0 |    0 |     9 |      0 |      0 |    0 |          0 |
|     g_pe_w_out_w_in[12].u           |                 spmw_fifo_523 |          0 |          0 |       0 |    0 |     9 |      0 |      0 |    0 |          0 |
|     g_pe_w_out_w_in[130].u          |                 spmw_fifo_524 |          0 |          0 |       0 |    0 |     9 |      0 |      0 |    0 |          0 |
|     g_pe_w_out_w_in[131].u          |                 spmw_fifo_525 |          0 |          0 |       0 |    0 |     9 |      0 |      0 |    0 |          0 |
|     g_pe_w_out_w_in[132].u          |                 spmw_fifo_526 |          0 |          0 |       0 |    0 |     9 |      0 |      0 |    0 |          0 |
|     g_pe_w_out_w_in[133].u          |                 spmw_fifo_527 |          0 |          0 |       0 |    0 |     9 |      0 |      0 |    0 |          0 |
|     g_pe_w_out_w_in[134].u          |                 spmw_fifo_528 |          0 |          0 |       0 |    0 |     9 |      0 |      0 |    0 |          0 |
|     g_pe_w_out_w_in[135].u          |                 spmw_fifo_529 |          0 |          0 |       0 |    0 |     9 |      0 |      0 |    0 |          0 |
|     g_pe_w_out_w_in[136].u          |                 spmw_fifo_530 |          0 |          0 |       0 |    0 |     9 |      0 |      0 |    0 |          0 |
|     g_pe_w_out_w_in[137].u          |                 spmw_fifo_531 |          0 |          0 |       0 |    0 |     9 |      0 |      0 |    0 |          0 |
|     g_pe_w_out_w_in[138].u          |                 spmw_fifo_532 |          0 |          0 |       0 |    0 |     9 |      0 |      0 |    0 |          0 |
|     g_pe_w_out_w_in[139].u          |                 spmw_fifo_533 |          0 |          0 |       0 |    0 |     9 |      0 |      0 |    0 |          0 |
|     g_pe_w_out_w_in[13].u           |                 spmw_fifo_534 |          0 |          0 |       0 |    0 |     9 |      0 |      0 |    0 |          0 |
|     g_pe_w_out_w_in[140].u          |                 spmw_fifo_535 |          0 |          0 |       0 |    0 |     9 |      0 |      0 |    0 |          0 |
|     g_pe_w_out_w_in[141].u          |                 spmw_fifo_536 |          0 |          0 |       0 |    0 |     9 |      0 |      0 |    0 |          0 |
|     g_pe_w_out_w_in[142].u          |                 spmw_fifo_537 |          0 |          0 |       0 |    0 |     9 |      0 |      0 |    0 |          0 |
|     g_pe_w_out_w_in[143].u          |                 spmw_fifo_538 |          0 |          0 |       0 |    0 |     9 |      0 |      0 |    0 |          0 |
|     g_pe_w_out_w_in[145].u          |                 spmw_fifo_539 |          0 |          0 |       0 |    0 |     9 |      0 |      0 |    0 |          0 |
|     g_pe_w_out_w_in[146].u          |                 spmw_fifo_540 |          0 |          0 |       0 |    0 |     9 |      0 |      0 |    0 |          0 |
|     g_pe_w_out_w_in[147].u          |                 spmw_fifo_541 |          0 |          0 |       0 |    0 |     9 |      0 |      0 |    0 |          0 |
|     g_pe_w_out_w_in[148].u          |                 spmw_fifo_542 |          0 |          0 |       0 |    0 |     9 |      0 |      0 |    0 |          0 |
|     g_pe_w_out_w_in[149].u          |                 spmw_fifo_543 |          0 |          0 |       0 |    0 |     9 |      0 |      0 |    0 |          0 |
|     g_pe_w_out_w_in[14].u           |                 spmw_fifo_544 |          0 |          0 |       0 |    0 |     9 |      0 |      0 |    0 |          0 |
|     g_pe_w_out_w_in[150].u          |                 spmw_fifo_545 |          0 |          0 |       0 |    0 |     9 |      0 |      0 |    0 |          0 |
|     g_pe_w_out_w_in[151].u          |                 spmw_fifo_546 |          0 |          0 |       0 |    0 |     9 |      0 |      0 |    0 |          0 |
|     g_pe_w_out_w_in[152].u          |                 spmw_fifo_547 |          0 |          0 |       0 |    0 |     9 |      0 |      0 |    0 |          0 |
|     g_pe_w_out_w_in[153].u          |                 spmw_fifo_548 |          0 |          0 |       0 |    0 |     9 |      0 |      0 |    0 |          0 |
|     g_pe_w_out_w_in[154].u          |                 spmw_fifo_549 |          0 |          0 |       0 |    0 |     9 |      0 |      0 |    0 |          0 |
|     g_pe_w_out_w_in[155].u          |                 spmw_fifo_550 |          0 |          0 |       0 |    0 |     9 |      0 |      0 |    0 |          0 |
|     g_pe_w_out_w_in[156].u          |                 spmw_fifo_551 |          0 |          0 |       0 |    0 |     9 |      0 |      0 |    0 |          0 |
|     g_pe_w_out_w_in[157].u          |                 spmw_fifo_552 |          0 |          0 |       0 |    0 |     9 |      0 |      0 |    0 |          0 |
|     g_pe_w_out_w_in[158].u          |                 spmw_fifo_553 |          0 |          0 |       0 |    0 |     9 |      0 |      0 |    0 |          0 |
|     g_pe_w_out_w_in[159].u          |                 spmw_fifo_554 |          0 |          0 |       0 |    0 |     9 |      0 |      0 |    0 |          0 |
|     g_pe_w_out_w_in[15].u           |                 spmw_fifo_555 |          0 |          0 |       0 |    0 |     9 |      0 |      0 |    0 |          0 |
|     g_pe_w_out_w_in[161].u          |                 spmw_fifo_556 |          0 |          0 |       0 |    0 |     9 |      0 |      0 |    0 |          0 |
|     g_pe_w_out_w_in[162].u          |                 spmw_fifo_557 |          0 |          0 |       0 |    0 |     9 |      0 |      0 |    0 |          0 |
|     g_pe_w_out_w_in[163].u          |                 spmw_fifo_558 |          0 |          0 |       0 |    0 |     9 |      0 |      0 |    0 |          0 |
|     g_pe_w_out_w_in[164].u          |                 spmw_fifo_559 |          0 |          0 |       0 |    0 |     9 |      0 |      0 |    0 |          0 |
|     g_pe_w_out_w_in[165].u          |                 spmw_fifo_560 |          1 |          1 |       0 |    0 |     9 |      0 |      0 |    0 |          0 |
|     g_pe_w_out_w_in[166].u          |                 spmw_fifo_561 |          0 |          0 |       0 |    0 |     9 |      0 |      0 |    0 |          0 |
|     g_pe_w_out_w_in[167].u          |                 spmw_fifo_562 |          0 |          0 |       0 |    0 |     9 |      0 |      0 |    0 |          0 |
|     g_pe_w_out_w_in[168].u          |                 spmw_fifo_563 |          0 |          0 |       0 |    0 |     9 |      0 |      0 |    0 |          0 |
|     g_pe_w_out_w_in[169].u          |                 spmw_fifo_564 |          0 |          0 |       0 |    0 |     9 |      0 |      0 |    0 |          0 |
|     g_pe_w_out_w_in[170].u          |                 spmw_fifo_565 |          0 |          0 |       0 |    0 |     9 |      0 |      0 |    0 |          0 |
|     g_pe_w_out_w_in[171].u          |                 spmw_fifo_566 |          0 |          0 |       0 |    0 |     9 |      0 |      0 |    0 |          0 |
|     g_pe_w_out_w_in[172].u          |                 spmw_fifo_567 |          0 |          0 |       0 |    0 |     9 |      0 |      0 |    0 |          0 |
|     g_pe_w_out_w_in[173].u          |                 spmw_fifo_568 |          0 |          0 |       0 |    0 |     9 |      0 |      0 |    0 |          0 |
|     g_pe_w_out_w_in[174].u          |                 spmw_fifo_569 |          0 |          0 |       0 |    0 |     9 |      0 |      0 |    0 |          0 |
|     g_pe_w_out_w_in[175].u          |                 spmw_fifo_570 |          0 |          0 |       0 |    0 |     9 |      0 |      0 |    0 |          0 |
|     g_pe_w_out_w_in[177].u          |                 spmw_fifo_571 |          0 |          0 |       0 |    0 |     9 |      0 |      0 |    0 |          0 |
|     g_pe_w_out_w_in[178].u          |                 spmw_fifo_572 |          0 |          0 |       0 |    0 |     9 |      0 |      0 |    0 |          0 |
|     g_pe_w_out_w_in[179].u          |                 spmw_fifo_573 |          0 |          0 |       0 |    0 |     9 |      0 |      0 |    0 |          0 |
|     g_pe_w_out_w_in[17].u           |                 spmw_fifo_574 |          0 |          0 |       0 |    0 |     9 |      0 |      0 |    0 |          0 |
|     g_pe_w_out_w_in[180].u          |                 spmw_fifo_575 |          0 |          0 |       0 |    0 |     9 |      0 |      0 |    0 |          0 |
|     g_pe_w_out_w_in[181].u          |                 spmw_fifo_576 |          0 |          0 |       0 |    0 |     9 |      0 |      0 |    0 |          0 |
|     g_pe_w_out_w_in[182].u          |                 spmw_fifo_577 |          0 |          0 |       0 |    0 |     9 |      0 |      0 |    0 |          0 |
|     g_pe_w_out_w_in[183].u          |                 spmw_fifo_578 |          0 |          0 |       0 |    0 |     9 |      0 |      0 |    0 |          0 |
|     g_pe_w_out_w_in[184].u          |                 spmw_fifo_579 |          0 |          0 |       0 |    0 |     9 |      0 |      0 |    0 |          0 |
|     g_pe_w_out_w_in[185].u          |                 spmw_fifo_580 |          0 |          0 |       0 |    0 |     9 |      0 |      0 |    0 |          0 |
|     g_pe_w_out_w_in[186].u          |                 spmw_fifo_581 |          0 |          0 |       0 |    0 |     9 |      0 |      0 |    0 |          0 |
|     g_pe_w_out_w_in[187].u          |                 spmw_fifo_582 |          0 |          0 |       0 |    0 |     9 |      0 |      0 |    0 |          0 |
|     g_pe_w_out_w_in[188].u          |                 spmw_fifo_583 |          0 |          0 |       0 |    0 |     9 |      0 |      0 |    0 |          0 |
|     g_pe_w_out_w_in[189].u          |                 spmw_fifo_584 |          0 |          0 |       0 |    0 |     9 |      0 |      0 |    0 |          0 |
|     g_pe_w_out_w_in[18].u           |                 spmw_fifo_585 |          0 |          0 |       0 |    0 |     9 |      0 |      0 |    0 |          0 |
|     g_pe_w_out_w_in[190].u          |                 spmw_fifo_586 |          0 |          0 |       0 |    0 |     9 |      0 |      0 |    0 |          0 |
|     g_pe_w_out_w_in[191].u          |                 spmw_fifo_587 |          0 |          0 |       0 |    0 |     9 |      0 |      0 |    0 |          0 |
|     g_pe_w_out_w_in[193].u          |                 spmw_fifo_588 |          0 |          0 |       0 |    0 |     9 |      0 |      0 |    0 |          0 |
|     g_pe_w_out_w_in[194].u          |                 spmw_fifo_589 |          0 |          0 |       0 |    0 |     9 |      0 |      0 |    0 |          0 |
|     g_pe_w_out_w_in[195].u          |                 spmw_fifo_590 |          0 |          0 |       0 |    0 |     9 |      0 |      0 |    0 |          0 |
|     g_pe_w_out_w_in[196].u          |                 spmw_fifo_591 |          0 |          0 |       0 |    0 |     9 |      0 |      0 |    0 |          0 |
|     g_pe_w_out_w_in[197].u          |                 spmw_fifo_592 |          0 |          0 |       0 |    0 |     9 |      0 |      0 |    0 |          0 |
|     g_pe_w_out_w_in[198].u          |                 spmw_fifo_593 |          0 |          0 |       0 |    0 |     9 |      0 |      0 |    0 |          0 |
|     g_pe_w_out_w_in[199].u          |                 spmw_fifo_594 |          0 |          0 |       0 |    0 |     9 |      0 |      0 |    0 |          0 |
|     g_pe_w_out_w_in[19].u           |                 spmw_fifo_595 |          0 |          0 |       0 |    0 |     9 |      0 |      0 |    0 |          0 |
|     g_pe_w_out_w_in[1].u            |                 spmw_fifo_596 |          0 |          0 |       0 |    0 |     9 |      0 |      0 |    0 |          0 |
|     g_pe_w_out_w_in[200].u          |                 spmw_fifo_597 |          0 |          0 |       0 |    0 |     9 |      0 |      0 |    0 |          0 |
|     g_pe_w_out_w_in[201].u          |                 spmw_fifo_598 |          0 |          0 |       0 |    0 |     9 |      0 |      0 |    0 |          0 |
|     g_pe_w_out_w_in[202].u          |                 spmw_fifo_599 |          0 |          0 |       0 |    0 |     9 |      0 |      0 |    0 |          0 |
|     g_pe_w_out_w_in[203].u          |                 spmw_fifo_600 |          0 |          0 |       0 |    0 |     9 |      0 |      0 |    0 |          0 |
|     g_pe_w_out_w_in[204].u          |                 spmw_fifo_601 |          0 |          0 |       0 |    0 |     9 |      0 |      0 |    0 |          0 |
|     g_pe_w_out_w_in[205].u          |                 spmw_fifo_602 |          0 |          0 |       0 |    0 |     9 |      0 |      0 |    0 |          0 |
|     g_pe_w_out_w_in[206].u          |                 spmw_fifo_603 |          0 |          0 |       0 |    0 |     9 |      0 |      0 |    0 |          0 |
|     g_pe_w_out_w_in[207].u          |                 spmw_fifo_604 |          0 |          0 |       0 |    0 |     9 |      0 |      0 |    0 |          0 |
|     g_pe_w_out_w_in[209].u          |                 spmw_fifo_605 |          0 |          0 |       0 |    0 |     9 |      0 |      0 |    0 |          0 |
|     g_pe_w_out_w_in[20].u           |                 spmw_fifo_606 |          0 |          0 |       0 |    0 |     9 |      0 |      0 |    0 |          0 |
|     g_pe_w_out_w_in[210].u          |                 spmw_fifo_607 |          0 |          0 |       0 |    0 |     9 |      0 |      0 |    0 |          0 |
|     g_pe_w_out_w_in[211].u          |                 spmw_fifo_608 |          0 |          0 |       0 |    0 |     9 |      0 |      0 |    0 |          0 |
|     g_pe_w_out_w_in[212].u          |                 spmw_fifo_609 |          0 |          0 |       0 |    0 |     9 |      0 |      0 |    0 |          0 |
|     g_pe_w_out_w_in[213].u          |                 spmw_fifo_610 |          1 |          1 |       0 |    0 |     9 |      0 |      0 |    0 |          0 |
|     g_pe_w_out_w_in[214].u          |                 spmw_fifo_611 |          0 |          0 |       0 |    0 |     9 |      0 |      0 |    0 |          0 |
|     g_pe_w_out_w_in[215].u          |                 spmw_fifo_612 |          0 |          0 |       0 |    0 |     9 |      0 |      0 |    0 |          0 |
|     g_pe_w_out_w_in[216].u          |                 spmw_fifo_613 |          0 |          0 |       0 |    0 |     9 |      0 |      0 |    0 |          0 |
|     g_pe_w_out_w_in[217].u          |                 spmw_fifo_614 |          0 |          0 |       0 |    0 |     9 |      0 |      0 |    0 |          0 |
|     g_pe_w_out_w_in[218].u          |                 spmw_fifo_615 |          0 |          0 |       0 |    0 |     9 |      0 |      0 |    0 |          0 |
|     g_pe_w_out_w_in[219].u          |                 spmw_fifo_616 |          0 |          0 |       0 |    0 |     9 |      0 |      0 |    0 |          0 |
|     g_pe_w_out_w_in[21].u           |                 spmw_fifo_617 |          0 |          0 |       0 |    0 |     9 |      0 |      0 |    0 |          0 |
|     g_pe_w_out_w_in[220].u          |                 spmw_fifo_618 |          0 |          0 |       0 |    0 |     9 |      0 |      0 |    0 |          0 |
|     g_pe_w_out_w_in[221].u          |                 spmw_fifo_619 |          0 |          0 |       0 |    0 |     9 |      0 |      0 |    0 |          0 |
|     g_pe_w_out_w_in[222].u          |                 spmw_fifo_620 |          0 |          0 |       0 |    0 |     9 |      0 |      0 |    0 |          0 |
|     g_pe_w_out_w_in[223].u          |                 spmw_fifo_621 |          0 |          0 |       0 |    0 |     9 |      0 |      0 |    0 |          0 |
|     g_pe_w_out_w_in[225].u          |                 spmw_fifo_622 |          0 |          0 |       0 |    0 |     9 |      0 |      0 |    0 |          0 |
|     g_pe_w_out_w_in[226].u          |                 spmw_fifo_623 |          0 |          0 |       0 |    0 |     9 |      0 |      0 |    0 |          0 |
|     g_pe_w_out_w_in[227].u          |                 spmw_fifo_624 |          0 |          0 |       0 |    0 |     9 |      0 |      0 |    0 |          0 |
|     g_pe_w_out_w_in[228].u          |                 spmw_fifo_625 |          0 |          0 |       0 |    0 |     9 |      0 |      0 |    0 |          0 |
|     g_pe_w_out_w_in[229].u          |                 spmw_fifo_626 |          0 |          0 |       0 |    0 |     9 |      0 |      0 |    0 |          0 |
|     g_pe_w_out_w_in[22].u           |                 spmw_fifo_627 |          0 |          0 |       0 |    0 |     9 |      0 |      0 |    0 |          0 |
|     g_pe_w_out_w_in[230].u          |                 spmw_fifo_628 |          0 |          0 |       0 |    0 |     9 |      0 |      0 |    0 |          0 |
|     g_pe_w_out_w_in[231].u          |                 spmw_fifo_629 |          0 |          0 |       0 |    0 |     9 |      0 |      0 |    0 |          0 |
|     g_pe_w_out_w_in[232].u          |                 spmw_fifo_630 |          0 |          0 |       0 |    0 |     9 |      0 |      0 |    0 |          0 |
|     g_pe_w_out_w_in[233].u          |                 spmw_fifo_631 |          0 |          0 |       0 |    0 |     9 |      0 |      0 |    0 |          0 |
|     g_pe_w_out_w_in[234].u          |                 spmw_fifo_632 |          0 |          0 |       0 |    0 |     9 |      0 |      0 |    0 |          0 |
|     g_pe_w_out_w_in[235].u          |                 spmw_fifo_633 |          0 |          0 |       0 |    0 |     9 |      0 |      0 |    0 |          0 |
|     g_pe_w_out_w_in[236].u          |                 spmw_fifo_634 |          0 |          0 |       0 |    0 |     9 |      0 |      0 |    0 |          0 |
|     g_pe_w_out_w_in[237].u          |                 spmw_fifo_635 |          0 |          0 |       0 |    0 |     9 |      0 |      0 |    0 |          0 |
|     g_pe_w_out_w_in[238].u          |                 spmw_fifo_636 |          0 |          0 |       0 |    0 |     9 |      0 |      0 |    0 |          0 |
|     g_pe_w_out_w_in[239].u          |                 spmw_fifo_637 |          0 |          0 |       0 |    0 |     9 |      0 |      0 |    0 |          0 |
|     g_pe_w_out_w_in[23].u           |                 spmw_fifo_638 |          0 |          0 |       0 |    0 |     9 |      0 |      0 |    0 |          0 |
|     g_pe_w_out_w_in[241].u          |                 spmw_fifo_639 |          0 |          0 |       0 |    0 |     9 |      0 |      0 |    0 |          0 |
|     g_pe_w_out_w_in[242].u          |                 spmw_fifo_640 |          0 |          0 |       0 |    0 |     9 |      0 |      0 |    0 |          0 |
|     g_pe_w_out_w_in[243].u          |                 spmw_fifo_641 |          0 |          0 |       0 |    0 |     9 |      0 |      0 |    0 |          0 |
|     g_pe_w_out_w_in[244].u          |                 spmw_fifo_642 |          0 |          0 |       0 |    0 |     9 |      0 |      0 |    0 |          0 |
|     g_pe_w_out_w_in[245].u          |                 spmw_fifo_643 |          1 |          1 |       0 |    0 |     9 |      0 |      0 |    0 |          0 |
|     g_pe_w_out_w_in[246].u          |                 spmw_fifo_644 |          0 |          0 |       0 |    0 |     9 |      0 |      0 |    0 |          0 |
|     g_pe_w_out_w_in[247].u          |                 spmw_fifo_645 |          0 |          0 |       0 |    0 |     9 |      0 |      0 |    0 |          0 |
|     g_pe_w_out_w_in[248].u          |                 spmw_fifo_646 |          0 |          0 |       0 |    0 |     9 |      0 |      0 |    0 |          0 |
|     g_pe_w_out_w_in[249].u          |                 spmw_fifo_647 |          0 |          0 |       0 |    0 |     9 |      0 |      0 |    0 |          0 |
|     g_pe_w_out_w_in[24].u           |                 spmw_fifo_648 |          0 |          0 |       0 |    0 |     9 |      0 |      0 |    0 |          0 |
|     g_pe_w_out_w_in[250].u          |                 spmw_fifo_649 |          0 |          0 |       0 |    0 |     9 |      0 |      0 |    0 |          0 |
|     g_pe_w_out_w_in[251].u          |                 spmw_fifo_650 |          0 |          0 |       0 |    0 |     9 |      0 |      0 |    0 |          0 |
|     g_pe_w_out_w_in[252].u          |                 spmw_fifo_651 |          0 |          0 |       0 |    0 |     9 |      0 |      0 |    0 |          0 |
|     g_pe_w_out_w_in[253].u          |                 spmw_fifo_652 |          0 |          0 |       0 |    0 |     9 |      0 |      0 |    0 |          0 |
|     g_pe_w_out_w_in[254].u          |                 spmw_fifo_653 |          0 |          0 |       0 |    0 |     9 |      0 |      0 |    0 |          0 |
|     g_pe_w_out_w_in[255].u          |                 spmw_fifo_654 |          0 |          0 |       0 |    0 |     9 |      0 |      0 |    0 |          0 |
|     g_pe_w_out_w_in[25].u           |                 spmw_fifo_655 |          0 |          0 |       0 |    0 |     9 |      0 |      0 |    0 |          0 |
|     g_pe_w_out_w_in[26].u           |                 spmw_fifo_656 |          0 |          0 |       0 |    0 |     9 |      0 |      0 |    0 |          0 |
|     g_pe_w_out_w_in[27].u           |                 spmw_fifo_657 |          0 |          0 |       0 |    0 |     9 |      0 |      0 |    0 |          0 |
|     g_pe_w_out_w_in[28].u           |                 spmw_fifo_658 |          0 |          0 |       0 |    0 |     9 |      0 |      0 |    0 |          0 |
|     g_pe_w_out_w_in[29].u           |                 spmw_fifo_659 |          0 |          0 |       0 |    0 |     9 |      0 |      0 |    0 |          0 |
|     g_pe_w_out_w_in[2].u            |                 spmw_fifo_660 |          0 |          0 |       0 |    0 |     9 |      0 |      0 |    0 |          0 |
|     g_pe_w_out_w_in[30].u           |                 spmw_fifo_661 |          0 |          0 |       0 |    0 |     9 |      0 |      0 |    0 |          0 |
|     g_pe_w_out_w_in[31].u           |                 spmw_fifo_662 |          0 |          0 |       0 |    0 |     9 |      0 |      0 |    0 |          0 |
|     g_pe_w_out_w_in[33].u           |                 spmw_fifo_663 |          0 |          0 |       0 |    0 |     9 |      0 |      0 |    0 |          0 |
|     g_pe_w_out_w_in[34].u           |                 spmw_fifo_664 |          0 |          0 |       0 |    0 |     9 |      0 |      0 |    0 |          0 |
|     g_pe_w_out_w_in[35].u           |                 spmw_fifo_665 |          0 |          0 |       0 |    0 |     9 |      0 |      0 |    0 |          0 |
|     g_pe_w_out_w_in[36].u           |                 spmw_fifo_666 |          0 |          0 |       0 |    0 |     9 |      0 |      0 |    0 |          0 |
|     g_pe_w_out_w_in[37].u           |                 spmw_fifo_667 |          0 |          0 |       0 |    0 |     9 |      0 |      0 |    0 |          0 |
|     g_pe_w_out_w_in[38].u           |                 spmw_fifo_668 |          0 |          0 |       0 |    0 |     9 |      0 |      0 |    0 |          0 |
|     g_pe_w_out_w_in[39].u           |                 spmw_fifo_669 |          0 |          0 |       0 |    0 |     9 |      0 |      0 |    0 |          0 |
|     g_pe_w_out_w_in[3].u            |                 spmw_fifo_670 |          0 |          0 |       0 |    0 |     9 |      0 |      0 |    0 |          0 |
|     g_pe_w_out_w_in[40].u           |                 spmw_fifo_671 |          0 |          0 |       0 |    0 |     9 |      0 |      0 |    0 |          0 |
|     g_pe_w_out_w_in[41].u           |                 spmw_fifo_672 |          0 |          0 |       0 |    0 |     9 |      0 |      0 |    0 |          0 |
|     g_pe_w_out_w_in[42].u           |                 spmw_fifo_673 |          0 |          0 |       0 |    0 |     9 |      0 |      0 |    0 |          0 |
|     g_pe_w_out_w_in[43].u           |                 spmw_fifo_674 |          0 |          0 |       0 |    0 |     9 |      0 |      0 |    0 |          0 |
|     g_pe_w_out_w_in[44].u           |                 spmw_fifo_675 |          0 |          0 |       0 |    0 |     9 |      0 |      0 |    0 |          0 |
|     g_pe_w_out_w_in[45].u           |                 spmw_fifo_676 |          0 |          0 |       0 |    0 |     9 |      0 |      0 |    0 |          0 |
|     g_pe_w_out_w_in[46].u           |                 spmw_fifo_677 |          0 |          0 |       0 |    0 |     9 |      0 |      0 |    0 |          0 |
|     g_pe_w_out_w_in[47].u           |                 spmw_fifo_678 |          0 |          0 |       0 |    0 |     9 |      0 |      0 |    0 |          0 |
|     g_pe_w_out_w_in[49].u           |                 spmw_fifo_679 |          0 |          0 |       0 |    0 |     9 |      0 |      0 |    0 |          0 |
|     g_pe_w_out_w_in[4].u            |                 spmw_fifo_680 |          0 |          0 |       0 |    0 |     9 |      0 |      0 |    0 |          0 |
|     g_pe_w_out_w_in[50].u           |                 spmw_fifo_681 |          0 |          0 |       0 |    0 |     9 |      0 |      0 |    0 |          0 |
|     g_pe_w_out_w_in[51].u           |                 spmw_fifo_682 |          0 |          0 |       0 |    0 |     9 |      0 |      0 |    0 |          0 |
|     g_pe_w_out_w_in[52].u           |                 spmw_fifo_683 |          0 |          0 |       0 |    0 |     9 |      0 |      0 |    0 |          0 |
|     g_pe_w_out_w_in[53].u           |                 spmw_fifo_684 |          0 |          0 |       0 |    0 |     9 |      0 |      0 |    0 |          0 |
|     g_pe_w_out_w_in[54].u           |                 spmw_fifo_685 |          0 |          0 |       0 |    0 |     9 |      0 |      0 |    0 |          0 |
|     g_pe_w_out_w_in[55].u           |                 spmw_fifo_686 |          0 |          0 |       0 |    0 |     9 |      0 |      0 |    0 |          0 |
|     g_pe_w_out_w_in[56].u           |                 spmw_fifo_687 |          0 |          0 |       0 |    0 |     9 |      0 |      0 |    0 |          0 |
|     g_pe_w_out_w_in[57].u           |                 spmw_fifo_688 |          0 |          0 |       0 |    0 |     9 |      0 |      0 |    0 |          0 |
|     g_pe_w_out_w_in[58].u           |                 spmw_fifo_689 |          0 |          0 |       0 |    0 |     9 |      0 |      0 |    0 |          0 |
|     g_pe_w_out_w_in[59].u           |                 spmw_fifo_690 |          0 |          0 |       0 |    0 |     9 |      0 |      0 |    0 |          0 |
|     g_pe_w_out_w_in[5].u            |                 spmw_fifo_691 |          0 |          0 |       0 |    0 |     9 |      0 |      0 |    0 |          0 |
|     g_pe_w_out_w_in[60].u           |                 spmw_fifo_692 |          0 |          0 |       0 |    0 |     9 |      0 |      0 |    0 |          0 |
|     g_pe_w_out_w_in[61].u           |                 spmw_fifo_693 |          0 |          0 |       0 |    0 |     9 |      0 |      0 |    0 |          0 |
|     g_pe_w_out_w_in[62].u           |                 spmw_fifo_694 |          0 |          0 |       0 |    0 |     9 |      0 |      0 |    0 |          0 |
|     g_pe_w_out_w_in[63].u           |                 spmw_fifo_695 |          0 |          0 |       0 |    0 |     9 |      0 |      0 |    0 |          0 |
|     g_pe_w_out_w_in[65].u           |                 spmw_fifo_696 |          0 |          0 |       0 |    0 |     9 |      0 |      0 |    0 |          0 |
|     g_pe_w_out_w_in[66].u           |                 spmw_fifo_697 |          0 |          0 |       0 |    0 |     9 |      0 |      0 |    0 |          0 |
|     g_pe_w_out_w_in[67].u           |                 spmw_fifo_698 |          0 |          0 |       0 |    0 |     9 |      0 |      0 |    0 |          0 |
|     g_pe_w_out_w_in[68].u           |                 spmw_fifo_699 |          0 |          0 |       0 |    0 |     9 |      0 |      0 |    0 |          0 |
|     g_pe_w_out_w_in[69].u           |                 spmw_fifo_700 |          0 |          0 |       0 |    0 |     9 |      0 |      0 |    0 |          0 |
|     g_pe_w_out_w_in[6].u            |                 spmw_fifo_701 |          0 |          0 |       0 |    0 |     9 |      0 |      0 |    0 |          0 |
|     g_pe_w_out_w_in[70].u           |                 spmw_fifo_702 |          0 |          0 |       0 |    0 |     9 |      0 |      0 |    0 |          0 |
|     g_pe_w_out_w_in[71].u           |                 spmw_fifo_703 |          0 |          0 |       0 |    0 |     9 |      0 |      0 |    0 |          0 |
|     g_pe_w_out_w_in[72].u           |                 spmw_fifo_704 |          0 |          0 |       0 |    0 |     9 |      0 |      0 |    0 |          0 |
|     g_pe_w_out_w_in[73].u           |                 spmw_fifo_705 |          0 |          0 |       0 |    0 |     9 |      0 |      0 |    0 |          0 |
|     g_pe_w_out_w_in[74].u           |                 spmw_fifo_706 |          0 |          0 |       0 |    0 |     9 |      0 |      0 |    0 |          0 |
|     g_pe_w_out_w_in[75].u           |                 spmw_fifo_707 |          0 |          0 |       0 |    0 |     9 |      0 |      0 |    0 |          0 |
|     g_pe_w_out_w_in[76].u           |                 spmw_fifo_708 |          0 |          0 |       0 |    0 |     9 |      0 |      0 |    0 |          0 |
|     g_pe_w_out_w_in[77].u           |                 spmw_fifo_709 |          0 |          0 |       0 |    0 |     9 |      0 |      0 |    0 |          0 |
|     g_pe_w_out_w_in[78].u           |                 spmw_fifo_710 |          0 |          0 |       0 |    0 |     9 |      0 |      0 |    0 |          0 |
|     g_pe_w_out_w_in[79].u           |                 spmw_fifo_711 |          0 |          0 |       0 |    0 |     9 |      0 |      0 |    0 |          0 |
|     g_pe_w_out_w_in[7].u            |                 spmw_fifo_712 |          0 |          0 |       0 |    0 |     9 |      0 |      0 |    0 |          0 |
|     g_pe_w_out_w_in[81].u           |                 spmw_fifo_713 |          0 |          0 |       0 |    0 |     9 |      0 |      0 |    0 |          0 |
|     g_pe_w_out_w_in[82].u           |                 spmw_fifo_714 |          0 |          0 |       0 |    0 |     9 |      0 |      0 |    0 |          0 |
|     g_pe_w_out_w_in[83].u           |                 spmw_fifo_715 |          0 |          0 |       0 |    0 |     9 |      0 |      0 |    0 |          0 |
|     g_pe_w_out_w_in[84].u           |                 spmw_fifo_716 |          0 |          0 |       0 |    0 |     9 |      0 |      0 |    0 |          0 |
|     g_pe_w_out_w_in[85].u           |                 spmw_fifo_717 |          0 |          0 |       0 |    0 |     9 |      0 |      0 |    0 |          0 |
|     g_pe_w_out_w_in[86].u           |                 spmw_fifo_718 |          0 |          0 |       0 |    0 |     9 |      0 |      0 |    0 |          0 |
|     g_pe_w_out_w_in[87].u           |                 spmw_fifo_719 |          0 |          0 |       0 |    0 |     9 |      0 |      0 |    0 |          0 |
|     g_pe_w_out_w_in[88].u           |                 spmw_fifo_720 |          0 |          0 |       0 |    0 |     9 |      0 |      0 |    0 |          0 |
|     g_pe_w_out_w_in[89].u           |                 spmw_fifo_721 |          0 |          0 |       0 |    0 |     9 |      0 |      0 |    0 |          0 |
|     g_pe_w_out_w_in[8].u            |                 spmw_fifo_722 |          0 |          0 |       0 |    0 |     9 |      0 |      0 |    0 |          0 |
|     g_pe_w_out_w_in[90].u           |                 spmw_fifo_723 |          0 |          0 |       0 |    0 |     9 |      0 |      0 |    0 |          0 |
|     g_pe_w_out_w_in[91].u           |                 spmw_fifo_724 |          0 |          0 |       0 |    0 |     9 |      0 |      0 |    0 |          0 |
|     g_pe_w_out_w_in[92].u           |                 spmw_fifo_725 |          0 |          0 |       0 |    0 |     9 |      0 |      0 |    0 |          0 |
|     g_pe_w_out_w_in[93].u           |                 spmw_fifo_726 |          0 |          0 |       0 |    0 |     9 |      0 |      0 |    0 |          0 |
|     g_pe_w_out_w_in[94].u           |                 spmw_fifo_727 |          0 |          0 |       0 |    0 |     9 |      0 |      0 |    0 |          0 |
|     g_pe_w_out_w_in[95].u           |                 spmw_fifo_728 |          0 |          0 |       0 |    0 |     9 |      0 |      0 |    0 |          0 |
|     g_pe_w_out_w_in[97].u           |                 spmw_fifo_729 |          0 |          0 |       0 |    0 |     9 |      0 |      0 |    0 |          0 |
|     g_pe_w_out_w_in[98].u           |                 spmw_fifo_730 |          0 |          0 |       0 |    0 |     9 |      0 |      0 |    0 |          0 |
|     g_pe_w_out_w_in[99].u           |                 spmw_fifo_731 |          0 |          0 |       0 |    0 |     9 |      0 |      0 |    0 |          0 |
|     g_pe_w_out_w_in[9].u            |                 spmw_fifo_732 |          0 |          0 |       0 |    0 |     9 |      0 |      0 |    0 |          0 |
|     u_lanesw_k128n8_r0_0            |              lanesw_k128n8_r0 |        922 |        756 |       0 |  166 |   397 |      0 |      0 |    0 |          0 |
|       (u_lanesw_k128n8_r0_0)        |              lanesw_k128n8_r0 |        263 |        263 |       0 |    0 |     0 |      0 |      0 |    0 |          0 |
|       u                             |       lanesw_k128n8_r0_0_1877 |        692 |        526 |       0 |  166 |   397 |      0 |      0 |    0 |          0 |
|     u_lanesw_k128n8_r0_1            |          lanesw_k128n8_r0_733 |        941 |        775 |       0 |  166 |   397 |      0 |      0 |    0 |          0 |
|       (u_lanesw_k128n8_r0_1)        |          lanesw_k128n8_r0_733 |        262 |        262 |       0 |    0 |     0 |      0 |      0 |    0 |          0 |
|       u                             |       lanesw_k128n8_r0_0_1867 |        708 |        542 |       0 |  166 |   397 |      0 |      0 |    0 |          0 |
|     u_lanesw_k128n8_r0_10           |          lanesw_k128n8_r0_734 |        924 |        758 |       0 |  166 |   397 |      0 |      0 |    0 |          0 |
|       (u_lanesw_k128n8_r0_10)       |          lanesw_k128n8_r0_734 |        262 |        262 |       0 |    0 |     0 |      0 |      0 |    0 |          0 |
|       u                             |       lanesw_k128n8_r0_0_1857 |        692 |        526 |       0 |  166 |   397 |      0 |      0 |    0 |          0 |
|     u_lanesw_k128n8_r0_11           |          lanesw_k128n8_r0_735 |        926 |        760 |       0 |  166 |   397 |      0 |      0 |    0 |          0 |
|       (u_lanesw_k128n8_r0_11)       |          lanesw_k128n8_r0_735 |        262 |        262 |       0 |    0 |     0 |      0 |      0 |    0 |          0 |
|       u                             |       lanesw_k128n8_r0_0_1847 |        694 |        528 |       0 |  166 |   397 |      0 |      0 |    0 |          0 |
|     u_lanesw_k128n8_r0_12           |          lanesw_k128n8_r0_736 |        965 |        799 |       0 |  166 |   413 |      0 |      0 |    0 |          0 |
|       (u_lanesw_k128n8_r0_12)       |          lanesw_k128n8_r0_736 |        262 |        262 |       0 |    0 |     0 |      0 |      0 |    0 |          0 |
|       u                             |       lanesw_k128n8_r0_0_1837 |        732 |        566 |       0 |  166 |   413 |      0 |      0 |    0 |          0 |
|     u_lanesw_k128n8_r0_13           |          lanesw_k128n8_r0_737 |        952 |        786 |       0 |  166 |   397 |      0 |      0 |    0 |          0 |
|       (u_lanesw_k128n8_r0_13)       |          lanesw_k128n8_r0_737 |        263 |        263 |       0 |    0 |     0 |      0 |      0 |    0 |          0 |
|       u                             |       lanesw_k128n8_r0_0_1827 |        723 |        557 |       0 |  166 |   397 |      0 |      0 |    0 |          0 |
|     u_lanesw_k128n8_r0_14           |          lanesw_k128n8_r0_738 |        943 |        777 |       0 |  166 |   397 |      0 |      0 |    0 |          0 |
|       (u_lanesw_k128n8_r0_14)       |          lanesw_k128n8_r0_738 |        263 |        263 |       0 |    0 |     0 |      0 |      0 |    0 |          0 |
|       u                             |       lanesw_k128n8_r0_0_1817 |        711 |        545 |       0 |  166 |   397 |      0 |      0 |    0 |          0 |
|     u_lanesw_k128n8_r0_15           |          lanesw_k128n8_r0_739 |        938 |        772 |       0 |  166 |   397 |      0 |      0 |    0 |          0 |
|       (u_lanesw_k128n8_r0_15)       |          lanesw_k128n8_r0_739 |        263 |        263 |       0 |    0 |     0 |      0 |      0 |    0 |          0 |
|       u                             |       lanesw_k128n8_r0_0_1807 |        706 |        540 |       0 |  166 |   397 |      0 |      0 |    0 |          0 |
|     u_lanesw_k128n8_r0_2            |          lanesw_k128n8_r0_740 |        925 |        759 |       0 |  166 |   397 |      0 |      0 |    0 |          0 |
|       (u_lanesw_k128n8_r0_2)        |          lanesw_k128n8_r0_740 |        262 |        262 |       0 |    0 |     0 |      0 |      0 |    0 |          0 |
|       u                             |       lanesw_k128n8_r0_0_1797 |        692 |        526 |       0 |  166 |   397 |      0 |      0 |    0 |          0 |
|     u_lanesw_k128n8_r0_3            |          lanesw_k128n8_r0_741 |        990 |        824 |       0 |  166 |   397 |      0 |      0 |    0 |          0 |
|       (u_lanesw_k128n8_r0_3)        |          lanesw_k128n8_r0_741 |        262 |        262 |       0 |    0 |     0 |      0 |      0 |    0 |          0 |
|       u                             |       lanesw_k128n8_r0_0_1787 |        757 |        591 |       0 |  166 |   397 |      0 |      0 |    0 |          0 |
|     u_lanesw_k128n8_r0_4            |          lanesw_k128n8_r0_742 |        921 |        755 |       0 |  166 |   397 |      0 |      0 |    0 |          0 |
|       (u_lanesw_k128n8_r0_4)        |          lanesw_k128n8_r0_742 |        262 |        262 |       0 |    0 |     0 |      0 |      0 |    0 |          0 |
|       u                             |       lanesw_k128n8_r0_0_1777 |        691 |        525 |       0 |  166 |   397 |      0 |      0 |    0 |          0 |
|     u_lanesw_k128n8_r0_5            |          lanesw_k128n8_r0_743 |        933 |        767 |       0 |  166 |   397 |      0 |      0 |    0 |          0 |
|       (u_lanesw_k128n8_r0_5)        |          lanesw_k128n8_r0_743 |        262 |        262 |       0 |    0 |     0 |      0 |      0 |    0 |          0 |
|       u                             |       lanesw_k128n8_r0_0_1767 |        702 |        536 |       0 |  166 |   397 |      0 |      0 |    0 |          0 |
|     u_lanesw_k128n8_r0_6            |          lanesw_k128n8_r0_744 |        923 |        757 |       0 |  166 |   397 |      0 |      0 |    0 |          0 |
|       (u_lanesw_k128n8_r0_6)        |          lanesw_k128n8_r0_744 |        262 |        262 |       0 |    0 |     0 |      0 |      0 |    0 |          0 |
|       u                             |       lanesw_k128n8_r0_0_1757 |        692 |        526 |       0 |  166 |   397 |      0 |      0 |    0 |          0 |
|     u_lanesw_k128n8_r0_7            |          lanesw_k128n8_r0_745 |        951 |        785 |       0 |  166 |   397 |      0 |      0 |    0 |          0 |
|       (u_lanesw_k128n8_r0_7)        |          lanesw_k128n8_r0_745 |        262 |        262 |       0 |    0 |     0 |      0 |      0 |    0 |          0 |
|       u                             |       lanesw_k128n8_r0_0_1747 |        721 |        555 |       0 |  166 |   397 |      0 |      0 |    0 |          0 |
|     u_lanesw_k128n8_r0_8            |          lanesw_k128n8_r0_746 |        937 |        771 |       0 |  166 |   397 |      0 |      0 |    0 |          0 |
|       (u_lanesw_k128n8_r0_8)        |          lanesw_k128n8_r0_746 |        262 |        262 |       0 |    0 |     0 |      0 |      0 |    0 |          0 |
|       u                             |       lanesw_k128n8_r0_0_1737 |        705 |        539 |       0 |  166 |   397 |      0 |      0 |    0 |          0 |
|     u_lanesw_k128n8_r0_9            |          lanesw_k128n8_r0_747 |        922 |        756 |       0 |  166 |   397 |      0 |      0 |    0 |          0 |
|       (u_lanesw_k128n8_r0_9)        |          lanesw_k128n8_r0_747 |        262 |        262 |       0 |    0 |     0 |      0 |      0 |    0 |          0 |
|       u                             |            lanesw_k128n8_r0_0 |        691 |        525 |       0 |  166 |   397 |      0 |      0 |    0 |          0 |
|     u_pe_r0_10_1                    |                         pe_r0 |         89 |         89 |       0 |    0 |    37 |      0 |      0 |    0 |          0 |
|       u                             |                  pe_r0_0_1733 |         89 |         89 |       0 |    0 |    37 |      0 |      0 |    0 |          0 |
|     u_pe_r0_10_10                   |                     pe_r0_748 |         90 |         90 |       0 |    0 |    37 |      0 |      0 |    0 |          0 |
|       u                             |                  pe_r0_0_1730 |         90 |         90 |       0 |    0 |    37 |      0 |      0 |    0 |          0 |
|     u_pe_r0_10_11                   |                     pe_r0_749 |         89 |         89 |       0 |    0 |    37 |      0 |      0 |    0 |          0 |
|       u                             |                  pe_r0_0_1727 |         89 |         89 |       0 |    0 |    37 |      0 |      0 |    0 |          0 |
|     u_pe_r0_10_12                   |                     pe_r0_750 |         88 |         88 |       0 |    0 |    37 |      0 |      0 |    0 |          0 |
|       u                             |                  pe_r0_0_1724 |         88 |         88 |       0 |    0 |    37 |      0 |      0 |    0 |          0 |
|     u_pe_r0_10_13                   |                     pe_r0_751 |         91 |         91 |       0 |    0 |    37 |      0 |      0 |    0 |          0 |
|       u                             |                  pe_r0_0_1721 |         91 |         91 |       0 |    0 |    37 |      0 |      0 |    0 |          0 |
|     u_pe_r0_10_14                   |                     pe_r0_752 |         89 |         89 |       0 |    0 |    37 |      0 |      0 |    0 |          0 |
|       u                             |                  pe_r0_0_1718 |         89 |         89 |       0 |    0 |    37 |      0 |      0 |    0 |          0 |
|     u_pe_r0_10_2                    |                     pe_r0_753 |         90 |         90 |       0 |    0 |    37 |      0 |      0 |    0 |          0 |
|       u                             |                  pe_r0_0_1715 |         90 |         90 |       0 |    0 |    37 |      0 |      0 |    0 |          0 |
|     u_pe_r0_10_3                    |                     pe_r0_754 |         90 |         90 |       0 |    0 |    37 |      0 |      0 |    0 |          0 |
|       u                             |                  pe_r0_0_1712 |         90 |         90 |       0 |    0 |    37 |      0 |      0 |    0 |          0 |
|     u_pe_r0_10_4                    |                     pe_r0_755 |         90 |         90 |       0 |    0 |    37 |      0 |      0 |    0 |          0 |
|       u                             |                  pe_r0_0_1709 |         90 |         90 |       0 |    0 |    37 |      0 |      0 |    0 |          0 |
|     u_pe_r0_10_5                    |                     pe_r0_756 |         89 |         89 |       0 |    0 |    37 |      0 |      0 |    0 |          0 |
|       u                             |                  pe_r0_0_1706 |         89 |         89 |       0 |    0 |    37 |      0 |      0 |    0 |          0 |
|     u_pe_r0_10_6                    |                     pe_r0_757 |         89 |         89 |       0 |    0 |    37 |      0 |      0 |    0 |          0 |
|       u                             |                  pe_r0_0_1703 |         89 |         89 |       0 |    0 |    37 |      0 |      0 |    0 |          0 |
|     u_pe_r0_10_7                    |                     pe_r0_758 |         89 |         89 |       0 |    0 |    37 |      0 |      0 |    0 |          0 |
|       u                             |                  pe_r0_0_1700 |         89 |         89 |       0 |    0 |    37 |      0 |      0 |    0 |          0 |
|     u_pe_r0_10_8                    |                     pe_r0_759 |         89 |         89 |       0 |    0 |    37 |      0 |      0 |    0 |          0 |
|       u                             |                  pe_r0_0_1697 |         89 |         89 |       0 |    0 |    37 |      0 |      0 |    0 |          0 |
|     u_pe_r0_10_9                    |                     pe_r0_760 |         88 |         88 |       0 |    0 |    37 |      0 |      0 |    0 |          0 |
|       u                             |                  pe_r0_0_1694 |         88 |         88 |       0 |    0 |    37 |      0 |      0 |    0 |          0 |
|     u_pe_r0_11_1                    |                     pe_r0_761 |         93 |         93 |       0 |    0 |    37 |      0 |      0 |    0 |          0 |
|       u                             |                  pe_r0_0_1691 |         93 |         93 |       0 |    0 |    37 |      0 |      0 |    0 |          0 |
|     u_pe_r0_11_10                   |                     pe_r0_762 |         90 |         90 |       0 |    0 |    37 |      0 |      0 |    0 |          0 |
|       u                             |                  pe_r0_0_1688 |         90 |         90 |       0 |    0 |    37 |      0 |      0 |    0 |          0 |
|     u_pe_r0_11_11                   |                     pe_r0_763 |         89 |         89 |       0 |    0 |    37 |      0 |      0 |    0 |          0 |
|       u                             |                  pe_r0_0_1685 |         89 |         89 |       0 |    0 |    37 |      0 |      0 |    0 |          0 |
|     u_pe_r0_11_12                   |                     pe_r0_764 |         89 |         89 |       0 |    0 |    37 |      0 |      0 |    0 |          0 |
|       u                             |                  pe_r0_0_1682 |         89 |         89 |       0 |    0 |    37 |      0 |      0 |    0 |          0 |
|     u_pe_r0_11_13                   |                     pe_r0_765 |         91 |         91 |       0 |    0 |    37 |      0 |      0 |    0 |          0 |
|       u                             |                  pe_r0_0_1679 |         91 |         91 |       0 |    0 |    37 |      0 |      0 |    0 |          0 |
|     u_pe_r0_11_14                   |                     pe_r0_766 |         90 |         90 |       0 |    0 |    37 |      0 |      0 |    0 |          0 |
|       u                             |                  pe_r0_0_1676 |         90 |         90 |       0 |    0 |    37 |      0 |      0 |    0 |          0 |
|     u_pe_r0_11_2                    |                     pe_r0_767 |         92 |         92 |       0 |    0 |    37 |      0 |      0 |    0 |          0 |
|       u                             |                  pe_r0_0_1673 |         92 |         92 |       0 |    0 |    37 |      0 |      0 |    0 |          0 |
|     u_pe_r0_11_3                    |                     pe_r0_768 |         90 |         90 |       0 |    0 |    37 |      0 |      0 |    0 |          0 |
|       u                             |                  pe_r0_0_1670 |         90 |         90 |       0 |    0 |    37 |      0 |      0 |    0 |          0 |
|     u_pe_r0_11_4                    |                     pe_r0_769 |         90 |         90 |       0 |    0 |    37 |      0 |      0 |    0 |          0 |
|       u                             |                  pe_r0_0_1667 |         90 |         90 |       0 |    0 |    37 |      0 |      0 |    0 |          0 |
|     u_pe_r0_11_5                    |                     pe_r0_770 |         88 |         88 |       0 |    0 |    37 |      0 |      0 |    0 |          0 |
|       u                             |                  pe_r0_0_1664 |         88 |         88 |       0 |    0 |    37 |      0 |      0 |    0 |          0 |
|     u_pe_r0_11_6                    |                     pe_r0_771 |         90 |         90 |       0 |    0 |    37 |      0 |      0 |    0 |          0 |
|       u                             |                  pe_r0_0_1661 |         90 |         90 |       0 |    0 |    37 |      0 |      0 |    0 |          0 |
|     u_pe_r0_11_7                    |                     pe_r0_772 |         88 |         88 |       0 |    0 |    37 |      0 |      0 |    0 |          0 |
|       u                             |                  pe_r0_0_1658 |         88 |         88 |       0 |    0 |    37 |      0 |      0 |    0 |          0 |
|     u_pe_r0_11_8                    |                     pe_r0_773 |         89 |         89 |       0 |    0 |    37 |      0 |      0 |    0 |          0 |
|       u                             |                  pe_r0_0_1655 |         89 |         89 |       0 |    0 |    37 |      0 |      0 |    0 |          0 |
|     u_pe_r0_11_9                    |                     pe_r0_774 |         88 |         88 |       0 |    0 |    37 |      0 |      0 |    0 |          0 |
|       u                             |                  pe_r0_0_1652 |         88 |         88 |       0 |    0 |    37 |      0 |      0 |    0 |          0 |
|     u_pe_r0_12_1                    |                     pe_r0_775 |         88 |         88 |       0 |    0 |    37 |      0 |      0 |    0 |          0 |
|       u                             |                  pe_r0_0_1649 |         88 |         88 |       0 |    0 |    37 |      0 |      0 |    0 |          0 |
|     u_pe_r0_12_10                   |                     pe_r0_776 |         93 |         93 |       0 |    0 |    37 |      0 |      0 |    0 |          0 |
|       u                             |                  pe_r0_0_1646 |         93 |         93 |       0 |    0 |    37 |      0 |      0 |    0 |          0 |
|     u_pe_r0_12_11                   |                     pe_r0_777 |         93 |         93 |       0 |    0 |    37 |      0 |      0 |    0 |          0 |
|       u                             |                  pe_r0_0_1643 |         93 |         93 |       0 |    0 |    37 |      0 |      0 |    0 |          0 |
|     u_pe_r0_12_12                   |                     pe_r0_778 |         93 |         93 |       0 |    0 |    37 |      0 |      0 |    0 |          0 |
|       u                             |                  pe_r0_0_1640 |         93 |         93 |       0 |    0 |    37 |      0 |      0 |    0 |          0 |
|     u_pe_r0_12_13                   |                     pe_r0_779 |         94 |         94 |       0 |    0 |    37 |      0 |      0 |    0 |          0 |
|       u                             |                  pe_r0_0_1637 |         94 |         94 |       0 |    0 |    37 |      0 |      0 |    0 |          0 |
|     u_pe_r0_12_14                   |                     pe_r0_780 |         90 |         90 |       0 |    0 |    37 |      0 |      0 |    0 |          0 |
|       u                             |                  pe_r0_0_1634 |         90 |         90 |       0 |    0 |    37 |      0 |      0 |    0 |          0 |
|     u_pe_r0_12_2                    |                     pe_r0_781 |         89 |         89 |       0 |    0 |    37 |      0 |      0 |    0 |          0 |
|       u                             |                  pe_r0_0_1631 |         89 |         89 |       0 |    0 |    37 |      0 |      0 |    0 |          0 |
|     u_pe_r0_12_3                    |                     pe_r0_782 |         91 |         91 |       0 |    0 |    37 |      0 |      0 |    0 |          0 |
|       u                             |                  pe_r0_0_1628 |         91 |         91 |       0 |    0 |    37 |      0 |      0 |    0 |          0 |
|     u_pe_r0_12_4                    |                     pe_r0_783 |         90 |         90 |       0 |    0 |    37 |      0 |      0 |    0 |          0 |
|       u                             |                  pe_r0_0_1625 |         90 |         90 |       0 |    0 |    37 |      0 |      0 |    0 |          0 |
|     u_pe_r0_12_5                    |                     pe_r0_784 |         88 |         88 |       0 |    0 |    37 |      0 |      0 |    0 |          0 |
|       u                             |                  pe_r0_0_1622 |         88 |         88 |       0 |    0 |    37 |      0 |      0 |    0 |          0 |
|     u_pe_r0_12_6                    |                     pe_r0_785 |         90 |         90 |       0 |    0 |    37 |      0 |      0 |    0 |          0 |
|       u                             |                  pe_r0_0_1619 |         90 |         90 |       0 |    0 |    37 |      0 |      0 |    0 |          0 |
|     u_pe_r0_12_7                    |                     pe_r0_786 |         89 |         89 |       0 |    0 |    37 |      0 |      0 |    0 |          0 |
|       u                             |                  pe_r0_0_1616 |         89 |         89 |       0 |    0 |    37 |      0 |      0 |    0 |          0 |
|     u_pe_r0_12_8                    |                     pe_r0_787 |         89 |         89 |       0 |    0 |    37 |      0 |      0 |    0 |          0 |
|       u                             |                  pe_r0_0_1613 |         89 |         89 |       0 |    0 |    37 |      0 |      0 |    0 |          0 |
|     u_pe_r0_12_9                    |                     pe_r0_788 |         92 |         92 |       0 |    0 |    37 |      0 |      0 |    0 |          0 |
|       u                             |                  pe_r0_0_1610 |         92 |         92 |       0 |    0 |    37 |      0 |      0 |    0 |          0 |
|     u_pe_r0_13_1                    |                     pe_r0_789 |         88 |         88 |       0 |    0 |    37 |      0 |      0 |    0 |          0 |
|       u                             |                  pe_r0_0_1607 |         88 |         88 |       0 |    0 |    37 |      0 |      0 |    0 |          0 |
|     u_pe_r0_13_10                   |                     pe_r0_790 |         90 |         90 |       0 |    0 |    37 |      0 |      0 |    0 |          0 |
|       u                             |                  pe_r0_0_1604 |         90 |         90 |       0 |    0 |    37 |      0 |      0 |    0 |          0 |
|     u_pe_r0_13_11                   |                     pe_r0_791 |         91 |         91 |       0 |    0 |    37 |      0 |      0 |    0 |          0 |
|       u                             |                  pe_r0_0_1601 |         91 |         91 |       0 |    0 |    37 |      0 |      0 |    0 |          0 |
|     u_pe_r0_13_12                   |                     pe_r0_792 |         90 |         90 |       0 |    0 |    37 |      0 |      0 |    0 |          0 |
|       u                             |                  pe_r0_0_1598 |         90 |         90 |       0 |    0 |    37 |      0 |      0 |    0 |          0 |
|     u_pe_r0_13_13                   |                     pe_r0_793 |         90 |         90 |       0 |    0 |    37 |      0 |      0 |    0 |          0 |
|       u                             |                  pe_r0_0_1595 |         90 |         90 |       0 |    0 |    37 |      0 |      0 |    0 |          0 |
|     u_pe_r0_13_14                   |                     pe_r0_794 |         90 |         90 |       0 |    0 |    37 |      0 |      0 |    0 |          0 |
|       u                             |                  pe_r0_0_1592 |         90 |         90 |       0 |    0 |    37 |      0 |      0 |    0 |          0 |
|     u_pe_r0_13_2                    |                     pe_r0_795 |         89 |         89 |       0 |    0 |    37 |      0 |      0 |    0 |          0 |
|       u                             |                  pe_r0_0_1589 |         89 |         89 |       0 |    0 |    37 |      0 |      0 |    0 |          0 |
|     u_pe_r0_13_3                    |                     pe_r0_796 |         94 |         94 |       0 |    0 |    37 |      0 |      0 |    0 |          0 |
|       u                             |                  pe_r0_0_1586 |         94 |         94 |       0 |    0 |    37 |      0 |      0 |    0 |          0 |
|     u_pe_r0_13_4                    |                     pe_r0_797 |         91 |         91 |       0 |    0 |    37 |      0 |      0 |    0 |          0 |
|       u                             |                  pe_r0_0_1583 |         91 |         91 |       0 |    0 |    37 |      0 |      0 |    0 |          0 |
|     u_pe_r0_13_5                    |                     pe_r0_798 |         92 |         92 |       0 |    0 |    37 |      0 |      0 |    0 |          0 |
|       u                             |                  pe_r0_0_1580 |         92 |         92 |       0 |    0 |    37 |      0 |      0 |    0 |          0 |
|     u_pe_r0_13_6                    |                     pe_r0_799 |         89 |         89 |       0 |    0 |    37 |      0 |      0 |    0 |          0 |
|       u                             |                  pe_r0_0_1577 |         89 |         89 |       0 |    0 |    37 |      0 |      0 |    0 |          0 |
|     u_pe_r0_13_7                    |                     pe_r0_800 |         89 |         89 |       0 |    0 |    37 |      0 |      0 |    0 |          0 |
|       u                             |                  pe_r0_0_1574 |         89 |         89 |       0 |    0 |    37 |      0 |      0 |    0 |          0 |
|     u_pe_r0_13_8                    |                     pe_r0_801 |         91 |         91 |       0 |    0 |    37 |      0 |      0 |    0 |          0 |
|       u                             |                  pe_r0_0_1571 |         91 |         91 |       0 |    0 |    37 |      0 |      0 |    0 |          0 |
|     u_pe_r0_13_9                    |                     pe_r0_802 |         89 |         89 |       0 |    0 |    37 |      0 |      0 |    0 |          0 |
|       u                             |                  pe_r0_0_1568 |         89 |         89 |       0 |    0 |    37 |      0 |      0 |    0 |          0 |
|     u_pe_r0_14_1                    |                     pe_r0_803 |         89 |         89 |       0 |    0 |    37 |      0 |      0 |    0 |          0 |
|       u                             |                  pe_r0_0_1565 |         89 |         89 |       0 |    0 |    37 |      0 |      0 |    0 |          0 |
|     u_pe_r0_14_10                   |                     pe_r0_804 |         91 |         91 |       0 |    0 |    37 |      0 |      0 |    0 |          0 |
|       u                             |                  pe_r0_0_1562 |         91 |         91 |       0 |    0 |    37 |      0 |      0 |    0 |          0 |
|     u_pe_r0_14_11                   |                     pe_r0_805 |         92 |         92 |       0 |    0 |    37 |      0 |      0 |    0 |          0 |
|       u                             |                  pe_r0_0_1559 |         92 |         92 |       0 |    0 |    37 |      0 |      0 |    0 |          0 |
|     u_pe_r0_14_12                   |                     pe_r0_806 |         91 |         91 |       0 |    0 |    37 |      0 |      0 |    0 |          0 |
|       u                             |                  pe_r0_0_1556 |         91 |         91 |       0 |    0 |    37 |      0 |      0 |    0 |          0 |
|     u_pe_r0_14_13                   |                     pe_r0_807 |         91 |         91 |       0 |    0 |    37 |      0 |      0 |    0 |          0 |
|       u                             |                  pe_r0_0_1553 |         91 |         91 |       0 |    0 |    37 |      0 |      0 |    0 |          0 |
|     u_pe_r0_14_14                   |                     pe_r0_808 |         91 |         91 |       0 |    0 |    37 |      0 |      0 |    0 |          0 |
|       u                             |                  pe_r0_0_1550 |         91 |         91 |       0 |    0 |    37 |      0 |      0 |    0 |          0 |
|     u_pe_r0_14_2                    |                     pe_r0_809 |         90 |         90 |       0 |    0 |    37 |      0 |      0 |    0 |          0 |
|       u                             |                  pe_r0_0_1547 |         90 |         90 |       0 |    0 |    37 |      0 |      0 |    0 |          0 |
|     u_pe_r0_14_3                    |                     pe_r0_810 |         90 |         90 |       0 |    0 |    37 |      0 |      0 |    0 |          0 |
|       u                             |                  pe_r0_0_1544 |         90 |         90 |       0 |    0 |    37 |      0 |      0 |    0 |          0 |
|     u_pe_r0_14_4                    |                     pe_r0_811 |         91 |         91 |       0 |    0 |    37 |      0 |      0 |    0 |          0 |
|       u                             |                  pe_r0_0_1541 |         91 |         91 |       0 |    0 |    37 |      0 |      0 |    0 |          0 |
|     u_pe_r0_14_5                    |                     pe_r0_812 |         89 |         89 |       0 |    0 |    37 |      0 |      0 |    0 |          0 |
|       u                             |                  pe_r0_0_1538 |         89 |         89 |       0 |    0 |    37 |      0 |      0 |    0 |          0 |
|     u_pe_r0_14_6                    |                     pe_r0_813 |         90 |         90 |       0 |    0 |    37 |      0 |      0 |    0 |          0 |
|       u                             |                  pe_r0_0_1535 |         90 |         90 |       0 |    0 |    37 |      0 |      0 |    0 |          0 |
|     u_pe_r0_14_7                    |                     pe_r0_814 |         90 |         90 |       0 |    0 |    37 |      0 |      0 |    0 |          0 |
|       u                             |                  pe_r0_0_1532 |         90 |         90 |       0 |    0 |    37 |      0 |      0 |    0 |          0 |
|     u_pe_r0_14_8                    |                     pe_r0_815 |         91 |         91 |       0 |    0 |    37 |      0 |      0 |    0 |          0 |
|       u                             |                  pe_r0_0_1529 |         91 |         91 |       0 |    0 |    37 |      0 |      0 |    0 |          0 |
|     u_pe_r0_14_9                    |                     pe_r0_816 |         91 |         91 |       0 |    0 |    37 |      0 |      0 |    0 |          0 |
|       u                             |                  pe_r0_0_1526 |         91 |         91 |       0 |    0 |    37 |      0 |      0 |    0 |          0 |
|     u_pe_r0_1_1                     |                     pe_r0_817 |         86 |         86 |       0 |    0 |    37 |      0 |      0 |    0 |          0 |
|       u                             |                  pe_r0_0_1523 |         86 |         86 |       0 |    0 |    37 |      0 |      0 |    0 |          0 |
|     u_pe_r0_1_10                    |                     pe_r0_818 |         90 |         90 |       0 |    0 |    37 |      0 |      0 |    0 |          0 |
|       u                             |                  pe_r0_0_1520 |         90 |         90 |       0 |    0 |    37 |      0 |      0 |    0 |          0 |
|     u_pe_r0_1_11                    |                     pe_r0_819 |         86 |         86 |       0 |    0 |    37 |      0 |      0 |    0 |          0 |
|       u                             |                  pe_r0_0_1517 |         86 |         86 |       0 |    0 |    37 |      0 |      0 |    0 |          0 |
|     u_pe_r0_1_12                    |                     pe_r0_820 |         88 |         88 |       0 |    0 |    37 |      0 |      0 |    0 |          0 |
|       u                             |                  pe_r0_0_1514 |         88 |         88 |       0 |    0 |    37 |      0 |      0 |    0 |          0 |
|     u_pe_r0_1_13                    |                     pe_r0_821 |         91 |         91 |       0 |    0 |    37 |      0 |      0 |    0 |          0 |
|       u                             |                  pe_r0_0_1511 |         91 |         91 |       0 |    0 |    37 |      0 |      0 |    0 |          0 |
|     u_pe_r0_1_14                    |                     pe_r0_822 |         89 |         89 |       0 |    0 |    37 |      0 |      0 |    0 |          0 |
|       u                             |                  pe_r0_0_1508 |         89 |         89 |       0 |    0 |    37 |      0 |      0 |    0 |          0 |
|     u_pe_r0_1_2                     |                     pe_r0_823 |         90 |         90 |       0 |    0 |    37 |      0 |      0 |    0 |          0 |
|       u                             |                  pe_r0_0_1505 |         90 |         90 |       0 |    0 |    37 |      0 |      0 |    0 |          0 |
|     u_pe_r0_1_3                     |                     pe_r0_824 |         91 |         91 |       0 |    0 |    37 |      0 |      0 |    0 |          0 |
|       u                             |                  pe_r0_0_1502 |         91 |         91 |       0 |    0 |    37 |      0 |      0 |    0 |          0 |
|     u_pe_r0_1_4                     |                     pe_r0_825 |         89 |         89 |       0 |    0 |    37 |      0 |      0 |    0 |          0 |
|       u                             |                  pe_r0_0_1499 |         89 |         89 |       0 |    0 |    37 |      0 |      0 |    0 |          0 |
|     u_pe_r0_1_5                     |                     pe_r0_826 |         90 |         90 |       0 |    0 |    37 |      0 |      0 |    0 |          0 |
|       u                             |                  pe_r0_0_1496 |         90 |         90 |       0 |    0 |    37 |      0 |      0 |    0 |          0 |
|     u_pe_r0_1_6                     |                     pe_r0_827 |         88 |         88 |       0 |    0 |    37 |      0 |      0 |    0 |          0 |
|       u                             |                  pe_r0_0_1493 |         88 |         88 |       0 |    0 |    37 |      0 |      0 |    0 |          0 |
|     u_pe_r0_1_7                     |                     pe_r0_828 |         88 |         88 |       0 |    0 |    37 |      0 |      0 |    0 |          0 |
|       u                             |                  pe_r0_0_1490 |         88 |         88 |       0 |    0 |    37 |      0 |      0 |    0 |          0 |
|     u_pe_r0_1_8                     |                     pe_r0_829 |         89 |         89 |       0 |    0 |    37 |      0 |      0 |    0 |          0 |
|       u                             |                  pe_r0_0_1487 |         89 |         89 |       0 |    0 |    37 |      0 |      0 |    0 |          0 |
|     u_pe_r0_1_9                     |                     pe_r0_830 |         87 |         87 |       0 |    0 |    37 |      0 |      0 |    0 |          0 |
|       u                             |                  pe_r0_0_1484 |         87 |         87 |       0 |    0 |    37 |      0 |      0 |    0 |          0 |
|     u_pe_r0_2_1                     |                     pe_r0_831 |         87 |         87 |       0 |    0 |    37 |      0 |      0 |    0 |          0 |
|       u                             |                  pe_r0_0_1481 |         87 |         87 |       0 |    0 |    37 |      0 |      0 |    0 |          0 |
|     u_pe_r0_2_10                    |                     pe_r0_832 |         91 |         91 |       0 |    0 |    37 |      0 |      0 |    0 |          0 |
|       u                             |                  pe_r0_0_1478 |         91 |         91 |       0 |    0 |    37 |      0 |      0 |    0 |          0 |
|     u_pe_r0_2_11                    |                     pe_r0_833 |         87 |         87 |       0 |    0 |    37 |      0 |      0 |    0 |          0 |
|       u                             |                  pe_r0_0_1475 |         87 |         87 |       0 |    0 |    37 |      0 |      0 |    0 |          0 |
|     u_pe_r0_2_12                    |                     pe_r0_834 |         89 |         89 |       0 |    0 |    37 |      0 |      0 |    0 |          0 |
|       u                             |                  pe_r0_0_1472 |         89 |         89 |       0 |    0 |    37 |      0 |      0 |    0 |          0 |
|     u_pe_r0_2_13                    |                     pe_r0_835 |         91 |         91 |       0 |    0 |    37 |      0 |      0 |    0 |          0 |
|       u                             |                  pe_r0_0_1469 |         91 |         91 |       0 |    0 |    37 |      0 |      0 |    0 |          0 |
|     u_pe_r0_2_14                    |                     pe_r0_836 |         90 |         90 |       0 |    0 |    37 |      0 |      0 |    0 |          0 |
|       u                             |                  pe_r0_0_1466 |         90 |         90 |       0 |    0 |    37 |      0 |      0 |    0 |          0 |
|     u_pe_r0_2_2                     |                     pe_r0_837 |         90 |         90 |       0 |    0 |    37 |      0 |      0 |    0 |          0 |
|       u                             |                  pe_r0_0_1463 |         90 |         90 |       0 |    0 |    37 |      0 |      0 |    0 |          0 |
|     u_pe_r0_2_3                     |                     pe_r0_838 |         90 |         90 |       0 |    0 |    37 |      0 |      0 |    0 |          0 |
|       u                             |                  pe_r0_0_1460 |         90 |         90 |       0 |    0 |    37 |      0 |      0 |    0 |          0 |
|     u_pe_r0_2_4                     |                     pe_r0_839 |         90 |         90 |       0 |    0 |    37 |      0 |      0 |    0 |          0 |
|       u                             |                  pe_r0_0_1457 |         90 |         90 |       0 |    0 |    37 |      0 |      0 |    0 |          0 |
|     u_pe_r0_2_5                     |                     pe_r0_840 |         88 |         88 |       0 |    0 |    37 |      0 |      0 |    0 |          0 |
|       u                             |                  pe_r0_0_1454 |         88 |         88 |       0 |    0 |    37 |      0 |      0 |    0 |          0 |
|     u_pe_r0_2_6                     |                     pe_r0_841 |         89 |         89 |       0 |    0 |    37 |      0 |      0 |    0 |          0 |
|       u                             |                  pe_r0_0_1451 |         89 |         89 |       0 |    0 |    37 |      0 |      0 |    0 |          0 |
|     u_pe_r0_2_7                     |                     pe_r0_842 |         89 |         89 |       0 |    0 |    37 |      0 |      0 |    0 |          0 |
|       u                             |                  pe_r0_0_1448 |         89 |         89 |       0 |    0 |    37 |      0 |      0 |    0 |          0 |
|     u_pe_r0_2_8                     |                     pe_r0_843 |         90 |         90 |       0 |    0 |    37 |      0 |      0 |    0 |          0 |
|       u                             |                  pe_r0_0_1445 |         90 |         90 |       0 |    0 |    37 |      0 |      0 |    0 |          0 |
|     u_pe_r0_2_9                     |                     pe_r0_844 |         88 |         88 |       0 |    0 |    37 |      0 |      0 |    0 |          0 |
|       u                             |                  pe_r0_0_1442 |         88 |         88 |       0 |    0 |    37 |      0 |      0 |    0 |          0 |
|     u_pe_r0_3_1                     |                     pe_r0_845 |         88 |         88 |       0 |    0 |    37 |      0 |      0 |    0 |          0 |
|       u                             |                  pe_r0_0_1439 |         88 |         88 |       0 |    0 |    37 |      0 |      0 |    0 |          0 |
|     u_pe_r0_3_10                    |                     pe_r0_846 |         91 |         91 |       0 |    0 |    37 |      0 |      0 |    0 |          0 |
|       u                             |                  pe_r0_0_1436 |         91 |         91 |       0 |    0 |    37 |      0 |      0 |    0 |          0 |
|     u_pe_r0_3_11                    |                     pe_r0_847 |         87 |         87 |       0 |    0 |    37 |      0 |      0 |    0 |          0 |
|       u                             |                  pe_r0_0_1433 |         87 |         87 |       0 |    0 |    37 |      0 |      0 |    0 |          0 |
|     u_pe_r0_3_12                    |                     pe_r0_848 |         89 |         89 |       0 |    0 |    37 |      0 |      0 |    0 |          0 |
|       u                             |                  pe_r0_0_1430 |         89 |         89 |       0 |    0 |    37 |      0 |      0 |    0 |          0 |
|     u_pe_r0_3_13                    |                     pe_r0_849 |         91 |         91 |       0 |    0 |    37 |      0 |      0 |    0 |          0 |
|       u                             |                  pe_r0_0_1427 |         91 |         91 |       0 |    0 |    37 |      0 |      0 |    0 |          0 |
|     u_pe_r0_3_14                    |                     pe_r0_850 |         89 |         89 |       0 |    0 |    37 |      0 |      0 |    0 |          0 |
|       u                             |                  pe_r0_0_1424 |         89 |         89 |       0 |    0 |    37 |      0 |      0 |    0 |          0 |
|     u_pe_r0_3_2                     |                     pe_r0_851 |         91 |         91 |       0 |    0 |    37 |      0 |      0 |    0 |          0 |
|       u                             |                  pe_r0_0_1421 |         91 |         91 |       0 |    0 |    37 |      0 |      0 |    0 |          0 |
|     u_pe_r0_3_3                     |                     pe_r0_852 |         89 |         89 |       0 |    0 |    37 |      0 |      0 |    0 |          0 |
|       u                             |                  pe_r0_0_1418 |         89 |         89 |       0 |    0 |    37 |      0 |      0 |    0 |          0 |
|     u_pe_r0_3_4                     |                     pe_r0_853 |         91 |         91 |       0 |    0 |    37 |      0 |      0 |    0 |          0 |
|       u                             |                  pe_r0_0_1415 |         91 |         91 |       0 |    0 |    37 |      0 |      0 |    0 |          0 |
|     u_pe_r0_3_5                     |                     pe_r0_854 |         88 |         88 |       0 |    0 |    37 |      0 |      0 |    0 |          0 |
|       u                             |                  pe_r0_0_1412 |         88 |         88 |       0 |    0 |    37 |      0 |      0 |    0 |          0 |
|     u_pe_r0_3_6                     |                     pe_r0_855 |         89 |         89 |       0 |    0 |    37 |      0 |      0 |    0 |          0 |
|       u                             |                  pe_r0_0_1409 |         89 |         89 |       0 |    0 |    37 |      0 |      0 |    0 |          0 |
|     u_pe_r0_3_7                     |                     pe_r0_856 |         91 |         91 |       0 |    0 |    37 |      0 |      0 |    0 |          0 |
|       u                             |                  pe_r0_0_1406 |         91 |         91 |       0 |    0 |    37 |      0 |      0 |    0 |          0 |
|     u_pe_r0_3_8                     |                     pe_r0_857 |         90 |         90 |       0 |    0 |    37 |      0 |      0 |    0 |          0 |
|       u                             |                  pe_r0_0_1403 |         90 |         90 |       0 |    0 |    37 |      0 |      0 |    0 |          0 |
|     u_pe_r0_3_9                     |                     pe_r0_858 |         88 |         88 |       0 |    0 |    37 |      0 |      0 |    0 |          0 |
|       u                             |                  pe_r0_0_1400 |         88 |         88 |       0 |    0 |    37 |      0 |      0 |    0 |          0 |
|     u_pe_r0_4_1                     |                     pe_r0_859 |         87 |         87 |       0 |    0 |    37 |      0 |      0 |    0 |          0 |
|       u                             |                  pe_r0_0_1397 |         87 |         87 |       0 |    0 |    37 |      0 |      0 |    0 |          0 |
|     u_pe_r0_4_10                    |                     pe_r0_860 |         91 |         91 |       0 |    0 |    37 |      0 |      0 |    0 |          0 |
|       u                             |                  pe_r0_0_1394 |         91 |         91 |       0 |    0 |    37 |      0 |      0 |    0 |          0 |
|     u_pe_r0_4_11                    |                     pe_r0_861 |         87 |         87 |       0 |    0 |    37 |      0 |      0 |    0 |          0 |
|       u                             |                  pe_r0_0_1391 |         87 |         87 |       0 |    0 |    37 |      0 |      0 |    0 |          0 |
|     u_pe_r0_4_12                    |                     pe_r0_862 |         89 |         89 |       0 |    0 |    37 |      0 |      0 |    0 |          0 |
|       u                             |                  pe_r0_0_1388 |         89 |         89 |       0 |    0 |    37 |      0 |      0 |    0 |          0 |
|     u_pe_r0_4_13                    |                     pe_r0_863 |         91 |         91 |       0 |    0 |    37 |      0 |      0 |    0 |          0 |
|       u                             |                  pe_r0_0_1385 |         91 |         91 |       0 |    0 |    37 |      0 |      0 |    0 |          0 |
|     u_pe_r0_4_14                    |                     pe_r0_864 |         89 |         89 |       0 |    0 |    37 |      0 |      0 |    0 |          0 |
|       u                             |                  pe_r0_0_1382 |         89 |         89 |       0 |    0 |    37 |      0 |      0 |    0 |          0 |
|     u_pe_r0_4_2                     |                     pe_r0_865 |         90 |         90 |       0 |    0 |    37 |      0 |      0 |    0 |          0 |
|       u                             |                  pe_r0_0_1379 |         90 |         90 |       0 |    0 |    37 |      0 |      0 |    0 |          0 |
|     u_pe_r0_4_3                     |                     pe_r0_866 |         90 |         90 |       0 |    0 |    37 |      0 |      0 |    0 |          0 |
|       u                             |                  pe_r0_0_1376 |         90 |         90 |       0 |    0 |    37 |      0 |      0 |    0 |          0 |
|     u_pe_r0_4_4                     |                     pe_r0_867 |         90 |         90 |       0 |    0 |    37 |      0 |      0 |    0 |          0 |
|       u                             |                  pe_r0_0_1373 |         90 |         90 |       0 |    0 |    37 |      0 |      0 |    0 |          0 |
|     u_pe_r0_4_5                     |                     pe_r0_868 |         90 |         90 |       0 |    0 |    37 |      0 |      0 |    0 |          0 |
|       u                             |                  pe_r0_0_1370 |         90 |         90 |       0 |    0 |    37 |      0 |      0 |    0 |          0 |
|     u_pe_r0_4_6                     |                     pe_r0_869 |         89 |         89 |       0 |    0 |    37 |      0 |      0 |    0 |          0 |
|       u                             |                  pe_r0_0_1367 |         89 |         89 |       0 |    0 |    37 |      0 |      0 |    0 |          0 |
|     u_pe_r0_4_7                     |                     pe_r0_870 |         91 |         91 |       0 |    0 |    37 |      0 |      0 |    0 |          0 |
|       u                             |                  pe_r0_0_1364 |         91 |         91 |       0 |    0 |    37 |      0 |      0 |    0 |          0 |
|     u_pe_r0_4_8                     |                     pe_r0_871 |         91 |         91 |       0 |    0 |    37 |      0 |      0 |    0 |          0 |
|       u                             |                  pe_r0_0_1361 |         91 |         91 |       0 |    0 |    37 |      0 |      0 |    0 |          0 |
|     u_pe_r0_4_9                     |                     pe_r0_872 |         88 |         88 |       0 |    0 |    37 |      0 |      0 |    0 |          0 |
|       u                             |                  pe_r0_0_1358 |         88 |         88 |       0 |    0 |    37 |      0 |      0 |    0 |          0 |
|     u_pe_r0_5_1                     |                     pe_r0_873 |         89 |         89 |       0 |    0 |    37 |      0 |      0 |    0 |          0 |
|       u                             |                  pe_r0_0_1355 |         89 |         89 |       0 |    0 |    37 |      0 |      0 |    0 |          0 |
|     u_pe_r0_5_10                    |                     pe_r0_874 |         91 |         91 |       0 |    0 |    37 |      0 |      0 |    0 |          0 |
|       u                             |                  pe_r0_0_1352 |         91 |         91 |       0 |    0 |    37 |      0 |      0 |    0 |          0 |
|     u_pe_r0_5_11                    |                     pe_r0_875 |         88 |         88 |       0 |    0 |    37 |      0 |      0 |    0 |          0 |
|       u                             |                  pe_r0_0_1349 |         88 |         88 |       0 |    0 |    37 |      0 |      0 |    0 |          0 |
|     u_pe_r0_5_12                    |                     pe_r0_876 |         89 |         89 |       0 |    0 |    37 |      0 |      0 |    0 |          0 |
|       u                             |                  pe_r0_0_1346 |         89 |         89 |       0 |    0 |    37 |      0 |      0 |    0 |          0 |
|     u_pe_r0_5_13                    |                     pe_r0_877 |         91 |         91 |       0 |    0 |    37 |      0 |      0 |    0 |          0 |
|       u                             |                  pe_r0_0_1343 |         91 |         91 |       0 |    0 |    37 |      0 |      0 |    0 |          0 |
|     u_pe_r0_5_14                    |                     pe_r0_878 |         89 |         89 |       0 |    0 |    37 |      0 |      0 |    0 |          0 |
|       u                             |                  pe_r0_0_1340 |         89 |         89 |       0 |    0 |    37 |      0 |      0 |    0 |          0 |
|     u_pe_r0_5_2                     |                     pe_r0_879 |         90 |         90 |       0 |    0 |    37 |      0 |      0 |    0 |          0 |
|       u                             |                  pe_r0_0_1337 |         90 |         90 |       0 |    0 |    37 |      0 |      0 |    0 |          0 |
|     u_pe_r0_5_3                     |                     pe_r0_880 |         89 |         89 |       0 |    0 |    37 |      0 |      0 |    0 |          0 |
|       u                             |                  pe_r0_0_1334 |         89 |         89 |       0 |    0 |    37 |      0 |      0 |    0 |          0 |
|     u_pe_r0_5_4                     |                     pe_r0_881 |         93 |         93 |       0 |    0 |    37 |      0 |      0 |    0 |          0 |
|       u                             |                  pe_r0_0_1331 |         93 |         93 |       0 |    0 |    37 |      0 |      0 |    0 |          0 |
|     u_pe_r0_5_5                     |                     pe_r0_882 |         91 |         91 |       0 |    0 |    37 |      0 |      0 |    0 |          0 |
|       u                             |                  pe_r0_0_1328 |         91 |         91 |       0 |    0 |    37 |      0 |      0 |    0 |          0 |
|     u_pe_r0_5_6                     |                     pe_r0_883 |         89 |         89 |       0 |    0 |    37 |      0 |      0 |    0 |          0 |
|       u                             |                  pe_r0_0_1325 |         89 |         89 |       0 |    0 |    37 |      0 |      0 |    0 |          0 |
|     u_pe_r0_5_7                     |                     pe_r0_884 |         91 |         91 |       0 |    0 |    37 |      0 |      0 |    0 |          0 |
|       u                             |                  pe_r0_0_1322 |         91 |         91 |       0 |    0 |    37 |      0 |      0 |    0 |          0 |
|     u_pe_r0_5_8                     |                     pe_r0_885 |         91 |         91 |       0 |    0 |    37 |      0 |      0 |    0 |          0 |
|       u                             |                  pe_r0_0_1319 |         91 |         91 |       0 |    0 |    37 |      0 |      0 |    0 |          0 |
|     u_pe_r0_5_9                     |                     pe_r0_886 |         88 |         88 |       0 |    0 |    37 |      0 |      0 |    0 |          0 |
|       u                             |                  pe_r0_0_1316 |         88 |         88 |       0 |    0 |    37 |      0 |      0 |    0 |          0 |
|     u_pe_r0_6_1                     |                     pe_r0_887 |         89 |         89 |       0 |    0 |    37 |      0 |      0 |    0 |          0 |
|       u                             |                  pe_r0_0_1313 |         89 |         89 |       0 |    0 |    37 |      0 |      0 |    0 |          0 |
|     u_pe_r0_6_10                    |                     pe_r0_888 |         94 |         94 |       0 |    0 |    37 |      0 |      0 |    0 |          0 |
|       u                             |                  pe_r0_0_1310 |         94 |         94 |       0 |    0 |    37 |      0 |      0 |    0 |          0 |
|     u_pe_r0_6_11                    |                     pe_r0_889 |         92 |         92 |       0 |    0 |    37 |      0 |      0 |    0 |          0 |
|       u                             |                  pe_r0_0_1307 |         92 |         92 |       0 |    0 |    37 |      0 |      0 |    0 |          0 |
|     u_pe_r0_6_12                    |                     pe_r0_890 |         93 |         93 |       0 |    0 |    37 |      0 |      0 |    0 |          0 |
|       u                             |                  pe_r0_0_1304 |         93 |         93 |       0 |    0 |    37 |      0 |      0 |    0 |          0 |
|     u_pe_r0_6_13                    |                     pe_r0_891 |         93 |         93 |       0 |    0 |    37 |      0 |      0 |    0 |          0 |
|       u                             |                  pe_r0_0_1301 |         93 |         93 |       0 |    0 |    37 |      0 |      0 |    0 |          0 |
|     u_pe_r0_6_14                    |                     pe_r0_892 |         89 |         89 |       0 |    0 |    37 |      0 |      0 |    0 |          0 |
|       u                             |                  pe_r0_0_1298 |         89 |         89 |       0 |    0 |    37 |      0 |      0 |    0 |          0 |
|     u_pe_r0_6_2                     |                     pe_r0_893 |         90 |         90 |       0 |    0 |    37 |      0 |      0 |    0 |          0 |
|       u                             |                  pe_r0_0_1295 |         90 |         90 |       0 |    0 |    37 |      0 |      0 |    0 |          0 |
|     u_pe_r0_6_3                     |                     pe_r0_894 |         92 |         92 |       0 |    0 |    37 |      0 |      0 |    0 |          0 |
|       u                             |                  pe_r0_0_1292 |         92 |         92 |       0 |    0 |    37 |      0 |      0 |    0 |          0 |
|     u_pe_r0_6_4                     |                     pe_r0_895 |         90 |         90 |       0 |    0 |    37 |      0 |      0 |    0 |          0 |
|       u                             |                  pe_r0_0_1289 |         90 |         90 |       0 |    0 |    37 |      0 |      0 |    0 |          0 |
|     u_pe_r0_6_5                     |                     pe_r0_896 |         89 |         89 |       0 |    0 |    37 |      0 |      0 |    0 |          0 |
|       u                             |                  pe_r0_0_1286 |         89 |         89 |       0 |    0 |    37 |      0 |      0 |    0 |          0 |
|     u_pe_r0_6_6                     |                     pe_r0_897 |         93 |         93 |       0 |    0 |    37 |      0 |      0 |    0 |          0 |
|       u                             |                  pe_r0_0_1283 |         93 |         93 |       0 |    0 |    37 |      0 |      0 |    0 |          0 |
|     u_pe_r0_6_7                     |                     pe_r0_898 |         94 |         94 |       0 |    0 |    37 |      0 |      0 |    0 |          0 |
|       u                             |                  pe_r0_0_1280 |         94 |         94 |       0 |    0 |    37 |      0 |      0 |    0 |          0 |
|     u_pe_r0_6_8                     |                     pe_r0_899 |         91 |         91 |       0 |    0 |    37 |      0 |      0 |    0 |          0 |
|       u                             |                  pe_r0_0_1277 |         91 |         91 |       0 |    0 |    37 |      0 |      0 |    0 |          0 |
|     u_pe_r0_6_9                     |                     pe_r0_900 |         92 |         92 |       0 |    0 |    37 |      0 |      0 |    0 |          0 |
|       u                             |                  pe_r0_0_1274 |         92 |         92 |       0 |    0 |    37 |      0 |      0 |    0 |          0 |
|     u_pe_r0_7_1                     |                     pe_r0_901 |         89 |         89 |       0 |    0 |    37 |      0 |      0 |    0 |          0 |
|       u                             |                  pe_r0_0_1271 |         89 |         89 |       0 |    0 |    37 |      0 |      0 |    0 |          0 |
|     u_pe_r0_7_10                    |                     pe_r0_902 |         89 |         89 |       0 |    0 |    37 |      0 |      0 |    0 |          0 |
|       u                             |                  pe_r0_0_1268 |         89 |         89 |       0 |    0 |    37 |      0 |      0 |    0 |          0 |
|     u_pe_r0_7_11                    |                     pe_r0_903 |         89 |         89 |       0 |    0 |    37 |      0 |      0 |    0 |          0 |
|       u                             |                  pe_r0_0_1265 |         89 |         89 |       0 |    0 |    37 |      0 |      0 |    0 |          0 |
|     u_pe_r0_7_12                    |                     pe_r0_904 |         89 |         89 |       0 |    0 |    37 |      0 |      0 |    0 |          0 |
|       u                             |                  pe_r0_0_1262 |         89 |         89 |       0 |    0 |    37 |      0 |      0 |    0 |          0 |
|     u_pe_r0_7_13                    |                     pe_r0_905 |         91 |         91 |       0 |    0 |    37 |      0 |      0 |    0 |          0 |
|       u                             |                  pe_r0_0_1259 |         91 |         91 |       0 |    0 |    37 |      0 |      0 |    0 |          0 |
|     u_pe_r0_7_14                    |                     pe_r0_906 |         89 |         89 |       0 |    0 |    37 |      0 |      0 |    0 |          0 |
|       u                             |                  pe_r0_0_1256 |         89 |         89 |       0 |    0 |    37 |      0 |      0 |    0 |          0 |
|     u_pe_r0_7_2                     |                     pe_r0_907 |         90 |         90 |       0 |    0 |    37 |      0 |      0 |    0 |          0 |
|       u                             |                  pe_r0_0_1253 |         90 |         90 |       0 |    0 |    37 |      0 |      0 |    0 |          0 |
|     u_pe_r0_7_3                     |                     pe_r0_908 |         90 |         90 |       0 |    0 |    37 |      0 |      0 |    0 |          0 |
|       u                             |                  pe_r0_0_1250 |         90 |         90 |       0 |    0 |    37 |      0 |      0 |    0 |          0 |
|     u_pe_r0_7_4                     |                     pe_r0_909 |         89 |         89 |       0 |    0 |    37 |      0 |      0 |    0 |          0 |
|       u                             |                  pe_r0_0_1247 |         89 |         89 |       0 |    0 |    37 |      0 |      0 |    0 |          0 |
|     u_pe_r0_7_5                     |                     pe_r0_910 |         89 |         89 |       0 |    0 |    37 |      0 |      0 |    0 |          0 |
|       u                             |                  pe_r0_0_1244 |         89 |         89 |       0 |    0 |    37 |      0 |      0 |    0 |          0 |
|     u_pe_r0_7_6                     |                     pe_r0_911 |         89 |         89 |       0 |    0 |    37 |      0 |      0 |    0 |          0 |
|       u                             |                  pe_r0_0_1241 |         89 |         89 |       0 |    0 |    37 |      0 |      0 |    0 |          0 |
|     u_pe_r0_7_7                     |                     pe_r0_912 |         89 |         89 |       0 |    0 |    37 |      0 |      0 |    0 |          0 |
|       u                             |                  pe_r0_0_1238 |         89 |         89 |       0 |    0 |    37 |      0 |      0 |    0 |          0 |
|     u_pe_r0_7_8                     |                     pe_r0_913 |         89 |         89 |       0 |    0 |    37 |      0 |      0 |    0 |          0 |
|       u                             |                  pe_r0_0_1235 |         89 |         89 |       0 |    0 |    37 |      0 |      0 |    0 |          0 |
|     u_pe_r0_7_9                     |                     pe_r0_914 |         87 |         87 |       0 |    0 |    37 |      0 |      0 |    0 |          0 |
|       u                             |                  pe_r0_0_1232 |         87 |         87 |       0 |    0 |    37 |      0 |      0 |    0 |          0 |
|     u_pe_r0_8_1                     |                     pe_r0_915 |         89 |         89 |       0 |    0 |    37 |      0 |      0 |    0 |          0 |
|       u                             |                  pe_r0_0_1229 |         89 |         89 |       0 |    0 |    37 |      0 |      0 |    0 |          0 |
|     u_pe_r0_8_10                    |                     pe_r0_916 |         89 |         89 |       0 |    0 |    37 |      0 |      0 |    0 |          0 |
|       u                             |                  pe_r0_0_1226 |         89 |         89 |       0 |    0 |    37 |      0 |      0 |    0 |          0 |
|     u_pe_r0_8_11                    |                     pe_r0_917 |         89 |         89 |       0 |    0 |    37 |      0 |      0 |    0 |          0 |
|       u                             |                  pe_r0_0_1223 |         89 |         89 |       0 |    0 |    37 |      0 |      0 |    0 |          0 |
|     u_pe_r0_8_12                    |                     pe_r0_918 |         89 |         89 |       0 |    0 |    37 |      0 |      0 |    0 |          0 |
|       u                             |                  pe_r0_0_1220 |         89 |         89 |       0 |    0 |    37 |      0 |      0 |    0 |          0 |
|     u_pe_r0_8_13                    |                     pe_r0_919 |         91 |         91 |       0 |    0 |    37 |      0 |      0 |    0 |          0 |
|       u                             |                  pe_r0_0_1217 |         91 |         91 |       0 |    0 |    37 |      0 |      0 |    0 |          0 |
|     u_pe_r0_8_14                    |                     pe_r0_920 |         89 |         89 |       0 |    0 |    37 |      0 |      0 |    0 |          0 |
|       u                             |                  pe_r0_0_1214 |         89 |         89 |       0 |    0 |    37 |      0 |      0 |    0 |          0 |
|     u_pe_r0_8_2                     |                     pe_r0_921 |         90 |         90 |       0 |    0 |    37 |      0 |      0 |    0 |          0 |
|       u                             |                  pe_r0_0_1211 |         90 |         90 |       0 |    0 |    37 |      0 |      0 |    0 |          0 |
|     u_pe_r0_8_3                     |                     pe_r0_922 |         90 |         90 |       0 |    0 |    37 |      0 |      0 |    0 |          0 |
|       u                             |                  pe_r0_0_1208 |         90 |         90 |       0 |    0 |    37 |      0 |      0 |    0 |          0 |
|     u_pe_r0_8_4                     |                     pe_r0_923 |         92 |         92 |       0 |    0 |    37 |      0 |      0 |    0 |          0 |
|       u                             |                  pe_r0_0_1205 |         92 |         92 |       0 |    0 |    37 |      0 |      0 |    0 |          0 |
|     u_pe_r0_8_5                     |                     pe_r0_924 |         90 |         90 |       0 |    0 |    37 |      0 |      0 |    0 |          0 |
|       u                             |                  pe_r0_0_1202 |         90 |         90 |       0 |    0 |    37 |      0 |      0 |    0 |          0 |
|     u_pe_r0_8_6                     |                     pe_r0_925 |         88 |         88 |       0 |    0 |    37 |      0 |      0 |    0 |          0 |
|       u                             |                  pe_r0_0_1199 |         88 |         88 |       0 |    0 |    37 |      0 |      0 |    0 |          0 |
|     u_pe_r0_8_7                     |                     pe_r0_926 |         89 |         89 |       0 |    0 |    37 |      0 |      0 |    0 |          0 |
|       u                             |                  pe_r0_0_1196 |         89 |         89 |       0 |    0 |    37 |      0 |      0 |    0 |          0 |
|     u_pe_r0_8_8                     |                     pe_r0_927 |         89 |         89 |       0 |    0 |    37 |      0 |      0 |    0 |          0 |
|       u                             |                  pe_r0_0_1193 |         89 |         89 |       0 |    0 |    37 |      0 |      0 |    0 |          0 |
|     u_pe_r0_8_9                     |                     pe_r0_928 |         89 |         89 |       0 |    0 |    37 |      0 |      0 |    0 |          0 |
|       u                             |                  pe_r0_0_1190 |         89 |         89 |       0 |    0 |    37 |      0 |      0 |    0 |          0 |
|     u_pe_r0_9_1                     |                     pe_r0_929 |         89 |         89 |       0 |    0 |    37 |      0 |      0 |    0 |          0 |
|       u                             |                  pe_r0_0_1187 |         89 |         89 |       0 |    0 |    37 |      0 |      0 |    0 |          0 |
|     u_pe_r0_9_10                    |                     pe_r0_930 |         90 |         90 |       0 |    0 |    37 |      0 |      0 |    0 |          0 |
|       u                             |                  pe_r0_0_1184 |         90 |         90 |       0 |    0 |    37 |      0 |      0 |    0 |          0 |
|     u_pe_r0_9_11                    |                     pe_r0_931 |         89 |         89 |       0 |    0 |    37 |      0 |      0 |    0 |          0 |
|       u                             |                  pe_r0_0_1181 |         89 |         89 |       0 |    0 |    37 |      0 |      0 |    0 |          0 |
|     u_pe_r0_9_12                    |                     pe_r0_932 |         89 |         89 |       0 |    0 |    37 |      0 |      0 |    0 |          0 |
|       u                             |                  pe_r0_0_1178 |         89 |         89 |       0 |    0 |    37 |      0 |      0 |    0 |          0 |
|     u_pe_r0_9_13                    |                     pe_r0_933 |         91 |         91 |       0 |    0 |    37 |      0 |      0 |    0 |          0 |
|       u                             |                  pe_r0_0_1175 |         91 |         91 |       0 |    0 |    37 |      0 |      0 |    0 |          0 |
|     u_pe_r0_9_14                    |                     pe_r0_934 |         89 |         89 |       0 |    0 |    37 |      0 |      0 |    0 |          0 |
|       u                             |                  pe_r0_0_1172 |         89 |         89 |       0 |    0 |    37 |      0 |      0 |    0 |          0 |
|     u_pe_r0_9_2                     |                     pe_r0_935 |         90 |         90 |       0 |    0 |    37 |      0 |      0 |    0 |          0 |
|       u                             |                  pe_r0_0_1169 |         90 |         90 |       0 |    0 |    37 |      0 |      0 |    0 |          0 |
|     u_pe_r0_9_3                     |                     pe_r0_936 |         90 |         90 |       0 |    0 |    37 |      0 |      0 |    0 |          0 |
|       u                             |                  pe_r0_0_1166 |         90 |         90 |       0 |    0 |    37 |      0 |      0 |    0 |          0 |
|     u_pe_r0_9_4                     |                     pe_r0_937 |         92 |         92 |       0 |    0 |    37 |      0 |      0 |    0 |          0 |
|       u                             |                  pe_r0_0_1163 |         92 |         92 |       0 |    0 |    37 |      0 |      0 |    0 |          0 |
|     u_pe_r0_9_5                     |                     pe_r0_938 |         90 |         90 |       0 |    0 |    37 |      0 |      0 |    0 |          0 |
|       u                             |                  pe_r0_0_1160 |         90 |         90 |       0 |    0 |    37 |      0 |      0 |    0 |          0 |
|     u_pe_r0_9_6                     |                     pe_r0_939 |         88 |         88 |       0 |    0 |    37 |      0 |      0 |    0 |          0 |
|       u                             |                  pe_r0_0_1157 |         88 |         88 |       0 |    0 |    37 |      0 |      0 |    0 |          0 |
|     u_pe_r0_9_7                     |                     pe_r0_940 |         89 |         89 |       0 |    0 |    37 |      0 |      0 |    0 |          0 |
|       u                             |                  pe_r0_0_1154 |         89 |         89 |       0 |    0 |    37 |      0 |      0 |    0 |          0 |
|     u_pe_r0_9_8                     |                     pe_r0_941 |         89 |         89 |       0 |    0 |    37 |      0 |      0 |    0 |          0 |
|       u                             |                  pe_r0_0_1151 |         89 |         89 |       0 |    0 |    37 |      0 |      0 |    0 |          0 |
|     u_pe_r0_9_9                     |                     pe_r0_942 |         87 |         87 |       0 |    0 |    37 |      0 |      0 |    0 |          0 |
|       u                             |                       pe_r0_0 |         87 |         87 |       0 |    0 |    37 |      0 |      0 |    0 |          0 |
|     u_pe_r1_15_1                    |                         pe_r1 |         90 |         90 |       0 |    0 |    37 |      0 |      0 |    0 |          0 |
|       u                             |                  pe_r1_0_1148 |         90 |         90 |       0 |    0 |    37 |      0 |      0 |    0 |          0 |
|     u_pe_r1_15_10                   |                     pe_r1_943 |         89 |         89 |       0 |    0 |    37 |      0 |      0 |    0 |          0 |
|       u                             |                  pe_r1_0_1145 |         89 |         89 |       0 |    0 |    37 |      0 |      0 |    0 |          0 |
|     u_pe_r1_15_11                   |                     pe_r1_944 |         88 |         88 |       0 |    0 |    37 |      0 |      0 |    0 |          0 |
|       u                             |                  pe_r1_0_1142 |         88 |         88 |       0 |    0 |    37 |      0 |      0 |    0 |          0 |
|     u_pe_r1_15_12                   |                     pe_r1_945 |         90 |         90 |       0 |    0 |    37 |      0 |      0 |    0 |          0 |
|       u                             |                  pe_r1_0_1139 |         90 |         90 |       0 |    0 |    37 |      0 |      0 |    0 |          0 |
|     u_pe_r1_15_13                   |                     pe_r1_946 |         90 |         90 |       0 |    0 |    37 |      0 |      0 |    0 |          0 |
|       u                             |                  pe_r1_0_1136 |         90 |         90 |       0 |    0 |    37 |      0 |      0 |    0 |          0 |
|     u_pe_r1_15_14                   |                     pe_r1_947 |         88 |         88 |       0 |    0 |    37 |      0 |      0 |    0 |          0 |
|       u                             |                  pe_r1_0_1133 |         88 |         88 |       0 |    0 |    37 |      0 |      0 |    0 |          0 |
|     u_pe_r1_15_2                    |                     pe_r1_948 |         89 |         89 |       0 |    0 |    37 |      0 |      0 |    0 |          0 |
|       u                             |                  pe_r1_0_1130 |         89 |         89 |       0 |    0 |    37 |      0 |      0 |    0 |          0 |
|     u_pe_r1_15_3                    |                     pe_r1_949 |         89 |         89 |       0 |    0 |    37 |      0 |      0 |    0 |          0 |
|       u                             |                  pe_r1_0_1127 |         89 |         89 |       0 |    0 |    37 |      0 |      0 |    0 |          0 |
|     u_pe_r1_15_4                    |                     pe_r1_950 |         89 |         89 |       0 |    0 |    37 |      0 |      0 |    0 |          0 |
|       u                             |                  pe_r1_0_1124 |         89 |         89 |       0 |    0 |    37 |      0 |      0 |    0 |          0 |
|     u_pe_r1_15_5                    |                     pe_r1_951 |         92 |         92 |       0 |    0 |    37 |      0 |      0 |    0 |          0 |
|       u                             |                  pe_r1_0_1121 |         92 |         92 |       0 |    0 |    37 |      0 |      0 |    0 |          0 |
|     u_pe_r1_15_6                    |                     pe_r1_952 |         90 |         90 |       0 |    0 |    37 |      0 |      0 |    0 |          0 |
|       u                             |                  pe_r1_0_1118 |         90 |         90 |       0 |    0 |    37 |      0 |      0 |    0 |          0 |
|     u_pe_r1_15_7                    |                     pe_r1_953 |         88 |         88 |       0 |    0 |    37 |      0 |      0 |    0 |          0 |
|       u                             |                  pe_r1_0_1115 |         88 |         88 |       0 |    0 |    37 |      0 |      0 |    0 |          0 |
|     u_pe_r1_15_8                    |                     pe_r1_954 |         94 |         94 |       0 |    0 |    37 |      0 |      0 |    0 |          0 |
|       u                             |                  pe_r1_0_1112 |         94 |         94 |       0 |    0 |    37 |      0 |      0 |    0 |          0 |
|     u_pe_r1_15_9                    |                     pe_r1_955 |         89 |         89 |       0 |    0 |    37 |      0 |      0 |    0 |          0 |
|       u                             |                       pe_r1_0 |         89 |         89 |       0 |    0 |    37 |      0 |      0 |    0 |          0 |
|     u_pe_r2_0_1                     |                         pe_r2 |         79 |         79 |       0 |    0 |    37 |      0 |      0 |    0 |          0 |
|       u                             |                  pe_r2_0_1109 |         79 |         79 |       0 |    0 |    37 |      0 |      0 |    0 |          0 |
|     u_pe_r2_0_10                    |                     pe_r2_956 |         83 |         83 |       0 |    0 |    37 |      0 |      0 |    0 |          0 |
|       u                             |                  pe_r2_0_1106 |         83 |         83 |       0 |    0 |    37 |      0 |      0 |    0 |          0 |
|     u_pe_r2_0_11                    |                     pe_r2_957 |         79 |         79 |       0 |    0 |    37 |      0 |      0 |    0 |          0 |
|       u                             |                  pe_r2_0_1103 |         79 |         79 |       0 |    0 |    37 |      0 |      0 |    0 |          0 |
|     u_pe_r2_0_12                    |                     pe_r2_958 |         83 |         83 |       0 |    0 |    37 |      0 |      0 |    0 |          0 |
|       u                             |                  pe_r2_0_1100 |         83 |         83 |       0 |    0 |    37 |      0 |      0 |    0 |          0 |
|     u_pe_r2_0_13                    |                     pe_r2_959 |         79 |         79 |       0 |    0 |    37 |      0 |      0 |    0 |          0 |
|       u                             |                  pe_r2_0_1097 |         79 |         79 |       0 |    0 |    37 |      0 |      0 |    0 |          0 |
|     u_pe_r2_0_14                    |                     pe_r2_960 |         79 |         79 |       0 |    0 |    37 |      0 |      0 |    0 |          0 |
|       u                             |                  pe_r2_0_1094 |         79 |         79 |       0 |    0 |    37 |      0 |      0 |    0 |          0 |
|     u_pe_r2_0_2                     |                     pe_r2_961 |         83 |         83 |       0 |    0 |    37 |      0 |      0 |    0 |          0 |
|       u                             |                  pe_r2_0_1091 |         83 |         83 |       0 |    0 |    37 |      0 |      0 |    0 |          0 |
|     u_pe_r2_0_3                     |                     pe_r2_962 |         80 |         80 |       0 |    0 |    37 |      0 |      0 |    0 |          0 |
|       u                             |                  pe_r2_0_1088 |         80 |         80 |       0 |    0 |    37 |      0 |      0 |    0 |          0 |
|     u_pe_r2_0_4                     |                     pe_r2_963 |         82 |         82 |       0 |    0 |    37 |      0 |      0 |    0 |          0 |
|       u                             |                  pe_r2_0_1085 |         82 |         82 |       0 |    0 |    37 |      0 |      0 |    0 |          0 |
|     u_pe_r2_0_5                     |                     pe_r2_964 |         81 |         81 |       0 |    0 |    37 |      0 |      0 |    0 |          0 |
|       u                             |                  pe_r2_0_1082 |         81 |         81 |       0 |    0 |    37 |      0 |      0 |    0 |          0 |
|     u_pe_r2_0_6                     |                     pe_r2_965 |         81 |         81 |       0 |    0 |    37 |      0 |      0 |    0 |          0 |
|       u                             |                  pe_r2_0_1079 |         81 |         81 |       0 |    0 |    37 |      0 |      0 |    0 |          0 |
|     u_pe_r2_0_7                     |                     pe_r2_966 |         81 |         81 |       0 |    0 |    37 |      0 |      0 |    0 |          0 |
|       u                             |                  pe_r2_0_1076 |         81 |         81 |       0 |    0 |    37 |      0 |      0 |    0 |          0 |
|     u_pe_r2_0_8                     |                     pe_r2_967 |         83 |         83 |       0 |    0 |    37 |      0 |      0 |    0 |          0 |
|       u                             |                  pe_r2_0_1073 |         83 |         83 |       0 |    0 |    37 |      0 |      0 |    0 |          0 |
|     u_pe_r2_0_9                     |                     pe_r2_968 |         80 |         80 |       0 |    0 |    37 |      0 |      0 |    0 |          0 |
|       u                             |                       pe_r2_0 |         80 |         80 |       0 |    0 |    37 |      0 |      0 |    0 |          0 |
|     u_pe_r3_10_15                   |                         pe_r3 |         88 |         88 |       0 |    0 |    29 |      0 |      0 |    0 |          0 |
|       u                             |                  pe_r3_0_1070 |         88 |         88 |       0 |    0 |    29 |      0 |      0 |    0 |          0 |
|     u_pe_r3_11_15                   |                     pe_r3_969 |         88 |         88 |       0 |    0 |    29 |      0 |      0 |    0 |          0 |
|       u                             |                  pe_r3_0_1067 |         88 |         88 |       0 |    0 |    29 |      0 |      0 |    0 |          0 |
|     u_pe_r3_12_15                   |                     pe_r3_970 |         91 |         91 |       0 |    0 |    29 |      0 |      0 |    0 |          0 |
|       u                             |                  pe_r3_0_1064 |         91 |         91 |       0 |    0 |    29 |      0 |      0 |    0 |          0 |
|     u_pe_r3_13_15                   |                     pe_r3_971 |         88 |         88 |       0 |    0 |    29 |      0 |      0 |    0 |          0 |
|       u                             |                  pe_r3_0_1061 |         88 |         88 |       0 |    0 |    29 |      0 |      0 |    0 |          0 |
|     u_pe_r3_14_15                   |                     pe_r3_972 |         88 |         88 |       0 |    0 |    29 |      0 |      0 |    0 |          0 |
|       u                             |                  pe_r3_0_1058 |         88 |         88 |       0 |    0 |    29 |      0 |      0 |    0 |          0 |
|     u_pe_r3_1_15                    |                     pe_r3_973 |         89 |         89 |       0 |    0 |    29 |      0 |      0 |    0 |          0 |
|       u                             |                  pe_r3_0_1055 |         89 |         89 |       0 |    0 |    29 |      0 |      0 |    0 |          0 |
|     u_pe_r3_2_15                    |                     pe_r3_974 |         91 |         91 |       0 |    0 |    29 |      0 |      0 |    0 |          0 |
|       u                             |                  pe_r3_0_1052 |         91 |         91 |       0 |    0 |    29 |      0 |      0 |    0 |          0 |
|     u_pe_r3_3_15                    |                     pe_r3_975 |         88 |         88 |       0 |    0 |    29 |      0 |      0 |    0 |          0 |
|       u                             |                  pe_r3_0_1049 |         88 |         88 |       0 |    0 |    29 |      0 |      0 |    0 |          0 |
|     u_pe_r3_4_15                    |                     pe_r3_976 |         88 |         88 |       0 |    0 |    29 |      0 |      0 |    0 |          0 |
|       u                             |                  pe_r3_0_1046 |         88 |         88 |       0 |    0 |    29 |      0 |      0 |    0 |          0 |
|     u_pe_r3_5_15                    |                     pe_r3_977 |         88 |         88 |       0 |    0 |    29 |      0 |      0 |    0 |          0 |
|       u                             |                  pe_r3_0_1043 |         88 |         88 |       0 |    0 |    29 |      0 |      0 |    0 |          0 |
|     u_pe_r3_6_15                    |                     pe_r3_978 |         88 |         88 |       0 |    0 |    29 |      0 |      0 |    0 |          0 |
|       u                             |                  pe_r3_0_1040 |         88 |         88 |       0 |    0 |    29 |      0 |      0 |    0 |          0 |
|     u_pe_r3_7_15                    |                     pe_r3_979 |         88 |         88 |       0 |    0 |    29 |      0 |      0 |    0 |          0 |
|       u                             |                  pe_r3_0_1037 |         88 |         88 |       0 |    0 |    29 |      0 |      0 |    0 |          0 |
|     u_pe_r3_8_15                    |                     pe_r3_980 |         88 |         88 |       0 |    0 |    29 |      0 |      0 |    0 |          0 |
|       u                             |                  pe_r3_0_1034 |         88 |         88 |       0 |    0 |    29 |      0 |      0 |    0 |          0 |
|     u_pe_r3_9_15                    |                     pe_r3_981 |         88 |         88 |       0 |    0 |    29 |      0 |      0 |    0 |          0 |
|       u                             |                       pe_r3_0 |         88 |         88 |       0 |    0 |    29 |      0 |      0 |    0 |          0 |
|     u_pe_r4_10_0                    |                         pe_r4 |        101 |        101 |       0 |    0 |    37 |      0 |      0 |    0 |          0 |
|       u                             |                  pe_r4_0_1031 |        101 |        101 |       0 |    0 |    37 |      0 |      0 |    0 |          0 |
|     u_pe_r4_11_0                    |                     pe_r4_982 |        101 |        101 |       0 |    0 |    37 |      0 |      0 |    0 |          0 |
|       u                             |                  pe_r4_0_1028 |        101 |        101 |       0 |    0 |    37 |      0 |      0 |    0 |          0 |
|     u_pe_r4_12_0                    |                     pe_r4_983 |        102 |        102 |       0 |    0 |    37 |      0 |      0 |    0 |          0 |
|       u                             |                  pe_r4_0_1025 |        102 |        102 |       0 |    0 |    37 |      0 |      0 |    0 |          0 |
|     u_pe_r4_13_0                    |                     pe_r4_984 |        103 |        103 |       0 |    0 |    37 |      0 |      0 |    0 |          0 |
|       u                             |                  pe_r4_0_1022 |        103 |        103 |       0 |    0 |    37 |      0 |      0 |    0 |          0 |
|     u_pe_r4_14_0                    |                     pe_r4_985 |        102 |        102 |       0 |    0 |    37 |      0 |      0 |    0 |          0 |
|       u                             |                  pe_r4_0_1019 |        102 |        102 |       0 |    0 |    37 |      0 |      0 |    0 |          0 |
|     u_pe_r4_1_0                     |                     pe_r4_986 |        100 |        100 |       0 |    0 |    37 |      0 |      0 |    0 |          0 |
|       u                             |                  pe_r4_0_1016 |        100 |        100 |       0 |    0 |    37 |      0 |      0 |    0 |          0 |
|     u_pe_r4_2_0                     |                     pe_r4_987 |        101 |        101 |       0 |    0 |    37 |      0 |      0 |    0 |          0 |
|       u                             |                  pe_r4_0_1013 |        101 |        101 |       0 |    0 |    37 |      0 |      0 |    0 |          0 |
|     u_pe_r4_3_0                     |                     pe_r4_988 |        101 |        101 |       0 |    0 |    37 |      0 |      0 |    0 |          0 |
|       u                             |                  pe_r4_0_1010 |        101 |        101 |       0 |    0 |    37 |      0 |      0 |    0 |          0 |
|     u_pe_r4_4_0                     |                     pe_r4_989 |        103 |        103 |       0 |    0 |    37 |      0 |      0 |    0 |          0 |
|       u                             |                  pe_r4_0_1007 |        103 |        103 |       0 |    0 |    37 |      0 |      0 |    0 |          0 |
|     u_pe_r4_5_0                     |                     pe_r4_990 |        103 |        103 |       0 |    0 |    37 |      0 |      0 |    0 |          0 |
|       u                             |                  pe_r4_0_1004 |        103 |        103 |       0 |    0 |    37 |      0 |      0 |    0 |          0 |
|     u_pe_r4_6_0                     |                     pe_r4_991 |        100 |        100 |       0 |    0 |    37 |      0 |      0 |    0 |          0 |
|       u                             |                  pe_r4_0_1001 |        100 |        100 |       0 |    0 |    37 |      0 |      0 |    0 |          0 |
|     u_pe_r4_7_0                     |                     pe_r4_992 |        101 |        101 |       0 |    0 |    37 |      0 |      0 |    0 |          0 |
|       u                             |                   pe_r4_0_998 |        101 |        101 |       0 |    0 |    37 |      0 |      0 |    0 |          0 |
|     u_pe_r4_8_0                     |                     pe_r4_993 |        101 |        101 |       0 |    0 |    37 |      0 |      0 |    0 |          0 |
|       u                             |                   pe_r4_0_995 |        101 |        101 |       0 |    0 |    37 |      0 |      0 |    0 |          0 |
|     u_pe_r4_9_0                     |                     pe_r4_994 |        101 |        101 |       0 |    0 |    37 |      0 |      0 |    0 |          0 |
|       u                             |                       pe_r4_0 |        101 |        101 |       0 |    0 |    37 |      0 |      0 |    0 |          0 |
|     u_pe_r5_15_15                   |                         pe_r5 |         65 |         65 |       0 |    0 |    29 |      0 |      0 |    0 |          0 |
|       u                             |                       pe_r5_0 |         65 |         65 |       0 |    0 |    29 |      0 |      0 |    0 |          0 |
|     u_pe_r6_0_15                    |                         pe_r6 |         81 |         81 |       0 |    0 |    29 |      0 |      0 |    0 |          0 |
|       u                             |                       pe_r6_0 |         81 |         81 |       0 |    0 |    29 |      0 |      0 |    0 |          0 |
|     u_pe_r7_15_0                    |                         pe_r7 |        107 |        107 |       0 |    0 |    37 |      0 |      0 |    0 |          0 |
|       u                             |                       pe_r7_0 |        107 |        107 |       0 |    0 |    37 |      0 |      0 |    0 |          0 |
|     u_pe_r8_0_0                     |                         pe_r8 |         87 |         87 |       0 |    0 |    37 |      0 |      0 |    0 |          0 |
|       u                             |                       pe_r8_0 |         87 |         87 |       0 |    0 |    37 |      0 |      0 |    0 |          0 |
+-------------------------------------+-------------------------------+------------+------------+---------+------+-------+--------+--------+------+------------+
* Note: The sum of lower-level cells may be larger than their parent cells total, due to cross-hierarchy LUT combining


