Copyright 1986-2022 Xilinx, Inc. All Rights Reserved. Copyright 2022-2023 Advanced Micro Devices, Inc. All Rights Reserved.
---------------------------------------------------------------------------------------------------------------------------------------------
| Tool Version : Vivado v.2023.2 (lin64) Build 4029153 Fri Oct 13 20:13:54 MDT 2023
| Date         : Mon Sep  7 01:20:08 2026
| Host         : brg-zhang-xcel.ece.cornell.edu running 64-bit Red Hat Enterprise Linux 9.8 (Plow)
| Command      : report_utilization -hierarchical -hierarchical_depth 1 -file /scratch/hc676/e4_pnr/fixed_32/util_hier.rpt
| Design       : feather_top
| Device       : xcu280-fsvh2892-2L-e
| Speed File   : -2L
| Design State : Routed
---------------------------------------------------------------------------------------------------------------------------------------------

Utilization Design Information

Table of Contents
-----------------
1. Utilization by Hierarchy

1. Utilization by Hierarchy
---------------------------

+---------------------------------------------------------------------------------------------------+------------------------------------+------------+------------+---------+------+--------+--------+--------+------+------------+
|                                              Instance                                             |               Module               | Total LUTs | Logic LUTs | LUTRAMs | SRLs |   FFs  | RAMB36 | RAMB18 | URAM | DSP Blocks |
+---------------------------------------------------------------------------------------------------+------------------------------------+------------+------------+---------+------+--------+--------+--------+------+------------+
| feather_top                                                                                       |                              (top) |     338694 |     338470 |       0 |  224 | 624270 |      0 |      0 |    0 |          0 |
|   IACTS_PING_SRAM                                                                                 |   sram_sp_2d_array__parameterized0 |        256 |        256 |       0 |    0 |   1280 |      0 |      0 |    0 |          0 |
|   IACTS_PONG_SRAM                                                                                 | sram_sp_2d_array__parameterized0_0 |        256 |        256 |       0 |    0 |   1280 |      0 |      0 |    0 |          0 |
|   INSTR_SRAM                                                                                      |   sram_sp_2d_array__parameterized1 |        322 |        322 |       0 |    0 |   1600 |      0 |      0 |    0 |          0 |
|   OUTPUT_BUFFER_SRAM                                                                              |   sram_sp_2d_array__parameterized2 |        313 |        313 |       0 |    0 |   1280 |      0 |      0 |    0 |          0 |
|   WEIGHTS_PING_BUFFER                                                                             |                   sram_sp_2d_array |          0 |          0 |       0 |    0 |   1280 |      0 |      0 |    0 |          0 |
|   WEIGHTS_PONG_BUFFER                                                                             |                 sram_sp_2d_array_1 |          0 |          0 |       0 |    0 |   1280 |      0 |      0 |    0 |          0 |
|   birrd_INST                                                                                      |          birrd_simple_cmd_flow_seq |       2784 |       2560 |       0 |  224 |   3432 |      0 |      0 |    0 |          0 |
|   feather_CONTROLLER_INST                                                                         |                 feather_controller |       5209 |       5209 |       0 |    0 |   1804 |      0 |      0 |    0 |          0 |
|   feather_GENVAR_DPE_INST_COL_ITER[0].COL_WISE_O_DATA_BUS                                         |                 o_bus_autopick_seq |          0 |          0 |       0 |    0 |      9 |      0 |      0 |    0 |          0 |
|   feather_GENVAR_DPE_INST_COL_ITER[0].feather_GENVAR_DPE_INST_ROW_ITER[0].feather_PE_OTHER_ROWS   |                         feather_pe |        310 |        310 |       0 |    0 |    587 |      0 |      0 |    0 |          0 |
|   feather_GENVAR_DPE_INST_COL_ITER[0].feather_GENVAR_DPE_INST_ROW_ITER[10].feather_PE_OTHER_ROWS  |         feather_pe__parameterized9 |        328 |        328 |       0 |    0 |    599 |      0 |      0 |    0 |          0 |
|   feather_GENVAR_DPE_INST_COL_ITER[0].feather_GENVAR_DPE_INST_ROW_ITER[11].feather_PE_OTHER_ROWS  |        feather_pe__parameterized10 |        328 |        328 |       0 |    0 |    599 |      0 |      0 |    0 |          0 |
|   feather_GENVAR_DPE_INST_COL_ITER[0].feather_GENVAR_DPE_INST_ROW_ITER[12].feather_PE_OTHER_ROWS  |        feather_pe__parameterized11 |        321 |        321 |       0 |    0 |    599 |      0 |      0 |    0 |          0 |
|   feather_GENVAR_DPE_INST_COL_ITER[0].feather_GENVAR_DPE_INST_ROW_ITER[13].feather_PE_OTHER_ROWS  |        feather_pe__parameterized12 |        323 |        323 |       0 |    0 |    599 |      0 |      0 |    0 |          0 |
|   feather_GENVAR_DPE_INST_COL_ITER[0].feather_GENVAR_DPE_INST_ROW_ITER[14].feather_PE_OTHER_ROWS  |        feather_pe__parameterized13 |        313 |        313 |       0 |    0 |    599 |      0 |      0 |    0 |          0 |
|   feather_GENVAR_DPE_INST_COL_ITER[0].feather_GENVAR_DPE_INST_ROW_ITER[15].feather_PE_OTHER_ROWS  |        feather_pe__parameterized14 |        324 |        324 |       0 |    0 |    599 |      0 |      0 |    0 |          0 |
|   feather_GENVAR_DPE_INST_COL_ITER[0].feather_GENVAR_DPE_INST_ROW_ITER[16].feather_PE_OTHER_ROWS  |        feather_pe__parameterized15 |        317 |        317 |       0 |    0 |    599 |      0 |      0 |    0 |          0 |
|   feather_GENVAR_DPE_INST_COL_ITER[0].feather_GENVAR_DPE_INST_ROW_ITER[17].feather_PE_OTHER_ROWS  |        feather_pe__parameterized16 |        329 |        329 |       0 |    0 |    599 |      0 |      0 |    0 |          0 |
|   feather_GENVAR_DPE_INST_COL_ITER[0].feather_GENVAR_DPE_INST_ROW_ITER[18].feather_PE_OTHER_ROWS  |        feather_pe__parameterized17 |        321 |        321 |       0 |    0 |    599 |      0 |      0 |    0 |          0 |
|   feather_GENVAR_DPE_INST_COL_ITER[0].feather_GENVAR_DPE_INST_ROW_ITER[19].feather_PE_OTHER_ROWS  |        feather_pe__parameterized18 |        329 |        329 |       0 |    0 |    599 |      0 |      0 |    0 |          0 |
|   feather_GENVAR_DPE_INST_COL_ITER[0].feather_GENVAR_DPE_INST_ROW_ITER[1].feather_PE_OTHER_ROWS   |         feather_pe__parameterized0 |        326 |        326 |       0 |    0 |    587 |      0 |      0 |    0 |          0 |
|   feather_GENVAR_DPE_INST_COL_ITER[0].feather_GENVAR_DPE_INST_ROW_ITER[20].feather_PE_OTHER_ROWS  |        feather_pe__parameterized19 |        321 |        321 |       0 |    0 |    599 |      0 |      0 |    0 |          0 |
|   feather_GENVAR_DPE_INST_COL_ITER[0].feather_GENVAR_DPE_INST_ROW_ITER[21].feather_PE_OTHER_ROWS  |        feather_pe__parameterized20 |        323 |        323 |       0 |    0 |    599 |      0 |      0 |    0 |          0 |
|   feather_GENVAR_DPE_INST_COL_ITER[0].feather_GENVAR_DPE_INST_ROW_ITER[22].feather_PE_OTHER_ROWS  |        feather_pe__parameterized21 |        323 |        323 |       0 |    0 |    599 |      0 |      0 |    0 |          0 |
|   feather_GENVAR_DPE_INST_COL_ITER[0].feather_GENVAR_DPE_INST_ROW_ITER[23].feather_PE_OTHER_ROWS  |        feather_pe__parameterized22 |        313 |        313 |       0 |    0 |    599 |      0 |      0 |    0 |          0 |
|   feather_GENVAR_DPE_INST_COL_ITER[0].feather_GENVAR_DPE_INST_ROW_ITER[24].feather_PE_OTHER_ROWS  |        feather_pe__parameterized23 |        321 |        321 |       0 |    0 |    599 |      0 |      0 |    0 |          0 |
|   feather_GENVAR_DPE_INST_COL_ITER[0].feather_GENVAR_DPE_INST_ROW_ITER[25].feather_PE_OTHER_ROWS  |        feather_pe__parameterized24 |        321 |        321 |       0 |    0 |    599 |      0 |      0 |    0 |          0 |
|   feather_GENVAR_DPE_INST_COL_ITER[0].feather_GENVAR_DPE_INST_ROW_ITER[26].feather_PE_OTHER_ROWS  |        feather_pe__parameterized25 |        336 |        336 |       0 |    0 |    599 |      0 |      0 |    0 |          0 |
|   feather_GENVAR_DPE_INST_COL_ITER[0].feather_GENVAR_DPE_INST_ROW_ITER[27].feather_PE_OTHER_ROWS  |        feather_pe__parameterized26 |        329 |        329 |       0 |    0 |    599 |      0 |      0 |    0 |          0 |
|   feather_GENVAR_DPE_INST_COL_ITER[0].feather_GENVAR_DPE_INST_ROW_ITER[28].feather_PE_OTHER_ROWS  |        feather_pe__parameterized27 |        329 |        329 |       0 |    0 |    599 |      0 |      0 |    0 |          0 |
|   feather_GENVAR_DPE_INST_COL_ITER[0].feather_GENVAR_DPE_INST_ROW_ITER[29].feather_PE_OTHER_ROWS  |        feather_pe__parameterized28 |        320 |        320 |       0 |    0 |    599 |      0 |      0 |    0 |          0 |
|   feather_GENVAR_DPE_INST_COL_ITER[0].feather_GENVAR_DPE_INST_ROW_ITER[2].feather_PE_OTHER_ROWS   |         feather_pe__parameterized1 |        309 |        309 |       0 |    0 |    587 |      0 |      0 |    0 |          0 |
|   feather_GENVAR_DPE_INST_COL_ITER[0].feather_GENVAR_DPE_INST_ROW_ITER[30].feather_PE_OTHER_ROWS  |        feather_pe__parameterized29 |        329 |        329 |       0 |    0 |    599 |      0 |      0 |    0 |          0 |
|   feather_GENVAR_DPE_INST_COL_ITER[0].feather_GENVAR_DPE_INST_ROW_ITER[31].feather_PE_OTHER_ROWS  |        feather_pe__parameterized30 |        307 |        307 |       0 |    0 |    569 |      0 |      0 |    0 |          0 |
|   feather_GENVAR_DPE_INST_COL_ITER[0].feather_GENVAR_DPE_INST_ROW_ITER[3].feather_PE_OTHER_ROWS   |         feather_pe__parameterized2 |        309 |        309 |       0 |    0 |    587 |      0 |      0 |    0 |          0 |
|   feather_GENVAR_DPE_INST_COL_ITER[0].feather_GENVAR_DPE_INST_ROW_ITER[4].feather_PE_OTHER_ROWS   |         feather_pe__parameterized3 |        322 |        322 |       0 |    0 |    597 |      0 |      0 |    0 |          0 |
|   feather_GENVAR_DPE_INST_COL_ITER[0].feather_GENVAR_DPE_INST_ROW_ITER[5].feather_PE_OTHER_ROWS   |         feather_pe__parameterized4 |        313 |        313 |       0 |    0 |    597 |      0 |      0 |    0 |          0 |
|   feather_GENVAR_DPE_INST_COL_ITER[0].feather_GENVAR_DPE_INST_ROW_ITER[6].feather_PE_OTHER_ROWS   |         feather_pe__parameterized5 |        318 |        318 |       0 |    0 |    597 |      0 |      0 |    0 |          0 |
|   feather_GENVAR_DPE_INST_COL_ITER[0].feather_GENVAR_DPE_INST_ROW_ITER[7].feather_PE_OTHER_ROWS   |         feather_pe__parameterized6 |        322 |        322 |       0 |    0 |    599 |      0 |      0 |    0 |          0 |
|   feather_GENVAR_DPE_INST_COL_ITER[0].feather_GENVAR_DPE_INST_ROW_ITER[8].feather_PE_OTHER_ROWS   |         feather_pe__parameterized7 |        321 |        321 |       0 |    0 |    599 |      0 |      0 |    0 |          0 |
|   feather_GENVAR_DPE_INST_COL_ITER[0].feather_GENVAR_DPE_INST_ROW_ITER[9].feather_PE_OTHER_ROWS   |         feather_pe__parameterized8 |        319 |        319 |       0 |    0 |    599 |      0 |      0 |    0 |          0 |
|   feather_GENVAR_DPE_INST_COL_ITER[10].COL_WISE_O_DATA_BUS                                        |               o_bus_autopick_seq_2 |          0 |          0 |       0 |    0 |      9 |      0 |      0 |    0 |          0 |
|   feather_GENVAR_DPE_INST_COL_ITER[10].feather_GENVAR_DPE_INST_ROW_ITER[0].feather_PE_OTHER_ROWS  |       feather_pe__parameterized319 |        317 |        317 |       0 |    0 |    585 |      0 |      0 |    0 |          0 |
|   feather_GENVAR_DPE_INST_COL_ITER[10].feather_GENVAR_DPE_INST_ROW_ITER[10].feather_PE_OTHER_ROWS |       feather_pe__parameterized329 |        324 |        324 |       0 |    0 |    599 |      0 |      0 |    0 |          0 |
|   feather_GENVAR_DPE_INST_COL_ITER[10].feather_GENVAR_DPE_INST_ROW_ITER[11].feather_PE_OTHER_ROWS |       feather_pe__parameterized330 |        322 |        322 |       0 |    0 |    599 |      0 |      0 |    0 |          0 |
|   feather_GENVAR_DPE_INST_COL_ITER[10].feather_GENVAR_DPE_INST_ROW_ITER[12].feather_PE_OTHER_ROWS |       feather_pe__parameterized331 |        321 |        321 |       0 |    0 |    599 |      0 |      0 |    0 |          0 |
|   feather_GENVAR_DPE_INST_COL_ITER[10].feather_GENVAR_DPE_INST_ROW_ITER[13].feather_PE_OTHER_ROWS |       feather_pe__parameterized332 |        328 |        328 |       0 |    0 |    599 |      0 |      0 |    0 |          0 |
|   feather_GENVAR_DPE_INST_COL_ITER[10].feather_GENVAR_DPE_INST_ROW_ITER[14].feather_PE_OTHER_ROWS |       feather_pe__parameterized333 |        319 |        319 |       0 |    0 |    599 |      0 |      0 |    0 |          0 |
|   feather_GENVAR_DPE_INST_COL_ITER[10].feather_GENVAR_DPE_INST_ROW_ITER[15].feather_PE_OTHER_ROWS |       feather_pe__parameterized334 |        319 |        319 |       0 |    0 |    599 |      0 |      0 |    0 |          0 |
|   feather_GENVAR_DPE_INST_COL_ITER[10].feather_GENVAR_DPE_INST_ROW_ITER[16].feather_PE_OTHER_ROWS |       feather_pe__parameterized335 |        322 |        322 |       0 |    0 |    599 |      0 |      0 |    0 |          0 |
|   feather_GENVAR_DPE_INST_COL_ITER[10].feather_GENVAR_DPE_INST_ROW_ITER[17].feather_PE_OTHER_ROWS |       feather_pe__parameterized336 |        329 |        329 |       0 |    0 |    599 |      0 |      0 |    0 |          0 |
|   feather_GENVAR_DPE_INST_COL_ITER[10].feather_GENVAR_DPE_INST_ROW_ITER[18].feather_PE_OTHER_ROWS |       feather_pe__parameterized337 |        321 |        321 |       0 |    0 |    599 |      0 |      0 |    0 |          0 |
|   feather_GENVAR_DPE_INST_COL_ITER[10].feather_GENVAR_DPE_INST_ROW_ITER[19].feather_PE_OTHER_ROWS |       feather_pe__parameterized338 |        329 |        329 |       0 |    0 |    599 |      0 |      0 |    0 |          0 |
|   feather_GENVAR_DPE_INST_COL_ITER[10].feather_GENVAR_DPE_INST_ROW_ITER[1].feather_PE_OTHER_ROWS  |       feather_pe__parameterized320 |        333 |        333 |       0 |    0 |    585 |      0 |      0 |    0 |          0 |
|   feather_GENVAR_DPE_INST_COL_ITER[10].feather_GENVAR_DPE_INST_ROW_ITER[20].feather_PE_OTHER_ROWS |       feather_pe__parameterized339 |        321 |        321 |       0 |    0 |    599 |      0 |      0 |    0 |          0 |
|   feather_GENVAR_DPE_INST_COL_ITER[10].feather_GENVAR_DPE_INST_ROW_ITER[21].feather_PE_OTHER_ROWS |       feather_pe__parameterized340 |        321 |        321 |       0 |    0 |    599 |      0 |      0 |    0 |          0 |
|   feather_GENVAR_DPE_INST_COL_ITER[10].feather_GENVAR_DPE_INST_ROW_ITER[22].feather_PE_OTHER_ROWS |       feather_pe__parameterized341 |        329 |        329 |       0 |    0 |    599 |      0 |      0 |    0 |          0 |
|   feather_GENVAR_DPE_INST_COL_ITER[10].feather_GENVAR_DPE_INST_ROW_ITER[23].feather_PE_OTHER_ROWS |       feather_pe__parameterized342 |        322 |        322 |       0 |    0 |    599 |      0 |      0 |    0 |          0 |
|   feather_GENVAR_DPE_INST_COL_ITER[10].feather_GENVAR_DPE_INST_ROW_ITER[24].feather_PE_OTHER_ROWS |       feather_pe__parameterized343 |        321 |        321 |       0 |    0 |    599 |      0 |      0 |    0 |          0 |
|   feather_GENVAR_DPE_INST_COL_ITER[10].feather_GENVAR_DPE_INST_ROW_ITER[25].feather_PE_OTHER_ROWS |       feather_pe__parameterized344 |        321 |        321 |       0 |    0 |    599 |      0 |      0 |    0 |          0 |
|   feather_GENVAR_DPE_INST_COL_ITER[10].feather_GENVAR_DPE_INST_ROW_ITER[26].feather_PE_OTHER_ROWS |       feather_pe__parameterized345 |        336 |        336 |       0 |    0 |    599 |      0 |      0 |    0 |          0 |
|   feather_GENVAR_DPE_INST_COL_ITER[10].feather_GENVAR_DPE_INST_ROW_ITER[27].feather_PE_OTHER_ROWS |       feather_pe__parameterized346 |        329 |        329 |       0 |    0 |    599 |      0 |      0 |    0 |          0 |
|   feather_GENVAR_DPE_INST_COL_ITER[10].feather_GENVAR_DPE_INST_ROW_ITER[28].feather_PE_OTHER_ROWS |       feather_pe__parameterized347 |        330 |        330 |       0 |    0 |    599 |      0 |      0 |    0 |          0 |
|   feather_GENVAR_DPE_INST_COL_ITER[10].feather_GENVAR_DPE_INST_ROW_ITER[29].feather_PE_OTHER_ROWS |       feather_pe__parameterized348 |        320 |        320 |       0 |    0 |    599 |      0 |      0 |    0 |          0 |
|   feather_GENVAR_DPE_INST_COL_ITER[10].feather_GENVAR_DPE_INST_ROW_ITER[2].feather_PE_OTHER_ROWS  |       feather_pe__parameterized321 |        317 |        317 |       0 |    0 |    587 |      0 |      0 |    0 |          0 |
|   feather_GENVAR_DPE_INST_COL_ITER[10].feather_GENVAR_DPE_INST_ROW_ITER[30].feather_PE_OTHER_ROWS |       feather_pe__parameterized349 |        329 |        329 |       0 |    0 |    599 |      0 |      0 |    0 |          0 |
|   feather_GENVAR_DPE_INST_COL_ITER[10].feather_GENVAR_DPE_INST_ROW_ITER[31].feather_PE_OTHER_ROWS |       feather_pe__parameterized350 |        307 |        307 |       0 |    0 |    569 |      0 |      0 |    0 |          0 |
|   feather_GENVAR_DPE_INST_COL_ITER[10].feather_GENVAR_DPE_INST_ROW_ITER[3].feather_PE_OTHER_ROWS  |       feather_pe__parameterized322 |        324 |        324 |       0 |    0 |    597 |      0 |      0 |    0 |          0 |
|   feather_GENVAR_DPE_INST_COL_ITER[10].feather_GENVAR_DPE_INST_ROW_ITER[4].feather_PE_OTHER_ROWS  |       feather_pe__parameterized323 |        325 |        325 |       0 |    0 |    586 |      0 |      0 |    0 |          0 |
|   feather_GENVAR_DPE_INST_COL_ITER[10].feather_GENVAR_DPE_INST_ROW_ITER[5].feather_PE_OTHER_ROWS  |       feather_pe__parameterized324 |        319 |        319 |       0 |    0 |    587 |      0 |      0 |    0 |          0 |
|   feather_GENVAR_DPE_INST_COL_ITER[10].feather_GENVAR_DPE_INST_ROW_ITER[6].feather_PE_OTHER_ROWS  |       feather_pe__parameterized325 |        318 |        318 |       0 |    0 |    587 |      0 |      0 |    0 |          0 |
|   feather_GENVAR_DPE_INST_COL_ITER[10].feather_GENVAR_DPE_INST_ROW_ITER[7].feather_PE_OTHER_ROWS  |       feather_pe__parameterized326 |        309 |        309 |       0 |    0 |    586 |      0 |      0 |    0 |          0 |
|   feather_GENVAR_DPE_INST_COL_ITER[10].feather_GENVAR_DPE_INST_ROW_ITER[8].feather_PE_OTHER_ROWS  |       feather_pe__parameterized327 |        321 |        321 |       0 |    0 |    597 |      0 |      0 |    0 |          0 |
|   feather_GENVAR_DPE_INST_COL_ITER[10].feather_GENVAR_DPE_INST_ROW_ITER[9].feather_PE_OTHER_ROWS  |       feather_pe__parameterized328 |        314 |        314 |       0 |    0 |    597 |      0 |      0 |    0 |          0 |
|   feather_GENVAR_DPE_INST_COL_ITER[11].COL_WISE_O_DATA_BUS                                        |               o_bus_autopick_seq_3 |         16 |         16 |       0 |    0 |      9 |      0 |      0 |    0 |          0 |
|   feather_GENVAR_DPE_INST_COL_ITER[11].feather_GENVAR_DPE_INST_ROW_ITER[0].feather_PE_OTHER_ROWS  |       feather_pe__parameterized351 |        319 |        319 |       0 |    0 |    588 |      0 |      0 |    0 |          0 |
|   feather_GENVAR_DPE_INST_COL_ITER[11].feather_GENVAR_DPE_INST_ROW_ITER[10].feather_PE_OTHER_ROWS |       feather_pe__parameterized361 |        322 |        322 |       0 |    0 |    599 |      0 |      0 |    0 |          0 |
|   feather_GENVAR_DPE_INST_COL_ITER[11].feather_GENVAR_DPE_INST_ROW_ITER[11].feather_PE_OTHER_ROWS |       feather_pe__parameterized362 |        328 |        328 |       0 |    0 |    599 |      0 |      0 |    0 |          0 |
|   feather_GENVAR_DPE_INST_COL_ITER[11].feather_GENVAR_DPE_INST_ROW_ITER[12].feather_PE_OTHER_ROWS |       feather_pe__parameterized363 |        319 |        319 |       0 |    0 |    599 |      0 |      0 |    0 |          0 |
|   feather_GENVAR_DPE_INST_COL_ITER[11].feather_GENVAR_DPE_INST_ROW_ITER[13].feather_PE_OTHER_ROWS |       feather_pe__parameterized364 |        327 |        327 |       0 |    0 |    599 |      0 |      0 |    0 |          0 |
|   feather_GENVAR_DPE_INST_COL_ITER[11].feather_GENVAR_DPE_INST_ROW_ITER[14].feather_PE_OTHER_ROWS |       feather_pe__parameterized365 |        319 |        319 |       0 |    0 |    599 |      0 |      0 |    0 |          0 |
|   feather_GENVAR_DPE_INST_COL_ITER[11].feather_GENVAR_DPE_INST_ROW_ITER[15].feather_PE_OTHER_ROWS |       feather_pe__parameterized366 |        319 |        319 |       0 |    0 |    599 |      0 |      0 |    0 |          0 |
|   feather_GENVAR_DPE_INST_COL_ITER[11].feather_GENVAR_DPE_INST_ROW_ITER[16].feather_PE_OTHER_ROWS |       feather_pe__parameterized367 |        320 |        320 |       0 |    0 |    599 |      0 |      0 |    0 |          0 |
|   feather_GENVAR_DPE_INST_COL_ITER[11].feather_GENVAR_DPE_INST_ROW_ITER[17].feather_PE_OTHER_ROWS |       feather_pe__parameterized368 |        327 |        327 |       0 |    0 |    599 |      0 |      0 |    0 |          0 |
|   feather_GENVAR_DPE_INST_COL_ITER[11].feather_GENVAR_DPE_INST_ROW_ITER[18].feather_PE_OTHER_ROWS |       feather_pe__parameterized369 |        321 |        321 |       0 |    0 |    599 |      0 |      0 |    0 |          0 |
|   feather_GENVAR_DPE_INST_COL_ITER[11].feather_GENVAR_DPE_INST_ROW_ITER[19].feather_PE_OTHER_ROWS |       feather_pe__parameterized370 |        329 |        329 |       0 |    0 |    599 |      0 |      0 |    0 |          0 |
|   feather_GENVAR_DPE_INST_COL_ITER[11].feather_GENVAR_DPE_INST_ROW_ITER[1].feather_PE_OTHER_ROWS  |       feather_pe__parameterized352 |        337 |        337 |       0 |    0 |    587 |      0 |      0 |    0 |          0 |
|   feather_GENVAR_DPE_INST_COL_ITER[11].feather_GENVAR_DPE_INST_ROW_ITER[20].feather_PE_OTHER_ROWS |       feather_pe__parameterized371 |        321 |        321 |       0 |    0 |    599 |      0 |      0 |    0 |          0 |
|   feather_GENVAR_DPE_INST_COL_ITER[11].feather_GENVAR_DPE_INST_ROW_ITER[21].feather_PE_OTHER_ROWS |       feather_pe__parameterized372 |        321 |        321 |       0 |    0 |    599 |      0 |      0 |    0 |          0 |
|   feather_GENVAR_DPE_INST_COL_ITER[11].feather_GENVAR_DPE_INST_ROW_ITER[22].feather_PE_OTHER_ROWS |       feather_pe__parameterized373 |        329 |        329 |       0 |    0 |    599 |      0 |      0 |    0 |          0 |
|   feather_GENVAR_DPE_INST_COL_ITER[11].feather_GENVAR_DPE_INST_ROW_ITER[23].feather_PE_OTHER_ROWS |       feather_pe__parameterized374 |        321 |        321 |       0 |    0 |    599 |      0 |      0 |    0 |          0 |
|   feather_GENVAR_DPE_INST_COL_ITER[11].feather_GENVAR_DPE_INST_ROW_ITER[24].feather_PE_OTHER_ROWS |       feather_pe__parameterized375 |        321 |        321 |       0 |    0 |    599 |      0 |      0 |    0 |          0 |
|   feather_GENVAR_DPE_INST_COL_ITER[11].feather_GENVAR_DPE_INST_ROW_ITER[25].feather_PE_OTHER_ROWS |       feather_pe__parameterized376 |        323 |        323 |       0 |    0 |    599 |      0 |      0 |    0 |          0 |
|   feather_GENVAR_DPE_INST_COL_ITER[11].feather_GENVAR_DPE_INST_ROW_ITER[26].feather_PE_OTHER_ROWS |       feather_pe__parameterized377 |        330 |        330 |       0 |    0 |    599 |      0 |      0 |    0 |          0 |
|   feather_GENVAR_DPE_INST_COL_ITER[11].feather_GENVAR_DPE_INST_ROW_ITER[27].feather_PE_OTHER_ROWS |       feather_pe__parameterized378 |        323 |        323 |       0 |    0 |    599 |      0 |      0 |    0 |          0 |
|   feather_GENVAR_DPE_INST_COL_ITER[11].feather_GENVAR_DPE_INST_ROW_ITER[28].feather_PE_OTHER_ROWS |       feather_pe__parameterized379 |        323 |        323 |       0 |    0 |    599 |      0 |      0 |    0 |          0 |
|   feather_GENVAR_DPE_INST_COL_ITER[11].feather_GENVAR_DPE_INST_ROW_ITER[29].feather_PE_OTHER_ROWS |       feather_pe__parameterized380 |        312 |        312 |       0 |    0 |    599 |      0 |      0 |    0 |          0 |
|   feather_GENVAR_DPE_INST_COL_ITER[11].feather_GENVAR_DPE_INST_ROW_ITER[2].feather_PE_OTHER_ROWS  |       feather_pe__parameterized353 |        320 |        320 |       0 |    0 |    587 |      0 |      0 |    0 |          0 |
|   feather_GENVAR_DPE_INST_COL_ITER[11].feather_GENVAR_DPE_INST_ROW_ITER[30].feather_PE_OTHER_ROWS |       feather_pe__parameterized381 |        329 |        329 |       0 |    0 |    599 |      0 |      0 |    0 |          0 |
|   feather_GENVAR_DPE_INST_COL_ITER[11].feather_GENVAR_DPE_INST_ROW_ITER[31].feather_PE_OTHER_ROWS |       feather_pe__parameterized382 |        307 |        307 |       0 |    0 |    569 |      0 |      0 |    0 |          0 |
|   feather_GENVAR_DPE_INST_COL_ITER[11].feather_GENVAR_DPE_INST_ROW_ITER[3].feather_PE_OTHER_ROWS  |       feather_pe__parameterized354 |        323 |        323 |       0 |    0 |    597 |      0 |      0 |    0 |          0 |
|   feather_GENVAR_DPE_INST_COL_ITER[11].feather_GENVAR_DPE_INST_ROW_ITER[4].feather_PE_OTHER_ROWS  |       feather_pe__parameterized355 |        328 |        328 |       0 |    0 |    597 |      0 |      0 |    0 |          0 |
|   feather_GENVAR_DPE_INST_COL_ITER[11].feather_GENVAR_DPE_INST_ROW_ITER[5].feather_PE_OTHER_ROWS  |       feather_pe__parameterized356 |        322 |        322 |       0 |    0 |    600 |      0 |      0 |    0 |          0 |
|   feather_GENVAR_DPE_INST_COL_ITER[11].feather_GENVAR_DPE_INST_ROW_ITER[6].feather_PE_OTHER_ROWS  |       feather_pe__parameterized357 |        323 |        323 |       0 |    0 |    599 |      0 |      0 |    0 |          0 |
|   feather_GENVAR_DPE_INST_COL_ITER[11].feather_GENVAR_DPE_INST_ROW_ITER[7].feather_PE_OTHER_ROWS  |       feather_pe__parameterized358 |        315 |        315 |       0 |    0 |    599 |      0 |      0 |    0 |          0 |
|   feather_GENVAR_DPE_INST_COL_ITER[11].feather_GENVAR_DPE_INST_ROW_ITER[8].feather_PE_OTHER_ROWS  |       feather_pe__parameterized359 |        322 |        322 |       0 |    0 |    599 |      0 |      0 |    0 |          0 |
|   feather_GENVAR_DPE_INST_COL_ITER[11].feather_GENVAR_DPE_INST_ROW_ITER[9].feather_PE_OTHER_ROWS  |       feather_pe__parameterized360 |        315 |        315 |       0 |    0 |    599 |      0 |      0 |    0 |          0 |
|   feather_GENVAR_DPE_INST_COL_ITER[12].COL_WISE_O_DATA_BUS                                        |               o_bus_autopick_seq_4 |          0 |          0 |       0 |    0 |      9 |      0 |      0 |    0 |          0 |
|   feather_GENVAR_DPE_INST_COL_ITER[12].feather_GENVAR_DPE_INST_ROW_ITER[0].feather_PE_OTHER_ROWS  |       feather_pe__parameterized383 |        319 |        319 |       0 |    0 |    587 |      0 |      0 |    0 |          0 |
|   feather_GENVAR_DPE_INST_COL_ITER[12].feather_GENVAR_DPE_INST_ROW_ITER[10].feather_PE_OTHER_ROWS |       feather_pe__parameterized393 |        322 |        322 |       0 |    0 |    599 |      0 |      0 |    0 |          0 |
|   feather_GENVAR_DPE_INST_COL_ITER[12].feather_GENVAR_DPE_INST_ROW_ITER[11].feather_PE_OTHER_ROWS |       feather_pe__parameterized394 |        330 |        330 |       0 |    0 |    599 |      0 |      0 |    0 |          0 |
|   feather_GENVAR_DPE_INST_COL_ITER[12].feather_GENVAR_DPE_INST_ROW_ITER[12].feather_PE_OTHER_ROWS |       feather_pe__parameterized395 |        321 |        321 |       0 |    0 |    599 |      0 |      0 |    0 |          0 |
|   feather_GENVAR_DPE_INST_COL_ITER[12].feather_GENVAR_DPE_INST_ROW_ITER[13].feather_PE_OTHER_ROWS |       feather_pe__parameterized396 |        327 |        327 |       0 |    0 |    599 |      0 |      0 |    0 |          0 |
|   feather_GENVAR_DPE_INST_COL_ITER[12].feather_GENVAR_DPE_INST_ROW_ITER[14].feather_PE_OTHER_ROWS |       feather_pe__parameterized397 |        319 |        319 |       0 |    0 |    599 |      0 |      0 |    0 |          0 |
|   feather_GENVAR_DPE_INST_COL_ITER[12].feather_GENVAR_DPE_INST_ROW_ITER[15].feather_PE_OTHER_ROWS |       feather_pe__parameterized398 |        319 |        319 |       0 |    0 |    599 |      0 |      0 |    0 |          0 |
|   feather_GENVAR_DPE_INST_COL_ITER[12].feather_GENVAR_DPE_INST_ROW_ITER[16].feather_PE_OTHER_ROWS |       feather_pe__parameterized399 |        322 |        322 |       0 |    0 |    599 |      0 |      0 |    0 |          0 |
|   feather_GENVAR_DPE_INST_COL_ITER[12].feather_GENVAR_DPE_INST_ROW_ITER[17].feather_PE_OTHER_ROWS |       feather_pe__parameterized400 |        329 |        329 |       0 |    0 |    599 |      0 |      0 |    0 |          0 |
|   feather_GENVAR_DPE_INST_COL_ITER[12].feather_GENVAR_DPE_INST_ROW_ITER[18].feather_PE_OTHER_ROWS |       feather_pe__parameterized401 |        321 |        321 |       0 |    0 |    599 |      0 |      0 |    0 |          0 |
|   feather_GENVAR_DPE_INST_COL_ITER[12].feather_GENVAR_DPE_INST_ROW_ITER[19].feather_PE_OTHER_ROWS |       feather_pe__parameterized402 |        329 |        329 |       0 |    0 |    599 |      0 |      0 |    0 |          0 |
|   feather_GENVAR_DPE_INST_COL_ITER[12].feather_GENVAR_DPE_INST_ROW_ITER[1].feather_PE_OTHER_ROWS  |       feather_pe__parameterized384 |        334 |        334 |       0 |    0 |    587 |      0 |      0 |    0 |          0 |
|   feather_GENVAR_DPE_INST_COL_ITER[12].feather_GENVAR_DPE_INST_ROW_ITER[20].feather_PE_OTHER_ROWS |       feather_pe__parameterized403 |        321 |        321 |       0 |    0 |    599 |      0 |      0 |    0 |          0 |
|   feather_GENVAR_DPE_INST_COL_ITER[12].feather_GENVAR_DPE_INST_ROW_ITER[21].feather_PE_OTHER_ROWS |       feather_pe__parameterized404 |        323 |        323 |       0 |    0 |    599 |      0 |      0 |    0 |          0 |
|   feather_GENVAR_DPE_INST_COL_ITER[12].feather_GENVAR_DPE_INST_ROW_ITER[22].feather_PE_OTHER_ROWS |       feather_pe__parameterized405 |        321 |        321 |       0 |    0 |    599 |      0 |      0 |    0 |          0 |
|   feather_GENVAR_DPE_INST_COL_ITER[12].feather_GENVAR_DPE_INST_ROW_ITER[23].feather_PE_OTHER_ROWS |       feather_pe__parameterized406 |        321 |        321 |       0 |    0 |    599 |      0 |      0 |    0 |          0 |
|   feather_GENVAR_DPE_INST_COL_ITER[12].feather_GENVAR_DPE_INST_ROW_ITER[24].feather_PE_OTHER_ROWS |       feather_pe__parameterized407 |        321 |        321 |       0 |    0 |    599 |      0 |      0 |    0 |          0 |
|   feather_GENVAR_DPE_INST_COL_ITER[12].feather_GENVAR_DPE_INST_ROW_ITER[25].feather_PE_OTHER_ROWS |       feather_pe__parameterized408 |        321 |        321 |       0 |    0 |    599 |      0 |      0 |    0 |          0 |
|   feather_GENVAR_DPE_INST_COL_ITER[12].feather_GENVAR_DPE_INST_ROW_ITER[26].feather_PE_OTHER_ROWS |       feather_pe__parameterized409 |        336 |        336 |       0 |    0 |    599 |      0 |      0 |    0 |          0 |
|   feather_GENVAR_DPE_INST_COL_ITER[12].feather_GENVAR_DPE_INST_ROW_ITER[27].feather_PE_OTHER_ROWS |       feather_pe__parameterized410 |        329 |        329 |       0 |    0 |    599 |      0 |      0 |    0 |          0 |
|   feather_GENVAR_DPE_INST_COL_ITER[12].feather_GENVAR_DPE_INST_ROW_ITER[28].feather_PE_OTHER_ROWS |       feather_pe__parameterized411 |        330 |        330 |       0 |    0 |    599 |      0 |      0 |    0 |          0 |
|   feather_GENVAR_DPE_INST_COL_ITER[12].feather_GENVAR_DPE_INST_ROW_ITER[29].feather_PE_OTHER_ROWS |       feather_pe__parameterized412 |        318 |        318 |       0 |    0 |    599 |      0 |      0 |    0 |          0 |
|   feather_GENVAR_DPE_INST_COL_ITER[12].feather_GENVAR_DPE_INST_ROW_ITER[2].feather_PE_OTHER_ROWS  |       feather_pe__parameterized385 |        320 |        320 |       0 |    0 |    587 |      0 |      0 |    0 |          0 |
|   feather_GENVAR_DPE_INST_COL_ITER[12].feather_GENVAR_DPE_INST_ROW_ITER[30].feather_PE_OTHER_ROWS |       feather_pe__parameterized413 |        327 |        327 |       0 |    0 |    599 |      0 |      0 |    0 |          0 |
|   feather_GENVAR_DPE_INST_COL_ITER[12].feather_GENVAR_DPE_INST_ROW_ITER[31].feather_PE_OTHER_ROWS |       feather_pe__parameterized414 |        305 |        305 |       0 |    0 |    569 |      0 |      0 |    0 |          0 |
|   feather_GENVAR_DPE_INST_COL_ITER[12].feather_GENVAR_DPE_INST_ROW_ITER[3].feather_PE_OTHER_ROWS  |       feather_pe__parameterized386 |        320 |        320 |       0 |    0 |    597 |      0 |      0 |    0 |          0 |
|   feather_GENVAR_DPE_INST_COL_ITER[12].feather_GENVAR_DPE_INST_ROW_ITER[4].feather_PE_OTHER_ROWS  |       feather_pe__parameterized387 |        330 |        330 |       0 |    0 |    597 |      0 |      0 |    0 |          0 |
|   feather_GENVAR_DPE_INST_COL_ITER[12].feather_GENVAR_DPE_INST_ROW_ITER[5].feather_PE_OTHER_ROWS  |       feather_pe__parameterized388 |        316 |        316 |       0 |    0 |    599 |      0 |      0 |    0 |          0 |
|   feather_GENVAR_DPE_INST_COL_ITER[12].feather_GENVAR_DPE_INST_ROW_ITER[6].feather_PE_OTHER_ROWS  |       feather_pe__parameterized389 |        315 |        315 |       0 |    0 |    599 |      0 |      0 |    0 |          0 |
|   feather_GENVAR_DPE_INST_COL_ITER[12].feather_GENVAR_DPE_INST_ROW_ITER[7].feather_PE_OTHER_ROWS  |       feather_pe__parameterized390 |        315 |        315 |       0 |    0 |    599 |      0 |      0 |    0 |          0 |
|   feather_GENVAR_DPE_INST_COL_ITER[12].feather_GENVAR_DPE_INST_ROW_ITER[8].feather_PE_OTHER_ROWS  |       feather_pe__parameterized391 |        322 |        322 |       0 |    0 |    599 |      0 |      0 |    0 |          0 |
|   feather_GENVAR_DPE_INST_COL_ITER[12].feather_GENVAR_DPE_INST_ROW_ITER[9].feather_PE_OTHER_ROWS  |       feather_pe__parameterized392 |        315 |        315 |       0 |    0 |    599 |      0 |      0 |    0 |          0 |
|   feather_GENVAR_DPE_INST_COL_ITER[13].COL_WISE_O_DATA_BUS                                        |               o_bus_autopick_seq_5 |         16 |         16 |       0 |    0 |      9 |      0 |      0 |    0 |          0 |
|   feather_GENVAR_DPE_INST_COL_ITER[13].feather_GENVAR_DPE_INST_ROW_ITER[0].feather_PE_OTHER_ROWS  |       feather_pe__parameterized415 |        310 |        310 |       0 |    0 |    587 |      0 |      0 |    0 |          0 |
|   feather_GENVAR_DPE_INST_COL_ITER[13].feather_GENVAR_DPE_INST_ROW_ITER[10].feather_PE_OTHER_ROWS |       feather_pe__parameterized425 |        324 |        324 |       0 |    0 |    599 |      0 |      0 |    0 |          0 |
|   feather_GENVAR_DPE_INST_COL_ITER[13].feather_GENVAR_DPE_INST_ROW_ITER[11].feather_PE_OTHER_ROWS |       feather_pe__parameterized426 |        322 |        322 |       0 |    0 |    599 |      0 |      0 |    0 |          0 |
|   feather_GENVAR_DPE_INST_COL_ITER[13].feather_GENVAR_DPE_INST_ROW_ITER[12].feather_PE_OTHER_ROWS |       feather_pe__parameterized427 |        319 |        319 |       0 |    0 |    599 |      0 |      0 |    0 |          0 |
|   feather_GENVAR_DPE_INST_COL_ITER[13].feather_GENVAR_DPE_INST_ROW_ITER[13].feather_PE_OTHER_ROWS |       feather_pe__parameterized428 |        327 |        327 |       0 |    0 |    599 |      0 |      0 |    0 |          0 |
|   feather_GENVAR_DPE_INST_COL_ITER[13].feather_GENVAR_DPE_INST_ROW_ITER[14].feather_PE_OTHER_ROWS |       feather_pe__parameterized429 |        319 |        319 |       0 |    0 |    599 |      0 |      0 |    0 |          0 |
|   feather_GENVAR_DPE_INST_COL_ITER[13].feather_GENVAR_DPE_INST_ROW_ITER[15].feather_PE_OTHER_ROWS |       feather_pe__parameterized430 |        321 |        321 |       0 |    0 |    599 |      0 |      0 |    0 |          0 |
|   feather_GENVAR_DPE_INST_COL_ITER[13].feather_GENVAR_DPE_INST_ROW_ITER[16].feather_PE_OTHER_ROWS |       feather_pe__parameterized431 |        322 |        322 |       0 |    0 |    599 |      0 |      0 |    0 |          0 |
|   feather_GENVAR_DPE_INST_COL_ITER[13].feather_GENVAR_DPE_INST_ROW_ITER[17].feather_PE_OTHER_ROWS |       feather_pe__parameterized432 |        329 |        329 |       0 |    0 |    599 |      0 |      0 |    0 |          0 |
|   feather_GENVAR_DPE_INST_COL_ITER[13].feather_GENVAR_DPE_INST_ROW_ITER[18].feather_PE_OTHER_ROWS |       feather_pe__parameterized433 |        321 |        321 |       0 |    0 |    599 |      0 |      0 |    0 |          0 |
|   feather_GENVAR_DPE_INST_COL_ITER[13].feather_GENVAR_DPE_INST_ROW_ITER[19].feather_PE_OTHER_ROWS |       feather_pe__parameterized434 |        329 |        329 |       0 |    0 |    599 |      0 |      0 |    0 |          0 |
|   feather_GENVAR_DPE_INST_COL_ITER[13].feather_GENVAR_DPE_INST_ROW_ITER[1].feather_PE_OTHER_ROWS  |       feather_pe__parameterized416 |        326 |        326 |       0 |    0 |    587 |      0 |      0 |    0 |          0 |
|   feather_GENVAR_DPE_INST_COL_ITER[13].feather_GENVAR_DPE_INST_ROW_ITER[20].feather_PE_OTHER_ROWS |       feather_pe__parameterized435 |        321 |        321 |       0 |    0 |    599 |      0 |      0 |    0 |          0 |
|   feather_GENVAR_DPE_INST_COL_ITER[13].feather_GENVAR_DPE_INST_ROW_ITER[21].feather_PE_OTHER_ROWS |       feather_pe__parameterized436 |        321 |        321 |       0 |    0 |    599 |      0 |      0 |    0 |          0 |
|   feather_GENVAR_DPE_INST_COL_ITER[13].feather_GENVAR_DPE_INST_ROW_ITER[22].feather_PE_OTHER_ROWS |       feather_pe__parameterized437 |        329 |        329 |       0 |    0 |    599 |      0 |      0 |    0 |          0 |
|   feather_GENVAR_DPE_INST_COL_ITER[13].feather_GENVAR_DPE_INST_ROW_ITER[23].feather_PE_OTHER_ROWS |       feather_pe__parameterized438 |        323 |        323 |       0 |    0 |    599 |      0 |      0 |    0 |          0 |
|   feather_GENVAR_DPE_INST_COL_ITER[13].feather_GENVAR_DPE_INST_ROW_ITER[24].feather_PE_OTHER_ROWS |       feather_pe__parameterized439 |        315 |        315 |       0 |    0 |    599 |      0 |      0 |    0 |          0 |
|   feather_GENVAR_DPE_INST_COL_ITER[13].feather_GENVAR_DPE_INST_ROW_ITER[25].feather_PE_OTHER_ROWS |       feather_pe__parameterized440 |        315 |        315 |       0 |    0 |    599 |      0 |      0 |    0 |          0 |
|   feather_GENVAR_DPE_INST_COL_ITER[13].feather_GENVAR_DPE_INST_ROW_ITER[26].feather_PE_OTHER_ROWS |       feather_pe__parameterized441 |        330 |        330 |       0 |    0 |    599 |      0 |      0 |    0 |          0 |
|   feather_GENVAR_DPE_INST_COL_ITER[13].feather_GENVAR_DPE_INST_ROW_ITER[27].feather_PE_OTHER_ROWS |       feather_pe__parameterized442 |        323 |        323 |       0 |    0 |    599 |      0 |      0 |    0 |          0 |
|   feather_GENVAR_DPE_INST_COL_ITER[13].feather_GENVAR_DPE_INST_ROW_ITER[28].feather_PE_OTHER_ROWS |       feather_pe__parameterized443 |        323 |        323 |       0 |    0 |    599 |      0 |      0 |    0 |          0 |
|   feather_GENVAR_DPE_INST_COL_ITER[13].feather_GENVAR_DPE_INST_ROW_ITER[29].feather_PE_OTHER_ROWS |       feather_pe__parameterized444 |        312 |        312 |       0 |    0 |    599 |      0 |      0 |    0 |          0 |
|   feather_GENVAR_DPE_INST_COL_ITER[13].feather_GENVAR_DPE_INST_ROW_ITER[2].feather_PE_OTHER_ROWS  |       feather_pe__parameterized417 |        317 |        317 |       0 |    0 |    587 |      0 |      0 |    0 |          0 |
|   feather_GENVAR_DPE_INST_COL_ITER[13].feather_GENVAR_DPE_INST_ROW_ITER[30].feather_PE_OTHER_ROWS |       feather_pe__parameterized445 |        329 |        329 |       0 |    0 |    599 |      0 |      0 |    0 |          0 |
|   feather_GENVAR_DPE_INST_COL_ITER[13].feather_GENVAR_DPE_INST_ROW_ITER[31].feather_PE_OTHER_ROWS |       feather_pe__parameterized446 |        307 |        307 |       0 |    0 |    569 |      0 |      0 |    0 |          0 |
|   feather_GENVAR_DPE_INST_COL_ITER[13].feather_GENVAR_DPE_INST_ROW_ITER[3].feather_PE_OTHER_ROWS  |       feather_pe__parameterized418 |        320 |        320 |       0 |    0 |    597 |      0 |      0 |    0 |          0 |
|   feather_GENVAR_DPE_INST_COL_ITER[13].feather_GENVAR_DPE_INST_ROW_ITER[4].feather_PE_OTHER_ROWS  |       feather_pe__parameterized419 |        328 |        328 |       0 |    0 |    597 |      0 |      0 |    0 |          0 |
|   feather_GENVAR_DPE_INST_COL_ITER[13].feather_GENVAR_DPE_INST_ROW_ITER[5].feather_PE_OTHER_ROWS  |       feather_pe__parameterized420 |        322 |        322 |       0 |    0 |    599 |      0 |      0 |    0 |          0 |
|   feather_GENVAR_DPE_INST_COL_ITER[13].feather_GENVAR_DPE_INST_ROW_ITER[6].feather_PE_OTHER_ROWS  |       feather_pe__parameterized421 |        321 |        321 |       0 |    0 |    599 |      0 |      0 |    0 |          0 |
|   feather_GENVAR_DPE_INST_COL_ITER[13].feather_GENVAR_DPE_INST_ROW_ITER[7].feather_PE_OTHER_ROWS  |       feather_pe__parameterized422 |        322 |        322 |       0 |    0 |    599 |      0 |      0 |    0 |          0 |
|   feather_GENVAR_DPE_INST_COL_ITER[13].feather_GENVAR_DPE_INST_ROW_ITER[8].feather_PE_OTHER_ROWS  |       feather_pe__parameterized423 |        328 |        328 |       0 |    0 |    599 |      0 |      0 |    0 |          0 |
|   feather_GENVAR_DPE_INST_COL_ITER[13].feather_GENVAR_DPE_INST_ROW_ITER[9].feather_PE_OTHER_ROWS  |       feather_pe__parameterized424 |        323 |        323 |       0 |    0 |    599 |      0 |      0 |    0 |          0 |
|   feather_GENVAR_DPE_INST_COL_ITER[14].COL_WISE_O_DATA_BUS                                        |               o_bus_autopick_seq_6 |          0 |          0 |       0 |    0 |      9 |      0 |      0 |    0 |          0 |
|   feather_GENVAR_DPE_INST_COL_ITER[14].feather_GENVAR_DPE_INST_ROW_ITER[0].feather_PE_OTHER_ROWS  |       feather_pe__parameterized447 |        320 |        320 |       0 |    0 |    588 |      0 |      0 |    0 |          0 |
|   feather_GENVAR_DPE_INST_COL_ITER[14].feather_GENVAR_DPE_INST_ROW_ITER[10].feather_PE_OTHER_ROWS |       feather_pe__parameterized457 |        328 |        328 |       0 |    0 |    599 |      0 |      0 |    0 |          0 |
|   feather_GENVAR_DPE_INST_COL_ITER[14].feather_GENVAR_DPE_INST_ROW_ITER[11].feather_PE_OTHER_ROWS |       feather_pe__parameterized458 |        328 |        328 |       0 |    0 |    599 |      0 |      0 |    0 |          0 |
|   feather_GENVAR_DPE_INST_COL_ITER[14].feather_GENVAR_DPE_INST_ROW_ITER[12].feather_PE_OTHER_ROWS |       feather_pe__parameterized459 |        319 |        319 |       0 |    0 |    599 |      0 |      0 |    0 |          0 |
|   feather_GENVAR_DPE_INST_COL_ITER[14].feather_GENVAR_DPE_INST_ROW_ITER[13].feather_PE_OTHER_ROWS |       feather_pe__parameterized460 |        329 |        329 |       0 |    0 |    599 |      0 |      0 |    0 |          0 |
|   feather_GENVAR_DPE_INST_COL_ITER[14].feather_GENVAR_DPE_INST_ROW_ITER[14].feather_PE_OTHER_ROWS |       feather_pe__parameterized461 |        321 |        321 |       0 |    0 |    599 |      0 |      0 |    0 |          0 |
|   feather_GENVAR_DPE_INST_COL_ITER[14].feather_GENVAR_DPE_INST_ROW_ITER[15].feather_PE_OTHER_ROWS |       feather_pe__parameterized462 |        323 |        323 |       0 |    0 |    599 |      0 |      0 |    0 |          0 |
|   feather_GENVAR_DPE_INST_COL_ITER[14].feather_GENVAR_DPE_INST_ROW_ITER[16].feather_PE_OTHER_ROWS |       feather_pe__parameterized463 |        316 |        316 |       0 |    0 |    599 |      0 |      0 |    0 |          0 |
|   feather_GENVAR_DPE_INST_COL_ITER[14].feather_GENVAR_DPE_INST_ROW_ITER[17].feather_PE_OTHER_ROWS |       feather_pe__parameterized464 |        323 |        323 |       0 |    0 |    599 |      0 |      0 |    0 |          0 |
|   feather_GENVAR_DPE_INST_COL_ITER[14].feather_GENVAR_DPE_INST_ROW_ITER[18].feather_PE_OTHER_ROWS |       feather_pe__parameterized465 |        315 |        315 |       0 |    0 |    599 |      0 |      0 |    0 |          0 |
|   feather_GENVAR_DPE_INST_COL_ITER[14].feather_GENVAR_DPE_INST_ROW_ITER[19].feather_PE_OTHER_ROWS |       feather_pe__parameterized466 |        323 |        323 |       0 |    0 |    599 |      0 |      0 |    0 |          0 |
|   feather_GENVAR_DPE_INST_COL_ITER[14].feather_GENVAR_DPE_INST_ROW_ITER[1].feather_PE_OTHER_ROWS  |       feather_pe__parameterized448 |        336 |        336 |       0 |    0 |    587 |      0 |      0 |    0 |          0 |
|   feather_GENVAR_DPE_INST_COL_ITER[14].feather_GENVAR_DPE_INST_ROW_ITER[20].feather_PE_OTHER_ROWS |       feather_pe__parameterized467 |        313 |        313 |       0 |    0 |    599 |      0 |      0 |    0 |          0 |
|   feather_GENVAR_DPE_INST_COL_ITER[14].feather_GENVAR_DPE_INST_ROW_ITER[21].feather_PE_OTHER_ROWS |       feather_pe__parameterized468 |        321 |        321 |       0 |    0 |    599 |      0 |      0 |    0 |          0 |
|   feather_GENVAR_DPE_INST_COL_ITER[14].feather_GENVAR_DPE_INST_ROW_ITER[22].feather_PE_OTHER_ROWS |       feather_pe__parameterized469 |        329 |        329 |       0 |    0 |    599 |      0 |      0 |    0 |          0 |
|   feather_GENVAR_DPE_INST_COL_ITER[14].feather_GENVAR_DPE_INST_ROW_ITER[23].feather_PE_OTHER_ROWS |       feather_pe__parameterized470 |        321 |        321 |       0 |    0 |    599 |      0 |      0 |    0 |          0 |
|   feather_GENVAR_DPE_INST_COL_ITER[14].feather_GENVAR_DPE_INST_ROW_ITER[24].feather_PE_OTHER_ROWS |       feather_pe__parameterized471 |        321 |        321 |       0 |    0 |    599 |      0 |      0 |    0 |          0 |
|   feather_GENVAR_DPE_INST_COL_ITER[14].feather_GENVAR_DPE_INST_ROW_ITER[25].feather_PE_OTHER_ROWS |       feather_pe__parameterized472 |        321 |        321 |       0 |    0 |    599 |      0 |      0 |    0 |          0 |
|   feather_GENVAR_DPE_INST_COL_ITER[14].feather_GENVAR_DPE_INST_ROW_ITER[26].feather_PE_OTHER_ROWS |       feather_pe__parameterized473 |        336 |        336 |       0 |    0 |    599 |      0 |      0 |    0 |          0 |
|   feather_GENVAR_DPE_INST_COL_ITER[14].feather_GENVAR_DPE_INST_ROW_ITER[27].feather_PE_OTHER_ROWS |       feather_pe__parameterized474 |        329 |        329 |       0 |    0 |    599 |      0 |      0 |    0 |          0 |
|   feather_GENVAR_DPE_INST_COL_ITER[14].feather_GENVAR_DPE_INST_ROW_ITER[28].feather_PE_OTHER_ROWS |       feather_pe__parameterized475 |        329 |        329 |       0 |    0 |    599 |      0 |      0 |    0 |          0 |
|   feather_GENVAR_DPE_INST_COL_ITER[14].feather_GENVAR_DPE_INST_ROW_ITER[29].feather_PE_OTHER_ROWS |       feather_pe__parameterized476 |        320 |        320 |       0 |    0 |    599 |      0 |      0 |    0 |          0 |
|   feather_GENVAR_DPE_INST_COL_ITER[14].feather_GENVAR_DPE_INST_ROW_ITER[2].feather_PE_OTHER_ROWS  |       feather_pe__parameterized449 |        322 |        322 |       0 |    0 |    588 |      0 |      0 |    0 |          0 |
|   feather_GENVAR_DPE_INST_COL_ITER[14].feather_GENVAR_DPE_INST_ROW_ITER[30].feather_PE_OTHER_ROWS |       feather_pe__parameterized477 |        329 |        329 |       0 |    0 |    599 |      0 |      0 |    0 |          0 |
|   feather_GENVAR_DPE_INST_COL_ITER[14].feather_GENVAR_DPE_INST_ROW_ITER[31].feather_PE_OTHER_ROWS |       feather_pe__parameterized478 |        307 |        307 |       0 |    0 |    569 |      0 |      0 |    0 |          0 |
|   feather_GENVAR_DPE_INST_COL_ITER[14].feather_GENVAR_DPE_INST_ROW_ITER[3].feather_PE_OTHER_ROWS  |       feather_pe__parameterized450 |        320 |        320 |       0 |    0 |    597 |      0 |      0 |    0 |          0 |
|   feather_GENVAR_DPE_INST_COL_ITER[14].feather_GENVAR_DPE_INST_ROW_ITER[4].feather_PE_OTHER_ROWS  |       feather_pe__parameterized451 |        328 |        328 |       0 |    0 |    597 |      0 |      0 |    0 |          0 |
|   feather_GENVAR_DPE_INST_COL_ITER[14].feather_GENVAR_DPE_INST_ROW_ITER[5].feather_PE_OTHER_ROWS  |       feather_pe__parameterized452 |        324 |        324 |       0 |    0 |    599 |      0 |      0 |    0 |          0 |
|   feather_GENVAR_DPE_INST_COL_ITER[14].feather_GENVAR_DPE_INST_ROW_ITER[6].feather_PE_OTHER_ROWS  |       feather_pe__parameterized453 |        313 |        313 |       0 |    0 |    599 |      0 |      0 |    0 |          0 |
|   feather_GENVAR_DPE_INST_COL_ITER[14].feather_GENVAR_DPE_INST_ROW_ITER[7].feather_PE_OTHER_ROWS  |       feather_pe__parameterized454 |        321 |        321 |       0 |    0 |    599 |      0 |      0 |    0 |          0 |
|   feather_GENVAR_DPE_INST_COL_ITER[14].feather_GENVAR_DPE_INST_ROW_ITER[8].feather_PE_OTHER_ROWS  |       feather_pe__parameterized455 |        328 |        328 |       0 |    0 |    599 |      0 |      0 |    0 |          0 |
|   feather_GENVAR_DPE_INST_COL_ITER[14].feather_GENVAR_DPE_INST_ROW_ITER[9].feather_PE_OTHER_ROWS  |       feather_pe__parameterized456 |        321 |        321 |       0 |    0 |    599 |      0 |      0 |    0 |          0 |
|   feather_GENVAR_DPE_INST_COL_ITER[15].COL_WISE_O_DATA_BUS                                        |               o_bus_autopick_seq_7 |         16 |         16 |       0 |    0 |      9 |      0 |      0 |    0 |          0 |
|   feather_GENVAR_DPE_INST_COL_ITER[15].feather_GENVAR_DPE_INST_ROW_ITER[0].feather_PE_OTHER_ROWS  |       feather_pe__parameterized479 |        320 |        320 |       0 |    0 |    587 |      0 |      0 |    0 |          0 |
|   feather_GENVAR_DPE_INST_COL_ITER[15].feather_GENVAR_DPE_INST_ROW_ITER[10].feather_PE_OTHER_ROWS |       feather_pe__parameterized489 |        328 |        328 |       0 |    0 |    599 |      0 |      0 |    0 |          0 |
|   feather_GENVAR_DPE_INST_COL_ITER[15].feather_GENVAR_DPE_INST_ROW_ITER[11].feather_PE_OTHER_ROWS |       feather_pe__parameterized490 |        333 |        333 |       0 |    0 |    599 |      0 |      0 |    0 |          0 |
|   feather_GENVAR_DPE_INST_COL_ITER[15].feather_GENVAR_DPE_INST_ROW_ITER[12].feather_PE_OTHER_ROWS |       feather_pe__parameterized491 |        315 |        315 |       0 |    0 |    599 |      0 |      0 |    0 |          0 |
|   feather_GENVAR_DPE_INST_COL_ITER[15].feather_GENVAR_DPE_INST_ROW_ITER[13].feather_PE_OTHER_ROWS |       feather_pe__parameterized492 |        323 |        323 |       0 |    0 |    599 |      0 |      0 |    0 |          0 |
|   feather_GENVAR_DPE_INST_COL_ITER[15].feather_GENVAR_DPE_INST_ROW_ITER[14].feather_PE_OTHER_ROWS |       feather_pe__parameterized493 |        315 |        315 |       0 |    0 |    599 |      0 |      0 |    0 |          0 |
|   feather_GENVAR_DPE_INST_COL_ITER[15].feather_GENVAR_DPE_INST_ROW_ITER[15].feather_PE_OTHER_ROWS |       feather_pe__parameterized494 |        315 |        315 |       0 |    0 |    599 |      0 |      0 |    0 |          0 |
|   feather_GENVAR_DPE_INST_COL_ITER[15].feather_GENVAR_DPE_INST_ROW_ITER[16].feather_PE_OTHER_ROWS |       feather_pe__parameterized495 |        316 |        316 |       0 |    0 |    599 |      0 |      0 |    0 |          0 |
|   feather_GENVAR_DPE_INST_COL_ITER[15].feather_GENVAR_DPE_INST_ROW_ITER[17].feather_PE_OTHER_ROWS |       feather_pe__parameterized496 |        324 |        324 |       0 |    0 |    599 |      0 |      0 |    0 |          0 |
|   feather_GENVAR_DPE_INST_COL_ITER[15].feather_GENVAR_DPE_INST_ROW_ITER[18].feather_PE_OTHER_ROWS |       feather_pe__parameterized497 |        315 |        315 |       0 |    0 |    599 |      0 |      0 |    0 |          0 |
|   feather_GENVAR_DPE_INST_COL_ITER[15].feather_GENVAR_DPE_INST_ROW_ITER[19].feather_PE_OTHER_ROWS |       feather_pe__parameterized498 |        321 |        321 |       0 |    0 |    599 |      0 |      0 |    0 |          0 |
|   feather_GENVAR_DPE_INST_COL_ITER[15].feather_GENVAR_DPE_INST_ROW_ITER[1].feather_PE_OTHER_ROWS  |       feather_pe__parameterized480 |        334 |        334 |       0 |    0 |    587 |      0 |      0 |    0 |          0 |
|   feather_GENVAR_DPE_INST_COL_ITER[15].feather_GENVAR_DPE_INST_ROW_ITER[20].feather_PE_OTHER_ROWS |       feather_pe__parameterized499 |        321 |        321 |       0 |    0 |    599 |      0 |      0 |    0 |          0 |
|   feather_GENVAR_DPE_INST_COL_ITER[15].feather_GENVAR_DPE_INST_ROW_ITER[21].feather_PE_OTHER_ROWS |       feather_pe__parameterized500 |        321 |        321 |       0 |    0 |    599 |      0 |      0 |    0 |          0 |
|   feather_GENVAR_DPE_INST_COL_ITER[15].feather_GENVAR_DPE_INST_ROW_ITER[22].feather_PE_OTHER_ROWS |       feather_pe__parameterized501 |        330 |        330 |       0 |    0 |    599 |      0 |      0 |    0 |          0 |
|   feather_GENVAR_DPE_INST_COL_ITER[15].feather_GENVAR_DPE_INST_ROW_ITER[23].feather_PE_OTHER_ROWS |       feather_pe__parameterized502 |        321 |        321 |       0 |    0 |    599 |      0 |      0 |    0 |          0 |
|   feather_GENVAR_DPE_INST_COL_ITER[15].feather_GENVAR_DPE_INST_ROW_ITER[24].feather_PE_OTHER_ROWS |       feather_pe__parameterized503 |        321 |        321 |       0 |    0 |    599 |      0 |      0 |    0 |          0 |
|   feather_GENVAR_DPE_INST_COL_ITER[15].feather_GENVAR_DPE_INST_ROW_ITER[25].feather_PE_OTHER_ROWS |       feather_pe__parameterized504 |        321 |        321 |       0 |    0 |    599 |      0 |      0 |    0 |          0 |
|   feather_GENVAR_DPE_INST_COL_ITER[15].feather_GENVAR_DPE_INST_ROW_ITER[26].feather_PE_OTHER_ROWS |       feather_pe__parameterized505 |        334 |        334 |       0 |    0 |    599 |      0 |      0 |    0 |          0 |
|   feather_GENVAR_DPE_INST_COL_ITER[15].feather_GENVAR_DPE_INST_ROW_ITER[27].feather_PE_OTHER_ROWS |       feather_pe__parameterized506 |        327 |        327 |       0 |    0 |    599 |      0 |      0 |    0 |          0 |
|   feather_GENVAR_DPE_INST_COL_ITER[15].feather_GENVAR_DPE_INST_ROW_ITER[28].feather_PE_OTHER_ROWS |       feather_pe__parameterized507 |        328 |        328 |       0 |    0 |    599 |      0 |      0 |    0 |          0 |
|   feather_GENVAR_DPE_INST_COL_ITER[15].feather_GENVAR_DPE_INST_ROW_ITER[29].feather_PE_OTHER_ROWS |       feather_pe__parameterized508 |        318 |        318 |       0 |    0 |    599 |      0 |      0 |    0 |          0 |
|   feather_GENVAR_DPE_INST_COL_ITER[15].feather_GENVAR_DPE_INST_ROW_ITER[2].feather_PE_OTHER_ROWS  |       feather_pe__parameterized481 |        320 |        320 |       0 |    0 |    587 |      0 |      0 |    0 |          0 |
|   feather_GENVAR_DPE_INST_COL_ITER[15].feather_GENVAR_DPE_INST_ROW_ITER[30].feather_PE_OTHER_ROWS |       feather_pe__parameterized509 |        327 |        327 |       0 |    0 |    599 |      0 |      0 |    0 |          0 |
|   feather_GENVAR_DPE_INST_COL_ITER[15].feather_GENVAR_DPE_INST_ROW_ITER[31].feather_PE_OTHER_ROWS |       feather_pe__parameterized510 |        305 |        305 |       0 |    0 |    569 |      0 |      0 |    0 |          0 |
|   feather_GENVAR_DPE_INST_COL_ITER[15].feather_GENVAR_DPE_INST_ROW_ITER[3].feather_PE_OTHER_ROWS  |       feather_pe__parameterized482 |        323 |        323 |       0 |    0 |    597 |      0 |      0 |    0 |          0 |
|   feather_GENVAR_DPE_INST_COL_ITER[15].feather_GENVAR_DPE_INST_ROW_ITER[4].feather_PE_OTHER_ROWS  |       feather_pe__parameterized483 |        330 |        330 |       0 |    0 |    597 |      0 |      0 |    0 |          0 |
|   feather_GENVAR_DPE_INST_COL_ITER[15].feather_GENVAR_DPE_INST_ROW_ITER[5].feather_PE_OTHER_ROWS  |       feather_pe__parameterized484 |        322 |        322 |       0 |    0 |    599 |      0 |      0 |    0 |          0 |
|   feather_GENVAR_DPE_INST_COL_ITER[15].feather_GENVAR_DPE_INST_ROW_ITER[6].feather_PE_OTHER_ROWS  |       feather_pe__parameterized485 |        321 |        321 |       0 |    0 |    599 |      0 |      0 |    0 |          0 |
|   feather_GENVAR_DPE_INST_COL_ITER[15].feather_GENVAR_DPE_INST_ROW_ITER[7].feather_PE_OTHER_ROWS  |       feather_pe__parameterized486 |        321 |        321 |       0 |    0 |    599 |      0 |      0 |    0 |          0 |
|   feather_GENVAR_DPE_INST_COL_ITER[15].feather_GENVAR_DPE_INST_ROW_ITER[8].feather_PE_OTHER_ROWS  |       feather_pe__parameterized487 |        326 |        326 |       0 |    0 |    599 |      0 |      0 |    0 |          0 |
|   feather_GENVAR_DPE_INST_COL_ITER[15].feather_GENVAR_DPE_INST_ROW_ITER[9].feather_PE_OTHER_ROWS  |       feather_pe__parameterized488 |        319 |        319 |       0 |    0 |    599 |      0 |      0 |    0 |          0 |
|   feather_GENVAR_DPE_INST_COL_ITER[16].COL_WISE_O_DATA_BUS                                        |               o_bus_autopick_seq_8 |          0 |          0 |       0 |    0 |      9 |      0 |      0 |    0 |          0 |
|   feather_GENVAR_DPE_INST_COL_ITER[16].feather_GENVAR_DPE_INST_ROW_ITER[0].feather_PE_OTHER_ROWS  |       feather_pe__parameterized511 |        270 |        270 |       0 |    0 |    587 |      0 |      0 |    0 |          0 |
|   feather_GENVAR_DPE_INST_COL_ITER[16].feather_GENVAR_DPE_INST_ROW_ITER[10].feather_PE_OTHER_ROWS |       feather_pe__parameterized521 |        328 |        328 |       0 |    0 |    599 |      0 |      0 |    0 |          0 |
|   feather_GENVAR_DPE_INST_COL_ITER[16].feather_GENVAR_DPE_INST_ROW_ITER[11].feather_PE_OTHER_ROWS |       feather_pe__parameterized522 |        328 |        328 |       0 |    0 |    599 |      0 |      0 |    0 |          0 |
|   feather_GENVAR_DPE_INST_COL_ITER[16].feather_GENVAR_DPE_INST_ROW_ITER[12].feather_PE_OTHER_ROWS |       feather_pe__parameterized523 |        319 |        319 |       0 |    0 |    599 |      0 |      0 |    0 |          0 |
|   feather_GENVAR_DPE_INST_COL_ITER[16].feather_GENVAR_DPE_INST_ROW_ITER[13].feather_PE_OTHER_ROWS |       feather_pe__parameterized524 |        329 |        329 |       0 |    0 |    599 |      0 |      0 |    0 |          0 |
|   feather_GENVAR_DPE_INST_COL_ITER[16].feather_GENVAR_DPE_INST_ROW_ITER[14].feather_PE_OTHER_ROWS |       feather_pe__parameterized525 |        323 |        323 |       0 |    0 |    599 |      0 |      0 |    0 |          0 |
|   feather_GENVAR_DPE_INST_COL_ITER[16].feather_GENVAR_DPE_INST_ROW_ITER[15].feather_PE_OTHER_ROWS |       feather_pe__parameterized526 |        315 |        315 |       0 |    0 |    599 |      0 |      0 |    0 |          0 |
|   feather_GENVAR_DPE_INST_COL_ITER[16].feather_GENVAR_DPE_INST_ROW_ITER[16].feather_PE_OTHER_ROWS |       feather_pe__parameterized527 |        316 |        316 |       0 |    0 |    599 |      0 |      0 |    0 |          0 |
|   feather_GENVAR_DPE_INST_COL_ITER[16].feather_GENVAR_DPE_INST_ROW_ITER[17].feather_PE_OTHER_ROWS |       feather_pe__parameterized528 |        323 |        323 |       0 |    0 |    599 |      0 |      0 |    0 |          0 |
|   feather_GENVAR_DPE_INST_COL_ITER[16].feather_GENVAR_DPE_INST_ROW_ITER[18].feather_PE_OTHER_ROWS |       feather_pe__parameterized529 |        315 |        315 |       0 |    0 |    599 |      0 |      0 |    0 |          0 |
|   feather_GENVAR_DPE_INST_COL_ITER[16].feather_GENVAR_DPE_INST_ROW_ITER[19].feather_PE_OTHER_ROWS |       feather_pe__parameterized530 |        321 |        321 |       0 |    0 |    599 |      0 |      0 |    0 |          0 |
|   feather_GENVAR_DPE_INST_COL_ITER[16].feather_GENVAR_DPE_INST_ROW_ITER[1].feather_PE_OTHER_ROWS  |       feather_pe__parameterized512 |        326 |        326 |       0 |    0 |    587 |      0 |      0 |    0 |          0 |
|   feather_GENVAR_DPE_INST_COL_ITER[16].feather_GENVAR_DPE_INST_ROW_ITER[20].feather_PE_OTHER_ROWS |       feather_pe__parameterized531 |        321 |        321 |       0 |    0 |    599 |      0 |      0 |    0 |          0 |
|   feather_GENVAR_DPE_INST_COL_ITER[16].feather_GENVAR_DPE_INST_ROW_ITER[21].feather_PE_OTHER_ROWS |       feather_pe__parameterized532 |        321 |        321 |       0 |    0 |    599 |      0 |      0 |    0 |          0 |
|   feather_GENVAR_DPE_INST_COL_ITER[16].feather_GENVAR_DPE_INST_ROW_ITER[22].feather_PE_OTHER_ROWS |       feather_pe__parameterized533 |        329 |        329 |       0 |    0 |    599 |      0 |      0 |    0 |          0 |
|   feather_GENVAR_DPE_INST_COL_ITER[16].feather_GENVAR_DPE_INST_ROW_ITER[23].feather_PE_OTHER_ROWS |       feather_pe__parameterized534 |        321 |        321 |       0 |    0 |    599 |      0 |      0 |    0 |          0 |
|   feather_GENVAR_DPE_INST_COL_ITER[16].feather_GENVAR_DPE_INST_ROW_ITER[24].feather_PE_OTHER_ROWS |       feather_pe__parameterized535 |        321 |        321 |       0 |    0 |    599 |      0 |      0 |    0 |          0 |
|   feather_GENVAR_DPE_INST_COL_ITER[16].feather_GENVAR_DPE_INST_ROW_ITER[25].feather_PE_OTHER_ROWS |       feather_pe__parameterized536 |        321 |        321 |       0 |    0 |    599 |      0 |      0 |    0 |          0 |
|   feather_GENVAR_DPE_INST_COL_ITER[16].feather_GENVAR_DPE_INST_ROW_ITER[26].feather_PE_OTHER_ROWS |       feather_pe__parameterized537 |        338 |        338 |       0 |    0 |    599 |      0 |      0 |    0 |          0 |
|   feather_GENVAR_DPE_INST_COL_ITER[16].feather_GENVAR_DPE_INST_ROW_ITER[27].feather_PE_OTHER_ROWS |       feather_pe__parameterized538 |        321 |        321 |       0 |    0 |    599 |      0 |      0 |    0 |          0 |
|   feather_GENVAR_DPE_INST_COL_ITER[16].feather_GENVAR_DPE_INST_ROW_ITER[28].feather_PE_OTHER_ROWS |       feather_pe__parameterized539 |        327 |        327 |       0 |    0 |    599 |      0 |      0 |    0 |          0 |
|   feather_GENVAR_DPE_INST_COL_ITER[16].feather_GENVAR_DPE_INST_ROW_ITER[29].feather_PE_OTHER_ROWS |       feather_pe__parameterized540 |        318 |        318 |       0 |    0 |    599 |      0 |      0 |    0 |          0 |
|   feather_GENVAR_DPE_INST_COL_ITER[16].feather_GENVAR_DPE_INST_ROW_ITER[2].feather_PE_OTHER_ROWS  |       feather_pe__parameterized513 |        320 |        320 |       0 |    0 |    588 |      0 |      0 |    0 |          0 |
|   feather_GENVAR_DPE_INST_COL_ITER[16].feather_GENVAR_DPE_INST_ROW_ITER[30].feather_PE_OTHER_ROWS |       feather_pe__parameterized541 |        327 |        327 |       0 |    0 |    599 |      0 |      0 |    0 |          0 |
|   feather_GENVAR_DPE_INST_COL_ITER[16].feather_GENVAR_DPE_INST_ROW_ITER[31].feather_PE_OTHER_ROWS |       feather_pe__parameterized542 |        305 |        305 |       0 |    0 |    569 |      0 |      0 |    0 |          0 |
|   feather_GENVAR_DPE_INST_COL_ITER[16].feather_GENVAR_DPE_INST_ROW_ITER[3].feather_PE_OTHER_ROWS  |       feather_pe__parameterized514 |        323 |        323 |       0 |    0 |    597 |      0 |      0 |    0 |          0 |
|   feather_GENVAR_DPE_INST_COL_ITER[16].feather_GENVAR_DPE_INST_ROW_ITER[4].feather_PE_OTHER_ROWS  |       feather_pe__parameterized515 |        329 |        329 |       0 |    0 |    597 |      0 |      0 |    0 |          0 |
|   feather_GENVAR_DPE_INST_COL_ITER[16].feather_GENVAR_DPE_INST_ROW_ITER[5].feather_PE_OTHER_ROWS  |       feather_pe__parameterized516 |        325 |        325 |       0 |    0 |    600 |      0 |      0 |    0 |          0 |
|   feather_GENVAR_DPE_INST_COL_ITER[16].feather_GENVAR_DPE_INST_ROW_ITER[6].feather_PE_OTHER_ROWS  |       feather_pe__parameterized517 |        321 |        321 |       0 |    0 |    599 |      0 |      0 |    0 |          0 |
|   feather_GENVAR_DPE_INST_COL_ITER[16].feather_GENVAR_DPE_INST_ROW_ITER[7].feather_PE_OTHER_ROWS  |       feather_pe__parameterized518 |        321 |        321 |       0 |    0 |    599 |      0 |      0 |    0 |          0 |
|   feather_GENVAR_DPE_INST_COL_ITER[16].feather_GENVAR_DPE_INST_ROW_ITER[8].feather_PE_OTHER_ROWS  |       feather_pe__parameterized519 |        328 |        328 |       0 |    0 |    599 |      0 |      0 |    0 |          0 |
|   feather_GENVAR_DPE_INST_COL_ITER[16].feather_GENVAR_DPE_INST_ROW_ITER[9].feather_PE_OTHER_ROWS  |       feather_pe__parameterized520 |        321 |        321 |       0 |    0 |    599 |      0 |      0 |    0 |          0 |
|   feather_GENVAR_DPE_INST_COL_ITER[17].COL_WISE_O_DATA_BUS                                        |               o_bus_autopick_seq_9 |         16 |         16 |       0 |    0 |      9 |      0 |      0 |    0 |          0 |
|   feather_GENVAR_DPE_INST_COL_ITER[17].feather_GENVAR_DPE_INST_ROW_ITER[0].feather_PE_OTHER_ROWS  |       feather_pe__parameterized543 |        317 |        317 |       0 |    0 |    585 |      0 |      0 |    0 |          0 |
|   feather_GENVAR_DPE_INST_COL_ITER[17].feather_GENVAR_DPE_INST_ROW_ITER[10].feather_PE_OTHER_ROWS |       feather_pe__parameterized553 |        324 |        324 |       0 |    0 |    599 |      0 |      0 |    0 |          0 |
|   feather_GENVAR_DPE_INST_COL_ITER[17].feather_GENVAR_DPE_INST_ROW_ITER[11].feather_PE_OTHER_ROWS |       feather_pe__parameterized554 |        322 |        322 |       0 |    0 |    599 |      0 |      0 |    0 |          0 |
|   feather_GENVAR_DPE_INST_COL_ITER[17].feather_GENVAR_DPE_INST_ROW_ITER[12].feather_PE_OTHER_ROWS |       feather_pe__parameterized555 |        321 |        321 |       0 |    0 |    599 |      0 |      0 |    0 |          0 |
|   feather_GENVAR_DPE_INST_COL_ITER[17].feather_GENVAR_DPE_INST_ROW_ITER[13].feather_PE_OTHER_ROWS |       feather_pe__parameterized556 |        329 |        329 |       0 |    0 |    599 |      0 |      0 |    0 |          0 |
|   feather_GENVAR_DPE_INST_COL_ITER[17].feather_GENVAR_DPE_INST_ROW_ITER[14].feather_PE_OTHER_ROWS |       feather_pe__parameterized557 |        321 |        321 |       0 |    0 |    599 |      0 |      0 |    0 |          0 |
|   feather_GENVAR_DPE_INST_COL_ITER[17].feather_GENVAR_DPE_INST_ROW_ITER[15].feather_PE_OTHER_ROWS |       feather_pe__parameterized558 |        323 |        323 |       0 |    0 |    599 |      0 |      0 |    0 |          0 |
|   feather_GENVAR_DPE_INST_COL_ITER[17].feather_GENVAR_DPE_INST_ROW_ITER[16].feather_PE_OTHER_ROWS |       feather_pe__parameterized559 |        316 |        316 |       0 |    0 |    599 |      0 |      0 |    0 |          0 |
|   feather_GENVAR_DPE_INST_COL_ITER[17].feather_GENVAR_DPE_INST_ROW_ITER[17].feather_PE_OTHER_ROWS |       feather_pe__parameterized560 |        323 |        323 |       0 |    0 |    599 |      0 |      0 |    0 |          0 |
|   feather_GENVAR_DPE_INST_COL_ITER[17].feather_GENVAR_DPE_INST_ROW_ITER[18].feather_PE_OTHER_ROWS |       feather_pe__parameterized561 |        315 |        315 |       0 |    0 |    599 |      0 |      0 |    0 |          0 |
|   feather_GENVAR_DPE_INST_COL_ITER[17].feather_GENVAR_DPE_INST_ROW_ITER[19].feather_PE_OTHER_ROWS |       feather_pe__parameterized562 |        323 |        323 |       0 |    0 |    599 |      0 |      0 |    0 |          0 |
|   feather_GENVAR_DPE_INST_COL_ITER[17].feather_GENVAR_DPE_INST_ROW_ITER[1].feather_PE_OTHER_ROWS  |       feather_pe__parameterized544 |        333 |        333 |       0 |    0 |    585 |      0 |      0 |    0 |          0 |
|   feather_GENVAR_DPE_INST_COL_ITER[17].feather_GENVAR_DPE_INST_ROW_ITER[20].feather_PE_OTHER_ROWS |       feather_pe__parameterized563 |        313 |        313 |       0 |    0 |    599 |      0 |      0 |    0 |          0 |
|   feather_GENVAR_DPE_INST_COL_ITER[17].feather_GENVAR_DPE_INST_ROW_ITER[21].feather_PE_OTHER_ROWS |       feather_pe__parameterized564 |        321 |        321 |       0 |    0 |    599 |      0 |      0 |    0 |          0 |
|   feather_GENVAR_DPE_INST_COL_ITER[17].feather_GENVAR_DPE_INST_ROW_ITER[22].feather_PE_OTHER_ROWS |       feather_pe__parameterized565 |        329 |        329 |       0 |    0 |    599 |      0 |      0 |    0 |          0 |
|   feather_GENVAR_DPE_INST_COL_ITER[17].feather_GENVAR_DPE_INST_ROW_ITER[23].feather_PE_OTHER_ROWS |       feather_pe__parameterized566 |        321 |        321 |       0 |    0 |    599 |      0 |      0 |    0 |          0 |
|   feather_GENVAR_DPE_INST_COL_ITER[17].feather_GENVAR_DPE_INST_ROW_ITER[24].feather_PE_OTHER_ROWS |       feather_pe__parameterized567 |        321 |        321 |       0 |    0 |    599 |      0 |      0 |    0 |          0 |
|   feather_GENVAR_DPE_INST_COL_ITER[17].feather_GENVAR_DPE_INST_ROW_ITER[25].feather_PE_OTHER_ROWS |       feather_pe__parameterized568 |        321 |        321 |       0 |    0 |    599 |      0 |      0 |    0 |          0 |
|   feather_GENVAR_DPE_INST_COL_ITER[17].feather_GENVAR_DPE_INST_ROW_ITER[26].feather_PE_OTHER_ROWS |       feather_pe__parameterized569 |        336 |        336 |       0 |    0 |    599 |      0 |      0 |    0 |          0 |
|   feather_GENVAR_DPE_INST_COL_ITER[17].feather_GENVAR_DPE_INST_ROW_ITER[27].feather_PE_OTHER_ROWS |       feather_pe__parameterized570 |        329 |        329 |       0 |    0 |    599 |      0 |      0 |    0 |          0 |
|   feather_GENVAR_DPE_INST_COL_ITER[17].feather_GENVAR_DPE_INST_ROW_ITER[28].feather_PE_OTHER_ROWS |       feather_pe__parameterized571 |        329 |        329 |       0 |    0 |    599 |      0 |      0 |    0 |          0 |
|   feather_GENVAR_DPE_INST_COL_ITER[17].feather_GENVAR_DPE_INST_ROW_ITER[29].feather_PE_OTHER_ROWS |       feather_pe__parameterized572 |        320 |        320 |       0 |    0 |    599 |      0 |      0 |    0 |          0 |
|   feather_GENVAR_DPE_INST_COL_ITER[17].feather_GENVAR_DPE_INST_ROW_ITER[2].feather_PE_OTHER_ROWS  |       feather_pe__parameterized545 |        317 |        317 |       0 |    0 |    586 |      0 |      0 |    0 |          0 |
|   feather_GENVAR_DPE_INST_COL_ITER[17].feather_GENVAR_DPE_INST_ROW_ITER[30].feather_PE_OTHER_ROWS |       feather_pe__parameterized573 |        329 |        329 |       0 |    0 |    599 |      0 |      0 |    0 |          0 |
|   feather_GENVAR_DPE_INST_COL_ITER[17].feather_GENVAR_DPE_INST_ROW_ITER[31].feather_PE_OTHER_ROWS |       feather_pe__parameterized574 |        307 |        307 |       0 |    0 |    569 |      0 |      0 |    0 |          0 |
|   feather_GENVAR_DPE_INST_COL_ITER[17].feather_GENVAR_DPE_INST_ROW_ITER[3].feather_PE_OTHER_ROWS  |       feather_pe__parameterized546 |        323 |        323 |       0 |    0 |    597 |      0 |      0 |    0 |          0 |
|   feather_GENVAR_DPE_INST_COL_ITER[17].feather_GENVAR_DPE_INST_ROW_ITER[4].feather_PE_OTHER_ROWS  |       feather_pe__parameterized547 |        325 |        325 |       0 |    0 |    586 |      0 |      0 |    0 |          0 |
|   feather_GENVAR_DPE_INST_COL_ITER[17].feather_GENVAR_DPE_INST_ROW_ITER[5].feather_PE_OTHER_ROWS  |       feather_pe__parameterized548 |        317 |        317 |       0 |    0 |    585 |      0 |      0 |    0 |          0 |
|   feather_GENVAR_DPE_INST_COL_ITER[17].feather_GENVAR_DPE_INST_ROW_ITER[6].feather_PE_OTHER_ROWS  |       feather_pe__parameterized549 |        316 |        316 |       0 |    0 |    585 |      0 |      0 |    0 |          0 |
|   feather_GENVAR_DPE_INST_COL_ITER[17].feather_GENVAR_DPE_INST_ROW_ITER[7].feather_PE_OTHER_ROWS  |       feather_pe__parameterized550 |        319 |        319 |       0 |    0 |    588 |      0 |      0 |    0 |          0 |
|   feather_GENVAR_DPE_INST_COL_ITER[17].feather_GENVAR_DPE_INST_ROW_ITER[8].feather_PE_OTHER_ROWS  |       feather_pe__parameterized551 |        324 |        324 |       0 |    0 |    599 |      0 |      0 |    0 |          0 |
|   feather_GENVAR_DPE_INST_COL_ITER[17].feather_GENVAR_DPE_INST_ROW_ITER[9].feather_PE_OTHER_ROWS  |       feather_pe__parameterized552 |        316 |        316 |       0 |    0 |    599 |      0 |      0 |    0 |          0 |
|   feather_GENVAR_DPE_INST_COL_ITER[18].COL_WISE_O_DATA_BUS                                        |              o_bus_autopick_seq_10 |          0 |          0 |       0 |    0 |      9 |      0 |      0 |    0 |          0 |
|   feather_GENVAR_DPE_INST_COL_ITER[18].feather_GENVAR_DPE_INST_ROW_ITER[0].feather_PE_OTHER_ROWS  |       feather_pe__parameterized575 |        321 |        321 |       0 |    0 |    587 |      0 |      0 |    0 |          0 |
|   feather_GENVAR_DPE_INST_COL_ITER[18].feather_GENVAR_DPE_INST_ROW_ITER[10].feather_PE_OTHER_ROWS |       feather_pe__parameterized585 |        330 |        330 |       0 |    0 |    599 |      0 |      0 |    0 |          0 |
|   feather_GENVAR_DPE_INST_COL_ITER[18].feather_GENVAR_DPE_INST_ROW_ITER[11].feather_PE_OTHER_ROWS |       feather_pe__parameterized586 |        328 |        328 |       0 |    0 |    599 |      0 |      0 |    0 |          0 |
|   feather_GENVAR_DPE_INST_COL_ITER[18].feather_GENVAR_DPE_INST_ROW_ITER[12].feather_PE_OTHER_ROWS |       feather_pe__parameterized587 |        319 |        319 |       0 |    0 |    599 |      0 |      0 |    0 |          0 |
|   feather_GENVAR_DPE_INST_COL_ITER[18].feather_GENVAR_DPE_INST_ROW_ITER[13].feather_PE_OTHER_ROWS |       feather_pe__parameterized588 |        327 |        327 |       0 |    0 |    599 |      0 |      0 |    0 |          0 |
|   feather_GENVAR_DPE_INST_COL_ITER[18].feather_GENVAR_DPE_INST_ROW_ITER[14].feather_PE_OTHER_ROWS |       feather_pe__parameterized589 |        321 |        321 |       0 |    0 |    599 |      0 |      0 |    0 |          0 |
|   feather_GENVAR_DPE_INST_COL_ITER[18].feather_GENVAR_DPE_INST_ROW_ITER[15].feather_PE_OTHER_ROWS |       feather_pe__parameterized590 |        321 |        321 |       0 |    0 |    599 |      0 |      0 |    0 |          0 |
|   feather_GENVAR_DPE_INST_COL_ITER[18].feather_GENVAR_DPE_INST_ROW_ITER[16].feather_PE_OTHER_ROWS |       feather_pe__parameterized591 |        322 |        322 |       0 |    0 |    599 |      0 |      0 |    0 |          0 |
|   feather_GENVAR_DPE_INST_COL_ITER[18].feather_GENVAR_DPE_INST_ROW_ITER[17].feather_PE_OTHER_ROWS |       feather_pe__parameterized592 |        329 |        329 |       0 |    0 |    599 |      0 |      0 |    0 |          0 |
|   feather_GENVAR_DPE_INST_COL_ITER[18].feather_GENVAR_DPE_INST_ROW_ITER[18].feather_PE_OTHER_ROWS |       feather_pe__parameterized593 |        323 |        323 |       0 |    0 |    599 |      0 |      0 |    0 |          0 |
|   feather_GENVAR_DPE_INST_COL_ITER[18].feather_GENVAR_DPE_INST_ROW_ITER[19].feather_PE_OTHER_ROWS |       feather_pe__parameterized594 |        323 |        323 |       0 |    0 |    599 |      0 |      0 |    0 |          0 |
|   feather_GENVAR_DPE_INST_COL_ITER[18].feather_GENVAR_DPE_INST_ROW_ITER[1].feather_PE_OTHER_ROWS  |       feather_pe__parameterized576 |        337 |        337 |       0 |    0 |    587 |      0 |      0 |    0 |          0 |
|   feather_GENVAR_DPE_INST_COL_ITER[18].feather_GENVAR_DPE_INST_ROW_ITER[20].feather_PE_OTHER_ROWS |       feather_pe__parameterized595 |        315 |        315 |       0 |    0 |    599 |      0 |      0 |    0 |          0 |
|   feather_GENVAR_DPE_INST_COL_ITER[18].feather_GENVAR_DPE_INST_ROW_ITER[21].feather_PE_OTHER_ROWS |       feather_pe__parameterized596 |        315 |        315 |       0 |    0 |    599 |      0 |      0 |    0 |          0 |
|   feather_GENVAR_DPE_INST_COL_ITER[18].feather_GENVAR_DPE_INST_ROW_ITER[22].feather_PE_OTHER_ROWS |       feather_pe__parameterized597 |        323 |        323 |       0 |    0 |    599 |      0 |      0 |    0 |          0 |
|   feather_GENVAR_DPE_INST_COL_ITER[18].feather_GENVAR_DPE_INST_ROW_ITER[23].feather_PE_OTHER_ROWS |       feather_pe__parameterized598 |        315 |        315 |       0 |    0 |    599 |      0 |      0 |    0 |          0 |
|   feather_GENVAR_DPE_INST_COL_ITER[18].feather_GENVAR_DPE_INST_ROW_ITER[24].feather_PE_OTHER_ROWS |       feather_pe__parameterized599 |        315 |        315 |       0 |    0 |    599 |      0 |      0 |    0 |          0 |
|   feather_GENVAR_DPE_INST_COL_ITER[18].feather_GENVAR_DPE_INST_ROW_ITER[25].feather_PE_OTHER_ROWS |       feather_pe__parameterized600 |        313 |        313 |       0 |    0 |    599 |      0 |      0 |    0 |          0 |
|   feather_GENVAR_DPE_INST_COL_ITER[18].feather_GENVAR_DPE_INST_ROW_ITER[26].feather_PE_OTHER_ROWS |       feather_pe__parameterized601 |        336 |        336 |       0 |    0 |    599 |      0 |      0 |    0 |          0 |
|   feather_GENVAR_DPE_INST_COL_ITER[18].feather_GENVAR_DPE_INST_ROW_ITER[27].feather_PE_OTHER_ROWS |       feather_pe__parameterized602 |        329 |        329 |       0 |    0 |    599 |      0 |      0 |    0 |          0 |
|   feather_GENVAR_DPE_INST_COL_ITER[18].feather_GENVAR_DPE_INST_ROW_ITER[28].feather_PE_OTHER_ROWS |       feather_pe__parameterized603 |        329 |        329 |       0 |    0 |    599 |      0 |      0 |    0 |          0 |
|   feather_GENVAR_DPE_INST_COL_ITER[18].feather_GENVAR_DPE_INST_ROW_ITER[29].feather_PE_OTHER_ROWS |       feather_pe__parameterized604 |        320 |        320 |       0 |    0 |    599 |      0 |      0 |    0 |          0 |
|   feather_GENVAR_DPE_INST_COL_ITER[18].feather_GENVAR_DPE_INST_ROW_ITER[2].feather_PE_OTHER_ROWS  |       feather_pe__parameterized577 |        317 |        317 |       0 |    0 |    587 |      0 |      0 |    0 |          0 |
|   feather_GENVAR_DPE_INST_COL_ITER[18].feather_GENVAR_DPE_INST_ROW_ITER[30].feather_PE_OTHER_ROWS |       feather_pe__parameterized605 |        329 |        329 |       0 |    0 |    599 |      0 |      0 |    0 |          0 |
|   feather_GENVAR_DPE_INST_COL_ITER[18].feather_GENVAR_DPE_INST_ROW_ITER[31].feather_PE_OTHER_ROWS |       feather_pe__parameterized606 |        307 |        307 |       0 |    0 |    569 |      0 |      0 |    0 |          0 |
|   feather_GENVAR_DPE_INST_COL_ITER[18].feather_GENVAR_DPE_INST_ROW_ITER[3].feather_PE_OTHER_ROWS  |       feather_pe__parameterized578 |        323 |        323 |       0 |    0 |    597 |      0 |      0 |    0 |          0 |
|   feather_GENVAR_DPE_INST_COL_ITER[18].feather_GENVAR_DPE_INST_ROW_ITER[4].feather_PE_OTHER_ROWS  |       feather_pe__parameterized579 |        333 |        333 |       0 |    0 |    597 |      0 |      0 |    0 |          0 |
|   feather_GENVAR_DPE_INST_COL_ITER[18].feather_GENVAR_DPE_INST_ROW_ITER[5].feather_PE_OTHER_ROWS  |       feather_pe__parameterized580 |        316 |        316 |       0 |    0 |    599 |      0 |      0 |    0 |          0 |
|   feather_GENVAR_DPE_INST_COL_ITER[18].feather_GENVAR_DPE_INST_ROW_ITER[6].feather_PE_OTHER_ROWS  |       feather_pe__parameterized581 |        313 |        313 |       0 |    0 |    599 |      0 |      0 |    0 |          0 |
|   feather_GENVAR_DPE_INST_COL_ITER[18].feather_GENVAR_DPE_INST_ROW_ITER[7].feather_PE_OTHER_ROWS  |       feather_pe__parameterized582 |        321 |        321 |       0 |    0 |    599 |      0 |      0 |    0 |          0 |
|   feather_GENVAR_DPE_INST_COL_ITER[18].feather_GENVAR_DPE_INST_ROW_ITER[8].feather_PE_OTHER_ROWS  |       feather_pe__parameterized583 |        328 |        328 |       0 |    0 |    599 |      0 |      0 |    0 |          0 |
|   feather_GENVAR_DPE_INST_COL_ITER[18].feather_GENVAR_DPE_INST_ROW_ITER[9].feather_PE_OTHER_ROWS  |       feather_pe__parameterized584 |        321 |        321 |       0 |    0 |    599 |      0 |      0 |    0 |          0 |
|   feather_GENVAR_DPE_INST_COL_ITER[19].COL_WISE_O_DATA_BUS                                        |              o_bus_autopick_seq_11 |         16 |         16 |       0 |    0 |      9 |      0 |      0 |    0 |          0 |
|   feather_GENVAR_DPE_INST_COL_ITER[19].feather_GENVAR_DPE_INST_ROW_ITER[0].feather_PE_OTHER_ROWS  |       feather_pe__parameterized607 |        321 |        321 |       0 |    0 |    587 |      0 |      0 |    0 |          0 |
|   feather_GENVAR_DPE_INST_COL_ITER[19].feather_GENVAR_DPE_INST_ROW_ITER[10].feather_PE_OTHER_ROWS |       feather_pe__parameterized617 |        330 |        330 |       0 |    0 |    599 |      0 |      0 |    0 |          0 |
|   feather_GENVAR_DPE_INST_COL_ITER[19].feather_GENVAR_DPE_INST_ROW_ITER[11].feather_PE_OTHER_ROWS |       feather_pe__parameterized618 |        330 |        330 |       0 |    0 |    599 |      0 |      0 |    0 |          0 |
|   feather_GENVAR_DPE_INST_COL_ITER[19].feather_GENVAR_DPE_INST_ROW_ITER[12].feather_PE_OTHER_ROWS |       feather_pe__parameterized619 |        321 |        321 |       0 |    0 |    599 |      0 |      0 |    0 |          0 |
|   feather_GENVAR_DPE_INST_COL_ITER[19].feather_GENVAR_DPE_INST_ROW_ITER[13].feather_PE_OTHER_ROWS |       feather_pe__parameterized620 |        329 |        329 |       0 |    0 |    599 |      0 |      0 |    0 |          0 |
|   feather_GENVAR_DPE_INST_COL_ITER[19].feather_GENVAR_DPE_INST_ROW_ITER[14].feather_PE_OTHER_ROWS |       feather_pe__parameterized621 |        321 |        321 |       0 |    0 |    599 |      0 |      0 |    0 |          0 |
|   feather_GENVAR_DPE_INST_COL_ITER[19].feather_GENVAR_DPE_INST_ROW_ITER[15].feather_PE_OTHER_ROWS |       feather_pe__parameterized622 |        323 |        323 |       0 |    0 |    599 |      0 |      0 |    0 |          0 |
|   feather_GENVAR_DPE_INST_COL_ITER[19].feather_GENVAR_DPE_INST_ROW_ITER[16].feather_PE_OTHER_ROWS |       feather_pe__parameterized623 |        316 |        316 |       0 |    0 |    599 |      0 |      0 |    0 |          0 |
|   feather_GENVAR_DPE_INST_COL_ITER[19].feather_GENVAR_DPE_INST_ROW_ITER[17].feather_PE_OTHER_ROWS |       feather_pe__parameterized624 |        323 |        323 |       0 |    0 |    599 |      0 |      0 |    0 |          0 |
|   feather_GENVAR_DPE_INST_COL_ITER[19].feather_GENVAR_DPE_INST_ROW_ITER[18].feather_PE_OTHER_ROWS |       feather_pe__parameterized625 |        315 |        315 |       0 |    0 |    599 |      0 |      0 |    0 |          0 |
|   feather_GENVAR_DPE_INST_COL_ITER[19].feather_GENVAR_DPE_INST_ROW_ITER[19].feather_PE_OTHER_ROWS |       feather_pe__parameterized626 |        323 |        323 |       0 |    0 |    599 |      0 |      0 |    0 |          0 |
|   feather_GENVAR_DPE_INST_COL_ITER[19].feather_GENVAR_DPE_INST_ROW_ITER[1].feather_PE_OTHER_ROWS  |       feather_pe__parameterized608 |        337 |        337 |       0 |    0 |    587 |      0 |      0 |    0 |          0 |
|   feather_GENVAR_DPE_INST_COL_ITER[19].feather_GENVAR_DPE_INST_ROW_ITER[20].feather_PE_OTHER_ROWS |       feather_pe__parameterized627 |        313 |        313 |       0 |    0 |    599 |      0 |      0 |    0 |          0 |
|   feather_GENVAR_DPE_INST_COL_ITER[19].feather_GENVAR_DPE_INST_ROW_ITER[21].feather_PE_OTHER_ROWS |       feather_pe__parameterized628 |        319 |        319 |       0 |    0 |    599 |      0 |      0 |    0 |          0 |
|   feather_GENVAR_DPE_INST_COL_ITER[19].feather_GENVAR_DPE_INST_ROW_ITER[22].feather_PE_OTHER_ROWS |       feather_pe__parameterized629 |        327 |        327 |       0 |    0 |    599 |      0 |      0 |    0 |          0 |
|   feather_GENVAR_DPE_INST_COL_ITER[19].feather_GENVAR_DPE_INST_ROW_ITER[23].feather_PE_OTHER_ROWS |       feather_pe__parameterized630 |        321 |        321 |       0 |    0 |    599 |      0 |      0 |    0 |          0 |
|   feather_GENVAR_DPE_INST_COL_ITER[19].feather_GENVAR_DPE_INST_ROW_ITER[24].feather_PE_OTHER_ROWS |       feather_pe__parameterized631 |        313 |        313 |       0 |    0 |    599 |      0 |      0 |    0 |          0 |
|   feather_GENVAR_DPE_INST_COL_ITER[19].feather_GENVAR_DPE_INST_ROW_ITER[25].feather_PE_OTHER_ROWS |       feather_pe__parameterized632 |        321 |        321 |       0 |    0 |    599 |      0 |      0 |    0 |          0 |
|   feather_GENVAR_DPE_INST_COL_ITER[19].feather_GENVAR_DPE_INST_ROW_ITER[26].feather_PE_OTHER_ROWS |       feather_pe__parameterized633 |        336 |        336 |       0 |    0 |    599 |      0 |      0 |    0 |          0 |
|   feather_GENVAR_DPE_INST_COL_ITER[19].feather_GENVAR_DPE_INST_ROW_ITER[27].feather_PE_OTHER_ROWS |       feather_pe__parameterized634 |        329 |        329 |       0 |    0 |    599 |      0 |      0 |    0 |          0 |
|   feather_GENVAR_DPE_INST_COL_ITER[19].feather_GENVAR_DPE_INST_ROW_ITER[28].feather_PE_OTHER_ROWS |       feather_pe__parameterized635 |        329 |        329 |       0 |    0 |    599 |      0 |      0 |    0 |          0 |
|   feather_GENVAR_DPE_INST_COL_ITER[19].feather_GENVAR_DPE_INST_ROW_ITER[29].feather_PE_OTHER_ROWS |       feather_pe__parameterized636 |        320 |        320 |       0 |    0 |    599 |      0 |      0 |    0 |          0 |
|   feather_GENVAR_DPE_INST_COL_ITER[19].feather_GENVAR_DPE_INST_ROW_ITER[2].feather_PE_OTHER_ROWS  |       feather_pe__parameterized609 |        309 |        309 |       0 |    0 |    587 |      0 |      0 |    0 |          0 |
|   feather_GENVAR_DPE_INST_COL_ITER[19].feather_GENVAR_DPE_INST_ROW_ITER[30].feather_PE_OTHER_ROWS |       feather_pe__parameterized637 |        329 |        329 |       0 |    0 |    599 |      0 |      0 |    0 |          0 |
|   feather_GENVAR_DPE_INST_COL_ITER[19].feather_GENVAR_DPE_INST_ROW_ITER[31].feather_PE_OTHER_ROWS |       feather_pe__parameterized638 |        307 |        307 |       0 |    0 |    569 |      0 |      0 |    0 |          0 |
|   feather_GENVAR_DPE_INST_COL_ITER[19].feather_GENVAR_DPE_INST_ROW_ITER[3].feather_PE_OTHER_ROWS  |       feather_pe__parameterized610 |        314 |        314 |       0 |    0 |    597 |      0 |      0 |    0 |          0 |
|   feather_GENVAR_DPE_INST_COL_ITER[19].feather_GENVAR_DPE_INST_ROW_ITER[4].feather_PE_OTHER_ROWS  |       feather_pe__parameterized611 |        322 |        322 |       0 |    0 |    597 |      0 |      0 |    0 |          0 |
|   feather_GENVAR_DPE_INST_COL_ITER[19].feather_GENVAR_DPE_INST_ROW_ITER[5].feather_PE_OTHER_ROWS  |       feather_pe__parameterized612 |        314 |        314 |       0 |    0 |    599 |      0 |      0 |    0 |          0 |
|   feather_GENVAR_DPE_INST_COL_ITER[19].feather_GENVAR_DPE_INST_ROW_ITER[6].feather_PE_OTHER_ROWS  |       feather_pe__parameterized613 |        321 |        321 |       0 |    0 |    599 |      0 |      0 |    0 |          0 |
|   feather_GENVAR_DPE_INST_COL_ITER[19].feather_GENVAR_DPE_INST_ROW_ITER[7].feather_PE_OTHER_ROWS  |       feather_pe__parameterized614 |        321 |        321 |       0 |    0 |    599 |      0 |      0 |    0 |          0 |
|   feather_GENVAR_DPE_INST_COL_ITER[19].feather_GENVAR_DPE_INST_ROW_ITER[8].feather_PE_OTHER_ROWS  |       feather_pe__parameterized615 |        328 |        328 |       0 |    0 |    599 |      0 |      0 |    0 |          0 |
|   feather_GENVAR_DPE_INST_COL_ITER[19].feather_GENVAR_DPE_INST_ROW_ITER[9].feather_PE_OTHER_ROWS  |       feather_pe__parameterized616 |        321 |        321 |       0 |    0 |    599 |      0 |      0 |    0 |          0 |
|   feather_GENVAR_DPE_INST_COL_ITER[1].COL_WISE_O_DATA_BUS                                         |              o_bus_autopick_seq_12 |         16 |         16 |       0 |    0 |      9 |      0 |      0 |    0 |          0 |
|   feather_GENVAR_DPE_INST_COL_ITER[1].feather_GENVAR_DPE_INST_ROW_ITER[0].feather_PE_OTHER_ROWS   |        feather_pe__parameterized31 |        318 |        318 |       0 |    0 |    587 |      0 |      0 |    0 |          0 |
|   feather_GENVAR_DPE_INST_COL_ITER[1].feather_GENVAR_DPE_INST_ROW_ITER[10].feather_PE_OTHER_ROWS  |        feather_pe__parameterized41 |        324 |        324 |       0 |    0 |    599 |      0 |      0 |    0 |          0 |
|   feather_GENVAR_DPE_INST_COL_ITER[1].feather_GENVAR_DPE_INST_ROW_ITER[11].feather_PE_OTHER_ROWS  |        feather_pe__parameterized42 |        322 |        322 |       0 |    0 |    599 |      0 |      0 |    0 |          0 |
|   feather_GENVAR_DPE_INST_COL_ITER[1].feather_GENVAR_DPE_INST_ROW_ITER[12].feather_PE_OTHER_ROWS  |        feather_pe__parameterized43 |        321 |        321 |       0 |    0 |    599 |      0 |      0 |    0 |          0 |
|   feather_GENVAR_DPE_INST_COL_ITER[1].feather_GENVAR_DPE_INST_ROW_ITER[13].feather_PE_OTHER_ROWS  |        feather_pe__parameterized44 |        327 |        327 |       0 |    0 |    599 |      0 |      0 |    0 |          0 |
|   feather_GENVAR_DPE_INST_COL_ITER[1].feather_GENVAR_DPE_INST_ROW_ITER[14].feather_PE_OTHER_ROWS  |        feather_pe__parameterized45 |        319 |        319 |       0 |    0 |    599 |      0 |      0 |    0 |          0 |
|   feather_GENVAR_DPE_INST_COL_ITER[1].feather_GENVAR_DPE_INST_ROW_ITER[15].feather_PE_OTHER_ROWS  |        feather_pe__parameterized46 |        319 |        319 |       0 |    0 |    599 |      0 |      0 |    0 |          0 |
|   feather_GENVAR_DPE_INST_COL_ITER[1].feather_GENVAR_DPE_INST_ROW_ITER[16].feather_PE_OTHER_ROWS  |        feather_pe__parameterized47 |        322 |        322 |       0 |    0 |    599 |      0 |      0 |    0 |          0 |
|   feather_GENVAR_DPE_INST_COL_ITER[1].feather_GENVAR_DPE_INST_ROW_ITER[17].feather_PE_OTHER_ROWS  |        feather_pe__parameterized48 |        330 |        330 |       0 |    0 |    599 |      0 |      0 |    0 |          0 |
|   feather_GENVAR_DPE_INST_COL_ITER[1].feather_GENVAR_DPE_INST_ROW_ITER[18].feather_PE_OTHER_ROWS  |        feather_pe__parameterized49 |        321 |        321 |       0 |    0 |    599 |      0 |      0 |    0 |          0 |
|   feather_GENVAR_DPE_INST_COL_ITER[1].feather_GENVAR_DPE_INST_ROW_ITER[19].feather_PE_OTHER_ROWS  |        feather_pe__parameterized50 |        329 |        329 |       0 |    0 |    599 |      0 |      0 |    0 |          0 |
|   feather_GENVAR_DPE_INST_COL_ITER[1].feather_GENVAR_DPE_INST_ROW_ITER[1].feather_PE_OTHER_ROWS   |        feather_pe__parameterized32 |        337 |        337 |       0 |    0 |    587 |      0 |      0 |    0 |          0 |
|   feather_GENVAR_DPE_INST_COL_ITER[1].feather_GENVAR_DPE_INST_ROW_ITER[20].feather_PE_OTHER_ROWS  |        feather_pe__parameterized51 |        321 |        321 |       0 |    0 |    599 |      0 |      0 |    0 |          0 |
|   feather_GENVAR_DPE_INST_COL_ITER[1].feather_GENVAR_DPE_INST_ROW_ITER[21].feather_PE_OTHER_ROWS  |        feather_pe__parameterized52 |        321 |        321 |       0 |    0 |    599 |      0 |      0 |    0 |          0 |
|   feather_GENVAR_DPE_INST_COL_ITER[1].feather_GENVAR_DPE_INST_ROW_ITER[22].feather_PE_OTHER_ROWS  |        feather_pe__parameterized53 |        329 |        329 |       0 |    0 |    599 |      0 |      0 |    0 |          0 |
|   feather_GENVAR_DPE_INST_COL_ITER[1].feather_GENVAR_DPE_INST_ROW_ITER[23].feather_PE_OTHER_ROWS  |        feather_pe__parameterized54 |        321 |        321 |       0 |    0 |    599 |      0 |      0 |    0 |          0 |
|   feather_GENVAR_DPE_INST_COL_ITER[1].feather_GENVAR_DPE_INST_ROW_ITER[24].feather_PE_OTHER_ROWS  |        feather_pe__parameterized55 |        321 |        321 |       0 |    0 |    599 |      0 |      0 |    0 |          0 |
|   feather_GENVAR_DPE_INST_COL_ITER[1].feather_GENVAR_DPE_INST_ROW_ITER[25].feather_PE_OTHER_ROWS  |        feather_pe__parameterized56 |        321 |        321 |       0 |    0 |    599 |      0 |      0 |    0 |          0 |
|   feather_GENVAR_DPE_INST_COL_ITER[1].feather_GENVAR_DPE_INST_ROW_ITER[26].feather_PE_OTHER_ROWS  |        feather_pe__parameterized57 |        336 |        336 |       0 |    0 |    599 |      0 |      0 |    0 |          0 |
|   feather_GENVAR_DPE_INST_COL_ITER[1].feather_GENVAR_DPE_INST_ROW_ITER[27].feather_PE_OTHER_ROWS  |        feather_pe__parameterized58 |        329 |        329 |       0 |    0 |    599 |      0 |      0 |    0 |          0 |
|   feather_GENVAR_DPE_INST_COL_ITER[1].feather_GENVAR_DPE_INST_ROW_ITER[28].feather_PE_OTHER_ROWS  |        feather_pe__parameterized59 |        329 |        329 |       0 |    0 |    599 |      0 |      0 |    0 |          0 |
|   feather_GENVAR_DPE_INST_COL_ITER[1].feather_GENVAR_DPE_INST_ROW_ITER[29].feather_PE_OTHER_ROWS  |        feather_pe__parameterized60 |        320 |        320 |       0 |    0 |    599 |      0 |      0 |    0 |          0 |
|   feather_GENVAR_DPE_INST_COL_ITER[1].feather_GENVAR_DPE_INST_ROW_ITER[2].feather_PE_OTHER_ROWS   |        feather_pe__parameterized33 |        321 |        321 |       0 |    0 |    587 |      0 |      0 |    0 |          0 |
|   feather_GENVAR_DPE_INST_COL_ITER[1].feather_GENVAR_DPE_INST_ROW_ITER[30].feather_PE_OTHER_ROWS  |        feather_pe__parameterized61 |        329 |        329 |       0 |    0 |    599 |      0 |      0 |    0 |          0 |
|   feather_GENVAR_DPE_INST_COL_ITER[1].feather_GENVAR_DPE_INST_ROW_ITER[31].feather_PE_OTHER_ROWS  |        feather_pe__parameterized62 |        307 |        307 |       0 |    0 |    569 |      0 |      0 |    0 |          0 |
|   feather_GENVAR_DPE_INST_COL_ITER[1].feather_GENVAR_DPE_INST_ROW_ITER[3].feather_PE_OTHER_ROWS   |        feather_pe__parameterized34 |        320 |        320 |       0 |    0 |    587 |      0 |      0 |    0 |          0 |
|   feather_GENVAR_DPE_INST_COL_ITER[1].feather_GENVAR_DPE_INST_ROW_ITER[4].feather_PE_OTHER_ROWS   |        feather_pe__parameterized35 |        328 |        328 |       0 |    0 |    597 |      0 |      0 |    0 |          0 |
|   feather_GENVAR_DPE_INST_COL_ITER[1].feather_GENVAR_DPE_INST_ROW_ITER[5].feather_PE_OTHER_ROWS   |        feather_pe__parameterized36 |        323 |        323 |       0 |    0 |    597 |      0 |      0 |    0 |          0 |
|   feather_GENVAR_DPE_INST_COL_ITER[1].feather_GENVAR_DPE_INST_ROW_ITER[6].feather_PE_OTHER_ROWS   |        feather_pe__parameterized37 |        314 |        314 |       0 |    0 |    597 |      0 |      0 |    0 |          0 |
|   feather_GENVAR_DPE_INST_COL_ITER[1].feather_GENVAR_DPE_INST_ROW_ITER[7].feather_PE_OTHER_ROWS   |        feather_pe__parameterized38 |        315 |        315 |       0 |    0 |    599 |      0 |      0 |    0 |          0 |
|   feather_GENVAR_DPE_INST_COL_ITER[1].feather_GENVAR_DPE_INST_ROW_ITER[8].feather_PE_OTHER_ROWS   |        feather_pe__parameterized39 |        322 |        322 |       0 |    0 |    599 |      0 |      0 |    0 |          0 |
|   feather_GENVAR_DPE_INST_COL_ITER[1].feather_GENVAR_DPE_INST_ROW_ITER[9].feather_PE_OTHER_ROWS   |        feather_pe__parameterized40 |        315 |        315 |       0 |    0 |    599 |      0 |      0 |    0 |          0 |
|   feather_GENVAR_DPE_INST_COL_ITER[20].COL_WISE_O_DATA_BUS                                        |              o_bus_autopick_seq_13 |          0 |          0 |       0 |    0 |      9 |      0 |      0 |    0 |          0 |
|   feather_GENVAR_DPE_INST_COL_ITER[20].feather_GENVAR_DPE_INST_ROW_ITER[0].feather_PE_OTHER_ROWS  |       feather_pe__parameterized639 |        321 |        321 |       0 |    0 |    587 |      0 |      0 |    0 |          0 |
|   feather_GENVAR_DPE_INST_COL_ITER[20].feather_GENVAR_DPE_INST_ROW_ITER[10].feather_PE_OTHER_ROWS |       feather_pe__parameterized649 |        328 |        328 |       0 |    0 |    599 |      0 |      0 |    0 |          0 |
|   feather_GENVAR_DPE_INST_COL_ITER[20].feather_GENVAR_DPE_INST_ROW_ITER[11].feather_PE_OTHER_ROWS |       feather_pe__parameterized650 |        328 |        328 |       0 |    0 |    599 |      0 |      0 |    0 |          0 |
|   feather_GENVAR_DPE_INST_COL_ITER[20].feather_GENVAR_DPE_INST_ROW_ITER[12].feather_PE_OTHER_ROWS |       feather_pe__parameterized651 |        319 |        319 |       0 |    0 |    599 |      0 |      0 |    0 |          0 |
|   feather_GENVAR_DPE_INST_COL_ITER[20].feather_GENVAR_DPE_INST_ROW_ITER[13].feather_PE_OTHER_ROWS |       feather_pe__parameterized652 |        327 |        327 |       0 |    0 |    599 |      0 |      0 |    0 |          0 |
|   feather_GENVAR_DPE_INST_COL_ITER[20].feather_GENVAR_DPE_INST_ROW_ITER[14].feather_PE_OTHER_ROWS |       feather_pe__parameterized653 |        319 |        319 |       0 |    0 |    599 |      0 |      0 |    0 |          0 |
|   feather_GENVAR_DPE_INST_COL_ITER[20].feather_GENVAR_DPE_INST_ROW_ITER[15].feather_PE_OTHER_ROWS |       feather_pe__parameterized654 |        319 |        319 |       0 |    0 |    599 |      0 |      0 |    0 |          0 |
|   feather_GENVAR_DPE_INST_COL_ITER[20].feather_GENVAR_DPE_INST_ROW_ITER[16].feather_PE_OTHER_ROWS |       feather_pe__parameterized655 |        320 |        320 |       0 |    0 |    599 |      0 |      0 |    0 |          0 |
|   feather_GENVAR_DPE_INST_COL_ITER[20].feather_GENVAR_DPE_INST_ROW_ITER[17].feather_PE_OTHER_ROWS |       feather_pe__parameterized656 |        329 |        329 |       0 |    0 |    599 |      0 |      0 |    0 |          0 |
|   feather_GENVAR_DPE_INST_COL_ITER[20].feather_GENVAR_DPE_INST_ROW_ITER[18].feather_PE_OTHER_ROWS |       feather_pe__parameterized657 |        321 |        321 |       0 |    0 |    599 |      0 |      0 |    0 |          0 |
|   feather_GENVAR_DPE_INST_COL_ITER[20].feather_GENVAR_DPE_INST_ROW_ITER[19].feather_PE_OTHER_ROWS |       feather_pe__parameterized658 |        329 |        329 |       0 |    0 |    599 |      0 |      0 |    0 |          0 |
|   feather_GENVAR_DPE_INST_COL_ITER[20].feather_GENVAR_DPE_INST_ROW_ITER[1].feather_PE_OTHER_ROWS  |       feather_pe__parameterized640 |        336 |        336 |       0 |    0 |    587 |      0 |      0 |    0 |          0 |
|   feather_GENVAR_DPE_INST_COL_ITER[20].feather_GENVAR_DPE_INST_ROW_ITER[20].feather_PE_OTHER_ROWS |       feather_pe__parameterized659 |        321 |        321 |       0 |    0 |    599 |      0 |      0 |    0 |          0 |
|   feather_GENVAR_DPE_INST_COL_ITER[20].feather_GENVAR_DPE_INST_ROW_ITER[21].feather_PE_OTHER_ROWS |       feather_pe__parameterized660 |        321 |        321 |       0 |    0 |    599 |      0 |      0 |    0 |          0 |
|   feather_GENVAR_DPE_INST_COL_ITER[20].feather_GENVAR_DPE_INST_ROW_ITER[22].feather_PE_OTHER_ROWS |       feather_pe__parameterized661 |        329 |        329 |       0 |    0 |    599 |      0 |      0 |    0 |          0 |
|   feather_GENVAR_DPE_INST_COL_ITER[20].feather_GENVAR_DPE_INST_ROW_ITER[23].feather_PE_OTHER_ROWS |       feather_pe__parameterized662 |        321 |        321 |       0 |    0 |    599 |      0 |      0 |    0 |          0 |
|   feather_GENVAR_DPE_INST_COL_ITER[20].feather_GENVAR_DPE_INST_ROW_ITER[24].feather_PE_OTHER_ROWS |       feather_pe__parameterized663 |        323 |        323 |       0 |    0 |    599 |      0 |      0 |    0 |          0 |
|   feather_GENVAR_DPE_INST_COL_ITER[20].feather_GENVAR_DPE_INST_ROW_ITER[25].feather_PE_OTHER_ROWS |       feather_pe__parameterized664 |        315 |        315 |       0 |    0 |    599 |      0 |      0 |    0 |          0 |
|   feather_GENVAR_DPE_INST_COL_ITER[20].feather_GENVAR_DPE_INST_ROW_ITER[26].feather_PE_OTHER_ROWS |       feather_pe__parameterized665 |        330 |        330 |       0 |    0 |    599 |      0 |      0 |    0 |          0 |
|   feather_GENVAR_DPE_INST_COL_ITER[20].feather_GENVAR_DPE_INST_ROW_ITER[27].feather_PE_OTHER_ROWS |       feather_pe__parameterized666 |        323 |        323 |       0 |    0 |    599 |      0 |      0 |    0 |          0 |
|   feather_GENVAR_DPE_INST_COL_ITER[20].feather_GENVAR_DPE_INST_ROW_ITER[28].feather_PE_OTHER_ROWS |       feather_pe__parameterized667 |        321 |        321 |       0 |    0 |    599 |      0 |      0 |    0 |          0 |
|   feather_GENVAR_DPE_INST_COL_ITER[20].feather_GENVAR_DPE_INST_ROW_ITER[29].feather_PE_OTHER_ROWS |       feather_pe__parameterized668 |        320 |        320 |       0 |    0 |    599 |      0 |      0 |    0 |          0 |
|   feather_GENVAR_DPE_INST_COL_ITER[20].feather_GENVAR_DPE_INST_ROW_ITER[2].feather_PE_OTHER_ROWS  |       feather_pe__parameterized641 |        320 |        320 |       0 |    0 |    587 |      0 |      0 |    0 |          0 |
|   feather_GENVAR_DPE_INST_COL_ITER[20].feather_GENVAR_DPE_INST_ROW_ITER[30].feather_PE_OTHER_ROWS |       feather_pe__parameterized669 |        329 |        329 |       0 |    0 |    599 |      0 |      0 |    0 |          0 |
|   feather_GENVAR_DPE_INST_COL_ITER[20].feather_GENVAR_DPE_INST_ROW_ITER[31].feather_PE_OTHER_ROWS |       feather_pe__parameterized670 |        307 |        307 |       0 |    0 |    569 |      0 |      0 |    0 |          0 |
|   feather_GENVAR_DPE_INST_COL_ITER[20].feather_GENVAR_DPE_INST_ROW_ITER[3].feather_PE_OTHER_ROWS  |       feather_pe__parameterized642 |        322 |        322 |       0 |    0 |    597 |      0 |      0 |    0 |          0 |
|   feather_GENVAR_DPE_INST_COL_ITER[20].feather_GENVAR_DPE_INST_ROW_ITER[4].feather_PE_OTHER_ROWS  |       feather_pe__parameterized643 |        331 |        331 |       0 |    0 |    597 |      0 |      0 |    0 |          0 |
|   feather_GENVAR_DPE_INST_COL_ITER[20].feather_GENVAR_DPE_INST_ROW_ITER[5].feather_PE_OTHER_ROWS  |       feather_pe__parameterized644 |        324 |        324 |       0 |    0 |    599 |      0 |      0 |    0 |          0 |
|   feather_GENVAR_DPE_INST_COL_ITER[20].feather_GENVAR_DPE_INST_ROW_ITER[6].feather_PE_OTHER_ROWS  |       feather_pe__parameterized645 |        315 |        315 |       0 |    0 |    599 |      0 |      0 |    0 |          0 |
|   feather_GENVAR_DPE_INST_COL_ITER[20].feather_GENVAR_DPE_INST_ROW_ITER[7].feather_PE_OTHER_ROWS  |       feather_pe__parameterized646 |        315 |        315 |       0 |    0 |    599 |      0 |      0 |    0 |          0 |
|   feather_GENVAR_DPE_INST_COL_ITER[20].feather_GENVAR_DPE_INST_ROW_ITER[8].feather_PE_OTHER_ROWS  |       feather_pe__parameterized647 |        322 |        322 |       0 |    0 |    599 |      0 |      0 |    0 |          0 |
|   feather_GENVAR_DPE_INST_COL_ITER[20].feather_GENVAR_DPE_INST_ROW_ITER[9].feather_PE_OTHER_ROWS  |       feather_pe__parameterized648 |        313 |        313 |       0 |    0 |    599 |      0 |      0 |    0 |          0 |
|   feather_GENVAR_DPE_INST_COL_ITER[21].COL_WISE_O_DATA_BUS                                        |              o_bus_autopick_seq_14 |         16 |         16 |       0 |    0 |      9 |      0 |      0 |    0 |          0 |
|   feather_GENVAR_DPE_INST_COL_ITER[21].feather_GENVAR_DPE_INST_ROW_ITER[0].feather_PE_OTHER_ROWS  |       feather_pe__parameterized671 |        319 |        319 |       0 |    0 |    587 |      0 |      0 |    0 |          0 |
|   feather_GENVAR_DPE_INST_COL_ITER[21].feather_GENVAR_DPE_INST_ROW_ITER[10].feather_PE_OTHER_ROWS |       feather_pe__parameterized681 |        328 |        328 |       0 |    0 |    599 |      0 |      0 |    0 |          0 |
|   feather_GENVAR_DPE_INST_COL_ITER[21].feather_GENVAR_DPE_INST_ROW_ITER[11].feather_PE_OTHER_ROWS |       feather_pe__parameterized682 |        328 |        328 |       0 |    0 |    599 |      0 |      0 |    0 |          0 |
|   feather_GENVAR_DPE_INST_COL_ITER[21].feather_GENVAR_DPE_INST_ROW_ITER[12].feather_PE_OTHER_ROWS |       feather_pe__parameterized683 |        321 |        321 |       0 |    0 |    599 |      0 |      0 |    0 |          0 |
|   feather_GENVAR_DPE_INST_COL_ITER[21].feather_GENVAR_DPE_INST_ROW_ITER[13].feather_PE_OTHER_ROWS |       feather_pe__parameterized684 |        329 |        329 |       0 |    0 |    599 |      0 |      0 |    0 |          0 |
|   feather_GENVAR_DPE_INST_COL_ITER[21].feather_GENVAR_DPE_INST_ROW_ITER[14].feather_PE_OTHER_ROWS |       feather_pe__parameterized685 |        321 |        321 |       0 |    0 |    599 |      0 |      0 |    0 |          0 |
|   feather_GENVAR_DPE_INST_COL_ITER[21].feather_GENVAR_DPE_INST_ROW_ITER[15].feather_PE_OTHER_ROWS |       feather_pe__parameterized686 |        321 |        321 |       0 |    0 |    599 |      0 |      0 |    0 |          0 |
|   feather_GENVAR_DPE_INST_COL_ITER[21].feather_GENVAR_DPE_INST_ROW_ITER[16].feather_PE_OTHER_ROWS |       feather_pe__parameterized687 |        322 |        322 |       0 |    0 |    599 |      0 |      0 |    0 |          0 |
|   feather_GENVAR_DPE_INST_COL_ITER[21].feather_GENVAR_DPE_INST_ROW_ITER[17].feather_PE_OTHER_ROWS |       feather_pe__parameterized688 |        329 |        329 |       0 |    0 |    599 |      0 |      0 |    0 |          0 |
|   feather_GENVAR_DPE_INST_COL_ITER[21].feather_GENVAR_DPE_INST_ROW_ITER[18].feather_PE_OTHER_ROWS |       feather_pe__parameterized689 |        321 |        321 |       0 |    0 |    599 |      0 |      0 |    0 |          0 |
|   feather_GENVAR_DPE_INST_COL_ITER[21].feather_GENVAR_DPE_INST_ROW_ITER[19].feather_PE_OTHER_ROWS |       feather_pe__parameterized690 |        329 |        329 |       0 |    0 |    599 |      0 |      0 |    0 |          0 |
|   feather_GENVAR_DPE_INST_COL_ITER[21].feather_GENVAR_DPE_INST_ROW_ITER[1].feather_PE_OTHER_ROWS  |       feather_pe__parameterized672 |        326 |        326 |       0 |    0 |    587 |      0 |      0 |    0 |          0 |
|   feather_GENVAR_DPE_INST_COL_ITER[21].feather_GENVAR_DPE_INST_ROW_ITER[20].feather_PE_OTHER_ROWS |       feather_pe__parameterized691 |        321 |        321 |       0 |    0 |    599 |      0 |      0 |    0 |          0 |
|   feather_GENVAR_DPE_INST_COL_ITER[21].feather_GENVAR_DPE_INST_ROW_ITER[21].feather_PE_OTHER_ROWS |       feather_pe__parameterized692 |        321 |        321 |       0 |    0 |    599 |      0 |      0 |    0 |          0 |
|   feather_GENVAR_DPE_INST_COL_ITER[21].feather_GENVAR_DPE_INST_ROW_ITER[22].feather_PE_OTHER_ROWS |       feather_pe__parameterized693 |        329 |        329 |       0 |    0 |    599 |      0 |      0 |    0 |          0 |
|   feather_GENVAR_DPE_INST_COL_ITER[21].feather_GENVAR_DPE_INST_ROW_ITER[23].feather_PE_OTHER_ROWS |       feather_pe__parameterized694 |        321 |        321 |       0 |    0 |    599 |      0 |      0 |    0 |          0 |
|   feather_GENVAR_DPE_INST_COL_ITER[21].feather_GENVAR_DPE_INST_ROW_ITER[24].feather_PE_OTHER_ROWS |       feather_pe__parameterized695 |        321 |        321 |       0 |    0 |    599 |      0 |      0 |    0 |          0 |
|   feather_GENVAR_DPE_INST_COL_ITER[21].feather_GENVAR_DPE_INST_ROW_ITER[25].feather_PE_OTHER_ROWS |       feather_pe__parameterized696 |        321 |        321 |       0 |    0 |    599 |      0 |      0 |    0 |          0 |
|   feather_GENVAR_DPE_INST_COL_ITER[21].feather_GENVAR_DPE_INST_ROW_ITER[26].feather_PE_OTHER_ROWS |       feather_pe__parameterized697 |        336 |        336 |       0 |    0 |    599 |      0 |      0 |    0 |          0 |
|   feather_GENVAR_DPE_INST_COL_ITER[21].feather_GENVAR_DPE_INST_ROW_ITER[27].feather_PE_OTHER_ROWS |       feather_pe__parameterized698 |        329 |        329 |       0 |    0 |    599 |      0 |      0 |    0 |          0 |
|   feather_GENVAR_DPE_INST_COL_ITER[21].feather_GENVAR_DPE_INST_ROW_ITER[28].feather_PE_OTHER_ROWS |       feather_pe__parameterized699 |        329 |        329 |       0 |    0 |    599 |      0 |      0 |    0 |          0 |
|   feather_GENVAR_DPE_INST_COL_ITER[21].feather_GENVAR_DPE_INST_ROW_ITER[29].feather_PE_OTHER_ROWS |       feather_pe__parameterized700 |        320 |        320 |       0 |    0 |    599 |      0 |      0 |    0 |          0 |
|   feather_GENVAR_DPE_INST_COL_ITER[21].feather_GENVAR_DPE_INST_ROW_ITER[2].feather_PE_OTHER_ROWS  |       feather_pe__parameterized673 |        308 |        308 |       0 |    0 |    586 |      0 |      0 |    0 |          0 |
|   feather_GENVAR_DPE_INST_COL_ITER[21].feather_GENVAR_DPE_INST_ROW_ITER[30].feather_PE_OTHER_ROWS |       feather_pe__parameterized701 |        329 |        329 |       0 |    0 |    599 |      0 |      0 |    0 |          0 |
|   feather_GENVAR_DPE_INST_COL_ITER[21].feather_GENVAR_DPE_INST_ROW_ITER[31].feather_PE_OTHER_ROWS |       feather_pe__parameterized702 |        307 |        307 |       0 |    0 |    569 |      0 |      0 |    0 |          0 |
|   feather_GENVAR_DPE_INST_COL_ITER[21].feather_GENVAR_DPE_INST_ROW_ITER[3].feather_PE_OTHER_ROWS  |       feather_pe__parameterized674 |        308 |        308 |       0 |    0 |    585 |      0 |      0 |    0 |          0 |
|   feather_GENVAR_DPE_INST_COL_ITER[21].feather_GENVAR_DPE_INST_ROW_ITER[4].feather_PE_OTHER_ROWS  |       feather_pe__parameterized675 |        322 |        322 |       0 |    0 |    596 |      0 |      0 |    0 |          0 |
|   feather_GENVAR_DPE_INST_COL_ITER[21].feather_GENVAR_DPE_INST_ROW_ITER[5].feather_PE_OTHER_ROWS  |       feather_pe__parameterized676 |        318 |        318 |       0 |    0 |    599 |      0 |      0 |    0 |          0 |
|   feather_GENVAR_DPE_INST_COL_ITER[21].feather_GENVAR_DPE_INST_ROW_ITER[6].feather_PE_OTHER_ROWS  |       feather_pe__parameterized677 |        317 |        317 |       0 |    0 |    599 |      0 |      0 |    0 |          0 |
|   feather_GENVAR_DPE_INST_COL_ITER[21].feather_GENVAR_DPE_INST_ROW_ITER[7].feather_PE_OTHER_ROWS  |       feather_pe__parameterized678 |        314 |        314 |       0 |    0 |    596 |      0 |      0 |    0 |          0 |
|   feather_GENVAR_DPE_INST_COL_ITER[21].feather_GENVAR_DPE_INST_ROW_ITER[8].feather_PE_OTHER_ROWS  |       feather_pe__parameterized679 |        323 |        323 |       0 |    0 |    585 |      0 |      0 |    0 |          0 |
|   feather_GENVAR_DPE_INST_COL_ITER[21].feather_GENVAR_DPE_INST_ROW_ITER[9].feather_PE_OTHER_ROWS  |       feather_pe__parameterized680 |        317 |        317 |       0 |    0 |    596 |      0 |      0 |    0 |          0 |
|   feather_GENVAR_DPE_INST_COL_ITER[22].COL_WISE_O_DATA_BUS                                        |              o_bus_autopick_seq_15 |          0 |          0 |       0 |    0 |      9 |      0 |      0 |    0 |          0 |
|   feather_GENVAR_DPE_INST_COL_ITER[22].feather_GENVAR_DPE_INST_ROW_ITER[0].feather_PE_OTHER_ROWS  |       feather_pe__parameterized703 |        318 |        318 |       0 |    0 |    587 |      0 |      0 |    0 |          0 |
|   feather_GENVAR_DPE_INST_COL_ITER[22].feather_GENVAR_DPE_INST_ROW_ITER[10].feather_PE_OTHER_ROWS |       feather_pe__parameterized713 |        324 |        324 |       0 |    0 |    599 |      0 |      0 |    0 |          0 |
|   feather_GENVAR_DPE_INST_COL_ITER[22].feather_GENVAR_DPE_INST_ROW_ITER[11].feather_PE_OTHER_ROWS |       feather_pe__parameterized714 |        322 |        322 |       0 |    0 |    599 |      0 |      0 |    0 |          0 |
|   feather_GENVAR_DPE_INST_COL_ITER[22].feather_GENVAR_DPE_INST_ROW_ITER[12].feather_PE_OTHER_ROWS |       feather_pe__parameterized715 |        321 |        321 |       0 |    0 |    599 |      0 |      0 |    0 |          0 |
|   feather_GENVAR_DPE_INST_COL_ITER[22].feather_GENVAR_DPE_INST_ROW_ITER[13].feather_PE_OTHER_ROWS |       feather_pe__parameterized716 |        329 |        329 |       0 |    0 |    599 |      0 |      0 |    0 |          0 |
|   feather_GENVAR_DPE_INST_COL_ITER[22].feather_GENVAR_DPE_INST_ROW_ITER[14].feather_PE_OTHER_ROWS |       feather_pe__parameterized717 |        321 |        321 |       0 |    0 |    599 |      0 |      0 |    0 |          0 |
|   feather_GENVAR_DPE_INST_COL_ITER[22].feather_GENVAR_DPE_INST_ROW_ITER[15].feather_PE_OTHER_ROWS |       feather_pe__parameterized718 |        321 |        321 |       0 |    0 |    599 |      0 |      0 |    0 |          0 |
|   feather_GENVAR_DPE_INST_COL_ITER[22].feather_GENVAR_DPE_INST_ROW_ITER[16].feather_PE_OTHER_ROWS |       feather_pe__parameterized719 |        322 |        322 |       0 |    0 |    599 |      0 |      0 |    0 |          0 |
|   feather_GENVAR_DPE_INST_COL_ITER[22].feather_GENVAR_DPE_INST_ROW_ITER[17].feather_PE_OTHER_ROWS |       feather_pe__parameterized720 |        329 |        329 |       0 |    0 |    599 |      0 |      0 |    0 |          0 |
|   feather_GENVAR_DPE_INST_COL_ITER[22].feather_GENVAR_DPE_INST_ROW_ITER[18].feather_PE_OTHER_ROWS |       feather_pe__parameterized721 |        321 |        321 |       0 |    0 |    599 |      0 |      0 |    0 |          0 |
|   feather_GENVAR_DPE_INST_COL_ITER[22].feather_GENVAR_DPE_INST_ROW_ITER[19].feather_PE_OTHER_ROWS |       feather_pe__parameterized722 |        329 |        329 |       0 |    0 |    599 |      0 |      0 |    0 |          0 |
|   feather_GENVAR_DPE_INST_COL_ITER[22].feather_GENVAR_DPE_INST_ROW_ITER[1].feather_PE_OTHER_ROWS  |       feather_pe__parameterized704 |        326 |        326 |       0 |    0 |    587 |      0 |      0 |    0 |          0 |
|   feather_GENVAR_DPE_INST_COL_ITER[22].feather_GENVAR_DPE_INST_ROW_ITER[20].feather_PE_OTHER_ROWS |       feather_pe__parameterized723 |        323 |        323 |       0 |    0 |    599 |      0 |      0 |    0 |          0 |
|   feather_GENVAR_DPE_INST_COL_ITER[22].feather_GENVAR_DPE_INST_ROW_ITER[21].feather_PE_OTHER_ROWS |       feather_pe__parameterized724 |        315 |        315 |       0 |    0 |    599 |      0 |      0 |    0 |          0 |
|   feather_GENVAR_DPE_INST_COL_ITER[22].feather_GENVAR_DPE_INST_ROW_ITER[22].feather_PE_OTHER_ROWS |       feather_pe__parameterized725 |        323 |        323 |       0 |    0 |    599 |      0 |      0 |    0 |          0 |
|   feather_GENVAR_DPE_INST_COL_ITER[22].feather_GENVAR_DPE_INST_ROW_ITER[23].feather_PE_OTHER_ROWS |       feather_pe__parameterized726 |        315 |        315 |       0 |    0 |    599 |      0 |      0 |    0 |          0 |
|   feather_GENVAR_DPE_INST_COL_ITER[22].feather_GENVAR_DPE_INST_ROW_ITER[24].feather_PE_OTHER_ROWS |       feather_pe__parameterized727 |        313 |        313 |       0 |    0 |    599 |      0 |      0 |    0 |          0 |
|   feather_GENVAR_DPE_INST_COL_ITER[22].feather_GENVAR_DPE_INST_ROW_ITER[25].feather_PE_OTHER_ROWS |       feather_pe__parameterized728 |        321 |        321 |       0 |    0 |    599 |      0 |      0 |    0 |          0 |
|   feather_GENVAR_DPE_INST_COL_ITER[22].feather_GENVAR_DPE_INST_ROW_ITER[26].feather_PE_OTHER_ROWS |       feather_pe__parameterized729 |        336 |        336 |       0 |    0 |    599 |      0 |      0 |    0 |          0 |
|   feather_GENVAR_DPE_INST_COL_ITER[22].feather_GENVAR_DPE_INST_ROW_ITER[27].feather_PE_OTHER_ROWS |       feather_pe__parameterized730 |        329 |        329 |       0 |    0 |    599 |      0 |      0 |    0 |          0 |
|   feather_GENVAR_DPE_INST_COL_ITER[22].feather_GENVAR_DPE_INST_ROW_ITER[28].feather_PE_OTHER_ROWS |       feather_pe__parameterized731 |        329 |        329 |       0 |    0 |    599 |      0 |      0 |    0 |          0 |
|   feather_GENVAR_DPE_INST_COL_ITER[22].feather_GENVAR_DPE_INST_ROW_ITER[29].feather_PE_OTHER_ROWS |       feather_pe__parameterized732 |        318 |        318 |       0 |    0 |    599 |      0 |      0 |    0 |          0 |
|   feather_GENVAR_DPE_INST_COL_ITER[22].feather_GENVAR_DPE_INST_ROW_ITER[2].feather_PE_OTHER_ROWS  |       feather_pe__parameterized705 |        318 |        318 |       0 |    0 |    587 |      0 |      0 |    0 |          0 |
|   feather_GENVAR_DPE_INST_COL_ITER[22].feather_GENVAR_DPE_INST_ROW_ITER[30].feather_PE_OTHER_ROWS |       feather_pe__parameterized733 |        327 |        327 |       0 |    0 |    599 |      0 |      0 |    0 |          0 |
|   feather_GENVAR_DPE_INST_COL_ITER[22].feather_GENVAR_DPE_INST_ROW_ITER[31].feather_PE_OTHER_ROWS |       feather_pe__parameterized734 |        305 |        305 |       0 |    0 |    569 |      0 |      0 |    0 |          0 |
|   feather_GENVAR_DPE_INST_COL_ITER[22].feather_GENVAR_DPE_INST_ROW_ITER[3].feather_PE_OTHER_ROWS  |       feather_pe__parameterized706 |        318 |        318 |       0 |    0 |    587 |      0 |      0 |    0 |          0 |
|   feather_GENVAR_DPE_INST_COL_ITER[22].feather_GENVAR_DPE_INST_ROW_ITER[4].feather_PE_OTHER_ROWS  |       feather_pe__parameterized707 |        329 |        329 |       0 |    0 |    597 |      0 |      0 |    0 |          0 |
|   feather_GENVAR_DPE_INST_COL_ITER[22].feather_GENVAR_DPE_INST_ROW_ITER[5].feather_PE_OTHER_ROWS  |       feather_pe__parameterized708 |        322 |        322 |       0 |    0 |    597 |      0 |      0 |    0 |          0 |
|   feather_GENVAR_DPE_INST_COL_ITER[22].feather_GENVAR_DPE_INST_ROW_ITER[6].feather_PE_OTHER_ROWS  |       feather_pe__parameterized709 |        322 |        322 |       0 |    0 |    597 |      0 |      0 |    0 |          0 |
|   feather_GENVAR_DPE_INST_COL_ITER[22].feather_GENVAR_DPE_INST_ROW_ITER[7].feather_PE_OTHER_ROWS  |       feather_pe__parameterized710 |        323 |        323 |       0 |    0 |    599 |      0 |      0 |    0 |          0 |
|   feather_GENVAR_DPE_INST_COL_ITER[22].feather_GENVAR_DPE_INST_ROW_ITER[8].feather_PE_OTHER_ROWS  |       feather_pe__parameterized711 |        329 |        329 |       0 |    0 |    599 |      0 |      0 |    0 |          0 |
|   feather_GENVAR_DPE_INST_COL_ITER[22].feather_GENVAR_DPE_INST_ROW_ITER[9].feather_PE_OTHER_ROWS  |       feather_pe__parameterized712 |        316 |        316 |       0 |    0 |    599 |      0 |      0 |    0 |          0 |
|   feather_GENVAR_DPE_INST_COL_ITER[23].COL_WISE_O_DATA_BUS                                        |              o_bus_autopick_seq_16 |         16 |         16 |       0 |    0 |      9 |      0 |      0 |    0 |          0 |
|   feather_GENVAR_DPE_INST_COL_ITER[23].feather_GENVAR_DPE_INST_ROW_ITER[0].feather_PE_OTHER_ROWS  |       feather_pe__parameterized735 |        321 |        321 |       0 |    0 |    587 |      0 |      0 |    0 |          0 |
|   feather_GENVAR_DPE_INST_COL_ITER[23].feather_GENVAR_DPE_INST_ROW_ITER[10].feather_PE_OTHER_ROWS |       feather_pe__parameterized745 |        322 |        322 |       0 |    0 |    599 |      0 |      0 |    0 |          0 |
|   feather_GENVAR_DPE_INST_COL_ITER[23].feather_GENVAR_DPE_INST_ROW_ITER[11].feather_PE_OTHER_ROWS |       feather_pe__parameterized746 |        330 |        330 |       0 |    0 |    599 |      0 |      0 |    0 |          0 |
|   feather_GENVAR_DPE_INST_COL_ITER[23].feather_GENVAR_DPE_INST_ROW_ITER[12].feather_PE_OTHER_ROWS |       feather_pe__parameterized747 |        321 |        321 |       0 |    0 |    599 |      0 |      0 |    0 |          0 |
|   feather_GENVAR_DPE_INST_COL_ITER[23].feather_GENVAR_DPE_INST_ROW_ITER[13].feather_PE_OTHER_ROWS |       feather_pe__parameterized748 |        329 |        329 |       0 |    0 |    599 |      0 |      0 |    0 |          0 |
|   feather_GENVAR_DPE_INST_COL_ITER[23].feather_GENVAR_DPE_INST_ROW_ITER[14].feather_PE_OTHER_ROWS |       feather_pe__parameterized749 |        321 |        321 |       0 |    0 |    599 |      0 |      0 |    0 |          0 |
|   feather_GENVAR_DPE_INST_COL_ITER[23].feather_GENVAR_DPE_INST_ROW_ITER[15].feather_PE_OTHER_ROWS |       feather_pe__parameterized750 |        321 |        321 |       0 |    0 |    599 |      0 |      0 |    0 |          0 |
|   feather_GENVAR_DPE_INST_COL_ITER[23].feather_GENVAR_DPE_INST_ROW_ITER[16].feather_PE_OTHER_ROWS |       feather_pe__parameterized751 |        322 |        322 |       0 |    0 |    599 |      0 |      0 |    0 |          0 |
|   feather_GENVAR_DPE_INST_COL_ITER[23].feather_GENVAR_DPE_INST_ROW_ITER[17].feather_PE_OTHER_ROWS |       feather_pe__parameterized752 |        329 |        329 |       0 |    0 |    599 |      0 |      0 |    0 |          0 |
|   feather_GENVAR_DPE_INST_COL_ITER[23].feather_GENVAR_DPE_INST_ROW_ITER[18].feather_PE_OTHER_ROWS |       feather_pe__parameterized753 |        321 |        321 |       0 |    0 |    599 |      0 |      0 |    0 |          0 |
|   feather_GENVAR_DPE_INST_COL_ITER[23].feather_GENVAR_DPE_INST_ROW_ITER[19].feather_PE_OTHER_ROWS |       feather_pe__parameterized754 |        329 |        329 |       0 |    0 |    599 |      0 |      0 |    0 |          0 |
|   feather_GENVAR_DPE_INST_COL_ITER[23].feather_GENVAR_DPE_INST_ROW_ITER[1].feather_PE_OTHER_ROWS  |       feather_pe__parameterized736 |        332 |        332 |       0 |    0 |    587 |      0 |      0 |    0 |          0 |
|   feather_GENVAR_DPE_INST_COL_ITER[23].feather_GENVAR_DPE_INST_ROW_ITER[20].feather_PE_OTHER_ROWS |       feather_pe__parameterized755 |        321 |        321 |       0 |    0 |    599 |      0 |      0 |    0 |          0 |
|   feather_GENVAR_DPE_INST_COL_ITER[23].feather_GENVAR_DPE_INST_ROW_ITER[21].feather_PE_OTHER_ROWS |       feather_pe__parameterized756 |        319 |        319 |       0 |    0 |    599 |      0 |      0 |    0 |          0 |
|   feather_GENVAR_DPE_INST_COL_ITER[23].feather_GENVAR_DPE_INST_ROW_ITER[22].feather_PE_OTHER_ROWS |       feather_pe__parameterized757 |        327 |        327 |       0 |    0 |    599 |      0 |      0 |    0 |          0 |
|   feather_GENVAR_DPE_INST_COL_ITER[23].feather_GENVAR_DPE_INST_ROW_ITER[23].feather_PE_OTHER_ROWS |       feather_pe__parameterized758 |        321 |        321 |       0 |    0 |    599 |      0 |      0 |    0 |          0 |
|   feather_GENVAR_DPE_INST_COL_ITER[23].feather_GENVAR_DPE_INST_ROW_ITER[24].feather_PE_OTHER_ROWS |       feather_pe__parameterized759 |        321 |        321 |       0 |    0 |    599 |      0 |      0 |    0 |          0 |
|   feather_GENVAR_DPE_INST_COL_ITER[23].feather_GENVAR_DPE_INST_ROW_ITER[25].feather_PE_OTHER_ROWS |       feather_pe__parameterized760 |        321 |        321 |       0 |    0 |    599 |      0 |      0 |    0 |          0 |
|   feather_GENVAR_DPE_INST_COL_ITER[23].feather_GENVAR_DPE_INST_ROW_ITER[26].feather_PE_OTHER_ROWS |       feather_pe__parameterized761 |        336 |        336 |       0 |    0 |    599 |      0 |      0 |    0 |          0 |
|   feather_GENVAR_DPE_INST_COL_ITER[23].feather_GENVAR_DPE_INST_ROW_ITER[27].feather_PE_OTHER_ROWS |       feather_pe__parameterized762 |        329 |        329 |       0 |    0 |    599 |      0 |      0 |    0 |          0 |
|   feather_GENVAR_DPE_INST_COL_ITER[23].feather_GENVAR_DPE_INST_ROW_ITER[28].feather_PE_OTHER_ROWS |       feather_pe__parameterized763 |        329 |        329 |       0 |    0 |    599 |      0 |      0 |    0 |          0 |
|   feather_GENVAR_DPE_INST_COL_ITER[23].feather_GENVAR_DPE_INST_ROW_ITER[29].feather_PE_OTHER_ROWS |       feather_pe__parameterized764 |        322 |        322 |       0 |    0 |    599 |      0 |      0 |    0 |          0 |
|   feather_GENVAR_DPE_INST_COL_ITER[23].feather_GENVAR_DPE_INST_ROW_ITER[2].feather_PE_OTHER_ROWS  |       feather_pe__parameterized737 |        308 |        308 |       0 |    0 |    586 |      0 |      0 |    0 |          0 |
|   feather_GENVAR_DPE_INST_COL_ITER[23].feather_GENVAR_DPE_INST_ROW_ITER[30].feather_PE_OTHER_ROWS |       feather_pe__parameterized765 |        321 |        321 |       0 |    0 |    599 |      0 |      0 |    0 |          0 |
|   feather_GENVAR_DPE_INST_COL_ITER[23].feather_GENVAR_DPE_INST_ROW_ITER[31].feather_PE_OTHER_ROWS |       feather_pe__parameterized766 |        307 |        307 |       0 |    0 |    569 |      0 |      0 |    0 |          0 |
|   feather_GENVAR_DPE_INST_COL_ITER[23].feather_GENVAR_DPE_INST_ROW_ITER[3].feather_PE_OTHER_ROWS  |       feather_pe__parameterized738 |        319 |        319 |       0 |    0 |    595 |      0 |      0 |    0 |          0 |
|   feather_GENVAR_DPE_INST_COL_ITER[23].feather_GENVAR_DPE_INST_ROW_ITER[4].feather_PE_OTHER_ROWS  |       feather_pe__parameterized739 |        316 |        316 |       0 |    0 |    586 |      0 |      0 |    0 |          0 |
|   feather_GENVAR_DPE_INST_COL_ITER[23].feather_GENVAR_DPE_INST_ROW_ITER[5].feather_PE_OTHER_ROWS  |       feather_pe__parameterized740 |        314 |        314 |       0 |    0 |    589 |      0 |      0 |    0 |          0 |
|   feather_GENVAR_DPE_INST_COL_ITER[23].feather_GENVAR_DPE_INST_ROW_ITER[6].feather_PE_OTHER_ROWS  |       feather_pe__parameterized741 |        313 |        313 |       0 |    0 |    589 |      0 |      0 |    0 |          0 |
|   feather_GENVAR_DPE_INST_COL_ITER[23].feather_GENVAR_DPE_INST_ROW_ITER[7].feather_PE_OTHER_ROWS  |       feather_pe__parameterized742 |        308 |        308 |       0 |    0 |    586 |      0 |      0 |    0 |          0 |
|   feather_GENVAR_DPE_INST_COL_ITER[23].feather_GENVAR_DPE_INST_ROW_ITER[8].feather_PE_OTHER_ROWS  |       feather_pe__parameterized743 |        320 |        320 |       0 |    0 |    595 |      0 |      0 |    0 |          0 |
|   feather_GENVAR_DPE_INST_COL_ITER[23].feather_GENVAR_DPE_INST_ROW_ITER[9].feather_PE_OTHER_ROWS  |       feather_pe__parameterized744 |        313 |        313 |       0 |    0 |    596 |      0 |      0 |    0 |          0 |
|   feather_GENVAR_DPE_INST_COL_ITER[24].COL_WISE_O_DATA_BUS                                        |              o_bus_autopick_seq_17 |          0 |          0 |       0 |    0 |      9 |      0 |      0 |    0 |          0 |
|   feather_GENVAR_DPE_INST_COL_ITER[24].feather_GENVAR_DPE_INST_ROW_ITER[0].feather_PE_OTHER_ROWS  |       feather_pe__parameterized767 |        321 |        321 |       0 |    0 |    587 |      0 |      0 |    0 |          0 |
|   feather_GENVAR_DPE_INST_COL_ITER[24].feather_GENVAR_DPE_INST_ROW_ITER[10].feather_PE_OTHER_ROWS |       feather_pe__parameterized777 |        330 |        330 |       0 |    0 |    599 |      0 |      0 |    0 |          0 |
|   feather_GENVAR_DPE_INST_COL_ITER[24].feather_GENVAR_DPE_INST_ROW_ITER[11].feather_PE_OTHER_ROWS |       feather_pe__parameterized778 |        330 |        330 |       0 |    0 |    599 |      0 |      0 |    0 |          0 |
|   feather_GENVAR_DPE_INST_COL_ITER[24].feather_GENVAR_DPE_INST_ROW_ITER[12].feather_PE_OTHER_ROWS |       feather_pe__parameterized779 |        321 |        321 |       0 |    0 |    599 |      0 |      0 |    0 |          0 |
|   feather_GENVAR_DPE_INST_COL_ITER[24].feather_GENVAR_DPE_INST_ROW_ITER[13].feather_PE_OTHER_ROWS |       feather_pe__parameterized780 |        329 |        329 |       0 |    0 |    599 |      0 |      0 |    0 |          0 |
|   feather_GENVAR_DPE_INST_COL_ITER[24].feather_GENVAR_DPE_INST_ROW_ITER[14].feather_PE_OTHER_ROWS |       feather_pe__parameterized781 |        323 |        323 |       0 |    0 |    599 |      0 |      0 |    0 |          0 |
|   feather_GENVAR_DPE_INST_COL_ITER[24].feather_GENVAR_DPE_INST_ROW_ITER[15].feather_PE_OTHER_ROWS |       feather_pe__parameterized782 |        315 |        315 |       0 |    0 |    599 |      0 |      0 |    0 |          0 |
|   feather_GENVAR_DPE_INST_COL_ITER[24].feather_GENVAR_DPE_INST_ROW_ITER[16].feather_PE_OTHER_ROWS |       feather_pe__parameterized783 |        316 |        316 |       0 |    0 |    599 |      0 |      0 |    0 |          0 |
|   feather_GENVAR_DPE_INST_COL_ITER[24].feather_GENVAR_DPE_INST_ROW_ITER[17].feather_PE_OTHER_ROWS |       feather_pe__parameterized784 |        323 |        323 |       0 |    0 |    599 |      0 |      0 |    0 |          0 |
|   feather_GENVAR_DPE_INST_COL_ITER[24].feather_GENVAR_DPE_INST_ROW_ITER[18].feather_PE_OTHER_ROWS |       feather_pe__parameterized785 |        315 |        315 |       0 |    0 |    599 |      0 |      0 |    0 |          0 |
|   feather_GENVAR_DPE_INST_COL_ITER[24].feather_GENVAR_DPE_INST_ROW_ITER[19].feather_PE_OTHER_ROWS |       feather_pe__parameterized786 |        323 |        323 |       0 |    0 |    599 |      0 |      0 |    0 |          0 |
|   feather_GENVAR_DPE_INST_COL_ITER[24].feather_GENVAR_DPE_INST_ROW_ITER[1].feather_PE_OTHER_ROWS  |       feather_pe__parameterized768 |        439 |        439 |       0 |    0 |    609 |      0 |      0 |    0 |          0 |
|   feather_GENVAR_DPE_INST_COL_ITER[24].feather_GENVAR_DPE_INST_ROW_ITER[20].feather_PE_OTHER_ROWS |       feather_pe__parameterized787 |        315 |        315 |       0 |    0 |    599 |      0 |      0 |    0 |          0 |
|   feather_GENVAR_DPE_INST_COL_ITER[24].feather_GENVAR_DPE_INST_ROW_ITER[21].feather_PE_OTHER_ROWS |       feather_pe__parameterized788 |        315 |        315 |       0 |    0 |    599 |      0 |      0 |    0 |          0 |
|   feather_GENVAR_DPE_INST_COL_ITER[24].feather_GENVAR_DPE_INST_ROW_ITER[22].feather_PE_OTHER_ROWS |       feather_pe__parameterized789 |        323 |        323 |       0 |    0 |    599 |      0 |      0 |    0 |          0 |
|   feather_GENVAR_DPE_INST_COL_ITER[24].feather_GENVAR_DPE_INST_ROW_ITER[23].feather_PE_OTHER_ROWS |       feather_pe__parameterized790 |        315 |        315 |       0 |    0 |    599 |      0 |      0 |    0 |          0 |
|   feather_GENVAR_DPE_INST_COL_ITER[24].feather_GENVAR_DPE_INST_ROW_ITER[24].feather_PE_OTHER_ROWS |       feather_pe__parameterized791 |        313 |        313 |       0 |    0 |    599 |      0 |      0 |    0 |          0 |
|   feather_GENVAR_DPE_INST_COL_ITER[24].feather_GENVAR_DPE_INST_ROW_ITER[25].feather_PE_OTHER_ROWS |       feather_pe__parameterized792 |        321 |        321 |       0 |    0 |    599 |      0 |      0 |    0 |          0 |
|   feather_GENVAR_DPE_INST_COL_ITER[24].feather_GENVAR_DPE_INST_ROW_ITER[26].feather_PE_OTHER_ROWS |       feather_pe__parameterized793 |        336 |        336 |       0 |    0 |    599 |      0 |      0 |    0 |          0 |
|   feather_GENVAR_DPE_INST_COL_ITER[24].feather_GENVAR_DPE_INST_ROW_ITER[27].feather_PE_OTHER_ROWS |       feather_pe__parameterized794 |        329 |        329 |       0 |    0 |    599 |      0 |      0 |    0 |          0 |
|   feather_GENVAR_DPE_INST_COL_ITER[24].feather_GENVAR_DPE_INST_ROW_ITER[28].feather_PE_OTHER_ROWS |       feather_pe__parameterized795 |        329 |        329 |       0 |    0 |    599 |      0 |      0 |    0 |          0 |
|   feather_GENVAR_DPE_INST_COL_ITER[24].feather_GENVAR_DPE_INST_ROW_ITER[29].feather_PE_OTHER_ROWS |       feather_pe__parameterized796 |        318 |        318 |       0 |    0 |    599 |      0 |      0 |    0 |          0 |
|   feather_GENVAR_DPE_INST_COL_ITER[24].feather_GENVAR_DPE_INST_ROW_ITER[2].feather_PE_OTHER_ROWS  |       feather_pe__parameterized769 |        455 |        455 |       0 |    0 |    612 |      0 |      0 |    0 |          0 |
|   feather_GENVAR_DPE_INST_COL_ITER[24].feather_GENVAR_DPE_INST_ROW_ITER[30].feather_PE_OTHER_ROWS |       feather_pe__parameterized797 |        327 |        327 |       0 |    0 |    599 |      0 |      0 |    0 |          0 |
|   feather_GENVAR_DPE_INST_COL_ITER[24].feather_GENVAR_DPE_INST_ROW_ITER[31].feather_PE_OTHER_ROWS |       feather_pe__parameterized798 |        305 |        305 |       0 |    0 |    569 |      0 |      0 |    0 |          0 |
|   feather_GENVAR_DPE_INST_COL_ITER[24].feather_GENVAR_DPE_INST_ROW_ITER[3].feather_PE_OTHER_ROWS  |       feather_pe__parameterized770 |        343 |        343 |       0 |    0 |    592 |      0 |      0 |    0 |          0 |
|   feather_GENVAR_DPE_INST_COL_ITER[24].feather_GENVAR_DPE_INST_ROW_ITER[4].feather_PE_OTHER_ROWS  |       feather_pe__parameterized771 |        364 |        364 |       0 |    0 |    603 |      0 |      0 |    0 |          0 |
|   feather_GENVAR_DPE_INST_COL_ITER[24].feather_GENVAR_DPE_INST_ROW_ITER[5].feather_PE_OTHER_ROWS  |       feather_pe__parameterized772 |        321 |        321 |       0 |    0 |    597 |      0 |      0 |    0 |          0 |
|   feather_GENVAR_DPE_INST_COL_ITER[24].feather_GENVAR_DPE_INST_ROW_ITER[6].feather_PE_OTHER_ROWS  |       feather_pe__parameterized773 |        320 |        320 |       0 |    0 |    597 |      0 |      0 |    0 |          0 |
|   feather_GENVAR_DPE_INST_COL_ITER[24].feather_GENVAR_DPE_INST_ROW_ITER[7].feather_PE_OTHER_ROWS  |       feather_pe__parameterized774 |        321 |        321 |       0 |    0 |    599 |      0 |      0 |    0 |          0 |
|   feather_GENVAR_DPE_INST_COL_ITER[24].feather_GENVAR_DPE_INST_ROW_ITER[8].feather_PE_OTHER_ROWS  |       feather_pe__parameterized775 |        328 |        328 |       0 |    0 |    599 |      0 |      0 |    0 |          0 |
|   feather_GENVAR_DPE_INST_COL_ITER[24].feather_GENVAR_DPE_INST_ROW_ITER[9].feather_PE_OTHER_ROWS  |       feather_pe__parameterized776 |        321 |        321 |       0 |    0 |    599 |      0 |      0 |    0 |          0 |
|   feather_GENVAR_DPE_INST_COL_ITER[25].COL_WISE_O_DATA_BUS                                        |              o_bus_autopick_seq_18 |         16 |         16 |       0 |    0 |      9 |      0 |      0 |    0 |          0 |
|   feather_GENVAR_DPE_INST_COL_ITER[25].feather_GENVAR_DPE_INST_ROW_ITER[0].feather_PE_OTHER_ROWS  |       feather_pe__parameterized799 |        320 |        320 |       0 |    0 |    587 |      0 |      0 |    0 |          0 |
|   feather_GENVAR_DPE_INST_COL_ITER[25].feather_GENVAR_DPE_INST_ROW_ITER[10].feather_PE_OTHER_ROWS |       feather_pe__parameterized809 |        330 |        330 |       0 |    0 |    599 |      0 |      0 |    0 |          0 |
|   feather_GENVAR_DPE_INST_COL_ITER[25].feather_GENVAR_DPE_INST_ROW_ITER[11].feather_PE_OTHER_ROWS |       feather_pe__parameterized810 |        330 |        330 |       0 |    0 |    599 |      0 |      0 |    0 |          0 |
|   feather_GENVAR_DPE_INST_COL_ITER[25].feather_GENVAR_DPE_INST_ROW_ITER[12].feather_PE_OTHER_ROWS |       feather_pe__parameterized811 |        321 |        321 |       0 |    0 |    599 |      0 |      0 |    0 |          0 |
|   feather_GENVAR_DPE_INST_COL_ITER[25].feather_GENVAR_DPE_INST_ROW_ITER[13].feather_PE_OTHER_ROWS |       feather_pe__parameterized812 |        331 |        331 |       0 |    0 |    599 |      0 |      0 |    0 |          0 |
|   feather_GENVAR_DPE_INST_COL_ITER[25].feather_GENVAR_DPE_INST_ROW_ITER[14].feather_PE_OTHER_ROWS |       feather_pe__parameterized813 |        315 |        315 |       0 |    0 |    599 |      0 |      0 |    0 |          0 |
|   feather_GENVAR_DPE_INST_COL_ITER[25].feather_GENVAR_DPE_INST_ROW_ITER[15].feather_PE_OTHER_ROWS |       feather_pe__parameterized814 |        315 |        315 |       0 |    0 |    599 |      0 |      0 |    0 |          0 |
|   feather_GENVAR_DPE_INST_COL_ITER[25].feather_GENVAR_DPE_INST_ROW_ITER[16].feather_PE_OTHER_ROWS |       feather_pe__parameterized815 |        316 |        316 |       0 |    0 |    599 |      0 |      0 |    0 |          0 |
|   feather_GENVAR_DPE_INST_COL_ITER[25].feather_GENVAR_DPE_INST_ROW_ITER[17].feather_PE_OTHER_ROWS |       feather_pe__parameterized816 |        321 |        321 |       0 |    0 |    599 |      0 |      0 |    0 |          0 |
|   feather_GENVAR_DPE_INST_COL_ITER[25].feather_GENVAR_DPE_INST_ROW_ITER[18].feather_PE_OTHER_ROWS |       feather_pe__parameterized817 |        321 |        321 |       0 |    0 |    599 |      0 |      0 |    0 |          0 |
|   feather_GENVAR_DPE_INST_COL_ITER[25].feather_GENVAR_DPE_INST_ROW_ITER[19].feather_PE_OTHER_ROWS |       feather_pe__parameterized818 |        327 |        327 |       0 |    0 |    599 |      0 |      0 |    0 |          0 |
|   feather_GENVAR_DPE_INST_COL_ITER[25].feather_GENVAR_DPE_INST_ROW_ITER[1].feather_PE_OTHER_ROWS  |       feather_pe__parameterized800 |        337 |        337 |       0 |    0 |    587 |      0 |      0 |    0 |          0 |
|   feather_GENVAR_DPE_INST_COL_ITER[25].feather_GENVAR_DPE_INST_ROW_ITER[20].feather_PE_OTHER_ROWS |       feather_pe__parameterized819 |        319 |        319 |       0 |    0 |    599 |      0 |      0 |    0 |          0 |
|   feather_GENVAR_DPE_INST_COL_ITER[25].feather_GENVAR_DPE_INST_ROW_ITER[21].feather_PE_OTHER_ROWS |       feather_pe__parameterized820 |        319 |        319 |       0 |    0 |    599 |      0 |      0 |    0 |          0 |
|   feather_GENVAR_DPE_INST_COL_ITER[25].feather_GENVAR_DPE_INST_ROW_ITER[22].feather_PE_OTHER_ROWS |       feather_pe__parameterized821 |        329 |        329 |       0 |    0 |    599 |      0 |      0 |    0 |          0 |
|   feather_GENVAR_DPE_INST_COL_ITER[25].feather_GENVAR_DPE_INST_ROW_ITER[23].feather_PE_OTHER_ROWS |       feather_pe__parameterized822 |        321 |        321 |       0 |    0 |    599 |      0 |      0 |    0 |          0 |
|   feather_GENVAR_DPE_INST_COL_ITER[25].feather_GENVAR_DPE_INST_ROW_ITER[24].feather_PE_OTHER_ROWS |       feather_pe__parameterized823 |        321 |        321 |       0 |    0 |    599 |      0 |      0 |    0 |          0 |
|   feather_GENVAR_DPE_INST_COL_ITER[25].feather_GENVAR_DPE_INST_ROW_ITER[25].feather_PE_OTHER_ROWS |       feather_pe__parameterized824 |        321 |        321 |       0 |    0 |    599 |      0 |      0 |    0 |          0 |
|   feather_GENVAR_DPE_INST_COL_ITER[25].feather_GENVAR_DPE_INST_ROW_ITER[26].feather_PE_OTHER_ROWS |       feather_pe__parameterized825 |        336 |        336 |       0 |    0 |    599 |      0 |      0 |    0 |          0 |
|   feather_GENVAR_DPE_INST_COL_ITER[25].feather_GENVAR_DPE_INST_ROW_ITER[27].feather_PE_OTHER_ROWS |       feather_pe__parameterized826 |        329 |        329 |       0 |    0 |    599 |      0 |      0 |    0 |          0 |
|   feather_GENVAR_DPE_INST_COL_ITER[25].feather_GENVAR_DPE_INST_ROW_ITER[28].feather_PE_OTHER_ROWS |       feather_pe__parameterized827 |        329 |        329 |       0 |    0 |    599 |      0 |      0 |    0 |          0 |
|   feather_GENVAR_DPE_INST_COL_ITER[25].feather_GENVAR_DPE_INST_ROW_ITER[29].feather_PE_OTHER_ROWS |       feather_pe__parameterized828 |        320 |        320 |       0 |    0 |    599 |      0 |      0 |    0 |          0 |
|   feather_GENVAR_DPE_INST_COL_ITER[25].feather_GENVAR_DPE_INST_ROW_ITER[2].feather_PE_OTHER_ROWS  |       feather_pe__parameterized801 |        317 |        317 |       0 |    0 |    587 |      0 |      0 |    0 |          0 |
|   feather_GENVAR_DPE_INST_COL_ITER[25].feather_GENVAR_DPE_INST_ROW_ITER[30].feather_PE_OTHER_ROWS |       feather_pe__parameterized829 |        329 |        329 |       0 |    0 |    599 |      0 |      0 |    0 |          0 |
|   feather_GENVAR_DPE_INST_COL_ITER[25].feather_GENVAR_DPE_INST_ROW_ITER[31].feather_PE_OTHER_ROWS |       feather_pe__parameterized830 |        307 |        307 |       0 |    0 |    569 |      0 |      0 |    0 |          0 |
|   feather_GENVAR_DPE_INST_COL_ITER[25].feather_GENVAR_DPE_INST_ROW_ITER[3].feather_PE_OTHER_ROWS  |       feather_pe__parameterized802 |        317 |        317 |       0 |    0 |    587 |      0 |      0 |    0 |          0 |
|   feather_GENVAR_DPE_INST_COL_ITER[25].feather_GENVAR_DPE_INST_ROW_ITER[4].feather_PE_OTHER_ROWS  |       feather_pe__parameterized803 |        328 |        328 |       0 |    0 |    597 |      0 |      0 |    0 |          0 |
|   feather_GENVAR_DPE_INST_COL_ITER[25].feather_GENVAR_DPE_INST_ROW_ITER[5].feather_PE_OTHER_ROWS  |       feather_pe__parameterized804 |        321 |        321 |       0 |    0 |    597 |      0 |      0 |    0 |          0 |
|   feather_GENVAR_DPE_INST_COL_ITER[25].feather_GENVAR_DPE_INST_ROW_ITER[6].feather_PE_OTHER_ROWS  |       feather_pe__parameterized805 |        320 |        320 |       0 |    0 |    597 |      0 |      0 |    0 |          0 |
|   feather_GENVAR_DPE_INST_COL_ITER[25].feather_GENVAR_DPE_INST_ROW_ITER[7].feather_PE_OTHER_ROWS  |       feather_pe__parameterized806 |        321 |        321 |       0 |    0 |    599 |      0 |      0 |    0 |          0 |
|   feather_GENVAR_DPE_INST_COL_ITER[25].feather_GENVAR_DPE_INST_ROW_ITER[8].feather_PE_OTHER_ROWS  |       feather_pe__parameterized807 |        328 |        328 |       0 |    0 |    599 |      0 |      0 |    0 |          0 |
|   feather_GENVAR_DPE_INST_COL_ITER[25].feather_GENVAR_DPE_INST_ROW_ITER[9].feather_PE_OTHER_ROWS  |       feather_pe__parameterized808 |        321 |        321 |       0 |    0 |    599 |      0 |      0 |    0 |          0 |
|   feather_GENVAR_DPE_INST_COL_ITER[26].COL_WISE_O_DATA_BUS                                        |              o_bus_autopick_seq_19 |          0 |          0 |       0 |    0 |      9 |      0 |      0 |    0 |          0 |
|   feather_GENVAR_DPE_INST_COL_ITER[26].feather_GENVAR_DPE_INST_ROW_ITER[0].feather_PE_OTHER_ROWS  |       feather_pe__parameterized831 |        320 |        320 |       0 |    0 |    587 |      0 |      0 |    0 |          0 |
|   feather_GENVAR_DPE_INST_COL_ITER[26].feather_GENVAR_DPE_INST_ROW_ITER[10].feather_PE_OTHER_ROWS |       feather_pe__parameterized841 |        330 |        330 |       0 |    0 |    599 |      0 |      0 |    0 |          0 |
|   feather_GENVAR_DPE_INST_COL_ITER[26].feather_GENVAR_DPE_INST_ROW_ITER[11].feather_PE_OTHER_ROWS |       feather_pe__parameterized842 |        330 |        330 |       0 |    0 |    599 |      0 |      0 |    0 |          0 |
|   feather_GENVAR_DPE_INST_COL_ITER[26].feather_GENVAR_DPE_INST_ROW_ITER[12].feather_PE_OTHER_ROWS |       feather_pe__parameterized843 |        323 |        323 |       0 |    0 |    599 |      0 |      0 |    0 |          0 |
|   feather_GENVAR_DPE_INST_COL_ITER[26].feather_GENVAR_DPE_INST_ROW_ITER[13].feather_PE_OTHER_ROWS |       feather_pe__parameterized844 |        323 |        323 |       0 |    0 |    599 |      0 |      0 |    0 |          0 |
|   feather_GENVAR_DPE_INST_COL_ITER[26].feather_GENVAR_DPE_INST_ROW_ITER[14].feather_PE_OTHER_ROWS |       feather_pe__parameterized845 |        315 |        315 |       0 |    0 |    599 |      0 |      0 |    0 |          0 |
|   feather_GENVAR_DPE_INST_COL_ITER[26].feather_GENVAR_DPE_INST_ROW_ITER[15].feather_PE_OTHER_ROWS |       feather_pe__parameterized846 |        315 |        315 |       0 |    0 |    599 |      0 |      0 |    0 |          0 |
|   feather_GENVAR_DPE_INST_COL_ITER[26].feather_GENVAR_DPE_INST_ROW_ITER[16].feather_PE_OTHER_ROWS |       feather_pe__parameterized847 |        316 |        316 |       0 |    0 |    599 |      0 |      0 |    0 |          0 |
|   feather_GENVAR_DPE_INST_COL_ITER[26].feather_GENVAR_DPE_INST_ROW_ITER[17].feather_PE_OTHER_ROWS |       feather_pe__parameterized848 |        321 |        321 |       0 |    0 |    599 |      0 |      0 |    0 |          0 |
|   feather_GENVAR_DPE_INST_COL_ITER[26].feather_GENVAR_DPE_INST_ROW_ITER[18].feather_PE_OTHER_ROWS |       feather_pe__parameterized849 |        321 |        321 |       0 |    0 |    599 |      0 |      0 |    0 |          0 |
|   feather_GENVAR_DPE_INST_COL_ITER[26].feather_GENVAR_DPE_INST_ROW_ITER[19].feather_PE_OTHER_ROWS |       feather_pe__parameterized850 |        327 |        327 |       0 |    0 |    599 |      0 |      0 |    0 |          0 |
|   feather_GENVAR_DPE_INST_COL_ITER[26].feather_GENVAR_DPE_INST_ROW_ITER[1].feather_PE_OTHER_ROWS  |       feather_pe__parameterized832 |        334 |        334 |       0 |    0 |    587 |      0 |      0 |    0 |          0 |
|   feather_GENVAR_DPE_INST_COL_ITER[26].feather_GENVAR_DPE_INST_ROW_ITER[20].feather_PE_OTHER_ROWS |       feather_pe__parameterized851 |        319 |        319 |       0 |    0 |    599 |      0 |      0 |    0 |          0 |
|   feather_GENVAR_DPE_INST_COL_ITER[26].feather_GENVAR_DPE_INST_ROW_ITER[21].feather_PE_OTHER_ROWS |       feather_pe__parameterized852 |        319 |        319 |       0 |    0 |    599 |      0 |      0 |    0 |          0 |
|   feather_GENVAR_DPE_INST_COL_ITER[26].feather_GENVAR_DPE_INST_ROW_ITER[22].feather_PE_OTHER_ROWS |       feather_pe__parameterized853 |        329 |        329 |       0 |    0 |    599 |      0 |      0 |    0 |          0 |
|   feather_GENVAR_DPE_INST_COL_ITER[26].feather_GENVAR_DPE_INST_ROW_ITER[23].feather_PE_OTHER_ROWS |       feather_pe__parameterized854 |        321 |        321 |       0 |    0 |    599 |      0 |      0 |    0 |          0 |
|   feather_GENVAR_DPE_INST_COL_ITER[26].feather_GENVAR_DPE_INST_ROW_ITER[24].feather_PE_OTHER_ROWS |       feather_pe__parameterized855 |        321 |        321 |       0 |    0 |    599 |      0 |      0 |    0 |          0 |
|   feather_GENVAR_DPE_INST_COL_ITER[26].feather_GENVAR_DPE_INST_ROW_ITER[25].feather_PE_OTHER_ROWS |       feather_pe__parameterized856 |        321 |        321 |       0 |    0 |    599 |      0 |      0 |    0 |          0 |
|   feather_GENVAR_DPE_INST_COL_ITER[26].feather_GENVAR_DPE_INST_ROW_ITER[26].feather_PE_OTHER_ROWS |       feather_pe__parameterized857 |        336 |        336 |       0 |    0 |    599 |      0 |      0 |    0 |          0 |
|   feather_GENVAR_DPE_INST_COL_ITER[26].feather_GENVAR_DPE_INST_ROW_ITER[27].feather_PE_OTHER_ROWS |       feather_pe__parameterized858 |        329 |        329 |       0 |    0 |    599 |      0 |      0 |    0 |          0 |
|   feather_GENVAR_DPE_INST_COL_ITER[26].feather_GENVAR_DPE_INST_ROW_ITER[28].feather_PE_OTHER_ROWS |       feather_pe__parameterized859 |        329 |        329 |       0 |    0 |    599 |      0 |      0 |    0 |          0 |
|   feather_GENVAR_DPE_INST_COL_ITER[26].feather_GENVAR_DPE_INST_ROW_ITER[29].feather_PE_OTHER_ROWS |       feather_pe__parameterized860 |        320 |        320 |       0 |    0 |    599 |      0 |      0 |    0 |          0 |
|   feather_GENVAR_DPE_INST_COL_ITER[26].feather_GENVAR_DPE_INST_ROW_ITER[2].feather_PE_OTHER_ROWS  |       feather_pe__parameterized833 |        318 |        318 |       0 |    0 |    587 |      0 |      0 |    0 |          0 |
|   feather_GENVAR_DPE_INST_COL_ITER[26].feather_GENVAR_DPE_INST_ROW_ITER[30].feather_PE_OTHER_ROWS |       feather_pe__parameterized861 |        329 |        329 |       0 |    0 |    599 |      0 |      0 |    0 |          0 |
|   feather_GENVAR_DPE_INST_COL_ITER[26].feather_GENVAR_DPE_INST_ROW_ITER[31].feather_PE_OTHER_ROWS |       feather_pe__parameterized862 |        307 |        307 |       0 |    0 |    569 |      0 |      0 |    0 |          0 |
|   feather_GENVAR_DPE_INST_COL_ITER[26].feather_GENVAR_DPE_INST_ROW_ITER[3].feather_PE_OTHER_ROWS  |       feather_pe__parameterized834 |        321 |        321 |       0 |    0 |    597 |      0 |      0 |    0 |          0 |
|   feather_GENVAR_DPE_INST_COL_ITER[26].feather_GENVAR_DPE_INST_ROW_ITER[4].feather_PE_OTHER_ROWS  |       feather_pe__parameterized835 |        328 |        328 |       0 |    0 |    597 |      0 |      0 |    0 |          0 |
|   feather_GENVAR_DPE_INST_COL_ITER[26].feather_GENVAR_DPE_INST_ROW_ITER[5].feather_PE_OTHER_ROWS  |       feather_pe__parameterized836 |        323 |        323 |       0 |    0 |    599 |      0 |      0 |    0 |          0 |
|   feather_GENVAR_DPE_INST_COL_ITER[26].feather_GENVAR_DPE_INST_ROW_ITER[6].feather_PE_OTHER_ROWS  |       feather_pe__parameterized837 |        321 |        321 |       0 |    0 |    599 |      0 |      0 |    0 |          0 |
|   feather_GENVAR_DPE_INST_COL_ITER[26].feather_GENVAR_DPE_INST_ROW_ITER[7].feather_PE_OTHER_ROWS  |       feather_pe__parameterized838 |        321 |        321 |       0 |    0 |    599 |      0 |      0 |    0 |          0 |
|   feather_GENVAR_DPE_INST_COL_ITER[26].feather_GENVAR_DPE_INST_ROW_ITER[8].feather_PE_OTHER_ROWS  |       feather_pe__parameterized839 |        328 |        328 |       0 |    0 |    599 |      0 |      0 |    0 |          0 |
|   feather_GENVAR_DPE_INST_COL_ITER[26].feather_GENVAR_DPE_INST_ROW_ITER[9].feather_PE_OTHER_ROWS  |       feather_pe__parameterized840 |        321 |        321 |       0 |    0 |    599 |      0 |      0 |    0 |          0 |
|   feather_GENVAR_DPE_INST_COL_ITER[27].COL_WISE_O_DATA_BUS                                        |              o_bus_autopick_seq_20 |         16 |         16 |       0 |    0 |      9 |      0 |      0 |    0 |          0 |
|   feather_GENVAR_DPE_INST_COL_ITER[27].feather_GENVAR_DPE_INST_ROW_ITER[0].feather_PE_OTHER_ROWS  |       feather_pe__parameterized863 |        321 |        321 |       0 |    0 |    588 |      0 |      0 |    0 |          0 |
|   feather_GENVAR_DPE_INST_COL_ITER[27].feather_GENVAR_DPE_INST_ROW_ITER[10].feather_PE_OTHER_ROWS |       feather_pe__parameterized873 |        320 |        320 |       0 |    0 |    596 |      0 |      0 |    0 |          0 |
|   feather_GENVAR_DPE_INST_COL_ITER[27].feather_GENVAR_DPE_INST_ROW_ITER[11].feather_PE_OTHER_ROWS |       feather_pe__parameterized874 |        328 |        328 |       0 |    0 |    599 |      0 |      0 |    0 |          0 |
|   feather_GENVAR_DPE_INST_COL_ITER[27].feather_GENVAR_DPE_INST_ROW_ITER[12].feather_PE_OTHER_ROWS |       feather_pe__parameterized875 |        319 |        319 |       0 |    0 |    599 |      0 |      0 |    0 |          0 |
|   feather_GENVAR_DPE_INST_COL_ITER[27].feather_GENVAR_DPE_INST_ROW_ITER[13].feather_PE_OTHER_ROWS |       feather_pe__parameterized876 |        327 |        327 |       0 |    0 |    599 |      0 |      0 |    0 |          0 |
|   feather_GENVAR_DPE_INST_COL_ITER[27].feather_GENVAR_DPE_INST_ROW_ITER[14].feather_PE_OTHER_ROWS |       feather_pe__parameterized877 |        319 |        319 |       0 |    0 |    599 |      0 |      0 |    0 |          0 |
|   feather_GENVAR_DPE_INST_COL_ITER[27].feather_GENVAR_DPE_INST_ROW_ITER[15].feather_PE_OTHER_ROWS |       feather_pe__parameterized878 |        319 |        319 |       0 |    0 |    599 |      0 |      0 |    0 |          0 |
|   feather_GENVAR_DPE_INST_COL_ITER[27].feather_GENVAR_DPE_INST_ROW_ITER[16].feather_PE_OTHER_ROWS |       feather_pe__parameterized879 |        320 |        320 |       0 |    0 |    599 |      0 |      0 |    0 |          0 |
|   feather_GENVAR_DPE_INST_COL_ITER[27].feather_GENVAR_DPE_INST_ROW_ITER[17].feather_PE_OTHER_ROWS |       feather_pe__parameterized880 |        329 |        329 |       0 |    0 |    599 |      0 |      0 |    0 |          0 |
|   feather_GENVAR_DPE_INST_COL_ITER[27].feather_GENVAR_DPE_INST_ROW_ITER[18].feather_PE_OTHER_ROWS |       feather_pe__parameterized881 |        315 |        315 |       0 |    0 |    599 |      0 |      0 |    0 |          0 |
|   feather_GENVAR_DPE_INST_COL_ITER[27].feather_GENVAR_DPE_INST_ROW_ITER[19].feather_PE_OTHER_ROWS |       feather_pe__parameterized882 |        323 |        323 |       0 |    0 |    599 |      0 |      0 |    0 |          0 |
|   feather_GENVAR_DPE_INST_COL_ITER[27].feather_GENVAR_DPE_INST_ROW_ITER[1].feather_PE_OTHER_ROWS  |       feather_pe__parameterized864 |        337 |        337 |       0 |    0 |    588 |      0 |      0 |    0 |          0 |
|   feather_GENVAR_DPE_INST_COL_ITER[27].feather_GENVAR_DPE_INST_ROW_ITER[20].feather_PE_OTHER_ROWS |       feather_pe__parameterized883 |        315 |        315 |       0 |    0 |    599 |      0 |      0 |    0 |          0 |
|   feather_GENVAR_DPE_INST_COL_ITER[27].feather_GENVAR_DPE_INST_ROW_ITER[21].feather_PE_OTHER_ROWS |       feather_pe__parameterized884 |        315 |        315 |       0 |    0 |    599 |      0 |      0 |    0 |          0 |
|   feather_GENVAR_DPE_INST_COL_ITER[27].feather_GENVAR_DPE_INST_ROW_ITER[22].feather_PE_OTHER_ROWS |       feather_pe__parameterized885 |        323 |        323 |       0 |    0 |    599 |      0 |      0 |    0 |          0 |
|   feather_GENVAR_DPE_INST_COL_ITER[27].feather_GENVAR_DPE_INST_ROW_ITER[23].feather_PE_OTHER_ROWS |       feather_pe__parameterized886 |        315 |        315 |       0 |    0 |    599 |      0 |      0 |    0 |          0 |
|   feather_GENVAR_DPE_INST_COL_ITER[27].feather_GENVAR_DPE_INST_ROW_ITER[24].feather_PE_OTHER_ROWS |       feather_pe__parameterized887 |        315 |        315 |       0 |    0 |    599 |      0 |      0 |    0 |          0 |
|   feather_GENVAR_DPE_INST_COL_ITER[27].feather_GENVAR_DPE_INST_ROW_ITER[25].feather_PE_OTHER_ROWS |       feather_pe__parameterized888 |        315 |        315 |       0 |    0 |    599 |      0 |      0 |    0 |          0 |
|   feather_GENVAR_DPE_INST_COL_ITER[27].feather_GENVAR_DPE_INST_ROW_ITER[26].feather_PE_OTHER_ROWS |       feather_pe__parameterized889 |        328 |        328 |       0 |    0 |    599 |      0 |      0 |    0 |          0 |
|   feather_GENVAR_DPE_INST_COL_ITER[27].feather_GENVAR_DPE_INST_ROW_ITER[27].feather_PE_OTHER_ROWS |       feather_pe__parameterized890 |        329 |        329 |       0 |    0 |    599 |      0 |      0 |    0 |          0 |
|   feather_GENVAR_DPE_INST_COL_ITER[27].feather_GENVAR_DPE_INST_ROW_ITER[28].feather_PE_OTHER_ROWS |       feather_pe__parameterized891 |        329 |        329 |       0 |    0 |    599 |      0 |      0 |    0 |          0 |
|   feather_GENVAR_DPE_INST_COL_ITER[27].feather_GENVAR_DPE_INST_ROW_ITER[29].feather_PE_OTHER_ROWS |       feather_pe__parameterized892 |        318 |        318 |       0 |    0 |    599 |      0 |      0 |    0 |          0 |
|   feather_GENVAR_DPE_INST_COL_ITER[27].feather_GENVAR_DPE_INST_ROW_ITER[2].feather_PE_OTHER_ROWS  |       feather_pe__parameterized865 |        320 |        320 |       0 |    0 |    589 |      0 |      0 |    0 |          0 |
|   feather_GENVAR_DPE_INST_COL_ITER[27].feather_GENVAR_DPE_INST_ROW_ITER[30].feather_PE_OTHER_ROWS |       feather_pe__parameterized893 |        327 |        327 |       0 |    0 |    599 |      0 |      0 |    0 |          0 |
|   feather_GENVAR_DPE_INST_COL_ITER[27].feather_GENVAR_DPE_INST_ROW_ITER[31].feather_PE_OTHER_ROWS |       feather_pe__parameterized894 |        305 |        305 |       0 |    0 |    569 |      0 |      0 |    0 |          0 |
|   feather_GENVAR_DPE_INST_COL_ITER[27].feather_GENVAR_DPE_INST_ROW_ITER[3].feather_PE_OTHER_ROWS  |       feather_pe__parameterized866 |        318 |        318 |       0 |    0 |    587 |      0 |      0 |    0 |          0 |
|   feather_GENVAR_DPE_INST_COL_ITER[27].feather_GENVAR_DPE_INST_ROW_ITER[4].feather_PE_OTHER_ROWS  |       feather_pe__parameterized867 |        329 |        329 |       0 |    0 |    598 |      0 |      0 |    0 |          0 |
|   feather_GENVAR_DPE_INST_COL_ITER[27].feather_GENVAR_DPE_INST_ROW_ITER[5].feather_PE_OTHER_ROWS  |       feather_pe__parameterized868 |        323 |        323 |       0 |    0 |    596 |      0 |      0 |    0 |          0 |
|   feather_GENVAR_DPE_INST_COL_ITER[27].feather_GENVAR_DPE_INST_ROW_ITER[6].feather_PE_OTHER_ROWS  |       feather_pe__parameterized869 |        320 |        320 |       0 |    0 |    596 |      0 |      0 |    0 |          0 |
|   feather_GENVAR_DPE_INST_COL_ITER[27].feather_GENVAR_DPE_INST_ROW_ITER[7].feather_PE_OTHER_ROWS  |       feather_pe__parameterized870 |        324 |        324 |       0 |    0 |    599 |      0 |      0 |    0 |          0 |
|   feather_GENVAR_DPE_INST_COL_ITER[27].feather_GENVAR_DPE_INST_ROW_ITER[8].feather_PE_OTHER_ROWS  |       feather_pe__parameterized871 |        326 |        326 |       0 |    0 |    588 |      0 |      0 |    0 |          0 |
|   feather_GENVAR_DPE_INST_COL_ITER[27].feather_GENVAR_DPE_INST_ROW_ITER[9].feather_PE_OTHER_ROWS  |       feather_pe__parameterized872 |        324 |        324 |       0 |    0 |    599 |      0 |      0 |    0 |          0 |
|   feather_GENVAR_DPE_INST_COL_ITER[28].COL_WISE_O_DATA_BUS                                        |              o_bus_autopick_seq_21 |          0 |          0 |       0 |    0 |      9 |      0 |      0 |    0 |          0 |
|   feather_GENVAR_DPE_INST_COL_ITER[28].feather_GENVAR_DPE_INST_ROW_ITER[0].feather_PE_OTHER_ROWS  |       feather_pe__parameterized895 |        317 |        317 |       0 |    0 |    587 |      0 |      0 |    0 |          0 |
|   feather_GENVAR_DPE_INST_COL_ITER[28].feather_GENVAR_DPE_INST_ROW_ITER[10].feather_PE_OTHER_ROWS |       feather_pe__parameterized905 |        330 |        330 |       0 |    0 |    599 |      0 |      0 |    0 |          0 |
|   feather_GENVAR_DPE_INST_COL_ITER[28].feather_GENVAR_DPE_INST_ROW_ITER[11].feather_PE_OTHER_ROWS |       feather_pe__parameterized906 |        330 |        330 |       0 |    0 |    599 |      0 |      0 |    0 |          0 |
|   feather_GENVAR_DPE_INST_COL_ITER[28].feather_GENVAR_DPE_INST_ROW_ITER[12].feather_PE_OTHER_ROWS |       feather_pe__parameterized907 |        321 |        321 |       0 |    0 |    599 |      0 |      0 |    0 |          0 |
|   feather_GENVAR_DPE_INST_COL_ITER[28].feather_GENVAR_DPE_INST_ROW_ITER[13].feather_PE_OTHER_ROWS |       feather_pe__parameterized908 |        331 |        331 |       0 |    0 |    599 |      0 |      0 |    0 |          0 |
|   feather_GENVAR_DPE_INST_COL_ITER[28].feather_GENVAR_DPE_INST_ROW_ITER[14].feather_PE_OTHER_ROWS |       feather_pe__parameterized909 |        315 |        315 |       0 |    0 |    599 |      0 |      0 |    0 |          0 |
|   feather_GENVAR_DPE_INST_COL_ITER[28].feather_GENVAR_DPE_INST_ROW_ITER[15].feather_PE_OTHER_ROWS |       feather_pe__parameterized910 |        315 |        315 |       0 |    0 |    599 |      0 |      0 |    0 |          0 |
|   feather_GENVAR_DPE_INST_COL_ITER[28].feather_GENVAR_DPE_INST_ROW_ITER[16].feather_PE_OTHER_ROWS |       feather_pe__parameterized911 |        316 |        316 |       0 |    0 |    599 |      0 |      0 |    0 |          0 |
|   feather_GENVAR_DPE_INST_COL_ITER[28].feather_GENVAR_DPE_INST_ROW_ITER[17].feather_PE_OTHER_ROWS |       feather_pe__parameterized912 |        321 |        321 |       0 |    0 |    599 |      0 |      0 |    0 |          0 |
|   feather_GENVAR_DPE_INST_COL_ITER[28].feather_GENVAR_DPE_INST_ROW_ITER[18].feather_PE_OTHER_ROWS |       feather_pe__parameterized913 |        321 |        321 |       0 |    0 |    599 |      0 |      0 |    0 |          0 |
|   feather_GENVAR_DPE_INST_COL_ITER[28].feather_GENVAR_DPE_INST_ROW_ITER[19].feather_PE_OTHER_ROWS |       feather_pe__parameterized914 |        329 |        329 |       0 |    0 |    599 |      0 |      0 |    0 |          0 |
|   feather_GENVAR_DPE_INST_COL_ITER[28].feather_GENVAR_DPE_INST_ROW_ITER[1].feather_PE_OTHER_ROWS  |       feather_pe__parameterized896 |        332 |        332 |       0 |    0 |    587 |      0 |      0 |    0 |          0 |
|   feather_GENVAR_DPE_INST_COL_ITER[28].feather_GENVAR_DPE_INST_ROW_ITER[20].feather_PE_OTHER_ROWS |       feather_pe__parameterized915 |        321 |        321 |       0 |    0 |    599 |      0 |      0 |    0 |          0 |
|   feather_GENVAR_DPE_INST_COL_ITER[28].feather_GENVAR_DPE_INST_ROW_ITER[21].feather_PE_OTHER_ROWS |       feather_pe__parameterized916 |        321 |        321 |       0 |    0 |    599 |      0 |      0 |    0 |          0 |
|   feather_GENVAR_DPE_INST_COL_ITER[28].feather_GENVAR_DPE_INST_ROW_ITER[22].feather_PE_OTHER_ROWS |       feather_pe__parameterized917 |        329 |        329 |       0 |    0 |    599 |      0 |      0 |    0 |          0 |
|   feather_GENVAR_DPE_INST_COL_ITER[28].feather_GENVAR_DPE_INST_ROW_ITER[23].feather_PE_OTHER_ROWS |       feather_pe__parameterized918 |        321 |        321 |       0 |    0 |    599 |      0 |      0 |    0 |          0 |
|   feather_GENVAR_DPE_INST_COL_ITER[28].feather_GENVAR_DPE_INST_ROW_ITER[24].feather_PE_OTHER_ROWS |       feather_pe__parameterized919 |        321 |        321 |       0 |    0 |    599 |      0 |      0 |    0 |          0 |
|   feather_GENVAR_DPE_INST_COL_ITER[28].feather_GENVAR_DPE_INST_ROW_ITER[25].feather_PE_OTHER_ROWS |       feather_pe__parameterized920 |        321 |        321 |       0 |    0 |    599 |      0 |      0 |    0 |          0 |
|   feather_GENVAR_DPE_INST_COL_ITER[28].feather_GENVAR_DPE_INST_ROW_ITER[26].feather_PE_OTHER_ROWS |       feather_pe__parameterized921 |        336 |        336 |       0 |    0 |    599 |      0 |      0 |    0 |          0 |
|   feather_GENVAR_DPE_INST_COL_ITER[28].feather_GENVAR_DPE_INST_ROW_ITER[27].feather_PE_OTHER_ROWS |       feather_pe__parameterized922 |        329 |        329 |       0 |    0 |    599 |      0 |      0 |    0 |          0 |
|   feather_GENVAR_DPE_INST_COL_ITER[28].feather_GENVAR_DPE_INST_ROW_ITER[28].feather_PE_OTHER_ROWS |       feather_pe__parameterized923 |        329 |        329 |       0 |    0 |    599 |      0 |      0 |    0 |          0 |
|   feather_GENVAR_DPE_INST_COL_ITER[28].feather_GENVAR_DPE_INST_ROW_ITER[29].feather_PE_OTHER_ROWS |       feather_pe__parameterized924 |        320 |        320 |       0 |    0 |    599 |      0 |      0 |    0 |          0 |
|   feather_GENVAR_DPE_INST_COL_ITER[28].feather_GENVAR_DPE_INST_ROW_ITER[2].feather_PE_OTHER_ROWS  |       feather_pe__parameterized897 |        315 |        315 |       0 |    0 |    587 |      0 |      0 |    0 |          0 |
|   feather_GENVAR_DPE_INST_COL_ITER[28].feather_GENVAR_DPE_INST_ROW_ITER[30].feather_PE_OTHER_ROWS |       feather_pe__parameterized925 |        329 |        329 |       0 |    0 |    599 |      0 |      0 |    0 |          0 |
|   feather_GENVAR_DPE_INST_COL_ITER[28].feather_GENVAR_DPE_INST_ROW_ITER[31].feather_PE_OTHER_ROWS |       feather_pe__parameterized926 |        307 |        307 |       0 |    0 |    569 |      0 |      0 |    0 |          0 |
|   feather_GENVAR_DPE_INST_COL_ITER[28].feather_GENVAR_DPE_INST_ROW_ITER[3].feather_PE_OTHER_ROWS  |       feather_pe__parameterized898 |        320 |        320 |       0 |    0 |    597 |      0 |      0 |    0 |          0 |
|   feather_GENVAR_DPE_INST_COL_ITER[28].feather_GENVAR_DPE_INST_ROW_ITER[4].feather_PE_OTHER_ROWS  |       feather_pe__parameterized899 |        328 |        328 |       0 |    0 |    597 |      0 |      0 |    0 |          0 |
|   feather_GENVAR_DPE_INST_COL_ITER[28].feather_GENVAR_DPE_INST_ROW_ITER[5].feather_PE_OTHER_ROWS  |       feather_pe__parameterized900 |        325 |        325 |       0 |    0 |    599 |      0 |      0 |    0 |          0 |
|   feather_GENVAR_DPE_INST_COL_ITER[28].feather_GENVAR_DPE_INST_ROW_ITER[6].feather_PE_OTHER_ROWS  |       feather_pe__parameterized901 |        321 |        321 |       0 |    0 |    599 |      0 |      0 |    0 |          0 |
|   feather_GENVAR_DPE_INST_COL_ITER[28].feather_GENVAR_DPE_INST_ROW_ITER[7].feather_PE_OTHER_ROWS  |       feather_pe__parameterized902 |        321 |        321 |       0 |    0 |    599 |      0 |      0 |    0 |          0 |
|   feather_GENVAR_DPE_INST_COL_ITER[28].feather_GENVAR_DPE_INST_ROW_ITER[8].feather_PE_OTHER_ROWS  |       feather_pe__parameterized903 |        328 |        328 |       0 |    0 |    599 |      0 |      0 |    0 |          0 |
|   feather_GENVAR_DPE_INST_COL_ITER[28].feather_GENVAR_DPE_INST_ROW_ITER[9].feather_PE_OTHER_ROWS  |       feather_pe__parameterized904 |        321 |        321 |       0 |    0 |    599 |      0 |      0 |    0 |          0 |
|   feather_GENVAR_DPE_INST_COL_ITER[29].COL_WISE_O_DATA_BUS                                        |              o_bus_autopick_seq_22 |         16 |         16 |       0 |    0 |      9 |      0 |      0 |    0 |          0 |
|   feather_GENVAR_DPE_INST_COL_ITER[29].feather_GENVAR_DPE_INST_ROW_ITER[0].feather_PE_OTHER_ROWS  |       feather_pe__parameterized927 |        310 |        310 |       0 |    0 |    587 |      0 |      0 |    0 |          0 |
|   feather_GENVAR_DPE_INST_COL_ITER[29].feather_GENVAR_DPE_INST_ROW_ITER[10].feather_PE_OTHER_ROWS |       feather_pe__parameterized937 |        328 |        328 |       0 |    0 |    599 |      0 |      0 |    0 |          0 |
|   feather_GENVAR_DPE_INST_COL_ITER[29].feather_GENVAR_DPE_INST_ROW_ITER[11].feather_PE_OTHER_ROWS |       feather_pe__parameterized938 |        328 |        328 |       0 |    0 |    599 |      0 |      0 |    0 |          0 |
|   feather_GENVAR_DPE_INST_COL_ITER[29].feather_GENVAR_DPE_INST_ROW_ITER[12].feather_PE_OTHER_ROWS |       feather_pe__parameterized939 |        319 |        319 |       0 |    0 |    599 |      0 |      0 |    0 |          0 |
|   feather_GENVAR_DPE_INST_COL_ITER[29].feather_GENVAR_DPE_INST_ROW_ITER[13].feather_PE_OTHER_ROWS |       feather_pe__parameterized940 |        329 |        329 |       0 |    0 |    599 |      0 |      0 |    0 |          0 |
|   feather_GENVAR_DPE_INST_COL_ITER[29].feather_GENVAR_DPE_INST_ROW_ITER[14].feather_PE_OTHER_ROWS |       feather_pe__parameterized941 |        321 |        321 |       0 |    0 |    599 |      0 |      0 |    0 |          0 |
|   feather_GENVAR_DPE_INST_COL_ITER[29].feather_GENVAR_DPE_INST_ROW_ITER[15].feather_PE_OTHER_ROWS |       feather_pe__parameterized942 |        321 |        321 |       0 |    0 |    599 |      0 |      0 |    0 |          0 |
|   feather_GENVAR_DPE_INST_COL_ITER[29].feather_GENVAR_DPE_INST_ROW_ITER[16].feather_PE_OTHER_ROWS |       feather_pe__parameterized943 |        322 |        322 |       0 |    0 |    599 |      0 |      0 |    0 |          0 |
|   feather_GENVAR_DPE_INST_COL_ITER[29].feather_GENVAR_DPE_INST_ROW_ITER[17].feather_PE_OTHER_ROWS |       feather_pe__parameterized944 |        329 |        329 |       0 |    0 |    599 |      0 |      0 |    0 |          0 |
|   feather_GENVAR_DPE_INST_COL_ITER[29].feather_GENVAR_DPE_INST_ROW_ITER[18].feather_PE_OTHER_ROWS |       feather_pe__parameterized945 |        321 |        321 |       0 |    0 |    599 |      0 |      0 |    0 |          0 |
|   feather_GENVAR_DPE_INST_COL_ITER[29].feather_GENVAR_DPE_INST_ROW_ITER[19].feather_PE_OTHER_ROWS |       feather_pe__parameterized946 |        329 |        329 |       0 |    0 |    599 |      0 |      0 |    0 |          0 |
|   feather_GENVAR_DPE_INST_COL_ITER[29].feather_GENVAR_DPE_INST_ROW_ITER[1].feather_PE_OTHER_ROWS  |       feather_pe__parameterized928 |        326 |        326 |       0 |    0 |    587 |      0 |      0 |    0 |          0 |
|   feather_GENVAR_DPE_INST_COL_ITER[29].feather_GENVAR_DPE_INST_ROW_ITER[20].feather_PE_OTHER_ROWS |       feather_pe__parameterized947 |        321 |        321 |       0 |    0 |    599 |      0 |      0 |    0 |          0 |
|   feather_GENVAR_DPE_INST_COL_ITER[29].feather_GENVAR_DPE_INST_ROW_ITER[21].feather_PE_OTHER_ROWS |       feather_pe__parameterized948 |        321 |        321 |       0 |    0 |    599 |      0 |      0 |    0 |          0 |
|   feather_GENVAR_DPE_INST_COL_ITER[29].feather_GENVAR_DPE_INST_ROW_ITER[22].feather_PE_OTHER_ROWS |       feather_pe__parameterized949 |        329 |        329 |       0 |    0 |    599 |      0 |      0 |    0 |          0 |
|   feather_GENVAR_DPE_INST_COL_ITER[29].feather_GENVAR_DPE_INST_ROW_ITER[23].feather_PE_OTHER_ROWS |       feather_pe__parameterized950 |        321 |        321 |       0 |    0 |    599 |      0 |      0 |    0 |          0 |
|   feather_GENVAR_DPE_INST_COL_ITER[29].feather_GENVAR_DPE_INST_ROW_ITER[24].feather_PE_OTHER_ROWS |       feather_pe__parameterized951 |        321 |        321 |       0 |    0 |    599 |      0 |      0 |    0 |          0 |
|   feather_GENVAR_DPE_INST_COL_ITER[29].feather_GENVAR_DPE_INST_ROW_ITER[25].feather_PE_OTHER_ROWS |       feather_pe__parameterized952 |        321 |        321 |       0 |    0 |    599 |      0 |      0 |    0 |          0 |
|   feather_GENVAR_DPE_INST_COL_ITER[29].feather_GENVAR_DPE_INST_ROW_ITER[26].feather_PE_OTHER_ROWS |       feather_pe__parameterized953 |        334 |        334 |       0 |    0 |    599 |      0 |      0 |    0 |          0 |
|   feather_GENVAR_DPE_INST_COL_ITER[29].feather_GENVAR_DPE_INST_ROW_ITER[27].feather_PE_OTHER_ROWS |       feather_pe__parameterized954 |        329 |        329 |       0 |    0 |    599 |      0 |      0 |    0 |          0 |
|   feather_GENVAR_DPE_INST_COL_ITER[29].feather_GENVAR_DPE_INST_ROW_ITER[28].feather_PE_OTHER_ROWS |       feather_pe__parameterized955 |        329 |        329 |       0 |    0 |    599 |      0 |      0 |    0 |          0 |
|   feather_GENVAR_DPE_INST_COL_ITER[29].feather_GENVAR_DPE_INST_ROW_ITER[29].feather_PE_OTHER_ROWS |       feather_pe__parameterized956 |        318 |        318 |       0 |    0 |    599 |      0 |      0 |    0 |          0 |
|   feather_GENVAR_DPE_INST_COL_ITER[29].feather_GENVAR_DPE_INST_ROW_ITER[2].feather_PE_OTHER_ROWS  |       feather_pe__parameterized929 |        309 |        309 |       0 |    0 |    587 |      0 |      0 |    0 |          0 |
|   feather_GENVAR_DPE_INST_COL_ITER[29].feather_GENVAR_DPE_INST_ROW_ITER[30].feather_PE_OTHER_ROWS |       feather_pe__parameterized957 |        327 |        327 |       0 |    0 |    599 |      0 |      0 |    0 |          0 |
|   feather_GENVAR_DPE_INST_COL_ITER[29].feather_GENVAR_DPE_INST_ROW_ITER[31].feather_PE_OTHER_ROWS |       feather_pe__parameterized958 |        305 |        305 |       0 |    0 |    667 |      0 |      0 |    0 |          0 |
|   feather_GENVAR_DPE_INST_COL_ITER[29].feather_GENVAR_DPE_INST_ROW_ITER[3].feather_PE_OTHER_ROWS  |       feather_pe__parameterized930 |        309 |        309 |       0 |    0 |    587 |      0 |      0 |    0 |          0 |
|   feather_GENVAR_DPE_INST_COL_ITER[29].feather_GENVAR_DPE_INST_ROW_ITER[4].feather_PE_OTHER_ROWS  |       feather_pe__parameterized931 |        328 |        328 |       0 |    0 |    597 |      0 |      0 |    0 |          0 |
|   feather_GENVAR_DPE_INST_COL_ITER[29].feather_GENVAR_DPE_INST_ROW_ITER[5].feather_PE_OTHER_ROWS  |       feather_pe__parameterized932 |        321 |        321 |       0 |    0 |    597 |      0 |      0 |    0 |          0 |
|   feather_GENVAR_DPE_INST_COL_ITER[29].feather_GENVAR_DPE_INST_ROW_ITER[6].feather_PE_OTHER_ROWS  |       feather_pe__parameterized933 |        320 |        320 |       0 |    0 |    597 |      0 |      0 |    0 |          0 |
|   feather_GENVAR_DPE_INST_COL_ITER[29].feather_GENVAR_DPE_INST_ROW_ITER[7].feather_PE_OTHER_ROWS  |       feather_pe__parameterized934 |        319 |        319 |       0 |    0 |    599 |      0 |      0 |    0 |          0 |
|   feather_GENVAR_DPE_INST_COL_ITER[29].feather_GENVAR_DPE_INST_ROW_ITER[8].feather_PE_OTHER_ROWS  |       feather_pe__parameterized935 |        330 |        330 |       0 |    0 |    599 |      0 |      0 |    0 |          0 |
|   feather_GENVAR_DPE_INST_COL_ITER[29].feather_GENVAR_DPE_INST_ROW_ITER[9].feather_PE_OTHER_ROWS  |       feather_pe__parameterized936 |        321 |        321 |       0 |    0 |    599 |      0 |      0 |    0 |          0 |
|   feather_GENVAR_DPE_INST_COL_ITER[2].COL_WISE_O_DATA_BUS                                         |              o_bus_autopick_seq_23 |          0 |          0 |       0 |    0 |      9 |      0 |      0 |    0 |          0 |
|   feather_GENVAR_DPE_INST_COL_ITER[2].feather_GENVAR_DPE_INST_ROW_ITER[0].feather_PE_OTHER_ROWS   |        feather_pe__parameterized63 |        310 |        310 |       0 |    0 |    587 |      0 |      0 |    0 |          0 |
|   feather_GENVAR_DPE_INST_COL_ITER[2].feather_GENVAR_DPE_INST_ROW_ITER[10].feather_PE_OTHER_ROWS  |        feather_pe__parameterized73 |        328 |        328 |       0 |    0 |    599 |      0 |      0 |    0 |          0 |
|   feather_GENVAR_DPE_INST_COL_ITER[2].feather_GENVAR_DPE_INST_ROW_ITER[11].feather_PE_OTHER_ROWS  |        feather_pe__parameterized74 |        328 |        328 |       0 |    0 |    599 |      0 |      0 |    0 |          0 |
|   feather_GENVAR_DPE_INST_COL_ITER[2].feather_GENVAR_DPE_INST_ROW_ITER[12].feather_PE_OTHER_ROWS  |        feather_pe__parameterized75 |        321 |        321 |       0 |    0 |    599 |      0 |      0 |    0 |          0 |
|   feather_GENVAR_DPE_INST_COL_ITER[2].feather_GENVAR_DPE_INST_ROW_ITER[13].feather_PE_OTHER_ROWS  |        feather_pe__parameterized76 |        329 |        329 |       0 |    0 |    599 |      0 |      0 |    0 |          0 |
|   feather_GENVAR_DPE_INST_COL_ITER[2].feather_GENVAR_DPE_INST_ROW_ITER[14].feather_PE_OTHER_ROWS  |        feather_pe__parameterized77 |        321 |        321 |       0 |    0 |    599 |      0 |      0 |    0 |          0 |
|   feather_GENVAR_DPE_INST_COL_ITER[2].feather_GENVAR_DPE_INST_ROW_ITER[15].feather_PE_OTHER_ROWS  |        feather_pe__parameterized78 |        321 |        321 |       0 |    0 |    599 |      0 |      0 |    0 |          0 |
|   feather_GENVAR_DPE_INST_COL_ITER[2].feather_GENVAR_DPE_INST_ROW_ITER[16].feather_PE_OTHER_ROWS  |        feather_pe__parameterized79 |        322 |        322 |       0 |    0 |    599 |      0 |      0 |    0 |          0 |
|   feather_GENVAR_DPE_INST_COL_ITER[2].feather_GENVAR_DPE_INST_ROW_ITER[17].feather_PE_OTHER_ROWS  |        feather_pe__parameterized80 |        329 |        329 |       0 |    0 |    599 |      0 |      0 |    0 |          0 |
|   feather_GENVAR_DPE_INST_COL_ITER[2].feather_GENVAR_DPE_INST_ROW_ITER[18].feather_PE_OTHER_ROWS  |        feather_pe__parameterized81 |        321 |        321 |       0 |    0 |    599 |      0 |      0 |    0 |          0 |
|   feather_GENVAR_DPE_INST_COL_ITER[2].feather_GENVAR_DPE_INST_ROW_ITER[19].feather_PE_OTHER_ROWS  |        feather_pe__parameterized82 |        331 |        331 |       0 |    0 |    599 |      0 |      0 |    0 |          0 |
|   feather_GENVAR_DPE_INST_COL_ITER[2].feather_GENVAR_DPE_INST_ROW_ITER[1].feather_PE_OTHER_ROWS   |        feather_pe__parameterized64 |        326 |        326 |       0 |    0 |    587 |      0 |      0 |    0 |          0 |
|   feather_GENVAR_DPE_INST_COL_ITER[2].feather_GENVAR_DPE_INST_ROW_ITER[20].feather_PE_OTHER_ROWS  |        feather_pe__parameterized83 |        315 |        315 |       0 |    0 |    599 |      0 |      0 |    0 |          0 |
|   feather_GENVAR_DPE_INST_COL_ITER[2].feather_GENVAR_DPE_INST_ROW_ITER[21].feather_PE_OTHER_ROWS  |        feather_pe__parameterized84 |        315 |        315 |       0 |    0 |    599 |      0 |      0 |    0 |          0 |
|   feather_GENVAR_DPE_INST_COL_ITER[2].feather_GENVAR_DPE_INST_ROW_ITER[22].feather_PE_OTHER_ROWS  |        feather_pe__parameterized85 |        321 |        321 |       0 |    0 |    599 |      0 |      0 |    0 |          0 |
|   feather_GENVAR_DPE_INST_COL_ITER[2].feather_GENVAR_DPE_INST_ROW_ITER[23].feather_PE_OTHER_ROWS  |        feather_pe__parameterized86 |        321 |        321 |       0 |    0 |    599 |      0 |      0 |    0 |          0 |
|   feather_GENVAR_DPE_INST_COL_ITER[2].feather_GENVAR_DPE_INST_ROW_ITER[24].feather_PE_OTHER_ROWS  |        feather_pe__parameterized87 |        321 |        321 |       0 |    0 |    599 |      0 |      0 |    0 |          0 |
|   feather_GENVAR_DPE_INST_COL_ITER[2].feather_GENVAR_DPE_INST_ROW_ITER[25].feather_PE_OTHER_ROWS  |        feather_pe__parameterized88 |        321 |        321 |       0 |    0 |    599 |      0 |      0 |    0 |          0 |
|   feather_GENVAR_DPE_INST_COL_ITER[2].feather_GENVAR_DPE_INST_ROW_ITER[26].feather_PE_OTHER_ROWS  |        feather_pe__parameterized89 |        336 |        336 |       0 |    0 |    599 |      0 |      0 |    0 |          0 |
|   feather_GENVAR_DPE_INST_COL_ITER[2].feather_GENVAR_DPE_INST_ROW_ITER[27].feather_PE_OTHER_ROWS  |        feather_pe__parameterized90 |        329 |        329 |       0 |    0 |    599 |      0 |      0 |    0 |          0 |
|   feather_GENVAR_DPE_INST_COL_ITER[2].feather_GENVAR_DPE_INST_ROW_ITER[28].feather_PE_OTHER_ROWS  |        feather_pe__parameterized91 |        329 |        329 |       0 |    0 |    599 |      0 |      0 |    0 |          0 |
|   feather_GENVAR_DPE_INST_COL_ITER[2].feather_GENVAR_DPE_INST_ROW_ITER[29].feather_PE_OTHER_ROWS  |        feather_pe__parameterized92 |        320 |        320 |       0 |    0 |    599 |      0 |      0 |    0 |          0 |
|   feather_GENVAR_DPE_INST_COL_ITER[2].feather_GENVAR_DPE_INST_ROW_ITER[2].feather_PE_OTHER_ROWS   |        feather_pe__parameterized65 |        309 |        309 |       0 |    0 |    587 |      0 |      0 |    0 |          0 |
|   feather_GENVAR_DPE_INST_COL_ITER[2].feather_GENVAR_DPE_INST_ROW_ITER[30].feather_PE_OTHER_ROWS  |        feather_pe__parameterized93 |        329 |        329 |       0 |    0 |    599 |      0 |      0 |    0 |          0 |
|   feather_GENVAR_DPE_INST_COL_ITER[2].feather_GENVAR_DPE_INST_ROW_ITER[31].feather_PE_OTHER_ROWS  |        feather_pe__parameterized94 |        307 |        307 |       0 |    0 |    569 |      0 |      0 |    0 |          0 |
|   feather_GENVAR_DPE_INST_COL_ITER[2].feather_GENVAR_DPE_INST_ROW_ITER[3].feather_PE_OTHER_ROWS   |        feather_pe__parameterized66 |        309 |        309 |       0 |    0 |    587 |      0 |      0 |    0 |          0 |
|   feather_GENVAR_DPE_INST_COL_ITER[2].feather_GENVAR_DPE_INST_ROW_ITER[4].feather_PE_OTHER_ROWS   |        feather_pe__parameterized67 |        323 |        323 |       0 |    0 |    597 |      0 |      0 |    0 |          0 |
|   feather_GENVAR_DPE_INST_COL_ITER[2].feather_GENVAR_DPE_INST_ROW_ITER[5].feather_PE_OTHER_ROWS   |        feather_pe__parameterized68 |        322 |        322 |       0 |    0 |    597 |      0 |      0 |    0 |          0 |
|   feather_GENVAR_DPE_INST_COL_ITER[2].feather_GENVAR_DPE_INST_ROW_ITER[6].feather_PE_OTHER_ROWS   |        feather_pe__parameterized69 |        321 |        321 |       0 |    0 |    597 |      0 |      0 |    0 |          0 |
|   feather_GENVAR_DPE_INST_COL_ITER[2].feather_GENVAR_DPE_INST_ROW_ITER[7].feather_PE_OTHER_ROWS   |        feather_pe__parameterized70 |        323 |        323 |       0 |    0 |    599 |      0 |      0 |    0 |          0 |
|   feather_GENVAR_DPE_INST_COL_ITER[2].feather_GENVAR_DPE_INST_ROW_ITER[8].feather_PE_OTHER_ROWS   |        feather_pe__parameterized71 |        327 |        327 |       0 |    0 |    599 |      0 |      0 |    0 |          0 |
|   feather_GENVAR_DPE_INST_COL_ITER[2].feather_GENVAR_DPE_INST_ROW_ITER[9].feather_PE_OTHER_ROWS   |        feather_pe__parameterized72 |        320 |        320 |       0 |    0 |    599 |      0 |      0 |    0 |          0 |
|   feather_GENVAR_DPE_INST_COL_ITER[30].COL_WISE_O_DATA_BUS                                        |              o_bus_autopick_seq_24 |          0 |          0 |       0 |    0 |      9 |      0 |      0 |    0 |          0 |
|   feather_GENVAR_DPE_INST_COL_ITER[30].feather_GENVAR_DPE_INST_ROW_ITER[0].feather_PE_OTHER_ROWS  |       feather_pe__parameterized959 |        321 |        321 |       0 |    0 |    587 |      0 |      0 |    0 |          0 |
|   feather_GENVAR_DPE_INST_COL_ITER[30].feather_GENVAR_DPE_INST_ROW_ITER[10].feather_PE_OTHER_ROWS |       feather_pe__parameterized969 |        328 |        328 |       0 |    0 |    596 |      0 |      0 |    0 |          0 |
|   feather_GENVAR_DPE_INST_COL_ITER[30].feather_GENVAR_DPE_INST_ROW_ITER[11].feather_PE_OTHER_ROWS |       feather_pe__parameterized970 |        331 |        331 |       0 |    0 |    599 |      0 |      0 |    0 |          0 |
|   feather_GENVAR_DPE_INST_COL_ITER[30].feather_GENVAR_DPE_INST_ROW_ITER[12].feather_PE_OTHER_ROWS |       feather_pe__parameterized971 |        321 |        321 |       0 |    0 |    599 |      0 |      0 |    0 |          0 |
|   feather_GENVAR_DPE_INST_COL_ITER[30].feather_GENVAR_DPE_INST_ROW_ITER[13].feather_PE_OTHER_ROWS |       feather_pe__parameterized972 |        331 |        331 |       0 |    0 |    599 |      0 |      0 |    0 |          0 |
|   feather_GENVAR_DPE_INST_COL_ITER[30].feather_GENVAR_DPE_INST_ROW_ITER[14].feather_PE_OTHER_ROWS |       feather_pe__parameterized973 |        315 |        315 |       0 |    0 |    599 |      0 |      0 |    0 |          0 |
|   feather_GENVAR_DPE_INST_COL_ITER[30].feather_GENVAR_DPE_INST_ROW_ITER[15].feather_PE_OTHER_ROWS |       feather_pe__parameterized974 |        313 |        313 |       0 |    0 |    599 |      0 |      0 |    0 |          0 |
|   feather_GENVAR_DPE_INST_COL_ITER[30].feather_GENVAR_DPE_INST_ROW_ITER[16].feather_PE_OTHER_ROWS |       feather_pe__parameterized975 |        320 |        320 |       0 |    0 |    599 |      0 |      0 |    0 |          0 |
|   feather_GENVAR_DPE_INST_COL_ITER[30].feather_GENVAR_DPE_INST_ROW_ITER[17].feather_PE_OTHER_ROWS |       feather_pe__parameterized976 |        328 |        328 |       0 |    0 |    599 |      0 |      0 |    0 |          0 |
|   feather_GENVAR_DPE_INST_COL_ITER[30].feather_GENVAR_DPE_INST_ROW_ITER[18].feather_PE_OTHER_ROWS |       feather_pe__parameterized977 |        319 |        319 |       0 |    0 |    599 |      0 |      0 |    0 |          0 |
|   feather_GENVAR_DPE_INST_COL_ITER[30].feather_GENVAR_DPE_INST_ROW_ITER[19].feather_PE_OTHER_ROWS |       feather_pe__parameterized978 |        327 |        327 |       0 |    0 |    599 |      0 |      0 |    0 |          0 |
|   feather_GENVAR_DPE_INST_COL_ITER[30].feather_GENVAR_DPE_INST_ROW_ITER[1].feather_PE_OTHER_ROWS  |       feather_pe__parameterized960 |        335 |        335 |       0 |    0 |    587 |      0 |      0 |    0 |          0 |
|   feather_GENVAR_DPE_INST_COL_ITER[30].feather_GENVAR_DPE_INST_ROW_ITER[20].feather_PE_OTHER_ROWS |       feather_pe__parameterized979 |        319 |        319 |       0 |    0 |    599 |      0 |      0 |    0 |          0 |
|   feather_GENVAR_DPE_INST_COL_ITER[30].feather_GENVAR_DPE_INST_ROW_ITER[21].feather_PE_OTHER_ROWS |       feather_pe__parameterized980 |        319 |        319 |       0 |    0 |    599 |      0 |      0 |    0 |          0 |
|   feather_GENVAR_DPE_INST_COL_ITER[30].feather_GENVAR_DPE_INST_ROW_ITER[22].feather_PE_OTHER_ROWS |       feather_pe__parameterized981 |        329 |        329 |       0 |    0 |    599 |      0 |      0 |    0 |          0 |
|   feather_GENVAR_DPE_INST_COL_ITER[30].feather_GENVAR_DPE_INST_ROW_ITER[23].feather_PE_OTHER_ROWS |       feather_pe__parameterized982 |        313 |        313 |       0 |    0 |    599 |      0 |      0 |    0 |          0 |
|   feather_GENVAR_DPE_INST_COL_ITER[30].feather_GENVAR_DPE_INST_ROW_ITER[24].feather_PE_OTHER_ROWS |       feather_pe__parameterized983 |        322 |        322 |       0 |    0 |    599 |      0 |      0 |    0 |          0 |
|   feather_GENVAR_DPE_INST_COL_ITER[30].feather_GENVAR_DPE_INST_ROW_ITER[25].feather_PE_OTHER_ROWS |       feather_pe__parameterized984 |        321 |        321 |       0 |    0 |    599 |      0 |      0 |    0 |          0 |
|   feather_GENVAR_DPE_INST_COL_ITER[30].feather_GENVAR_DPE_INST_ROW_ITER[26].feather_PE_OTHER_ROWS |       feather_pe__parameterized985 |        336 |        336 |       0 |    0 |    599 |      0 |      0 |    0 |          0 |
|   feather_GENVAR_DPE_INST_COL_ITER[30].feather_GENVAR_DPE_INST_ROW_ITER[27].feather_PE_OTHER_ROWS |       feather_pe__parameterized986 |        329 |        329 |       0 |    0 |    599 |      0 |      0 |    0 |          0 |
|   feather_GENVAR_DPE_INST_COL_ITER[30].feather_GENVAR_DPE_INST_ROW_ITER[28].feather_PE_OTHER_ROWS |       feather_pe__parameterized987 |        327 |        327 |       0 |    0 |    599 |      0 |      0 |    0 |          0 |
|   feather_GENVAR_DPE_INST_COL_ITER[30].feather_GENVAR_DPE_INST_ROW_ITER[29].feather_PE_OTHER_ROWS |       feather_pe__parameterized988 |        318 |        318 |       0 |    0 |    599 |      0 |      0 |    0 |          0 |
|   feather_GENVAR_DPE_INST_COL_ITER[30].feather_GENVAR_DPE_INST_ROW_ITER[2].feather_PE_OTHER_ROWS  |       feather_pe__parameterized961 |        309 |        309 |       0 |    0 |    587 |      0 |      0 |    0 |          0 |
|   feather_GENVAR_DPE_INST_COL_ITER[30].feather_GENVAR_DPE_INST_ROW_ITER[30].feather_PE_OTHER_ROWS |       feather_pe__parameterized989 |        327 |        327 |       0 |    0 |    599 |      0 |      0 |    0 |          0 |
|   feather_GENVAR_DPE_INST_COL_ITER[30].feather_GENVAR_DPE_INST_ROW_ITER[31].feather_PE_OTHER_ROWS |       feather_pe__parameterized990 |        305 |        305 |       0 |    0 |    569 |      0 |      0 |    0 |          0 |
|   feather_GENVAR_DPE_INST_COL_ITER[30].feather_GENVAR_DPE_INST_ROW_ITER[3].feather_PE_OTHER_ROWS  |       feather_pe__parameterized962 |        309 |        309 |       0 |    0 |    586 |      0 |      0 |    0 |          0 |
|   feather_GENVAR_DPE_INST_COL_ITER[30].feather_GENVAR_DPE_INST_ROW_ITER[4].feather_PE_OTHER_ROWS  |       feather_pe__parameterized963 |        317 |        317 |       0 |    0 |    588 |      0 |      0 |    0 |          0 |
|   feather_GENVAR_DPE_INST_COL_ITER[30].feather_GENVAR_DPE_INST_ROW_ITER[5].feather_PE_OTHER_ROWS  |       feather_pe__parameterized964 |        309 |        309 |       0 |    0 |    586 |      0 |      0 |    0 |          0 |
|   feather_GENVAR_DPE_INST_COL_ITER[30].feather_GENVAR_DPE_INST_ROW_ITER[6].feather_PE_OTHER_ROWS  |       feather_pe__parameterized965 |        308 |        308 |       0 |    0 |    586 |      0 |      0 |    0 |          0 |
|   feather_GENVAR_DPE_INST_COL_ITER[30].feather_GENVAR_DPE_INST_ROW_ITER[7].feather_PE_OTHER_ROWS  |       feather_pe__parameterized966 |        309 |        309 |       0 |    0 |    587 |      0 |      0 |    0 |          0 |
|   feather_GENVAR_DPE_INST_COL_ITER[30].feather_GENVAR_DPE_INST_ROW_ITER[8].feather_PE_OTHER_ROWS  |       feather_pe__parameterized967 |        324 |        324 |       0 |    0 |    586 |      0 |      0 |    0 |          0 |
|   feather_GENVAR_DPE_INST_COL_ITER[30].feather_GENVAR_DPE_INST_ROW_ITER[9].feather_PE_OTHER_ROWS  |       feather_pe__parameterized968 |        320 |        320 |       0 |    0 |    597 |      0 |      0 |    0 |          0 |
|   feather_GENVAR_DPE_INST_COL_ITER[31].COL_WISE_O_DATA_BUS                                        |              o_bus_autopick_seq_25 |         16 |         16 |       0 |    0 |      9 |      0 |      0 |    0 |          0 |
|   feather_GENVAR_DPE_INST_COL_ITER[31].feather_GENVAR_DPE_INST_ROW_ITER[0].feather_PE_OTHER_ROWS  |       feather_pe__parameterized991 |        437 |        437 |       0 |    0 |    604 |      0 |      0 |    0 |          0 |
|   feather_GENVAR_DPE_INST_COL_ITER[31].feather_GENVAR_DPE_INST_ROW_ITER[10].feather_PE_OTHER_ROWS |      feather_pe__parameterized1001 |        328 |        328 |       0 |    0 |    599 |      0 |      0 |    0 |          0 |
|   feather_GENVAR_DPE_INST_COL_ITER[31].feather_GENVAR_DPE_INST_ROW_ITER[11].feather_PE_OTHER_ROWS |      feather_pe__parameterized1002 |        328 |        328 |       0 |    0 |    599 |      0 |      0 |    0 |          0 |
|   feather_GENVAR_DPE_INST_COL_ITER[31].feather_GENVAR_DPE_INST_ROW_ITER[12].feather_PE_OTHER_ROWS |      feather_pe__parameterized1003 |        319 |        319 |       0 |    0 |    599 |      0 |      0 |    0 |          0 |
|   feather_GENVAR_DPE_INST_COL_ITER[31].feather_GENVAR_DPE_INST_ROW_ITER[13].feather_PE_OTHER_ROWS |      feather_pe__parameterized1004 |        327 |        327 |       0 |    0 |    599 |      0 |      0 |    0 |          0 |
|   feather_GENVAR_DPE_INST_COL_ITER[31].feather_GENVAR_DPE_INST_ROW_ITER[14].feather_PE_OTHER_ROWS |      feather_pe__parameterized1005 |        323 |        323 |       0 |    0 |    599 |      0 |      0 |    0 |          0 |
|   feather_GENVAR_DPE_INST_COL_ITER[31].feather_GENVAR_DPE_INST_ROW_ITER[15].feather_PE_OTHER_ROWS |      feather_pe__parameterized1006 |        315 |        315 |       0 |    0 |    599 |      0 |      0 |    0 |          0 |
|   feather_GENVAR_DPE_INST_COL_ITER[31].feather_GENVAR_DPE_INST_ROW_ITER[16].feather_PE_OTHER_ROWS |      feather_pe__parameterized1007 |        316 |        316 |       0 |    0 |    599 |      0 |      0 |    0 |          0 |
|   feather_GENVAR_DPE_INST_COL_ITER[31].feather_GENVAR_DPE_INST_ROW_ITER[17].feather_PE_OTHER_ROWS |      feather_pe__parameterized1008 |        323 |        323 |       0 |    0 |    599 |      0 |      0 |    0 |          0 |
|   feather_GENVAR_DPE_INST_COL_ITER[31].feather_GENVAR_DPE_INST_ROW_ITER[18].feather_PE_OTHER_ROWS |      feather_pe__parameterized1009 |        315 |        315 |       0 |    0 |    599 |      0 |      0 |    0 |          0 |
|   feather_GENVAR_DPE_INST_COL_ITER[31].feather_GENVAR_DPE_INST_ROW_ITER[19].feather_PE_OTHER_ROWS |      feather_pe__parameterized1010 |        321 |        321 |       0 |    0 |    599 |      0 |      0 |    0 |          0 |
|   feather_GENVAR_DPE_INST_COL_ITER[31].feather_GENVAR_DPE_INST_ROW_ITER[1].feather_PE_OTHER_ROWS  |       feather_pe__parameterized992 |        368 |        368 |       0 |    0 |    592 |      0 |      0 |    0 |          0 |
|   feather_GENVAR_DPE_INST_COL_ITER[31].feather_GENVAR_DPE_INST_ROW_ITER[20].feather_PE_OTHER_ROWS |      feather_pe__parameterized1011 |        321 |        321 |       0 |    0 |    599 |      0 |      0 |    0 |          0 |
|   feather_GENVAR_DPE_INST_COL_ITER[31].feather_GENVAR_DPE_INST_ROW_ITER[21].feather_PE_OTHER_ROWS |      feather_pe__parameterized1012 |        321 |        321 |       0 |    0 |    599 |      0 |      0 |    0 |          0 |
|   feather_GENVAR_DPE_INST_COL_ITER[31].feather_GENVAR_DPE_INST_ROW_ITER[22].feather_PE_OTHER_ROWS |      feather_pe__parameterized1013 |        329 |        329 |       0 |    0 |    599 |      0 |      0 |    0 |          0 |
|   feather_GENVAR_DPE_INST_COL_ITER[31].feather_GENVAR_DPE_INST_ROW_ITER[23].feather_PE_OTHER_ROWS |      feather_pe__parameterized1014 |        321 |        321 |       0 |    0 |    599 |      0 |      0 |    0 |          0 |
|   feather_GENVAR_DPE_INST_COL_ITER[31].feather_GENVAR_DPE_INST_ROW_ITER[24].feather_PE_OTHER_ROWS |      feather_pe__parameterized1015 |        321 |        321 |       0 |    0 |    599 |      0 |      0 |    0 |          0 |
|   feather_GENVAR_DPE_INST_COL_ITER[31].feather_GENVAR_DPE_INST_ROW_ITER[25].feather_PE_OTHER_ROWS |      feather_pe__parameterized1016 |        321 |        321 |       0 |    0 |    599 |      0 |      0 |    0 |          0 |
|   feather_GENVAR_DPE_INST_COL_ITER[31].feather_GENVAR_DPE_INST_ROW_ITER[26].feather_PE_OTHER_ROWS |      feather_pe__parameterized1017 |        336 |        336 |       0 |    0 |    599 |      0 |      0 |    0 |          0 |
|   feather_GENVAR_DPE_INST_COL_ITER[31].feather_GENVAR_DPE_INST_ROW_ITER[27].feather_PE_OTHER_ROWS |      feather_pe__parameterized1018 |        327 |        327 |       0 |    0 |    599 |      0 |      0 |    0 |          0 |
|   feather_GENVAR_DPE_INST_COL_ITER[31].feather_GENVAR_DPE_INST_ROW_ITER[28].feather_PE_OTHER_ROWS |      feather_pe__parameterized1019 |        327 |        327 |       0 |    0 |    599 |      0 |      0 |    0 |          0 |
|   feather_GENVAR_DPE_INST_COL_ITER[31].feather_GENVAR_DPE_INST_ROW_ITER[29].feather_PE_OTHER_ROWS |      feather_pe__parameterized1020 |        318 |        318 |       0 |    0 |    599 |      0 |      0 |    0 |          0 |
|   feather_GENVAR_DPE_INST_COL_ITER[31].feather_GENVAR_DPE_INST_ROW_ITER[2].feather_PE_OTHER_ROWS  |       feather_pe__parameterized993 |        317 |        317 |       0 |    0 |    587 |      0 |      0 |    0 |          0 |
|   feather_GENVAR_DPE_INST_COL_ITER[31].feather_GENVAR_DPE_INST_ROW_ITER[30].feather_PE_OTHER_ROWS |      feather_pe__parameterized1021 |        327 |        327 |       0 |    0 |    599 |      0 |      0 |    0 |          0 |
|   feather_GENVAR_DPE_INST_COL_ITER[31].feather_GENVAR_DPE_INST_ROW_ITER[31].feather_PE_OTHER_ROWS |      feather_pe__parameterized1022 |        305 |        305 |       0 |    0 |    569 |      0 |      0 |    0 |          0 |
|   feather_GENVAR_DPE_INST_COL_ITER[31].feather_GENVAR_DPE_INST_ROW_ITER[3].feather_PE_OTHER_ROWS  |       feather_pe__parameterized994 |        317 |        317 |       0 |    0 |    587 |      0 |      0 |    0 |          0 |
|   feather_GENVAR_DPE_INST_COL_ITER[31].feather_GENVAR_DPE_INST_ROW_ITER[4].feather_PE_OTHER_ROWS  |       feather_pe__parameterized995 |        328 |        328 |       0 |    0 |    597 |      0 |      0 |    0 |          0 |
|   feather_GENVAR_DPE_INST_COL_ITER[31].feather_GENVAR_DPE_INST_ROW_ITER[5].feather_PE_OTHER_ROWS  |       feather_pe__parameterized996 |        321 |        321 |       0 |    0 |    597 |      0 |      0 |    0 |          0 |
|   feather_GENVAR_DPE_INST_COL_ITER[31].feather_GENVAR_DPE_INST_ROW_ITER[6].feather_PE_OTHER_ROWS  |       feather_pe__parameterized997 |        320 |        320 |       0 |    0 |    597 |      0 |      0 |    0 |          0 |
|   feather_GENVAR_DPE_INST_COL_ITER[31].feather_GENVAR_DPE_INST_ROW_ITER[7].feather_PE_OTHER_ROWS  |       feather_pe__parameterized998 |        321 |        321 |       0 |    0 |    599 |      0 |      0 |    0 |          0 |
|   feather_GENVAR_DPE_INST_COL_ITER[31].feather_GENVAR_DPE_INST_ROW_ITER[8].feather_PE_OTHER_ROWS  |       feather_pe__parameterized999 |        326 |        326 |       0 |    0 |    599 |      0 |      0 |    0 |          0 |
|   feather_GENVAR_DPE_INST_COL_ITER[31].feather_GENVAR_DPE_INST_ROW_ITER[9].feather_PE_OTHER_ROWS  |      feather_pe__parameterized1000 |        319 |        319 |       0 |    0 |    599 |      0 |      0 |    0 |          0 |
|   feather_GENVAR_DPE_INST_COL_ITER[3].COL_WISE_O_DATA_BUS                                         |              o_bus_autopick_seq_26 |         16 |         16 |       0 |    0 |      9 |      0 |      0 |    0 |          0 |
|   feather_GENVAR_DPE_INST_COL_ITER[3].feather_GENVAR_DPE_INST_ROW_ITER[0].feather_PE_OTHER_ROWS   |        feather_pe__parameterized95 |        320 |        320 |       0 |    0 |    587 |      0 |      0 |    0 |          0 |
|   feather_GENVAR_DPE_INST_COL_ITER[3].feather_GENVAR_DPE_INST_ROW_ITER[10].feather_PE_OTHER_ROWS  |       feather_pe__parameterized105 |        324 |        324 |       0 |    0 |    599 |      0 |      0 |    0 |          0 |
|   feather_GENVAR_DPE_INST_COL_ITER[3].feather_GENVAR_DPE_INST_ROW_ITER[11].feather_PE_OTHER_ROWS  |       feather_pe__parameterized106 |        324 |        324 |       0 |    0 |    599 |      0 |      0 |    0 |          0 |
|   feather_GENVAR_DPE_INST_COL_ITER[3].feather_GENVAR_DPE_INST_ROW_ITER[12].feather_PE_OTHER_ROWS  |       feather_pe__parameterized107 |        315 |        315 |       0 |    0 |    599 |      0 |      0 |    0 |          0 |
|   feather_GENVAR_DPE_INST_COL_ITER[3].feather_GENVAR_DPE_INST_ROW_ITER[13].feather_PE_OTHER_ROWS  |       feather_pe__parameterized108 |        323 |        323 |       0 |    0 |    599 |      0 |      0 |    0 |          0 |
|   feather_GENVAR_DPE_INST_COL_ITER[3].feather_GENVAR_DPE_INST_ROW_ITER[14].feather_PE_OTHER_ROWS  |       feather_pe__parameterized109 |        313 |        313 |       0 |    0 |    599 |      0 |      0 |    0 |          0 |
|   feather_GENVAR_DPE_INST_COL_ITER[3].feather_GENVAR_DPE_INST_ROW_ITER[15].feather_PE_OTHER_ROWS  |       feather_pe__parameterized110 |        321 |        321 |       0 |    0 |    599 |      0 |      0 |    0 |          0 |
|   feather_GENVAR_DPE_INST_COL_ITER[3].feather_GENVAR_DPE_INST_ROW_ITER[16].feather_PE_OTHER_ROWS  |       feather_pe__parameterized111 |        322 |        322 |       0 |    0 |    599 |      0 |      0 |    0 |          0 |
|   feather_GENVAR_DPE_INST_COL_ITER[3].feather_GENVAR_DPE_INST_ROW_ITER[17].feather_PE_OTHER_ROWS  |       feather_pe__parameterized112 |        329 |        329 |       0 |    0 |    599 |      0 |      0 |    0 |          0 |
|   feather_GENVAR_DPE_INST_COL_ITER[3].feather_GENVAR_DPE_INST_ROW_ITER[18].feather_PE_OTHER_ROWS  |       feather_pe__parameterized113 |        321 |        321 |       0 |    0 |    599 |      0 |      0 |    0 |          0 |
|   feather_GENVAR_DPE_INST_COL_ITER[3].feather_GENVAR_DPE_INST_ROW_ITER[19].feather_PE_OTHER_ROWS  |       feather_pe__parameterized114 |        329 |        329 |       0 |    0 |    599 |      0 |      0 |    0 |          0 |
|   feather_GENVAR_DPE_INST_COL_ITER[3].feather_GENVAR_DPE_INST_ROW_ITER[1].feather_PE_OTHER_ROWS   |        feather_pe__parameterized96 |        337 |        337 |       0 |    0 |    587 |      0 |      0 |    0 |          0 |
|   feather_GENVAR_DPE_INST_COL_ITER[3].feather_GENVAR_DPE_INST_ROW_ITER[20].feather_PE_OTHER_ROWS  |       feather_pe__parameterized115 |        321 |        321 |       0 |    0 |    599 |      0 |      0 |    0 |          0 |
|   feather_GENVAR_DPE_INST_COL_ITER[3].feather_GENVAR_DPE_INST_ROW_ITER[21].feather_PE_OTHER_ROWS  |       feather_pe__parameterized116 |        321 |        321 |       0 |    0 |    599 |      0 |      0 |    0 |          0 |
|   feather_GENVAR_DPE_INST_COL_ITER[3].feather_GENVAR_DPE_INST_ROW_ITER[22].feather_PE_OTHER_ROWS  |       feather_pe__parameterized117 |        329 |        329 |       0 |    0 |    599 |      0 |      0 |    0 |          0 |
|   feather_GENVAR_DPE_INST_COL_ITER[3].feather_GENVAR_DPE_INST_ROW_ITER[23].feather_PE_OTHER_ROWS  |       feather_pe__parameterized118 |        321 |        321 |       0 |    0 |    599 |      0 |      0 |    0 |          0 |
|   feather_GENVAR_DPE_INST_COL_ITER[3].feather_GENVAR_DPE_INST_ROW_ITER[24].feather_PE_OTHER_ROWS  |       feather_pe__parameterized119 |        321 |        321 |       0 |    0 |    599 |      0 |      0 |    0 |          0 |
|   feather_GENVAR_DPE_INST_COL_ITER[3].feather_GENVAR_DPE_INST_ROW_ITER[25].feather_PE_OTHER_ROWS  |       feather_pe__parameterized120 |        321 |        321 |       0 |    0 |    599 |      0 |      0 |    0 |          0 |
|   feather_GENVAR_DPE_INST_COL_ITER[3].feather_GENVAR_DPE_INST_ROW_ITER[26].feather_PE_OTHER_ROWS  |       feather_pe__parameterized121 |        336 |        336 |       0 |    0 |    599 |      0 |      0 |    0 |          0 |
|   feather_GENVAR_DPE_INST_COL_ITER[3].feather_GENVAR_DPE_INST_ROW_ITER[27].feather_PE_OTHER_ROWS  |       feather_pe__parameterized122 |        329 |        329 |       0 |    0 |    599 |      0 |      0 |    0 |          0 |
|   feather_GENVAR_DPE_INST_COL_ITER[3].feather_GENVAR_DPE_INST_ROW_ITER[28].feather_PE_OTHER_ROWS  |       feather_pe__parameterized123 |        329 |        329 |       0 |    0 |    599 |      0 |      0 |    0 |          0 |
|   feather_GENVAR_DPE_INST_COL_ITER[3].feather_GENVAR_DPE_INST_ROW_ITER[29].feather_PE_OTHER_ROWS  |       feather_pe__parameterized124 |        320 |        320 |       0 |    0 |    599 |      0 |      0 |    0 |          0 |
|   feather_GENVAR_DPE_INST_COL_ITER[3].feather_GENVAR_DPE_INST_ROW_ITER[2].feather_PE_OTHER_ROWS   |        feather_pe__parameterized97 |        320 |        320 |       0 |    0 |    587 |      0 |      0 |    0 |          0 |
|   feather_GENVAR_DPE_INST_COL_ITER[3].feather_GENVAR_DPE_INST_ROW_ITER[30].feather_PE_OTHER_ROWS  |       feather_pe__parameterized125 |        329 |        329 |       0 |    0 |    599 |      0 |      0 |    0 |          0 |
|   feather_GENVAR_DPE_INST_COL_ITER[3].feather_GENVAR_DPE_INST_ROW_ITER[31].feather_PE_OTHER_ROWS  |       feather_pe__parameterized126 |        307 |        307 |       0 |    0 |    569 |      0 |      0 |    0 |          0 |
|   feather_GENVAR_DPE_INST_COL_ITER[3].feather_GENVAR_DPE_INST_ROW_ITER[3].feather_PE_OTHER_ROWS   |        feather_pe__parameterized98 |        333 |        333 |       0 |    0 |    597 |      0 |      0 |    0 |          0 |
|   feather_GENVAR_DPE_INST_COL_ITER[3].feather_GENVAR_DPE_INST_ROW_ITER[4].feather_PE_OTHER_ROWS   |        feather_pe__parameterized99 |        325 |        325 |       0 |    0 |    587 |      0 |      0 |    0 |          0 |
|   feather_GENVAR_DPE_INST_COL_ITER[3].feather_GENVAR_DPE_INST_ROW_ITER[5].feather_PE_OTHER_ROWS   |       feather_pe__parameterized100 |        314 |        314 |       0 |    0 |    589 |      0 |      0 |    0 |          0 |
|   feather_GENVAR_DPE_INST_COL_ITER[3].feather_GENVAR_DPE_INST_ROW_ITER[6].feather_PE_OTHER_ROWS   |       feather_pe__parameterized101 |        313 |        313 |       0 |    0 |    589 |      0 |      0 |    0 |          0 |
|   feather_GENVAR_DPE_INST_COL_ITER[3].feather_GENVAR_DPE_INST_ROW_ITER[7].feather_PE_OTHER_ROWS   |       feather_pe__parameterized102 |        309 |        309 |       0 |    0 |    587 |      0 |      0 |    0 |          0 |
|   feather_GENVAR_DPE_INST_COL_ITER[3].feather_GENVAR_DPE_INST_ROW_ITER[8].feather_PE_OTHER_ROWS   |       feather_pe__parameterized103 |        321 |        321 |       0 |    0 |    597 |      0 |      0 |    0 |          0 |
|   feather_GENVAR_DPE_INST_COL_ITER[3].feather_GENVAR_DPE_INST_ROW_ITER[9].feather_PE_OTHER_ROWS   |       feather_pe__parameterized104 |        314 |        314 |       0 |    0 |    597 |      0 |      0 |    0 |          0 |
|   feather_GENVAR_DPE_INST_COL_ITER[4].COL_WISE_O_DATA_BUS                                         |              o_bus_autopick_seq_27 |          0 |          0 |       0 |    0 |      9 |      0 |      0 |    0 |          0 |
|   feather_GENVAR_DPE_INST_COL_ITER[4].feather_GENVAR_DPE_INST_ROW_ITER[0].feather_PE_OTHER_ROWS   |       feather_pe__parameterized127 |        318 |        318 |       0 |    0 |    585 |      0 |      0 |    0 |          0 |
|   feather_GENVAR_DPE_INST_COL_ITER[4].feather_GENVAR_DPE_INST_ROW_ITER[10].feather_PE_OTHER_ROWS  |       feather_pe__parameterized137 |        325 |        325 |       0 |    0 |    600 |      0 |      0 |    0 |          0 |
|   feather_GENVAR_DPE_INST_COL_ITER[4].feather_GENVAR_DPE_INST_ROW_ITER[11].feather_PE_OTHER_ROWS  |       feather_pe__parameterized138 |        324 |        324 |       0 |    0 |    599 |      0 |      0 |    0 |          0 |
|   feather_GENVAR_DPE_INST_COL_ITER[4].feather_GENVAR_DPE_INST_ROW_ITER[12].feather_PE_OTHER_ROWS  |       feather_pe__parameterized139 |        315 |        315 |       0 |    0 |    599 |      0 |      0 |    0 |          0 |
|   feather_GENVAR_DPE_INST_COL_ITER[4].feather_GENVAR_DPE_INST_ROW_ITER[13].feather_PE_OTHER_ROWS  |       feather_pe__parameterized140 |        323 |        323 |       0 |    0 |    599 |      0 |      0 |    0 |          0 |
|   feather_GENVAR_DPE_INST_COL_ITER[4].feather_GENVAR_DPE_INST_ROW_ITER[14].feather_PE_OTHER_ROWS  |       feather_pe__parameterized141 |        315 |        315 |       0 |    0 |    599 |      0 |      0 |    0 |          0 |
|   feather_GENVAR_DPE_INST_COL_ITER[4].feather_GENVAR_DPE_INST_ROW_ITER[15].feather_PE_OTHER_ROWS  |       feather_pe__parameterized142 |        315 |        315 |       0 |    0 |    599 |      0 |      0 |    0 |          0 |
|   feather_GENVAR_DPE_INST_COL_ITER[4].feather_GENVAR_DPE_INST_ROW_ITER[16].feather_PE_OTHER_ROWS  |       feather_pe__parameterized143 |        316 |        316 |       0 |    0 |    599 |      0 |      0 |    0 |          0 |
|   feather_GENVAR_DPE_INST_COL_ITER[4].feather_GENVAR_DPE_INST_ROW_ITER[17].feather_PE_OTHER_ROWS  |       feather_pe__parameterized144 |        323 |        323 |       0 |    0 |    599 |      0 |      0 |    0 |          0 |
|   feather_GENVAR_DPE_INST_COL_ITER[4].feather_GENVAR_DPE_INST_ROW_ITER[18].feather_PE_OTHER_ROWS  |       feather_pe__parameterized145 |        313 |        313 |       0 |    0 |    599 |      0 |      0 |    0 |          0 |
|   feather_GENVAR_DPE_INST_COL_ITER[4].feather_GENVAR_DPE_INST_ROW_ITER[19].feather_PE_OTHER_ROWS  |       feather_pe__parameterized146 |        329 |        329 |       0 |    0 |    599 |      0 |      0 |    0 |          0 |
|   feather_GENVAR_DPE_INST_COL_ITER[4].feather_GENVAR_DPE_INST_ROW_ITER[1].feather_PE_OTHER_ROWS   |       feather_pe__parameterized128 |        333 |        333 |       0 |    0 |    585 |      0 |      0 |    0 |          0 |
|   feather_GENVAR_DPE_INST_COL_ITER[4].feather_GENVAR_DPE_INST_ROW_ITER[20].feather_PE_OTHER_ROWS  |       feather_pe__parameterized147 |        321 |        321 |       0 |    0 |    599 |      0 |      0 |    0 |          0 |
|   feather_GENVAR_DPE_INST_COL_ITER[4].feather_GENVAR_DPE_INST_ROW_ITER[21].feather_PE_OTHER_ROWS  |       feather_pe__parameterized148 |        321 |        321 |       0 |    0 |    599 |      0 |      0 |    0 |          0 |
|   feather_GENVAR_DPE_INST_COL_ITER[4].feather_GENVAR_DPE_INST_ROW_ITER[22].feather_PE_OTHER_ROWS  |       feather_pe__parameterized149 |        329 |        329 |       0 |    0 |    599 |      0 |      0 |    0 |          0 |
|   feather_GENVAR_DPE_INST_COL_ITER[4].feather_GENVAR_DPE_INST_ROW_ITER[23].feather_PE_OTHER_ROWS  |       feather_pe__parameterized150 |        321 |        321 |       0 |    0 |    603 |      0 |      0 |    0 |          0 |
|   feather_GENVAR_DPE_INST_COL_ITER[4].feather_GENVAR_DPE_INST_ROW_ITER[24].feather_PE_OTHER_ROWS  |       feather_pe__parameterized151 |        321 |        321 |       0 |    0 |    604 |      0 |      0 |    0 |          0 |
|   feather_GENVAR_DPE_INST_COL_ITER[4].feather_GENVAR_DPE_INST_ROW_ITER[25].feather_PE_OTHER_ROWS  |       feather_pe__parameterized152 |        321 |        321 |       0 |    0 |    604 |      0 |      0 |    0 |          0 |
|   feather_GENVAR_DPE_INST_COL_ITER[4].feather_GENVAR_DPE_INST_ROW_ITER[26].feather_PE_OTHER_ROWS  |       feather_pe__parameterized153 |        335 |        335 |       0 |    0 |    601 |      0 |      0 |    0 |          0 |
|   feather_GENVAR_DPE_INST_COL_ITER[4].feather_GENVAR_DPE_INST_ROW_ITER[27].feather_PE_OTHER_ROWS  |       feather_pe__parameterized154 |        328 |        328 |       0 |    0 |    599 |      0 |      0 |    0 |          0 |
|   feather_GENVAR_DPE_INST_COL_ITER[4].feather_GENVAR_DPE_INST_ROW_ITER[28].feather_PE_OTHER_ROWS  |       feather_pe__parameterized155 |        327 |        327 |       0 |    0 |    599 |      0 |      0 |    0 |          0 |
|   feather_GENVAR_DPE_INST_COL_ITER[4].feather_GENVAR_DPE_INST_ROW_ITER[29].feather_PE_OTHER_ROWS  |       feather_pe__parameterized156 |        318 |        318 |       0 |    0 |    599 |      0 |      0 |    0 |          0 |
|   feather_GENVAR_DPE_INST_COL_ITER[4].feather_GENVAR_DPE_INST_ROW_ITER[2].feather_PE_OTHER_ROWS   |       feather_pe__parameterized129 |        316 |        316 |       0 |    0 |    585 |      0 |      0 |    0 |          0 |
|   feather_GENVAR_DPE_INST_COL_ITER[4].feather_GENVAR_DPE_INST_ROW_ITER[30].feather_PE_OTHER_ROWS  |       feather_pe__parameterized157 |        327 |        327 |       0 |    0 |    599 |      0 |      0 |    0 |          0 |
|   feather_GENVAR_DPE_INST_COL_ITER[4].feather_GENVAR_DPE_INST_ROW_ITER[31].feather_PE_OTHER_ROWS  |       feather_pe__parameterized158 |        305 |        305 |       0 |    0 |    569 |      0 |      0 |    0 |          0 |
|   feather_GENVAR_DPE_INST_COL_ITER[4].feather_GENVAR_DPE_INST_ROW_ITER[3].feather_PE_OTHER_ROWS   |       feather_pe__parameterized130 |        329 |        329 |       0 |    0 |    596 |      0 |      0 |    0 |          0 |
|   feather_GENVAR_DPE_INST_COL_ITER[4].feather_GENVAR_DPE_INST_ROW_ITER[4].feather_PE_OTHER_ROWS   |       feather_pe__parameterized131 |        324 |        324 |       0 |    0 |    585 |      0 |      0 |    0 |          0 |
|   feather_GENVAR_DPE_INST_COL_ITER[4].feather_GENVAR_DPE_INST_ROW_ITER[5].feather_PE_OTHER_ROWS   |       feather_pe__parameterized132 |        322 |        322 |       0 |    0 |    588 |      0 |      0 |    0 |          0 |
|   feather_GENVAR_DPE_INST_COL_ITER[4].feather_GENVAR_DPE_INST_ROW_ITER[6].feather_PE_OTHER_ROWS   |       feather_pe__parameterized133 |        319 |        319 |       0 |    0 |    588 |      0 |      0 |    0 |          0 |
|   feather_GENVAR_DPE_INST_COL_ITER[4].feather_GENVAR_DPE_INST_ROW_ITER[7].feather_PE_OTHER_ROWS   |       feather_pe__parameterized134 |        314 |        314 |       0 |    0 |    585 |      0 |      0 |    0 |          0 |
|   feather_GENVAR_DPE_INST_COL_ITER[4].feather_GENVAR_DPE_INST_ROW_ITER[8].feather_PE_OTHER_ROWS   |       feather_pe__parameterized135 |        327 |        327 |       0 |    0 |    596 |      0 |      0 |    0 |          0 |
|   feather_GENVAR_DPE_INST_COL_ITER[4].feather_GENVAR_DPE_INST_ROW_ITER[9].feather_PE_OTHER_ROWS   |       feather_pe__parameterized136 |        319 |        319 |       0 |    0 |    596 |      0 |      0 |    0 |          0 |
|   feather_GENVAR_DPE_INST_COL_ITER[5].COL_WISE_O_DATA_BUS                                         |              o_bus_autopick_seq_28 |         16 |         16 |       0 |    0 |      9 |      0 |      0 |    0 |          0 |
|   feather_GENVAR_DPE_INST_COL_ITER[5].feather_GENVAR_DPE_INST_ROW_ITER[0].feather_PE_OTHER_ROWS   |       feather_pe__parameterized159 |        319 |        319 |       0 |    0 |    587 |      0 |      0 |    0 |          0 |
|   feather_GENVAR_DPE_INST_COL_ITER[5].feather_GENVAR_DPE_INST_ROW_ITER[10].feather_PE_OTHER_ROWS  |       feather_pe__parameterized169 |        322 |        322 |       0 |    0 |    599 |      0 |      0 |    0 |          0 |
|   feather_GENVAR_DPE_INST_COL_ITER[5].feather_GENVAR_DPE_INST_ROW_ITER[11].feather_PE_OTHER_ROWS  |       feather_pe__parameterized170 |        328 |        328 |       0 |    0 |    599 |      0 |      0 |    0 |          0 |
|   feather_GENVAR_DPE_INST_COL_ITER[5].feather_GENVAR_DPE_INST_ROW_ITER[12].feather_PE_OTHER_ROWS  |       feather_pe__parameterized171 |        319 |        319 |       0 |    0 |    599 |      0 |      0 |    0 |          0 |
|   feather_GENVAR_DPE_INST_COL_ITER[5].feather_GENVAR_DPE_INST_ROW_ITER[13].feather_PE_OTHER_ROWS  |       feather_pe__parameterized172 |        327 |        327 |       0 |    0 |    599 |      0 |      0 |    0 |          0 |
|   feather_GENVAR_DPE_INST_COL_ITER[5].feather_GENVAR_DPE_INST_ROW_ITER[14].feather_PE_OTHER_ROWS  |       feather_pe__parameterized173 |        319 |        319 |       0 |    0 |    599 |      0 |      0 |    0 |          0 |
|   feather_GENVAR_DPE_INST_COL_ITER[5].feather_GENVAR_DPE_INST_ROW_ITER[15].feather_PE_OTHER_ROWS  |       feather_pe__parameterized174 |        319 |        319 |       0 |    0 |    599 |      0 |      0 |    0 |          0 |
|   feather_GENVAR_DPE_INST_COL_ITER[5].feather_GENVAR_DPE_INST_ROW_ITER[16].feather_PE_OTHER_ROWS  |       feather_pe__parameterized175 |        320 |        320 |       0 |    0 |    599 |      0 |      0 |    0 |          0 |
|   feather_GENVAR_DPE_INST_COL_ITER[5].feather_GENVAR_DPE_INST_ROW_ITER[17].feather_PE_OTHER_ROWS  |       feather_pe__parameterized176 |        327 |        327 |       0 |    0 |    599 |      0 |      0 |    0 |          0 |
|   feather_GENVAR_DPE_INST_COL_ITER[5].feather_GENVAR_DPE_INST_ROW_ITER[18].feather_PE_OTHER_ROWS  |       feather_pe__parameterized177 |        321 |        321 |       0 |    0 |    599 |      0 |      0 |    0 |          0 |
|   feather_GENVAR_DPE_INST_COL_ITER[5].feather_GENVAR_DPE_INST_ROW_ITER[19].feather_PE_OTHER_ROWS  |       feather_pe__parameterized178 |        329 |        329 |       0 |    0 |    599 |      0 |      0 |    0 |          0 |
|   feather_GENVAR_DPE_INST_COL_ITER[5].feather_GENVAR_DPE_INST_ROW_ITER[1].feather_PE_OTHER_ROWS   |       feather_pe__parameterized160 |        334 |        334 |       0 |    0 |    587 |      0 |      0 |    0 |          0 |
|   feather_GENVAR_DPE_INST_COL_ITER[5].feather_GENVAR_DPE_INST_ROW_ITER[20].feather_PE_OTHER_ROWS  |       feather_pe__parameterized179 |        321 |        321 |       0 |    0 |    599 |      0 |      0 |    0 |          0 |
|   feather_GENVAR_DPE_INST_COL_ITER[5].feather_GENVAR_DPE_INST_ROW_ITER[21].feather_PE_OTHER_ROWS  |       feather_pe__parameterized180 |        321 |        321 |       0 |    0 |    599 |      0 |      0 |    0 |          0 |
|   feather_GENVAR_DPE_INST_COL_ITER[5].feather_GENVAR_DPE_INST_ROW_ITER[22].feather_PE_OTHER_ROWS  |       feather_pe__parameterized181 |        329 |        329 |       0 |    0 |    599 |      0 |      0 |    0 |          0 |
|   feather_GENVAR_DPE_INST_COL_ITER[5].feather_GENVAR_DPE_INST_ROW_ITER[23].feather_PE_OTHER_ROWS  |       feather_pe__parameterized182 |        321 |        321 |       0 |    0 |    599 |      0 |      0 |    0 |          0 |
|   feather_GENVAR_DPE_INST_COL_ITER[5].feather_GENVAR_DPE_INST_ROW_ITER[24].feather_PE_OTHER_ROWS  |       feather_pe__parameterized183 |        321 |        321 |       0 |    0 |    599 |      0 |      0 |    0 |          0 |
|   feather_GENVAR_DPE_INST_COL_ITER[5].feather_GENVAR_DPE_INST_ROW_ITER[25].feather_PE_OTHER_ROWS  |       feather_pe__parameterized184 |        323 |        323 |       0 |    0 |    599 |      0 |      0 |    0 |          0 |
|   feather_GENVAR_DPE_INST_COL_ITER[5].feather_GENVAR_DPE_INST_ROW_ITER[26].feather_PE_OTHER_ROWS  |       feather_pe__parameterized185 |        330 |        330 |       0 |    0 |    599 |      0 |      0 |    0 |          0 |
|   feather_GENVAR_DPE_INST_COL_ITER[5].feather_GENVAR_DPE_INST_ROW_ITER[27].feather_PE_OTHER_ROWS  |       feather_pe__parameterized186 |        323 |        323 |       0 |    0 |    599 |      0 |      0 |    0 |          0 |
|   feather_GENVAR_DPE_INST_COL_ITER[5].feather_GENVAR_DPE_INST_ROW_ITER[28].feather_PE_OTHER_ROWS  |       feather_pe__parameterized187 |        323 |        323 |       0 |    0 |    599 |      0 |      0 |    0 |          0 |
|   feather_GENVAR_DPE_INST_COL_ITER[5].feather_GENVAR_DPE_INST_ROW_ITER[29].feather_PE_OTHER_ROWS  |       feather_pe__parameterized188 |        312 |        312 |       0 |    0 |    599 |      0 |      0 |    0 |          0 |
|   feather_GENVAR_DPE_INST_COL_ITER[5].feather_GENVAR_DPE_INST_ROW_ITER[2].feather_PE_OTHER_ROWS   |       feather_pe__parameterized161 |        317 |        317 |       0 |    0 |    587 |      0 |      0 |    0 |          0 |
|   feather_GENVAR_DPE_INST_COL_ITER[5].feather_GENVAR_DPE_INST_ROW_ITER[30].feather_PE_OTHER_ROWS  |       feather_pe__parameterized189 |        329 |        329 |       0 |    0 |    599 |      0 |      0 |    0 |          0 |
|   feather_GENVAR_DPE_INST_COL_ITER[5].feather_GENVAR_DPE_INST_ROW_ITER[31].feather_PE_OTHER_ROWS  |       feather_pe__parameterized190 |        307 |        307 |       0 |    0 |    569 |      0 |      0 |    0 |          0 |
|   feather_GENVAR_DPE_INST_COL_ITER[5].feather_GENVAR_DPE_INST_ROW_ITER[3].feather_PE_OTHER_ROWS   |       feather_pe__parameterized162 |        323 |        323 |       0 |    0 |    597 |      0 |      0 |    0 |          0 |
|   feather_GENVAR_DPE_INST_COL_ITER[5].feather_GENVAR_DPE_INST_ROW_ITER[4].feather_PE_OTHER_ROWS   |       feather_pe__parameterized163 |        329 |        329 |       0 |    0 |    597 |      0 |      0 |    0 |          0 |
|   feather_GENVAR_DPE_INST_COL_ITER[5].feather_GENVAR_DPE_INST_ROW_ITER[5].feather_PE_OTHER_ROWS   |       feather_pe__parameterized164 |        322 |        322 |       0 |    0 |    599 |      0 |      0 |    0 |          0 |
|   feather_GENVAR_DPE_INST_COL_ITER[5].feather_GENVAR_DPE_INST_ROW_ITER[6].feather_PE_OTHER_ROWS   |       feather_pe__parameterized165 |        323 |        323 |       0 |    0 |    599 |      0 |      0 |    0 |          0 |
|   feather_GENVAR_DPE_INST_COL_ITER[5].feather_GENVAR_DPE_INST_ROW_ITER[7].feather_PE_OTHER_ROWS   |       feather_pe__parameterized166 |        315 |        315 |       0 |    0 |    599 |      0 |      0 |    0 |          0 |
|   feather_GENVAR_DPE_INST_COL_ITER[5].feather_GENVAR_DPE_INST_ROW_ITER[8].feather_PE_OTHER_ROWS   |       feather_pe__parameterized167 |        322 |        322 |       0 |    0 |    599 |      0 |      0 |    0 |          0 |
|   feather_GENVAR_DPE_INST_COL_ITER[5].feather_GENVAR_DPE_INST_ROW_ITER[9].feather_PE_OTHER_ROWS   |       feather_pe__parameterized168 |        315 |        315 |       0 |    0 |    599 |      0 |      0 |    0 |          0 |
|   feather_GENVAR_DPE_INST_COL_ITER[6].COL_WISE_O_DATA_BUS                                         |              o_bus_autopick_seq_29 |          0 |          0 |       0 |    0 |      9 |      0 |      0 |    0 |          0 |
|   feather_GENVAR_DPE_INST_COL_ITER[6].feather_GENVAR_DPE_INST_ROW_ITER[0].feather_PE_OTHER_ROWS   |       feather_pe__parameterized191 |        318 |        318 |       0 |    0 |    587 |      0 |      0 |    0 |          0 |
|   feather_GENVAR_DPE_INST_COL_ITER[6].feather_GENVAR_DPE_INST_ROW_ITER[10].feather_PE_OTHER_ROWS  |       feather_pe__parameterized201 |        330 |        330 |       0 |    0 |    599 |      0 |      0 |    0 |          0 |
|   feather_GENVAR_DPE_INST_COL_ITER[6].feather_GENVAR_DPE_INST_ROW_ITER[11].feather_PE_OTHER_ROWS  |       feather_pe__parameterized202 |        330 |        330 |       0 |    0 |    599 |      0 |      0 |    0 |          0 |
|   feather_GENVAR_DPE_INST_COL_ITER[6].feather_GENVAR_DPE_INST_ROW_ITER[12].feather_PE_OTHER_ROWS  |       feather_pe__parameterized203 |        323 |        323 |       0 |    0 |    599 |      0 |      0 |    0 |          0 |
|   feather_GENVAR_DPE_INST_COL_ITER[6].feather_GENVAR_DPE_INST_ROW_ITER[13].feather_PE_OTHER_ROWS  |       feather_pe__parameterized204 |        323 |        323 |       0 |    0 |    599 |      0 |      0 |    0 |          0 |
|   feather_GENVAR_DPE_INST_COL_ITER[6].feather_GENVAR_DPE_INST_ROW_ITER[14].feather_PE_OTHER_ROWS  |       feather_pe__parameterized205 |        315 |        315 |       0 |    0 |    599 |      0 |      0 |    0 |          0 |
|   feather_GENVAR_DPE_INST_COL_ITER[6].feather_GENVAR_DPE_INST_ROW_ITER[15].feather_PE_OTHER_ROWS  |       feather_pe__parameterized206 |        315 |        315 |       0 |    0 |    599 |      0 |      0 |    0 |          0 |
|   feather_GENVAR_DPE_INST_COL_ITER[6].feather_GENVAR_DPE_INST_ROW_ITER[16].feather_PE_OTHER_ROWS  |       feather_pe__parameterized207 |        316 |        316 |       0 |    0 |    599 |      0 |      0 |    0 |          0 |
|   feather_GENVAR_DPE_INST_COL_ITER[6].feather_GENVAR_DPE_INST_ROW_ITER[17].feather_PE_OTHER_ROWS  |       feather_pe__parameterized208 |        321 |        321 |       0 |    0 |    599 |      0 |      0 |    0 |          0 |
|   feather_GENVAR_DPE_INST_COL_ITER[6].feather_GENVAR_DPE_INST_ROW_ITER[18].feather_PE_OTHER_ROWS  |       feather_pe__parameterized209 |        321 |        321 |       0 |    0 |    599 |      0 |      0 |    0 |          0 |
|   feather_GENVAR_DPE_INST_COL_ITER[6].feather_GENVAR_DPE_INST_ROW_ITER[19].feather_PE_OTHER_ROWS  |       feather_pe__parameterized210 |        327 |        327 |       0 |    0 |    599 |      0 |      0 |    0 |          0 |
|   feather_GENVAR_DPE_INST_COL_ITER[6].feather_GENVAR_DPE_INST_ROW_ITER[1].feather_PE_OTHER_ROWS   |       feather_pe__parameterized192 |        334 |        334 |       0 |    0 |    587 |      0 |      0 |    0 |          0 |
|   feather_GENVAR_DPE_INST_COL_ITER[6].feather_GENVAR_DPE_INST_ROW_ITER[20].feather_PE_OTHER_ROWS  |       feather_pe__parameterized211 |        319 |        319 |       0 |    0 |    599 |      0 |      0 |    0 |          0 |
|   feather_GENVAR_DPE_INST_COL_ITER[6].feather_GENVAR_DPE_INST_ROW_ITER[21].feather_PE_OTHER_ROWS  |       feather_pe__parameterized212 |        319 |        319 |       0 |    0 |    599 |      0 |      0 |    0 |          0 |
|   feather_GENVAR_DPE_INST_COL_ITER[6].feather_GENVAR_DPE_INST_ROW_ITER[22].feather_PE_OTHER_ROWS  |       feather_pe__parameterized213 |        329 |        329 |       0 |    0 |    599 |      0 |      0 |    0 |          0 |
|   feather_GENVAR_DPE_INST_COL_ITER[6].feather_GENVAR_DPE_INST_ROW_ITER[23].feather_PE_OTHER_ROWS  |       feather_pe__parameterized214 |        321 |        321 |       0 |    0 |    599 |      0 |      0 |    0 |          0 |
|   feather_GENVAR_DPE_INST_COL_ITER[6].feather_GENVAR_DPE_INST_ROW_ITER[24].feather_PE_OTHER_ROWS  |       feather_pe__parameterized215 |        321 |        321 |       0 |    0 |    599 |      0 |      0 |    0 |          0 |
|   feather_GENVAR_DPE_INST_COL_ITER[6].feather_GENVAR_DPE_INST_ROW_ITER[25].feather_PE_OTHER_ROWS  |       feather_pe__parameterized216 |        321 |        321 |       0 |    0 |    599 |      0 |      0 |    0 |          0 |
|   feather_GENVAR_DPE_INST_COL_ITER[6].feather_GENVAR_DPE_INST_ROW_ITER[26].feather_PE_OTHER_ROWS  |       feather_pe__parameterized217 |        336 |        336 |       0 |    0 |    599 |      0 |      0 |    0 |          0 |
|   feather_GENVAR_DPE_INST_COL_ITER[6].feather_GENVAR_DPE_INST_ROW_ITER[27].feather_PE_OTHER_ROWS  |       feather_pe__parameterized218 |        329 |        329 |       0 |    0 |    599 |      0 |      0 |    0 |          0 |
|   feather_GENVAR_DPE_INST_COL_ITER[6].feather_GENVAR_DPE_INST_ROW_ITER[28].feather_PE_OTHER_ROWS  |       feather_pe__parameterized219 |        329 |        329 |       0 |    0 |    599 |      0 |      0 |    0 |          0 |
|   feather_GENVAR_DPE_INST_COL_ITER[6].feather_GENVAR_DPE_INST_ROW_ITER[29].feather_PE_OTHER_ROWS  |       feather_pe__parameterized220 |        320 |        320 |       0 |    0 |    599 |      0 |      0 |    0 |          0 |
|   feather_GENVAR_DPE_INST_COL_ITER[6].feather_GENVAR_DPE_INST_ROW_ITER[2].feather_PE_OTHER_ROWS   |       feather_pe__parameterized193 |        320 |        320 |       0 |    0 |    587 |      0 |      0 |    0 |          0 |
|   feather_GENVAR_DPE_INST_COL_ITER[6].feather_GENVAR_DPE_INST_ROW_ITER[30].feather_PE_OTHER_ROWS  |       feather_pe__parameterized221 |        329 |        329 |       0 |    0 |    599 |      0 |      0 |    0 |          0 |
|   feather_GENVAR_DPE_INST_COL_ITER[6].feather_GENVAR_DPE_INST_ROW_ITER[31].feather_PE_OTHER_ROWS  |       feather_pe__parameterized222 |        307 |        307 |       0 |    0 |    569 |      0 |      0 |    0 |          0 |
|   feather_GENVAR_DPE_INST_COL_ITER[6].feather_GENVAR_DPE_INST_ROW_ITER[3].feather_PE_OTHER_ROWS   |       feather_pe__parameterized194 |        323 |        323 |       0 |    0 |    597 |      0 |      0 |    0 |          0 |
|   feather_GENVAR_DPE_INST_COL_ITER[6].feather_GENVAR_DPE_INST_ROW_ITER[4].feather_PE_OTHER_ROWS   |       feather_pe__parameterized195 |        328 |        328 |       0 |    0 |    597 |      0 |      0 |    0 |          0 |
|   feather_GENVAR_DPE_INST_COL_ITER[6].feather_GENVAR_DPE_INST_ROW_ITER[5].feather_PE_OTHER_ROWS   |       feather_pe__parameterized196 |        322 |        322 |       0 |    0 |    599 |      0 |      0 |    0 |          0 |
|   feather_GENVAR_DPE_INST_COL_ITER[6].feather_GENVAR_DPE_INST_ROW_ITER[6].feather_PE_OTHER_ROWS   |       feather_pe__parameterized197 |        321 |        321 |       0 |    0 |    599 |      0 |      0 |    0 |          0 |
|   feather_GENVAR_DPE_INST_COL_ITER[6].feather_GENVAR_DPE_INST_ROW_ITER[7].feather_PE_OTHER_ROWS   |       feather_pe__parameterized198 |        321 |        321 |       0 |    0 |    599 |      0 |      0 |    0 |          0 |
|   feather_GENVAR_DPE_INST_COL_ITER[6].feather_GENVAR_DPE_INST_ROW_ITER[8].feather_PE_OTHER_ROWS   |       feather_pe__parameterized199 |        328 |        328 |       0 |    0 |    599 |      0 |      0 |    0 |          0 |
|   feather_GENVAR_DPE_INST_COL_ITER[6].feather_GENVAR_DPE_INST_ROW_ITER[9].feather_PE_OTHER_ROWS   |       feather_pe__parameterized200 |        321 |        321 |       0 |    0 |    599 |      0 |      0 |    0 |          0 |
|   feather_GENVAR_DPE_INST_COL_ITER[7].COL_WISE_O_DATA_BUS                                         |              o_bus_autopick_seq_30 |         16 |         16 |       0 |    0 |      9 |      0 |      0 |    0 |          0 |
|   feather_GENVAR_DPE_INST_COL_ITER[7].feather_GENVAR_DPE_INST_ROW_ITER[0].feather_PE_OTHER_ROWS   |       feather_pe__parameterized223 |        319 |        319 |       0 |    0 |    587 |      0 |      0 |    0 |          0 |
|   feather_GENVAR_DPE_INST_COL_ITER[7].feather_GENVAR_DPE_INST_ROW_ITER[10].feather_PE_OTHER_ROWS  |       feather_pe__parameterized233 |        322 |        322 |       0 |    0 |    599 |      0 |      0 |    0 |          0 |
|   feather_GENVAR_DPE_INST_COL_ITER[7].feather_GENVAR_DPE_INST_ROW_ITER[11].feather_PE_OTHER_ROWS  |       feather_pe__parameterized234 |        328 |        328 |       0 |    0 |    599 |      0 |      0 |    0 |          0 |
|   feather_GENVAR_DPE_INST_COL_ITER[7].feather_GENVAR_DPE_INST_ROW_ITER[12].feather_PE_OTHER_ROWS  |       feather_pe__parameterized235 |        319 |        319 |       0 |    0 |    599 |      0 |      0 |    0 |          0 |
|   feather_GENVAR_DPE_INST_COL_ITER[7].feather_GENVAR_DPE_INST_ROW_ITER[13].feather_PE_OTHER_ROWS  |       feather_pe__parameterized236 |        327 |        327 |       0 |    0 |    599 |      0 |      0 |    0 |          0 |
|   feather_GENVAR_DPE_INST_COL_ITER[7].feather_GENVAR_DPE_INST_ROW_ITER[14].feather_PE_OTHER_ROWS  |       feather_pe__parameterized237 |        319 |        319 |       0 |    0 |    599 |      0 |      0 |    0 |          0 |
|   feather_GENVAR_DPE_INST_COL_ITER[7].feather_GENVAR_DPE_INST_ROW_ITER[15].feather_PE_OTHER_ROWS  |       feather_pe__parameterized238 |        319 |        319 |       0 |    0 |    599 |      0 |      0 |    0 |          0 |
|   feather_GENVAR_DPE_INST_COL_ITER[7].feather_GENVAR_DPE_INST_ROW_ITER[16].feather_PE_OTHER_ROWS  |       feather_pe__parameterized239 |        320 |        320 |       0 |    0 |    599 |      0 |      0 |    0 |          0 |
|   feather_GENVAR_DPE_INST_COL_ITER[7].feather_GENVAR_DPE_INST_ROW_ITER[17].feather_PE_OTHER_ROWS  |       feather_pe__parameterized240 |        327 |        327 |       0 |    0 |    599 |      0 |      0 |    0 |          0 |
|   feather_GENVAR_DPE_INST_COL_ITER[7].feather_GENVAR_DPE_INST_ROW_ITER[18].feather_PE_OTHER_ROWS  |       feather_pe__parameterized241 |        321 |        321 |       0 |    0 |    599 |      0 |      0 |    0 |          0 |
|   feather_GENVAR_DPE_INST_COL_ITER[7].feather_GENVAR_DPE_INST_ROW_ITER[19].feather_PE_OTHER_ROWS  |       feather_pe__parameterized242 |        329 |        329 |       0 |    0 |    599 |      0 |      0 |    0 |          0 |
|   feather_GENVAR_DPE_INST_COL_ITER[7].feather_GENVAR_DPE_INST_ROW_ITER[1].feather_PE_OTHER_ROWS   |       feather_pe__parameterized224 |        334 |        334 |       0 |    0 |    587 |      0 |      0 |    0 |          0 |
|   feather_GENVAR_DPE_INST_COL_ITER[7].feather_GENVAR_DPE_INST_ROW_ITER[20].feather_PE_OTHER_ROWS  |       feather_pe__parameterized243 |        321 |        321 |       0 |    0 |    599 |      0 |      0 |    0 |          0 |
|   feather_GENVAR_DPE_INST_COL_ITER[7].feather_GENVAR_DPE_INST_ROW_ITER[21].feather_PE_OTHER_ROWS  |       feather_pe__parameterized244 |        321 |        321 |       0 |    0 |    599 |      0 |      0 |    0 |          0 |
|   feather_GENVAR_DPE_INST_COL_ITER[7].feather_GENVAR_DPE_INST_ROW_ITER[22].feather_PE_OTHER_ROWS  |       feather_pe__parameterized245 |        329 |        329 |       0 |    0 |    599 |      0 |      0 |    0 |          0 |
|   feather_GENVAR_DPE_INST_COL_ITER[7].feather_GENVAR_DPE_INST_ROW_ITER[23].feather_PE_OTHER_ROWS  |       feather_pe__parameterized246 |        321 |        321 |       0 |    0 |    599 |      0 |      0 |    0 |          0 |
|   feather_GENVAR_DPE_INST_COL_ITER[7].feather_GENVAR_DPE_INST_ROW_ITER[24].feather_PE_OTHER_ROWS  |       feather_pe__parameterized247 |        321 |        321 |       0 |    0 |    599 |      0 |      0 |    0 |          0 |
|   feather_GENVAR_DPE_INST_COL_ITER[7].feather_GENVAR_DPE_INST_ROW_ITER[25].feather_PE_OTHER_ROWS  |       feather_pe__parameterized248 |        323 |        323 |       0 |    0 |    599 |      0 |      0 |    0 |          0 |
|   feather_GENVAR_DPE_INST_COL_ITER[7].feather_GENVAR_DPE_INST_ROW_ITER[26].feather_PE_OTHER_ROWS  |       feather_pe__parameterized249 |        330 |        330 |       0 |    0 |    599 |      0 |      0 |    0 |          0 |
|   feather_GENVAR_DPE_INST_COL_ITER[7].feather_GENVAR_DPE_INST_ROW_ITER[27].feather_PE_OTHER_ROWS  |       feather_pe__parameterized250 |        323 |        323 |       0 |    0 |    599 |      0 |      0 |    0 |          0 |
|   feather_GENVAR_DPE_INST_COL_ITER[7].feather_GENVAR_DPE_INST_ROW_ITER[28].feather_PE_OTHER_ROWS  |       feather_pe__parameterized251 |        323 |        323 |       0 |    0 |    599 |      0 |      0 |    0 |          0 |
|   feather_GENVAR_DPE_INST_COL_ITER[7].feather_GENVAR_DPE_INST_ROW_ITER[29].feather_PE_OTHER_ROWS  |       feather_pe__parameterized252 |        312 |        312 |       0 |    0 |    599 |      0 |      0 |    0 |          0 |
|   feather_GENVAR_DPE_INST_COL_ITER[7].feather_GENVAR_DPE_INST_ROW_ITER[2].feather_PE_OTHER_ROWS   |       feather_pe__parameterized225 |        318 |        318 |       0 |    0 |    587 |      0 |      0 |    0 |          0 |
|   feather_GENVAR_DPE_INST_COL_ITER[7].feather_GENVAR_DPE_INST_ROW_ITER[30].feather_PE_OTHER_ROWS  |       feather_pe__parameterized253 |        329 |        329 |       0 |    0 |    599 |      0 |      0 |    0 |          0 |
|   feather_GENVAR_DPE_INST_COL_ITER[7].feather_GENVAR_DPE_INST_ROW_ITER[31].feather_PE_OTHER_ROWS  |       feather_pe__parameterized254 |        307 |        307 |       0 |    0 |    569 |      0 |      0 |    0 |          0 |
|   feather_GENVAR_DPE_INST_COL_ITER[7].feather_GENVAR_DPE_INST_ROW_ITER[3].feather_PE_OTHER_ROWS   |       feather_pe__parameterized226 |        323 |        323 |       0 |    0 |    597 |      0 |      0 |    0 |          0 |
|   feather_GENVAR_DPE_INST_COL_ITER[7].feather_GENVAR_DPE_INST_ROW_ITER[4].feather_PE_OTHER_ROWS   |       feather_pe__parameterized227 |        331 |        331 |       0 |    0 |    597 |      0 |      0 |    0 |          0 |
|   feather_GENVAR_DPE_INST_COL_ITER[7].feather_GENVAR_DPE_INST_ROW_ITER[5].feather_PE_OTHER_ROWS   |       feather_pe__parameterized228 |        322 |        322 |       0 |    0 |    599 |      0 |      0 |    0 |          0 |
|   feather_GENVAR_DPE_INST_COL_ITER[7].feather_GENVAR_DPE_INST_ROW_ITER[6].feather_PE_OTHER_ROWS   |       feather_pe__parameterized229 |        323 |        323 |       0 |    0 |    599 |      0 |      0 |    0 |          0 |
|   feather_GENVAR_DPE_INST_COL_ITER[7].feather_GENVAR_DPE_INST_ROW_ITER[7].feather_PE_OTHER_ROWS   |       feather_pe__parameterized230 |        315 |        315 |       0 |    0 |    599 |      0 |      0 |    0 |          0 |
|   feather_GENVAR_DPE_INST_COL_ITER[7].feather_GENVAR_DPE_INST_ROW_ITER[8].feather_PE_OTHER_ROWS   |       feather_pe__parameterized231 |        322 |        322 |       0 |    0 |    599 |      0 |      0 |    0 |          0 |
|   feather_GENVAR_DPE_INST_COL_ITER[7].feather_GENVAR_DPE_INST_ROW_ITER[9].feather_PE_OTHER_ROWS   |       feather_pe__parameterized232 |        315 |        315 |       0 |    0 |    599 |      0 |      0 |    0 |          0 |
|   feather_GENVAR_DPE_INST_COL_ITER[8].COL_WISE_O_DATA_BUS                                         |              o_bus_autopick_seq_31 |          0 |          0 |       0 |    0 |      9 |      0 |      0 |    0 |          0 |
|   feather_GENVAR_DPE_INST_COL_ITER[8].feather_GENVAR_DPE_INST_ROW_ITER[0].feather_PE_OTHER_ROWS   |       feather_pe__parameterized255 |        315 |        315 |       0 |    0 |    587 |      0 |      0 |    0 |          0 |
|   feather_GENVAR_DPE_INST_COL_ITER[8].feather_GENVAR_DPE_INST_ROW_ITER[10].feather_PE_OTHER_ROWS  |       feather_pe__parameterized265 |        330 |        330 |       0 |    0 |    599 |      0 |      0 |    0 |          0 |
|   feather_GENVAR_DPE_INST_COL_ITER[8].feather_GENVAR_DPE_INST_ROW_ITER[11].feather_PE_OTHER_ROWS  |       feather_pe__parameterized266 |        330 |        330 |       0 |    0 |    599 |      0 |      0 |    0 |          0 |
|   feather_GENVAR_DPE_INST_COL_ITER[8].feather_GENVAR_DPE_INST_ROW_ITER[12].feather_PE_OTHER_ROWS  |       feather_pe__parameterized267 |        323 |        323 |       0 |    0 |    599 |      0 |      0 |    0 |          0 |
|   feather_GENVAR_DPE_INST_COL_ITER[8].feather_GENVAR_DPE_INST_ROW_ITER[13].feather_PE_OTHER_ROWS  |       feather_pe__parameterized268 |        323 |        323 |       0 |    0 |    599 |      0 |      0 |    0 |          0 |
|   feather_GENVAR_DPE_INST_COL_ITER[8].feather_GENVAR_DPE_INST_ROW_ITER[14].feather_PE_OTHER_ROWS  |       feather_pe__parameterized269 |        315 |        315 |       0 |    0 |    599 |      0 |      0 |    0 |          0 |
|   feather_GENVAR_DPE_INST_COL_ITER[8].feather_GENVAR_DPE_INST_ROW_ITER[15].feather_PE_OTHER_ROWS  |       feather_pe__parameterized270 |        315 |        315 |       0 |    0 |    599 |      0 |      0 |    0 |          0 |
|   feather_GENVAR_DPE_INST_COL_ITER[8].feather_GENVAR_DPE_INST_ROW_ITER[16].feather_PE_OTHER_ROWS  |       feather_pe__parameterized271 |        316 |        316 |       0 |    0 |    599 |      0 |      0 |    0 |          0 |
|   feather_GENVAR_DPE_INST_COL_ITER[8].feather_GENVAR_DPE_INST_ROW_ITER[17].feather_PE_OTHER_ROWS  |       feather_pe__parameterized272 |        321 |        321 |       0 |    0 |    599 |      0 |      0 |    0 |          0 |
|   feather_GENVAR_DPE_INST_COL_ITER[8].feather_GENVAR_DPE_INST_ROW_ITER[18].feather_PE_OTHER_ROWS  |       feather_pe__parameterized273 |        321 |        321 |       0 |    0 |    599 |      0 |      0 |    0 |          0 |
|   feather_GENVAR_DPE_INST_COL_ITER[8].feather_GENVAR_DPE_INST_ROW_ITER[19].feather_PE_OTHER_ROWS  |       feather_pe__parameterized274 |        327 |        327 |       0 |    0 |    599 |      0 |      0 |    0 |          0 |
|   feather_GENVAR_DPE_INST_COL_ITER[8].feather_GENVAR_DPE_INST_ROW_ITER[1].feather_PE_OTHER_ROWS   |       feather_pe__parameterized256 |        334 |        334 |       0 |    0 |    587 |      0 |      0 |    0 |          0 |
|   feather_GENVAR_DPE_INST_COL_ITER[8].feather_GENVAR_DPE_INST_ROW_ITER[20].feather_PE_OTHER_ROWS  |       feather_pe__parameterized275 |        319 |        319 |       0 |    0 |    599 |      0 |      0 |    0 |          0 |
|   feather_GENVAR_DPE_INST_COL_ITER[8].feather_GENVAR_DPE_INST_ROW_ITER[21].feather_PE_OTHER_ROWS  |       feather_pe__parameterized276 |        319 |        319 |       0 |    0 |    599 |      0 |      0 |    0 |          0 |
|   feather_GENVAR_DPE_INST_COL_ITER[8].feather_GENVAR_DPE_INST_ROW_ITER[22].feather_PE_OTHER_ROWS  |       feather_pe__parameterized277 |        329 |        329 |       0 |    0 |    599 |      0 |      0 |    0 |          0 |
|   feather_GENVAR_DPE_INST_COL_ITER[8].feather_GENVAR_DPE_INST_ROW_ITER[23].feather_PE_OTHER_ROWS  |       feather_pe__parameterized278 |        321 |        321 |       0 |    0 |    599 |      0 |      0 |    0 |          0 |
|   feather_GENVAR_DPE_INST_COL_ITER[8].feather_GENVAR_DPE_INST_ROW_ITER[24].feather_PE_OTHER_ROWS  |       feather_pe__parameterized279 |        321 |        321 |       0 |    0 |    599 |      0 |      0 |    0 |          0 |
|   feather_GENVAR_DPE_INST_COL_ITER[8].feather_GENVAR_DPE_INST_ROW_ITER[25].feather_PE_OTHER_ROWS  |       feather_pe__parameterized280 |        321 |        321 |       0 |    0 |    599 |      0 |      0 |    0 |          0 |
|   feather_GENVAR_DPE_INST_COL_ITER[8].feather_GENVAR_DPE_INST_ROW_ITER[26].feather_PE_OTHER_ROWS  |       feather_pe__parameterized281 |        336 |        336 |       0 |    0 |    599 |      0 |      0 |    0 |          0 |
|   feather_GENVAR_DPE_INST_COL_ITER[8].feather_GENVAR_DPE_INST_ROW_ITER[27].feather_PE_OTHER_ROWS  |       feather_pe__parameterized282 |        329 |        329 |       0 |    0 |    599 |      0 |      0 |    0 |          0 |
|   feather_GENVAR_DPE_INST_COL_ITER[8].feather_GENVAR_DPE_INST_ROW_ITER[28].feather_PE_OTHER_ROWS  |       feather_pe__parameterized283 |        329 |        329 |       0 |    0 |    599 |      0 |      0 |    0 |          0 |
|   feather_GENVAR_DPE_INST_COL_ITER[8].feather_GENVAR_DPE_INST_ROW_ITER[29].feather_PE_OTHER_ROWS  |       feather_pe__parameterized284 |        320 |        320 |       0 |    0 |    599 |      0 |      0 |    0 |          0 |
|   feather_GENVAR_DPE_INST_COL_ITER[8].feather_GENVAR_DPE_INST_ROW_ITER[2].feather_PE_OTHER_ROWS   |       feather_pe__parameterized257 |        317 |        317 |       0 |    0 |    587 |      0 |      0 |    0 |          0 |
|   feather_GENVAR_DPE_INST_COL_ITER[8].feather_GENVAR_DPE_INST_ROW_ITER[30].feather_PE_OTHER_ROWS  |       feather_pe__parameterized285 |        329 |        329 |       0 |    0 |    599 |      0 |      0 |    0 |          0 |
|   feather_GENVAR_DPE_INST_COL_ITER[8].feather_GENVAR_DPE_INST_ROW_ITER[31].feather_PE_OTHER_ROWS  |       feather_pe__parameterized286 |        307 |        307 |       0 |    0 |    569 |      0 |      0 |    0 |          0 |
|   feather_GENVAR_DPE_INST_COL_ITER[8].feather_GENVAR_DPE_INST_ROW_ITER[3].feather_PE_OTHER_ROWS   |       feather_pe__parameterized258 |        318 |        318 |       0 |    0 |    587 |      0 |      0 |    0 |          0 |
|   feather_GENVAR_DPE_INST_COL_ITER[8].feather_GENVAR_DPE_INST_ROW_ITER[4].feather_PE_OTHER_ROWS   |       feather_pe__parameterized259 |        329 |        329 |       0 |    0 |    597 |      0 |      0 |    0 |          0 |
|   feather_GENVAR_DPE_INST_COL_ITER[8].feather_GENVAR_DPE_INST_ROW_ITER[5].feather_PE_OTHER_ROWS   |       feather_pe__parameterized260 |        322 |        322 |       0 |    0 |    597 |      0 |      0 |    0 |          0 |
|   feather_GENVAR_DPE_INST_COL_ITER[8].feather_GENVAR_DPE_INST_ROW_ITER[6].feather_PE_OTHER_ROWS   |       feather_pe__parameterized261 |        323 |        323 |       0 |    0 |    597 |      0 |      0 |    0 |          0 |
|   feather_GENVAR_DPE_INST_COL_ITER[8].feather_GENVAR_DPE_INST_ROW_ITER[7].feather_PE_OTHER_ROWS   |       feather_pe__parameterized262 |        325 |        325 |       0 |    0 |    599 |      0 |      0 |    0 |          0 |
|   feather_GENVAR_DPE_INST_COL_ITER[8].feather_GENVAR_DPE_INST_ROW_ITER[8].feather_PE_OTHER_ROWS   |       feather_pe__parameterized263 |        329 |        329 |       0 |    0 |    599 |      0 |      0 |    0 |          0 |
|   feather_GENVAR_DPE_INST_COL_ITER[8].feather_GENVAR_DPE_INST_ROW_ITER[9].feather_PE_OTHER_ROWS   |       feather_pe__parameterized264 |        322 |        322 |       0 |    0 |    599 |      0 |      0 |    0 |          0 |
|   feather_GENVAR_DPE_INST_COL_ITER[9].COL_WISE_O_DATA_BUS                                         |              o_bus_autopick_seq_32 |         16 |         16 |       0 |    0 |      9 |      0 |      0 |    0 |          0 |
|   feather_GENVAR_DPE_INST_COL_ITER[9].feather_GENVAR_DPE_INST_ROW_ITER[0].feather_PE_OTHER_ROWS   |       feather_pe__parameterized287 |        318 |        318 |       0 |    0 |    586 |      0 |      0 |    0 |          0 |
|   feather_GENVAR_DPE_INST_COL_ITER[9].feather_GENVAR_DPE_INST_ROW_ITER[10].feather_PE_OTHER_ROWS  |       feather_pe__parameterized297 |        329 |        329 |       0 |    0 |    599 |      0 |      0 |    0 |          0 |
|   feather_GENVAR_DPE_INST_COL_ITER[9].feather_GENVAR_DPE_INST_ROW_ITER[11].feather_PE_OTHER_ROWS  |       feather_pe__parameterized298 |        328 |        328 |       0 |    0 |    599 |      0 |      0 |    0 |          0 |
|   feather_GENVAR_DPE_INST_COL_ITER[9].feather_GENVAR_DPE_INST_ROW_ITER[12].feather_PE_OTHER_ROWS  |       feather_pe__parameterized299 |        319 |        319 |       0 |    0 |    599 |      0 |      0 |    0 |          0 |
|   feather_GENVAR_DPE_INST_COL_ITER[9].feather_GENVAR_DPE_INST_ROW_ITER[13].feather_PE_OTHER_ROWS  |       feather_pe__parameterized300 |        329 |        329 |       0 |    0 |    599 |      0 |      0 |    0 |          0 |
|   feather_GENVAR_DPE_INST_COL_ITER[9].feather_GENVAR_DPE_INST_ROW_ITER[14].feather_PE_OTHER_ROWS  |       feather_pe__parameterized301 |        321 |        321 |       0 |    0 |    599 |      0 |      0 |    0 |          0 |
|   feather_GENVAR_DPE_INST_COL_ITER[9].feather_GENVAR_DPE_INST_ROW_ITER[15].feather_PE_OTHER_ROWS  |       feather_pe__parameterized302 |        323 |        323 |       0 |    0 |    599 |      0 |      0 |    0 |          0 |
|   feather_GENVAR_DPE_INST_COL_ITER[9].feather_GENVAR_DPE_INST_ROW_ITER[16].feather_PE_OTHER_ROWS  |       feather_pe__parameterized303 |        316 |        316 |       0 |    0 |    599 |      0 |      0 |    0 |          0 |
|   feather_GENVAR_DPE_INST_COL_ITER[9].feather_GENVAR_DPE_INST_ROW_ITER[17].feather_PE_OTHER_ROWS  |       feather_pe__parameterized304 |        323 |        323 |       0 |    0 |    599 |      0 |      0 |    0 |          0 |
|   feather_GENVAR_DPE_INST_COL_ITER[9].feather_GENVAR_DPE_INST_ROW_ITER[18].feather_PE_OTHER_ROWS  |       feather_pe__parameterized305 |        315 |        315 |       0 |    0 |    599 |      0 |      0 |    0 |          0 |
|   feather_GENVAR_DPE_INST_COL_ITER[9].feather_GENVAR_DPE_INST_ROW_ITER[19].feather_PE_OTHER_ROWS  |       feather_pe__parameterized306 |        323 |        323 |       0 |    0 |    599 |      0 |      0 |    0 |          0 |
|   feather_GENVAR_DPE_INST_COL_ITER[9].feather_GENVAR_DPE_INST_ROW_ITER[1].feather_PE_OTHER_ROWS   |       feather_pe__parameterized288 |        336 |        336 |       0 |    0 |    585 |      0 |      0 |    0 |          0 |
|   feather_GENVAR_DPE_INST_COL_ITER[9].feather_GENVAR_DPE_INST_ROW_ITER[20].feather_PE_OTHER_ROWS  |       feather_pe__parameterized307 |        313 |        313 |       0 |    0 |    599 |      0 |      0 |    0 |          0 |
|   feather_GENVAR_DPE_INST_COL_ITER[9].feather_GENVAR_DPE_INST_ROW_ITER[21].feather_PE_OTHER_ROWS  |       feather_pe__parameterized308 |        321 |        321 |       0 |    0 |    599 |      0 |      0 |    0 |          0 |
|   feather_GENVAR_DPE_INST_COL_ITER[9].feather_GENVAR_DPE_INST_ROW_ITER[22].feather_PE_OTHER_ROWS  |       feather_pe__parameterized309 |        329 |        329 |       0 |    0 |    599 |      0 |      0 |    0 |          0 |
|   feather_GENVAR_DPE_INST_COL_ITER[9].feather_GENVAR_DPE_INST_ROW_ITER[23].feather_PE_OTHER_ROWS  |       feather_pe__parameterized310 |        321 |        321 |       0 |    0 |    599 |      0 |      0 |    0 |          0 |
|   feather_GENVAR_DPE_INST_COL_ITER[9].feather_GENVAR_DPE_INST_ROW_ITER[24].feather_PE_OTHER_ROWS  |       feather_pe__parameterized311 |        321 |        321 |       0 |    0 |    599 |      0 |      0 |    0 |          0 |
|   feather_GENVAR_DPE_INST_COL_ITER[9].feather_GENVAR_DPE_INST_ROW_ITER[25].feather_PE_OTHER_ROWS  |       feather_pe__parameterized312 |        322 |        322 |       0 |    0 |    599 |      0 |      0 |    0 |          0 |
|   feather_GENVAR_DPE_INST_COL_ITER[9].feather_GENVAR_DPE_INST_ROW_ITER[26].feather_PE_OTHER_ROWS  |       feather_pe__parameterized313 |        336 |        336 |       0 |    0 |    599 |      0 |      0 |    0 |          0 |
|   feather_GENVAR_DPE_INST_COL_ITER[9].feather_GENVAR_DPE_INST_ROW_ITER[27].feather_PE_OTHER_ROWS  |       feather_pe__parameterized314 |        329 |        329 |       0 |    0 |    599 |      0 |      0 |    0 |          0 |
|   feather_GENVAR_DPE_INST_COL_ITER[9].feather_GENVAR_DPE_INST_ROW_ITER[28].feather_PE_OTHER_ROWS  |       feather_pe__parameterized315 |        329 |        329 |       0 |    0 |    599 |      0 |      0 |    0 |          0 |
|   feather_GENVAR_DPE_INST_COL_ITER[9].feather_GENVAR_DPE_INST_ROW_ITER[29].feather_PE_OTHER_ROWS  |       feather_pe__parameterized316 |        320 |        320 |       0 |    0 |    599 |      0 |      0 |    0 |          0 |
|   feather_GENVAR_DPE_INST_COL_ITER[9].feather_GENVAR_DPE_INST_ROW_ITER[2].feather_PE_OTHER_ROWS   |       feather_pe__parameterized289 |        319 |        319 |       0 |    0 |    586 |      0 |      0 |    0 |          0 |
|   feather_GENVAR_DPE_INST_COL_ITER[9].feather_GENVAR_DPE_INST_ROW_ITER[30].feather_PE_OTHER_ROWS  |       feather_pe__parameterized317 |        329 |        329 |       0 |    0 |    599 |      0 |      0 |    0 |          0 |
|   feather_GENVAR_DPE_INST_COL_ITER[9].feather_GENVAR_DPE_INST_ROW_ITER[31].feather_PE_OTHER_ROWS  |       feather_pe__parameterized318 |        307 |        307 |       0 |    0 |    569 |      0 |      0 |    0 |          0 |
|   feather_GENVAR_DPE_INST_COL_ITER[9].feather_GENVAR_DPE_INST_ROW_ITER[3].feather_PE_OTHER_ROWS   |       feather_pe__parameterized290 |        325 |        325 |       0 |    0 |    596 |      0 |      0 |    0 |          0 |
|   feather_GENVAR_DPE_INST_COL_ITER[9].feather_GENVAR_DPE_INST_ROW_ITER[4].feather_PE_OTHER_ROWS   |       feather_pe__parameterized291 |        324 |        324 |       0 |    0 |    586 |      0 |      0 |    0 |          0 |
|   feather_GENVAR_DPE_INST_COL_ITER[9].feather_GENVAR_DPE_INST_ROW_ITER[5].feather_PE_OTHER_ROWS   |       feather_pe__parameterized292 |        318 |        318 |       0 |    0 |    588 |      0 |      0 |    0 |          0 |
|   feather_GENVAR_DPE_INST_COL_ITER[9].feather_GENVAR_DPE_INST_ROW_ITER[6].feather_PE_OTHER_ROWS   |       feather_pe__parameterized293 |        311 |        311 |       0 |    0 |    588 |      0 |      0 |    0 |          0 |
|   feather_GENVAR_DPE_INST_COL_ITER[9].feather_GENVAR_DPE_INST_ROW_ITER[7].feather_PE_OTHER_ROWS   |       feather_pe__parameterized294 |        316 |        316 |       0 |    0 |    585 |      0 |      0 |    0 |          0 |
|   feather_GENVAR_DPE_INST_COL_ITER[9].feather_GENVAR_DPE_INST_ROW_ITER[8].feather_PE_OTHER_ROWS   |       feather_pe__parameterized295 |        327 |        327 |       0 |    0 |    596 |      0 |      0 |    0 |          0 |
|   feather_GENVAR_DPE_INST_COL_ITER[9].feather_GENVAR_DPE_INST_ROW_ITER[9].feather_PE_OTHER_ROWS   |       feather_pe__parameterized296 |        319 |        319 |       0 |    0 |    596 |      0 |      0 |    0 |          0 |
+---------------------------------------------------------------------------------------------------+------------------------------------+------------+------------+---------+------+--------+--------+--------+------+------------+
* Note: The sum of lower-level cells may be larger than their parent cells total, due to cross-hierarchy LUT combining


