
****** Vitis HLS - High-Level Synthesis from C, C++ and OpenCL v2023.2 (64-bit)
  **** SW Build 4023990 on Oct 11 2023
  **** IP Build 4028589 on Sat Oct 14 00:45:43 MDT 2023
  **** SharedData Build 4025554 on Tue Oct 10 17:18:54 MDT 2023
    ** Copyright 1986-2022 Xilinx, Inc. All Rights Reserved.
    ** Copyright 2022-2023 Advanced Micro Devices, Inc. All Rights Reserved.

source /opt/xilinx/Vitis_HLS/2023.2/scripts/vitis_hls/hls.tcl -notrace
INFO: [HLS 200-10] Running '/opt/xilinx/Vitis_HLS/2023.2/bin/unwrapped/lnx64.o/vitis_hls'
INFO: [HLS 200-10] For user 'hc676' on host 'en-ec-brg-zhang-xcel.coecis.cornell.edu' (Linux_x86_64 version 5.14.0-162.23.1.el9_1.x86_64) on Tue Sep 08 00:18:20 EDT 2026
INFO: [HLS 200-10] On os "Red Hat Enterprise Linux 9.8 (Plow)"
INFO: [HLS 200-10] In directory '/scratch/hc676/agentstudy/trials/moonshotai_kimi-k3__hls'
INFO: [HLS 200-2053] The vitis_hls executable is being deprecated. Consider using vitis-run --mode hls --tcl
Sourcing Tcl script 'run.tcl'
INFO: [HLS 200-1510] Running: open_project prj 
INFO: [HLS 200-10] Creating and opening project '/scratch/hc676/agentstudy/trials/moonshotai_kimi-k3__hls/prj'.
INFO: [HLS 200-1510] Running: set_top gemm_tile 
INFO: [HLS 200-1510] Running: add_files design.cpp 
INFO: [HLS 200-10] Adding design file 'design.cpp' to the project
INFO: [HLS 200-1510] Running: open_solution sol 
INFO: [HLS 200-10] Creating and opening solution '/scratch/hc676/agentstudy/trials/moonshotai_kimi-k3__hls/prj/sol'.
INFO: [HLS 200-1505] Using default flow_target 'vivado'
Resolution: For help on HLS 200-1505 see docs.xilinx.com/access/sources/dita/topic?Doc_Version=2023.2%20English&url=ug1448-hls-guidance&resourceid=200-1505.html
INFO: [HLS 200-1510] Running: set_part xcu280-fsvh2892-2L-e 
INFO: [HLS 200-1611] Setting target device to 'xcu280-fsvh2892-2L-e'
INFO: [HLS 200-1510] Running: create_clock -period 3.33 -name default 
INFO: [SYN 201-201] Setting up clock 'default' with a period of 3.33ns.
INFO: [HLS 200-1510] Running: config_interface -clock_enable=0 
INFO: [HLS 200-1510] Running: config_rtl -reset_level low 
INFO: [HLS 200-1510] Running: config_op mul -impl dsp 
INFO: [HLS 200-1445] Configure operator 'mul' with implementation style 'dsp'.
INFO: [HLS 200-1510] Running: csynth_design 
INFO: [HLS 200-111] Finished File checks and directory preparation: CPU user time: 0.08 seconds. CPU system time: 0.01 seconds. Elapsed time: 0.09 seconds; current allocated memory: 260.188 MB.
INFO: [HLS 200-10] Analyzing design file 'design.cpp' ... 
WARNING: [HLS 214-113] Either use an argument of the function or declare the variable inside the dataflow loop body (design.cpp:106:16)
Resolution: For help on HLS 214-113 see docs.xilinx.com/access/sources/dita/topic?Doc_Version=2023.2%20English&url=ug1448-hls-guidance&resourceid=214-113.html
WARNING: [HLS 214-113] Either use an argument of the function or declare the variable inside the dataflow loop body (design.cpp:106:62)
Resolution: For help on HLS 214-113 see docs.xilinx.com/access/sources/dita/topic?Doc_Version=2023.2%20English&url=ug1448-hls-guidance&resourceid=214-113.html
WARNING: [HLS 214-113] Either use an argument of the function or declare the variable inside the dataflow loop body (design.cpp:106:110)
Resolution: For help on HLS 214-113 see docs.xilinx.com/access/sources/dita/topic?Doc_Version=2023.2%20English&url=ug1448-hls-guidance&resourceid=214-113.html
WARNING: [HLS 214-113] Either use an argument of the function or declare the variable inside the dataflow loop body (design.cpp:106:151)
Resolution: For help on HLS 214-113 see docs.xilinx.com/access/sources/dita/topic?Doc_Version=2023.2%20English&url=ug1448-hls-guidance&resourceid=214-113.html
WARNING: [HLS 214-113] Either use an argument of the function or declare the variable inside the dataflow loop body (design.cpp:106:192)
Resolution: For help on HLS 214-113 see docs.xilinx.com/access/sources/dita/topic?Doc_Version=2023.2%20English&url=ug1448-hls-guidance&resourceid=214-113.html
WARNING: [HLS 214-113] Either use an argument of the function or declare the variable inside the dataflow loop body (design.cpp:106:238)
Resolution: For help on HLS 214-113 see docs.xilinx.com/access/sources/dita/topic?Doc_Version=2023.2%20English&url=ug1448-hls-guidance&resourceid=214-113.html
WARNING: [HLS 214-113] Either use an argument of the function or declare the variable inside the dataflow loop body (design.cpp:106:295)
Resolution: For help on HLS 214-113 see docs.xilinx.com/access/sources/dita/topic?Doc_Version=2023.2%20English&url=ug1448-hls-guidance&resourceid=214-113.html
WARNING: [HLS 214-113] Either use an argument of the function or declare the variable inside the dataflow loop body (design.cpp:106:341)
Resolution: For help on HLS 214-113 see docs.xilinx.com/access/sources/dita/topic?Doc_Version=2023.2%20English&url=ug1448-hls-guidance&resourceid=214-113.html
WARNING: [HLS 214-113] Either use an argument of the function or declare the variable inside the dataflow loop body (design.cpp:106:389)
Resolution: For help on HLS 214-113 see docs.xilinx.com/access/sources/dita/topic?Doc_Version=2023.2%20English&url=ug1448-hls-guidance&resourceid=214-113.html
WARNING: [HLS 214-113] Either use an argument of the function or declare the variable inside the dataflow loop body (design.cpp:106:430)
Resolution: For help on HLS 214-113 see docs.xilinx.com/access/sources/dita/topic?Doc_Version=2023.2%20English&url=ug1448-hls-guidance&resourceid=214-113.html
WARNING: [HLS 214-113] Either use an argument of the function or declare the variable inside the dataflow loop body (design.cpp:106:471)
Resolution: For help on HLS 214-113 see docs.xilinx.com/access/sources/dita/topic?Doc_Version=2023.2%20English&url=ug1448-hls-guidance&resourceid=214-113.html
WARNING: [HLS 214-113] Either use an argument of the function or declare the variable inside the dataflow loop body (design.cpp:106:517)
Resolution: For help on HLS 214-113 see docs.xilinx.com/access/sources/dita/topic?Doc_Version=2023.2%20English&url=ug1448-hls-guidance&resourceid=214-113.html
WARNING: [HLS 214-113] Either use an argument of the function or declare the variable inside the dataflow loop body (design.cpp:106:574)
Resolution: For help on HLS 214-113 see docs.xilinx.com/access/sources/dita/topic?Doc_Version=2023.2%20English&url=ug1448-hls-guidance&resourceid=214-113.html
WARNING: [HLS 214-113] Either use an argument of the function or declare the variable inside the dataflow loop body (design.cpp:106:620)
Resolution: For help on HLS 214-113 see docs.xilinx.com/access/sources/dita/topic?Doc_Version=2023.2%20English&url=ug1448-hls-guidance&resourceid=214-113.html
WARNING: [HLS 214-113] Either use an argument of the function or declare the variable inside the dataflow loop body (design.cpp:106:668)
Resolution: For help on HLS 214-113 see docs.xilinx.com/access/sources/dita/topic?Doc_Version=2023.2%20English&url=ug1448-hls-guidance&resourceid=214-113.html
WARNING: [HLS 214-113] Either use an argument of the function or declare the variable inside the dataflow loop body (design.cpp:106:709)
Resolution: For help on HLS 214-113 see docs.xilinx.com/access/sources/dita/topic?Doc_Version=2023.2%20English&url=ug1448-hls-guidance&resourceid=214-113.html
WARNING: [HLS 214-113] Either use an argument of the function or declare the variable inside the dataflow loop body (design.cpp:106:750)
Resolution: For help on HLS 214-113 see docs.xilinx.com/access/sources/dita/topic?Doc_Version=2023.2%20English&url=ug1448-hls-guidance&resourceid=214-113.html
WARNING: [HLS 214-113] Either use an argument of the function or declare the variable inside the dataflow loop body (design.cpp:106:796)
Resolution: For help on HLS 214-113 see docs.xilinx.com/access/sources/dita/topic?Doc_Version=2023.2%20English&url=ug1448-hls-guidance&resourceid=214-113.html
WARNING: [HLS 214-113] Either use an argument of the function or declare the variable inside the dataflow loop body (design.cpp:106:853)
Resolution: For help on HLS 214-113 see docs.xilinx.com/access/sources/dita/topic?Doc_Version=2023.2%20English&url=ug1448-hls-guidance&resourceid=214-113.html
WARNING: [HLS 214-113] Either use an argument of the function or declare the variable inside the dataflow loop body (design.cpp:106:899)
Resolution: For help on HLS 214-113 see docs.xilinx.com/access/sources/dita/topic?Doc_Version=2023.2%20English&url=ug1448-hls-guidance&resourceid=214-113.html
WARNING: [HLS 214-113] Either use an argument of the function or declare the variable inside the dataflow loop body (design.cpp:106:947)
Resolution: For help on HLS 214-113 see docs.xilinx.com/access/sources/dita/topic?Doc_Version=2023.2%20English&url=ug1448-hls-guidance&resourceid=214-113.html
WARNING: [HLS 214-113] Either use an argument of the function or declare the variable inside the dataflow loop body (design.cpp:106:988)
Resolution: For help on HLS 214-113 see docs.xilinx.com/access/sources/dita/topic?Doc_Version=2023.2%20English&url=ug1448-hls-guidance&resourceid=214-113.html
WARNING: [HLS 214-113] Either use an argument of the function or declare the variable inside the dataflow loop body (design.cpp:106:1029)
Resolution: For help on HLS 214-113 see docs.xilinx.com/access/sources/dita/topic?Doc_Version=2023.2%20English&url=ug1448-hls-guidance&resourceid=214-113.html
WARNING: [HLS 214-113] Either use an argument of the function or declare the variable inside the dataflow loop body (design.cpp:106:1075)
Resolution: For help on HLS 214-113 see docs.xilinx.com/access/sources/dita/topic?Doc_Version=2023.2%20English&url=ug1448-hls-guidance&resourceid=214-113.html
WARNING: [HLS 214-113] Either use an argument of the function or declare the variable inside the dataflow loop body (design.cpp:106:1132)
Resolution: For help on HLS 214-113 see docs.xilinx.com/access/sources/dita/topic?Doc_Version=2023.2%20English&url=ug1448-hls-guidance&resourceid=214-113.html
WARNING: [HLS 214-113] Either use an argument of the function or declare the variable inside the dataflow loop body (design.cpp:106:1178)
Resolution: For help on HLS 214-113 see docs.xilinx.com/access/sources/dita/topic?Doc_Version=2023.2%20English&url=ug1448-hls-guidance&resourceid=214-113.html
WARNING: [HLS 214-113] Either use an argument of the function or declare the variable inside the dataflow loop body (design.cpp:106:1226)
Resolution: For help on HLS 214-113 see docs.xilinx.com/access/sources/dita/topic?Doc_Version=2023.2%20English&url=ug1448-hls-guidance&resourceid=214-113.html
WARNING: [HLS 214-113] Either use an argument of the function or declare the variable inside the dataflow loop body (design.cpp:106:1267)
Resolution: For help on HLS 214-113 see docs.xilinx.com/access/sources/dita/topic?Doc_Version=2023.2%20English&url=ug1448-hls-guidance&resourceid=214-113.html
WARNING: [HLS 214-113] Either use an argument of the function or declare the variable inside the dataflow loop body (design.cpp:106:1308)
Resolution: For help on HLS 214-113 see docs.xilinx.com/access/sources/dita/topic?Doc_Version=2023.2%20English&url=ug1448-hls-guidance&resourceid=214-113.html
WARNING: [HLS 214-113] Either use an argument of the function or declare the variable inside the dataflow loop body (design.cpp:106:1354)
Resolution: For help on HLS 214-113 see docs.xilinx.com/access/sources/dita/topic?Doc_Version=2023.2%20English&url=ug1448-hls-guidance&resourceid=214-113.html
WARNING: [HLS 214-113] Either use an argument of the function or declare the variable inside the dataflow loop body (design.cpp:106:1411)
Resolution: For help on HLS 214-113 see docs.xilinx.com/access/sources/dita/topic?Doc_Version=2023.2%20English&url=ug1448-hls-guidance&resourceid=214-113.html
WARNING: [HLS 214-113] Either use an argument of the function or declare the variable inside the dataflow loop body (design.cpp:106:1457)
Resolution: For help on HLS 214-113 see docs.xilinx.com/access/sources/dita/topic?Doc_Version=2023.2%20English&url=ug1448-hls-guidance&resourceid=214-113.html
WARNING: [HLS 214-113] Either use an argument of the function or declare the variable inside the dataflow loop body (design.cpp:106:1505)
Resolution: For help on HLS 214-113 see docs.xilinx.com/access/sources/dita/topic?Doc_Version=2023.2%20English&url=ug1448-hls-guidance&resourceid=214-113.html
WARNING: [HLS 214-113] Either use an argument of the function or declare the variable inside the dataflow loop body (design.cpp:106:1546)
Resolution: For help on HLS 214-113 see docs.xilinx.com/access/sources/dita/topic?Doc_Version=2023.2%20English&url=ug1448-hls-guidance&resourceid=214-113.html
WARNING: [HLS 214-113] Either use an argument of the function or declare the variable inside the dataflow loop body (design.cpp:106:1587)
Resolution: For help on HLS 214-113 see docs.xilinx.com/access/sources/dita/topic?Doc_Version=2023.2%20English&url=ug1448-hls-guidance&resourceid=214-113.html
WARNING: [HLS 214-113] Either use an argument of the function or declare the variable inside the dataflow loop body (design.cpp:106:1633)
Resolution: For help on HLS 214-113 see docs.xilinx.com/access/sources/dita/topic?Doc_Version=2023.2%20English&url=ug1448-hls-guidance&resourceid=214-113.html
WARNING: [HLS 214-113] Either use an argument of the function or declare the variable inside the dataflow loop body (design.cpp:106:1690)
Resolution: For help on HLS 214-113 see docs.xilinx.com/access/sources/dita/topic?Doc_Version=2023.2%20English&url=ug1448-hls-guidance&resourceid=214-113.html
WARNING: [HLS 214-113] Either use an argument of the function or declare the variable inside the dataflow loop body (design.cpp:106:1736)
Resolution: For help on HLS 214-113 see docs.xilinx.com/access/sources/dita/topic?Doc_Version=2023.2%20English&url=ug1448-hls-guidance&resourceid=214-113.html
WARNING: [HLS 214-113] Either use an argument of the function or declare the variable inside the dataflow loop body (design.cpp:106:1784)
Resolution: For help on HLS 214-113 see docs.xilinx.com/access/sources/dita/topic?Doc_Version=2023.2%20English&url=ug1448-hls-guidance&resourceid=214-113.html
WARNING: [HLS 214-113] Either use an argument of the function or declare the variable inside the dataflow loop body (design.cpp:106:1825)
Resolution: For help on HLS 214-113 see docs.xilinx.com/access/sources/dita/topic?Doc_Version=2023.2%20English&url=ug1448-hls-guidance&resourceid=214-113.html
WARNING: [HLS 214-113] Either use an argument of the function or declare the variable inside the dataflow loop body (design.cpp:106:1866)
Resolution: For help on HLS 214-113 see docs.xilinx.com/access/sources/dita/topic?Doc_Version=2023.2%20English&url=ug1448-hls-guidance&resourceid=214-113.html
WARNING: [HLS 214-113] Either use an argument of the function or declare the variable inside the dataflow loop body (design.cpp:106:1912)
Resolution: For help on HLS 214-113 see docs.xilinx.com/access/sources/dita/topic?Doc_Version=2023.2%20English&url=ug1448-hls-guidance&resourceid=214-113.html
WARNING: [HLS 214-113] Either use an argument of the function or declare the variable inside the dataflow loop body (design.cpp:106:1969)
Resolution: For help on HLS 214-113 see docs.xilinx.com/access/sources/dita/topic?Doc_Version=2023.2%20English&url=ug1448-hls-guidance&resourceid=214-113.html
WARNING: [HLS 214-113] Either use an argument of the function or declare the variable inside the dataflow loop body (design.cpp:106:2015)
Resolution: For help on HLS 214-113 see docs.xilinx.com/access/sources/dita/topic?Doc_Version=2023.2%20English&url=ug1448-hls-guidance&resourceid=214-113.html
WARNING: [HLS 214-113] Either use an argument of the function or declare the variable inside the dataflow loop body (design.cpp:106:2063)
Resolution: For help on HLS 214-113 see docs.xilinx.com/access/sources/dita/topic?Doc_Version=2023.2%20English&url=ug1448-hls-guidance&resourceid=214-113.html
WARNING: [HLS 214-113] Either use an argument of the function or declare the variable inside the dataflow loop body (design.cpp:106:2104)
Resolution: For help on HLS 214-113 see docs.xilinx.com/access/sources/dita/topic?Doc_Version=2023.2%20English&url=ug1448-hls-guidance&resourceid=214-113.html
WARNING: [HLS 214-113] Either use an argument of the function or declare the variable inside the dataflow loop body (design.cpp:106:2145)
Resolution: For help on HLS 214-113 see docs.xilinx.com/access/sources/dita/topic?Doc_Version=2023.2%20English&url=ug1448-hls-guidance&resourceid=214-113.html
WARNING: [HLS 214-113] Either use an argument of the function or declare the variable inside the dataflow loop body (design.cpp:106:2191)
Resolution: For help on HLS 214-113 see docs.xilinx.com/access/sources/dita/topic?Doc_Version=2023.2%20English&url=ug1448-hls-guidance&resourceid=214-113.html
WARNING: [HLS 214-113] Either use an argument of the function or declare the variable inside the dataflow loop body (design.cpp:107:16)
Resolution: For help on HLS 214-113 see docs.xilinx.com/access/sources/dita/topic?Doc_Version=2023.2%20English&url=ug1448-hls-guidance&resourceid=214-113.html
WARNING: [HLS 214-113] Either use an argument of the function or declare the variable inside the dataflow loop body (design.cpp:107:62)
Resolution: For help on HLS 214-113 see docs.xilinx.com/access/sources/dita/topic?Doc_Version=2023.2%20English&url=ug1448-hls-guidance&resourceid=214-113.html
WARNING: [HLS 214-113] Either use an argument of the function or declare the variable inside the dataflow loop body (design.cpp:107:110)
Resolution: For help on HLS 214-113 see docs.xilinx.com/access/sources/dita/topic?Doc_Version=2023.2%20English&url=ug1448-hls-guidance&resourceid=214-113.html
WARNING: [HLS 214-113] Either use an argument of the function or declare the variable inside the dataflow loop body (design.cpp:107:151)
Resolution: For help on HLS 214-113 see docs.xilinx.com/access/sources/dita/topic?Doc_Version=2023.2%20English&url=ug1448-hls-guidance&resourceid=214-113.html
WARNING: [HLS 214-113] Either use an argument of the function or declare the variable inside the dataflow loop body (design.cpp:107:192)
Resolution: For help on HLS 214-113 see docs.xilinx.com/access/sources/dita/topic?Doc_Version=2023.2%20English&url=ug1448-hls-guidance&resourceid=214-113.html
WARNING: [HLS 214-113] Either use an argument of the function or declare the variable inside the dataflow loop body (design.cpp:107:238)
Resolution: For help on HLS 214-113 see docs.xilinx.com/access/sources/dita/topic?Doc_Version=2023.2%20English&url=ug1448-hls-guidance&resourceid=214-113.html
WARNING: [HLS 214-113] Either use an argument of the function or declare the variable inside the dataflow loop body (design.cpp:107:295)
Resolution: For help on HLS 214-113 see docs.xilinx.com/access/sources/dita/topic?Doc_Version=2023.2%20English&url=ug1448-hls-guidance&resourceid=214-113.html
WARNING: [HLS 214-113] Either use an argument of the function or declare the variable inside the dataflow loop body (design.cpp:107:341)
Resolution: For help on HLS 214-113 see docs.xilinx.com/access/sources/dita/topic?Doc_Version=2023.2%20English&url=ug1448-hls-guidance&resourceid=214-113.html
WARNING: [HLS 214-113] Either use an argument of the function or declare the variable inside the dataflow loop body (design.cpp:107:389)
Resolution: For help on HLS 214-113 see docs.xilinx.com/access/sources/dita/topic?Doc_Version=2023.2%20English&url=ug1448-hls-guidance&resourceid=214-113.html
WARNING: [HLS 214-113] Either use an argument of the function or declare the variable inside the dataflow loop body (design.cpp:107:430)
Resolution: For help on HLS 214-113 see docs.xilinx.com/access/sources/dita/topic?Doc_Version=2023.2%20English&url=ug1448-hls-guidance&resourceid=214-113.html
WARNING: [HLS 214-113] Either use an argument of the function or declare the variable inside the dataflow loop body (design.cpp:107:471)
Resolution: For help on HLS 214-113 see docs.xilinx.com/access/sources/dita/topic?Doc_Version=2023.2%20English&url=ug1448-hls-guidance&resourceid=214-113.html
WARNING: [HLS 214-113] Either use an argument of the function or declare the variable inside the dataflow loop body (design.cpp:107:517)
Resolution: For help on HLS 214-113 see docs.xilinx.com/access/sources/dita/topic?Doc_Version=2023.2%20English&url=ug1448-hls-guidance&resourceid=214-113.html
WARNING: [HLS 214-113] Either use an argument of the function or declare the variable inside the dataflow loop body (design.cpp:107:574)
Resolution: For help on HLS 214-113 see docs.xilinx.com/access/sources/dita/topic?Doc_Version=2023.2%20English&url=ug1448-hls-guidance&resourceid=214-113.html
WARNING: [HLS 214-113] Either use an argument of the function or declare the variable inside the dataflow loop body (design.cpp:107:620)
Resolution: For help on HLS 214-113 see docs.xilinx.com/access/sources/dita/topic?Doc_Version=2023.2%20English&url=ug1448-hls-guidance&resourceid=214-113.html
WARNING: [HLS 214-113] Either use an argument of the function or declare the variable inside the dataflow loop body (design.cpp:107:668)
Resolution: For help on HLS 214-113 see docs.xilinx.com/access/sources/dita/topic?Doc_Version=2023.2%20English&url=ug1448-hls-guidance&resourceid=214-113.html
WARNING: [HLS 214-113] Either use an argument of the function or declare the variable inside the dataflow loop body (design.cpp:107:709)
Resolution: For help on HLS 214-113 see docs.xilinx.com/access/sources/dita/topic?Doc_Version=2023.2%20English&url=ug1448-hls-guidance&resourceid=214-113.html
WARNING: [HLS 214-113] Either use an argument of the function or declare the variable inside the dataflow loop body (design.cpp:107:750)
Resolution: For help on HLS 214-113 see docs.xilinx.com/access/sources/dita/topic?Doc_Version=2023.2%20English&url=ug1448-hls-guidance&resourceid=214-113.html
WARNING: [HLS 214-113] Either use an argument of the function or declare the variable inside the dataflow loop body (design.cpp:107:796)
Resolution: For help on HLS 214-113 see docs.xilinx.com/access/sources/dita/topic?Doc_Version=2023.2%20English&url=ug1448-hls-guidance&resourceid=214-113.html
WARNING: [HLS 214-113] Either use an argument of the function or declare the variable inside the dataflow loop body (design.cpp:107:853)
Resolution: For help on HLS 214-113 see docs.xilinx.com/access/sources/dita/topic?Doc_Version=2023.2%20English&url=ug1448-hls-guidance&resourceid=214-113.html
WARNING: [HLS 214-113] Either use an argument of the function or declare the variable inside the dataflow loop body (design.cpp:107:899)
Resolution: For help on HLS 214-113 see docs.xilinx.com/access/sources/dita/topic?Doc_Version=2023.2%20English&url=ug1448-hls-guidance&resourceid=214-113.html
WARNING: [HLS 214-113] Either use an argument of the function or declare the variable inside the dataflow loop body (design.cpp:107:947)
Resolution: For help on HLS 214-113 see docs.xilinx.com/access/sources/dita/topic?Doc_Version=2023.2%20English&url=ug1448-hls-guidance&resourceid=214-113.html
WARNING: [HLS 214-113] Either use an argument of the function or declare the variable inside the dataflow loop body (design.cpp:107:988)
Resolution: For help on HLS 214-113 see docs.xilinx.com/access/sources/dita/topic?Doc_Version=2023.2%20English&url=ug1448-hls-guidance&resourceid=214-113.html
WARNING: [HLS 214-113] Either use an argument of the function or declare the variable inside the dataflow loop body (design.cpp:107:1029)
Resolution: For help on HLS 214-113 see docs.xilinx.com/access/sources/dita/topic?Doc_Version=2023.2%20English&url=ug1448-hls-guidance&resourceid=214-113.html
WARNING: [HLS 214-113] Either use an argument of the function or declare the variable inside the dataflow loop body (design.cpp:107:1075)
Resolution: For help on HLS 214-113 see docs.xilinx.com/access/sources/dita/topic?Doc_Version=2023.2%20English&url=ug1448-hls-guidance&resourceid=214-113.html
WARNING: [HLS 214-113] Either use an argument of the function or declare the variable inside the dataflow loop body (design.cpp:107:1132)
Resolution: For help on HLS 214-113 see docs.xilinx.com/access/sources/dita/topic?Doc_Version=2023.2%20English&url=ug1448-hls-guidance&resourceid=214-113.html
WARNING: [HLS 214-113] Either use an argument of the function or declare the variable inside the dataflow loop body (design.cpp:107:1178)
Resolution: For help on HLS 214-113 see docs.xilinx.com/access/sources/dita/topic?Doc_Version=2023.2%20English&url=ug1448-hls-guidance&resourceid=214-113.html
WARNING: [HLS 214-113] Either use an argument of the function or declare the variable inside the dataflow loop body (design.cpp:107:1226)
Resolution: For help on HLS 214-113 see docs.xilinx.com/access/sources/dita/topic?Doc_Version=2023.2%20English&url=ug1448-hls-guidance&resourceid=214-113.html
WARNING: [HLS 214-113] Either use an argument of the function or declare the variable inside the dataflow loop body (design.cpp:107:1267)
Resolution: For help on HLS 214-113 see docs.xilinx.com/access/sources/dita/topic?Doc_Version=2023.2%20English&url=ug1448-hls-guidance&resourceid=214-113.html
WARNING: [HLS 214-113] Either use an argument of the function or declare the variable inside the dataflow loop body (design.cpp:107:1308)
Resolution: For help on HLS 214-113 see docs.xilinx.com/access/sources/dita/topic?Doc_Version=2023.2%20English&url=ug1448-hls-guidance&resourceid=214-113.html
WARNING: [HLS 214-113] Either use an argument of the function or declare the variable inside the dataflow loop body (design.cpp:107:1354)
Resolution: For help on HLS 214-113 see docs.xilinx.com/access/sources/dita/topic?Doc_Version=2023.2%20English&url=ug1448-hls-guidance&resourceid=214-113.html
WARNING: [HLS 214-113] Either use an argument of the function or declare the variable inside the dataflow loop body (design.cpp:107:1411)
Resolution: For help on HLS 214-113 see docs.xilinx.com/access/sources/dita/topic?Doc_Version=2023.2%20English&url=ug1448-hls-guidance&resourceid=214-113.html
WARNING: [HLS 214-113] Either use an argument of the function or declare the variable inside the dataflow loop body (design.cpp:107:1457)
Resolution: For help on HLS 214-113 see docs.xilinx.com/access/sources/dita/topic?Doc_Version=2023.2%20English&url=ug1448-hls-guidance&resourceid=214-113.html
WARNING: [HLS 214-113] Either use an argument of the function or declare the variable inside the dataflow loop body (design.cpp:107:1505)
Resolution: For help on HLS 214-113 see docs.xilinx.com/access/sources/dita/topic?Doc_Version=2023.2%20English&url=ug1448-hls-guidance&resourceid=214-113.html
WARNING: [HLS 214-113] Either use an argument of the function or declare the variable inside the dataflow loop body (design.cpp:107:1546)
Resolution: For help on HLS 214-113 see docs.xilinx.com/access/sources/dita/topic?Doc_Version=2023.2%20English&url=ug1448-hls-guidance&resourceid=214-113.html
WARNING: [HLS 214-113] Either use an argument of the function or declare the variable inside the dataflow loop body (design.cpp:107:1587)
Resolution: For help on HLS 214-113 see docs.xilinx.com/access/sources/dita/topic?Doc_Version=2023.2%20English&url=ug1448-hls-guidance&resourceid=214-113.html
WARNING: [HLS 214-113] Either use an argument of the function or declare the variable inside the dataflow loop body (design.cpp:107:1633)
Resolution: For help on HLS 214-113 see docs.xilinx.com/access/sources/dita/topic?Doc_Version=2023.2%20English&url=ug1448-hls-guidance&resourceid=214-113.html
WARNING: [HLS 214-113] Either use an argument of the function or declare the variable inside the dataflow loop body (design.cpp:107:1690)
Resolution: For help on HLS 214-113 see docs.xilinx.com/access/sources/dita/topic?Doc_Version=2023.2%20English&url=ug1448-hls-guidance&resourceid=214-113.html
WARNING: [HLS 214-113] Either use an argument of the function or declare the variable inside the dataflow loop body (design.cpp:107:1736)
Resolution: For help on HLS 214-113 see docs.xilinx.com/access/sources/dita/topic?Doc_Version=2023.2%20English&url=ug1448-hls-guidance&resourceid=214-113.html
WARNING: [HLS 214-113] Either use an argument of the function or declare the variable inside the dataflow loop body (design.cpp:107:1784)
Resolution: For help on HLS 214-113 see docs.xilinx.com/access/sources/dita/topic?Doc_Version=2023.2%20English&url=ug1448-hls-guidance&resourceid=214-113.html
WARNING: [HLS 214-113] Either use an argument of the function or declare the variable inside the dataflow loop body (design.cpp:107:1825)
Resolution: For help on HLS 214-113 see docs.xilinx.com/access/sources/dita/topic?Doc_Version=2023.2%20English&url=ug1448-hls-guidance&resourceid=214-113.html
WARNING: [HLS 214-113] Either use an argument of the function or declare the variable inside the dataflow loop body (design.cpp:107:1866)
Resolution: For help on HLS 214-113 see docs.xilinx.com/access/sources/dita/topic?Doc_Version=2023.2%20English&url=ug1448-hls-guidance&resourceid=214-113.html
WARNING: [HLS 214-113] Either use an argument of the function or declare the variable inside the dataflow loop body (design.cpp:107:1912)
Resolution: For help on HLS 214-113 see docs.xilinx.com/access/sources/dita/topic?Doc_Version=2023.2%20English&url=ug1448-hls-guidance&resourceid=214-113.html
WARNING: [HLS 214-113] Either use an argument of the function or declare the variable inside the dataflow loop body (design.cpp:107:1969)
Resolution: For help on HLS 214-113 see docs.xilinx.com/access/sources/dita/topic?Doc_Version=2023.2%20English&url=ug1448-hls-guidance&resourceid=214-113.html
WARNING: [HLS 214-113] Either use an argument of the function or declare the variable inside the dataflow loop body (design.cpp:107:2015)
Resolution: For help on HLS 214-113 see docs.xilinx.com/access/sources/dita/topic?Doc_Version=2023.2%20English&url=ug1448-hls-guidance&resourceid=214-113.html
WARNING: [HLS 214-113] Either use an argument of the function or declare the variable inside the dataflow loop body (design.cpp:107:2063)
Resolution: For help on HLS 214-113 see docs.xilinx.com/access/sources/dita/topic?Doc_Version=2023.2%20English&url=ug1448-hls-guidance&resourceid=214-113.html
WARNING: [HLS 214-113] Either use an argument of the function or declare the variable inside the dataflow loop body (design.cpp:107:2104)
Resolution: For help on HLS 214-113 see docs.xilinx.com/access/sources/dita/topic?Doc_Version=2023.2%20English&url=ug1448-hls-guidance&resourceid=214-113.html
WARNING: [HLS 214-113] Either use an argument of the function or declare the variable inside the dataflow loop body (design.cpp:107:2145)
Resolution: For help on HLS 214-113 see docs.xilinx.com/access/sources/dita/topic?Doc_Version=2023.2%20English&url=ug1448-hls-guidance&resourceid=214-113.html
WARNING: [HLS 214-113] Either use an argument of the function or declare the variable inside the dataflow loop body (design.cpp:107:2191)
Resolution: For help on HLS 214-113 see docs.xilinx.com/access/sources/dita/topic?Doc_Version=2023.2%20English&url=ug1448-hls-guidance&resourceid=214-113.html
WARNING: [HLS 214-113] Either use an argument of the function or declare the variable inside the dataflow loop body (design.cpp:108:16)
Resolution: For help on HLS 214-113 see docs.xilinx.com/access/sources/dita/topic?Doc_Version=2023.2%20English&url=ug1448-hls-guidance&resourceid=214-113.html
WARNING: [HLS 214-113] Either use an argument of the function or declare the variable inside the dataflow loop body (design.cpp:108:62)
Resolution: For help on HLS 214-113 see docs.xilinx.com/access/sources/dita/topic?Doc_Version=2023.2%20English&url=ug1448-hls-guidance&resourceid=214-113.html
WARNING: [HLS 214-113] Either use an argument of the function or declare the variable inside the dataflow loop body (design.cpp:108:110)
Resolution: For help on HLS 214-113 see docs.xilinx.com/access/sources/dita/topic?Doc_Version=2023.2%20English&url=ug1448-hls-guidance&resourceid=214-113.html
WARNING: [HLS 214-113] Either use an argument of the function or declare the variable inside the dataflow loop body (design.cpp:108:151)
Resolution: For help on HLS 214-113 see docs.xilinx.com/access/sources/dita/topic?Doc_Version=2023.2%20English&url=ug1448-hls-guidance&resourceid=214-113.html
WARNING: [HLS 214-113] Either use an argument of the function or declare the variable inside the dataflow loop body (design.cpp:108:192)
Resolution: For help on HLS 214-113 see docs.xilinx.com/access/sources/dita/topic?Doc_Version=2023.2%20English&url=ug1448-hls-guidance&resourceid=214-113.html
WARNING: [HLS 214-113] Either use an argument of the function or declare the variable inside the dataflow loop body (design.cpp:108:238)
Resolution: For help on HLS 214-113 see docs.xilinx.com/access/sources/dita/topic?Doc_Version=2023.2%20English&url=ug1448-hls-guidance&resourceid=214-113.html
WARNING: [HLS 214-113] Either use an argument of the function or declare the variable inside the dataflow loop body (design.cpp:108:295)
Resolution: For help on HLS 214-113 see docs.xilinx.com/access/sources/dita/topic?Doc_Version=2023.2%20English&url=ug1448-hls-guidance&resourceid=214-113.html
WARNING: [HLS 214-113] Either use an argument of the function or declare the variable inside the dataflow loop body (design.cpp:108:341)
Resolution: For help on HLS 214-113 see docs.xilinx.com/access/sources/dita/topic?Doc_Version=2023.2%20English&url=ug1448-hls-guidance&resourceid=214-113.html
WARNING: [HLS 214-113] Either use an argument of the function or declare the variable inside the dataflow loop body (design.cpp:108:389)
Resolution: For help on HLS 214-113 see docs.xilinx.com/access/sources/dita/topic?Doc_Version=2023.2%20English&url=ug1448-hls-guidance&resourceid=214-113.html
WARNING: [HLS 214-113] Either use an argument of the function or declare the variable inside the dataflow loop body (design.cpp:108:430)
Resolution: For help on HLS 214-113 see docs.xilinx.com/access/sources/dita/topic?Doc_Version=2023.2%20English&url=ug1448-hls-guidance&resourceid=214-113.html
WARNING: [HLS 214-113] Either use an argument of the function or declare the variable inside the dataflow loop body (design.cpp:108:471)
Resolution: For help on HLS 214-113 see docs.xilinx.com/access/sources/dita/topic?Doc_Version=2023.2%20English&url=ug1448-hls-guidance&resourceid=214-113.html
WARNING: [HLS 214-113] Either use an argument of the function or declare the variable inside the dataflow loop body (design.cpp:108:517)
Resolution: For help on HLS 214-113 see docs.xilinx.com/access/sources/dita/topic?Doc_Version=2023.2%20English&url=ug1448-hls-guidance&resourceid=214-113.html
WARNING: [HLS 214-113] Either use an argument of the function or declare the variable inside the dataflow loop body (design.cpp:108:574)
Resolution: For help on HLS 214-113 see docs.xilinx.com/access/sources/dita/topic?Doc_Version=2023.2%20English&url=ug1448-hls-guidance&resourceid=214-113.html
WARNING: [HLS 214-113] Either use an argument of the function or declare the variable inside the dataflow loop body (design.cpp:108:620)
Resolution: For help on HLS 214-113 see docs.xilinx.com/access/sources/dita/topic?Doc_Version=2023.2%20English&url=ug1448-hls-guidance&resourceid=214-113.html
WARNING: [HLS 214-113] Either use an argument of the function or declare the variable inside the dataflow loop body (design.cpp:108:668)
Resolution: For help on HLS 214-113 see docs.xilinx.com/access/sources/dita/topic?Doc_Version=2023.2%20English&url=ug1448-hls-guidance&resourceid=214-113.html
WARNING: [HLS 214-113] Either use an argument of the function or declare the variable inside the dataflow loop body (design.cpp:108:709)
Resolution: For help on HLS 214-113 see docs.xilinx.com/access/sources/dita/topic?Doc_Version=2023.2%20English&url=ug1448-hls-guidance&resourceid=214-113.html
WARNING: [HLS 214-113] Either use an argument of the function or declare the variable inside the dataflow loop body (design.cpp:108:750)
Resolution: For help on HLS 214-113 see docs.xilinx.com/access/sources/dita/topic?Doc_Version=2023.2%20English&url=ug1448-hls-guidance&resourceid=214-113.html
WARNING: [HLS 214-113] Either use an argument of the function or declare the variable inside the dataflow loop body (design.cpp:108:796)
Resolution: For help on HLS 214-113 see docs.xilinx.com/access/sources/dita/topic?Doc_Version=2023.2%20English&url=ug1448-hls-guidance&resourceid=214-113.html
WARNING: [HLS 214-113] Either use an argument of the function or declare the variable inside the dataflow loop body (design.cpp:108:853)
Resolution: For help on HLS 214-113 see docs.xilinx.com/access/sources/dita/topic?Doc_Version=2023.2%20English&url=ug1448-hls-guidance&resourceid=214-113.html
WARNING: [HLS 214-113] Either use an argument of the function or declare the variable inside the dataflow loop body (design.cpp:108:899)
Resolution: For help on HLS 214-113 see docs.xilinx.com/access/sources/dita/topic?Doc_Version=2023.2%20English&url=ug1448-hls-guidance&resourceid=214-113.html
WARNING: [HLS 214-113] Either use an argument of the function or declare the variable inside the dataflow loop body (design.cpp:108:947)
Resolution: For help on HLS 214-113 see docs.xilinx.com/access/sources/dita/topic?Doc_Version=2023.2%20English&url=ug1448-hls-guidance&resourceid=214-113.html
WARNING: [HLS 214-113] Either use an argument of the function or declare the variable inside the dataflow loop body (design.cpp:108:988)
Resolution: For help on HLS 214-113 see docs.xilinx.com/access/sources/dita/topic?Doc_Version=2023.2%20English&url=ug1448-hls-guidance&resourceid=214-113.html
WARNING: [HLS 214-113] Either use an argument of the function or declare the variable inside the dataflow loop body (design.cpp:108:1029)
Resolution: For help on HLS 214-113 see docs.xilinx.com/access/sources/dita/topic?Doc_Version=2023.2%20English&url=ug1448-hls-guidance&resourceid=214-113.html
WARNING: [HLS 214-113] Either use an argument of the function or declare the variable inside the dataflow loop body (design.cpp:108:1075)
Resolution: For help on HLS 214-113 see docs.xilinx.com/access/sources/dita/topic?Doc_Version=2023.2%20English&url=ug1448-hls-guidance&resourceid=214-113.html
WARNING: [HLS 214-113] Either use an argument of the function or declare the variable inside the dataflow loop body (design.cpp:108:1132)
Resolution: For help on HLS 214-113 see docs.xilinx.com/access/sources/dita/topic?Doc_Version=2023.2%20English&url=ug1448-hls-guidance&resourceid=214-113.html
WARNING: [HLS 214-113] Either use an argument of the function or declare the variable inside the dataflow loop body (design.cpp:108:1178)
Resolution: For help on HLS 214-113 see docs.xilinx.com/access/sources/dita/topic?Doc_Version=2023.2%20English&url=ug1448-hls-guidance&resourceid=214-113.html
WARNING: [HLS 214-113] Either use an argument of the function or declare the variable inside the dataflow loop body (design.cpp:108:1226)
Resolution: For help on HLS 214-113 see docs.xilinx.com/access/sources/dita/topic?Doc_Version=2023.2%20English&url=ug1448-hls-guidance&resourceid=214-113.html
WARNING: [HLS 214-113] Either use an argument of the function or declare the variable inside the dataflow loop body (design.cpp:108:1267)
Resolution: For help on HLS 214-113 see docs.xilinx.com/access/sources/dita/topic?Doc_Version=2023.2%20English&url=ug1448-hls-guidance&resourceid=214-113.html
WARNING: [HLS 214-113] Either use an argument of the function or declare the variable inside the dataflow loop body (design.cpp:108:1308)
Resolution: For help on HLS 214-113 see docs.xilinx.com/access/sources/dita/topic?Doc_Version=2023.2%20English&url=ug1448-hls-guidance&resourceid=214-113.html
WARNING: [HLS 214-113] Either use an argument of the function or declare the variable inside the dataflow loop body (design.cpp:108:1354)
Resolution: For help on HLS 214-113 see docs.xilinx.com/access/sources/dita/topic?Doc_Version=2023.2%20English&url=ug1448-hls-guidance&resourceid=214-113.html
WARNING: [HLS 214-113] Either use an argument of the function or declare the variable inside the dataflow loop body (design.cpp:108:1411)
Resolution: For help on HLS 214-113 see docs.xilinx.com/access/sources/dita/topic?Doc_Version=2023.2%20English&url=ug1448-hls-guidance&resourceid=214-113.html
WARNING: [HLS 214-113] Either use an argument of the function or declare the variable inside the dataflow loop body (design.cpp:108:1457)
Resolution: For help on HLS 214-113 see docs.xilinx.com/access/sources/dita/topic?Doc_Version=2023.2%20English&url=ug1448-hls-guidance&resourceid=214-113.html
WARNING: [HLS 214-113] Either use an argument of the function or declare the variable inside the dataflow loop body (design.cpp:108:1505)
Resolution: For help on HLS 214-113 see docs.xilinx.com/access/sources/dita/topic?Doc_Version=2023.2%20English&url=ug1448-hls-guidance&resourceid=214-113.html
WARNING: [HLS 214-113] Either use an argument of the function or declare the variable inside the dataflow loop body (design.cpp:108:1546)
Resolution: For help on HLS 214-113 see docs.xilinx.com/access/sources/dita/topic?Doc_Version=2023.2%20English&url=ug1448-hls-guidance&resourceid=214-113.html
WARNING: [HLS 214-113] Either use an argument of the function or declare the variable inside the dataflow loop body (design.cpp:108:1587)
Resolution: For help on HLS 214-113 see docs.xilinx.com/access/sources/dita/topic?Doc_Version=2023.2%20English&url=ug1448-hls-guidance&resourceid=214-113.html
WARNING: [HLS 214-113] Either use an argument of the function or declare the variable inside the dataflow loop body (design.cpp:108:1633)
Resolution: For help on HLS 214-113 see docs.xilinx.com/access/sources/dita/topic?Doc_Version=2023.2%20English&url=ug1448-hls-guidance&resourceid=214-113.html
WARNING: [HLS 214-113] Either use an argument of the function or declare the variable inside the dataflow loop body (design.cpp:108:1690)
Resolution: For help on HLS 214-113 see docs.xilinx.com/access/sources/dita/topic?Doc_Version=2023.2%20English&url=ug1448-hls-guidance&resourceid=214-113.html
WARNING: [HLS 214-113] Either use an argument of the function or declare the variable inside the dataflow loop body (design.cpp:108:1736)
Resolution: For help on HLS 214-113 see docs.xilinx.com/access/sources/dita/topic?Doc_Version=2023.2%20English&url=ug1448-hls-guidance&resourceid=214-113.html
WARNING: [HLS 214-113] Either use an argument of the function or declare the variable inside the dataflow loop body (design.cpp:108:1784)
Resolution: For help on HLS 214-113 see docs.xilinx.com/access/sources/dita/topic?Doc_Version=2023.2%20English&url=ug1448-hls-guidance&resourceid=214-113.html
WARNING: [HLS 214-113] Either use an argument of the function or declare the variable inside the dataflow loop body (design.cpp:108:1825)
Resolution: For help on HLS 214-113 see docs.xilinx.com/access/sources/dita/topic?Doc_Version=2023.2%20English&url=ug1448-hls-guidance&resourceid=214-113.html
WARNING: [HLS 214-113] Either use an argument of the function or declare the variable inside the dataflow loop body (design.cpp:108:1866)
Resolution: For help on HLS 214-113 see docs.xilinx.com/access/sources/dita/topic?Doc_Version=2023.2%20English&url=ug1448-hls-guidance&resourceid=214-113.html
WARNING: [HLS 214-113] Either use an argument of the function or declare the variable inside the dataflow loop body (design.cpp:108:1912)
Resolution: For help on HLS 214-113 see docs.xilinx.com/access/sources/dita/topic?Doc_Version=2023.2%20English&url=ug1448-hls-guidance&resourceid=214-113.html
WARNING: [HLS 214-113] Either use an argument of the function or declare the variable inside the dataflow loop body (design.cpp:108:1969)
Resolution: For help on HLS 214-113 see docs.xilinx.com/access/sources/dita/topic?Doc_Version=2023.2%20English&url=ug1448-hls-guidance&resourceid=214-113.html
WARNING: [HLS 214-113] Either use an argument of the function or declare the variable inside the dataflow loop body (design.cpp:108:2015)
Resolution: For help on HLS 214-113 see docs.xilinx.com/access/sources/dita/topic?Doc_Version=2023.2%20English&url=ug1448-hls-guidance&resourceid=214-113.html
WARNING: [HLS 214-113] Either use an argument of the function or declare the variable inside the dataflow loop body (design.cpp:108:2063)
Resolution: For help on HLS 214-113 see docs.xilinx.com/access/sources/dita/topic?Doc_Version=2023.2%20English&url=ug1448-hls-guidance&resourceid=214-113.html
WARNING: [HLS 214-113] Either use an argument of the function or declare the variable inside the dataflow loop body (design.cpp:108:2104)
Resolution: For help on HLS 214-113 see docs.xilinx.com/access/sources/dita/topic?Doc_Version=2023.2%20English&url=ug1448-hls-guidance&resourceid=214-113.html
WARNING: [HLS 214-113] Either use an argument of the function or declare the variable inside the dataflow loop body (design.cpp:108:2145)
Resolution: For help on HLS 214-113 see docs.xilinx.com/access/sources/dita/topic?Doc_Version=2023.2%20English&url=ug1448-hls-guidance&resourceid=214-113.html
WARNING: [HLS 214-113] Either use an argument of the function or declare the variable inside the dataflow loop body (design.cpp:108:2191)
Resolution: For help on HLS 214-113 see docs.xilinx.com/access/sources/dita/topic?Doc_Version=2023.2%20English&url=ug1448-hls-guidance&resourceid=214-113.html
WARNING: [HLS 214-113] Either use an argument of the function or declare the variable inside the dataflow loop body (design.cpp:109:16)
Resolution: For help on HLS 214-113 see docs.xilinx.com/access/sources/dita/topic?Doc_Version=2023.2%20English&url=ug1448-hls-guidance&resourceid=214-113.html
WARNING: [HLS 214-113] Either use an argument of the function or declare the variable inside the dataflow loop body (design.cpp:109:62)
Resolution: For help on HLS 214-113 see docs.xilinx.com/access/sources/dita/topic?Doc_Version=2023.2%20English&url=ug1448-hls-guidance&resourceid=214-113.html
WARNING: [HLS 214-113] Either use an argument of the function or declare the variable inside the dataflow loop body (design.cpp:109:110)
Resolution: For help on HLS 214-113 see docs.xilinx.com/access/sources/dita/topic?Doc_Version=2023.2%20English&url=ug1448-hls-guidance&resourceid=214-113.html
WARNING: [HLS 214-113] Either use an argument of the function or declare the variable inside the dataflow loop body (design.cpp:109:151)
Resolution: For help on HLS 214-113 see docs.xilinx.com/access/sources/dita/topic?Doc_Version=2023.2%20English&url=ug1448-hls-guidance&resourceid=214-113.html
WARNING: [HLS 214-113] Either use an argument of the function or declare the variable inside the dataflow loop body (design.cpp:109:192)
Resolution: For help on HLS 214-113 see docs.xilinx.com/access/sources/dita/topic?Doc_Version=2023.2%20English&url=ug1448-hls-guidance&resourceid=214-113.html
WARNING: [HLS 214-113] Either use an argument of the function or declare the variable inside the dataflow loop body (design.cpp:109:238)
Resolution: For help on HLS 214-113 see docs.xilinx.com/access/sources/dita/topic?Doc_Version=2023.2%20English&url=ug1448-hls-guidance&resourceid=214-113.html
WARNING: [HLS 214-113] Either use an argument of the function or declare the variable inside the dataflow loop body (design.cpp:109:295)
Resolution: For help on HLS 214-113 see docs.xilinx.com/access/sources/dita/topic?Doc_Version=2023.2%20English&url=ug1448-hls-guidance&resourceid=214-113.html
WARNING: [HLS 214-113] Either use an argument of the function or declare the variable inside the dataflow loop body (design.cpp:109:341)
Resolution: For help on HLS 214-113 see docs.xilinx.com/access/sources/dita/topic?Doc_Version=2023.2%20English&url=ug1448-hls-guidance&resourceid=214-113.html
WARNING: [HLS 214-113] Either use an argument of the function or declare the variable inside the dataflow loop body (design.cpp:109:389)
Resolution: For help on HLS 214-113 see docs.xilinx.com/access/sources/dita/topic?Doc_Version=2023.2%20English&url=ug1448-hls-guidance&resourceid=214-113.html
WARNING: [HLS 214-113] Either use an argument of the function or declare the variable inside the dataflow loop body (design.cpp:109:430)
Resolution: For help on HLS 214-113 see docs.xilinx.com/access/sources/dita/topic?Doc_Version=2023.2%20English&url=ug1448-hls-guidance&resourceid=214-113.html
WARNING: [HLS 214-113] Either use an argument of the function or declare the variable inside the dataflow loop body (design.cpp:109:471)
Resolution: For help on HLS 214-113 see docs.xilinx.com/access/sources/dita/topic?Doc_Version=2023.2%20English&url=ug1448-hls-guidance&resourceid=214-113.html
WARNING: [HLS 214-113] Either use an argument of the function or declare the variable inside the dataflow loop body (design.cpp:109:517)
Resolution: For help on HLS 214-113 see docs.xilinx.com/access/sources/dita/topic?Doc_Version=2023.2%20English&url=ug1448-hls-guidance&resourceid=214-113.html
WARNING: [HLS 214-113] Either use an argument of the function or declare the variable inside the dataflow loop body (design.cpp:109:574)
Resolution: For help on HLS 214-113 see docs.xilinx.com/access/sources/dita/topic?Doc_Version=2023.2%20English&url=ug1448-hls-guidance&resourceid=214-113.html
WARNING: [HLS 214-113] Either use an argument of the function or declare the variable inside the dataflow loop body (design.cpp:109:620)
Resolution: For help on HLS 214-113 see docs.xilinx.com/access/sources/dita/topic?Doc_Version=2023.2%20English&url=ug1448-hls-guidance&resourceid=214-113.html
WARNING: [HLS 214-113] Either use an argument of the function or declare the variable inside the dataflow loop body (design.cpp:109:668)
Resolution: For help on HLS 214-113 see docs.xilinx.com/access/sources/dita/topic?Doc_Version=2023.2%20English&url=ug1448-hls-guidance&resourceid=214-113.html
WARNING: [HLS 214-113] Either use an argument of the function or declare the variable inside the dataflow loop body (design.cpp:109:709)
Resolution: For help on HLS 214-113 see docs.xilinx.com/access/sources/dita/topic?Doc_Version=2023.2%20English&url=ug1448-hls-guidance&resourceid=214-113.html
WARNING: [HLS 214-113] Either use an argument of the function or declare the variable inside the dataflow loop body (design.cpp:109:750)
Resolution: For help on HLS 214-113 see docs.xilinx.com/access/sources/dita/topic?Doc_Version=2023.2%20English&url=ug1448-hls-guidance&resourceid=214-113.html
WARNING: [HLS 214-113] Either use an argument of the function or declare the variable inside the dataflow loop body (design.cpp:109:796)
Resolution: For help on HLS 214-113 see docs.xilinx.com/access/sources/dita/topic?Doc_Version=2023.2%20English&url=ug1448-hls-guidance&resourceid=214-113.html
WARNING: [HLS 214-113] Either use an argument of the function or declare the variable inside the dataflow loop body (design.cpp:109:853)
Resolution: For help on HLS 214-113 see docs.xilinx.com/access/sources/dita/topic?Doc_Version=2023.2%20English&url=ug1448-hls-guidance&resourceid=214-113.html
WARNING: [HLS 214-113] Either use an argument of the function or declare the variable inside the dataflow loop body (design.cpp:109:899)
Resolution: For help on HLS 214-113 see docs.xilinx.com/access/sources/dita/topic?Doc_Version=2023.2%20English&url=ug1448-hls-guidance&resourceid=214-113.html
WARNING: [HLS 214-113] Either use an argument of the function or declare the variable inside the dataflow loop body (design.cpp:109:947)
Resolution: For help on HLS 214-113 see docs.xilinx.com/access/sources/dita/topic?Doc_Version=2023.2%20English&url=ug1448-hls-guidance&resourceid=214-113.html
WARNING: [HLS 214-113] Either use an argument of the function or declare the variable inside the dataflow loop body (design.cpp:109:988)
Resolution: For help on HLS 214-113 see docs.xilinx.com/access/sources/dita/topic?Doc_Version=2023.2%20English&url=ug1448-hls-guidance&resourceid=214-113.html
WARNING: [HLS 214-113] Either use an argument of the function or declare the variable inside the dataflow loop body (design.cpp:109:1029)
Resolution: For help on HLS 214-113 see docs.xilinx.com/access/sources/dita/topic?Doc_Version=2023.2%20English&url=ug1448-hls-guidance&resourceid=214-113.html
WARNING: [HLS 214-113] Either use an argument of the function or declare the variable inside the dataflow loop body (design.cpp:109:1075)
Resolution: For help on HLS 214-113 see docs.xilinx.com/access/sources/dita/topic?Doc_Version=2023.2%20English&url=ug1448-hls-guidance&resourceid=214-113.html
WARNING: [HLS 214-113] Either use an argument of the function or declare the variable inside the dataflow loop body (design.cpp:109:1132)
Resolution: For help on HLS 214-113 see docs.xilinx.com/access/sources/dita/topic?Doc_Version=2023.2%20English&url=ug1448-hls-guidance&resourceid=214-113.html
WARNING: [HLS 214-113] Either use an argument of the function or declare the variable inside the dataflow loop body (design.cpp:109:1178)
Resolution: For help on HLS 214-113 see docs.xilinx.com/access/sources/dita/topic?Doc_Version=2023.2%20English&url=ug1448-hls-guidance&resourceid=214-113.html
WARNING: [HLS 214-113] Either use an argument of the function or declare the variable inside the dataflow loop body (design.cpp:109:1226)
Resolution: For help on HLS 214-113 see docs.xilinx.com/access/sources/dita/topic?Doc_Version=2023.2%20English&url=ug1448-hls-guidance&resourceid=214-113.html
WARNING: [HLS 214-113] Either use an argument of the function or declare the variable inside the dataflow loop body (design.cpp:109:1267)
Resolution: For help on HLS 214-113 see docs.xilinx.com/access/sources/dita/topic?Doc_Version=2023.2%20English&url=ug1448-hls-guidance&resourceid=214-113.html
WARNING: [HLS 214-113] Either use an argument of the function or declare the variable inside the dataflow loop body (design.cpp:109:1308)
Resolution: For help on HLS 214-113 see docs.xilinx.com/access/sources/dita/topic?Doc_Version=2023.2%20English&url=ug1448-hls-guidance&resourceid=214-113.html
WARNING: [HLS 214-113] Either use an argument of the function or declare the variable inside the dataflow loop body (design.cpp:109:1354)
Resolution: For help on HLS 214-113 see docs.xilinx.com/access/sources/dita/topic?Doc_Version=2023.2%20English&url=ug1448-hls-guidance&resourceid=214-113.html
WARNING: [HLS 214-113] Either use an argument of the function or declare the variable inside the dataflow loop body (design.cpp:109:1411)
Resolution: For help on HLS 214-113 see docs.xilinx.com/access/sources/dita/topic?Doc_Version=2023.2%20English&url=ug1448-hls-guidance&resourceid=214-113.html
WARNING: [HLS 214-113] Either use an argument of the function or declare the variable inside the dataflow loop body (design.cpp:109:1457)
Resolution: For help on HLS 214-113 see docs.xilinx.com/access/sources/dita/topic?Doc_Version=2023.2%20English&url=ug1448-hls-guidance&resourceid=214-113.html
WARNING: [HLS 214-113] Either use an argument of the function or declare the variable inside the dataflow loop body (design.cpp:109:1505)
Resolution: For help on HLS 214-113 see docs.xilinx.com/access/sources/dita/topic?Doc_Version=2023.2%20English&url=ug1448-hls-guidance&resourceid=214-113.html
WARNING: [HLS 214-113] Either use an argument of the function or declare the variable inside the dataflow loop body (design.cpp:109:1546)
Resolution: For help on HLS 214-113 see docs.xilinx.com/access/sources/dita/topic?Doc_Version=2023.2%20English&url=ug1448-hls-guidance&resourceid=214-113.html
WARNING: [HLS 214-113] Either use an argument of the function or declare the variable inside the dataflow loop body (design.cpp:109:1587)
Resolution: For help on HLS 214-113 see docs.xilinx.com/access/sources/dita/topic?Doc_Version=2023.2%20English&url=ug1448-hls-guidance&resourceid=214-113.html
WARNING: [HLS 214-113] Either use an argument of the function or declare the variable inside the dataflow loop body (design.cpp:109:1633)
Resolution: For help on HLS 214-113 see docs.xilinx.com/access/sources/dita/topic?Doc_Version=2023.2%20English&url=ug1448-hls-guidance&resourceid=214-113.html
WARNING: [HLS 214-113] Either use an argument of the function or declare the variable inside the dataflow loop body (design.cpp:109:1690)
Resolution: For help on HLS 214-113 see docs.xilinx.com/access/sources/dita/topic?Doc_Version=2023.2%20English&url=ug1448-hls-guidance&resourceid=214-113.html
WARNING: [HLS 214-113] Either use an argument of the function or declare the variable inside the dataflow loop body (design.cpp:109:1736)
Resolution: For help on HLS 214-113 see docs.xilinx.com/access/sources/dita/topic?Doc_Version=2023.2%20English&url=ug1448-hls-guidance&resourceid=214-113.html
WARNING: [HLS 214-113] Either use an argument of the function or declare the variable inside the dataflow loop body (design.cpp:109:1784)
Resolution: For help on HLS 214-113 see docs.xilinx.com/access/sources/dita/topic?Doc_Version=2023.2%20English&url=ug1448-hls-guidance&resourceid=214-113.html
WARNING: [HLS 214-113] Either use an argument of the function or declare the variable inside the dataflow loop body (design.cpp:109:1825)
Resolution: For help on HLS 214-113 see docs.xilinx.com/access/sources/dita/topic?Doc_Version=2023.2%20English&url=ug1448-hls-guidance&resourceid=214-113.html
WARNING: [HLS 214-113] Either use an argument of the function or declare the variable inside the dataflow loop body (design.cpp:109:1866)
Resolution: For help on HLS 214-113 see docs.xilinx.com/access/sources/dita/topic?Doc_Version=2023.2%20English&url=ug1448-hls-guidance&resourceid=214-113.html
WARNING: [HLS 214-113] Either use an argument of the function or declare the variable inside the dataflow loop body (design.cpp:109:1912)
Resolution: For help on HLS 214-113 see docs.xilinx.com/access/sources/dita/topic?Doc_Version=2023.2%20English&url=ug1448-hls-guidance&resourceid=214-113.html
WARNING: [HLS 214-113] Either use an argument of the function or declare the variable inside the dataflow loop body (design.cpp:109:1969)
Resolution: For help on HLS 214-113 see docs.xilinx.com/access/sources/dita/topic?Doc_Version=2023.2%20English&url=ug1448-hls-guidance&resourceid=214-113.html
WARNING: [HLS 214-113] Either use an argument of the function or declare the variable inside the dataflow loop body (design.cpp:109:2015)
Resolution: For help on HLS 214-113 see docs.xilinx.com/access/sources/dita/topic?Doc_Version=2023.2%20English&url=ug1448-hls-guidance&resourceid=214-113.html
WARNING: [HLS 214-113] Either use an argument of the function or declare the variable inside the dataflow loop body (design.cpp:109:2063)
Resolution: For help on HLS 214-113 see docs.xilinx.com/access/sources/dita/topic?Doc_Version=2023.2%20English&url=ug1448-hls-guidance&resourceid=214-113.html
WARNING: [HLS 214-113] Either use an argument of the function or declare the variable inside the dataflow loop body (design.cpp:109:2104)
Resolution: For help on HLS 214-113 see docs.xilinx.com/access/sources/dita/topic?Doc_Version=2023.2%20English&url=ug1448-hls-guidance&resourceid=214-113.html
WARNING: [HLS 214-113] Either use an argument of the function or declare the variable inside the dataflow loop body (design.cpp:109:2145)
Resolution: For help on HLS 214-113 see docs.xilinx.com/access/sources/dita/topic?Doc_Version=2023.2%20English&url=ug1448-hls-guidance&resourceid=214-113.html
WARNING: [HLS 214-113] Either use an argument of the function or declare the variable inside the dataflow loop body (design.cpp:109:2191)
Resolution: For help on HLS 214-113 see docs.xilinx.com/access/sources/dita/topic?Doc_Version=2023.2%20English&url=ug1448-hls-guidance&resourceid=214-113.html
WARNING: [HLS 214-113] Either use an argument of the function or declare the variable inside the dataflow loop body (design.cpp:110:16)
Resolution: For help on HLS 214-113 see docs.xilinx.com/access/sources/dita/topic?Doc_Version=2023.2%20English&url=ug1448-hls-guidance&resourceid=214-113.html
WARNING: [HLS 214-113] Either use an argument of the function or declare the variable inside the dataflow loop body (design.cpp:110:62)
Resolution: For help on HLS 214-113 see docs.xilinx.com/access/sources/dita/topic?Doc_Version=2023.2%20English&url=ug1448-hls-guidance&resourceid=214-113.html
WARNING: [HLS 214-113] Either use an argument of the function or declare the variable inside the dataflow loop body (design.cpp:110:110)
Resolution: For help on HLS 214-113 see docs.xilinx.com/access/sources/dita/topic?Doc_Version=2023.2%20English&url=ug1448-hls-guidance&resourceid=214-113.html
WARNING: [HLS 214-113] Either use an argument of the function or declare the variable inside the dataflow loop body (design.cpp:110:151)
Resolution: For help on HLS 214-113 see docs.xilinx.com/access/sources/dita/topic?Doc_Version=2023.2%20English&url=ug1448-hls-guidance&resourceid=214-113.html
WARNING: [HLS 214-113] Either use an argument of the function or declare the variable inside the dataflow loop body (design.cpp:110:192)
Resolution: For help on HLS 214-113 see docs.xilinx.com/access/sources/dita/topic?Doc_Version=2023.2%20English&url=ug1448-hls-guidance&resourceid=214-113.html
WARNING: [HLS 214-113] Either use an argument of the function or declare the variable inside the dataflow loop body (design.cpp:110:238)
Resolution: For help on HLS 214-113 see docs.xilinx.com/access/sources/dita/topic?Doc_Version=2023.2%20English&url=ug1448-hls-guidance&resourceid=214-113.html
WARNING: [HLS 214-113] Either use an argument of the function or declare the variable inside the dataflow loop body (design.cpp:110:295)
Resolution: For help on HLS 214-113 see docs.xilinx.com/access/sources/dita/topic?Doc_Version=2023.2%20English&url=ug1448-hls-guidance&resourceid=214-113.html
WARNING: [HLS 214-113] Either use an argument of the function or declare the variable inside the dataflow loop body (design.cpp:110:341)
Resolution: For help on HLS 214-113 see docs.xilinx.com/access/sources/dita/topic?Doc_Version=2023.2%20English&url=ug1448-hls-guidance&resourceid=214-113.html
WARNING: [HLS 214-113] Either use an argument of the function or declare the variable inside the dataflow loop body (design.cpp:110:389)
Resolution: For help on HLS 214-113 see docs.xilinx.com/access/sources/dita/topic?Doc_Version=2023.2%20English&url=ug1448-hls-guidance&resourceid=214-113.html
WARNING: [HLS 214-113] Either use an argument of the function or declare the variable inside the dataflow loop body (design.cpp:110:430)
Resolution: For help on HLS 214-113 see docs.xilinx.com/access/sources/dita/topic?Doc_Version=2023.2%20English&url=ug1448-hls-guidance&resourceid=214-113.html
WARNING: [HLS 214-113] Either use an argument of the function or declare the variable inside the dataflow loop body (design.cpp:110:471)
Resolution: For help on HLS 214-113 see docs.xilinx.com/access/sources/dita/topic?Doc_Version=2023.2%20English&url=ug1448-hls-guidance&resourceid=214-113.html
WARNING: [HLS 214-113] Either use an argument of the function or declare the variable inside the dataflow loop body (design.cpp:110:517)
Resolution: For help on HLS 214-113 see docs.xilinx.com/access/sources/dita/topic?Doc_Version=2023.2%20English&url=ug1448-hls-guidance&resourceid=214-113.html
WARNING: [HLS 214-113] Either use an argument of the function or declare the variable inside the dataflow loop body (design.cpp:110:574)
Resolution: For help on HLS 214-113 see docs.xilinx.com/access/sources/dita/topic?Doc_Version=2023.2%20English&url=ug1448-hls-guidance&resourceid=214-113.html
WARNING: [HLS 214-113] Either use an argument of the function or declare the variable inside the dataflow loop body (design.cpp:110:620)
Resolution: For help on HLS 214-113 see docs.xilinx.com/access/sources/dita/topic?Doc_Version=2023.2%20English&url=ug1448-hls-guidance&resourceid=214-113.html
WARNING: [HLS 214-113] Either use an argument of the function or declare the variable inside the dataflow loop body (design.cpp:110:668)
Resolution: For help on HLS 214-113 see docs.xilinx.com/access/sources/dita/topic?Doc_Version=2023.2%20English&url=ug1448-hls-guidance&resourceid=214-113.html
WARNING: [HLS 214-113] Either use an argument of the function or declare the variable inside the dataflow loop body (design.cpp:110:709)
Resolution: For help on HLS 214-113 see docs.xilinx.com/access/sources/dita/topic?Doc_Version=2023.2%20English&url=ug1448-hls-guidance&resourceid=214-113.html
WARNING: [HLS 214-113] Either use an argument of the function or declare the variable inside the dataflow loop body (design.cpp:110:750)
Resolution: For help on HLS 214-113 see docs.xilinx.com/access/sources/dita/topic?Doc_Version=2023.2%20English&url=ug1448-hls-guidance&resourceid=214-113.html
WARNING: [HLS 214-113] Either use an argument of the function or declare the variable inside the dataflow loop body (design.cpp:110:796)
Resolution: For help on HLS 214-113 see docs.xilinx.com/access/sources/dita/topic?Doc_Version=2023.2%20English&url=ug1448-hls-guidance&resourceid=214-113.html
WARNING: [HLS 214-113] Either use an argument of the function or declare the variable inside the dataflow loop body (design.cpp:110:853)
Resolution: For help on HLS 214-113 see docs.xilinx.com/access/sources/dita/topic?Doc_Version=2023.2%20English&url=ug1448-hls-guidance&resourceid=214-113.html
WARNING: [HLS 214-113] Either use an argument of the function or declare the variable inside the dataflow loop body (design.cpp:110:899)
Resolution: For help on HLS 214-113 see docs.xilinx.com/access/sources/dita/topic?Doc_Version=2023.2%20English&url=ug1448-hls-guidance&resourceid=214-113.html
WARNING: [HLS 214-113] Either use an argument of the function or declare the variable inside the dataflow loop body (design.cpp:110:947)
Resolution: For help on HLS 214-113 see docs.xilinx.com/access/sources/dita/topic?Doc_Version=2023.2%20English&url=ug1448-hls-guidance&resourceid=214-113.html
WARNING: [HLS 214-113] Either use an argument of the function or declare the variable inside the dataflow loop body (design.cpp:110:988)
Resolution: For help on HLS 214-113 see docs.xilinx.com/access/sources/dita/topic?Doc_Version=2023.2%20English&url=ug1448-hls-guidance&resourceid=214-113.html
WARNING: [HLS 214-113] Either use an argument of the function or declare the variable inside the dataflow loop body (design.cpp:110:1029)
Resolution: For help on HLS 214-113 see docs.xilinx.com/access/sources/dita/topic?Doc_Version=2023.2%20English&url=ug1448-hls-guidance&resourceid=214-113.html
WARNING: [HLS 214-113] Either use an argument of the function or declare the variable inside the dataflow loop body (design.cpp:110:1075)
Resolution: For help on HLS 214-113 see docs.xilinx.com/access/sources/dita/topic?Doc_Version=2023.2%20English&url=ug1448-hls-guidance&resourceid=214-113.html
WARNING: [HLS 214-113] Either use an argument of the function or declare the variable inside the dataflow loop body (design.cpp:110:1132)
Resolution: For help on HLS 214-113 see docs.xilinx.com/access/sources/dita/topic?Doc_Version=2023.2%20English&url=ug1448-hls-guidance&resourceid=214-113.html
WARNING: [HLS 214-113] Either use an argument of the function or declare the variable inside the dataflow loop body (design.cpp:110:1178)
Resolution: For help on HLS 214-113 see docs.xilinx.com/access/sources/dita/topic?Doc_Version=2023.2%20English&url=ug1448-hls-guidance&resourceid=214-113.html
WARNING: [HLS 214-113] Either use an argument of the function or declare the variable inside the dataflow loop body (design.cpp:110:1226)
Resolution: For help on HLS 214-113 see docs.xilinx.com/access/sources/dita/topic?Doc_Version=2023.2%20English&url=ug1448-hls-guidance&resourceid=214-113.html
WARNING: [HLS 214-113] Either use an argument of the function or declare the variable inside the dataflow loop body (design.cpp:110:1267)
Resolution: For help on HLS 214-113 see docs.xilinx.com/access/sources/dita/topic?Doc_Version=2023.2%20English&url=ug1448-hls-guidance&resourceid=214-113.html
WARNING: [HLS 214-113] Either use an argument of the function or declare the variable inside the dataflow loop body (design.cpp:110:1308)
Resolution: For help on HLS 214-113 see docs.xilinx.com/access/sources/dita/topic?Doc_Version=2023.2%20English&url=ug1448-hls-guidance&resourceid=214-113.html
WARNING: [HLS 214-113] Either use an argument of the function or declare the variable inside the dataflow loop body (design.cpp:110:1354)
Resolution: For help on HLS 214-113 see docs.xilinx.com/access/sources/dita/topic?Doc_Version=2023.2%20English&url=ug1448-hls-guidance&resourceid=214-113.html
WARNING: [HLS 214-113] Either use an argument of the function or declare the variable inside the dataflow loop body (design.cpp:110:1411)
Resolution: For help on HLS 214-113 see docs.xilinx.com/access/sources/dita/topic?Doc_Version=2023.2%20English&url=ug1448-hls-guidance&resourceid=214-113.html
WARNING: [HLS 214-113] Either use an argument of the function or declare the variable inside the dataflow loop body (design.cpp:110:1457)
Resolution: For help on HLS 214-113 see docs.xilinx.com/access/sources/dita/topic?Doc_Version=2023.2%20English&url=ug1448-hls-guidance&resourceid=214-113.html
WARNING: [HLS 214-113] Either use an argument of the function or declare the variable inside the dataflow loop body (design.cpp:110:1505)
Resolution: For help on HLS 214-113 see docs.xilinx.com/access/sources/dita/topic?Doc_Version=2023.2%20English&url=ug1448-hls-guidance&resourceid=214-113.html
WARNING: [HLS 214-113] Either use an argument of the function or declare the variable inside the dataflow loop body (design.cpp:110:1546)
Resolution: For help on HLS 214-113 see docs.xilinx.com/access/sources/dita/topic?Doc_Version=2023.2%20English&url=ug1448-hls-guidance&resourceid=214-113.html
WARNING: [HLS 214-113] Either use an argument of the function or declare the variable inside the dataflow loop body (design.cpp:110:1587)
Resolution: For help on HLS 214-113 see docs.xilinx.com/access/sources/dita/topic?Doc_Version=2023.2%20English&url=ug1448-hls-guidance&resourceid=214-113.html
WARNING: [HLS 214-113] Either use an argument of the function or declare the variable inside the dataflow loop body (design.cpp:110:1633)
Resolution: For help on HLS 214-113 see docs.xilinx.com/access/sources/dita/topic?Doc_Version=2023.2%20English&url=ug1448-hls-guidance&resourceid=214-113.html
WARNING: [HLS 214-113] Either use an argument of the function or declare the variable inside the dataflow loop body (design.cpp:110:1690)
Resolution: For help on HLS 214-113 see docs.xilinx.com/access/sources/dita/topic?Doc_Version=2023.2%20English&url=ug1448-hls-guidance&resourceid=214-113.html
WARNING: [HLS 214-113] Either use an argument of the function or declare the variable inside the dataflow loop body (design.cpp:110:1736)
Resolution: For help on HLS 214-113 see docs.xilinx.com/access/sources/dita/topic?Doc_Version=2023.2%20English&url=ug1448-hls-guidance&resourceid=214-113.html
WARNING: [HLS 214-113] Either use an argument of the function or declare the variable inside the dataflow loop body (design.cpp:110:1784)
Resolution: For help on HLS 214-113 see docs.xilinx.com/access/sources/dita/topic?Doc_Version=2023.2%20English&url=ug1448-hls-guidance&resourceid=214-113.html
WARNING: [HLS 214-113] Either use an argument of the function or declare the variable inside the dataflow loop body (design.cpp:110:1825)
Resolution: For help on HLS 214-113 see docs.xilinx.com/access/sources/dita/topic?Doc_Version=2023.2%20English&url=ug1448-hls-guidance&resourceid=214-113.html
WARNING: [HLS 214-113] Either use an argument of the function or declare the variable inside the dataflow loop body (design.cpp:110:1866)
Resolution: For help on HLS 214-113 see docs.xilinx.com/access/sources/dita/topic?Doc_Version=2023.2%20English&url=ug1448-hls-guidance&resourceid=214-113.html
WARNING: [HLS 214-113] Either use an argument of the function or declare the variable inside the dataflow loop body (design.cpp:110:1912)
Resolution: For help on HLS 214-113 see docs.xilinx.com/access/sources/dita/topic?Doc_Version=2023.2%20English&url=ug1448-hls-guidance&resourceid=214-113.html
WARNING: [HLS 214-113] Either use an argument of the function or declare the variable inside the dataflow loop body (design.cpp:110:1969)
Resolution: For help on HLS 214-113 see docs.xilinx.com/access/sources/dita/topic?Doc_Version=2023.2%20English&url=ug1448-hls-guidance&resourceid=214-113.html
WARNING: [HLS 214-113] Either use an argument of the function or declare the variable inside the dataflow loop body (design.cpp:110:2015)
Resolution: For help on HLS 214-113 see docs.xilinx.com/access/sources/dita/topic?Doc_Version=2023.2%20English&url=ug1448-hls-guidance&resourceid=214-113.html
WARNING: [HLS 214-113] Either use an argument of the function or declare the variable inside the dataflow loop body (design.cpp:110:2063)
Resolution: For help on HLS 214-113 see docs.xilinx.com/access/sources/dita/topic?Doc_Version=2023.2%20English&url=ug1448-hls-guidance&resourceid=214-113.html
WARNING: [HLS 214-113] Either use an argument of the function or declare the variable inside the dataflow loop body (design.cpp:110:2104)
Resolution: For help on HLS 214-113 see docs.xilinx.com/access/sources/dita/topic?Doc_Version=2023.2%20English&url=ug1448-hls-guidance&resourceid=214-113.html
WARNING: [HLS 214-113] Either use an argument of the function or declare the variable inside the dataflow loop body (design.cpp:110:2145)
Resolution: For help on HLS 214-113 see docs.xilinx.com/access/sources/dita/topic?Doc_Version=2023.2%20English&url=ug1448-hls-guidance&resourceid=214-113.html
WARNING: [HLS 214-113] Either use an argument of the function or declare the variable inside the dataflow loop body (design.cpp:110:2191)
Resolution: For help on HLS 214-113 see docs.xilinx.com/access/sources/dita/topic?Doc_Version=2023.2%20English&url=ug1448-hls-guidance&resourceid=214-113.html
WARNING: [HLS 214-113] Either use an argument of the function or declare the variable inside the dataflow loop body (design.cpp:111:16)
Resolution: For help on HLS 214-113 see docs.xilinx.com/access/sources/dita/topic?Doc_Version=2023.2%20English&url=ug1448-hls-guidance&resourceid=214-113.html
WARNING: [HLS 214-113] Either use an argument of the function or declare the variable inside the dataflow loop body (design.cpp:111:62)
Resolution: For help on HLS 214-113 see docs.xilinx.com/access/sources/dita/topic?Doc_Version=2023.2%20English&url=ug1448-hls-guidance&resourceid=214-113.html
WARNING: [HLS 214-113] Either use an argument of the function or declare the variable inside the dataflow loop body (design.cpp:111:110)
Resolution: For help on HLS 214-113 see docs.xilinx.com/access/sources/dita/topic?Doc_Version=2023.2%20English&url=ug1448-hls-guidance&resourceid=214-113.html
WARNING: [HLS 214-113] Either use an argument of the function or declare the variable inside the dataflow loop body (design.cpp:111:151)
Resolution: For help on HLS 214-113 see docs.xilinx.com/access/sources/dita/topic?Doc_Version=2023.2%20English&url=ug1448-hls-guidance&resourceid=214-113.html
WARNING: [HLS 214-113] Either use an argument of the function or declare the variable inside the dataflow loop body (design.cpp:111:192)
Resolution: For help on HLS 214-113 see docs.xilinx.com/access/sources/dita/topic?Doc_Version=2023.2%20English&url=ug1448-hls-guidance&resourceid=214-113.html
WARNING: [HLS 214-113] Either use an argument of the function or declare the variable inside the dataflow loop body (design.cpp:111:238)
Resolution: For help on HLS 214-113 see docs.xilinx.com/access/sources/dita/topic?Doc_Version=2023.2%20English&url=ug1448-hls-guidance&resourceid=214-113.html
WARNING: [HLS 214-113] Either use an argument of the function or declare the variable inside the dataflow loop body (design.cpp:111:295)
Resolution: For help on HLS 214-113 see docs.xilinx.com/access/sources/dita/topic?Doc_Version=2023.2%20English&url=ug1448-hls-guidance&resourceid=214-113.html
WARNING: [HLS 214-113] Either use an argument of the function or declare the variable inside the dataflow loop body (design.cpp:111:341)
Resolution: For help on HLS 214-113 see docs.xilinx.com/access/sources/dita/topic?Doc_Version=2023.2%20English&url=ug1448-hls-guidance&resourceid=214-113.html
WARNING: [HLS 214-113] Either use an argument of the function or declare the variable inside the dataflow loop body (design.cpp:111:389)
Resolution: For help on HLS 214-113 see docs.xilinx.com/access/sources/dita/topic?Doc_Version=2023.2%20English&url=ug1448-hls-guidance&resourceid=214-113.html
WARNING: [HLS 214-113] Either use an argument of the function or declare the variable inside the dataflow loop body (design.cpp:111:430)
Resolution: For help on HLS 214-113 see docs.xilinx.com/access/sources/dita/topic?Doc_Version=2023.2%20English&url=ug1448-hls-guidance&resourceid=214-113.html
WARNING: [HLS 214-113] Either use an argument of the function or declare the variable inside the dataflow loop body (design.cpp:111:471)
Resolution: For help on HLS 214-113 see docs.xilinx.com/access/sources/dita/topic?Doc_Version=2023.2%20English&url=ug1448-hls-guidance&resourceid=214-113.html
WARNING: [HLS 214-113] Either use an argument of the function or declare the variable inside the dataflow loop body (design.cpp:111:517)
Resolution: For help on HLS 214-113 see docs.xilinx.com/access/sources/dita/topic?Doc_Version=2023.2%20English&url=ug1448-hls-guidance&resourceid=214-113.html
WARNING: [HLS 214-113] Either use an argument of the function or declare the variable inside the dataflow loop body (design.cpp:111:574)
Resolution: For help on HLS 214-113 see docs.xilinx.com/access/sources/dita/topic?Doc_Version=2023.2%20English&url=ug1448-hls-guidance&resourceid=214-113.html
WARNING: [HLS 214-113] Either use an argument of the function or declare the variable inside the dataflow loop body (design.cpp:111:620)
Resolution: For help on HLS 214-113 see docs.xilinx.com/access/sources/dita/topic?Doc_Version=2023.2%20English&url=ug1448-hls-guidance&resourceid=214-113.html
WARNING: [HLS 214-113] Either use an argument of the function or declare the variable inside the dataflow loop body (design.cpp:111:668)
Resolution: For help on HLS 214-113 see docs.xilinx.com/access/sources/dita/topic?Doc_Version=2023.2%20English&url=ug1448-hls-guidance&resourceid=214-113.html
WARNING: [HLS 214-113] Either use an argument of the function or declare the variable inside the dataflow loop body (design.cpp:111:709)
Resolution: For help on HLS 214-113 see docs.xilinx.com/access/sources/dita/topic?Doc_Version=2023.2%20English&url=ug1448-hls-guidance&resourceid=214-113.html
WARNING: [HLS 214-113] Either use an argument of the function or declare the variable inside the dataflow loop body (design.cpp:111:750)
Resolution: For help on HLS 214-113 see docs.xilinx.com/access/sources/dita/topic?Doc_Version=2023.2%20English&url=ug1448-hls-guidance&resourceid=214-113.html
WARNING: [HLS 214-113] Either use an argument of the function or declare the variable inside the dataflow loop body (design.cpp:111:796)
Resolution: For help on HLS 214-113 see docs.xilinx.com/access/sources/dita/topic?Doc_Version=2023.2%20English&url=ug1448-hls-guidance&resourceid=214-113.html
WARNING: [HLS 214-113] Either use an argument of the function or declare the variable inside the dataflow loop body (design.cpp:111:853)
Resolution: For help on HLS 214-113 see docs.xilinx.com/access/sources/dita/topic?Doc_Version=2023.2%20English&url=ug1448-hls-guidance&resourceid=214-113.html
WARNING: [HLS 214-113] Either use an argument of the function or declare the variable inside the dataflow loop body (design.cpp:111:899)
Resolution: For help on HLS 214-113 see docs.xilinx.com/access/sources/dita/topic?Doc_Version=2023.2%20English&url=ug1448-hls-guidance&resourceid=214-113.html
WARNING: [HLS 214-113] Either use an argument of the function or declare the variable inside the dataflow loop body (design.cpp:111:947)
Resolution: For help on HLS 214-113 see docs.xilinx.com/access/sources/dita/topic?Doc_Version=2023.2%20English&url=ug1448-hls-guidance&resourceid=214-113.html
WARNING: [HLS 214-113] Either use an argument of the function or declare the variable inside the dataflow loop body (design.cpp:111:988)
Resolution: For help on HLS 214-113 see docs.xilinx.com/access/sources/dita/topic?Doc_Version=2023.2%20English&url=ug1448-hls-guidance&resourceid=214-113.html
WARNING: [HLS 214-113] Either use an argument of the function or declare the variable inside the dataflow loop body (design.cpp:111:1029)
Resolution: For help on HLS 214-113 see docs.xilinx.com/access/sources/dita/topic?Doc_Version=2023.2%20English&url=ug1448-hls-guidance&resourceid=214-113.html
WARNING: [HLS 214-113] Either use an argument of the function or declare the variable inside the dataflow loop body (design.cpp:111:1075)
Resolution: For help on HLS 214-113 see docs.xilinx.com/access/sources/dita/topic?Doc_Version=2023.2%20English&url=ug1448-hls-guidance&resourceid=214-113.html
WARNING: [HLS 214-113] Either use an argument of the function or declare the variable inside the dataflow loop body (design.cpp:111:1132)
Resolution: For help on HLS 214-113 see docs.xilinx.com/access/sources/dita/topic?Doc_Version=2023.2%20English&url=ug1448-hls-guidance&resourceid=214-113.html
WARNING: [HLS 214-113] Either use an argument of the function or declare the variable inside the dataflow loop body (design.cpp:111:1178)
Resolution: For help on HLS 214-113 see docs.xilinx.com/access/sources/dita/topic?Doc_Version=2023.2%20English&url=ug1448-hls-guidance&resourceid=214-113.html
WARNING: [HLS 214-113] Either use an argument of the function or declare the variable inside the dataflow loop body (design.cpp:111:1226)
Resolution: For help on HLS 214-113 see docs.xilinx.com/access/sources/dita/topic?Doc_Version=2023.2%20English&url=ug1448-hls-guidance&resourceid=214-113.html
WARNING: [HLS 214-113] Either use an argument of the function or declare the variable inside the dataflow loop body (design.cpp:111:1267)
Resolution: For help on HLS 214-113 see docs.xilinx.com/access/sources/dita/topic?Doc_Version=2023.2%20English&url=ug1448-hls-guidance&resourceid=214-113.html
WARNING: [HLS 214-113] Either use an argument of the function or declare the variable inside the dataflow loop body (design.cpp:111:1308)
Resolution: For help on HLS 214-113 see docs.xilinx.com/access/sources/dita/topic?Doc_Version=2023.2%20English&url=ug1448-hls-guidance&resourceid=214-113.html
WARNING: [HLS 214-113] Either use an argument of the function or declare the variable inside the dataflow loop body (design.cpp:111:1354)
Resolution: For help on HLS 214-113 see docs.xilinx.com/access/sources/dita/topic?Doc_Version=2023.2%20English&url=ug1448-hls-guidance&resourceid=214-113.html
WARNING: [HLS 214-113] Either use an argument of the function or declare the variable inside the dataflow loop body (design.cpp:111:1411)
Resolution: For help on HLS 214-113 see docs.xilinx.com/access/sources/dita/topic?Doc_Version=2023.2%20English&url=ug1448-hls-guidance&resourceid=214-113.html
WARNING: [HLS 214-113] Either use an argument of the function or declare the variable inside the dataflow loop body (design.cpp:111:1457)
Resolution: For help on HLS 214-113 see docs.xilinx.com/access/sources/dita/topic?Doc_Version=2023.2%20English&url=ug1448-hls-guidance&resourceid=214-113.html
WARNING: [HLS 214-113] Either use an argument of the function or declare the variable inside the dataflow loop body (design.cpp:111:1505)
Resolution: For help on HLS 214-113 see docs.xilinx.com/access/sources/dita/topic?Doc_Version=2023.2%20English&url=ug1448-hls-guidance&resourceid=214-113.html
WARNING: [HLS 214-113] Either use an argument of the function or declare the variable inside the dataflow loop body (design.cpp:111:1546)
Resolution: For help on HLS 214-113 see docs.xilinx.com/access/sources/dita/topic?Doc_Version=2023.2%20English&url=ug1448-hls-guidance&resourceid=214-113.html
WARNING: [HLS 214-113] Either use an argument of the function or declare the variable inside the dataflow loop body (design.cpp:111:1587)
Resolution: For help on HLS 214-113 see docs.xilinx.com/access/sources/dita/topic?Doc_Version=2023.2%20English&url=ug1448-hls-guidance&resourceid=214-113.html
WARNING: [HLS 214-113] Either use an argument of the function or declare the variable inside the dataflow loop body (design.cpp:111:1633)
Resolution: For help on HLS 214-113 see docs.xilinx.com/access/sources/dita/topic?Doc_Version=2023.2%20English&url=ug1448-hls-guidance&resourceid=214-113.html
WARNING: [HLS 214-113] Either use an argument of the function or declare the variable inside the dataflow loop body (design.cpp:111:1690)
Resolution: For help on HLS 214-113 see docs.xilinx.com/access/sources/dita/topic?Doc_Version=2023.2%20English&url=ug1448-hls-guidance&resourceid=214-113.html
WARNING: [HLS 214-113] Either use an argument of the function or declare the variable inside the dataflow loop body (design.cpp:111:1736)
Resolution: For help on HLS 214-113 see docs.xilinx.com/access/sources/dita/topic?Doc_Version=2023.2%20English&url=ug1448-hls-guidance&resourceid=214-113.html
WARNING: [HLS 214-113] Either use an argument of the function or declare the variable inside the dataflow loop body (design.cpp:111:1784)
Resolution: For help on HLS 214-113 see docs.xilinx.com/access/sources/dita/topic?Doc_Version=2023.2%20English&url=ug1448-hls-guidance&resourceid=214-113.html
WARNING: [HLS 214-113] Either use an argument of the function or declare the variable inside the dataflow loop body (design.cpp:111:1825)
Resolution: For help on HLS 214-113 see docs.xilinx.com/access/sources/dita/topic?Doc_Version=2023.2%20English&url=ug1448-hls-guidance&resourceid=214-113.html
WARNING: [HLS 214-113] Either use an argument of the function or declare the variable inside the dataflow loop body (design.cpp:111:1866)
Resolution: For help on HLS 214-113 see docs.xilinx.com/access/sources/dita/topic?Doc_Version=2023.2%20English&url=ug1448-hls-guidance&resourceid=214-113.html
WARNING: [HLS 214-113] Either use an argument of the function or declare the variable inside the dataflow loop body (design.cpp:111:1912)
Resolution: For help on HLS 214-113 see docs.xilinx.com/access/sources/dita/topic?Doc_Version=2023.2%20English&url=ug1448-hls-guidance&resourceid=214-113.html
WARNING: [HLS 214-113] Either use an argument of the function or declare the variable inside the dataflow loop body (design.cpp:111:1969)
Resolution: For help on HLS 214-113 see docs.xilinx.com/access/sources/dita/topic?Doc_Version=2023.2%20English&url=ug1448-hls-guidance&resourceid=214-113.html
WARNING: [HLS 214-113] Either use an argument of the function or declare the variable inside the dataflow loop body (design.cpp:111:2015)
Resolution: For help on HLS 214-113 see docs.xilinx.com/access/sources/dita/topic?Doc_Version=2023.2%20English&url=ug1448-hls-guidance&resourceid=214-113.html
WARNING: [HLS 214-113] Either use an argument of the function or declare the variable inside the dataflow loop body (design.cpp:111:2063)
Resolution: For help on HLS 214-113 see docs.xilinx.com/access/sources/dita/topic?Doc_Version=2023.2%20English&url=ug1448-hls-guidance&resourceid=214-113.html
WARNING: [HLS 214-113] Either use an argument of the function or declare the variable inside the dataflow loop body (design.cpp:111:2104)
Resolution: For help on HLS 214-113 see docs.xilinx.com/access/sources/dita/topic?Doc_Version=2023.2%20English&url=ug1448-hls-guidance&resourceid=214-113.html
WARNING: [HLS 214-113] Either use an argument of the function or declare the variable inside the dataflow loop body (design.cpp:111:2145)
Resolution: For help on HLS 214-113 see docs.xilinx.com/access/sources/dita/topic?Doc_Version=2023.2%20English&url=ug1448-hls-guidance&resourceid=214-113.html
WARNING: [HLS 214-113] Either use an argument of the function or declare the variable inside the dataflow loop body (design.cpp:111:2191)
Resolution: For help on HLS 214-113 see docs.xilinx.com/access/sources/dita/topic?Doc_Version=2023.2%20English&url=ug1448-hls-guidance&resourceid=214-113.html
WARNING: [HLS 214-113] Either use an argument of the function or declare the variable inside the dataflow loop body (design.cpp:112:16)
Resolution: For help on HLS 214-113 see docs.xilinx.com/access/sources/dita/topic?Doc_Version=2023.2%20English&url=ug1448-hls-guidance&resourceid=214-113.html
WARNING: [HLS 214-113] Either use an argument of the function or declare the variable inside the dataflow loop body (design.cpp:112:62)
Resolution: For help on HLS 214-113 see docs.xilinx.com/access/sources/dita/topic?Doc_Version=2023.2%20English&url=ug1448-hls-guidance&resourceid=214-113.html
WARNING: [HLS 214-113] Either use an argument of the function or declare the variable inside the dataflow loop body (design.cpp:112:110)
Resolution: For help on HLS 214-113 see docs.xilinx.com/access/sources/dita/topic?Doc_Version=2023.2%20English&url=ug1448-hls-guidance&resourceid=214-113.html
WARNING: [HLS 214-113] Either use an argument of the function or declare the variable inside the dataflow loop body (design.cpp:112:151)
Resolution: For help on HLS 214-113 see docs.xilinx.com/access/sources/dita/topic?Doc_Version=2023.2%20English&url=ug1448-hls-guidance&resourceid=214-113.html
WARNING: [HLS 214-113] Either use an argument of the function or declare the variable inside the dataflow loop body (design.cpp:112:192)
Resolution: For help on HLS 214-113 see docs.xilinx.com/access/sources/dita/topic?Doc_Version=2023.2%20English&url=ug1448-hls-guidance&resourceid=214-113.html
WARNING: [HLS 214-113] Either use an argument of the function or declare the variable inside the dataflow loop body (design.cpp:112:238)
Resolution: For help on HLS 214-113 see docs.xilinx.com/access/sources/dita/topic?Doc_Version=2023.2%20English&url=ug1448-hls-guidance&resourceid=214-113.html
WARNING: [HLS 214-113] Either use an argument of the function or declare the variable inside the dataflow loop body (design.cpp:112:295)
Resolution: For help on HLS 214-113 see docs.xilinx.com/access/sources/dita/topic?Doc_Version=2023.2%20English&url=ug1448-hls-guidance&resourceid=214-113.html
WARNING: [HLS 214-113] Either use an argument of the function or declare the variable inside the dataflow loop body (design.cpp:112:341)
Resolution: For help on HLS 214-113 see docs.xilinx.com/access/sources/dita/topic?Doc_Version=2023.2%20English&url=ug1448-hls-guidance&resourceid=214-113.html
WARNING: [HLS 214-113] Either use an argument of the function or declare the variable inside the dataflow loop body (design.cpp:112:389)
Resolution: For help on HLS 214-113 see docs.xilinx.com/access/sources/dita/topic?Doc_Version=2023.2%20English&url=ug1448-hls-guidance&resourceid=214-113.html
WARNING: [HLS 214-113] Either use an argument of the function or declare the variable inside the dataflow loop body (design.cpp:112:430)
Resolution: For help on HLS 214-113 see docs.xilinx.com/access/sources/dita/topic?Doc_Version=2023.2%20English&url=ug1448-hls-guidance&resourceid=214-113.html
WARNING: [HLS 214-113] Either use an argument of the function or declare the variable inside the dataflow loop body (design.cpp:112:471)
Resolution: For help on HLS 214-113 see docs.xilinx.com/access/sources/dita/topic?Doc_Version=2023.2%20English&url=ug1448-hls-guidance&resourceid=214-113.html
WARNING: [HLS 214-113] Either use an argument of the function or declare the variable inside the dataflow loop body (design.cpp:112:517)
Resolution: For help on HLS 214-113 see docs.xilinx.com/access/sources/dita/topic?Doc_Version=2023.2%20English&url=ug1448-hls-guidance&resourceid=214-113.html
WARNING: [HLS 214-113] Either use an argument of the function or declare the variable inside the dataflow loop body (design.cpp:112:574)
Resolution: For help on HLS 214-113 see docs.xilinx.com/access/sources/dita/topic?Doc_Version=2023.2%20English&url=ug1448-hls-guidance&resourceid=214-113.html
WARNING: [HLS 214-113] Either use an argument of the function or declare the variable inside the dataflow loop body (design.cpp:112:620)
Resolution: For help on HLS 214-113 see docs.xilinx.com/access/sources/dita/topic?Doc_Version=2023.2%20English&url=ug1448-hls-guidance&resourceid=214-113.html
WARNING: [HLS 214-113] Either use an argument of the function or declare the variable inside the dataflow loop body (design.cpp:112:668)
Resolution: For help on HLS 214-113 see docs.xilinx.com/access/sources/dita/topic?Doc_Version=2023.2%20English&url=ug1448-hls-guidance&resourceid=214-113.html
WARNING: [HLS 214-113] Either use an argument of the function or declare the variable inside the dataflow loop body (design.cpp:112:709)
Resolution: For help on HLS 214-113 see docs.xilinx.com/access/sources/dita/topic?Doc_Version=2023.2%20English&url=ug1448-hls-guidance&resourceid=214-113.html
WARNING: [HLS 214-113] Either use an argument of the function or declare the variable inside the dataflow loop body (design.cpp:112:750)
Resolution: For help on HLS 214-113 see docs.xilinx.com/access/sources/dita/topic?Doc_Version=2023.2%20English&url=ug1448-hls-guidance&resourceid=214-113.html
WARNING: [HLS 214-113] Either use an argument of the function or declare the variable inside the dataflow loop body (design.cpp:112:796)
Resolution: For help on HLS 214-113 see docs.xilinx.com/access/sources/dita/topic?Doc_Version=2023.2%20English&url=ug1448-hls-guidance&resourceid=214-113.html
WARNING: [HLS 214-113] Either use an argument of the function or declare the variable inside the dataflow loop body (design.cpp:112:853)
Resolution: For help on HLS 214-113 see docs.xilinx.com/access/sources/dita/topic?Doc_Version=2023.2%20English&url=ug1448-hls-guidance&resourceid=214-113.html
WARNING: [HLS 214-113] Either use an argument of the function or declare the variable inside the dataflow loop body (design.cpp:112:899)
Resolution: For help on HLS 214-113 see docs.xilinx.com/access/sources/dita/topic?Doc_Version=2023.2%20English&url=ug1448-hls-guidance&resourceid=214-113.html
WARNING: [HLS 214-113] Either use an argument of the function or declare the variable inside the dataflow loop body (design.cpp:112:947)
Resolution: For help on HLS 214-113 see docs.xilinx.com/access/sources/dita/topic?Doc_Version=2023.2%20English&url=ug1448-hls-guidance&resourceid=214-113.html
WARNING: [HLS 214-113] Either use an argument of the function or declare the variable inside the dataflow loop body (design.cpp:112:988)
Resolution: For help on HLS 214-113 see docs.xilinx.com/access/sources/dita/topic?Doc_Version=2023.2%20English&url=ug1448-hls-guidance&resourceid=214-113.html
WARNING: [HLS 214-113] Either use an argument of the function or declare the variable inside the dataflow loop body (design.cpp:112:1029)
Resolution: For help on HLS 214-113 see docs.xilinx.com/access/sources/dita/topic?Doc_Version=2023.2%20English&url=ug1448-hls-guidance&resourceid=214-113.html
WARNING: [HLS 214-113] Either use an argument of the function or declare the variable inside the dataflow loop body (design.cpp:112:1075)
Resolution: For help on HLS 214-113 see docs.xilinx.com/access/sources/dita/topic?Doc_Version=2023.2%20English&url=ug1448-hls-guidance&resourceid=214-113.html
WARNING: [HLS 214-113] Either use an argument of the function or declare the variable inside the dataflow loop body (design.cpp:112:1132)
Resolution: For help on HLS 214-113 see docs.xilinx.com/access/sources/dita/topic?Doc_Version=2023.2%20English&url=ug1448-hls-guidance&resourceid=214-113.html
WARNING: [HLS 214-113] Either use an argument of the function or declare the variable inside the dataflow loop body (design.cpp:112:1178)
Resolution: For help on HLS 214-113 see docs.xilinx.com/access/sources/dita/topic?Doc_Version=2023.2%20English&url=ug1448-hls-guidance&resourceid=214-113.html
WARNING: [HLS 214-113] Either use an argument of the function or declare the variable inside the dataflow loop body (design.cpp:112:1226)
Resolution: For help on HLS 214-113 see docs.xilinx.com/access/sources/dita/topic?Doc_Version=2023.2%20English&url=ug1448-hls-guidance&resourceid=214-113.html
WARNING: [HLS 214-113] Either use an argument of the function or declare the variable inside the dataflow loop body (design.cpp:112:1267)
Resolution: For help on HLS 214-113 see docs.xilinx.com/access/sources/dita/topic?Doc_Version=2023.2%20English&url=ug1448-hls-guidance&resourceid=214-113.html
WARNING: [HLS 214-113] Either use an argument of the function or declare the variable inside the dataflow loop body (design.cpp:112:1308)
Resolution: For help on HLS 214-113 see docs.xilinx.com/access/sources/dita/topic?Doc_Version=2023.2%20English&url=ug1448-hls-guidance&resourceid=214-113.html
WARNING: [HLS 214-113] Either use an argument of the function or declare the variable inside the dataflow loop body (design.cpp:112:1354)
Resolution: For help on HLS 214-113 see docs.xilinx.com/access/sources/dita/topic?Doc_Version=2023.2%20English&url=ug1448-hls-guidance&resourceid=214-113.html
WARNING: [HLS 214-113] Either use an argument of the function or declare the variable inside the dataflow loop body (design.cpp:112:1411)
Resolution: For help on HLS 214-113 see docs.xilinx.com/access/sources/dita/topic?Doc_Version=2023.2%20English&url=ug1448-hls-guidance&resourceid=214-113.html
WARNING: [HLS 214-113] Either use an argument of the function or declare the variable inside the dataflow loop body (design.cpp:112:1457)
Resolution: For help on HLS 214-113 see docs.xilinx.com/access/sources/dita/topic?Doc_Version=2023.2%20English&url=ug1448-hls-guidance&resourceid=214-113.html
WARNING: [HLS 214-113] Either use an argument of the function or declare the variable inside the dataflow loop body (design.cpp:112:1505)
Resolution: For help on HLS 214-113 see docs.xilinx.com/access/sources/dita/topic?Doc_Version=2023.2%20English&url=ug1448-hls-guidance&resourceid=214-113.html
WARNING: [HLS 214-113] Either use an argument of the function or declare the variable inside the dataflow loop body (design.cpp:112:1546)
Resolution: For help on HLS 214-113 see docs.xilinx.com/access/sources/dita/topic?Doc_Version=2023.2%20English&url=ug1448-hls-guidance&resourceid=214-113.html
WARNING: [HLS 214-113] Either use an argument of the function or declare the variable inside the dataflow loop body (design.cpp:112:1587)
Resolution: For help on HLS 214-113 see docs.xilinx.com/access/sources/dita/topic?Doc_Version=2023.2%20English&url=ug1448-hls-guidance&resourceid=214-113.html
WARNING: [HLS 214-113] Either use an argument of the function or declare the variable inside the dataflow loop body (design.cpp:112:1633)
Resolution: For help on HLS 214-113 see docs.xilinx.com/access/sources/dita/topic?Doc_Version=2023.2%20English&url=ug1448-hls-guidance&resourceid=214-113.html
WARNING: [HLS 214-113] Either use an argument of the function or declare the variable inside the dataflow loop body (design.cpp:112:1690)
Resolution: For help on HLS 214-113 see docs.xilinx.com/access/sources/dita/topic?Doc_Version=2023.2%20English&url=ug1448-hls-guidance&resourceid=214-113.html
WARNING: [HLS 214-113] Either use an argument of the function or declare the variable inside the dataflow loop body (design.cpp:112:1736)
Resolution: For help on HLS 214-113 see docs.xilinx.com/access/sources/dita/topic?Doc_Version=2023.2%20English&url=ug1448-hls-guidance&resourceid=214-113.html
WARNING: [HLS 214-113] Either use an argument of the function or declare the variable inside the dataflow loop body (design.cpp:112:1784)
Resolution: For help on HLS 214-113 see docs.xilinx.com/access/sources/dita/topic?Doc_Version=2023.2%20English&url=ug1448-hls-guidance&resourceid=214-113.html
WARNING: [HLS 214-113] Either use an argument of the function or declare the variable inside the dataflow loop body (design.cpp:112:1825)
Resolution: For help on HLS 214-113 see docs.xilinx.com/access/sources/dita/topic?Doc_Version=2023.2%20English&url=ug1448-hls-guidance&resourceid=214-113.html
WARNING: [HLS 214-113] Either use an argument of the function or declare the variable inside the dataflow loop body (design.cpp:112:1866)
Resolution: For help on HLS 214-113 see docs.xilinx.com/access/sources/dita/topic?Doc_Version=2023.2%20English&url=ug1448-hls-guidance&resourceid=214-113.html
WARNING: [HLS 214-113] Either use an argument of the function or declare the variable inside the dataflow loop body (design.cpp:112:1912)
Resolution: For help on HLS 214-113 see docs.xilinx.com/access/sources/dita/topic?Doc_Version=2023.2%20English&url=ug1448-hls-guidance&resourceid=214-113.html
WARNING: [HLS 214-113] Either use an argument of the function or declare the variable inside the dataflow loop body (design.cpp:112:1969)
Resolution: For help on HLS 214-113 see docs.xilinx.com/access/sources/dita/topic?Doc_Version=2023.2%20English&url=ug1448-hls-guidance&resourceid=214-113.html
WARNING: [HLS 214-113] Either use an argument of the function or declare the variable inside the dataflow loop body (design.cpp:112:2015)
Resolution: For help on HLS 214-113 see docs.xilinx.com/access/sources/dita/topic?Doc_Version=2023.2%20English&url=ug1448-hls-guidance&resourceid=214-113.html
WARNING: [HLS 214-113] Either use an argument of the function or declare the variable inside the dataflow loop body (design.cpp:112:2063)
Resolution: For help on HLS 214-113 see docs.xilinx.com/access/sources/dita/topic?Doc_Version=2023.2%20English&url=ug1448-hls-guidance&resourceid=214-113.html
WARNING: [HLS 214-113] Either use an argument of the function or declare the variable inside the dataflow loop body (design.cpp:112:2104)
Resolution: For help on HLS 214-113 see docs.xilinx.com/access/sources/dita/topic?Doc_Version=2023.2%20English&url=ug1448-hls-guidance&resourceid=214-113.html
WARNING: [HLS 214-113] Either use an argument of the function or declare the variable inside the dataflow loop body (design.cpp:112:2145)
Resolution: For help on HLS 214-113 see docs.xilinx.com/access/sources/dita/topic?Doc_Version=2023.2%20English&url=ug1448-hls-guidance&resourceid=214-113.html
WARNING: [HLS 214-113] Either use an argument of the function or declare the variable inside the dataflow loop body (design.cpp:112:2191)
Resolution: For help on HLS 214-113 see docs.xilinx.com/access/sources/dita/topic?Doc_Version=2023.2%20English&url=ug1448-hls-guidance&resourceid=214-113.html
WARNING: [HLS 214-113] Either use an argument of the function or declare the variable inside the dataflow loop body (design.cpp:113:16)
Resolution: For help on HLS 214-113 see docs.xilinx.com/access/sources/dita/topic?Doc_Version=2023.2%20English&url=ug1448-hls-guidance&resourceid=214-113.html
WARNING: [HLS 214-113] Either use an argument of the function or declare the variable inside the dataflow loop body (design.cpp:113:62)
Resolution: For help on HLS 214-113 see docs.xilinx.com/access/sources/dita/topic?Doc_Version=2023.2%20English&url=ug1448-hls-guidance&resourceid=214-113.html
WARNING: [HLS 214-113] Either use an argument of the function or declare the variable inside the dataflow loop body (design.cpp:113:110)
Resolution: For help on HLS 214-113 see docs.xilinx.com/access/sources/dita/topic?Doc_Version=2023.2%20English&url=ug1448-hls-guidance&resourceid=214-113.html
WARNING: [HLS 214-113] Either use an argument of the function or declare the variable inside the dataflow loop body (design.cpp:113:151)
Resolution: For help on HLS 214-113 see docs.xilinx.com/access/sources/dita/topic?Doc_Version=2023.2%20English&url=ug1448-hls-guidance&resourceid=214-113.html
WARNING: [HLS 214-113] Either use an argument of the function or declare the variable inside the dataflow loop body (design.cpp:113:192)
Resolution: For help on HLS 214-113 see docs.xilinx.com/access/sources/dita/topic?Doc_Version=2023.2%20English&url=ug1448-hls-guidance&resourceid=214-113.html
WARNING: [HLS 214-113] Either use an argument of the function or declare the variable inside the dataflow loop body (design.cpp:113:238)
Resolution: For help on HLS 214-113 see docs.xilinx.com/access/sources/dita/topic?Doc_Version=2023.2%20English&url=ug1448-hls-guidance&resourceid=214-113.html
WARNING: [HLS 214-113] Either use an argument of the function or declare the variable inside the dataflow loop body (design.cpp:113:295)
Resolution: For help on HLS 214-113 see docs.xilinx.com/access/sources/dita/topic?Doc_Version=2023.2%20English&url=ug1448-hls-guidance&resourceid=214-113.html
WARNING: [HLS 214-113] Either use an argument of the function or declare the variable inside the dataflow loop body (design.cpp:113:341)
Resolution: For help on HLS 214-113 see docs.xilinx.com/access/sources/dita/topic?Doc_Version=2023.2%20English&url=ug1448-hls-guidance&resourceid=214-113.html
WARNING: [HLS 214-113] Either use an argument of the function or declare the variable inside the dataflow loop body (design.cpp:113:389)
Resolution: For help on HLS 214-113 see docs.xilinx.com/access/sources/dita/topic?Doc_Version=2023.2%20English&url=ug1448-hls-guidance&resourceid=214-113.html
WARNING: [HLS 214-113] Either use an argument of the function or declare the variable inside the dataflow loop body (design.cpp:113:430)
Resolution: For help on HLS 214-113 see docs.xilinx.com/access/sources/dita/topic?Doc_Version=2023.2%20English&url=ug1448-hls-guidance&resourceid=214-113.html
WARNING: [HLS 214-113] Either use an argument of the function or declare the variable inside the dataflow loop body (design.cpp:113:471)
Resolution: For help on HLS 214-113 see docs.xilinx.com/access/sources/dita/topic?Doc_Version=2023.2%20English&url=ug1448-hls-guidance&resourceid=214-113.html
WARNING: [HLS 214-113] Either use an argument of the function or declare the variable inside the dataflow loop body (design.cpp:113:517)
Resolution: For help on HLS 214-113 see docs.xilinx.com/access/sources/dita/topic?Doc_Version=2023.2%20English&url=ug1448-hls-guidance&resourceid=214-113.html
WARNING: [HLS 214-113] Either use an argument of the function or declare the variable inside the dataflow loop body (design.cpp:113:574)
Resolution: For help on HLS 214-113 see docs.xilinx.com/access/sources/dita/topic?Doc_Version=2023.2%20English&url=ug1448-hls-guidance&resourceid=214-113.html
WARNING: [HLS 214-113] Either use an argument of the function or declare the variable inside the dataflow loop body (design.cpp:113:620)
Resolution: For help on HLS 214-113 see docs.xilinx.com/access/sources/dita/topic?Doc_Version=2023.2%20English&url=ug1448-hls-guidance&resourceid=214-113.html
WARNING: [HLS 214-113] Either use an argument of the function or declare the variable inside the dataflow loop body (design.cpp:113:668)
Resolution: For help on HLS 214-113 see docs.xilinx.com/access/sources/dita/topic?Doc_Version=2023.2%20English&url=ug1448-hls-guidance&resourceid=214-113.html
WARNING: [HLS 214-113] Either use an argument of the function or declare the variable inside the dataflow loop body (design.cpp:113:709)
Resolution: For help on HLS 214-113 see docs.xilinx.com/access/sources/dita/topic?Doc_Version=2023.2%20English&url=ug1448-hls-guidance&resourceid=214-113.html
WARNING: [HLS 214-113] Either use an argument of the function or declare the variable inside the dataflow loop body (design.cpp:113:750)
Resolution: For help on HLS 214-113 see docs.xilinx.com/access/sources/dita/topic?Doc_Version=2023.2%20English&url=ug1448-hls-guidance&resourceid=214-113.html
WARNING: [HLS 214-113] Either use an argument of the function or declare the variable inside the dataflow loop body (design.cpp:113:796)
Resolution: For help on HLS 214-113 see docs.xilinx.com/access/sources/dita/topic?Doc_Version=2023.2%20English&url=ug1448-hls-guidance&resourceid=214-113.html
WARNING: [HLS 214-113] Either use an argument of the function or declare the variable inside the dataflow loop body (design.cpp:113:853)
Resolution: For help on HLS 214-113 see docs.xilinx.com/access/sources/dita/topic?Doc_Version=2023.2%20English&url=ug1448-hls-guidance&resourceid=214-113.html
WARNING: [HLS 214-113] Either use an argument of the function or declare the variable inside the dataflow loop body (design.cpp:113:899)
Resolution: For help on HLS 214-113 see docs.xilinx.com/access/sources/dita/topic?Doc_Version=2023.2%20English&url=ug1448-hls-guidance&resourceid=214-113.html
WARNING: [HLS 214-113] Either use an argument of the function or declare the variable inside the dataflow loop body (design.cpp:113:947)
Resolution: For help on HLS 214-113 see docs.xilinx.com/access/sources/dita/topic?Doc_Version=2023.2%20English&url=ug1448-hls-guidance&resourceid=214-113.html
WARNING: [HLS 214-113] Either use an argument of the function or declare the variable inside the dataflow loop body (design.cpp:113:988)
Resolution: For help on HLS 214-113 see docs.xilinx.com/access/sources/dita/topic?Doc_Version=2023.2%20English&url=ug1448-hls-guidance&resourceid=214-113.html
WARNING: [HLS 214-113] Either use an argument of the function or declare the variable inside the dataflow loop body (design.cpp:113:1029)
Resolution: For help on HLS 214-113 see docs.xilinx.com/access/sources/dita/topic?Doc_Version=2023.2%20English&url=ug1448-hls-guidance&resourceid=214-113.html
WARNING: [HLS 214-113] Either use an argument of the function or declare the variable inside the dataflow loop body (design.cpp:113:1075)
Resolution: For help on HLS 214-113 see docs.xilinx.com/access/sources/dita/topic?Doc_Version=2023.2%20English&url=ug1448-hls-guidance&resourceid=214-113.html
WARNING: [HLS 214-113] Either use an argument of the function or declare the variable inside the dataflow loop body (design.cpp:113:1132)
Resolution: For help on HLS 214-113 see docs.xilinx.com/access/sources/dita/topic?Doc_Version=2023.2%20English&url=ug1448-hls-guidance&resourceid=214-113.html
WARNING: [HLS 214-113] Either use an argument of the function or declare the variable inside the dataflow loop body (design.cpp:113:1178)
Resolution: For help on HLS 214-113 see docs.xilinx.com/access/sources/dita/topic?Doc_Version=2023.2%20English&url=ug1448-hls-guidance&resourceid=214-113.html
WARNING: [HLS 214-113] Either use an argument of the function or declare the variable inside the dataflow loop body (design.cpp:113:1226)
Resolution: For help on HLS 214-113 see docs.xilinx.com/access/sources/dita/topic?Doc_Version=2023.2%20English&url=ug1448-hls-guidance&resourceid=214-113.html
WARNING: [HLS 214-113] Either use an argument of the function or declare the variable inside the dataflow loop body (design.cpp:113:1267)
Resolution: For help on HLS 214-113 see docs.xilinx.com/access/sources/dita/topic?Doc_Version=2023.2%20English&url=ug1448-hls-guidance&resourceid=214-113.html
WARNING: [HLS 214-113] Either use an argument of the function or declare the variable inside the dataflow loop body (design.cpp:113:1308)
Resolution: For help on HLS 214-113 see docs.xilinx.com/access/sources/dita/topic?Doc_Version=2023.2%20English&url=ug1448-hls-guidance&resourceid=214-113.html
WARNING: [HLS 214-113] Either use an argument of the function or declare the variable inside the dataflow loop body (design.cpp:113:1354)
Resolution: For help on HLS 214-113 see docs.xilinx.com/access/sources/dita/topic?Doc_Version=2023.2%20English&url=ug1448-hls-guidance&resourceid=214-113.html
WARNING: [HLS 214-113] Either use an argument of the function or declare the variable inside the dataflow loop body (design.cpp:113:1411)
Resolution: For help on HLS 214-113 see docs.xilinx.com/access/sources/dita/topic?Doc_Version=2023.2%20English&url=ug1448-hls-guidance&resourceid=214-113.html
WARNING: [HLS 214-113] Either use an argument of the function or declare the variable inside the dataflow loop body (design.cpp:113:1457)
Resolution: For help on HLS 214-113 see docs.xilinx.com/access/sources/dita/topic?Doc_Version=2023.2%20English&url=ug1448-hls-guidance&resourceid=214-113.html
WARNING: [HLS 214-113] Either use an argument of the function or declare the variable inside the dataflow loop body (design.cpp:113:1505)
Resolution: For help on HLS 214-113 see docs.xilinx.com/access/sources/dita/topic?Doc_Version=2023.2%20English&url=ug1448-hls-guidance&resourceid=214-113.html
WARNING: [HLS 214-113] Either use an argument of the function or declare the variable inside the dataflow loop body (design.cpp:113:1546)
Resolution: For help on HLS 214-113 see docs.xilinx.com/access/sources/dita/topic?Doc_Version=2023.2%20English&url=ug1448-hls-guidance&resourceid=214-113.html
WARNING: [HLS 214-113] Either use an argument of the function or declare the variable inside the dataflow loop body (design.cpp:113:1587)
Resolution: For help on HLS 214-113 see docs.xilinx.com/access/sources/dita/topic?Doc_Version=2023.2%20English&url=ug1448-hls-guidance&resourceid=214-113.html
WARNING: [HLS 214-113] Either use an argument of the function or declare the variable inside the dataflow loop body (design.cpp:113:1633)
Resolution: For help on HLS 214-113 see docs.xilinx.com/access/sources/dita/topic?Doc_Version=2023.2%20English&url=ug1448-hls-guidance&resourceid=214-113.html
WARNING: [HLS 214-113] Either use an argument of the function or declare the variable inside the dataflow loop body (design.cpp:113:1690)
Resolution: For help on HLS 214-113 see docs.xilinx.com/access/sources/dita/topic?Doc_Version=2023.2%20English&url=ug1448-hls-guidance&resourceid=214-113.html
WARNING: [HLS 214-113] Either use an argument of the function or declare the variable inside the dataflow loop body (design.cpp:113:1736)
Resolution: For help on HLS 214-113 see docs.xilinx.com/access/sources/dita/topic?Doc_Version=2023.2%20English&url=ug1448-hls-guidance&resourceid=214-113.html
WARNING: [HLS 214-113] Either use an argument of the function or declare the variable inside the dataflow loop body (design.cpp:113:1784)
Resolution: For help on HLS 214-113 see docs.xilinx.com/access/sources/dita/topic?Doc_Version=2023.2%20English&url=ug1448-hls-guidance&resourceid=214-113.html
WARNING: [HLS 214-113] Either use an argument of the function or declare the variable inside the dataflow loop body (design.cpp:113:1825)
Resolution: For help on HLS 214-113 see docs.xilinx.com/access/sources/dita/topic?Doc_Version=2023.2%20English&url=ug1448-hls-guidance&resourceid=214-113.html
WARNING: [HLS 214-113] Either use an argument of the function or declare the variable inside the dataflow loop body (design.cpp:113:1866)
Resolution: For help on HLS 214-113 see docs.xilinx.com/access/sources/dita/topic?Doc_Version=2023.2%20English&url=ug1448-hls-guidance&resourceid=214-113.html
WARNING: [HLS 214-113] Either use an argument of the function or declare the variable inside the dataflow loop body (design.cpp:113:1912)
Resolution: For help on HLS 214-113 see docs.xilinx.com/access/sources/dita/topic?Doc_Version=2023.2%20English&url=ug1448-hls-guidance&resourceid=214-113.html
WARNING: [HLS 214-113] Either use an argument of the function or declare the variable inside the dataflow loop body (design.cpp:113:1969)
Resolution: For help on HLS 214-113 see docs.xilinx.com/access/sources/dita/topic?Doc_Version=2023.2%20English&url=ug1448-hls-guidance&resourceid=214-113.html
WARNING: [HLS 214-113] Either use an argument of the function or declare the variable inside the dataflow loop body (design.cpp:113:2015)
Resolution: For help on HLS 214-113 see docs.xilinx.com/access/sources/dita/topic?Doc_Version=2023.2%20English&url=ug1448-hls-guidance&resourceid=214-113.html
WARNING: [HLS 214-113] Either use an argument of the function or declare the variable inside the dataflow loop body (design.cpp:113:2063)
Resolution: For help on HLS 214-113 see docs.xilinx.com/access/sources/dita/topic?Doc_Version=2023.2%20English&url=ug1448-hls-guidance&resourceid=214-113.html
WARNING: [HLS 214-113] Either use an argument of the function or declare the variable inside the dataflow loop body (design.cpp:113:2104)
Resolution: For help on HLS 214-113 see docs.xilinx.com/access/sources/dita/topic?Doc_Version=2023.2%20English&url=ug1448-hls-guidance&resourceid=214-113.html
WARNING: [HLS 214-113] Either use an argument of the function or declare the variable inside the dataflow loop body (design.cpp:113:2145)
Resolution: For help on HLS 214-113 see docs.xilinx.com/access/sources/dita/topic?Doc_Version=2023.2%20English&url=ug1448-hls-guidance&resourceid=214-113.html
WARNING: [HLS 214-113] Either use an argument of the function or declare the variable inside the dataflow loop body (design.cpp:113:2191)
Resolution: For help on HLS 214-113 see docs.xilinx.com/access/sources/dita/topic?Doc_Version=2023.2%20English&url=ug1448-hls-guidance&resourceid=214-113.html
WARNING: [HLS 200-471] Dataflow form checks found 384 issue(s) in file design.cpp
Resolution: For help on HLS 200-471 see docs.xilinx.com/access/sources/dita/topic?Doc_Version=2023.2%20English&url=ug1448-hls-guidance&resourceid=200-471.html
INFO: [HLS 200-111] Finished Source Code Analysis and Preprocessing: CPU user time: 4.98 seconds. CPU system time: 0.64 seconds. Elapsed time: 5.66 seconds; current allocated memory: 267.418 MB.
INFO: [HLS 200-777] Using interface defaults for 'Vivado' flow target.
INFO: [HLS 200-1995] There were 28,591 instructions in the design after the 'Compile/Link' phase of compilation. See the Design Size Report for more details: /scratch/hc676/agentstudy/trials/moonshotai_kimi-k3__hls/prj/sol/syn/report/csynth_design_size.rpt
INFO: [HLS 200-1995] There were 7,226 instructions in the design after the 'Unroll/Inline (step 1)' phase of compilation. See the Design Size Report for more details: /scratch/hc676/agentstudy/trials/moonshotai_kimi-k3__hls/prj/sol/syn/report/csynth_design_size.rpt
INFO: [HLS 200-1995] There were 5,512 instructions in the design after the 'Unroll/Inline (step 2)' phase of compilation. See the Design Size Report for more details: /scratch/hc676/agentstudy/trials/moonshotai_kimi-k3__hls/prj/sol/syn/report/csynth_design_size.rpt
INFO: [HLS 200-1995] There were 5,512 instructions in the design after the 'Unroll/Inline (step 3)' phase of compilation. See the Design Size Report for more details: /scratch/hc676/agentstudy/trials/moonshotai_kimi-k3__hls/prj/sol/syn/report/csynth_design_size.rpt
INFO: [HLS 200-1995] There were 5,512 instructions in the design after the 'Unroll/Inline (step 4)' phase of compilation. See the Design Size Report for more details: /scratch/hc676/agentstudy/trials/moonshotai_kimi-k3__hls/prj/sol/syn/report/csynth_design_size.rpt
INFO: [HLS 200-1995] There were 4,675 instructions in the design after the 'Array/Struct (step 1)' phase of compilation. See the Design Size Report for more details: /scratch/hc676/agentstudy/trials/moonshotai_kimi-k3__hls/prj/sol/syn/report/csynth_design_size.rpt
INFO: [HLS 200-1995] There were 4,675 instructions in the design after the 'Array/Struct (step 2)' phase of compilation. See the Design Size Report for more details: /scratch/hc676/agentstudy/trials/moonshotai_kimi-k3__hls/prj/sol/syn/report/csynth_design_size.rpt
INFO: [HLS 200-1995] There were 4,675 instructions in the design after the 'Array/Struct (step 3)' phase of compilation. See the Design Size Report for more details: /scratch/hc676/agentstudy/trials/moonshotai_kimi-k3__hls/prj/sol/syn/report/csynth_design_size.rpt
INFO: [HLS 200-1995] There were 4,675 instructions in the design after the 'Array/Struct (step 4)' phase of compilation. See the Design Size Report for more details: /scratch/hc676/agentstudy/trials/moonshotai_kimi-k3__hls/prj/sol/syn/report/csynth_design_size.rpt
INFO: [HLS 200-1995] There were 4,675 instructions in the design after the 'Array/Struct (step 5)' phase of compilation. See the Design Size Report for more details: /scratch/hc676/agentstudy/trials/moonshotai_kimi-k3__hls/prj/sol/syn/report/csynth_design_size.rpt
INFO: [HLS 200-1995] There were 4,675 instructions in the design after the 'Performance (step 1)' phase of compilation. See the Design Size Report for more details: /scratch/hc676/agentstudy/trials/moonshotai_kimi-k3__hls/prj/sol/syn/report/csynth_design_size.rpt
INFO: [HLS 200-1995] There were 4,675 instructions in the design after the 'Performance (step 2)' phase of compilation. See the Design Size Report for more details: /scratch/hc676/agentstudy/trials/moonshotai_kimi-k3__hls/prj/sol/syn/report/csynth_design_size.rpt
INFO: [HLS 200-1995] There were 4,675 instructions in the design after the 'Performance (step 3)' phase of compilation. See the Design Size Report for more details: /scratch/hc676/agentstudy/trials/moonshotai_kimi-k3__hls/prj/sol/syn/report/csynth_design_size.rpt
INFO: [HLS 200-1995] There were 4,675 instructions in the design after the 'Performance (step 4)' phase of compilation. See the Design Size Report for more details: /scratch/hc676/agentstudy/trials/moonshotai_kimi-k3__hls/prj/sol/syn/report/csynth_design_size.rpt
INFO: [HLS 200-1995] There were 4,962 instructions in the design after the 'HW Transforms (step 1)' phase of compilation. See the Design Size Report for more details: /scratch/hc676/agentstudy/trials/moonshotai_kimi-k3__hls/prj/sol/syn/report/csynth_design_size.rpt
INFO: [HLS 200-1995] There were 5,373 instructions in the design after the 'HW Transforms (step 2)' phase of compilation. See the Design Size Report for more details: /scratch/hc676/agentstudy/trials/moonshotai_kimi-k3__hls/prj/sol/syn/report/csynth_design_size.rpt
INFO: [HLS 214-248] Applying array_partition to 'a_e': Complete partitioning on dimension 1. (design.cpp:87:26)
INFO: [HLS 214-248] Applying array_partition to 'b_s': Complete partitioning on dimension 1. (design.cpp:88:27)
INFO: [HLS 214-248] Applying array_partition to 'd_e': Complete partitioning on dimension 1. (design.cpp:89:28)
INFO: [HLS 200-111] Finished Compiling Optimization and Transform: CPU user time: 5.3 seconds. CPU system time: 0.84 seconds. Elapsed time: 8.37 seconds; current allocated memory: 267.418 MB.
INFO: [HLS 200-111] Finished Checking Pragmas: CPU user time: 0 seconds. CPU system time: 0 seconds. Elapsed time: 0 seconds; current allocated memory: 267.418 MB.
INFO: [HLS 200-10] Starting code transformations ...
INFO: [HLS 200-111] Finished Standard Transforms: CPU user time: 0.28 seconds. CPU system time: 0.01 seconds. Elapsed time: 0.29 seconds; current allocated memory: 277.242 MB.
INFO: [HLS 200-10] Checking synthesizability ...
INFO: [HLS 200-111] Finished Checking Synthesizability: CPU user time: 0.52 seconds. CPU system time: 0.01 seconds. Elapsed time: 0.53 seconds; current allocated memory: 287.059 MB.
WARNING: [HLS 200-805] An internal stream 'a_e' (design.cpp:87) with default size can result in deadlock. Please consider resizing the stream using the directive 'set_directive_stream' or the 'HLS stream' pragma.
WARNING: [HLS 200-805] An internal stream 'a_e.1' (design.cpp:87) with default size can result in deadlock. Please consider resizing the stream using the directive 'set_directive_stream' or the 'HLS stream' pragma.
WARNING: [HLS 200-805] An internal stream 'a_e.2' (design.cpp:87) with default size can result in deadlock. Please consider resizing the stream using the directive 'set_directive_stream' or the 'HLS stream' pragma.
WARNING: [HLS 200-805] An internal stream 'a_e.3' (design.cpp:87) with default size can result in deadlock. Please consider resizing the stream using the directive 'set_directive_stream' or the 'HLS stream' pragma.
WARNING: [HLS 200-805] An internal stream 'a_e.4' (design.cpp:87) with default size can result in deadlock. Please consider resizing the stream using the directive 'set_directive_stream' or the 'HLS stream' pragma.
WARNING: [HLS 200-805] An internal stream 'a_e.5' (design.cpp:87) with default size can result in deadlock. Please consider resizing the stream using the directive 'set_directive_stream' or the 'HLS stream' pragma.
WARNING: [HLS 200-805] An internal stream 'a_e.6' (design.cpp:87) with default size can result in deadlock. Please consider resizing the stream using the directive 'set_directive_stream' or the 'HLS stream' pragma.
WARNING: [HLS 200-805] An internal stream 'a_e.7' (design.cpp:87) with default size can result in deadlock. Please consider resizing the stream using the directive 'set_directive_stream' or the 'HLS stream' pragma.
WARNING: [HLS 200-805] An internal stream 'a_e.8' (design.cpp:87) with default size can result in deadlock. Please consider resizing the stream using the directive 'set_directive_stream' or the 'HLS stream' pragma.
WARNING: [HLS 200-805] An internal stream 'a_e.9' (design.cpp:87) with default size can result in deadlock. Please consider resizing the stream using the directive 'set_directive_stream' or the 'HLS stream' pragma.
WARNING: [HLS 200-805] An internal stream 'a_e.10' (design.cpp:87) with default size can result in deadlock. Please consider resizing the stream using the directive 'set_directive_stream' or the 'HLS stream' pragma.
WARNING: [HLS 200-805] An internal stream 'a_e.11' (design.cpp:87) with default size can result in deadlock. Please consider resizing the stream using the directive 'set_directive_stream' or the 'HLS stream' pragma.
WARNING: [HLS 200-805] An internal stream 'a_e.12' (design.cpp:87) with default size can result in deadlock. Please consider resizing the stream using the directive 'set_directive_stream' or the 'HLS stream' pragma.
WARNING: [HLS 200-805] An internal stream 'a_e.13' (design.cpp:87) with default size can result in deadlock. Please consider resizing the stream using the directive 'set_directive_stream' or the 'HLS stream' pragma.
WARNING: [HLS 200-805] An internal stream 'a_e.14' (design.cpp:87) with default size can result in deadlock. Please consider resizing the stream using the directive 'set_directive_stream' or the 'HLS stream' pragma.
WARNING: [HLS 200-805] An internal stream 'a_e.15' (design.cpp:87) with default size can result in deadlock. Please consider resizing the stream using the directive 'set_directive_stream' or the 'HLS stream' pragma.
WARNING: [HLS 200-805] An internal stream 'a_e.16' (design.cpp:87) with default size can result in deadlock. Please consider resizing the stream using the directive 'set_directive_stream' or the 'HLS stream' pragma.
WARNING: [HLS 200-805] An internal stream 'a_e.17' (design.cpp:87) with default size can result in deadlock. Please consider resizing the stream using the directive 'set_directive_stream' or the 'HLS stream' pragma.
WARNING: [HLS 200-805] An internal stream 'a_e.18' (design.cpp:87) with default size can result in deadlock. Please consider resizing the stream using the directive 'set_directive_stream' or the 'HLS stream' pragma.
WARNING: [HLS 200-805] An internal stream 'a_e.19' (design.cpp:87) with default size can result in deadlock. Please consider resizing the stream using the directive 'set_directive_stream' or the 'HLS stream' pragma.
WARNING: [HLS 200-805] An internal stream 'a_e.20' (design.cpp:87) with default size can result in deadlock. Please consider resizing the stream using the directive 'set_directive_stream' or the 'HLS stream' pragma.
WARNING: [HLS 200-805] An internal stream 'a_e.21' (design.cpp:87) with default size can result in deadlock. Please consider resizing the stream using the directive 'set_directive_stream' or the 'HLS stream' pragma.
WARNING: [HLS 200-805] An internal stream 'a_e.22' (design.cpp:87) with default size can result in deadlock. Please consider resizing the stream using the directive 'set_directive_stream' or the 'HLS stream' pragma.
WARNING: [HLS 200-805] An internal stream 'a_e.23' (design.cpp:87) with default size can result in deadlock. Please consider resizing the stream using the directive 'set_directive_stream' or the 'HLS stream' pragma.
WARNING: [HLS 200-805] An internal stream 'a_e.24' (design.cpp:87) with default size can result in deadlock. Please consider resizing the stream using the directive 'set_directive_stream' or the 'HLS stream' pragma.
WARNING: [HLS 200-805] An internal stream 'a_e.25' (design.cpp:87) with default size can result in deadlock. Please consider resizing the stream using the directive 'set_directive_stream' or the 'HLS stream' pragma.
WARNING: [HLS 200-805] An internal stream 'a_e.26' (design.cpp:87) with default size can result in deadlock. Please consider resizing the stream using the directive 'set_directive_stream' or the 'HLS stream' pragma.
WARNING: [HLS 200-805] An internal stream 'a_e.27' (design.cpp:87) with default size can result in deadlock. Please consider resizing the stream using the directive 'set_directive_stream' or the 'HLS stream' pragma.
WARNING: [HLS 200-805] An internal stream 'a_e.28' (design.cpp:87) with default size can result in deadlock. Please consider resizing the stream using the directive 'set_directive_stream' or the 'HLS stream' pragma.
WARNING: [HLS 200-805] An internal stream 'a_e.29' (design.cpp:87) with default size can result in deadlock. Please consider resizing the stream using the directive 'set_directive_stream' or the 'HLS stream' pragma.
WARNING: [HLS 200-805] An internal stream 'a_e.30' (design.cpp:87) with default size can result in deadlock. Please consider resizing the stream using the directive 'set_directive_stream' or the 'HLS stream' pragma.
WARNING: [HLS 200-805] An internal stream 'a_e.31' (design.cpp:87) with default size can result in deadlock. Please consider resizing the stream using the directive 'set_directive_stream' or the 'HLS stream' pragma.
WARNING: [HLS 200-805] An internal stream 'a_e.32' (design.cpp:87) with default size can result in deadlock. Please consider resizing the stream using the directive 'set_directive_stream' or the 'HLS stream' pragma.
WARNING: [HLS 200-805] An internal stream 'a_e.33' (design.cpp:87) with default size can result in deadlock. Please consider resizing the stream using the directive 'set_directive_stream' or the 'HLS stream' pragma.
WARNING: [HLS 200-805] An internal stream 'a_e.34' (design.cpp:87) with default size can result in deadlock. Please consider resizing the stream using the directive 'set_directive_stream' or the 'HLS stream' pragma.
WARNING: [HLS 200-805] An internal stream 'a_e.35' (design.cpp:87) with default size can result in deadlock. Please consider resizing the stream using the directive 'set_directive_stream' or the 'HLS stream' pragma.
WARNING: [HLS 200-805] An internal stream 'a_e.36' (design.cpp:87) with default size can result in deadlock. Please consider resizing the stream using the directive 'set_directive_stream' or the 'HLS stream' pragma.
WARNING: [HLS 200-805] An internal stream 'a_e.37' (design.cpp:87) with default size can result in deadlock. Please consider resizing the stream using the directive 'set_directive_stream' or the 'HLS stream' pragma.
WARNING: [HLS 200-805] An internal stream 'a_e.38' (design.cpp:87) with default size can result in deadlock. Please consider resizing the stream using the directive 'set_directive_stream' or the 'HLS stream' pragma.
WARNING: [HLS 200-805] An internal stream 'a_e.39' (design.cpp:87) with default size can result in deadlock. Please consider resizing the stream using the directive 'set_directive_stream' or the 'HLS stream' pragma.
WARNING: [HLS 200-805] An internal stream 'a_e.40' (design.cpp:87) with default size can result in deadlock. Please consider resizing the stream using the directive 'set_directive_stream' or the 'HLS stream' pragma.
WARNING: [HLS 200-805] An internal stream 'a_e.41' (design.cpp:87) with default size can result in deadlock. Please consider resizing the stream using the directive 'set_directive_stream' or the 'HLS stream' pragma.
WARNING: [HLS 200-805] An internal stream 'a_e.42' (design.cpp:87) with default size can result in deadlock. Please consider resizing the stream using the directive 'set_directive_stream' or the 'HLS stream' pragma.
WARNING: [HLS 200-805] An internal stream 'a_e.43' (design.cpp:87) with default size can result in deadlock. Please consider resizing the stream using the directive 'set_directive_stream' or the 'HLS stream' pragma.
WARNING: [HLS 200-805] An internal stream 'a_e.44' (design.cpp:87) with default size can result in deadlock. Please consider resizing the stream using the directive 'set_directive_stream' or the 'HLS stream' pragma.
WARNING: [HLS 200-805] An internal stream 'a_e.45' (design.cpp:87) with default size can result in deadlock. Please consider resizing the stream using the directive 'set_directive_stream' or the 'HLS stream' pragma.
WARNING: [HLS 200-805] An internal stream 'a_e.46' (design.cpp:87) with default size can result in deadlock. Please consider resizing the stream using the directive 'set_directive_stream' or the 'HLS stream' pragma.
WARNING: [HLS 200-805] An internal stream 'a_e.47' (design.cpp:87) with default size can result in deadlock. Please consider resizing the stream using the directive 'set_directive_stream' or the 'HLS stream' pragma.
WARNING: [HLS 200-805] An internal stream 'a_e.48' (design.cpp:87) with default size can result in deadlock. Please consider resizing the stream using the directive 'set_directive_stream' or the 'HLS stream' pragma.
WARNING: [HLS 200-805] An internal stream 'a_e.49' (design.cpp:87) with default size can result in deadlock. Please consider resizing the stream using the directive 'set_directive_stream' or the 'HLS stream' pragma.
WARNING: [HLS 200-805] An internal stream 'a_e.50' (design.cpp:87) with default size can result in deadlock. Please consider resizing the stream using the directive 'set_directive_stream' or the 'HLS stream' pragma.
WARNING: [HLS 200-805] An internal stream 'a_e.51' (design.cpp:87) with default size can result in deadlock. Please consider resizing the stream using the directive 'set_directive_stream' or the 'HLS stream' pragma.
WARNING: [HLS 200-805] An internal stream 'a_e.52' (design.cpp:87) with default size can result in deadlock. Please consider resizing the stream using the directive 'set_directive_stream' or the 'HLS stream' pragma.
WARNING: [HLS 200-805] An internal stream 'a_e.53' (design.cpp:87) with default size can result in deadlock. Please consider resizing the stream using the directive 'set_directive_stream' or the 'HLS stream' pragma.
WARNING: [HLS 200-805] An internal stream 'a_e.54' (design.cpp:87) with default size can result in deadlock. Please consider resizing the stream using the directive 'set_directive_stream' or the 'HLS stream' pragma.
WARNING: [HLS 200-805] An internal stream 'a_e.55' (design.cpp:87) with default size can result in deadlock. Please consider resizing the stream using the directive 'set_directive_stream' or the 'HLS stream' pragma.
WARNING: [HLS 200-805] An internal stream 'b_s' (design.cpp:88) with default size can result in deadlock. Please consider resizing the stream using the directive 'set_directive_stream' or the 'HLS stream' pragma.
WARNING: [HLS 200-805] An internal stream 'b_s.1' (design.cpp:88) with default size can result in deadlock. Please consider resizing the stream using the directive 'set_directive_stream' or the 'HLS stream' pragma.
WARNING: [HLS 200-805] An internal stream 'b_s.2' (design.cpp:88) with default size can result in deadlock. Please consider resizing the stream using the directive 'set_directive_stream' or the 'HLS stream' pragma.
WARNING: [HLS 200-805] An internal stream 'b_s.3' (design.cpp:88) with default size can result in deadlock. Please consider resizing the stream using the directive 'set_directive_stream' or the 'HLS stream' pragma.
WARNING: [HLS 200-805] An internal stream 'b_s.4' (design.cpp:88) with default size can result in deadlock. Please consider resizing the stream using the directive 'set_directive_stream' or the 'HLS stream' pragma.
WARNING: [HLS 200-805] An internal stream 'b_s.5' (design.cpp:88) with default size can result in deadlock. Please consider resizing the stream using the directive 'set_directive_stream' or the 'HLS stream' pragma.
WARNING: [HLS 200-805] An internal stream 'b_s.6' (design.cpp:88) with default size can result in deadlock. Please consider resizing the stream using the directive 'set_directive_stream' or the 'HLS stream' pragma.
WARNING: [HLS 200-805] An internal stream 'b_s.7' (design.cpp:88) with default size can result in deadlock. Please consider resizing the stream using the directive 'set_directive_stream' or the 'HLS stream' pragma.
WARNING: [HLS 200-805] An internal stream 'b_s.8' (design.cpp:88) with default size can result in deadlock. Please consider resizing the stream using the directive 'set_directive_stream' or the 'HLS stream' pragma.
WARNING: [HLS 200-805] An internal stream 'b_s.9' (design.cpp:88) with default size can result in deadlock. Please consider resizing the stream using the directive 'set_directive_stream' or the 'HLS stream' pragma.
WARNING: [HLS 200-805] An internal stream 'b_s.10' (design.cpp:88) with default size can result in deadlock. Please consider resizing the stream using the directive 'set_directive_stream' or the 'HLS stream' pragma.
WARNING: [HLS 200-805] An internal stream 'b_s.11' (design.cpp:88) with default size can result in deadlock. Please consider resizing the stream using the directive 'set_directive_stream' or the 'HLS stream' pragma.
WARNING: [HLS 200-805] An internal stream 'b_s.12' (design.cpp:88) with default size can result in deadlock. Please consider resizing the stream using the directive 'set_directive_stream' or the 'HLS stream' pragma.
WARNING: [HLS 200-805] An internal stream 'b_s.13' (design.cpp:88) with default size can result in deadlock. Please consider resizing the stream using the directive 'set_directive_stream' or the 'HLS stream' pragma.
WARNING: [HLS 200-805] An internal stream 'b_s.14' (design.cpp:88) with default size can result in deadlock. Please consider resizing the stream using the directive 'set_directive_stream' or the 'HLS stream' pragma.
WARNING: [HLS 200-805] An internal stream 'b_s.15' (design.cpp:88) with default size can result in deadlock. Please consider resizing the stream using the directive 'set_directive_stream' or the 'HLS stream' pragma.
WARNING: [HLS 200-805] An internal stream 'b_s.16' (design.cpp:88) with default size can result in deadlock. Please consider resizing the stream using the directive 'set_directive_stream' or the 'HLS stream' pragma.
WARNING: [HLS 200-805] An internal stream 'b_s.17' (design.cpp:88) with default size can result in deadlock. Please consider resizing the stream using the directive 'set_directive_stream' or the 'HLS stream' pragma.
WARNING: [HLS 200-805] An internal stream 'b_s.18' (design.cpp:88) with default size can result in deadlock. Please consider resizing the stream using the directive 'set_directive_stream' or the 'HLS stream' pragma.
WARNING: [HLS 200-805] An internal stream 'b_s.19' (design.cpp:88) with default size can result in deadlock. Please consider resizing the stream using the directive 'set_directive_stream' or the 'HLS stream' pragma.
WARNING: [HLS 200-805] An internal stream 'b_s.20' (design.cpp:88) with default size can result in deadlock. Please consider resizing the stream using the directive 'set_directive_stream' or the 'HLS stream' pragma.
WARNING: [HLS 200-805] An internal stream 'b_s.21' (design.cpp:88) with default size can result in deadlock. Please consider resizing the stream using the directive 'set_directive_stream' or the 'HLS stream' pragma.
WARNING: [HLS 200-805] An internal stream 'b_s.22' (design.cpp:88) with default size can result in deadlock. Please consider resizing the stream using the directive 'set_directive_stream' or the 'HLS stream' pragma.
WARNING: [HLS 200-805] An internal stream 'b_s.23' (design.cpp:88) with default size can result in deadlock. Please consider resizing the stream using the directive 'set_directive_stream' or the 'HLS stream' pragma.
WARNING: [HLS 200-805] An internal stream 'b_s.24' (design.cpp:88) with default size can result in deadlock. Please consider resizing the stream using the directive 'set_directive_stream' or the 'HLS stream' pragma.
WARNING: [HLS 200-805] An internal stream 'b_s.25' (design.cpp:88) with default size can result in deadlock. Please consider resizing the stream using the directive 'set_directive_stream' or the 'HLS stream' pragma.
WARNING: [HLS 200-805] An internal stream 'b_s.26' (design.cpp:88) with default size can result in deadlock. Please consider resizing the stream using the directive 'set_directive_stream' or the 'HLS stream' pragma.
WARNING: [HLS 200-805] An internal stream 'b_s.27' (design.cpp:88) with default size can result in deadlock. Please consider resizing the stream using the directive 'set_directive_stream' or the 'HLS stream' pragma.
WARNING: [HLS 200-805] An internal stream 'b_s.28' (design.cpp:88) with default size can result in deadlock. Please consider resizing the stream using the directive 'set_directive_stream' or the 'HLS stream' pragma.
WARNING: [HLS 200-805] An internal stream 'b_s.29' (design.cpp:88) with default size can result in deadlock. Please consider resizing the stream using the directive 'set_directive_stream' or the 'HLS stream' pragma.
WARNING: [HLS 200-805] An internal stream 'b_s.30' (design.cpp:88) with default size can result in deadlock. Please consider resizing the stream using the directive 'set_directive_stream' or the 'HLS stream' pragma.
WARNING: [HLS 200-805] An internal stream 'b_s.31' (design.cpp:88) with default size can result in deadlock. Please consider resizing the stream using the directive 'set_directive_stream' or the 'HLS stream' pragma.
WARNING: [HLS 200-805] An internal stream 'b_s.32' (design.cpp:88) with default size can result in deadlock. Please consider resizing the stream using the directive 'set_directive_stream' or the 'HLS stream' pragma.
WARNING: [HLS 200-805] An internal stream 'b_s.33' (design.cpp:88) with default size can result in deadlock. Please consider resizing the stream using the directive 'set_directive_stream' or the 'HLS stream' pragma.
WARNING: [HLS 200-805] An internal stream 'b_s.34' (design.cpp:88) with default size can result in deadlock. Please consider resizing the stream using the directive 'set_directive_stream' or the 'HLS stream' pragma.
WARNING: [HLS 200-805] An internal stream 'b_s.35' (design.cpp:88) with default size can result in deadlock. Please consider resizing the stream using the directive 'set_directive_stream' or the 'HLS stream' pragma.
WARNING: [HLS 200-805] An internal stream 'b_s.36' (design.cpp:88) with default size can result in deadlock. Please consider resizing the stream using the directive 'set_directive_stream' or the 'HLS stream' pragma.
WARNING: [HLS 200-805] An internal stream 'b_s.37' (design.cpp:88) with default size can result in deadlock. Please consider resizing the stream using the directive 'set_directive_stream' or the 'HLS stream' pragma.
WARNING: [HLS 200-805] An internal stream 'b_s.38' (design.cpp:88) with default size can result in deadlock. Please consider resizing the stream using the directive 'set_directive_stream' or the 'HLS stream' pragma.
WARNING: [HLS 200-805] An internal stream 'b_s.39' (design.cpp:88) with default size can result in deadlock. Please consider resizing the stream using the directive 'set_directive_stream' or the 'HLS stream' pragma.
WARNING: [HLS 200-805] An internal stream 'b_s.40' (design.cpp:88) with default size can result in deadlock. Please consider resizing the stream using the directive 'set_directive_stream' or the 'HLS stream' pragma.
WARNING: [HLS 200-805] An internal stream 'b_s.41' (design.cpp:88) with default size can result in deadlock. Please consider resizing the stream using the directive 'set_directive_stream' or the 'HLS stream' pragma.
WARNING: [HLS 200-805] An internal stream 'b_s.42' (design.cpp:88) with default size can result in deadlock. Please consider resizing the stream using the directive 'set_directive_stream' or the 'HLS stream' pragma.
WARNING: [HLS 200-805] An internal stream 'b_s.43' (design.cpp:88) with default size can result in deadlock. Please consider resizing the stream using the directive 'set_directive_stream' or the 'HLS stream' pragma.
WARNING: [HLS 200-805] An internal stream 'b_s.44' (design.cpp:88) with default size can result in deadlock. Please consider resizing the stream using the directive 'set_directive_stream' or the 'HLS stream' pragma.
WARNING: [HLS 200-805] An internal stream 'b_s.45' (design.cpp:88) with default size can result in deadlock. Please consider resizing the stream using the directive 'set_directive_stream' or the 'HLS stream' pragma.
WARNING: [HLS 200-805] An internal stream 'b_s.46' (design.cpp:88) with default size can result in deadlock. Please consider resizing the stream using the directive 'set_directive_stream' or the 'HLS stream' pragma.
WARNING: [HLS 200-805] An internal stream 'b_s.47' (design.cpp:88) with default size can result in deadlock. Please consider resizing the stream using the directive 'set_directive_stream' or the 'HLS stream' pragma.
WARNING: [HLS 200-805] An internal stream 'b_s.48' (design.cpp:88) with default size can result in deadlock. Please consider resizing the stream using the directive 'set_directive_stream' or the 'HLS stream' pragma.
WARNING: [HLS 200-805] An internal stream 'b_s.49' (design.cpp:88) with default size can result in deadlock. Please consider resizing the stream using the directive 'set_directive_stream' or the 'HLS stream' pragma.
WARNING: [HLS 200-805] An internal stream 'b_s.50' (design.cpp:88) with default size can result in deadlock. Please consider resizing the stream using the directive 'set_directive_stream' or the 'HLS stream' pragma.
WARNING: [HLS 200-805] An internal stream 'b_s.51' (design.cpp:88) with default size can result in deadlock. Please consider resizing the stream using the directive 'set_directive_stream' or the 'HLS stream' pragma.
WARNING: [HLS 200-805] An internal stream 'b_s.52' (design.cpp:88) with default size can result in deadlock. Please consider resizing the stream using the directive 'set_directive_stream' or the 'HLS stream' pragma.
WARNING: [HLS 200-805] An internal stream 'b_s.53' (design.cpp:88) with default size can result in deadlock. Please consider resizing the stream using the directive 'set_directive_stream' or the 'HLS stream' pragma.
WARNING: [HLS 200-805] An internal stream 'b_s.54' (design.cpp:88) with default size can result in deadlock. Please consider resizing the stream using the directive 'set_directive_stream' or the 'HLS stream' pragma.
WARNING: [HLS 200-805] An internal stream 'b_s.55' (design.cpp:88) with default size can result in deadlock. Please consider resizing the stream using the directive 'set_directive_stream' or the 'HLS stream' pragma.
WARNING: [HLS 200-805] An internal stream 'd_e' (design.cpp:89) with default size can result in deadlock. Please consider resizing the stream using the directive 'set_directive_stream' or the 'HLS stream' pragma.
WARNING: [HLS 200-805] An internal stream 'd_e.1' (design.cpp:89) with default size can result in deadlock. Please consider resizing the stream using the directive 'set_directive_stream' or the 'HLS stream' pragma.
WARNING: [HLS 200-805] An internal stream 'd_e.2' (design.cpp:89) with default size can result in deadlock. Please consider resizing the stream using the directive 'set_directive_stream' or the 'HLS stream' pragma.
WARNING: [HLS 200-805] An internal stream 'd_e.3' (design.cpp:89) with default size can result in deadlock. Please consider resizing the stream using the directive 'set_directive_stream' or the 'HLS stream' pragma.
WARNING: [HLS 200-805] An internal stream 'd_e.4' (design.cpp:89) with default size can result in deadlock. Please consider resizing the stream using the directive 'set_directive_stream' or the 'HLS stream' pragma.
WARNING: [HLS 200-805] An internal stream 'd_e.5' (design.cpp:89) with default size can result in deadlock. Please consider resizing the stream using the directive 'set_directive_stream' or the 'HLS stream' pragma.
WARNING: [HLS 200-805] An internal stream 'd_e.6' (design.cpp:89) with default size can result in deadlock. Please consider resizing the stream using the directive 'set_directive_stream' or the 'HLS stream' pragma.
WARNING: [HLS 200-805] An internal stream 'd_e.7' (design.cpp:89) with default size can result in deadlock. Please consider resizing the stream using the directive 'set_directive_stream' or the 'HLS stream' pragma.
WARNING: [HLS 200-805] An internal stream 'd_e.8' (design.cpp:89) with default size can result in deadlock. Please consider resizing the stream using the directive 'set_directive_stream' or the 'HLS stream' pragma.
WARNING: [HLS 200-805] An internal stream 'd_e.9' (design.cpp:89) with default size can result in deadlock. Please consider resizing the stream using the directive 'set_directive_stream' or the 'HLS stream' pragma.
WARNING: [HLS 200-805] An internal stream 'd_e.10' (design.cpp:89) with default size can result in deadlock. Please consider resizing the stream using the directive 'set_directive_stream' or the 'HLS stream' pragma.
WARNING: [HLS 200-805] An internal stream 'd_e.11' (design.cpp:89) with default size can result in deadlock. Please consider resizing the stream using the directive 'set_directive_stream' or the 'HLS stream' pragma.
WARNING: [HLS 200-805] An internal stream 'd_e.12' (design.cpp:89) with default size can result in deadlock. Please consider resizing the stream using the directive 'set_directive_stream' or the 'HLS stream' pragma.
WARNING: [HLS 200-805] An internal stream 'd_e.13' (design.cpp:89) with default size can result in deadlock. Please consider resizing the stream using the directive 'set_directive_stream' or the 'HLS stream' pragma.
WARNING: [HLS 200-805] An internal stream 'd_e.14' (design.cpp:89) with default size can result in deadlock. Please consider resizing the stream using the directive 'set_directive_stream' or the 'HLS stream' pragma.
WARNING: [HLS 200-805] An internal stream 'd_e.15' (design.cpp:89) with default size can result in deadlock. Please consider resizing the stream using the directive 'set_directive_stream' or the 'HLS stream' pragma.
WARNING: [HLS 200-805] An internal stream 'd_e.16' (design.cpp:89) with default size can result in deadlock. Please consider resizing the stream using the directive 'set_directive_stream' or the 'HLS stream' pragma.
WARNING: [HLS 200-805] An internal stream 'd_e.17' (design.cpp:89) with default size can result in deadlock. Please consider resizing the stream using the directive 'set_directive_stream' or the 'HLS stream' pragma.
WARNING: [HLS 200-805] An internal stream 'd_e.18' (design.cpp:89) with default size can result in deadlock. Please consider resizing the stream using the directive 'set_directive_stream' or the 'HLS stream' pragma.
WARNING: [HLS 200-805] An internal stream 'd_e.19' (design.cpp:89) with default size can result in deadlock. Please consider resizing the stream using the directive 'set_directive_stream' or the 'HLS stream' pragma.
WARNING: [HLS 200-805] An internal stream 'd_e.20' (design.cpp:89) with default size can result in deadlock. Please consider resizing the stream using the directive 'set_directive_stream' or the 'HLS stream' pragma.
WARNING: [HLS 200-805] An internal stream 'd_e.21' (design.cpp:89) with default size can result in deadlock. Please consider resizing the stream using the directive 'set_directive_stream' or the 'HLS stream' pragma.
WARNING: [HLS 200-805] An internal stream 'd_e.22' (design.cpp:89) with default size can result in deadlock. Please consider resizing the stream using the directive 'set_directive_stream' or the 'HLS stream' pragma.
WARNING: [HLS 200-805] An internal stream 'd_e.23' (design.cpp:89) with default size can result in deadlock. Please consider resizing the stream using the directive 'set_directive_stream' or the 'HLS stream' pragma.
WARNING: [HLS 200-805] An internal stream 'd_e.24' (design.cpp:89) with default size can result in deadlock. Please consider resizing the stream using the directive 'set_directive_stream' or the 'HLS stream' pragma.
WARNING: [HLS 200-805] An internal stream 'd_e.25' (design.cpp:89) with default size can result in deadlock. Please consider resizing the stream using the directive 'set_directive_stream' or the 'HLS stream' pragma.
WARNING: [HLS 200-805] An internal stream 'd_e.26' (design.cpp:89) with default size can result in deadlock. Please consider resizing the stream using the directive 'set_directive_stream' or the 'HLS stream' pragma.
WARNING: [HLS 200-805] An internal stream 'd_e.27' (design.cpp:89) with default size can result in deadlock. Please consider resizing the stream using the directive 'set_directive_stream' or the 'HLS stream' pragma.
WARNING: [HLS 200-805] An internal stream 'd_e.28' (design.cpp:89) with default size can result in deadlock. Please consider resizing the stream using the directive 'set_directive_stream' or the 'HLS stream' pragma.
WARNING: [HLS 200-805] An internal stream 'd_e.29' (design.cpp:89) with default size can result in deadlock. Please consider resizing the stream using the directive 'set_directive_stream' or the 'HLS stream' pragma.
WARNING: [HLS 200-805] An internal stream 'd_e.30' (design.cpp:89) with default size can result in deadlock. Please consider resizing the stream using the directive 'set_directive_stream' or the 'HLS stream' pragma.
WARNING: [HLS 200-805] An internal stream 'd_e.31' (design.cpp:89) with default size can result in deadlock. Please consider resizing the stream using the directive 'set_directive_stream' or the 'HLS stream' pragma.
WARNING: [HLS 200-805] An internal stream 'd_e.32' (design.cpp:89) with default size can result in deadlock. Please consider resizing the stream using the directive 'set_directive_stream' or the 'HLS stream' pragma.
WARNING: [HLS 200-805] An internal stream 'd_e.33' (design.cpp:89) with default size can result in deadlock. Please consider resizing the stream using the directive 'set_directive_stream' or the 'HLS stream' pragma.
WARNING: [HLS 200-805] An internal stream 'd_e.34' (design.cpp:89) with default size can result in deadlock. Please consider resizing the stream using the directive 'set_directive_stream' or the 'HLS stream' pragma.
WARNING: [HLS 200-805] An internal stream 'd_e.35' (design.cpp:89) with default size can result in deadlock. Please consider resizing the stream using the directive 'set_directive_stream' or the 'HLS stream' pragma.
WARNING: [HLS 200-805] An internal stream 'd_e.36' (design.cpp:89) with default size can result in deadlock. Please consider resizing the stream using the directive 'set_directive_stream' or the 'HLS stream' pragma.
WARNING: [HLS 200-805] An internal stream 'd_e.37' (design.cpp:89) with default size can result in deadlock. Please consider resizing the stream using the directive 'set_directive_stream' or the 'HLS stream' pragma.
WARNING: [HLS 200-805] An internal stream 'd_e.38' (design.cpp:89) with default size can result in deadlock. Please consider resizing the stream using the directive 'set_directive_stream' or the 'HLS stream' pragma.
WARNING: [HLS 200-805] An internal stream 'd_e.39' (design.cpp:89) with default size can result in deadlock. Please consider resizing the stream using the directive 'set_directive_stream' or the 'HLS stream' pragma.
WARNING: [HLS 200-805] An internal stream 'd_e.40' (design.cpp:89) with default size can result in deadlock. Please consider resizing the stream using the directive 'set_directive_stream' or the 'HLS stream' pragma.
WARNING: [HLS 200-805] An internal stream 'd_e.41' (design.cpp:89) with default size can result in deadlock. Please consider resizing the stream using the directive 'set_directive_stream' or the 'HLS stream' pragma.
WARNING: [HLS 200-805] An internal stream 'd_e.42' (design.cpp:89) with default size can result in deadlock. Please consider resizing the stream using the directive 'set_directive_stream' or the 'HLS stream' pragma.
WARNING: [HLS 200-805] An internal stream 'd_e.43' (design.cpp:89) with default size can result in deadlock. Please consider resizing the stream using the directive 'set_directive_stream' or the 'HLS stream' pragma.
WARNING: [HLS 200-805] An internal stream 'd_e.44' (design.cpp:89) with default size can result in deadlock. Please consider resizing the stream using the directive 'set_directive_stream' or the 'HLS stream' pragma.
WARNING: [HLS 200-805] An internal stream 'd_e.45' (design.cpp:89) with default size can result in deadlock. Please consider resizing the stream using the directive 'set_directive_stream' or the 'HLS stream' pragma.
WARNING: [HLS 200-805] An internal stream 'd_e.46' (design.cpp:89) with default size can result in deadlock. Please consider resizing the stream using the directive 'set_directive_stream' or the 'HLS stream' pragma.
WARNING: [HLS 200-805] An internal stream 'd_e.47' (design.cpp:89) with default size can result in deadlock. Please consider resizing the stream using the directive 'set_directive_stream' or the 'HLS stream' pragma.
WARNING: [HLS 200-805] An internal stream 'd_e.48' (design.cpp:89) with default size can result in deadlock. Please consider resizing the stream using the directive 'set_directive_stream' or the 'HLS stream' pragma.
WARNING: [HLS 200-805] An internal stream 'd_e.49' (design.cpp:89) with default size can result in deadlock. Please consider resizing the stream using the directive 'set_directive_stream' or the 'HLS stream' pragma.
WARNING: [HLS 200-805] An internal stream 'd_e.50' (design.cpp:89) with default size can result in deadlock. Please consider resizing the stream using the directive 'set_directive_stream' or the 'HLS stream' pragma.
WARNING: [HLS 200-805] An internal stream 'd_e.51' (design.cpp:89) with default size can result in deadlock. Please consider resizing the stream using the directive 'set_directive_stream' or the 'HLS stream' pragma.
WARNING: [HLS 200-805] An internal stream 'd_e.52' (design.cpp:89) with default size can result in deadlock. Please consider resizing the stream using the directive 'set_directive_stream' or the 'HLS stream' pragma.
WARNING: [HLS 200-805] An internal stream 'd_e.53' (design.cpp:89) with default size can result in deadlock. Please consider resizing the stream using the directive 'set_directive_stream' or the 'HLS stream' pragma.
WARNING: [HLS 200-805] An internal stream 'd_e.54' (design.cpp:89) with default size can result in deadlock. Please consider resizing the stream using the directive 'set_directive_stream' or the 'HLS stream' pragma.
WARNING: [HLS 200-805] An internal stream 'd_e.55' (design.cpp:89) with default size can result in deadlock. Please consider resizing the stream using the directive 'set_directive_stream' or the 'HLS stream' pragma.
INFO: [XFORM 203-712] Applying dataflow to function 'gemm_tile' (design.cpp:59:1), detected/extracted 64 process function(s): 
	 'pe.1'
	 'pe.2'
	 'pe.3'
	 'pe.4'
	 'pe.5'
	 'pe.6'
	 'pe.7'
	 'pe.8'
	 'pe.9'
	 'pe.10'
	 'pe.11'
	 'pe.12'
	 'pe.13'
	 'pe.14'
	 'pe.15'
	 'pe.16'
	 'pe.17'
	 'pe.18'
	 'pe.19'
	 'pe.20'
	 'pe.21'
	 'pe.22'
	 'pe.23'
	 'pe.24'
	 'pe.25'
	 'pe.26'
	 'pe.27'
	 'pe.28'
	 'pe.29'
	 'pe.30'
	 'pe.31'
	 'pe.32'
	 'pe.33'
	 'pe.34'
	 'pe.35'
	 'pe.36'
	 'pe.37'
	 'pe.38'
	 'pe.39'
	 'pe.40'
	 'pe.41'
	 'pe.42'
	 'pe.43'
	 'pe.44'
	 'pe.45'
	 'pe.46'
	 'pe.47'
	 'pe.48'
	 'pe.49'
	 'pe.50'
	 'pe.51'
	 'pe.52'
	 'pe.53'
	 'pe.54'
	 'pe.55'
	 'pe.56'
	 'pe.57'
	 'pe.58'
	 'pe.59'
	 'pe.60'
	 'pe.61'
	 'pe.62'
	 'pe.63'
	 'pe'.
INFO: [HLS 200-111] Finished Loop, function and other optimizations: CPU user time: 2.73 seconds. CPU system time: 0.07 seconds. Elapsed time: 2.82 seconds; current allocated memory: 322.871 MB.
WARNING: [XFORM 203-561] 'VITIS_LOOP_26_1' (design.cpp:26:20) in function 'pe.9' is an infinite loop.
WARNING: [XFORM 203-561] 'VITIS_LOOP_26_1' (design.cpp:26:20) in function 'pe.8' is an infinite loop.
WARNING: [XFORM 203-561] 'VITIS_LOOP_26_1' (design.cpp:26:20) in function 'pe.7' is an infinite loop.
WARNING: [XFORM 203-561] 'VITIS_LOOP_26_1' (design.cpp:26:20) in function 'pe.63' is an infinite loop.
WARNING: [XFORM 203-561] 'VITIS_LOOP_26_1' (design.cpp:26:20) in function 'pe.62' is an infinite loop.
WARNING: [XFORM 203-561] 'VITIS_LOOP_26_1' (design.cpp:26:20) in function 'pe.61' is an infinite loop.
WARNING: [XFORM 203-561] 'VITIS_LOOP_26_1' (design.cpp:26:20) in function 'pe.60' is an infinite loop.
WARNING: [XFORM 203-561] 'VITIS_LOOP_26_1' (design.cpp:26:20) in function 'pe.6' is an infinite loop.
WARNING: [XFORM 203-561] 'VITIS_LOOP_26_1' (design.cpp:26:20) in function 'pe.59' is an infinite loop.
WARNING: [XFORM 203-561] 'VITIS_LOOP_26_1' (design.cpp:26:20) in function 'pe.58' is an infinite loop.
WARNING: [XFORM 203-561] 'VITIS_LOOP_26_1' (design.cpp:26:20) in function 'pe.57' is an infinite loop.
WARNING: [XFORM 203-561] 'VITIS_LOOP_26_1' (design.cpp:26:20) in function 'pe.56' is an infinite loop.
WARNING: [XFORM 203-561] 'VITIS_LOOP_26_1' (design.cpp:26:20) in function 'pe.55' is an infinite loop.
WARNING: [XFORM 203-561] 'VITIS_LOOP_26_1' (design.cpp:26:20) in function 'pe.54' is an infinite loop.
WARNING: [XFORM 203-561] 'VITIS_LOOP_26_1' (design.cpp:26:20) in function 'pe.53' is an infinite loop.
WARNING: [XFORM 203-561] 'VITIS_LOOP_26_1' (design.cpp:26:20) in function 'pe.52' is an infinite loop.
WARNING: [XFORM 203-561] 'VITIS_LOOP_26_1' (design.cpp:26:20) in function 'pe.51' is an infinite loop.
WARNING: [XFORM 203-561] 'VITIS_LOOP_26_1' (design.cpp:26:20) in function 'pe.50' is an infinite loop.
WARNING: [XFORM 203-561] 'VITIS_LOOP_26_1' (design.cpp:26:20) in function 'pe.5' is an infinite loop.
WARNING: [XFORM 203-561] 'VITIS_LOOP_26_1' (design.cpp:26:20) in function 'pe.49' is an infinite loop.
WARNING: [XFORM 203-561] 'VITIS_LOOP_26_1' (design.cpp:26:20) in function 'pe.48' is an infinite loop.
WARNING: [XFORM 203-561] 'VITIS_LOOP_26_1' (design.cpp:26:20) in function 'pe.47' is an infinite loop.
WARNING: [XFORM 203-561] 'VITIS_LOOP_26_1' (design.cpp:26:20) in function 'pe.46' is an infinite loop.
WARNING: [XFORM 203-561] 'VITIS_LOOP_26_1' (design.cpp:26:20) in function 'pe.45' is an infinite loop.
WARNING: [XFORM 203-561] 'VITIS_LOOP_26_1' (design.cpp:26:20) in function 'pe.44' is an infinite loop.
WARNING: [XFORM 203-561] 'VITIS_LOOP_26_1' (design.cpp:26:20) in function 'pe.43' is an infinite loop.
WARNING: [XFORM 203-561] 'VITIS_LOOP_26_1' (design.cpp:26:20) in function 'pe.42' is an infinite loop.
WARNING: [XFORM 203-561] 'VITIS_LOOP_26_1' (design.cpp:26:20) in function 'pe.41' is an infinite loop.
WARNING: [XFORM 203-561] 'VITIS_LOOP_26_1' (design.cpp:26:20) in function 'pe.40' is an infinite loop.
WARNING: [XFORM 203-561] 'VITIS_LOOP_26_1' (design.cpp:26:20) in function 'pe.4' is an infinite loop.
WARNING: [XFORM 203-561] 'VITIS_LOOP_26_1' (design.cpp:26:20) in function 'pe.39' is an infinite loop.
WARNING: [XFORM 203-561] 'VITIS_LOOP_26_1' (design.cpp:26:20) in function 'pe.38' is an infinite loop.
WARNING: [XFORM 203-561] 'VITIS_LOOP_26_1' (design.cpp:26:20) in function 'pe.37' is an infinite loop.
WARNING: [XFORM 203-561] 'VITIS_LOOP_26_1' (design.cpp:26:20) in function 'pe.36' is an infinite loop.
WARNING: [XFORM 203-561] 'VITIS_LOOP_26_1' (design.cpp:26:20) in function 'pe.35' is an infinite loop.
WARNING: [XFORM 203-561] 'VITIS_LOOP_26_1' (design.cpp:26:20) in function 'pe.34' is an infinite loop.
WARNING: [XFORM 203-561] 'VITIS_LOOP_26_1' (design.cpp:26:20) in function 'pe.33' is an infinite loop.
WARNING: [XFORM 203-561] 'VITIS_LOOP_26_1' (design.cpp:26:20) in function 'pe.32' is an infinite loop.
WARNING: [XFORM 203-561] 'VITIS_LOOP_26_1' (design.cpp:26:20) in function 'pe.31' is an infinite loop.
WARNING: [XFORM 203-561] 'VITIS_LOOP_26_1' (design.cpp:26:20) in function 'pe.30' is an infinite loop.
WARNING: [XFORM 203-561] 'VITIS_LOOP_26_1' (design.cpp:26:20) in function 'pe.3' is an infinite loop.
WARNING: [XFORM 203-561] 'VITIS_LOOP_26_1' (design.cpp:26:20) in function 'pe.29' is an infinite loop.
WARNING: [XFORM 203-561] 'VITIS_LOOP_26_1' (design.cpp:26:20) in function 'pe.28' is an infinite loop.
WARNING: [XFORM 203-561] 'VITIS_LOOP_26_1' (design.cpp:26:20) in function 'pe.27' is an infinite loop.
WARNING: [XFORM 203-561] 'VITIS_LOOP_26_1' (design.cpp:26:20) in function 'pe.26' is an infinite loop.
WARNING: [XFORM 203-561] 'VITIS_LOOP_26_1' (design.cpp:26:20) in function 'pe.25' is an infinite loop.
WARNING: [XFORM 203-561] 'VITIS_LOOP_26_1' (design.cpp:26:20) in function 'pe.24' is an infinite loop.
WARNING: [XFORM 203-561] 'VITIS_LOOP_26_1' (design.cpp:26:20) in function 'pe.23' is an infinite loop.
WARNING: [XFORM 203-561] 'VITIS_LOOP_26_1' (design.cpp:26:20) in function 'pe.22' is an infinite loop.
WARNING: [XFORM 203-561] 'VITIS_LOOP_26_1' (design.cpp:26:20) in function 'pe.21' is an infinite loop.
WARNING: [XFORM 203-561] 'VITIS_LOOP_26_1' (design.cpp:26:20) in function 'pe.20' is an infinite loop.
WARNING: [XFORM 203-561] 'VITIS_LOOP_26_1' (design.cpp:26:20) in function 'pe.2' is an infinite loop.
WARNING: [XFORM 203-561] 'VITIS_LOOP_26_1' (design.cpp:26:20) in function 'pe.19' is an infinite loop.
WARNING: [XFORM 203-561] 'VITIS_LOOP_26_1' (design.cpp:26:20) in function 'pe.18' is an infinite loop.
WARNING: [XFORM 203-561] 'VITIS_LOOP_26_1' (design.cpp:26:20) in function 'pe.17' is an infinite loop.
WARNING: [XFORM 203-561] 'VITIS_LOOP_26_1' (design.cpp:26:20) in function 'pe.16' is an infinite loop.
WARNING: [XFORM 203-561] 'VITIS_LOOP_26_1' (design.cpp:26:20) in function 'pe.15' is an infinite loop.
WARNING: [XFORM 203-561] 'VITIS_LOOP_26_1' (design.cpp:26:20) in function 'pe.14' is an infinite loop.
WARNING: [XFORM 203-561] 'VITIS_LOOP_26_1' (design.cpp:26:20) in function 'pe.13' is an infinite loop.
WARNING: [XFORM 203-561] 'VITIS_LOOP_26_1' (design.cpp:26:20) in function 'pe.12' is an infinite loop.
WARNING: [XFORM 203-561] 'VITIS_LOOP_26_1' (design.cpp:26:20) in function 'pe.11' is an infinite loop.
WARNING: [XFORM 203-561] 'VITIS_LOOP_26_1' (design.cpp:26:20) in function 'pe.10' is an infinite loop.
WARNING: [XFORM 203-561] 'VITIS_LOOP_26_1' (design.cpp:26:20) in function 'pe.1' is an infinite loop.
WARNING: [XFORM 203-561] 'VITIS_LOOP_26_1' (design.cpp:26:20) in function 'pe' is an infinite loop.
WARNING: [HLS 200-1614] Cosimulation may deadlock if process pe.2 has a streamed top-level array input and has predecessor processes. If a deadlock occurs, please consider converting the streamed array into an hls::stream
WARNING: [HLS 200-1614] Cosimulation may deadlock if process pe.3 has a streamed top-level array input and has predecessor processes. If a deadlock occurs, please consider converting the streamed array into an hls::stream
WARNING: [HLS 200-1614] Cosimulation may deadlock if process pe.4 has a streamed top-level array input and has predecessor processes. If a deadlock occurs, please consider converting the streamed array into an hls::stream
WARNING: [HLS 200-1614] Cosimulation may deadlock if process pe.5 has a streamed top-level array input and has predecessor processes. If a deadlock occurs, please consider converting the streamed array into an hls::stream
WARNING: [HLS 200-1614] Cosimulation may deadlock if process pe.6 has a streamed top-level array input and has predecessor processes. If a deadlock occurs, please consider converting the streamed array into an hls::stream
WARNING: [HLS 200-1614] Cosimulation may deadlock if process pe.7 has a streamed top-level array input and has predecessor processes. If a deadlock occurs, please consider converting the streamed array into an hls::stream
WARNING: [HLS 200-1614] Cosimulation may deadlock if process pe.8 has a streamed top-level array input and has predecessor processes. If a deadlock occurs, please consider converting the streamed array into an hls::stream
WARNING: [HLS 200-1614] Cosimulation may deadlock if process pe.9 has a streamed top-level array input and has predecessor processes. If a deadlock occurs, please consider converting the streamed array into an hls::stream
WARNING: [HLS 200-1614] Cosimulation may deadlock if process pe.17 has a streamed top-level array input and has predecessor processes. If a deadlock occurs, please consider converting the streamed array into an hls::stream
WARNING: [HLS 200-1614] Cosimulation may deadlock if process pe.25 has a streamed top-level array input and has predecessor processes. If a deadlock occurs, please consider converting the streamed array into an hls::stream
WARNING: [HLS 200-1614] Cosimulation may deadlock if process pe.33 has a streamed top-level array input and has predecessor processes. If a deadlock occurs, please consider converting the streamed array into an hls::stream
WARNING: [HLS 200-1614] Cosimulation may deadlock if process pe.41 has a streamed top-level array input and has predecessor processes. If a deadlock occurs, please consider converting the streamed array into an hls::stream
WARNING: [HLS 200-1614] Cosimulation may deadlock if process pe.49 has a streamed top-level array input and has predecessor processes. If a deadlock occurs, please consider converting the streamed array into an hls::stream
WARNING: [HLS 200-1614] Cosimulation may deadlock if process pe.57 has a streamed top-level array input and has predecessor processes. If a deadlock occurs, please consider converting the streamed array into an hls::stream
INFO: [HLS 200-111] Finished Architecture Synthesis: CPU user time: 2.04 seconds. CPU system time: 0.18 seconds. Elapsed time: 2.23 seconds; current allocated memory: 958.418 MB.
INFO: [HLS 200-10] Starting hardware synthesis ...
INFO: [HLS 200-10] Synthesizing 'gemm_tile' ...
WARNING: [SYN 201-103] Legalizing function name 'pe.1' to 'pe_1'.
WARNING: [SYN 201-103] Legalizing function name 'pe.2' to 'pe_2'.
WARNING: [SYN 201-103] Legalizing function name 'pe.3' to 'pe_3'.
WARNING: [SYN 201-103] Legalizing function name 'pe.4' to 'pe_4'.
WARNING: [SYN 201-103] Legalizing function name 'pe.5' to 'pe_5'.
WARNING: [SYN 201-103] Legalizing function name 'pe.6' to 'pe_6'.
WARNING: [SYN 201-103] Legalizing function name 'pe.7' to 'pe_7'.
WARNING: [SYN 201-103] Legalizing function name 'pe.8' to 'pe_8'.
WARNING: [SYN 201-103] Legalizing function name 'pe.9' to 'pe_9'.
WARNING: [SYN 201-103] Legalizing function name 'pe.10' to 'pe_10'.
WARNING: [SYN 201-103] Legalizing function name 'pe.11' to 'pe_11'.
WARNING: [SYN 201-103] Legalizing function name 'pe.12' to 'pe_12'.
WARNING: [SYN 201-103] Legalizing function name 'pe.13' to 'pe_13'.
WARNING: [SYN 201-103] Legalizing function name 'pe.14' to 'pe_14'.
WARNING: [SYN 201-103] Legalizing function name 'pe.15' to 'pe_15'.
WARNING: [SYN 201-103] Legalizing function name 'pe.16' to 'pe_16'.
WARNING: [SYN 201-103] Legalizing function name 'pe.17' to 'pe_17'.
WARNING: [SYN 201-103] Legalizing function name 'pe.18' to 'pe_18'.
WARNING: [SYN 201-103] Legalizing function name 'pe.19' to 'pe_19'.
WARNING: [SYN 201-103] Legalizing function name 'pe.20' to 'pe_20'.
WARNING: [SYN 201-103] Legalizing function name 'pe.21' to 'pe_21'.
WARNING: [SYN 201-103] Legalizing function name 'pe.22' to 'pe_22'.
WARNING: [SYN 201-103] Legalizing function name 'pe.23' to 'pe_23'.
WARNING: [SYN 201-103] Legalizing function name 'pe.24' to 'pe_24'.
WARNING: [SYN 201-103] Legalizing function name 'pe.25' to 'pe_25'.
WARNING: [SYN 201-103] Legalizing function name 'pe.26' to 'pe_26'.
WARNING: [SYN 201-103] Legalizing function name 'pe.27' to 'pe_27'.
WARNING: [SYN 201-103] Legalizing function name 'pe.28' to 'pe_28'.
WARNING: [SYN 201-103] Legalizing function name 'pe.29' to 'pe_29'.
WARNING: [SYN 201-103] Legalizing function name 'pe.30' to 'pe_30'.
WARNING: [SYN 201-103] Legalizing function name 'pe.31' to 'pe_31'.
WARNING: [SYN 201-103] Legalizing function name 'pe.32' to 'pe_32'.
WARNING: [SYN 201-103] Legalizing function name 'pe.33' to 'pe_33'.
WARNING: [SYN 201-103] Legalizing function name 'pe.34' to 'pe_34'.
WARNING: [SYN 201-103] Legalizing function name 'pe.35' to 'pe_35'.
WARNING: [SYN 201-103] Legalizing function name 'pe.36' to 'pe_36'.
WARNING: [SYN 201-103] Legalizing function name 'pe.37' to 'pe_37'.
WARNING: [SYN 201-103] Legalizing function name 'pe.38' to 'pe_38'.
WARNING: [SYN 201-103] Legalizing function name 'pe.39' to 'pe_39'.
WARNING: [SYN 201-103] Legalizing function name 'pe.40' to 'pe_40'.
WARNING: [SYN 201-103] Legalizing function name 'pe.41' to 'pe_41'.
WARNING: [SYN 201-103] Legalizing function name 'pe.42' to 'pe_42'.
WARNING: [SYN 201-103] Legalizing function name 'pe.43' to 'pe_43'.
WARNING: [SYN 201-103] Legalizing function name 'pe.44' to 'pe_44'.
WARNING: [SYN 201-103] Legalizing function name 'pe.45' to 'pe_45'.
WARNING: [SYN 201-103] Legalizing function name 'pe.46' to 'pe_46'.
WARNING: [SYN 201-103] Legalizing function name 'pe.47' to 'pe_47'.
WARNING: [SYN 201-103] Legalizing function name 'pe.48' to 'pe_48'.
WARNING: [SYN 201-103] Legalizing function name 'pe.49' to 'pe_49'.
WARNING: [SYN 201-103] Legalizing function name 'pe.50' to 'pe_50'.
WARNING: [SYN 201-103] Legalizing function name 'pe.51' to 'pe_51'.
WARNING: [SYN 201-103] Legalizing function name 'pe.52' to 'pe_52'.
WARNING: [SYN 201-103] Legalizing function name 'pe.53' to 'pe_53'.
WARNING: [SYN 201-103] Legalizing function name 'pe.54' to 'pe_54'.
WARNING: [SYN 201-103] Legalizing function name 'pe.55' to 'pe_55'.
WARNING: [SYN 201-103] Legalizing function name 'pe.56' to 'pe_56'.
WARNING: [SYN 201-103] Legalizing function name 'pe.57' to 'pe_57'.
WARNING: [SYN 201-103] Legalizing function name 'pe.58' to 'pe_58'.
WARNING: [SYN 201-103] Legalizing function name 'pe.59' to 'pe_59'.
WARNING: [SYN 201-103] Legalizing function name 'pe.60' to 'pe_60'.
WARNING: [SYN 201-103] Legalizing function name 'pe.61' to 'pe_61'.
WARNING: [SYN 201-103] Legalizing function name 'pe.62' to 'pe_62'.
WARNING: [SYN 201-103] Legalizing function name 'pe.63' to 'pe_63'.
INFO: [HLS 200-10] ----------------------------------------------------------------
INFO: [HLS 200-42] -- Implementing module 'pe_1' 
INFO: [HLS 200-10] ----------------------------------------------------------------
INFO: [SCHED 204-11] Starting scheduling ...
INFO: [HLS 200-486] Changing DSP latency (root=acc_175) to 3 in order to utilize available DSP registers.
INFO: [SCHED 204-61] Pipelining loop 'VITIS_LOOP_26_1'.
WARNING: [HLS 200-880] The II Violation in module 'pe_1' (loop 'VITIS_LOOP_26_1'): Unable to enforce a carried dependence constraint (II = 1, distance = 1, offset = 1) between fifo write operation ('d_e_0_write_ln48', design.cpp:48) on port 'd_e_0' (design.cpp:48) and fifo request operation ('tmp_176', design.cpp:46) on port 'd_e_0' (design.cpp:46).
Resolution: For help on HLS 200-880 see docs.xilinx.com/access/sources/dita/topic?Doc_Version=2023.2%20English&url=ug1448-hls-guidance&resourceid=200-880.html
WARNING: [HLS 200-1842] Loop 'VITIS_LOOP_26_1' cannot be implemented as Flushable Pipeline because it has more than one exit branch. Changing pipeline style specification to 'style=stp'.
INFO: [HLS 200-1470] Pipelining result : Target II = 1, Final II = 2, Depth = 4, loop 'VITIS_LOOP_26_1'
INFO: [SCHED 204-11] Finished scheduling.
INFO: [HLS 200-111] Finished Scheduling: CPU user time: 0.73 seconds. CPU system time: 0.09 seconds. Elapsed time: 0.82 seconds; current allocated memory: 961.699 MB.
INFO: [BIND 205-100] Starting micro-architecture generation ...
INFO: [BIND 205-101] Performing variable lifetime analysis.
INFO: [BIND 205-101] Exploring resource sharing.
INFO: [BIND 205-101] Binding ...
INFO: [BIND 205-100] Finished micro-architecture generation.
INFO: [HLS 200-111] Finished Binding: CPU user time: 0.05 seconds. CPU system time: 0.01 seconds. Elapsed time: 0.06 seconds; current allocated memory: 961.949 MB.
INFO: [HLS 200-10] ----------------------------------------------------------------
INFO: [HLS 200-42] -- Implementing module 'pe_2' 
INFO: [HLS 200-10] ----------------------------------------------------------------
INFO: [SCHED 204-11] Starting scheduling ...
INFO: [HLS 200-486] Changing DSP latency (root=acc_145) to 3 in order to utilize available DSP registers.
INFO: [SCHED 204-61] Pipelining loop 'VITIS_LOOP_26_1'.
WARNING: [HLS 200-880] The II Violation in module 'pe_2' (loop 'VITIS_LOOP_26_1'): Unable to enforce a carried dependence constraint (II = 1, distance = 1, offset = 1) between fifo write operation ('d_e_1_write_ln48', design.cpp:48) on port 'd_e_1' (design.cpp:48) and fifo request operation ('tmp_136', design.cpp:46) on port 'd_e_1' (design.cpp:46).
Resolution: For help on HLS 200-880 see docs.xilinx.com/access/sources/dita/topic?Doc_Version=2023.2%20English&url=ug1448-hls-guidance&resourceid=200-880.html
WARNING: [HLS 200-1842] Loop 'VITIS_LOOP_26_1' cannot be implemented as Flushable Pipeline because it has more than one exit branch. Changing pipeline style specification to 'style=stp'.
INFO: [HLS 200-1470] Pipelining result : Target II = 1, Final II = 2, Depth = 4, loop 'VITIS_LOOP_26_1'
INFO: [SCHED 204-11] Finished scheduling.
INFO: [HLS 200-111] Finished Scheduling: CPU user time: 0.11 seconds. CPU system time: 0.01 seconds. Elapsed time: 0.11 seconds; current allocated memory: 963.059 MB.
INFO: [BIND 205-100] Starting micro-architecture generation ...
INFO: [BIND 205-101] Performing variable lifetime analysis.
INFO: [BIND 205-101] Exploring resource sharing.
INFO: [BIND 205-101] Binding ...
INFO: [BIND 205-100] Finished micro-architecture generation.
INFO: [HLS 200-111] Finished Binding: CPU user time: 0.05 seconds. CPU system time: 0 seconds. Elapsed time: 0.05 seconds; current allocated memory: 963.059 MB.
INFO: [HLS 200-10] ----------------------------------------------------------------
INFO: [HLS 200-42] -- Implementing module 'pe_3' 
INFO: [HLS 200-10] ----------------------------------------------------------------
INFO: [SCHED 204-11] Starting scheduling ...
INFO: [HLS 200-486] Changing DSP latency (root=acc_114) to 3 in order to utilize available DSP registers.
INFO: [SCHED 204-61] Pipelining loop 'VITIS_LOOP_26_1'.
WARNING: [HLS 200-880] The II Violation in module 'pe_3' (loop 'VITIS_LOOP_26_1'): Unable to enforce a carried dependence constraint (II = 1, distance = 1, offset = 1) between fifo write operation ('d_e_2_write_ln48', design.cpp:48) on port 'd_e_2' (design.cpp:48) and fifo request operation ('tmp_94', design.cpp:46) on port 'd_e_2' (design.cpp:46).
Resolution: For help on HLS 200-880 see docs.xilinx.com/access/sources/dita/topic?Doc_Version=2023.2%20English&url=ug1448-hls-guidance&resourceid=200-880.html
WARNING: [HLS 200-1842] Loop 'VITIS_LOOP_26_1' cannot be implemented as Flushable Pipeline because it has more than one exit branch. Changing pipeline style specification to 'style=stp'.
INFO: [HLS 200-1470] Pipelining result : Target II = 1, Final II = 2, Depth = 4, loop 'VITIS_LOOP_26_1'
INFO: [SCHED 204-11] Finished scheduling.
INFO: [HLS 200-111] Finished Scheduling: CPU user time: 0.1 seconds. CPU system time: 0.01 seconds. Elapsed time: 0.12 seconds; current allocated memory: 963.809 MB.
INFO: [BIND 205-100] Starting micro-architecture generation ...
INFO: [BIND 205-101] Performing variable lifetime analysis.
INFO: [BIND 205-101] Exploring resource sharing.
INFO: [BIND 205-101] Binding ...
INFO: [BIND 205-100] Finished micro-architecture generation.
INFO: [HLS 200-111] Finished Binding: CPU user time: 0.05 seconds. CPU system time: 0.01 seconds. Elapsed time: 0.06 seconds; current allocated memory: 963.809 MB.
INFO: [HLS 200-10] ----------------------------------------------------------------
INFO: [HLS 200-42] -- Implementing module 'pe_4' 
INFO: [HLS 200-10] ----------------------------------------------------------------
INFO: [SCHED 204-11] Starting scheduling ...
INFO: [HLS 200-486] Changing DSP latency (root=acc_83) to 3 in order to utilize available DSP registers.
INFO: [SCHED 204-61] Pipelining loop 'VITIS_LOOP_26_1'.
WARNING: [HLS 200-880] The II Violation in module 'pe_4' (loop 'VITIS_LOOP_26_1'): Unable to enforce a carried dependence constraint (II = 1, distance = 1, offset = 1) between fifo write operation ('d_e_3_write_ln48', design.cpp:48) on port 'd_e_3' (design.cpp:48) and fifo request operation ('tmp_52', design.cpp:46) on port 'd_e_3' (design.cpp:46).
Resolution: For help on HLS 200-880 see docs.xilinx.com/access/sources/dita/topic?Doc_Version=2023.2%20English&url=ug1448-hls-guidance&resourceid=200-880.html
WARNING: [HLS 200-1842] Loop 'VITIS_LOOP_26_1' cannot be implemented as Flushable Pipeline because it has more than one exit branch. Changing pipeline style specification to 'style=stp'.
INFO: [HLS 200-1470] Pipelining result : Target II = 1, Final II = 2, Depth = 4, loop 'VITIS_LOOP_26_1'
INFO: [SCHED 204-11] Finished scheduling.
INFO: [HLS 200-111] Finished Scheduling: CPU user time: 0.11 seconds. CPU system time: 0 seconds. Elapsed time: 0.11 seconds; current allocated memory: 964.402 MB.
INFO: [BIND 205-100] Starting micro-architecture generation ...
INFO: [BIND 205-101] Performing variable lifetime analysis.
INFO: [BIND 205-101] Exploring resource sharing.
INFO: [BIND 205-101] Binding ...
INFO: [BIND 205-100] Finished micro-architecture generation.
INFO: [HLS 200-111] Finished Binding: CPU user time: 0.06 seconds. CPU system time: 0.01 seconds. Elapsed time: 0.06 seconds; current allocated memory: 964.402 MB.
INFO: [HLS 200-10] ----------------------------------------------------------------
INFO: [HLS 200-42] -- Implementing module 'pe_5' 
INFO: [HLS 200-10] ----------------------------------------------------------------
INFO: [SCHED 204-11] Starting scheduling ...
INFO: [HLS 200-486] Changing DSP latency (root=acc_54) to 3 in order to utilize available DSP registers.
INFO: [SCHED 204-61] Pipelining loop 'VITIS_LOOP_26_1'.
WARNING: [HLS 200-880] The II Violation in module 'pe_5' (loop 'VITIS_LOOP_26_1'): Unable to enforce a carried dependence constraint (II = 1, distance = 1, offset = 1) between fifo write operation ('d_e_4_write_ln48', design.cpp:48) on port 'd_e_4' (design.cpp:48) and fifo request operation ('tmp_12', design.cpp:46) on port 'd_e_4' (design.cpp:46).
Resolution: For help on HLS 200-880 see docs.xilinx.com/access/sources/dita/topic?Doc_Version=2023.2%20English&url=ug1448-hls-guidance&resourceid=200-880.html
WARNING: [HLS 200-1842] Loop 'VITIS_LOOP_26_1' cannot be implemented as Flushable Pipeline because it has more than one exit branch. Changing pipeline style specification to 'style=stp'.
INFO: [HLS 200-1470] Pipelining result : Target II = 1, Final II = 2, Depth = 4, loop 'VITIS_LOOP_26_1'
INFO: [SCHED 204-11] Finished scheduling.
INFO: [HLS 200-111] Finished Scheduling: CPU user time: 0.11 seconds. CPU system time: 0 seconds. Elapsed time: 0.11 seconds; current allocated memory: 965.012 MB.
INFO: [BIND 205-100] Starting micro-architecture generation ...
INFO: [BIND 205-101] Performing variable lifetime analysis.
INFO: [BIND 205-101] Exploring resource sharing.
INFO: [BIND 205-101] Binding ...
INFO: [BIND 205-100] Finished micro-architecture generation.
INFO: [HLS 200-111] Finished Binding: CPU user time: 0.06 seconds. CPU system time: 0 seconds. Elapsed time: 0.06 seconds; current allocated memory: 965.012 MB.
INFO: [HLS 200-10] ----------------------------------------------------------------
INFO: [HLS 200-42] -- Implementing module 'pe_6' 
INFO: [HLS 200-10] ----------------------------------------------------------------
INFO: [SCHED 204-11] Starting scheduling ...
INFO: [HLS 200-486] Changing DSP latency (root=acc_23) to 3 in order to utilize available DSP registers.
INFO: [SCHED 204-61] Pipelining loop 'VITIS_LOOP_26_1'.
WARNING: [HLS 200-880] The II Violation in module 'pe_6' (loop 'VITIS_LOOP_26_1'): Unable to enforce a carried dependence constraint (II = 1, distance = 1, offset = 1) between fifo write operation ('d_e_5_write_ln48', design.cpp:48) on port 'd_e_5' (design.cpp:48) and fifo request operation ('tmp_1', design.cpp:46) on port 'd_e_5' (design.cpp:46).
Resolution: For help on HLS 200-880 see docs.xilinx.com/access/sources/dita/topic?Doc_Version=2023.2%20English&url=ug1448-hls-guidance&resourceid=200-880.html
WARNING: [HLS 200-1842] Loop 'VITIS_LOOP_26_1' cannot be implemented as Flushable Pipeline because it has more than one exit branch. Changing pipeline style specification to 'style=stp'.
INFO: [HLS 200-1470] Pipelining result : Target II = 1, Final II = 2, Depth = 4, loop 'VITIS_LOOP_26_1'
INFO: [SCHED 204-11] Finished scheduling.
INFO: [HLS 200-111] Finished Scheduling: CPU user time: 0.11 seconds. CPU system time: 0.01 seconds. Elapsed time: 0.12 seconds; current allocated memory: 965.527 MB.
INFO: [BIND 205-100] Starting micro-architecture generation ...
INFO: [BIND 205-101] Performing variable lifetime analysis.
INFO: [BIND 205-101] Exploring resource sharing.
INFO: [BIND 205-101] Binding ...
INFO: [BIND 205-100] Finished micro-architecture generation.
INFO: [HLS 200-111] Finished Binding: CPU user time: 0.05 seconds. CPU system time: 0 seconds. Elapsed time: 0.06 seconds; current allocated memory: 965.527 MB.
INFO: [HLS 200-10] ----------------------------------------------------------------
INFO: [HLS 200-42] -- Implementing module 'pe_7' 
INFO: [HLS 200-10] ----------------------------------------------------------------
INFO: [SCHED 204-11] Starting scheduling ...
INFO: [HLS 200-486] Changing DSP latency (root=acc_6) to 3 in order to utilize available DSP registers.
INFO: [SCHED 204-61] Pipelining loop 'VITIS_LOOP_26_1'.
WARNING: [HLS 200-880] The II Violation in module 'pe_7' (loop 'VITIS_LOOP_26_1'): Unable to enforce a carried dependence constraint (II = 1, distance = 1, offset = 1) between fifo write operation ('d_e_6_write_ln48', design.cpp:48) on port 'd_e_6' (design.cpp:48) and fifo request operation ('tmp_3', design.cpp:46) on port 'd_e_6' (design.cpp:46).
Resolution: For help on HLS 200-880 see docs.xilinx.com/access/sources/dita/topic?Doc_Version=2023.2%20English&url=ug1448-hls-guidance&resourceid=200-880.html
WARNING: [HLS 200-1842] Loop 'VITIS_LOOP_26_1' cannot be implemented as Flushable Pipeline because it has more than one exit branch. Changing pipeline style specification to 'style=stp'.
INFO: [HLS 200-1470] Pipelining result : Target II = 1, Final II = 2, Depth = 4, loop 'VITIS_LOOP_26_1'
INFO: [SCHED 204-11] Finished scheduling.
INFO: [HLS 200-111] Finished Scheduling: CPU user time: 0.11 seconds. CPU system time: 0.01 seconds. Elapsed time: 0.12 seconds; current allocated memory: 966.137 MB.
INFO: [BIND 205-100] Starting micro-architecture generation ...
INFO: [BIND 205-101] Performing variable lifetime analysis.
INFO: [BIND 205-101] Exploring resource sharing.
INFO: [BIND 205-101] Binding ...
INFO: [BIND 205-100] Finished micro-architecture generation.
INFO: [HLS 200-111] Finished Binding: CPU user time: 0.06 seconds. CPU system time: 0.01 seconds. Elapsed time: 0.06 seconds; current allocated memory: 966.137 MB.
INFO: [HLS 200-10] ----------------------------------------------------------------
INFO: [HLS 200-42] -- Implementing module 'pe_8' 
INFO: [HLS 200-10] ----------------------------------------------------------------
INFO: [SCHED 204-11] Starting scheduling ...
INFO: [HLS 200-486] Changing DSP latency (root=acc_3) to 3 in order to utilize available DSP registers.
INFO: [SCHED 204-61] Pipelining loop 'VITIS_LOOP_26_1'.
WARNING: [HLS 200-880] The II Violation in module 'pe_8' (loop 'VITIS_LOOP_26_1'): Unable to enforce a carried dependence constraint (II = 1, distance = 1, offset = 1) between fifo write operation ('c_out_0_write_ln48', design.cpp:48) on port 'c_out_0' (design.cpp:48) and fifo request operation ('tmp_8', design.cpp:46) on port 'c_out_0' (design.cpp:46).
Resolution: For help on HLS 200-880 see docs.xilinx.com/access/sources/dita/topic?Doc_Version=2023.2%20English&url=ug1448-hls-guidance&resourceid=200-880.html
WARNING: [HLS 200-1842] Loop 'VITIS_LOOP_26_1' cannot be implemented as Flushable Pipeline because it has more than one exit branch. Changing pipeline style specification to 'style=stp'.
INFO: [HLS 200-1470] Pipelining result : Target II = 1, Final II = 2, Depth = 4, loop 'VITIS_LOOP_26_1'
INFO: [SCHED 204-11] Finished scheduling.
INFO: [HLS 200-111] Finished Scheduling: CPU user time: 0.12 seconds. CPU system time: 0 seconds. Elapsed time: 0.12 seconds; current allocated memory: 966.719 MB.
INFO: [BIND 205-100] Starting micro-architecture generation ...
INFO: [BIND 205-101] Performing variable lifetime analysis.
INFO: [BIND 205-101] Exploring resource sharing.
INFO: [BIND 205-101] Binding ...
INFO: [BIND 205-100] Finished micro-architecture generation.
INFO: [HLS 200-111] Finished Binding: CPU user time: 0.05 seconds. CPU system time: 0 seconds. Elapsed time: 0.06 seconds; current allocated memory: 966.719 MB.
INFO: [HLS 200-10] ----------------------------------------------------------------
INFO: [HLS 200-42] -- Implementing module 'pe_9' 
INFO: [HLS 200-10] ----------------------------------------------------------------
INFO: [SCHED 204-11] Starting scheduling ...
INFO: [HLS 200-486] Changing DSP latency (root=acc_1) to 3 in order to utilize available DSP registers.
INFO: [SCHED 204-61] Pipelining loop 'VITIS_LOOP_26_1'.
WARNING: [HLS 200-880] The II Violation in module 'pe_9' (loop 'VITIS_LOOP_26_1'): Unable to enforce a carried dependence constraint (II = 1, distance = 1, offset = 1) between fifo write operation ('d_e_7_write_ln48', design.cpp:48) on port 'd_e_7' (design.cpp:48) and fifo request operation ('tmp_2', design.cpp:46) on port 'd_e_7' (design.cpp:46).
Resolution: For help on HLS 200-880 see docs.xilinx.com/access/sources/dita/topic?Doc_Version=2023.2%20English&url=ug1448-hls-guidance&resourceid=200-880.html
WARNING: [HLS 200-1842] Loop 'VITIS_LOOP_26_1' cannot be implemented as Flushable Pipeline because it has more than one exit branch. Changing pipeline style specification to 'style=stp'.
INFO: [HLS 200-1470] Pipelining result : Target II = 1, Final II = 2, Depth = 4, loop 'VITIS_LOOP_26_1'
INFO: [SCHED 204-11] Finished scheduling.
INFO: [HLS 200-111] Finished Scheduling: CPU user time: 0.11 seconds. CPU system time: 0.01 seconds. Elapsed time: 0.12 seconds; current allocated memory: 967.121 MB.
INFO: [BIND 205-100] Starting micro-architecture generation ...
INFO: [BIND 205-101] Performing variable lifetime analysis.
INFO: [BIND 205-101] Exploring resource sharing.
INFO: [BIND 205-101] Binding ...
INFO: [BIND 205-100] Finished micro-architecture generation.
INFO: [HLS 200-111] Finished Binding: CPU user time: 0.06 seconds. CPU system time: 0 seconds. Elapsed time: 0.06 seconds; current allocated memory: 967.176 MB.
INFO: [HLS 200-10] ----------------------------------------------------------------
INFO: [HLS 200-42] -- Implementing module 'pe_10' 
INFO: [HLS 200-10] ----------------------------------------------------------------
INFO: [SCHED 204-11] Starting scheduling ...
INFO: [HLS 200-486] Changing DSP latency (root=acc_173) to 3 in order to utilize available DSP registers.
INFO: [SCHED 204-61] Pipelining loop 'VITIS_LOOP_26_1'.
WARNING: [HLS 200-880] The II Violation in module 'pe_10' (loop 'VITIS_LOOP_26_1'): Unable to enforce a carried dependence constraint (II = 1, distance = 1, offset = 1) between fifo write operation ('d_e_8_write_ln48', design.cpp:48) on port 'd_e_8' (design.cpp:48) and fifo request operation ('tmp_174', design.cpp:46) on port 'd_e_8' (design.cpp:46).
Resolution: For help on HLS 200-880 see docs.xilinx.com/access/sources/dita/topic?Doc_Version=2023.2%20English&url=ug1448-hls-guidance&resourceid=200-880.html
WARNING: [HLS 200-1842] Loop 'VITIS_LOOP_26_1' cannot be implemented as Flushable Pipeline because it has more than one exit branch. Changing pipeline style specification to 'style=stp'.
INFO: [HLS 200-1470] Pipelining result : Target II = 1, Final II = 2, Depth = 4, loop 'VITIS_LOOP_26_1'
INFO: [SCHED 204-11] Finished scheduling.
INFO: [HLS 200-111] Finished Scheduling: CPU user time: 0.12 seconds. CPU system time: 0.01 seconds. Elapsed time: 0.13 seconds; current allocated memory: 967.773 MB.
INFO: [BIND 205-100] Starting micro-architecture generation ...
INFO: [BIND 205-101] Performing variable lifetime analysis.
INFO: [BIND 205-101] Exploring resource sharing.
INFO: [BIND 205-101] Binding ...
INFO: [BIND 205-100] Finished micro-architecture generation.
INFO: [HLS 200-111] Finished Binding: CPU user time: 0.06 seconds. CPU system time: 0 seconds. Elapsed time: 0.07 seconds; current allocated memory: 967.773 MB.
INFO: [HLS 200-10] ----------------------------------------------------------------
INFO: [HLS 200-42] -- Implementing module 'pe_11' 
INFO: [HLS 200-10] ----------------------------------------------------------------
INFO: [SCHED 204-11] Starting scheduling ...
INFO: [HLS 200-486] Changing DSP latency (root=acc_170) to 3 in order to utilize available DSP registers.
INFO: [SCHED 204-61] Pipelining loop 'VITIS_LOOP_26_1'.
WARNING: [HLS 200-880] The II Violation in module 'pe_11' (loop 'VITIS_LOOP_26_1'): Unable to enforce a carried dependence constraint (II = 1, distance = 1, offset = 1) between fifo write operation ('d_e_9_write_ln48', design.cpp:48) on port 'd_e_9' (design.cpp:48) and fifo request operation ('tmp_170', design.cpp:46) on port 'd_e_9' (design.cpp:46).
Resolution: For help on HLS 200-880 see docs.xilinx.com/access/sources/dita/topic?Doc_Version=2023.2%20English&url=ug1448-hls-guidance&resourceid=200-880.html
WARNING: [HLS 200-1842] Loop 'VITIS_LOOP_26_1' cannot be implemented as Flushable Pipeline because it has more than one exit branch. Changing pipeline style specification to 'style=stp'.
INFO: [HLS 200-1470] Pipelining result : Target II = 1, Final II = 2, Depth = 4, loop 'VITIS_LOOP_26_1'
INFO: [SCHED 204-11] Finished scheduling.
INFO: [HLS 200-111] Finished Scheduling: CPU user time: 0.12 seconds. CPU system time: 0.01 seconds. Elapsed time: 0.13 seconds; current allocated memory: 968.410 MB.
INFO: [BIND 205-100] Starting micro-architecture generation ...
INFO: [BIND 205-101] Performing variable lifetime analysis.
INFO: [BIND 205-101] Exploring resource sharing.
INFO: [BIND 205-101] Binding ...
INFO: [BIND 205-100] Finished micro-architecture generation.
INFO: [HLS 200-111] Finished Binding: CPU user time: 0.06 seconds. CPU system time: 0 seconds. Elapsed time: 0.06 seconds; current allocated memory: 968.473 MB.
INFO: [HLS 200-10] ----------------------------------------------------------------
INFO: [HLS 200-42] -- Implementing module 'pe_12' 
INFO: [HLS 200-10] ----------------------------------------------------------------
INFO: [SCHED 204-11] Starting scheduling ...
INFO: [HLS 200-486] Changing DSP latency (root=acc_167) to 3 in order to utilize available DSP registers.
INFO: [SCHED 204-61] Pipelining loop 'VITIS_LOOP_26_1'.
WARNING: [HLS 200-880] The II Violation in module 'pe_12' (loop 'VITIS_LOOP_26_1'): Unable to enforce a carried dependence constraint (II = 1, distance = 1, offset = 1) between fifo write operation ('d_e_10_write_ln48', design.cpp:48) on port 'd_e_10' (design.cpp:48) and fifo request operation ('tmp_166', design.cpp:46) on port 'd_e_10' (design.cpp:46).
Resolution: For help on HLS 200-880 see docs.xilinx.com/access/sources/dita/topic?Doc_Version=2023.2%20English&url=ug1448-hls-guidance&resourceid=200-880.html
WARNING: [HLS 200-1842] Loop 'VITIS_LOOP_26_1' cannot be implemented as Flushable Pipeline because it has more than one exit branch. Changing pipeline style specification to 'style=stp'.
INFO: [HLS 200-1470] Pipelining result : Target II = 1, Final II = 2, Depth = 4, loop 'VITIS_LOOP_26_1'
INFO: [SCHED 204-11] Finished scheduling.
INFO: [HLS 200-111] Finished Scheduling: CPU user time: 0.12 seconds. CPU system time: 0.01 seconds. Elapsed time: 0.13 seconds; current allocated memory: 969.258 MB.
INFO: [BIND 205-100] Starting micro-architecture generation ...
INFO: [BIND 205-101] Performing variable lifetime analysis.
INFO: [BIND 205-101] Exploring resource sharing.
INFO: [BIND 205-101] Binding ...
INFO: [BIND 205-100] Finished micro-architecture generation.
INFO: [HLS 200-111] Finished Binding: CPU user time: 0.06 seconds. CPU system time: 0 seconds. Elapsed time: 0.06 seconds; current allocated memory: 969.258 MB.
INFO: [HLS 200-10] ----------------------------------------------------------------
INFO: [HLS 200-42] -- Implementing module 'pe_13' 
INFO: [HLS 200-10] ----------------------------------------------------------------
INFO: [SCHED 204-11] Starting scheduling ...
INFO: [HLS 200-486] Changing DSP latency (root=acc_164) to 3 in order to utilize available DSP registers.
INFO: [SCHED 204-61] Pipelining loop 'VITIS_LOOP_26_1'.
WARNING: [HLS 200-880] The II Violation in module 'pe_13' (loop 'VITIS_LOOP_26_1'): Unable to enforce a carried dependence constraint (II = 1, distance = 1, offset = 1) between fifo write operation ('d_e_11_write_ln48', design.cpp:48) on port 'd_e_11' (design.cpp:48) and fifo request operation ('tmp_162', design.cpp:46) on port 'd_e_11' (design.cpp:46).
Resolution: For help on HLS 200-880 see docs.xilinx.com/access/sources/dita/topic?Doc_Version=2023.2%20English&url=ug1448-hls-guidance&resourceid=200-880.html
WARNING: [HLS 200-1842] Loop 'VITIS_LOOP_26_1' cannot be implemented as Flushable Pipeline because it has more than one exit branch. Changing pipeline style specification to 'style=stp'.
INFO: [HLS 200-1470] Pipelining result : Target II = 1, Final II = 2, Depth = 4, loop 'VITIS_LOOP_26_1'
INFO: [SCHED 204-11] Finished scheduling.
INFO: [HLS 200-111] Finished Scheduling: CPU user time: 0.13 seconds. CPU system time: 0 seconds. Elapsed time: 0.13 seconds; current allocated memory: 969.805 MB.
INFO: [BIND 205-100] Starting micro-architecture generation ...
INFO: [BIND 205-101] Performing variable lifetime analysis.
INFO: [BIND 205-101] Exploring resource sharing.
INFO: [BIND 205-101] Binding ...
INFO: [BIND 205-100] Finished micro-architecture generation.
INFO: [HLS 200-111] Finished Binding: CPU user time: 0.06 seconds. CPU system time: 0.01 seconds. Elapsed time: 0.07 seconds; current allocated memory: 969.805 MB.
INFO: [HLS 200-10] ----------------------------------------------------------------
INFO: [HLS 200-42] -- Implementing module 'pe_14' 
INFO: [HLS 200-10] ----------------------------------------------------------------
INFO: [SCHED 204-11] Starting scheduling ...
INFO: [HLS 200-486] Changing DSP latency (root=acc_161) to 3 in order to utilize available DSP registers.
INFO: [SCHED 204-61] Pipelining loop 'VITIS_LOOP_26_1'.
WARNING: [HLS 200-880] The II Violation in module 'pe_14' (loop 'VITIS_LOOP_26_1'): Unable to enforce a carried dependence constraint (II = 1, distance = 1, offset = 1) between fifo write operation ('d_e_12_write_ln48', design.cpp:48) on port 'd_e_12' (design.cpp:48) and fifo request operation ('tmp_158', design.cpp:46) on port 'd_e_12' (design.cpp:46).
Resolution: For help on HLS 200-880 see docs.xilinx.com/access/sources/dita/topic?Doc_Version=2023.2%20English&url=ug1448-hls-guidance&resourceid=200-880.html
WARNING: [HLS 200-1842] Loop 'VITIS_LOOP_26_1' cannot be implemented as Flushable Pipeline because it has more than one exit branch. Changing pipeline style specification to 'style=stp'.
INFO: [HLS 200-1470] Pipelining result : Target II = 1, Final II = 2, Depth = 4, loop 'VITIS_LOOP_26_1'
INFO: [SCHED 204-11] Finished scheduling.
INFO: [HLS 200-111] Finished Scheduling: CPU user time: 0.13 seconds. CPU system time: 0.01 seconds. Elapsed time: 0.13 seconds; current allocated memory: 970.297 MB.
INFO: [BIND 205-100] Starting micro-architecture generation ...
INFO: [BIND 205-101] Performing variable lifetime analysis.
INFO: [BIND 205-101] Exploring resource sharing.
INFO: [BIND 205-101] Binding ...
INFO: [BIND 205-100] Finished micro-architecture generation.
INFO: [HLS 200-111] Finished Binding: CPU user time: 0.06 seconds. CPU system time: 0 seconds. Elapsed time: 0.07 seconds; current allocated memory: 970.359 MB.
INFO: [HLS 200-10] ----------------------------------------------------------------
INFO: [HLS 200-42] -- Implementing module 'pe_15' 
INFO: [HLS 200-10] ----------------------------------------------------------------
INFO: [SCHED 204-11] Starting scheduling ...
INFO: [HLS 200-486] Changing DSP latency (root=acc_158) to 3 in order to utilize available DSP registers.
INFO: [SCHED 204-61] Pipelining loop 'VITIS_LOOP_26_1'.
WARNING: [HLS 200-880] The II Violation in module 'pe_15' (loop 'VITIS_LOOP_26_1'): Unable to enforce a carried dependence constraint (II = 1, distance = 1, offset = 1) between fifo write operation ('d_e_13_write_ln48', design.cpp:48) on port 'd_e_13' (design.cpp:48) and fifo request operation ('tmp_154', design.cpp:46) on port 'd_e_13' (design.cpp:46).
Resolution: For help on HLS 200-880 see docs.xilinx.com/access/sources/dita/topic?Doc_Version=2023.2%20English&url=ug1448-hls-guidance&resourceid=200-880.html
WARNING: [HLS 200-1842] Loop 'VITIS_LOOP_26_1' cannot be implemented as Flushable Pipeline because it has more than one exit branch. Changing pipeline style specification to 'style=stp'.
INFO: [HLS 200-1470] Pipelining result : Target II = 1, Final II = 2, Depth = 4, loop 'VITIS_LOOP_26_1'
INFO: [SCHED 204-11] Finished scheduling.
INFO: [HLS 200-111] Finished Scheduling: CPU user time: 0.13 seconds. CPU system time: 0.01 seconds. Elapsed time: 0.14 seconds; current allocated memory: 970.895 MB.
INFO: [BIND 205-100] Starting micro-architecture generation ...
INFO: [BIND 205-101] Performing variable lifetime analysis.
INFO: [BIND 205-101] Exploring resource sharing.
INFO: [BIND 205-101] Binding ...
INFO: [BIND 205-100] Finished micro-architecture generation.
INFO: [HLS 200-111] Finished Binding: CPU user time: 0.06 seconds. CPU system time: 0.01 seconds. Elapsed time: 0.06 seconds; current allocated memory: 970.895 MB.
INFO: [HLS 200-10] ----------------------------------------------------------------
INFO: [HLS 200-42] -- Implementing module 'pe_16' 
INFO: [HLS 200-10] ----------------------------------------------------------------
INFO: [SCHED 204-11] Starting scheduling ...
INFO: [HLS 200-486] Changing DSP latency (root=acc_155) to 3 in order to utilize available DSP registers.
INFO: [SCHED 204-61] Pipelining loop 'VITIS_LOOP_26_1'.
WARNING: [HLS 200-880] The II Violation in module 'pe_16' (loop 'VITIS_LOOP_26_1'): Unable to enforce a carried dependence constraint (II = 1, distance = 1, offset = 1) between fifo write operation ('c_out_1_write_ln48', design.cpp:48) on port 'c_out_1' (design.cpp:48) and fifo request operation ('tmp_150', design.cpp:46) on port 'c_out_1' (design.cpp:46).
Resolution: For help on HLS 200-880 see docs.xilinx.com/access/sources/dita/topic?Doc_Version=2023.2%20English&url=ug1448-hls-guidance&resourceid=200-880.html
WARNING: [HLS 200-1842] Loop 'VITIS_LOOP_26_1' cannot be implemented as Flushable Pipeline because it has more than one exit branch. Changing pipeline style specification to 'style=stp'.
INFO: [HLS 200-1470] Pipelining result : Target II = 1, Final II = 2, Depth = 4, loop 'VITIS_LOOP_26_1'
INFO: [SCHED 204-11] Finished scheduling.
INFO: [HLS 200-111] Finished Scheduling: CPU user time: 0.12 seconds. CPU system time: 0 seconds. Elapsed time: 0.13 seconds; current allocated memory: 971.371 MB.
INFO: [BIND 205-100] Starting micro-architecture generation ...
INFO: [BIND 205-101] Performing variable lifetime analysis.
INFO: [BIND 205-101] Exploring resource sharing.
INFO: [BIND 205-101] Binding ...
INFO: [BIND 205-100] Finished micro-architecture generation.
INFO: [HLS 200-111] Finished Binding: CPU user time: 0.06 seconds. CPU system time: 0.01 seconds. Elapsed time: 0.07 seconds; current allocated memory: 971.371 MB.
INFO: [HLS 200-10] ----------------------------------------------------------------
INFO: [HLS 200-42] -- Implementing module 'pe_17' 
INFO: [HLS 200-10] ----------------------------------------------------------------
INFO: [SCHED 204-11] Starting scheduling ...
INFO: [HLS 200-486] Changing DSP latency (root=acc_153) to 3 in order to utilize available DSP registers.
INFO: [SCHED 204-61] Pipelining loop 'VITIS_LOOP_26_1'.
WARNING: [HLS 200-880] The II Violation in module 'pe_17' (loop 'VITIS_LOOP_26_1'): Unable to enforce a carried dependence constraint (II = 1, distance = 1, offset = 1) between fifo write operation ('d_e_14_write_ln48', design.cpp:48) on port 'd_e_14' (design.cpp:48) and fifo request operation ('tmp_146', design.cpp:46) on port 'd_e_14' (design.cpp:46).
Resolution: For help on HLS 200-880 see docs.xilinx.com/access/sources/dita/topic?Doc_Version=2023.2%20English&url=ug1448-hls-guidance&resourceid=200-880.html
WARNING: [HLS 200-1842] Loop 'VITIS_LOOP_26_1' cannot be implemented as Flushable Pipeline because it has more than one exit branch. Changing pipeline style specification to 'style=stp'.
INFO: [HLS 200-1470] Pipelining result : Target II = 1, Final II = 2, Depth = 4, loop 'VITIS_LOOP_26_1'
INFO: [SCHED 204-11] Finished scheduling.
INFO: [HLS 200-111] Finished Scheduling: CPU user time: 0.13 seconds. CPU system time: 0 seconds. Elapsed time: 0.13 seconds; current allocated memory: 971.977 MB.
INFO: [BIND 205-100] Starting micro-architecture generation ...
INFO: [BIND 205-101] Performing variable lifetime analysis.
INFO: [BIND 205-101] Exploring resource sharing.
INFO: [BIND 205-101] Binding ...
INFO: [BIND 205-100] Finished micro-architecture generation.
INFO: [HLS 200-111] Finished Binding: CPU user time: 0.07 seconds. CPU system time: 0.01 seconds. Elapsed time: 0.06 seconds; current allocated memory: 971.977 MB.
INFO: [HLS 200-10] ----------------------------------------------------------------
INFO: [HLS 200-42] -- Implementing module 'pe_18' 
INFO: [HLS 200-10] ----------------------------------------------------------------
INFO: [SCHED 204-11] Starting scheduling ...
INFO: [HLS 200-486] Changing DSP latency (root=acc_151) to 3 in order to utilize available DSP registers.
INFO: [SCHED 204-61] Pipelining loop 'VITIS_LOOP_26_1'.
WARNING: [HLS 200-880] The II Violation in module 'pe_18' (loop 'VITIS_LOOP_26_1'): Unable to enforce a carried dependence constraint (II = 1, distance = 1, offset = 1) between fifo write operation ('d_e_15_write_ln48', design.cpp:48) on port 'd_e_15' (design.cpp:48) and fifo request operation ('tmp_144', design.cpp:46) on port 'd_e_15' (design.cpp:46).
Resolution: For help on HLS 200-880 see docs.xilinx.com/access/sources/dita/topic?Doc_Version=2023.2%20English&url=ug1448-hls-guidance&resourceid=200-880.html
WARNING: [HLS 200-1842] Loop 'VITIS_LOOP_26_1' cannot be implemented as Flushable Pipeline because it has more than one exit branch. Changing pipeline style specification to 'style=stp'.
INFO: [HLS 200-1470] Pipelining result : Target II = 1, Final II = 2, Depth = 4, loop 'VITIS_LOOP_26_1'
INFO: [SCHED 204-11] Finished scheduling.
INFO: [HLS 200-111] Finished Scheduling: CPU user time: 0.14 seconds. CPU system time: 0 seconds. Elapsed time: 0.15 seconds; current allocated memory: 972.609 MB.
INFO: [BIND 205-100] Starting micro-architecture generation ...
INFO: [BIND 205-101] Performing variable lifetime analysis.
INFO: [BIND 205-101] Exploring resource sharing.
INFO: [BIND 205-101] Binding ...
INFO: [BIND 205-100] Finished micro-architecture generation.
INFO: [HLS 200-111] Finished Binding: CPU user time: 0.06 seconds. CPU system time: 0.01 seconds. Elapsed time: 0.07 seconds; current allocated memory: 972.609 MB.
INFO: [HLS 200-10] ----------------------------------------------------------------
INFO: [HLS 200-42] -- Implementing module 'pe_19' 
INFO: [HLS 200-10] ----------------------------------------------------------------
INFO: [SCHED 204-11] Starting scheduling ...
INFO: [HLS 200-486] Changing DSP latency (root=acc_148) to 3 in order to utilize available DSP registers.
INFO: [SCHED 204-61] Pipelining loop 'VITIS_LOOP_26_1'.
WARNING: [HLS 200-880] The II Violation in module 'pe_19' (loop 'VITIS_LOOP_26_1'): Unable to enforce a carried dependence constraint (II = 1, distance = 1, offset = 1) between fifo write operation ('d_e_16_write_ln48', design.cpp:48) on port 'd_e_16' (design.cpp:48) and fifo request operation ('tmp_140', design.cpp:46) on port 'd_e_16' (design.cpp:46).
Resolution: For help on HLS 200-880 see docs.xilinx.com/access/sources/dita/topic?Doc_Version=2023.2%20English&url=ug1448-hls-guidance&resourceid=200-880.html
WARNING: [HLS 200-1842] Loop 'VITIS_LOOP_26_1' cannot be implemented as Flushable Pipeline because it has more than one exit branch. Changing pipeline style specification to 'style=stp'.
INFO: [HLS 200-1470] Pipelining result : Target II = 1, Final II = 2, Depth = 4, loop 'VITIS_LOOP_26_1'
INFO: [SCHED 204-11] Finished scheduling.
INFO: [HLS 200-111] Finished Scheduling: CPU user time: 0.13 seconds. CPU system time: 0.01 seconds. Elapsed time: 0.14 seconds; current allocated memory: 973.363 MB.
INFO: [BIND 205-100] Starting micro-architecture generation ...
INFO: [BIND 205-101] Performing variable lifetime analysis.
INFO: [BIND 205-101] Exploring resource sharing.
INFO: [BIND 205-101] Binding ...
INFO: [BIND 205-100] Finished micro-architecture generation.
INFO: [HLS 200-111] Finished Binding: CPU user time: 0.06 seconds. CPU system time: 0.01 seconds. Elapsed time: 0.06 seconds; current allocated memory: 973.363 MB.
INFO: [HLS 200-10] ----------------------------------------------------------------
INFO: [HLS 200-42] -- Implementing module 'pe_20' 
INFO: [HLS 200-10] ----------------------------------------------------------------
INFO: [SCHED 204-11] Starting scheduling ...
INFO: [HLS 200-486] Changing DSP latency (root=acc_142) to 3 in order to utilize available DSP registers.
INFO: [SCHED 204-61] Pipelining loop 'VITIS_LOOP_26_1'.
WARNING: [HLS 200-880] The II Violation in module 'pe_20' (loop 'VITIS_LOOP_26_1'): Unable to enforce a carried dependence constraint (II = 1, distance = 1, offset = 1) between fifo write operation ('d_e_17_write_ln48', design.cpp:48) on port 'd_e_17' (design.cpp:48) and fifo request operation ('tmp_132', design.cpp:46) on port 'd_e_17' (design.cpp:46).
Resolution: For help on HLS 200-880 see docs.xilinx.com/access/sources/dita/topic?Doc_Version=2023.2%20English&url=ug1448-hls-guidance&resourceid=200-880.html
WARNING: [HLS 200-1842] Loop 'VITIS_LOOP_26_1' cannot be implemented as Flushable Pipeline because it has more than one exit branch. Changing pipeline style specification to 'style=stp'.
INFO: [HLS 200-1470] Pipelining result : Target II = 1, Final II = 2, Depth = 4, loop 'VITIS_LOOP_26_1'
INFO: [SCHED 204-11] Finished scheduling.
INFO: [HLS 200-111] Finished Scheduling: CPU user time: 0.14 seconds. CPU system time: 0 seconds. Elapsed time: 0.14 seconds; current allocated memory: 973.793 MB.
INFO: [BIND 205-100] Starting micro-architecture generation ...
INFO: [BIND 205-101] Performing variable lifetime analysis.
INFO: [BIND 205-101] Exploring resource sharing.
INFO: [BIND 205-101] Binding ...
INFO: [BIND 205-100] Finished micro-architecture generation.
INFO: [HLS 200-111] Finished Binding: CPU user time: 0.07 seconds. CPU system time: 0 seconds. Elapsed time: 0.07 seconds; current allocated memory: 973.793 MB.
INFO: [HLS 200-10] ----------------------------------------------------------------
INFO: [HLS 200-42] -- Implementing module 'pe_21' 
INFO: [HLS 200-10] ----------------------------------------------------------------
INFO: [SCHED 204-11] Starting scheduling ...
INFO: [HLS 200-486] Changing DSP latency (root=acc_139) to 3 in order to utilize available DSP registers.
INFO: [SCHED 204-61] Pipelining loop 'VITIS_LOOP_26_1'.
WARNING: [HLS 200-880] The II Violation in module 'pe_21' (loop 'VITIS_LOOP_26_1'): Unable to enforce a carried dependence constraint (II = 1, distance = 1, offset = 1) between fifo write operation ('d_e_18_write_ln48', design.cpp:48) on port 'd_e_18' (design.cpp:48) and fifo request operation ('tmp_128', design.cpp:46) on port 'd_e_18' (design.cpp:46).
Resolution: For help on HLS 200-880 see docs.xilinx.com/access/sources/dita/topic?Doc_Version=2023.2%20English&url=ug1448-hls-guidance&resourceid=200-880.html
WARNING: [HLS 200-1842] Loop 'VITIS_LOOP_26_1' cannot be implemented as Flushable Pipeline because it has more than one exit branch. Changing pipeline style specification to 'style=stp'.
INFO: [HLS 200-1470] Pipelining result : Target II = 1, Final II = 2, Depth = 4, loop 'VITIS_LOOP_26_1'
INFO: [SCHED 204-11] Finished scheduling.
INFO: [HLS 200-111] Finished Scheduling: CPU user time: 0.13 seconds. CPU system time: 0.01 seconds. Elapsed time: 0.14 seconds; current allocated memory: 974.410 MB.
INFO: [BIND 205-100] Starting micro-architecture generation ...
INFO: [BIND 205-101] Performing variable lifetime analysis.
INFO: [BIND 205-101] Exploring resource sharing.
INFO: [BIND 205-101] Binding ...
INFO: [BIND 205-100] Finished micro-architecture generation.
INFO: [HLS 200-111] Finished Binding: CPU user time: 0.07 seconds. CPU system time: 0 seconds. Elapsed time: 0.07 seconds; current allocated memory: 974.410 MB.
INFO: [HLS 200-10] ----------------------------------------------------------------
INFO: [HLS 200-42] -- Implementing module 'pe_22' 
INFO: [HLS 200-10] ----------------------------------------------------------------
INFO: [SCHED 204-11] Starting scheduling ...
INFO: [HLS 200-486] Changing DSP latency (root=acc_136) to 3 in order to utilize available DSP registers.
INFO: [SCHED 204-61] Pipelining loop 'VITIS_LOOP_26_1'.
WARNING: [HLS 200-880] The II Violation in module 'pe_22' (loop 'VITIS_LOOP_26_1'): Unable to enforce a carried dependence constraint (II = 1, distance = 1, offset = 1) between fifo write operation ('d_e_19_write_ln48', design.cpp:48) on port 'd_e_19' (design.cpp:48) and fifo request operation ('tmp_124', design.cpp:46) on port 'd_e_19' (design.cpp:46).
Resolution: For help on HLS 200-880 see docs.xilinx.com/access/sources/dita/topic?Doc_Version=2023.2%20English&url=ug1448-hls-guidance&resourceid=200-880.html
WARNING: [HLS 200-1842] Loop 'VITIS_LOOP_26_1' cannot be implemented as Flushable Pipeline because it has more than one exit branch. Changing pipeline style specification to 'style=stp'.
INFO: [HLS 200-1470] Pipelining result : Target II = 1, Final II = 2, Depth = 4, loop 'VITIS_LOOP_26_1'
INFO: [SCHED 204-11] Finished scheduling.
INFO: [HLS 200-111] Finished Scheduling: CPU user time: 0.13 seconds. CPU system time: 0 seconds. Elapsed time: 0.14 seconds; current allocated memory: 975.094 MB.
INFO: [BIND 205-100] Starting micro-architecture generation ...
INFO: [BIND 205-101] Performing variable lifetime analysis.
INFO: [BIND 205-101] Exploring resource sharing.
INFO: [BIND 205-101] Binding ...
INFO: [BIND 205-100] Finished micro-architecture generation.
INFO: [HLS 200-111] Finished Binding: CPU user time: 0.06 seconds. CPU system time: 0.01 seconds. Elapsed time: 0.07 seconds; current allocated memory: 975.094 MB.
INFO: [HLS 200-10] ----------------------------------------------------------------
INFO: [HLS 200-42] -- Implementing module 'pe_23' 
INFO: [HLS 200-10] ----------------------------------------------------------------
INFO: [SCHED 204-11] Starting scheduling ...
INFO: [HLS 200-486] Changing DSP latency (root=acc_133) to 3 in order to utilize available DSP registers.
INFO: [SCHED 204-61] Pipelining loop 'VITIS_LOOP_26_1'.
WARNING: [HLS 200-880] The II Violation in module 'pe_23' (loop 'VITIS_LOOP_26_1'): Unable to enforce a carried dependence constraint (II = 1, distance = 1, offset = 1) between fifo write operation ('d_e_20_write_ln48', design.cpp:48) on port 'd_e_20' (design.cpp:48) and fifo request operation ('tmp_120', design.cpp:46) on port 'd_e_20' (design.cpp:46).
Resolution: For help on HLS 200-880 see docs.xilinx.com/access/sources/dita/topic?Doc_Version=2023.2%20English&url=ug1448-hls-guidance&resourceid=200-880.html
WARNING: [HLS 200-1842] Loop 'VITIS_LOOP_26_1' cannot be implemented as Flushable Pipeline because it has more than one exit branch. Changing pipeline style specification to 'style=stp'.
INFO: [HLS 200-1470] Pipelining result : Target II = 1, Final II = 2, Depth = 4, loop 'VITIS_LOOP_26_1'
INFO: [SCHED 204-11] Finished scheduling.
INFO: [HLS 200-111] Finished Scheduling: CPU user time: 0.14 seconds. CPU system time: 0.01 seconds. Elapsed time: 0.14 seconds; current allocated memory: 975.688 MB.
INFO: [BIND 205-100] Starting micro-architecture generation ...
INFO: [BIND 205-101] Performing variable lifetime analysis.
INFO: [BIND 205-101] Exploring resource sharing.
INFO: [BIND 205-101] Binding ...
INFO: [BIND 205-100] Finished micro-architecture generation.
INFO: [HLS 200-111] Finished Binding: CPU user time: 0.06 seconds. CPU system time: 0 seconds. Elapsed time: 0.07 seconds; current allocated memory: 975.688 MB.
INFO: [HLS 200-10] ----------------------------------------------------------------
INFO: [HLS 200-42] -- Implementing module 'pe_24' 
INFO: [HLS 200-10] ----------------------------------------------------------------
INFO: [SCHED 204-11] Starting scheduling ...
INFO: [HLS 200-486] Changing DSP latency (root=acc_130) to 3 in order to utilize available DSP registers.
INFO: [SCHED 204-61] Pipelining loop 'VITIS_LOOP_26_1'.
WARNING: [HLS 200-880] The II Violation in module 'pe_24' (loop 'VITIS_LOOP_26_1'): Unable to enforce a carried dependence constraint (II = 1, distance = 1, offset = 1) between fifo write operation ('c_out_2_write_ln48', design.cpp:48) on port 'c_out_2' (design.cpp:48) and fifo request operation ('tmp_116', design.cpp:46) on port 'c_out_2' (design.cpp:46).
Resolution: For help on HLS 200-880 see docs.xilinx.com/access/sources/dita/topic?Doc_Version=2023.2%20English&url=ug1448-hls-guidance&resourceid=200-880.html
WARNING: [HLS 200-1842] Loop 'VITIS_LOOP_26_1' cannot be implemented as Flushable Pipeline because it has more than one exit branch. Changing pipeline style specification to 'style=stp'.
INFO: [HLS 200-1470] Pipelining result : Target II = 1, Final II = 2, Depth = 4, loop 'VITIS_LOOP_26_1'
INFO: [SCHED 204-11] Finished scheduling.
INFO: [HLS 200-111] Finished Scheduling: CPU user time: 0.13 seconds. CPU system time: 0.01 seconds. Elapsed time: 0.15 seconds; current allocated memory: 976.273 MB.
INFO: [BIND 205-100] Starting micro-architecture generation ...
INFO: [BIND 205-101] Performing variable lifetime analysis.
INFO: [BIND 205-101] Exploring resource sharing.
INFO: [BIND 205-101] Binding ...
INFO: [BIND 205-100] Finished micro-architecture generation.
INFO: [HLS 200-111] Finished Binding: CPU user time: 0.07 seconds. CPU system time: 0.01 seconds. Elapsed time: 0.07 seconds; current allocated memory: 976.273 MB.
INFO: [HLS 200-10] ----------------------------------------------------------------
INFO: [HLS 200-42] -- Implementing module 'pe_25' 
INFO: [HLS 200-10] ----------------------------------------------------------------
INFO: [SCHED 204-11] Starting scheduling ...
INFO: [HLS 200-486] Changing DSP latency (root=acc_128) to 3 in order to utilize available DSP registers.
INFO: [SCHED 204-61] Pipelining loop 'VITIS_LOOP_26_1'.
WARNING: [HLS 200-880] The II Violation in module 'pe_25' (loop 'VITIS_LOOP_26_1'): Unable to enforce a carried dependence constraint (II = 1, distance = 1, offset = 1) between fifo write operation ('d_e_21_write_ln48', design.cpp:48) on port 'd_e_21' (design.cpp:48) and fifo request operation ('tmp_112', design.cpp:46) on port 'd_e_21' (design.cpp:46).
Resolution: For help on HLS 200-880 see docs.xilinx.com/access/sources/dita/topic?Doc_Version=2023.2%20English&url=ug1448-hls-guidance&resourceid=200-880.html
WARNING: [HLS 200-1842] Loop 'VITIS_LOOP_26_1' cannot be implemented as Flushable Pipeline because it has more than one exit branch. Changing pipeline style specification to 'style=stp'.
INFO: [HLS 200-1470] Pipelining result : Target II = 1, Final II = 2, Depth = 4, loop 'VITIS_LOOP_26_1'
INFO: [SCHED 204-11] Finished scheduling.
INFO: [HLS 200-111] Finished Scheduling: CPU user time: 0.14 seconds. CPU system time: 0 seconds. Elapsed time: 0.14 seconds; current allocated memory: 976.773 MB.
INFO: [BIND 205-100] Starting micro-architecture generation ...
INFO: [BIND 205-101] Performing variable lifetime analysis.
INFO: [BIND 205-101] Exploring resource sharing.
INFO: [BIND 205-101] Binding ...
INFO: [BIND 205-100] Finished micro-architecture generation.
INFO: [HLS 200-111] Finished Binding: CPU user time: 0.06 seconds. CPU system time: 0.01 seconds. Elapsed time: 0.07 seconds; current allocated memory: 976.773 MB.
INFO: [HLS 200-10] ----------------------------------------------------------------
INFO: [HLS 200-42] -- Implementing module 'pe_26' 
INFO: [HLS 200-10] ----------------------------------------------------------------
INFO: [SCHED 204-11] Starting scheduling ...
INFO: [HLS 200-486] Changing DSP latency (root=acc_126) to 3 in order to utilize available DSP registers.
INFO: [SCHED 204-61] Pipelining loop 'VITIS_LOOP_26_1'.
WARNING: [HLS 200-880] The II Violation in module 'pe_26' (loop 'VITIS_LOOP_26_1'): Unable to enforce a carried dependence constraint (II = 1, distance = 1, offset = 1) between fifo write operation ('d_e_22_write_ln48', design.cpp:48) on port 'd_e_22' (design.cpp:48) and fifo request operation ('tmp_110', design.cpp:46) on port 'd_e_22' (design.cpp:46).
Resolution: For help on HLS 200-880 see docs.xilinx.com/access/sources/dita/topic?Doc_Version=2023.2%20English&url=ug1448-hls-guidance&resourceid=200-880.html
WARNING: [HLS 200-1842] Loop 'VITIS_LOOP_26_1' cannot be implemented as Flushable Pipeline because it has more than one exit branch. Changing pipeline style specification to 'style=stp'.
INFO: [HLS 200-1470] Pipelining result : Target II = 1, Final II = 2, Depth = 4, loop 'VITIS_LOOP_26_1'
INFO: [SCHED 204-11] Finished scheduling.
INFO: [HLS 200-111] Finished Scheduling: CPU user time: 0.14 seconds. CPU system time: 0 seconds. Elapsed time: 0.15 seconds; current allocated memory: 977.355 MB.
INFO: [BIND 205-100] Starting micro-architecture generation ...
INFO: [BIND 205-101] Performing variable lifetime analysis.
INFO: [BIND 205-101] Exploring resource sharing.
INFO: [BIND 205-101] Binding ...
INFO: [BIND 205-100] Finished micro-architecture generation.
INFO: [HLS 200-111] Finished Binding: CPU user time: 0.07 seconds. CPU system time: 0 seconds. Elapsed time: 0.07 seconds; current allocated memory: 977.355 MB.
INFO: [HLS 200-10] ----------------------------------------------------------------
INFO: [HLS 200-42] -- Implementing module 'pe_27' 
INFO: [HLS 200-10] ----------------------------------------------------------------
INFO: [SCHED 204-11] Starting scheduling ...
INFO: [HLS 200-486] Changing DSP latency (root=acc_123) to 3 in order to utilize available DSP registers.
INFO: [SCHED 204-61] Pipelining loop 'VITIS_LOOP_26_1'.
WARNING: [HLS 200-880] The II Violation in module 'pe_27' (loop 'VITIS_LOOP_26_1'): Unable to enforce a carried dependence constraint (II = 1, distance = 1, offset = 1) between fifo write operation ('d_e_23_write_ln48', design.cpp:48) on port 'd_e_23' (design.cpp:48) and fifo request operation ('tmp_106', design.cpp:46) on port 'd_e_23' (design.cpp:46).
Resolution: For help on HLS 200-880 see docs.xilinx.com/access/sources/dita/topic?Doc_Version=2023.2%20English&url=ug1448-hls-guidance&resourceid=200-880.html
WARNING: [HLS 200-1842] Loop 'VITIS_LOOP_26_1' cannot be implemented as Flushable Pipeline because it has more than one exit branch. Changing pipeline style specification to 'style=stp'.
INFO: [HLS 200-1470] Pipelining result : Target II = 1, Final II = 2, Depth = 4, loop 'VITIS_LOOP_26_1'
INFO: [SCHED 204-11] Finished scheduling.
INFO: [HLS 200-111] Finished Scheduling: CPU user time: 0.14 seconds. CPU system time: 0 seconds. Elapsed time: 0.15 seconds; current allocated memory: 977.992 MB.
INFO: [BIND 205-100] Starting micro-architecture generation ...
INFO: [BIND 205-101] Performing variable lifetime analysis.
INFO: [BIND 205-101] Exploring resource sharing.
INFO: [BIND 205-101] Binding ...
INFO: [BIND 205-100] Finished micro-architecture generation.
INFO: [HLS 200-111] Finished Binding: CPU user time: 0.07 seconds. CPU system time: 0.01 seconds. Elapsed time: 0.07 seconds; current allocated memory: 977.992 MB.
INFO: [HLS 200-10] ----------------------------------------------------------------
INFO: [HLS 200-42] -- Implementing module 'pe_28' 
INFO: [HLS 200-10] ----------------------------------------------------------------
INFO: [SCHED 204-11] Starting scheduling ...
INFO: [HLS 200-486] Changing DSP latency (root=acc_120) to 3 in order to utilize available DSP registers.
INFO: [SCHED 204-61] Pipelining loop 'VITIS_LOOP_26_1'.
WARNING: [HLS 200-880] The II Violation in module 'pe_28' (loop 'VITIS_LOOP_26_1'): Unable to enforce a carried dependence constraint (II = 1, distance = 1, offset = 1) between fifo write operation ('d_e_24_write_ln48', design.cpp:48) on port 'd_e_24' (design.cpp:48) and fifo request operation ('tmp_102', design.cpp:46) on port 'd_e_24' (design.cpp:46).
Resolution: For help on HLS 200-880 see docs.xilinx.com/access/sources/dita/topic?Doc_Version=2023.2%20English&url=ug1448-hls-guidance&resourceid=200-880.html
WARNING: [HLS 200-1842] Loop 'VITIS_LOOP_26_1' cannot be implemented as Flushable Pipeline because it has more than one exit branch. Changing pipeline style specification to 'style=stp'.
INFO: [HLS 200-1470] Pipelining result : Target II = 1, Final II = 2, Depth = 4, loop 'VITIS_LOOP_26_1'
INFO: [SCHED 204-11] Finished scheduling.
INFO: [HLS 200-111] Finished Scheduling: CPU user time: 0.14 seconds. CPU system time: 0.01 seconds. Elapsed time: 0.15 seconds; current allocated memory: 978.629 MB.
INFO: [BIND 205-100] Starting micro-architecture generation ...
INFO: [BIND 205-101] Performing variable lifetime analysis.
INFO: [BIND 205-101] Exploring resource sharing.
INFO: [BIND 205-101] Binding ...
INFO: [BIND 205-100] Finished micro-architecture generation.
INFO: [HLS 200-111] Finished Binding: CPU user time: 0.07 seconds. CPU system time: 0 seconds. Elapsed time: 0.08 seconds; current allocated memory: 978.629 MB.
INFO: [HLS 200-10] ----------------------------------------------------------------
INFO: [HLS 200-42] -- Implementing module 'pe_29' 
INFO: [HLS 200-10] ----------------------------------------------------------------
INFO: [SCHED 204-11] Starting scheduling ...
INFO: [HLS 200-486] Changing DSP latency (root=acc_117) to 3 in order to utilize available DSP registers.
INFO: [SCHED 204-61] Pipelining loop 'VITIS_LOOP_26_1'.
WARNING: [HLS 200-880] The II Violation in module 'pe_29' (loop 'VITIS_LOOP_26_1'): Unable to enforce a carried dependence constraint (II = 1, distance = 1, offset = 1) between fifo write operation ('d_e_25_write_ln48', design.cpp:48) on port 'd_e_25' (design.cpp:48) and fifo request operation ('tmp_98', design.cpp:46) on port 'd_e_25' (design.cpp:46).
Resolution: For help on HLS 200-880 see docs.xilinx.com/access/sources/dita/topic?Doc_Version=2023.2%20English&url=ug1448-hls-guidance&resourceid=200-880.html
WARNING: [HLS 200-1842] Loop 'VITIS_LOOP_26_1' cannot be implemented as Flushable Pipeline because it has more than one exit branch. Changing pipeline style specification to 'style=stp'.
INFO: [HLS 200-1470] Pipelining result : Target II = 1, Final II = 2, Depth = 4, loop 'VITIS_LOOP_26_1'
INFO: [SCHED 204-11] Finished scheduling.
INFO: [HLS 200-111] Finished Scheduling: CPU user time: 0.14 seconds. CPU system time: 0.01 seconds. Elapsed time: 0.15 seconds; current allocated memory: 979.250 MB.
INFO: [BIND 205-100] Starting micro-architecture generation ...
INFO: [BIND 205-101] Performing variable lifetime analysis.
INFO: [BIND 205-101] Exploring resource sharing.
INFO: [BIND 205-101] Binding ...
INFO: [BIND 205-100] Finished micro-architecture generation.
INFO: [HLS 200-111] Finished Binding: CPU user time: 0.07 seconds. CPU system time: 0 seconds. Elapsed time: 0.07 seconds; current allocated memory: 979.250 MB.
INFO: [HLS 200-10] ----------------------------------------------------------------
INFO: [HLS 200-42] -- Implementing module 'pe_30' 
INFO: [HLS 200-10] ----------------------------------------------------------------
INFO: [SCHED 204-11] Starting scheduling ...
INFO: [HLS 200-486] Changing DSP latency (root=acc_111) to 3 in order to utilize available DSP registers.
INFO: [SCHED 204-61] Pipelining loop 'VITIS_LOOP_26_1'.
WARNING: [HLS 200-880] The II Violation in module 'pe_30' (loop 'VITIS_LOOP_26_1'): Unable to enforce a carried dependence constraint (II = 1, distance = 1, offset = 1) between fifo write operation ('d_e_26_write_ln48', design.cpp:48) on port 'd_e_26' (design.cpp:48) and fifo request operation ('tmp_90', design.cpp:46) on port 'd_e_26' (design.cpp:46).
Resolution: For help on HLS 200-880 see docs.xilinx.com/access/sources/dita/topic?Doc_Version=2023.2%20English&url=ug1448-hls-guidance&resourceid=200-880.html
WARNING: [HLS 200-1842] Loop 'VITIS_LOOP_26_1' cannot be implemented as Flushable Pipeline because it has more than one exit branch. Changing pipeline style specification to 'style=stp'.
INFO: [HLS 200-1470] Pipelining result : Target II = 1, Final II = 2, Depth = 4, loop 'VITIS_LOOP_26_1'
INFO: [SCHED 204-11] Finished scheduling.
INFO: [HLS 200-111] Finished Scheduling: CPU user time: 0.15 seconds. CPU system time: 0.01 seconds. Elapsed time: 0.15 seconds; current allocated memory: 979.918 MB.
INFO: [BIND 205-100] Starting micro-architecture generation ...
INFO: [BIND 205-101] Performing variable lifetime analysis.
INFO: [BIND 205-101] Exploring resource sharing.
INFO: [BIND 205-101] Binding ...
INFO: [BIND 205-100] Finished micro-architecture generation.
INFO: [HLS 200-111] Finished Binding: CPU user time: 0.06 seconds. CPU system time: 0 seconds. Elapsed time: 0.07 seconds; current allocated memory: 979.918 MB.
INFO: [HLS 200-10] ----------------------------------------------------------------
INFO: [HLS 200-42] -- Implementing module 'pe_31' 
INFO: [HLS 200-10] ----------------------------------------------------------------
INFO: [SCHED 204-11] Starting scheduling ...
INFO: [HLS 200-486] Changing DSP latency (root=acc_108) to 3 in order to utilize available DSP registers.
INFO: [SCHED 204-61] Pipelining loop 'VITIS_LOOP_26_1'.
WARNING: [HLS 200-880] The II Violation in module 'pe_31' (loop 'VITIS_LOOP_26_1'): Unable to enforce a carried dependence constraint (II = 1, distance = 1, offset = 1) between fifo write operation ('d_e_27_write_ln48', design.cpp:48) on port 'd_e_27' (design.cpp:48) and fifo request operation ('tmp_86', design.cpp:46) on port 'd_e_27' (design.cpp:46).
Resolution: For help on HLS 200-880 see docs.xilinx.com/access/sources/dita/topic?Doc_Version=2023.2%20English&url=ug1448-hls-guidance&resourceid=200-880.html
WARNING: [HLS 200-1842] Loop 'VITIS_LOOP_26_1' cannot be implemented as Flushable Pipeline because it has more than one exit branch. Changing pipeline style specification to 'style=stp'.
INFO: [HLS 200-1470] Pipelining result : Target II = 1, Final II = 2, Depth = 4, loop 'VITIS_LOOP_26_1'
INFO: [SCHED 204-11] Finished scheduling.
INFO: [HLS 200-111] Finished Scheduling: CPU user time: 0.15 seconds. CPU system time: 0.01 seconds. Elapsed time: 0.15 seconds; current allocated memory: 980.551 MB.
INFO: [BIND 205-100] Starting micro-architecture generation ...
INFO: [BIND 205-101] Performing variable lifetime analysis.
INFO: [BIND 205-101] Exploring resource sharing.
INFO: [BIND 205-101] Binding ...
INFO: [BIND 205-100] Finished micro-architecture generation.
INFO: [HLS 200-111] Finished Binding: CPU user time: 0.07 seconds. CPU system time: 0.01 seconds. Elapsed time: 0.08 seconds; current allocated memory: 980.551 MB.
INFO: [HLS 200-10] ----------------------------------------------------------------
INFO: [HLS 200-42] -- Implementing module 'pe_32' 
INFO: [HLS 200-10] ----------------------------------------------------------------
INFO: [SCHED 204-11] Starting scheduling ...
INFO: [HLS 200-486] Changing DSP latency (root=acc_105) to 3 in order to utilize available DSP registers.
INFO: [SCHED 204-61] Pipelining loop 'VITIS_LOOP_26_1'.
WARNING: [HLS 200-880] The II Violation in module 'pe_32' (loop 'VITIS_LOOP_26_1'): Unable to enforce a carried dependence constraint (II = 1, distance = 1, offset = 1) between fifo write operation ('c_out_3_write_ln48', design.cpp:48) on port 'c_out_3' (design.cpp:48) and fifo request operation ('tmp_82', design.cpp:46) on port 'c_out_3' (design.cpp:46).
Resolution: For help on HLS 200-880 see docs.xilinx.com/access/sources/dita/topic?Doc_Version=2023.2%20English&url=ug1448-hls-guidance&resourceid=200-880.html
WARNING: [HLS 200-1842] Loop 'VITIS_LOOP_26_1' cannot be implemented as Flushable Pipeline because it has more than one exit branch. Changing pipeline style specification to 'style=stp'.
INFO: [HLS 200-1470] Pipelining result : Target II = 1, Final II = 2, Depth = 4, loop 'VITIS_LOOP_26_1'
INFO: [SCHED 204-11] Finished scheduling.
INFO: [HLS 200-111] Finished Scheduling: CPU user time: 0.15 seconds. CPU system time: 0 seconds. Elapsed time: 0.15 seconds; current allocated memory: 981.109 MB.
INFO: [BIND 205-100] Starting micro-architecture generation ...
INFO: [BIND 205-101] Performing variable lifetime analysis.
INFO: [BIND 205-101] Exploring resource sharing.
INFO: [BIND 205-101] Binding ...
INFO: [BIND 205-100] Finished micro-architecture generation.
INFO: [HLS 200-111] Finished Binding: CPU user time: 0.07 seconds. CPU system time: 0.01 seconds. Elapsed time: 0.08 seconds; current allocated memory: 981.109 MB.
INFO: [HLS 200-10] ----------------------------------------------------------------
INFO: [HLS 200-42] -- Implementing module 'pe_33' 
INFO: [HLS 200-10] ----------------------------------------------------------------
INFO: [SCHED 204-11] Starting scheduling ...
INFO: [HLS 200-486] Changing DSP latency (root=acc_103) to 3 in order to utilize available DSP registers.
INFO: [SCHED 204-61] Pipelining loop 'VITIS_LOOP_26_1'.
WARNING: [HLS 200-880] The II Violation in module 'pe_33' (loop 'VITIS_LOOP_26_1'): Unable to enforce a carried dependence constraint (II = 1, distance = 1, offset = 1) between fifo write operation ('d_e_28_write_ln48', design.cpp:48) on port 'd_e_28' (design.cpp:48) and fifo request operation ('tmp_78', design.cpp:46) on port 'd_e_28' (design.cpp:46).
Resolution: For help on HLS 200-880 see docs.xilinx.com/access/sources/dita/topic?Doc_Version=2023.2%20English&url=ug1448-hls-guidance&resourceid=200-880.html
WARNING: [HLS 200-1842] Loop 'VITIS_LOOP_26_1' cannot be implemented as Flushable Pipeline because it has more than one exit branch. Changing pipeline style specification to 'style=stp'.
INFO: [HLS 200-1470] Pipelining result : Target II = 1, Final II = 2, Depth = 4, loop 'VITIS_LOOP_26_1'
INFO: [SCHED 204-11] Finished scheduling.
INFO: [HLS 200-111] Finished Scheduling: CPU user time: 0.14 seconds. CPU system time: 0 seconds. Elapsed time: 0.15 seconds; current allocated memory: 981.453 MB.
INFO: [BIND 205-100] Starting micro-architecture generation ...
INFO: [BIND 205-101] Performing variable lifetime analysis.
INFO: [BIND 205-101] Exploring resource sharing.
INFO: [BIND 205-101] Binding ...
INFO: [BIND 205-100] Finished micro-architecture generation.
INFO: [HLS 200-111] Finished Binding: CPU user time: 0.07 seconds. CPU system time: 0.01 seconds. Elapsed time: 0.08 seconds; current allocated memory: 981.809 MB.
INFO: [HLS 200-10] ----------------------------------------------------------------
INFO: [HLS 200-42] -- Implementing module 'pe_34' 
INFO: [HLS 200-10] ----------------------------------------------------------------
INFO: [SCHED 204-11] Starting scheduling ...
INFO: [HLS 200-486] Changing DSP latency (root=acc_101) to 3 in order to utilize available DSP registers.
INFO: [SCHED 204-61] Pipelining loop 'VITIS_LOOP_26_1'.
WARNING: [HLS 200-880] The II Violation in module 'pe_34' (loop 'VITIS_LOOP_26_1'): Unable to enforce a carried dependence constraint (II = 1, distance = 1, offset = 1) between fifo write operation ('d_e_29_write_ln48', design.cpp:48) on port 'd_e_29' (design.cpp:48) and fifo request operation ('tmp_76', design.cpp:46) on port 'd_e_29' (design.cpp:46).
Resolution: For help on HLS 200-880 see docs.xilinx.com/access/sources/dita/topic?Doc_Version=2023.2%20English&url=ug1448-hls-guidance&resourceid=200-880.html
WARNING: [HLS 200-1842] Loop 'VITIS_LOOP_26_1' cannot be implemented as Flushable Pipeline because it has more than one exit branch. Changing pipeline style specification to 'style=stp'.
INFO: [HLS 200-1470] Pipelining result : Target II = 1, Final II = 2, Depth = 4, loop 'VITIS_LOOP_26_1'
INFO: [SCHED 204-11] Finished scheduling.
INFO: [HLS 200-111] Finished Scheduling: CPU user time: 0.15 seconds. CPU system time: 0.01 seconds. Elapsed time: 0.16 seconds; current allocated memory: 982.359 MB.
INFO: [BIND 205-100] Starting micro-architecture generation ...
INFO: [BIND 205-101] Performing variable lifetime analysis.
INFO: [BIND 205-101] Exploring resource sharing.
INFO: [BIND 205-101] Binding ...
INFO: [BIND 205-100] Finished micro-architecture generation.
INFO: [HLS 200-111] Finished Binding: CPU user time: 0.07 seconds. CPU system time: 0 seconds. Elapsed time: 0.08 seconds; current allocated memory: 982.359 MB.
INFO: [HLS 200-10] ----------------------------------------------------------------
INFO: [HLS 200-42] -- Implementing module 'pe_35' 
INFO: [HLS 200-10] ----------------------------------------------------------------
INFO: [SCHED 204-11] Starting scheduling ...
INFO: [HLS 200-486] Changing DSP latency (root=acc_98) to 3 in order to utilize available DSP registers.
INFO: [SCHED 204-61] Pipelining loop 'VITIS_LOOP_26_1'.
WARNING: [HLS 200-880] The II Violation in module 'pe_35' (loop 'VITIS_LOOP_26_1'): Unable to enforce a carried dependence constraint (II = 1, distance = 1, offset = 1) between fifo write operation ('d_e_30_write_ln48', design.cpp:48) on port 'd_e_30' (design.cpp:48) and fifo request operation ('tmp_72', design.cpp:46) on port 'd_e_30' (design.cpp:46).
Resolution: For help on HLS 200-880 see docs.xilinx.com/access/sources/dita/topic?Doc_Version=2023.2%20English&url=ug1448-hls-guidance&resourceid=200-880.html
WARNING: [HLS 200-1842] Loop 'VITIS_LOOP_26_1' cannot be implemented as Flushable Pipeline because it has more than one exit branch. Changing pipeline style specification to 'style=stp'.
INFO: [HLS 200-1470] Pipelining result : Target II = 1, Final II = 2, Depth = 4, loop 'VITIS_LOOP_26_1'
INFO: [SCHED 204-11] Finished scheduling.
INFO: [HLS 200-111] Finished Scheduling: CPU user time: 0.16 seconds. CPU system time: 0.01 seconds. Elapsed time: 0.16 seconds; current allocated memory: 983.039 MB.
INFO: [BIND 205-100] Starting micro-architecture generation ...
INFO: [BIND 205-101] Performing variable lifetime analysis.
INFO: [BIND 205-101] Exploring resource sharing.
INFO: [BIND 205-101] Binding ...
INFO: [BIND 205-100] Finished micro-architecture generation.
INFO: [HLS 200-111] Finished Binding: CPU user time: 0.07 seconds. CPU system time: 0 seconds. Elapsed time: 0.08 seconds; current allocated memory: 983.039 MB.
INFO: [HLS 200-10] ----------------------------------------------------------------
INFO: [HLS 200-42] -- Implementing module 'pe_36' 
INFO: [HLS 200-10] ----------------------------------------------------------------
INFO: [SCHED 204-11] Starting scheduling ...
INFO: [HLS 200-486] Changing DSP latency (root=acc_95) to 3 in order to utilize available DSP registers.
INFO: [SCHED 204-61] Pipelining loop 'VITIS_LOOP_26_1'.
WARNING: [HLS 200-880] The II Violation in module 'pe_36' (loop 'VITIS_LOOP_26_1'): Unable to enforce a carried dependence constraint (II = 1, distance = 1, offset = 1) between fifo write operation ('d_e_31_write_ln48', design.cpp:48) on port 'd_e_31' (design.cpp:48) and fifo request operation ('tmp_68', design.cpp:46) on port 'd_e_31' (design.cpp:46).
Resolution: For help on HLS 200-880 see docs.xilinx.com/access/sources/dita/topic?Doc_Version=2023.2%20English&url=ug1448-hls-guidance&resourceid=200-880.html
WARNING: [HLS 200-1842] Loop 'VITIS_LOOP_26_1' cannot be implemented as Flushable Pipeline because it has more than one exit branch. Changing pipeline style specification to 'style=stp'.
INFO: [HLS 200-1470] Pipelining result : Target II = 1, Final II = 2, Depth = 4, loop 'VITIS_LOOP_26_1'
INFO: [SCHED 204-11] Finished scheduling.
INFO: [HLS 200-111] Finished Scheduling: CPU user time: 0.15 seconds. CPU system time: 0.01 seconds. Elapsed time: 0.16 seconds; current allocated memory: 983.586 MB.
INFO: [BIND 205-100] Starting micro-architecture generation ...
INFO: [BIND 205-101] Performing variable lifetime analysis.
INFO: [BIND 205-101] Exploring resource sharing.
INFO: [BIND 205-101] Binding ...
INFO: [BIND 205-100] Finished micro-architecture generation.
INFO: [HLS 200-111] Finished Binding: CPU user time: 0.08 seconds. CPU system time: 0.01 seconds. Elapsed time: 0.08 seconds; current allocated memory: 983.586 MB.
INFO: [HLS 200-10] ----------------------------------------------------------------
INFO: [HLS 200-42] -- Implementing module 'pe_37' 
INFO: [HLS 200-10] ----------------------------------------------------------------
INFO: [SCHED 204-11] Starting scheduling ...
INFO: [HLS 200-486] Changing DSP latency (root=acc_92) to 3 in order to utilize available DSP registers.
INFO: [SCHED 204-61] Pipelining loop 'VITIS_LOOP_26_1'.
WARNING: [HLS 200-880] The II Violation in module 'pe_37' (loop 'VITIS_LOOP_26_1'): Unable to enforce a carried dependence constraint (II = 1, distance = 1, offset = 1) between fifo write operation ('d_e_32_write_ln48', design.cpp:48) on port 'd_e_32' (design.cpp:48) and fifo request operation ('tmp_64', design.cpp:46) on port 'd_e_32' (design.cpp:46).
Resolution: For help on HLS 200-880 see docs.xilinx.com/access/sources/dita/topic?Doc_Version=2023.2%20English&url=ug1448-hls-guidance&resourceid=200-880.html
WARNING: [HLS 200-1842] Loop 'VITIS_LOOP_26_1' cannot be implemented as Flushable Pipeline because it has more than one exit branch. Changing pipeline style specification to 'style=stp'.
INFO: [HLS 200-1470] Pipelining result : Target II = 1, Final II = 2, Depth = 4, loop 'VITIS_LOOP_26_1'
INFO: [SCHED 204-11] Finished scheduling.
INFO: [HLS 200-111] Finished Scheduling: CPU user time: 0.15 seconds. CPU system time: 0.01 seconds. Elapsed time: 0.16 seconds; current allocated memory: 984.094 MB.
INFO: [BIND 205-100] Starting micro-architecture generation ...
INFO: [BIND 205-101] Performing variable lifetime analysis.
INFO: [BIND 205-101] Exploring resource sharing.
INFO: [BIND 205-101] Binding ...
INFO: [BIND 205-100] Finished micro-architecture generation.
INFO: [HLS 200-111] Finished Binding: CPU user time: 0.07 seconds. CPU system time: 0.01 seconds. Elapsed time: 0.07 seconds; current allocated memory: 984.148 MB.
INFO: [HLS 200-10] ----------------------------------------------------------------
INFO: [HLS 200-42] -- Implementing module 'pe_38' 
INFO: [HLS 200-10] ----------------------------------------------------------------
INFO: [SCHED 204-11] Starting scheduling ...
INFO: [HLS 200-486] Changing DSP latency (root=acc_89) to 3 in order to utilize available DSP registers.
INFO: [SCHED 204-61] Pipelining loop 'VITIS_LOOP_26_1'.
WARNING: [HLS 200-880] The II Violation in module 'pe_38' (loop 'VITIS_LOOP_26_1'): Unable to enforce a carried dependence constraint (II = 1, distance = 1, offset = 1) between fifo write operation ('d_e_33_write_ln48', design.cpp:48) on port 'd_e_33' (design.cpp:48) and fifo request operation ('tmp_60', design.cpp:46) on port 'd_e_33' (design.cpp:46).
Resolution: For help on HLS 200-880 see docs.xilinx.com/access/sources/dita/topic?Doc_Version=2023.2%20English&url=ug1448-hls-guidance&resourceid=200-880.html
WARNING: [HLS 200-1842] Loop 'VITIS_LOOP_26_1' cannot be implemented as Flushable Pipeline because it has more than one exit branch. Changing pipeline style specification to 'style=stp'.
INFO: [HLS 200-1470] Pipelining result : Target II = 1, Final II = 2, Depth = 4, loop 'VITIS_LOOP_26_1'
INFO: [SCHED 204-11] Finished scheduling.
INFO: [HLS 200-111] Finished Scheduling: CPU user time: 0.16 seconds. CPU system time: 0 seconds. Elapsed time: 0.16 seconds; current allocated memory: 984.691 MB.
INFO: [BIND 205-100] Starting micro-architecture generation ...
INFO: [BIND 205-101] Performing variable lifetime analysis.
INFO: [BIND 205-101] Exploring resource sharing.
INFO: [BIND 205-101] Binding ...
INFO: [BIND 205-100] Finished micro-architecture generation.
INFO: [HLS 200-111] Finished Binding: CPU user time: 0.07 seconds. CPU system time: 0.01 seconds. Elapsed time: 0.08 seconds; current allocated memory: 984.691 MB.
INFO: [HLS 200-10] ----------------------------------------------------------------
INFO: [HLS 200-42] -- Implementing module 'pe_39' 
INFO: [HLS 200-10] ----------------------------------------------------------------
INFO: [SCHED 204-11] Starting scheduling ...
INFO: [HLS 200-486] Changing DSP latency (root=acc_86) to 3 in order to utilize available DSP registers.
INFO: [SCHED 204-61] Pipelining loop 'VITIS_LOOP_26_1'.
WARNING: [HLS 200-880] The II Violation in module 'pe_39' (loop 'VITIS_LOOP_26_1'): Unable to enforce a carried dependence constraint (II = 1, distance = 1, offset = 1) between fifo write operation ('d_e_34_write_ln48', design.cpp:48) on port 'd_e_34' (design.cpp:48) and fifo request operation ('tmp_56', design.cpp:46) on port 'd_e_34' (design.cpp:46).
Resolution: For help on HLS 200-880 see docs.xilinx.com/access/sources/dita/topic?Doc_Version=2023.2%20English&url=ug1448-hls-guidance&resourceid=200-880.html
WARNING: [HLS 200-1842] Loop 'VITIS_LOOP_26_1' cannot be implemented as Flushable Pipeline because it has more than one exit branch. Changing pipeline style specification to 'style=stp'.
INFO: [HLS 200-1470] Pipelining result : Target II = 1, Final II = 2, Depth = 4, loop 'VITIS_LOOP_26_1'
INFO: [SCHED 204-11] Finished scheduling.
INFO: [HLS 200-111] Finished Scheduling: CPU user time: 0.17 seconds. CPU system time: 0 seconds. Elapsed time: 0.17 seconds; current allocated memory: 985.387 MB.
INFO: [BIND 205-100] Starting micro-architecture generation ...
INFO: [BIND 205-101] Performing variable lifetime analysis.
INFO: [BIND 205-101] Exploring resource sharing.
INFO: [BIND 205-101] Binding ...
INFO: [BIND 205-100] Finished micro-architecture generation.
INFO: [HLS 200-111] Finished Binding: CPU user time: 0.07 seconds. CPU system time: 0.01 seconds. Elapsed time: 0.08 seconds; current allocated memory: 985.387 MB.
INFO: [HLS 200-10] ----------------------------------------------------------------
INFO: [HLS 200-42] -- Implementing module 'pe_40' 
INFO: [HLS 200-10] ----------------------------------------------------------------
INFO: [SCHED 204-11] Starting scheduling ...
INFO: [HLS 200-486] Changing DSP latency (root=acc_80) to 3 in order to utilize available DSP registers.
INFO: [SCHED 204-61] Pipelining loop 'VITIS_LOOP_26_1'.
WARNING: [HLS 200-880] The II Violation in module 'pe_40' (loop 'VITIS_LOOP_26_1'): Unable to enforce a carried dependence constraint (II = 1, distance = 1, offset = 1) between fifo write operation ('c_out_4_write_ln48', design.cpp:48) on port 'c_out_4' (design.cpp:48) and fifo request operation ('tmp_48', design.cpp:46) on port 'c_out_4' (design.cpp:46).
Resolution: For help on HLS 200-880 see docs.xilinx.com/access/sources/dita/topic?Doc_Version=2023.2%20English&url=ug1448-hls-guidance&resourceid=200-880.html
WARNING: [HLS 200-1842] Loop 'VITIS_LOOP_26_1' cannot be implemented as Flushable Pipeline because it has more than one exit branch. Changing pipeline style specification to 'style=stp'.
INFO: [HLS 200-1470] Pipelining result : Target II = 1, Final II = 2, Depth = 4, loop 'VITIS_LOOP_26_1'
INFO: [SCHED 204-11] Finished scheduling.
INFO: [HLS 200-111] Finished Scheduling: CPU user time: 0.16 seconds. CPU system time: 0.01 seconds. Elapsed time: 0.16 seconds; current allocated memory: 985.941 MB.
INFO: [BIND 205-100] Starting micro-architecture generation ...
INFO: [BIND 205-101] Performing variable lifetime analysis.
INFO: [BIND 205-101] Exploring resource sharing.
INFO: [BIND 205-101] Binding ...
INFO: [BIND 205-100] Finished micro-architecture generation.
INFO: [HLS 200-111] Finished Binding: CPU user time: 0.08 seconds. CPU system time: 0 seconds. Elapsed time: 0.08 seconds; current allocated memory: 985.941 MB.
INFO: [HLS 200-10] ----------------------------------------------------------------
INFO: [HLS 200-42] -- Implementing module 'pe_41' 
INFO: [HLS 200-10] ----------------------------------------------------------------
INFO: [SCHED 204-11] Starting scheduling ...
INFO: [HLS 200-486] Changing DSP latency (root=acc_78) to 3 in order to utilize available DSP registers.
INFO: [SCHED 204-61] Pipelining loop 'VITIS_LOOP_26_1'.
WARNING: [HLS 200-880] The II Violation in module 'pe_41' (loop 'VITIS_LOOP_26_1'): Unable to enforce a carried dependence constraint (II = 1, distance = 1, offset = 1) between fifo write operation ('d_e_35_write_ln48', design.cpp:48) on port 'd_e_35' (design.cpp:48) and fifo request operation ('tmp_44', design.cpp:46) on port 'd_e_35' (design.cpp:46).
Resolution: For help on HLS 200-880 see docs.xilinx.com/access/sources/dita/topic?Doc_Version=2023.2%20English&url=ug1448-hls-guidance&resourceid=200-880.html
WARNING: [HLS 200-1842] Loop 'VITIS_LOOP_26_1' cannot be implemented as Flushable Pipeline because it has more than one exit branch. Changing pipeline style specification to 'style=stp'.
INFO: [HLS 200-1470] Pipelining result : Target II = 1, Final II = 2, Depth = 4, loop 'VITIS_LOOP_26_1'
INFO: [SCHED 204-11] Finished scheduling.
INFO: [HLS 200-111] Finished Scheduling: CPU user time: 0.15 seconds. CPU system time: 0.01 seconds. Elapsed time: 0.16 seconds; current allocated memory: 986.469 MB.
INFO: [BIND 205-100] Starting micro-architecture generation ...
INFO: [BIND 205-101] Performing variable lifetime analysis.
INFO: [BIND 205-101] Exploring resource sharing.
INFO: [BIND 205-101] Binding ...
INFO: [BIND 205-100] Finished micro-architecture generation.
INFO: [HLS 200-111] Finished Binding: CPU user time: 0.08 seconds. CPU system time: 0 seconds. Elapsed time: 0.09 seconds; current allocated memory: 986.469 MB.
INFO: [HLS 200-10] ----------------------------------------------------------------
INFO: [HLS 200-42] -- Implementing module 'pe_42' 
INFO: [HLS 200-10] ----------------------------------------------------------------
INFO: [SCHED 204-11] Starting scheduling ...
INFO: [HLS 200-486] Changing DSP latency (root=acc_76) to 3 in order to utilize available DSP registers.
INFO: [SCHED 204-61] Pipelining loop 'VITIS_LOOP_26_1'.
WARNING: [HLS 200-880] The II Violation in module 'pe_42' (loop 'VITIS_LOOP_26_1'): Unable to enforce a carried dependence constraint (II = 1, distance = 1, offset = 1) between fifo write operation ('d_e_36_write_ln48', design.cpp:48) on port 'd_e_36' (design.cpp:48) and fifo request operation ('tmp_42', design.cpp:46) on port 'd_e_36' (design.cpp:46).
Resolution: For help on HLS 200-880 see docs.xilinx.com/access/sources/dita/topic?Doc_Version=2023.2%20English&url=ug1448-hls-guidance&resourceid=200-880.html
WARNING: [HLS 200-1842] Loop 'VITIS_LOOP_26_1' cannot be implemented as Flushable Pipeline because it has more than one exit branch. Changing pipeline style specification to 'style=stp'.
INFO: [HLS 200-1470] Pipelining result : Target II = 1, Final II = 2, Depth = 4, loop 'VITIS_LOOP_26_1'
INFO: [SCHED 204-11] Finished scheduling.
INFO: [HLS 200-111] Finished Scheduling: CPU user time: 0.16 seconds. CPU system time: 0.01 seconds. Elapsed time: 0.17 seconds; current allocated memory: 987.090 MB.
INFO: [BIND 205-100] Starting micro-architecture generation ...
INFO: [BIND 205-101] Performing variable lifetime analysis.
INFO: [BIND 205-101] Exploring resource sharing.
INFO: [BIND 205-101] Binding ...
INFO: [BIND 205-100] Finished micro-architecture generation.
INFO: [HLS 200-111] Finished Binding: CPU user time: 0.08 seconds. CPU system time: 0 seconds. Elapsed time: 0.09 seconds; current allocated memory: 987.090 MB.
INFO: [HLS 200-10] ----------------------------------------------------------------
INFO: [HLS 200-42] -- Implementing module 'pe_43' 
INFO: [HLS 200-10] ----------------------------------------------------------------
INFO: [SCHED 204-11] Starting scheduling ...
INFO: [HLS 200-486] Changing DSP latency (root=acc_73) to 3 in order to utilize available DSP registers.
INFO: [SCHED 204-61] Pipelining loop 'VITIS_LOOP_26_1'.
WARNING: [HLS 200-880] The II Violation in module 'pe_43' (loop 'VITIS_LOOP_26_1'): Unable to enforce a carried dependence constraint (II = 1, distance = 1, offset = 1) between fifo write operation ('d_e_37_write_ln48', design.cpp:48) on port 'd_e_37' (design.cpp:48) and fifo request operation ('tmp_38', design.cpp:46) on port 'd_e_37' (design.cpp:46).
Resolution: For help on HLS 200-880 see docs.xilinx.com/access/sources/dita/topic?Doc_Version=2023.2%20English&url=ug1448-hls-guidance&resourceid=200-880.html
WARNING: [HLS 200-1842] Loop 'VITIS_LOOP_26_1' cannot be implemented as Flushable Pipeline because it has more than one exit branch. Changing pipeline style specification to 'style=stp'.
INFO: [HLS 200-1470] Pipelining result : Target II = 1, Final II = 2, Depth = 4, loop 'VITIS_LOOP_26_1'
INFO: [SCHED 204-11] Finished scheduling.
INFO: [HLS 200-111] Finished Scheduling: CPU user time: 0.16 seconds. CPU system time: 0.02 seconds. Elapsed time: 0.17 seconds; current allocated memory: 987.699 MB.
INFO: [BIND 205-100] Starting micro-architecture generation ...
INFO: [BIND 205-101] Performing variable lifetime analysis.
INFO: [BIND 205-101] Exploring resource sharing.
INFO: [BIND 205-101] Binding ...
INFO: [BIND 205-100] Finished micro-architecture generation.
INFO: [HLS 200-111] Finished Binding: CPU user time: 0.08 seconds. CPU system time: 0 seconds. Elapsed time: 0.09 seconds; current allocated memory: 987.699 MB.
INFO: [HLS 200-10] ----------------------------------------------------------------
INFO: [HLS 200-42] -- Implementing module 'pe_44' 
INFO: [HLS 200-10] ----------------------------------------------------------------
INFO: [SCHED 204-11] Starting scheduling ...
INFO: [HLS 200-486] Changing DSP latency (root=acc_70) to 3 in order to utilize available DSP registers.
INFO: [SCHED 204-61] Pipelining loop 'VITIS_LOOP_26_1'.
WARNING: [HLS 200-880] The II Violation in module 'pe_44' (loop 'VITIS_LOOP_26_1'): Unable to enforce a carried dependence constraint (II = 1, distance = 1, offset = 1) between fifo write operation ('d_e_38_write_ln48', design.cpp:48) on port 'd_e_38' (design.cpp:48) and fifo request operation ('tmp_34', design.cpp:46) on port 'd_e_38' (design.cpp:46).
Resolution: For help on HLS 200-880 see docs.xilinx.com/access/sources/dita/topic?Doc_Version=2023.2%20English&url=ug1448-hls-guidance&resourceid=200-880.html
WARNING: [HLS 200-1842] Loop 'VITIS_LOOP_26_1' cannot be implemented as Flushable Pipeline because it has more than one exit branch. Changing pipeline style specification to 'style=stp'.
INFO: [HLS 200-1470] Pipelining result : Target II = 1, Final II = 2, Depth = 4, loop 'VITIS_LOOP_26_1'
INFO: [SCHED 204-11] Finished scheduling.
INFO: [HLS 200-111] Finished Scheduling: CPU user time: 0.16 seconds. CPU system time: 0 seconds. Elapsed time: 0.18 seconds; current allocated memory: 988.336 MB.
INFO: [BIND 205-100] Starting micro-architecture generation ...
INFO: [BIND 205-101] Performing variable lifetime analysis.
INFO: [BIND 205-101] Exploring resource sharing.
INFO: [BIND 205-101] Binding ...
INFO: [BIND 205-100] Finished micro-architecture generation.
INFO: [HLS 200-111] Finished Binding: CPU user time: 0.08 seconds. CPU system time: 0.01 seconds. Elapsed time: 0.08 seconds; current allocated memory: 988.336 MB.
INFO: [HLS 200-10] ----------------------------------------------------------------
INFO: [HLS 200-42] -- Implementing module 'pe_45' 
INFO: [HLS 200-10] ----------------------------------------------------------------
INFO: [SCHED 204-11] Starting scheduling ...
INFO: [HLS 200-486] Changing DSP latency (root=acc_67) to 3 in order to utilize available DSP registers.
INFO: [SCHED 204-61] Pipelining loop 'VITIS_LOOP_26_1'.
WARNING: [HLS 200-880] The II Violation in module 'pe_45' (loop 'VITIS_LOOP_26_1'): Unable to enforce a carried dependence constraint (II = 1, distance = 1, offset = 1) between fifo write operation ('d_e_39_write_ln48', design.cpp:48) on port 'd_e_39' (design.cpp:48) and fifo request operation ('tmp_30', design.cpp:46) on port 'd_e_39' (design.cpp:46).
Resolution: For help on HLS 200-880 see docs.xilinx.com/access/sources/dita/topic?Doc_Version=2023.2%20English&url=ug1448-hls-guidance&resourceid=200-880.html
WARNING: [HLS 200-1842] Loop 'VITIS_LOOP_26_1' cannot be implemented as Flushable Pipeline because it has more than one exit branch. Changing pipeline style specification to 'style=stp'.
INFO: [HLS 200-1470] Pipelining result : Target II = 1, Final II = 2, Depth = 4, loop 'VITIS_LOOP_26_1'
INFO: [SCHED 204-11] Finished scheduling.
INFO: [HLS 200-111] Finished Scheduling: CPU user time: 0.17 seconds. CPU system time: 0 seconds. Elapsed time: 0.17 seconds; current allocated memory: 988.926 MB.
INFO: [BIND 205-100] Starting micro-architecture generation ...
INFO: [BIND 205-101] Performing variable lifetime analysis.
INFO: [BIND 205-101] Exploring resource sharing.
INFO: [BIND 205-101] Binding ...
INFO: [BIND 205-100] Finished micro-architecture generation.
INFO: [HLS 200-111] Finished Binding: CPU user time: 0.08 seconds. CPU system time: 0.01 seconds. Elapsed time: 0.08 seconds; current allocated memory: 988.926 MB.
INFO: [HLS 200-10] ----------------------------------------------------------------
INFO: [HLS 200-42] -- Implementing module 'pe_46' 
INFO: [HLS 200-10] ----------------------------------------------------------------
INFO: [SCHED 204-11] Starting scheduling ...
INFO: [HLS 200-486] Changing DSP latency (root=acc_64) to 3 in order to utilize available DSP registers.
INFO: [SCHED 204-61] Pipelining loop 'VITIS_LOOP_26_1'.
WARNING: [HLS 200-880] The II Violation in module 'pe_46' (loop 'VITIS_LOOP_26_1'): Unable to enforce a carried dependence constraint (II = 1, distance = 1, offset = 1) between fifo write operation ('d_e_40_write_ln48', design.cpp:48) on port 'd_e_40' (design.cpp:48) and fifo request operation ('tmp_26', design.cpp:46) on port 'd_e_40' (design.cpp:46).
Resolution: For help on HLS 200-880 see docs.xilinx.com/access/sources/dita/topic?Doc_Version=2023.2%20English&url=ug1448-hls-guidance&resourceid=200-880.html
WARNING: [HLS 200-1842] Loop 'VITIS_LOOP_26_1' cannot be implemented as Flushable Pipeline because it has more than one exit branch. Changing pipeline style specification to 'style=stp'.
INFO: [HLS 200-1470] Pipelining result : Target II = 1, Final II = 2, Depth = 4, loop 'VITIS_LOOP_26_1'
INFO: [SCHED 204-11] Finished scheduling.
INFO: [HLS 200-111] Finished Scheduling: CPU user time: 0.17 seconds. CPU system time: 0.01 seconds. Elapsed time: 0.17 seconds; current allocated memory: 989.547 MB.
INFO: [BIND 205-100] Starting micro-architecture generation ...
INFO: [BIND 205-101] Performing variable lifetime analysis.
INFO: [BIND 205-101] Exploring resource sharing.
INFO: [BIND 205-101] Binding ...
INFO: [BIND 205-100] Finished micro-architecture generation.
INFO: [HLS 200-111] Finished Binding: CPU user time: 0.08 seconds. CPU system time: 0.01 seconds. Elapsed time: 0.08 seconds; current allocated memory: 989.547 MB.
INFO: [HLS 200-10] ----------------------------------------------------------------
INFO: [HLS 200-42] -- Implementing module 'pe_47' 
INFO: [HLS 200-10] ----------------------------------------------------------------
INFO: [SCHED 204-11] Starting scheduling ...
INFO: [HLS 200-486] Changing DSP latency (root=acc_61) to 3 in order to utilize available DSP registers.
INFO: [SCHED 204-61] Pipelining loop 'VITIS_LOOP_26_1'.
WARNING: [HLS 200-880] The II Violation in module 'pe_47' (loop 'VITIS_LOOP_26_1'): Unable to enforce a carried dependence constraint (II = 1, distance = 1, offset = 1) between fifo write operation ('d_e_41_write_ln48', design.cpp:48) on port 'd_e_41' (design.cpp:48) and fifo request operation ('tmp_22', design.cpp:46) on port 'd_e_41' (design.cpp:46).
Resolution: For help on HLS 200-880 see docs.xilinx.com/access/sources/dita/topic?Doc_Version=2023.2%20English&url=ug1448-hls-guidance&resourceid=200-880.html
WARNING: [HLS 200-1842] Loop 'VITIS_LOOP_26_1' cannot be implemented as Flushable Pipeline because it has more than one exit branch. Changing pipeline style specification to 'style=stp'.
INFO: [HLS 200-1470] Pipelining result : Target II = 1, Final II = 2, Depth = 4, loop 'VITIS_LOOP_26_1'
INFO: [SCHED 204-11] Finished scheduling.
INFO: [HLS 200-111] Finished Scheduling: CPU user time: 0.17 seconds. CPU system time: 0.01 seconds. Elapsed time: 0.18 seconds; current allocated memory: 990.160 MB.
INFO: [BIND 205-100] Starting micro-architecture generation ...
INFO: [BIND 205-101] Performing variable lifetime analysis.
INFO: [BIND 205-101] Exploring resource sharing.
INFO: [BIND 205-101] Binding ...
INFO: [BIND 205-100] Finished micro-architecture generation.
INFO: [HLS 200-111] Finished Binding: CPU user time: 0.08 seconds. CPU system time: 0 seconds. Elapsed time: 0.09 seconds; current allocated memory: 990.160 MB.
INFO: [HLS 200-10] ----------------------------------------------------------------
INFO: [HLS 200-42] -- Implementing module 'pe_48' 
INFO: [HLS 200-10] ----------------------------------------------------------------
INFO: [SCHED 204-11] Starting scheduling ...
INFO: [HLS 200-486] Changing DSP latency (root=acc_58) to 3 in order to utilize available DSP registers.
INFO: [SCHED 204-61] Pipelining loop 'VITIS_LOOP_26_1'.
WARNING: [HLS 200-880] The II Violation in module 'pe_48' (loop 'VITIS_LOOP_26_1'): Unable to enforce a carried dependence constraint (II = 1, distance = 1, offset = 1) between fifo write operation ('c_out_5_write_ln48', design.cpp:48) on port 'c_out_5' (design.cpp:48) and fifo request operation ('tmp_18', design.cpp:46) on port 'c_out_5' (design.cpp:46).
Resolution: For help on HLS 200-880 see docs.xilinx.com/access/sources/dita/topic?Doc_Version=2023.2%20English&url=ug1448-hls-guidance&resourceid=200-880.html
WARNING: [HLS 200-1842] Loop 'VITIS_LOOP_26_1' cannot be implemented as Flushable Pipeline because it has more than one exit branch. Changing pipeline style specification to 'style=stp'.
INFO: [HLS 200-1470] Pipelining result : Target II = 1, Final II = 2, Depth = 4, loop 'VITIS_LOOP_26_1'
INFO: [SCHED 204-11] Finished scheduling.
INFO: [HLS 200-111] Finished Scheduling: CPU user time: 0.17 seconds. CPU system time: 0.01 seconds. Elapsed time: 0.18 seconds; current allocated memory: 990.801 MB.
INFO: [BIND 205-100] Starting micro-architecture generation ...
INFO: [BIND 205-101] Performing variable lifetime analysis.
INFO: [BIND 205-101] Exploring resource sharing.
INFO: [BIND 205-101] Binding ...
INFO: [BIND 205-100] Finished micro-architecture generation.
INFO: [HLS 200-111] Finished Binding: CPU user time: 0.08 seconds. CPU system time: 0.01 seconds. Elapsed time: 0.09 seconds; current allocated memory: 990.801 MB.
INFO: [HLS 200-10] ----------------------------------------------------------------
INFO: [HLS 200-42] -- Implementing module 'pe_49' 
INFO: [HLS 200-10] ----------------------------------------------------------------
INFO: [SCHED 204-11] Starting scheduling ...
INFO: [HLS 200-486] Changing DSP latency (root=acc_56) to 3 in order to utilize available DSP registers.
INFO: [SCHED 204-61] Pipelining loop 'VITIS_LOOP_26_1'.
WARNING: [HLS 200-880] The II Violation in module 'pe_49' (loop 'VITIS_LOOP_26_1'): Unable to enforce a carried dependence constraint (II = 1, distance = 1, offset = 1) between fifo write operation ('d_e_42_write_ln48', design.cpp:48) on port 'd_e_42' (design.cpp:48) and fifo request operation ('tmp_14', design.cpp:46) on port 'd_e_42' (design.cpp:46).
Resolution: For help on HLS 200-880 see docs.xilinx.com/access/sources/dita/topic?Doc_Version=2023.2%20English&url=ug1448-hls-guidance&resourceid=200-880.html
WARNING: [HLS 200-1842] Loop 'VITIS_LOOP_26_1' cannot be implemented as Flushable Pipeline because it has more than one exit branch. Changing pipeline style specification to 'style=stp'.
INFO: [HLS 200-1470] Pipelining result : Target II = 1, Final II = 2, Depth = 4, loop 'VITIS_LOOP_26_1'
INFO: [SCHED 204-11] Finished scheduling.
INFO: [HLS 200-111] Finished Scheduling: CPU user time: 0.16 seconds. CPU system time: 0 seconds. Elapsed time: 0.18 seconds; current allocated memory: 991.312 MB.
INFO: [BIND 205-100] Starting micro-architecture generation ...
INFO: [BIND 205-101] Performing variable lifetime analysis.
INFO: [BIND 205-101] Exploring resource sharing.
INFO: [BIND 205-101] Binding ...
INFO: [BIND 205-100] Finished micro-architecture generation.
INFO: [HLS 200-111] Finished Binding: CPU user time: 0.08 seconds. CPU system time: 0.01 seconds. Elapsed time: 0.09 seconds; current allocated memory: 991.312 MB.
INFO: [HLS 200-10] ----------------------------------------------------------------
INFO: [HLS 200-42] -- Implementing module 'pe_50' 
INFO: [HLS 200-10] ----------------------------------------------------------------
INFO: [SCHED 204-11] Starting scheduling ...
INFO: [HLS 200-486] Changing DSP latency (root=acc_51) to 3 in order to utilize available DSP registers.
INFO: [SCHED 204-61] Pipelining loop 'VITIS_LOOP_26_1'.
WARNING: [HLS 200-880] The II Violation in module 'pe_50' (loop 'VITIS_LOOP_26_1'): Unable to enforce a carried dependence constraint (II = 1, distance = 1, offset = 1) between fifo write operation ('d_e_43_write_ln48', design.cpp:48) on port 'd_e_43' (design.cpp:48) and fifo request operation ('tmp_8', design.cpp:46) on port 'd_e_43' (design.cpp:46).
Resolution: For help on HLS 200-880 see docs.xilinx.com/access/sources/dita/topic?Doc_Version=2023.2%20English&url=ug1448-hls-guidance&resourceid=200-880.html
WARNING: [HLS 200-1842] Loop 'VITIS_LOOP_26_1' cannot be implemented as Flushable Pipeline because it has more than one exit branch. Changing pipeline style specification to 'style=stp'.
INFO: [HLS 200-1470] Pipelining result : Target II = 1, Final II = 2, Depth = 4, loop 'VITIS_LOOP_26_1'
INFO: [SCHED 204-11] Finished scheduling.
INFO: [HLS 200-111] Finished Scheduling: CPU user time: 0.17 seconds. CPU system time: 0.01 seconds. Elapsed time: 0.18 seconds; current allocated memory: 991.711 MB.
INFO: [BIND 205-100] Starting micro-architecture generation ...
INFO: [BIND 205-101] Performing variable lifetime analysis.
INFO: [BIND 205-101] Exploring resource sharing.
INFO: [BIND 205-101] Binding ...
INFO: [BIND 205-100] Finished micro-architecture generation.
INFO: [HLS 200-111] Finished Binding: CPU user time: 0.08 seconds. CPU system time: 0.01 seconds. Elapsed time: 0.09 seconds; current allocated memory: 992.105 MB.
INFO: [HLS 200-10] ----------------------------------------------------------------
INFO: [HLS 200-42] -- Implementing module 'pe_51' 
INFO: [HLS 200-10] ----------------------------------------------------------------
INFO: [SCHED 204-11] Starting scheduling ...
INFO: [HLS 200-486] Changing DSP latency (root=acc_48) to 3 in order to utilize available DSP registers.
INFO: [SCHED 204-61] Pipelining loop 'VITIS_LOOP_26_1'.
WARNING: [HLS 200-880] The II Violation in module 'pe_51' (loop 'VITIS_LOOP_26_1'): Unable to enforce a carried dependence constraint (II = 1, distance = 1, offset = 1) between fifo write operation ('d_e_44_write_ln48', design.cpp:48) on port 'd_e_44' (design.cpp:48) and fifo request operation ('tmp_4', design.cpp:46) on port 'd_e_44' (design.cpp:46).
Resolution: For help on HLS 200-880 see docs.xilinx.com/access/sources/dita/topic?Doc_Version=2023.2%20English&url=ug1448-hls-guidance&resourceid=200-880.html
WARNING: [HLS 200-1842] Loop 'VITIS_LOOP_26_1' cannot be implemented as Flushable Pipeline because it has more than one exit branch. Changing pipeline style specification to 'style=stp'.
INFO: [HLS 200-1470] Pipelining result : Target II = 1, Final II = 2, Depth = 4, loop 'VITIS_LOOP_26_1'
INFO: [SCHED 204-11] Finished scheduling.
INFO: [HLS 200-111] Finished Scheduling: CPU user time: 0.18 seconds. CPU system time: 0.01 seconds. Elapsed time: 0.19 seconds; current allocated memory: 992.656 MB.
INFO: [BIND 205-100] Starting micro-architecture generation ...
INFO: [BIND 205-101] Performing variable lifetime analysis.
INFO: [BIND 205-101] Exploring resource sharing.
INFO: [BIND 205-101] Binding ...
INFO: [BIND 205-100] Finished micro-architecture generation.
INFO: [HLS 200-111] Finished Binding: CPU user time: 0.09 seconds. CPU system time: 0 seconds. Elapsed time: 0.1 seconds; current allocated memory: 992.656 MB.
INFO: [HLS 200-10] ----------------------------------------------------------------
INFO: [HLS 200-42] -- Implementing module 'pe_52' 
INFO: [HLS 200-10] ----------------------------------------------------------------
INFO: [SCHED 204-11] Starting scheduling ...
INFO: [HLS 200-486] Changing DSP latency (root=acc_45) to 3 in order to utilize available DSP registers.
INFO: [SCHED 204-61] Pipelining loop 'VITIS_LOOP_26_1'.
WARNING: [HLS 200-880] The II Violation in module 'pe_52' (loop 'VITIS_LOOP_26_1'): Unable to enforce a carried dependence constraint (II = 1, distance = 1, offset = 1) between fifo write operation ('d_e_45_write_ln48', design.cpp:48) on port 'd_e_45' (design.cpp:48) and fifo request operation ('tmp_1', design.cpp:46) on port 'd_e_45' (design.cpp:46).
Resolution: For help on HLS 200-880 see docs.xilinx.com/access/sources/dita/topic?Doc_Version=2023.2%20English&url=ug1448-hls-guidance&resourceid=200-880.html
WARNING: [HLS 200-1842] Loop 'VITIS_LOOP_26_1' cannot be implemented as Flushable Pipeline because it has more than one exit branch. Changing pipeline style specification to 'style=stp'.
INFO: [HLS 200-1470] Pipelining result : Target II = 1, Final II = 2, Depth = 4, loop 'VITIS_LOOP_26_1'
INFO: [SCHED 204-11] Finished scheduling.
INFO: [HLS 200-111] Finished Scheduling: CPU user time: 0.19 seconds. CPU system time: 0 seconds. Elapsed time: 0.19 seconds; current allocated memory: 992.961 MB.
INFO: [BIND 205-100] Starting micro-architecture generation ...
INFO: [BIND 205-101] Performing variable lifetime analysis.
INFO: [BIND 205-101] Exploring resource sharing.
INFO: [BIND 205-101] Binding ...
INFO: [BIND 205-100] Finished micro-architecture generation.
INFO: [HLS 200-111] Finished Binding: CPU user time: 0.09 seconds. CPU system time: 0.01 seconds. Elapsed time: 0.09 seconds; current allocated memory: 993.355 MB.
INFO: [HLS 200-10] ----------------------------------------------------------------
INFO: [HLS 200-42] -- Implementing module 'pe_53' 
INFO: [HLS 200-10] ----------------------------------------------------------------
INFO: [SCHED 204-11] Starting scheduling ...
INFO: [HLS 200-486] Changing DSP latency (root=acc_42) to 3 in order to utilize available DSP registers.
INFO: [SCHED 204-61] Pipelining loop 'VITIS_LOOP_26_1'.
WARNING: [HLS 200-880] The II Violation in module 'pe_53' (loop 'VITIS_LOOP_26_1'): Unable to enforce a carried dependence constraint (II = 1, distance = 1, offset = 1) between fifo write operation ('d_e_46_write_ln48', design.cpp:48) on port 'd_e_46' (design.cpp:48) and fifo request operation ('tmp_6', design.cpp:46) on port 'd_e_46' (design.cpp:46).
Resolution: For help on HLS 200-880 see docs.xilinx.com/access/sources/dita/topic?Doc_Version=2023.2%20English&url=ug1448-hls-guidance&resourceid=200-880.html
WARNING: [HLS 200-1842] Loop 'VITIS_LOOP_26_1' cannot be implemented as Flushable Pipeline because it has more than one exit branch. Changing pipeline style specification to 'style=stp'.
INFO: [HLS 200-1470] Pipelining result : Target II = 1, Final II = 2, Depth = 4, loop 'VITIS_LOOP_26_1'
INFO: [SCHED 204-11] Finished scheduling.
INFO: [HLS 200-111] Finished Scheduling: CPU user time: 0.18 seconds. CPU system time: 0.01 seconds. Elapsed time: 0.19 seconds; current allocated memory: 993.902 MB.
INFO: [BIND 205-100] Starting micro-architecture generation ...
INFO: [BIND 205-101] Performing variable lifetime analysis.
INFO: [BIND 205-101] Exploring resource sharing.
INFO: [BIND 205-101] Binding ...
INFO: [BIND 205-100] Finished micro-architecture generation.
INFO: [HLS 200-111] Finished Binding: CPU user time: 0.09 seconds. CPU system time: 0.01 seconds. Elapsed time: 0.09 seconds; current allocated memory: 993.902 MB.
INFO: [HLS 200-10] ----------------------------------------------------------------
INFO: [HLS 200-42] -- Implementing module 'pe_54' 
INFO: [HLS 200-10] ----------------------------------------------------------------
INFO: [SCHED 204-11] Starting scheduling ...
INFO: [HLS 200-486] Changing DSP latency (root=acc_39) to 3 in order to utilize available DSP registers.
INFO: [SCHED 204-61] Pipelining loop 'VITIS_LOOP_26_1'.
WARNING: [HLS 200-880] The II Violation in module 'pe_54' (loop 'VITIS_LOOP_26_1'): Unable to enforce a carried dependence constraint (II = 1, distance = 1, offset = 1) between fifo write operation ('d_e_47_write_ln48', design.cpp:48) on port 'd_e_47' (design.cpp:48) and fifo request operation ('tmp_2', design.cpp:46) on port 'd_e_47' (design.cpp:46).
Resolution: For help on HLS 200-880 see docs.xilinx.com/access/sources/dita/topic?Doc_Version=2023.2%20English&url=ug1448-hls-guidance&resourceid=200-880.html
WARNING: [HLS 200-1842] Loop 'VITIS_LOOP_26_1' cannot be implemented as Flushable Pipeline because it has more than one exit branch. Changing pipeline style specification to 'style=stp'.
INFO: [HLS 200-1470] Pipelining result : Target II = 1, Final II = 2, Depth = 4, loop 'VITIS_LOOP_26_1'
INFO: [SCHED 204-11] Finished scheduling.
INFO: [HLS 200-111] Finished Scheduling: CPU user time: 0.18 seconds. CPU system time: 0.01 seconds. Elapsed time: 0.18 seconds; current allocated memory: 994.395 MB.
INFO: [BIND 205-100] Starting micro-architecture generation ...
INFO: [BIND 205-101] Performing variable lifetime analysis.
INFO: [BIND 205-101] Exploring resource sharing.
INFO: [BIND 205-101] Binding ...
INFO: [BIND 205-100] Finished micro-architecture generation.
INFO: [HLS 200-111] Finished Binding: CPU user time: 0.09 seconds. CPU system time: 0 seconds. Elapsed time: 0.09 seconds; current allocated memory: 994.395 MB.
INFO: [HLS 200-10] ----------------------------------------------------------------
INFO: [HLS 200-42] -- Implementing module 'pe_55' 
INFO: [HLS 200-10] ----------------------------------------------------------------
INFO: [SCHED 204-11] Starting scheduling ...
INFO: [HLS 200-486] Changing DSP latency (root=acc_36) to 3 in order to utilize available DSP registers.
INFO: [SCHED 204-61] Pipelining loop 'VITIS_LOOP_26_1'.
WARNING: [HLS 200-880] The II Violation in module 'pe_55' (loop 'VITIS_LOOP_26_1'): Unable to enforce a carried dependence constraint (II = 1, distance = 1, offset = 1) between fifo write operation ('d_e_48_write_ln48', design.cpp:48) on port 'd_e_48' (design.cpp:48) and fifo request operation ('tmp_7', design.cpp:46) on port 'd_e_48' (design.cpp:46).
Resolution: For help on HLS 200-880 see docs.xilinx.com/access/sources/dita/topic?Doc_Version=2023.2%20English&url=ug1448-hls-guidance&resourceid=200-880.html
WARNING: [HLS 200-1842] Loop 'VITIS_LOOP_26_1' cannot be implemented as Flushable Pipeline because it has more than one exit branch. Changing pipeline style specification to 'style=stp'.
INFO: [HLS 200-1470] Pipelining result : Target II = 1, Final II = 2, Depth = 4, loop 'VITIS_LOOP_26_1'
INFO: [SCHED 204-11] Finished scheduling.
INFO: [HLS 200-111] Finished Scheduling: CPU user time: 0.18 seconds. CPU system time: 0.01 seconds. Elapsed time: 0.19 seconds; current allocated memory: 995.000 MB.
INFO: [BIND 205-100] Starting micro-architecture generation ...
INFO: [BIND 205-101] Performing variable lifetime analysis.
INFO: [BIND 205-101] Exploring resource sharing.
INFO: [BIND 205-101] Binding ...
INFO: [BIND 205-100] Finished micro-architecture generation.
INFO: [HLS 200-111] Finished Binding: CPU user time: 0.09 seconds. CPU system time: 0 seconds. Elapsed time: 0.09 seconds; current allocated memory: 995.000 MB.
INFO: [HLS 200-10] ----------------------------------------------------------------
INFO: [HLS 200-42] -- Implementing module 'pe_56' 
INFO: [HLS 200-10] ----------------------------------------------------------------
INFO: [SCHED 204-11] Starting scheduling ...
INFO: [HLS 200-486] Changing DSP latency (root=acc_33) to 3 in order to utilize available DSP registers.
INFO: [SCHED 204-61] Pipelining loop 'VITIS_LOOP_26_1'.
WARNING: [HLS 200-880] The II Violation in module 'pe_56' (loop 'VITIS_LOOP_26_1'): Unable to enforce a carried dependence constraint (II = 1, distance = 1, offset = 1) between fifo write operation ('c_out_6_write_ln48', design.cpp:48) on port 'c_out_6' (design.cpp:48) and fifo request operation ('tmp_3', design.cpp:46) on port 'c_out_6' (design.cpp:46).
Resolution: For help on HLS 200-880 see docs.xilinx.com/access/sources/dita/topic?Doc_Version=2023.2%20English&url=ug1448-hls-guidance&resourceid=200-880.html
WARNING: [HLS 200-1842] Loop 'VITIS_LOOP_26_1' cannot be implemented as Flushable Pipeline because it has more than one exit branch. Changing pipeline style specification to 'style=stp'.
INFO: [HLS 200-1470] Pipelining result : Target II = 1, Final II = 2, Depth = 4, loop 'VITIS_LOOP_26_1'
INFO: [SCHED 204-11] Finished scheduling.
INFO: [HLS 200-111] Finished Scheduling: CPU user time: 0.18 seconds. CPU system time: 0.01 seconds. Elapsed time: 0.2 seconds; current allocated memory: 995.766 MB.
INFO: [BIND 205-100] Starting micro-architecture generation ...
INFO: [BIND 205-101] Performing variable lifetime analysis.
INFO: [BIND 205-101] Exploring resource sharing.
INFO: [BIND 205-101] Binding ...
INFO: [BIND 205-100] Finished micro-architecture generation.
INFO: [HLS 200-111] Finished Binding: CPU user time: 0.09 seconds. CPU system time: 0 seconds. Elapsed time: 0.09 seconds; current allocated memory: 995.766 MB.
INFO: [HLS 200-10] ----------------------------------------------------------------
INFO: [HLS 200-42] -- Implementing module 'pe_57' 
INFO: [HLS 200-10] ----------------------------------------------------------------
INFO: [SCHED 204-11] Starting scheduling ...
INFO: [HLS 200-486] Changing DSP latency (root=acc_31) to 3 in order to utilize available DSP registers.
INFO: [SCHED 204-61] Pipelining loop 'VITIS_LOOP_26_1'.
WARNING: [HLS 200-880] The II Violation in module 'pe_57' (loop 'VITIS_LOOP_26_1'): Unable to enforce a carried dependence constraint (II = 1, distance = 1, offset = 1) between fifo write operation ('d_e_49_write_ln48', design.cpp:48) on port 'd_e_49' (design.cpp:48) and fifo request operation ('tmp_8', design.cpp:46) on port 'd_e_49' (design.cpp:46).
Resolution: For help on HLS 200-880 see docs.xilinx.com/access/sources/dita/topic?Doc_Version=2023.2%20English&url=ug1448-hls-guidance&resourceid=200-880.html
WARNING: [HLS 200-1842] Loop 'VITIS_LOOP_26_1' cannot be implemented as Flushable Pipeline because it has more than one exit branch. Changing pipeline style specification to 'style=stp'.
INFO: [HLS 200-1470] Pipelining result : Target II = 1, Final II = 2, Depth = 4, loop 'VITIS_LOOP_26_1'
INFO: [SCHED 204-11] Finished scheduling.
INFO: [HLS 200-111] Finished Scheduling: CPU user time: 0.18 seconds. CPU system time: 0.01 seconds. Elapsed time: 0.18 seconds; current allocated memory: 996.113 MB.
INFO: [BIND 205-100] Starting micro-architecture generation ...
INFO: [BIND 205-101] Performing variable lifetime analysis.
INFO: [BIND 205-101] Exploring resource sharing.
INFO: [BIND 205-101] Binding ...
INFO: [BIND 205-100] Finished micro-architecture generation.
INFO: [HLS 200-111] Finished Binding: CPU user time: 0.09 seconds. CPU system time: 0.01 seconds. Elapsed time: 0.09 seconds; current allocated memory: 996.113 MB.
INFO: [HLS 200-10] ----------------------------------------------------------------
INFO: [HLS 200-42] -- Implementing module 'pe_58' 
INFO: [HLS 200-10] ----------------------------------------------------------------
INFO: [SCHED 204-11] Starting scheduling ...
INFO: [HLS 200-486] Changing DSP latency (root=acc_29) to 3 in order to utilize available DSP registers.
INFO: [SCHED 204-61] Pipelining loop 'VITIS_LOOP_26_1'.
WARNING: [HLS 200-880] The II Violation in module 'pe_58' (loop 'VITIS_LOOP_26_1'): Unable to enforce a carried dependence constraint (II = 1, distance = 1, offset = 1) between fifo write operation ('d_e_50_write_ln48', design.cpp:48) on port 'd_e_50' (design.cpp:48) and fifo request operation ('tmp_7', design.cpp:46) on port 'd_e_50' (design.cpp:46).
Resolution: For help on HLS 200-880 see docs.xilinx.com/access/sources/dita/topic?Doc_Version=2023.2%20English&url=ug1448-hls-guidance&resourceid=200-880.html
WARNING: [HLS 200-1842] Loop 'VITIS_LOOP_26_1' cannot be implemented as Flushable Pipeline because it has more than one exit branch. Changing pipeline style specification to 'style=stp'.
INFO: [HLS 200-1470] Pipelining result : Target II = 1, Final II = 2, Depth = 4, loop 'VITIS_LOOP_26_1'
INFO: [SCHED 204-11] Finished scheduling.
INFO: [HLS 200-111] Finished Scheduling: CPU user time: 0.17 seconds. CPU system time: 0.01 seconds. Elapsed time: 0.19 seconds; current allocated memory: 996.703 MB.
INFO: [BIND 205-100] Starting micro-architecture generation ...
INFO: [BIND 205-101] Performing variable lifetime analysis.
INFO: [BIND 205-101] Exploring resource sharing.
INFO: [BIND 205-101] Binding ...
INFO: [BIND 205-100] Finished micro-architecture generation.
INFO: [HLS 200-111] Finished Binding: CPU user time: 0.09 seconds. CPU system time: 0.01 seconds. Elapsed time: 0.1 seconds; current allocated memory: 996.703 MB.
INFO: [HLS 200-10] ----------------------------------------------------------------
INFO: [HLS 200-42] -- Implementing module 'pe_59' 
INFO: [HLS 200-10] ----------------------------------------------------------------
INFO: [SCHED 204-11] Starting scheduling ...
INFO: [HLS 200-486] Changing DSP latency (root=acc_26) to 3 in order to utilize available DSP registers.
INFO: [SCHED 204-61] Pipelining loop 'VITIS_LOOP_26_1'.
WARNING: [HLS 200-880] The II Violation in module 'pe_59' (loop 'VITIS_LOOP_26_1'): Unable to enforce a carried dependence constraint (II = 1, distance = 1, offset = 1) between fifo write operation ('d_e_51_write_ln48', design.cpp:48) on port 'd_e_51' (design.cpp:48) and fifo request operation ('tmp_4', design.cpp:46) on port 'd_e_51' (design.cpp:46).
Resolution: For help on HLS 200-880 see docs.xilinx.com/access/sources/dita/topic?Doc_Version=2023.2%20English&url=ug1448-hls-guidance&resourceid=200-880.html
WARNING: [HLS 200-1842] Loop 'VITIS_LOOP_26_1' cannot be implemented as Flushable Pipeline because it has more than one exit branch. Changing pipeline style specification to 'style=stp'.
INFO: [HLS 200-1470] Pipelining result : Target II = 1, Final II = 2, Depth = 4, loop 'VITIS_LOOP_26_1'
INFO: [SCHED 204-11] Finished scheduling.
INFO: [HLS 200-111] Finished Scheduling: CPU user time: 0.18 seconds. CPU system time: 0.01 seconds. Elapsed time: 0.2 seconds; current allocated memory: 997.285 MB.
INFO: [BIND 205-100] Starting micro-architecture generation ...
INFO: [BIND 205-101] Performing variable lifetime analysis.
INFO: [BIND 205-101] Exploring resource sharing.
INFO: [BIND 205-101] Binding ...
INFO: [BIND 205-100] Finished micro-architecture generation.
INFO: [HLS 200-111] Finished Binding: CPU user time: 0.09 seconds. CPU system time: 0 seconds. Elapsed time: 0.1 seconds; current allocated memory: 997.285 MB.
INFO: [HLS 200-10] ----------------------------------------------------------------
INFO: [HLS 200-42] -- Implementing module 'pe_60' 
INFO: [HLS 200-10] ----------------------------------------------------------------
INFO: [SCHED 204-11] Starting scheduling ...
INFO: [HLS 200-486] Changing DSP latency (root=acc_20) to 3 in order to utilize available DSP registers.
INFO: [SCHED 204-61] Pipelining loop 'VITIS_LOOP_26_1'.
WARNING: [HLS 200-880] The II Violation in module 'pe_60' (loop 'VITIS_LOOP_26_1'): Unable to enforce a carried dependence constraint (II = 1, distance = 1, offset = 1) between fifo write operation ('d_e_52_write_ln48', design.cpp:48) on port 'd_e_52' (design.cpp:48) and fifo request operation ('tmp_6', design.cpp:46) on port 'd_e_52' (design.cpp:46).
Resolution: For help on HLS 200-880 see docs.xilinx.com/access/sources/dita/topic?Doc_Version=2023.2%20English&url=ug1448-hls-guidance&resourceid=200-880.html
WARNING: [HLS 200-1842] Loop 'VITIS_LOOP_26_1' cannot be implemented as Flushable Pipeline because it has more than one exit branch. Changing pipeline style specification to 'style=stp'.
INFO: [HLS 200-1470] Pipelining result : Target II = 1, Final II = 2, Depth = 4, loop 'VITIS_LOOP_26_1'
INFO: [SCHED 204-11] Finished scheduling.
INFO: [HLS 200-111] Finished Scheduling: CPU user time: 0.18 seconds. CPU system time: 0.01 seconds. Elapsed time: 0.2 seconds; current allocated memory: 997.898 MB.
INFO: [BIND 205-100] Starting micro-architecture generation ...
INFO: [BIND 205-101] Performing variable lifetime analysis.
INFO: [BIND 205-101] Exploring resource sharing.
INFO: [BIND 205-101] Binding ...
INFO: [BIND 205-100] Finished micro-architecture generation.
INFO: [HLS 200-111] Finished Binding: CPU user time: 0.1 seconds. CPU system time: 0 seconds. Elapsed time: 0.1 seconds; current allocated memory: 997.898 MB.
INFO: [HLS 200-10] ----------------------------------------------------------------
INFO: [HLS 200-42] -- Implementing module 'pe_61' 
INFO: [HLS 200-10] ----------------------------------------------------------------
INFO: [SCHED 204-11] Starting scheduling ...
INFO: [HLS 200-486] Changing DSP latency (root=acc_17) to 3 in order to utilize available DSP registers.
INFO: [SCHED 204-61] Pipelining loop 'VITIS_LOOP_26_1'.
WARNING: [HLS 200-880] The II Violation in module 'pe_61' (loop 'VITIS_LOOP_26_1'): Unable to enforce a carried dependence constraint (II = 1, distance = 1, offset = 1) between fifo write operation ('d_e_53_write_ln48', design.cpp:48) on port 'd_e_53' (design.cpp:48) and fifo request operation ('tmp_3', design.cpp:46) on port 'd_e_53' (design.cpp:46).
Resolution: For help on HLS 200-880 see docs.xilinx.com/access/sources/dita/topic?Doc_Version=2023.2%20English&url=ug1448-hls-guidance&resourceid=200-880.html
WARNING: [HLS 200-1842] Loop 'VITIS_LOOP_26_1' cannot be implemented as Flushable Pipeline because it has more than one exit branch. Changing pipeline style specification to 'style=stp'.
INFO: [HLS 200-1470] Pipelining result : Target II = 1, Final II = 2, Depth = 4, loop 'VITIS_LOOP_26_1'
INFO: [SCHED 204-11] Finished scheduling.
INFO: [HLS 200-111] Finished Scheduling: CPU user time: 0.18 seconds. CPU system time: 0.01 seconds. Elapsed time: 0.19 seconds; current allocated memory: 998.453 MB.
INFO: [BIND 205-100] Starting micro-architecture generation ...
INFO: [BIND 205-101] Performing variable lifetime analysis.
INFO: [BIND 205-101] Exploring resource sharing.
INFO: [BIND 205-101] Binding ...
INFO: [BIND 205-100] Finished micro-architecture generation.
INFO: [HLS 200-111] Finished Binding: CPU user time: 0.09 seconds. CPU system time: 0.01 seconds. Elapsed time: 0.1 seconds; current allocated memory: 998.453 MB.
INFO: [HLS 200-10] ----------------------------------------------------------------
INFO: [HLS 200-42] -- Implementing module 'pe_62' 
INFO: [HLS 200-10] ----------------------------------------------------------------
INFO: [SCHED 204-11] Starting scheduling ...
INFO: [HLS 200-486] Changing DSP latency (root=acc_14) to 3 in order to utilize available DSP registers.
INFO: [SCHED 204-61] Pipelining loop 'VITIS_LOOP_26_1'.
WARNING: [HLS 200-880] The II Violation in module 'pe_62' (loop 'VITIS_LOOP_26_1'): Unable to enforce a carried dependence constraint (II = 1, distance = 1, offset = 1) between fifo write operation ('d_e_54_write_ln48', design.cpp:48) on port 'd_e_54' (design.cpp:48) and fifo request operation ('tmp_9', design.cpp:46) on port 'd_e_54' (design.cpp:46).
Resolution: For help on HLS 200-880 see docs.xilinx.com/access/sources/dita/topic?Doc_Version=2023.2%20English&url=ug1448-hls-guidance&resourceid=200-880.html
WARNING: [HLS 200-1842] Loop 'VITIS_LOOP_26_1' cannot be implemented as Flushable Pipeline because it has more than one exit branch. Changing pipeline style specification to 'style=stp'.
INFO: [HLS 200-1470] Pipelining result : Target II = 1, Final II = 2, Depth = 4, loop 'VITIS_LOOP_26_1'
INFO: [SCHED 204-11] Finished scheduling.
INFO: [HLS 200-111] Finished Scheduling: CPU user time: 0.18 seconds. CPU system time: 0.01 seconds. Elapsed time: 0.2 seconds; current allocated memory: 999.027 MB.
INFO: [BIND 205-100] Starting micro-architecture generation ...
INFO: [BIND 205-101] Performing variable lifetime analysis.
INFO: [BIND 205-101] Exploring resource sharing.
INFO: [BIND 205-101] Binding ...
INFO: [BIND 205-100] Finished micro-architecture generation.
INFO: [HLS 200-111] Finished Binding: CPU user time: 0.09 seconds. CPU system time: 0 seconds. Elapsed time: 0.1 seconds; current allocated memory: 999.027 MB.
INFO: [HLS 200-10] ----------------------------------------------------------------
INFO: [HLS 200-42] -- Implementing module 'pe_63' 
INFO: [HLS 200-10] ----------------------------------------------------------------
INFO: [SCHED 204-11] Starting scheduling ...
INFO: [HLS 200-486] Changing DSP latency (root=acc_11) to 3 in order to utilize available DSP registers.
INFO: [SCHED 204-61] Pipelining loop 'VITIS_LOOP_26_1'.
WARNING: [HLS 200-880] The II Violation in module 'pe_63' (loop 'VITIS_LOOP_26_1'): Unable to enforce a carried dependence constraint (II = 1, distance = 1, offset = 1) between fifo write operation ('d_e_55_write_ln48', design.cpp:48) on port 'd_e_55' (design.cpp:48) and fifo request operation ('tmp_6', design.cpp:46) on port 'd_e_55' (design.cpp:46).
Resolution: For help on HLS 200-880 see docs.xilinx.com/access/sources/dita/topic?Doc_Version=2023.2%20English&url=ug1448-hls-guidance&resourceid=200-880.html
WARNING: [HLS 200-1842] Loop 'VITIS_LOOP_26_1' cannot be implemented as Flushable Pipeline because it has more than one exit branch. Changing pipeline style specification to 'style=stp'.
INFO: [HLS 200-1470] Pipelining result : Target II = 1, Final II = 2, Depth = 4, loop 'VITIS_LOOP_26_1'
INFO: [SCHED 204-11] Finished scheduling.
INFO: [HLS 200-111] Finished Scheduling: CPU user time: 0.18 seconds. CPU system time: 0.01 seconds. Elapsed time: 0.19 seconds; current allocated memory: 999.621 MB.
INFO: [BIND 205-100] Starting micro-architecture generation ...
INFO: [BIND 205-101] Performing variable lifetime analysis.
INFO: [BIND 205-101] Exploring resource sharing.
INFO: [BIND 205-101] Binding ...
INFO: [BIND 205-100] Finished micro-architecture generation.
INFO: [HLS 200-111] Finished Binding: CPU user time: 0.09 seconds. CPU system time: 0 seconds. Elapsed time: 0.1 seconds; current allocated memory: 999.621 MB.
INFO: [HLS 200-10] ----------------------------------------------------------------
INFO: [HLS 200-42] -- Implementing module 'pe' 
INFO: [HLS 200-10] ----------------------------------------------------------------
INFO: [SCHED 204-11] Starting scheduling ...
INFO: [HLS 200-486] Changing DSP latency (root=acc_177) to 3 in order to utilize available DSP registers.
INFO: [SCHED 204-61] Pipelining loop 'VITIS_LOOP_26_1'.
WARNING: [HLS 200-880] The II Violation in module 'pe' (loop 'VITIS_LOOP_26_1'): Unable to enforce a carried dependence constraint (II = 1, distance = 1, offset = 1) between fifo write operation ('c_out_7_write_ln48', design.cpp:48) on port 'c_out_7' (design.cpp:48) and fifo request operation ('tmp_180', design.cpp:46) on port 'c_out_7' (design.cpp:46).
Resolution: For help on HLS 200-880 see docs.xilinx.com/access/sources/dita/topic?Doc_Version=2023.2%20English&url=ug1448-hls-guidance&resourceid=200-880.html
WARNING: [HLS 200-1842] Loop 'VITIS_LOOP_26_1' cannot be implemented as Flushable Pipeline because it has more than one exit branch. Changing pipeline style specification to 'style=stp'.
INFO: [HLS 200-1470] Pipelining result : Target II = 1, Final II = 2, Depth = 4, loop 'VITIS_LOOP_26_1'
INFO: [SCHED 204-11] Finished scheduling.
INFO: [HLS 200-111] Finished Scheduling: CPU user time: 0.18 seconds. CPU system time: 0.01 seconds. Elapsed time: 0.2 seconds; current allocated memory: 1000.152 MB.
INFO: [BIND 205-100] Starting micro-architecture generation ...
INFO: [BIND 205-101] Performing variable lifetime analysis.
INFO: [BIND 205-101] Exploring resource sharing.
INFO: [BIND 205-101] Binding ...
INFO: [BIND 205-100] Finished micro-architecture generation.
INFO: [HLS 200-111] Finished Binding: CPU user time: 0.09 seconds. CPU system time: 0.01 seconds. Elapsed time: 0.1 seconds; current allocated memory: 1000.152 MB.
INFO: [HLS 200-10] ----------------------------------------------------------------
INFO: [HLS 200-42] -- Implementing module 'gemm_tile' 
INFO: [HLS 200-10] ----------------------------------------------------------------
INFO: [SCHED 204-11] Starting scheduling ...
INFO: [SCHED 204-11] Finished scheduling.
INFO: [HLS 200-111] Finished Scheduling: CPU user time: 0.3 seconds. CPU system time: 0.01 seconds. Elapsed time: 0.3 seconds; current allocated memory: 1003.324 MB.
INFO: [BIND 205-100] Starting micro-architecture generation ...
INFO: [BIND 205-101] Performing variable lifetime analysis.
INFO: [BIND 205-101] Exploring resource sharing.
INFO: [BIND 205-101] Binding ...
INFO: [BIND 205-100] Finished micro-architecture generation.
INFO: [HLS 200-111] Finished Binding: CPU user time: 0.15 seconds. CPU system time: 0.01 seconds. Elapsed time: 0.16 seconds; current allocated memory: 1004.898 MB.
INFO: [HLS 200-10] ----------------------------------------------------------------
INFO: [HLS 200-10] -- Generating RTL for module 'pe_1' 
INFO: [HLS 200-10] ----------------------------------------------------------------
INFO: [RTGEN 206-100] Generating core module 'mac_muladd_8s_8s_32s_32_4_1': 1 instance(s).
INFO: [RTGEN 206-100] Finished creating RTL model for 'pe_1'.
INFO: [HLS 200-111] Finished Creating RTL model: CPU user time: 0.21 seconds. CPU system time: 0.02 seconds. Elapsed time: 0.23 seconds; current allocated memory: 1005.633 MB.
INFO: [HLS 200-10] ----------------------------------------------------------------
INFO: [HLS 200-10] -- Generating RTL for module 'pe_2' 
INFO: [HLS 200-10] ----------------------------------------------------------------
INFO: [RTGEN 206-100] Generating core module 'mac_muladd_8s_8s_32s_32_4_1': 1 instance(s).
INFO: [RTGEN 206-100] Finished creating RTL model for 'pe_2'.
INFO: [HLS 200-111] Finished Creating RTL model: CPU user time: 0.14 seconds. CPU system time: 0.01 seconds. Elapsed time: 0.15 seconds; current allocated memory: 1007.172 MB.
INFO: [HLS 200-10] ----------------------------------------------------------------
INFO: [HLS 200-10] -- Generating RTL for module 'pe_3' 
INFO: [HLS 200-10] ----------------------------------------------------------------
INFO: [RTGEN 206-100] Generating core module 'mac_muladd_8s_8s_32s_32_4_1': 1 instance(s).
INFO: [RTGEN 206-100] Finished creating RTL model for 'pe_3'.
INFO: [HLS 200-111] Finished Creating RTL model: CPU user time: 0.14 seconds. CPU system time: 0.02 seconds. Elapsed time: 0.15 seconds; current allocated memory: 1008.852 MB.
INFO: [HLS 200-10] ----------------------------------------------------------------
INFO: [HLS 200-10] -- Generating RTL for module 'pe_4' 
INFO: [HLS 200-10] ----------------------------------------------------------------
INFO: [RTGEN 206-100] Generating core module 'mac_muladd_8s_8s_32s_32_4_1': 1 instance(s).
INFO: [RTGEN 206-100] Finished creating RTL model for 'pe_4'.
INFO: [HLS 200-111] Finished Creating RTL model: CPU user time: 0.14 seconds. CPU system time: 0 seconds. Elapsed time: 0.14 seconds; current allocated memory: 1010.574 MB.
INFO: [HLS 200-10] ----------------------------------------------------------------
INFO: [HLS 200-10] -- Generating RTL for module 'pe_5' 
INFO: [HLS 200-10] ----------------------------------------------------------------
INFO: [RTGEN 206-100] Generating core module 'mac_muladd_8s_8s_32s_32_4_1': 1 instance(s).
INFO: [RTGEN 206-100] Finished creating RTL model for 'pe_5'.
INFO: [HLS 200-111] Finished Creating RTL model: CPU user time: 0.13 seconds. CPU system time: 0.01 seconds. Elapsed time: 0.15 seconds; current allocated memory: 1012.262 MB.
INFO: [HLS 200-10] ----------------------------------------------------------------
INFO: [HLS 200-10] -- Generating RTL for module 'pe_6' 
INFO: [HLS 200-10] ----------------------------------------------------------------
INFO: [RTGEN 206-100] Generating core module 'mac_muladd_8s_8s_32s_32_4_1': 1 instance(s).
INFO: [RTGEN 206-100] Finished creating RTL model for 'pe_6'.
INFO: [HLS 200-111] Finished Creating RTL model: CPU user time: 0.13 seconds. CPU system time: 0.01 seconds. Elapsed time: 0.14 seconds; current allocated memory: 1013.957 MB.
INFO: [HLS 200-10] ----------------------------------------------------------------
INFO: [HLS 200-10] -- Generating RTL for module 'pe_7' 
INFO: [HLS 200-10] ----------------------------------------------------------------
INFO: [RTGEN 206-100] Generating core module 'mac_muladd_8s_8s_32s_32_4_1': 1 instance(s).
INFO: [RTGEN 206-100] Finished creating RTL model for 'pe_7'.
INFO: [HLS 200-111] Finished Creating RTL model: CPU user time: 0.14 seconds. CPU system time: 0 seconds. Elapsed time: 0.14 seconds; current allocated memory: 1015.652 MB.
INFO: [HLS 200-10] ----------------------------------------------------------------
INFO: [HLS 200-10] -- Generating RTL for module 'pe_8' 
INFO: [HLS 200-10] ----------------------------------------------------------------
INFO: [RTGEN 206-100] Generating core module 'mac_muladd_8s_8s_32s_32_4_1': 1 instance(s).
INFO: [RTGEN 206-100] Finished creating RTL model for 'pe_8'.
INFO: [HLS 200-111] Finished Creating RTL model: CPU user time: 0.14 seconds. CPU system time: 0.01 seconds. Elapsed time: 0.14 seconds; current allocated memory: 1017.258 MB.
INFO: [HLS 200-10] ----------------------------------------------------------------
INFO: [HLS 200-10] -- Generating RTL for module 'pe_9' 
INFO: [HLS 200-10] ----------------------------------------------------------------
INFO: [RTGEN 206-100] Generating core module 'mac_muladd_8s_8s_32s_32_4_1': 1 instance(s).
INFO: [RTGEN 206-100] Finished creating RTL model for 'pe_9'.
INFO: [HLS 200-111] Finished Creating RTL model: CPU user time: 0.13 seconds. CPU system time: 0.01 seconds. Elapsed time: 0.14 seconds; current allocated memory: 1018.828 MB.
INFO: [HLS 200-10] ----------------------------------------------------------------
INFO: [HLS 200-10] -- Generating RTL for module 'pe_10' 
INFO: [HLS 200-10] ----------------------------------------------------------------
INFO: [RTGEN 206-100] Generating core module 'mac_muladd_8s_8s_32s_32_4_1': 1 instance(s).
INFO: [RTGEN 206-100] Finished creating RTL model for 'pe_10'.
INFO: [HLS 200-111] Finished Creating RTL model: CPU user time: 0.13 seconds. CPU system time: 0 seconds. Elapsed time: 0.14 seconds; current allocated memory: 1020.336 MB.
INFO: [HLS 200-10] ----------------------------------------------------------------
INFO: [HLS 200-10] -- Generating RTL for module 'pe_11' 
INFO: [HLS 200-10] ----------------------------------------------------------------
INFO: [RTGEN 206-100] Generating core module 'mac_muladd_8s_8s_32s_32_4_1': 1 instance(s).
INFO: [RTGEN 206-100] Finished creating RTL model for 'pe_11'.
INFO: [HLS 200-111] Finished Creating RTL model: CPU user time: 0.14 seconds. CPU system time: 0.02 seconds. Elapsed time: 0.15 seconds; current allocated memory: 1022.020 MB.
INFO: [HLS 200-10] ----------------------------------------------------------------
INFO: [HLS 200-10] -- Generating RTL for module 'pe_12' 
INFO: [HLS 200-10] ----------------------------------------------------------------
INFO: [RTGEN 206-100] Generating core module 'mac_muladd_8s_8s_32s_32_4_1': 1 instance(s).
INFO: [RTGEN 206-100] Finished creating RTL model for 'pe_12'.
INFO: [HLS 200-111] Finished Creating RTL model: CPU user time: 0.14 seconds. CPU system time: 0.01 seconds. Elapsed time: 0.15 seconds; current allocated memory: 1023.777 MB.
INFO: [HLS 200-10] ----------------------------------------------------------------
INFO: [HLS 200-10] -- Generating RTL for module 'pe_13' 
INFO: [HLS 200-10] ----------------------------------------------------------------
INFO: [RTGEN 206-100] Generating core module 'mac_muladd_8s_8s_32s_32_4_1': 1 instance(s).
INFO: [RTGEN 206-100] Finished creating RTL model for 'pe_13'.
INFO: [HLS 200-111] Finished Creating RTL model: CPU user time: 0.13 seconds. CPU system time: 0.01 seconds. Elapsed time: 0.15 seconds; current allocated memory: 1.001 GB.
INFO: [HLS 200-10] ----------------------------------------------------------------
INFO: [HLS 200-10] -- Generating RTL for module 'pe_14' 
INFO: [HLS 200-10] ----------------------------------------------------------------
INFO: [RTGEN 206-100] Generating core module 'mac_muladd_8s_8s_32s_32_4_1': 1 instance(s).
INFO: [RTGEN 206-100] Finished creating RTL model for 'pe_14'.
INFO: [HLS 200-111] Finished Creating RTL model: CPU user time: 0.14 seconds. CPU system time: 0.01 seconds. Elapsed time: 0.15 seconds; current allocated memory: 1.003 GB.
INFO: [HLS 200-10] ----------------------------------------------------------------
INFO: [HLS 200-10] -- Generating RTL for module 'pe_15' 
INFO: [HLS 200-10] ----------------------------------------------------------------
INFO: [RTGEN 206-100] Generating core module 'mac_muladd_8s_8s_32s_32_4_1': 1 instance(s).
INFO: [RTGEN 206-100] Finished creating RTL model for 'pe_15'.
INFO: [HLS 200-111] Finished Creating RTL model: CPU user time: 0.14 seconds. CPU system time: 0.01 seconds. Elapsed time: 0.15 seconds; current allocated memory: 1.005 GB.
INFO: [HLS 200-10] ----------------------------------------------------------------
INFO: [HLS 200-10] -- Generating RTL for module 'pe_16' 
INFO: [HLS 200-10] ----------------------------------------------------------------
INFO: [RTGEN 206-100] Generating core module 'mac_muladd_8s_8s_32s_32_4_1': 1 instance(s).
INFO: [RTGEN 206-100] Finished creating RTL model for 'pe_16'.
INFO: [HLS 200-111] Finished Creating RTL model: CPU user time: 0.13 seconds. CPU system time: 0.01 seconds. Elapsed time: 0.15 seconds; current allocated memory: 1.006 GB.
INFO: [HLS 200-10] ----------------------------------------------------------------
INFO: [HLS 200-10] -- Generating RTL for module 'pe_17' 
INFO: [HLS 200-10] ----------------------------------------------------------------
INFO: [RTGEN 206-100] Generating core module 'mac_muladd_8s_8s_32s_32_4_1': 1 instance(s).
INFO: [RTGEN 206-100] Finished creating RTL model for 'pe_17'.
INFO: [HLS 200-111] Finished Creating RTL model: CPU user time: 0.13 seconds. CPU system time: 0.01 seconds. Elapsed time: 0.14 seconds; current allocated memory: 1.008 GB.
INFO: [HLS 200-10] ----------------------------------------------------------------
INFO: [HLS 200-10] -- Generating RTL for module 'pe_18' 
INFO: [HLS 200-10] ----------------------------------------------------------------
INFO: [RTGEN 206-100] Generating core module 'mac_muladd_8s_8s_32s_32_4_1': 1 instance(s).
INFO: [RTGEN 206-100] Finished creating RTL model for 'pe_18'.
INFO: [HLS 200-111] Finished Creating RTL model: CPU user time: 0.14 seconds. CPU system time: 0.01 seconds. Elapsed time: 0.14 seconds; current allocated memory: 1.009 GB.
INFO: [HLS 200-10] ----------------------------------------------------------------
INFO: [HLS 200-10] -- Generating RTL for module 'pe_19' 
INFO: [HLS 200-10] ----------------------------------------------------------------
INFO: [RTGEN 206-100] Generating core module 'mac_muladd_8s_8s_32s_32_4_1': 1 instance(s).
INFO: [RTGEN 206-100] Finished creating RTL model for 'pe_19'.
INFO: [HLS 200-111] Finished Creating RTL model: CPU user time: 0.14 seconds. CPU system time: 0.01 seconds. Elapsed time: 0.15 seconds; current allocated memory: 1.011 GB.
INFO: [HLS 200-10] ----------------------------------------------------------------
INFO: [HLS 200-10] -- Generating RTL for module 'pe_20' 
INFO: [HLS 200-10] ----------------------------------------------------------------
INFO: [RTGEN 206-100] Generating core module 'mac_muladd_8s_8s_32s_32_4_1': 1 instance(s).
INFO: [RTGEN 206-100] Finished creating RTL model for 'pe_20'.
INFO: [HLS 200-111] Finished Creating RTL model: CPU user time: 0.13 seconds. CPU system time: 0 seconds. Elapsed time: 0.15 seconds; current allocated memory: 1.013 GB.
INFO: [HLS 200-10] ----------------------------------------------------------------
INFO: [HLS 200-10] -- Generating RTL for module 'pe_21' 
INFO: [HLS 200-10] ----------------------------------------------------------------
INFO: [RTGEN 206-100] Generating core module 'mac_muladd_8s_8s_32s_32_4_1': 1 instance(s).
INFO: [RTGEN 206-100] Finished creating RTL model for 'pe_21'.
INFO: [HLS 200-111] Finished Creating RTL model: CPU user time: 0.14 seconds. CPU system time: 0.01 seconds. Elapsed time: 0.14 seconds; current allocated memory: 1.014 GB.
INFO: [HLS 200-10] ----------------------------------------------------------------
INFO: [HLS 200-10] -- Generating RTL for module 'pe_22' 
INFO: [HLS 200-10] ----------------------------------------------------------------
INFO: [RTGEN 206-100] Generating core module 'mac_muladd_8s_8s_32s_32_4_1': 1 instance(s).
INFO: [RTGEN 206-100] Finished creating RTL model for 'pe_22'.
INFO: [HLS 200-111] Finished Creating RTL model: CPU user time: 0.14 seconds. CPU system time: 0 seconds. Elapsed time: 0.15 seconds; current allocated memory: 1.016 GB.
INFO: [HLS 200-10] ----------------------------------------------------------------
INFO: [HLS 200-10] -- Generating RTL for module 'pe_23' 
INFO: [HLS 200-10] ----------------------------------------------------------------
INFO: [RTGEN 206-100] Generating core module 'mac_muladd_8s_8s_32s_32_4_1': 1 instance(s).
INFO: [RTGEN 206-100] Finished creating RTL model for 'pe_23'.
INFO: [HLS 200-111] Finished Creating RTL model: CPU user time: 0.14 seconds. CPU system time: 0 seconds. Elapsed time: 0.15 seconds; current allocated memory: 1.018 GB.
INFO: [HLS 200-10] ----------------------------------------------------------------
INFO: [HLS 200-10] -- Generating RTL for module 'pe_24' 
INFO: [HLS 200-10] ----------------------------------------------------------------
INFO: [RTGEN 206-100] Generating core module 'mac_muladd_8s_8s_32s_32_4_1': 1 instance(s).
INFO: [RTGEN 206-100] Finished creating RTL model for 'pe_24'.
INFO: [HLS 200-111] Finished Creating RTL model: CPU user time: 0.13 seconds. CPU system time: 0.02 seconds. Elapsed time: 0.15 seconds; current allocated memory: 1.019 GB.
INFO: [HLS 200-10] ----------------------------------------------------------------
INFO: [HLS 200-10] -- Generating RTL for module 'pe_25' 
INFO: [HLS 200-10] ----------------------------------------------------------------
INFO: [RTGEN 206-100] Generating core module 'mac_muladd_8s_8s_32s_32_4_1': 1 instance(s).
INFO: [RTGEN 206-100] Finished creating RTL model for 'pe_25'.
INFO: [HLS 200-111] Finished Creating RTL model: CPU user time: 0.13 seconds. CPU system time: 0.01 seconds. Elapsed time: 0.14 seconds; current allocated memory: 1.021 GB.
INFO: [HLS 200-10] ----------------------------------------------------------------
INFO: [HLS 200-10] -- Generating RTL for module 'pe_26' 
INFO: [HLS 200-10] ----------------------------------------------------------------
INFO: [RTGEN 206-100] Generating core module 'mac_muladd_8s_8s_32s_32_4_1': 1 instance(s).
INFO: [RTGEN 206-100] Finished creating RTL model for 'pe_26'.
INFO: [HLS 200-111] Finished Creating RTL model: CPU user time: 0.13 seconds. CPU system time: 0.01 seconds. Elapsed time: 0.14 seconds; current allocated memory: 1.022 GB.
INFO: [HLS 200-10] ----------------------------------------------------------------
INFO: [HLS 200-10] -- Generating RTL for module 'pe_27' 
INFO: [HLS 200-10] ----------------------------------------------------------------
INFO: [RTGEN 206-100] Generating core module 'mac_muladd_8s_8s_32s_32_4_1': 1 instance(s).
INFO: [RTGEN 206-100] Finished creating RTL model for 'pe_27'.
INFO: [HLS 200-111] Finished Creating RTL model: CPU user time: 0.14 seconds. CPU system time: 0.01 seconds. Elapsed time: 0.14 seconds; current allocated memory: 1.024 GB.
INFO: [HLS 200-10] ----------------------------------------------------------------
INFO: [HLS 200-10] -- Generating RTL for module 'pe_28' 
INFO: [HLS 200-10] ----------------------------------------------------------------
INFO: [RTGEN 206-100] Generating core module 'mac_muladd_8s_8s_32s_32_4_1': 1 instance(s).
INFO: [RTGEN 206-100] Finished creating RTL model for 'pe_28'.
INFO: [HLS 200-111] Finished Creating RTL model: CPU user time: 0.14 seconds. CPU system time: 0.01 seconds. Elapsed time: 0.15 seconds; current allocated memory: 1.026 GB.
INFO: [HLS 200-10] ----------------------------------------------------------------
INFO: [HLS 200-10] -- Generating RTL for module 'pe_29' 
INFO: [HLS 200-10] ----------------------------------------------------------------
INFO: [RTGEN 206-100] Generating core module 'mac_muladd_8s_8s_32s_32_4_1': 1 instance(s).
INFO: [RTGEN 206-100] Finished creating RTL model for 'pe_29'.
INFO: [HLS 200-111] Finished Creating RTL model: CPU user time: 0.14 seconds. CPU system time: 0.01 seconds. Elapsed time: 0.15 seconds; current allocated memory: 1.027 GB.
INFO: [HLS 200-10] ----------------------------------------------------------------
INFO: [HLS 200-10] -- Generating RTL for module 'pe_30' 
INFO: [HLS 200-10] ----------------------------------------------------------------
INFO: [RTGEN 206-100] Generating core module 'mac_muladd_8s_8s_32s_32_4_1': 1 instance(s).
INFO: [RTGEN 206-100] Finished creating RTL model for 'pe_30'.
INFO: [HLS 200-111] Finished Creating RTL model: CPU user time: 0.15 seconds. CPU system time: 0.01 seconds. Elapsed time: 0.16 seconds; current allocated memory: 1.029 GB.
INFO: [HLS 200-10] ----------------------------------------------------------------
INFO: [HLS 200-10] -- Generating RTL for module 'pe_31' 
INFO: [HLS 200-10] ----------------------------------------------------------------
INFO: [RTGEN 206-100] Generating core module 'mac_muladd_8s_8s_32s_32_4_1': 1 instance(s).
INFO: [RTGEN 206-100] Finished creating RTL model for 'pe_31'.
INFO: [HLS 200-111] Finished Creating RTL model: CPU user time: 0.14 seconds. CPU system time: 0.01 seconds. Elapsed time: 0.15 seconds; current allocated memory: 1.031 GB.
INFO: [HLS 200-10] ----------------------------------------------------------------
INFO: [HLS 200-10] -- Generating RTL for module 'pe_32' 
INFO: [HLS 200-10] ----------------------------------------------------------------
INFO: [RTGEN 206-100] Generating core module 'mac_muladd_8s_8s_32s_32_4_1': 1 instance(s).
INFO: [RTGEN 206-100] Finished creating RTL model for 'pe_32'.
INFO: [HLS 200-111] Finished Creating RTL model: CPU user time: 0.13 seconds. CPU system time: 0.01 seconds. Elapsed time: 0.15 seconds; current allocated memory: 1.032 GB.
INFO: [HLS 200-10] ----------------------------------------------------------------
INFO: [HLS 200-10] -- Generating RTL for module 'pe_33' 
INFO: [HLS 200-10] ----------------------------------------------------------------
INFO: [RTGEN 206-100] Generating core module 'mac_muladd_8s_8s_32s_32_4_1': 1 instance(s).
INFO: [RTGEN 206-100] Finished creating RTL model for 'pe_33'.
INFO: [HLS 200-111] Finished Creating RTL model: CPU user time: 0.14 seconds. CPU system time: 0.01 seconds. Elapsed time: 0.15 seconds; current allocated memory: 1.034 GB.
INFO: [HLS 200-10] ----------------------------------------------------------------
INFO: [HLS 200-10] -- Generating RTL for module 'pe_34' 
INFO: [HLS 200-10] ----------------------------------------------------------------
INFO: [RTGEN 206-100] Generating core module 'mac_muladd_8s_8s_32s_32_4_1': 1 instance(s).
INFO: [RTGEN 206-100] Finished creating RTL model for 'pe_34'.
INFO: [HLS 200-111] Finished Creating RTL model: CPU user time: 0.14 seconds. CPU system time: 0.01 seconds. Elapsed time: 0.15 seconds; current allocated memory: 1.035 GB.
INFO: [HLS 200-10] ----------------------------------------------------------------
INFO: [HLS 200-10] -- Generating RTL for module 'pe_35' 
INFO: [HLS 200-10] ----------------------------------------------------------------
INFO: [RTGEN 206-100] Generating core module 'mac_muladd_8s_8s_32s_32_4_1': 1 instance(s).
INFO: [RTGEN 206-100] Finished creating RTL model for 'pe_35'.
INFO: [HLS 200-111] Finished Creating RTL model: CPU user time: 0.14 seconds. CPU system time: 0.01 seconds. Elapsed time: 0.15 seconds; current allocated memory: 1.037 GB.
INFO: [HLS 200-10] ----------------------------------------------------------------
INFO: [HLS 200-10] -- Generating RTL for module 'pe_36' 
INFO: [HLS 200-10] ----------------------------------------------------------------
INFO: [RTGEN 206-100] Generating core module 'mac_muladd_8s_8s_32s_32_4_1': 1 instance(s).
INFO: [RTGEN 206-100] Finished creating RTL model for 'pe_36'.
INFO: [HLS 200-111] Finished Creating RTL model: CPU user time: 0.14 seconds. CPU system time: 0.01 seconds. Elapsed time: 0.15 seconds; current allocated memory: 1.039 GB.
INFO: [HLS 200-10] ----------------------------------------------------------------
INFO: [HLS 200-10] -- Generating RTL for module 'pe_37' 
INFO: [HLS 200-10] ----------------------------------------------------------------
INFO: [RTGEN 206-100] Generating core module 'mac_muladd_8s_8s_32s_32_4_1': 1 instance(s).
INFO: [RTGEN 206-100] Finished creating RTL model for 'pe_37'.
INFO: [HLS 200-111] Finished Creating RTL model: CPU user time: 0.15 seconds. CPU system time: 0.01 seconds. Elapsed time: 0.15 seconds; current allocated memory: 1.040 GB.
INFO: [HLS 200-10] ----------------------------------------------------------------
INFO: [HLS 200-10] -- Generating RTL for module 'pe_38' 
INFO: [HLS 200-10] ----------------------------------------------------------------
INFO: [RTGEN 206-100] Generating core module 'mac_muladd_8s_8s_32s_32_4_1': 1 instance(s).
INFO: [RTGEN 206-100] Finished creating RTL model for 'pe_38'.
INFO: [HLS 200-111] Finished Creating RTL model: CPU user time: 0.14 seconds. CPU system time: 0.01 seconds. Elapsed time: 0.15 seconds; current allocated memory: 1.042 GB.
INFO: [HLS 200-10] ----------------------------------------------------------------
INFO: [HLS 200-10] -- Generating RTL for module 'pe_39' 
INFO: [HLS 200-10] ----------------------------------------------------------------
INFO: [RTGEN 206-100] Generating core module 'mac_muladd_8s_8s_32s_32_4_1': 1 instance(s).
INFO: [RTGEN 206-100] Finished creating RTL model for 'pe_39'.
INFO: [HLS 200-111] Finished Creating RTL model: CPU user time: 0.14 seconds. CPU system time: 0.01 seconds. Elapsed time: 0.16 seconds; current allocated memory: 1.044 GB.
INFO: [HLS 200-10] ----------------------------------------------------------------
INFO: [HLS 200-10] -- Generating RTL for module 'pe_40' 
INFO: [HLS 200-10] ----------------------------------------------------------------
INFO: [RTGEN 206-100] Generating core module 'mac_muladd_8s_8s_32s_32_4_1': 1 instance(s).
INFO: [RTGEN 206-100] Finished creating RTL model for 'pe_40'.
INFO: [HLS 200-111] Finished Creating RTL model: CPU user time: 0.14 seconds. CPU system time: 0.01 seconds. Elapsed time: 0.15 seconds; current allocated memory: 1.045 GB.
INFO: [HLS 200-10] ----------------------------------------------------------------
INFO: [HLS 200-10] -- Generating RTL for module 'pe_41' 
INFO: [HLS 200-10] ----------------------------------------------------------------
INFO: [RTGEN 206-100] Generating core module 'mac_muladd_8s_8s_32s_32_4_1': 1 instance(s).
INFO: [RTGEN 206-100] Finished creating RTL model for 'pe_41'.
INFO: [HLS 200-111] Finished Creating RTL model: CPU user time: 0.14 seconds. CPU system time: 0.01 seconds. Elapsed time: 0.15 seconds; current allocated memory: 1.047 GB.
INFO: [HLS 200-10] ----------------------------------------------------------------
INFO: [HLS 200-10] -- Generating RTL for module 'pe_42' 
INFO: [HLS 200-10] ----------------------------------------------------------------
INFO: [RTGEN 206-100] Generating core module 'mac_muladd_8s_8s_32s_32_4_1': 1 instance(s).
INFO: [RTGEN 206-100] Finished creating RTL model for 'pe_42'.
INFO: [HLS 200-111] Finished Creating RTL model: CPU user time: 0.14 seconds. CPU system time: 0.01 seconds. Elapsed time: 0.15 seconds; current allocated memory: 1.048 GB.
INFO: [HLS 200-10] ----------------------------------------------------------------
INFO: [HLS 200-10] -- Generating RTL for module 'pe_43' 
INFO: [HLS 200-10] ----------------------------------------------------------------
INFO: [RTGEN 206-100] Generating core module 'mac_muladd_8s_8s_32s_32_4_1': 1 instance(s).
INFO: [RTGEN 206-100] Finished creating RTL model for 'pe_43'.
INFO: [HLS 200-111] Finished Creating RTL model: CPU user time: 0.14 seconds. CPU system time: 0.01 seconds. Elapsed time: 0.15 seconds; current allocated memory: 1.050 GB.
INFO: [HLS 200-10] ----------------------------------------------------------------
INFO: [HLS 200-10] -- Generating RTL for module 'pe_44' 
INFO: [HLS 200-10] ----------------------------------------------------------------
INFO: [RTGEN 206-100] Generating core module 'mac_muladd_8s_8s_32s_32_4_1': 1 instance(s).
INFO: [RTGEN 206-100] Finished creating RTL model for 'pe_44'.
INFO: [HLS 200-111] Finished Creating RTL model: CPU user time: 0.14 seconds. CPU system time: 0.01 seconds. Elapsed time: 0.15 seconds; current allocated memory: 1.052 GB.
INFO: [HLS 200-10] ----------------------------------------------------------------
INFO: [HLS 200-10] -- Generating RTL for module 'pe_45' 
INFO: [HLS 200-10] ----------------------------------------------------------------
INFO: [RTGEN 206-100] Generating core module 'mac_muladd_8s_8s_32s_32_4_1': 1 instance(s).
INFO: [RTGEN 206-100] Finished creating RTL model for 'pe_45'.
INFO: [HLS 200-111] Finished Creating RTL model: CPU user time: 0.15 seconds. CPU system time: 0.01 seconds. Elapsed time: 0.15 seconds; current allocated memory: 1.053 GB.
INFO: [HLS 200-10] ----------------------------------------------------------------
INFO: [HLS 200-10] -- Generating RTL for module 'pe_46' 
INFO: [HLS 200-10] ----------------------------------------------------------------
INFO: [RTGEN 206-100] Generating core module 'mac_muladd_8s_8s_32s_32_4_1': 1 instance(s).
INFO: [RTGEN 206-100] Finished creating RTL model for 'pe_46'.
INFO: [HLS 200-111] Finished Creating RTL model: CPU user time: 0.14 seconds. CPU system time: 0.01 seconds. Elapsed time: 0.15 seconds; current allocated memory: 1.055 GB.
INFO: [HLS 200-10] ----------------------------------------------------------------
INFO: [HLS 200-10] -- Generating RTL for module 'pe_47' 
INFO: [HLS 200-10] ----------------------------------------------------------------
INFO: [RTGEN 206-100] Generating core module 'mac_muladd_8s_8s_32s_32_4_1': 1 instance(s).
INFO: [RTGEN 206-100] Finished creating RTL model for 'pe_47'.
INFO: [HLS 200-111] Finished Creating RTL model: CPU user time: 0.14 seconds. CPU system time: 0.02 seconds. Elapsed time: 0.15 seconds; current allocated memory: 1.057 GB.
INFO: [HLS 200-10] ----------------------------------------------------------------
INFO: [HLS 200-10] -- Generating RTL for module 'pe_48' 
INFO: [HLS 200-10] ----------------------------------------------------------------
INFO: [RTGEN 206-100] Generating core module 'mac_muladd_8s_8s_32s_32_4_1': 1 instance(s).
INFO: [RTGEN 206-100] Finished creating RTL model for 'pe_48'.
INFO: [HLS 200-111] Finished Creating RTL model: CPU user time: 0.14 seconds. CPU system time: 0.01 seconds. Elapsed time: 0.15 seconds; current allocated memory: 1.058 GB.
INFO: [HLS 200-10] ----------------------------------------------------------------
INFO: [HLS 200-10] -- Generating RTL for module 'pe_49' 
INFO: [HLS 200-10] ----------------------------------------------------------------
INFO: [RTGEN 206-100] Generating core module 'mac_muladd_8s_8s_32s_32_4_1': 1 instance(s).
INFO: [RTGEN 206-100] Finished creating RTL model for 'pe_49'.
INFO: [HLS 200-111] Finished Creating RTL model: CPU user time: 0.14 seconds. CPU system time: 0.01 seconds. Elapsed time: 0.15 seconds; current allocated memory: 1.060 GB.
INFO: [HLS 200-10] ----------------------------------------------------------------
INFO: [HLS 200-10] -- Generating RTL for module 'pe_50' 
INFO: [HLS 200-10] ----------------------------------------------------------------
INFO: [RTGEN 206-100] Generating core module 'mac_muladd_8s_8s_32s_32_4_1': 1 instance(s).
INFO: [RTGEN 206-100] Finished creating RTL model for 'pe_50'.
INFO: [HLS 200-111] Finished Creating RTL model: CPU user time: 0.14 seconds. CPU system time: 0.01 seconds. Elapsed time: 0.15 seconds; current allocated memory: 1.061 GB.
INFO: [HLS 200-10] ----------------------------------------------------------------
INFO: [HLS 200-10] -- Generating RTL for module 'pe_51' 
INFO: [HLS 200-10] ----------------------------------------------------------------
INFO: [RTGEN 206-100] Generating core module 'mac_muladd_8s_8s_32s_32_4_1': 1 instance(s).
INFO: [RTGEN 206-100] Finished creating RTL model for 'pe_51'.
INFO: [HLS 200-111] Finished Creating RTL model: CPU user time: 0.15 seconds. CPU system time: 0.01 seconds. Elapsed time: 0.16 seconds; current allocated memory: 1.063 GB.
INFO: [HLS 200-10] ----------------------------------------------------------------
INFO: [HLS 200-10] -- Generating RTL for module 'pe_52' 
INFO: [HLS 200-10] ----------------------------------------------------------------
INFO: [RTGEN 206-100] Generating core module 'mac_muladd_8s_8s_32s_32_4_1': 1 instance(s).
INFO: [RTGEN 206-100] Finished creating RTL model for 'pe_52'.
INFO: [HLS 200-111] Finished Creating RTL model: CPU user time: 0.15 seconds. CPU system time: 0.01 seconds. Elapsed time: 0.15 seconds; current allocated memory: 1.065 GB.
INFO: [HLS 200-10] ----------------------------------------------------------------
INFO: [HLS 200-10] -- Generating RTL for module 'pe_53' 
INFO: [HLS 200-10] ----------------------------------------------------------------
INFO: [RTGEN 206-100] Generating core module 'mac_muladd_8s_8s_32s_32_4_1': 1 instance(s).
INFO: [RTGEN 206-100] Finished creating RTL model for 'pe_53'.
INFO: [HLS 200-111] Finished Creating RTL model: CPU user time: 0.15 seconds. CPU system time: 0.01 seconds. Elapsed time: 0.16 seconds; current allocated memory: 1.066 GB.
INFO: [HLS 200-10] ----------------------------------------------------------------
INFO: [HLS 200-10] -- Generating RTL for module 'pe_54' 
INFO: [HLS 200-10] ----------------------------------------------------------------
INFO: [RTGEN 206-100] Generating core module 'mac_muladd_8s_8s_32s_32_4_1': 1 instance(s).
INFO: [RTGEN 206-100] Finished creating RTL model for 'pe_54'.
INFO: [HLS 200-111] Finished Creating RTL model: CPU user time: 0.15 seconds. CPU system time: 0.01 seconds. Elapsed time: 0.16 seconds; current allocated memory: 1.068 GB.
INFO: [HLS 200-10] ----------------------------------------------------------------
INFO: [HLS 200-10] -- Generating RTL for module 'pe_55' 
INFO: [HLS 200-10] ----------------------------------------------------------------
INFO: [RTGEN 206-100] Generating core module 'mac_muladd_8s_8s_32s_32_4_1': 1 instance(s).
INFO: [RTGEN 206-100] Finished creating RTL model for 'pe_55'.
INFO: [HLS 200-111] Finished Creating RTL model: CPU user time: 0.15 seconds. CPU system time: 0.01 seconds. Elapsed time: 0.16 seconds; current allocated memory: 1.070 GB.
INFO: [HLS 200-10] ----------------------------------------------------------------
INFO: [HLS 200-10] -- Generating RTL for module 'pe_56' 
INFO: [HLS 200-10] ----------------------------------------------------------------
INFO: [RTGEN 206-100] Generating core module 'mac_muladd_8s_8s_32s_32_4_1': 1 instance(s).
INFO: [RTGEN 206-100] Finished creating RTL model for 'pe_56'.
INFO: [HLS 200-111] Finished Creating RTL model: CPU user time: 0.15 seconds. CPU system time: 0.01 seconds. Elapsed time: 0.15 seconds; current allocated memory: 1.071 GB.
INFO: [HLS 200-10] ----------------------------------------------------------------
INFO: [HLS 200-10] -- Generating RTL for module 'pe_57' 
INFO: [HLS 200-10] ----------------------------------------------------------------
INFO: [RTGEN 206-100] Generating core module 'mac_muladd_8s_8s_32s_32_4_1': 1 instance(s).
INFO: [RTGEN 206-100] Finished creating RTL model for 'pe_57'.
INFO: [HLS 200-111] Finished Creating RTL model: CPU user time: 0.14 seconds. CPU system time: 0.01 seconds. Elapsed time: 0.15 seconds; current allocated memory: 1.073 GB.
INFO: [HLS 200-10] ----------------------------------------------------------------
INFO: [HLS 200-10] -- Generating RTL for module 'pe_58' 
INFO: [HLS 200-10] ----------------------------------------------------------------
INFO: [RTGEN 206-100] Generating core module 'mac_muladd_8s_8s_32s_32_4_1': 1 instance(s).
INFO: [RTGEN 206-100] Finished creating RTL model for 'pe_58'.
INFO: [HLS 200-111] Finished Creating RTL model: CPU user time: 0.14 seconds. CPU system time: 0.01 seconds. Elapsed time: 0.15 seconds; current allocated memory: 1.075 GB.
INFO: [HLS 200-10] ----------------------------------------------------------------
INFO: [HLS 200-10] -- Generating RTL for module 'pe_59' 
INFO: [HLS 200-10] ----------------------------------------------------------------
INFO: [RTGEN 206-100] Generating core module 'mac_muladd_8s_8s_32s_32_4_1': 1 instance(s).
INFO: [RTGEN 206-100] Finished creating RTL model for 'pe_59'.
INFO: [HLS 200-111] Finished Creating RTL model: CPU user time: 0.14 seconds. CPU system time: 0.01 seconds. Elapsed time: 0.15 seconds; current allocated memory: 1.076 GB.
INFO: [HLS 200-10] ----------------------------------------------------------------
INFO: [HLS 200-10] -- Generating RTL for module 'pe_60' 
INFO: [HLS 200-10] ----------------------------------------------------------------
INFO: [RTGEN 206-100] Generating core module 'mac_muladd_8s_8s_32s_32_4_1': 1 instance(s).
INFO: [RTGEN 206-100] Finished creating RTL model for 'pe_60'.
INFO: [HLS 200-111] Finished Creating RTL model: CPU user time: 0.15 seconds. CPU system time: 0 seconds. Elapsed time: 0.16 seconds; current allocated memory: 1.078 GB.
INFO: [HLS 200-10] ----------------------------------------------------------------
INFO: [HLS 200-10] -- Generating RTL for module 'pe_61' 
INFO: [HLS 200-10] ----------------------------------------------------------------
INFO: [RTGEN 206-100] Generating core module 'mac_muladd_8s_8s_32s_32_4_1': 1 instance(s).
INFO: [RTGEN 206-100] Finished creating RTL model for 'pe_61'.
INFO: [HLS 200-111] Finished Creating RTL model: CPU user time: 0.15 seconds. CPU system time: 0.02 seconds. Elapsed time: 0.16 seconds; current allocated memory: 1.079 GB.
INFO: [HLS 200-10] ----------------------------------------------------------------
INFO: [HLS 200-10] -- Generating RTL for module 'pe_62' 
INFO: [HLS 200-10] ----------------------------------------------------------------
INFO: [RTGEN 206-100] Generating core module 'mac_muladd_8s_8s_32s_32_4_1': 1 instance(s).
INFO: [RTGEN 206-100] Finished creating RTL model for 'pe_62'.
INFO: [HLS 200-111] Finished Creating RTL model: CPU user time: 0.14 seconds. CPU system time: 0 seconds. Elapsed time: 0.15 seconds; current allocated memory: 1.081 GB.
INFO: [HLS 200-10] ----------------------------------------------------------------
INFO: [HLS 200-10] -- Generating RTL for module 'pe_63' 
INFO: [HLS 200-10] ----------------------------------------------------------------
INFO: [RTGEN 206-100] Generating core module 'mac_muladd_8s_8s_32s_32_4_1': 1 instance(s).
INFO: [RTGEN 206-100] Finished creating RTL model for 'pe_63'.
INFO: [HLS 200-111] Finished Creating RTL model: CPU user time: 0.15 seconds. CPU system time: 0.01 seconds. Elapsed time: 0.16 seconds; current allocated memory: 1.082 GB.
INFO: [HLS 200-10] ----------------------------------------------------------------
INFO: [HLS 200-10] -- Generating RTL for module 'pe' 
INFO: [HLS 200-10] ----------------------------------------------------------------
INFO: [RTGEN 206-100] Generating core module 'mac_muladd_8s_8s_32s_32_4_1': 1 instance(s).
INFO: [RTGEN 206-100] Finished creating RTL model for 'pe'.
INFO: [HLS 200-111] Finished Creating RTL model: CPU user time: 0.15 seconds. CPU system time: 0.01 seconds. Elapsed time: 0.15 seconds; current allocated memory: 1.084 GB.
INFO: [HLS 200-10] ----------------------------------------------------------------
INFO: [HLS 200-10] -- Generating RTL for module 'gemm_tile' 
INFO: [HLS 200-10] ----------------------------------------------------------------
INFO: [RTGEN 206-500] Setting interface mode on port 'gemm_tile/a_in_0' to 'ap_fifo'.
INFO: [RTGEN 206-500] Setting interface mode on port 'gemm_tile/a_in_1' to 'ap_fifo'.
INFO: [RTGEN 206-500] Setting interface mode on port 'gemm_tile/a_in_2' to 'ap_fifo'.
INFO: [RTGEN 206-500] Setting interface mode on port 'gemm_tile/a_in_3' to 'ap_fifo'.
INFO: [RTGEN 206-500] Setting interface mode on port 'gemm_tile/a_in_4' to 'ap_fifo'.
INFO: [RTGEN 206-500] Setting interface mode on port 'gemm_tile/a_in_5' to 'ap_fifo'.
INFO: [RTGEN 206-500] Setting interface mode on port 'gemm_tile/a_in_6' to 'ap_fifo'.
INFO: [RTGEN 206-500] Setting interface mode on port 'gemm_tile/a_in_7' to 'ap_fifo'.
INFO: [RTGEN 206-500] Setting interface mode on port 'gemm_tile/b_in_0' to 'ap_fifo'.
INFO: [RTGEN 206-500] Setting interface mode on port 'gemm_tile/b_in_1' to 'ap_fifo'.
INFO: [RTGEN 206-500] Setting interface mode on port 'gemm_tile/b_in_2' to 'ap_fifo'.
INFO: [RTGEN 206-500] Setting interface mode on port 'gemm_tile/b_in_3' to 'ap_fifo'.
INFO: [RTGEN 206-500] Setting interface mode on port 'gemm_tile/b_in_4' to 'ap_fifo'.
INFO: [RTGEN 206-500] Setting interface mode on port 'gemm_tile/b_in_5' to 'ap_fifo'.
INFO: [RTGEN 206-500] Setting interface mode on port 'gemm_tile/b_in_6' to 'ap_fifo'.
INFO: [RTGEN 206-500] Setting interface mode on port 'gemm_tile/b_in_7' to 'ap_fifo'.
INFO: [RTGEN 206-500] Setting interface mode on port 'gemm_tile/c_out_0' to 'ap_fifo'.
INFO: [RTGEN 206-500] Setting interface mode on port 'gemm_tile/c_out_1' to 'ap_fifo'.
INFO: [RTGEN 206-500] Setting interface mode on port 'gemm_tile/c_out_2' to 'ap_fifo'.
INFO: [RTGEN 206-500] Setting interface mode on port 'gemm_tile/c_out_3' to 'ap_fifo'.
INFO: [RTGEN 206-500] Setting interface mode on port 'gemm_tile/c_out_4' to 'ap_fifo'.
INFO: [RTGEN 206-500] Setting interface mode on port 'gemm_tile/c_out_5' to 'ap_fifo'.
INFO: [RTGEN 206-500] Setting interface mode on port 'gemm_tile/c_out_6' to 'ap_fifo'.
INFO: [RTGEN 206-500] Setting interface mode on port 'gemm_tile/c_out_7' to 'ap_fifo'.
INFO: [RTGEN 206-500] Setting interface mode on function 'gemm_tile' to 'ap_ctrl_none'.
INFO: [HLS 200-633] Setting ap_ctrl_none interface for gemm_tile
INFO: [RTGEN 206-100] Finished creating RTL model for 'gemm_tile'.
INFO: [RTMG 210-285] Implementing FIFO 'a_e_U(gemm_tile_fifo_w8_d2_S)' using Shift Registers.
INFO: [RTMG 210-285] Implementing FIFO 'b_s_U(gemm_tile_fifo_w8_d2_S)' using Shift Registers.
INFO: [RTMG 210-285] Implementing FIFO 'd_e_U(gemm_tile_fifo_w32_d2_S)' using Shift Registers.
INFO: [RTMG 210-285] Implementing FIFO 'a_e_1_U(gemm_tile_fifo_w8_d2_S)' using Shift Registers.
INFO: [RTMG 210-285] Implementing FIFO 'b_s_1_U(gemm_tile_fifo_w8_d2_S)' using Shift Registers.
INFO: [RTMG 210-285] Implementing FIFO 'd_e_1_U(gemm_tile_fifo_w32_d2_S)' using Shift Registers.
INFO: [RTMG 210-285] Implementing FIFO 'a_e_2_U(gemm_tile_fifo_w8_d2_S)' using Shift Registers.
INFO: [RTMG 210-285] Implementing FIFO 'b_s_2_U(gemm_tile_fifo_w8_d2_S)' using Shift Registers.
INFO: [RTMG 210-285] Implementing FIFO 'd_e_2_U(gemm_tile_fifo_w32_d2_S)' using Shift Registers.
INFO: [RTMG 210-285] Implementing FIFO 'a_e_3_U(gemm_tile_fifo_w8_d2_S)' using Shift Registers.
INFO: [RTMG 210-285] Implementing FIFO 'b_s_3_U(gemm_tile_fifo_w8_d2_S)' using Shift Registers.
INFO: [RTMG 210-285] Implementing FIFO 'd_e_3_U(gemm_tile_fifo_w32_d2_S)' using Shift Registers.
INFO: [RTMG 210-285] Implementing FIFO 'a_e_4_U(gemm_tile_fifo_w8_d2_S)' using Shift Registers.
INFO: [RTMG 210-285] Implementing FIFO 'b_s_4_U(gemm_tile_fifo_w8_d2_S)' using Shift Registers.
INFO: [RTMG 210-285] Implementing FIFO 'd_e_4_U(gemm_tile_fifo_w32_d2_S)' using Shift Registers.
INFO: [RTMG 210-285] Implementing FIFO 'a_e_5_U(gemm_tile_fifo_w8_d2_S)' using Shift Registers.
INFO: [RTMG 210-285] Implementing FIFO 'b_s_5_U(gemm_tile_fifo_w8_d2_S)' using Shift Registers.
INFO: [RTMG 210-285] Implementing FIFO 'd_e_5_U(gemm_tile_fifo_w32_d2_S)' using Shift Registers.
INFO: [RTMG 210-285] Implementing FIFO 'a_e_6_U(gemm_tile_fifo_w8_d2_S)' using Shift Registers.
INFO: [RTMG 210-285] Implementing FIFO 'b_s_6_U(gemm_tile_fifo_w8_d2_S)' using Shift Registers.
INFO: [RTMG 210-285] Implementing FIFO 'd_e_6_U(gemm_tile_fifo_w32_d2_S)' using Shift Registers.
INFO: [RTMG 210-285] Implementing FIFO 'b_s_7_U(gemm_tile_fifo_w8_d2_S)' using Shift Registers.
INFO: [RTMG 210-285] Implementing FIFO 'a_e_7_U(gemm_tile_fifo_w8_d2_S)' using Shift Registers.
INFO: [RTMG 210-285] Implementing FIFO 'b_s_8_U(gemm_tile_fifo_w8_d2_S)' using Shift Registers.
INFO: [RTMG 210-285] Implementing FIFO 'd_e_7_U(gemm_tile_fifo_w32_d2_S)' using Shift Registers.
INFO: [RTMG 210-285] Implementing FIFO 'a_e_8_U(gemm_tile_fifo_w8_d2_S)' using Shift Registers.
INFO: [RTMG 210-285] Implementing FIFO 'b_s_9_U(gemm_tile_fifo_w8_d2_S)' using Shift Registers.
INFO: [RTMG 210-285] Implementing FIFO 'd_e_8_U(gemm_tile_fifo_w32_d2_S)' using Shift Registers.
INFO: [RTMG 210-285] Implementing FIFO 'a_e_9_U(gemm_tile_fifo_w8_d2_S)' using Shift Registers.
INFO: [RTMG 210-285] Implementing FIFO 'b_s_10_U(gemm_tile_fifo_w8_d2_S)' using Shift Registers.
INFO: [RTMG 210-285] Implementing FIFO 'd_e_9_U(gemm_tile_fifo_w32_d2_S)' using Shift Registers.
INFO: [RTMG 210-285] Implementing FIFO 'a_e_10_U(gemm_tile_fifo_w8_d2_S)' using Shift Registers.
INFO: [RTMG 210-285] Implementing FIFO 'b_s_11_U(gemm_tile_fifo_w8_d2_S)' using Shift Registers.
INFO: [RTMG 210-285] Implementing FIFO 'd_e_10_U(gemm_tile_fifo_w32_d2_S)' using Shift Registers.
INFO: [RTMG 210-285] Implementing FIFO 'a_e_11_U(gemm_tile_fifo_w8_d2_S)' using Shift Registers.
INFO: [RTMG 210-285] Implementing FIFO 'b_s_12_U(gemm_tile_fifo_w8_d2_S)' using Shift Registers.
INFO: [RTMG 210-285] Implementing FIFO 'd_e_11_U(gemm_tile_fifo_w32_d2_S)' using Shift Registers.
INFO: [RTMG 210-285] Implementing FIFO 'a_e_12_U(gemm_tile_fifo_w8_d2_S)' using Shift Registers.
INFO: [RTMG 210-285] Implementing FIFO 'b_s_13_U(gemm_tile_fifo_w8_d2_S)' using Shift Registers.
INFO: [RTMG 210-285] Implementing FIFO 'd_e_12_U(gemm_tile_fifo_w32_d2_S)' using Shift Registers.
INFO: [RTMG 210-285] Implementing FIFO 'a_e_13_U(gemm_tile_fifo_w8_d2_S)' using Shift Registers.
INFO: [RTMG 210-285] Implementing FIFO 'b_s_14_U(gemm_tile_fifo_w8_d2_S)' using Shift Registers.
INFO: [RTMG 210-285] Implementing FIFO 'd_e_13_U(gemm_tile_fifo_w32_d2_S)' using Shift Registers.
INFO: [RTMG 210-285] Implementing FIFO 'b_s_15_U(gemm_tile_fifo_w8_d2_S)' using Shift Registers.
INFO: [RTMG 210-285] Implementing FIFO 'a_e_14_U(gemm_tile_fifo_w8_d2_S)' using Shift Registers.
INFO: [RTMG 210-285] Implementing FIFO 'b_s_16_U(gemm_tile_fifo_w8_d2_S)' using Shift Registers.
INFO: [RTMG 210-285] Implementing FIFO 'd_e_14_U(gemm_tile_fifo_w32_d2_S)' using Shift Registers.
INFO: [RTMG 210-285] Implementing FIFO 'a_e_15_U(gemm_tile_fifo_w8_d2_S)' using Shift Registers.
INFO: [RTMG 210-285] Implementing FIFO 'b_s_17_U(gemm_tile_fifo_w8_d2_S)' using Shift Registers.
INFO: [RTMG 210-285] Implementing FIFO 'd_e_15_U(gemm_tile_fifo_w32_d2_S)' using Shift Registers.
INFO: [RTMG 210-285] Implementing FIFO 'a_e_16_U(gemm_tile_fifo_w8_d2_S)' using Shift Registers.
INFO: [RTMG 210-285] Implementing FIFO 'b_s_18_U(gemm_tile_fifo_w8_d2_S)' using Shift Registers.
INFO: [RTMG 210-285] Implementing FIFO 'd_e_16_U(gemm_tile_fifo_w32_d2_S)' using Shift Registers.
INFO: [RTMG 210-285] Implementing FIFO 'a_e_17_U(gemm_tile_fifo_w8_d2_S)' using Shift Registers.
INFO: [RTMG 210-285] Implementing FIFO 'b_s_19_U(gemm_tile_fifo_w8_d2_S)' using Shift Registers.
INFO: [RTMG 210-285] Implementing FIFO 'd_e_17_U(gemm_tile_fifo_w32_d2_S)' using Shift Registers.
INFO: [RTMG 210-285] Implementing FIFO 'a_e_18_U(gemm_tile_fifo_w8_d2_S)' using Shift Registers.
INFO: [RTMG 210-285] Implementing FIFO 'b_s_20_U(gemm_tile_fifo_w8_d2_S)' using Shift Registers.
INFO: [RTMG 210-285] Implementing FIFO 'd_e_18_U(gemm_tile_fifo_w32_d2_S)' using Shift Registers.
INFO: [RTMG 210-285] Implementing FIFO 'a_e_19_U(gemm_tile_fifo_w8_d2_S)' using Shift Registers.
INFO: [RTMG 210-285] Implementing FIFO 'b_s_21_U(gemm_tile_fifo_w8_d2_S)' using Shift Registers.
INFO: [RTMG 210-285] Implementing FIFO 'd_e_19_U(gemm_tile_fifo_w32_d2_S)' using Shift Registers.
INFO: [RTMG 210-285] Implementing FIFO 'a_e_20_U(gemm_tile_fifo_w8_d2_S)' using Shift Registers.
INFO: [RTMG 210-285] Implementing FIFO 'b_s_22_U(gemm_tile_fifo_w8_d2_S)' using Shift Registers.
INFO: [RTMG 210-285] Implementing FIFO 'd_e_20_U(gemm_tile_fifo_w32_d2_S)' using Shift Registers.
INFO: [RTMG 210-285] Implementing FIFO 'b_s_23_U(gemm_tile_fifo_w8_d2_S)' using Shift Registers.
INFO: [RTMG 210-285] Implementing FIFO 'a_e_21_U(gemm_tile_fifo_w8_d2_S)' using Shift Registers.
INFO: [RTMG 210-285] Implementing FIFO 'b_s_24_U(gemm_tile_fifo_w8_d2_S)' using Shift Registers.
INFO: [RTMG 210-285] Implementing FIFO 'd_e_21_U(gemm_tile_fifo_w32_d2_S)' using Shift Registers.
INFO: [RTMG 210-285] Implementing FIFO 'a_e_22_U(gemm_tile_fifo_w8_d2_S)' using Shift Registers.
INFO: [RTMG 210-285] Implementing FIFO 'b_s_25_U(gemm_tile_fifo_w8_d2_S)' using Shift Registers.
INFO: [RTMG 210-285] Implementing FIFO 'd_e_22_U(gemm_tile_fifo_w32_d2_S)' using Shift Registers.
INFO: [RTMG 210-285] Implementing FIFO 'a_e_23_U(gemm_tile_fifo_w8_d2_S)' using Shift Registers.
INFO: [RTMG 210-285] Implementing FIFO 'b_s_26_U(gemm_tile_fifo_w8_d2_S)' using Shift Registers.
INFO: [RTMG 210-285] Implementing FIFO 'd_e_23_U(gemm_tile_fifo_w32_d2_S)' using Shift Registers.
INFO: [RTMG 210-285] Implementing FIFO 'a_e_24_U(gemm_tile_fifo_w8_d2_S)' using Shift Registers.
INFO: [RTMG 210-285] Implementing FIFO 'b_s_27_U(gemm_tile_fifo_w8_d2_S)' using Shift Registers.
INFO: [RTMG 210-285] Implementing FIFO 'd_e_24_U(gemm_tile_fifo_w32_d2_S)' using Shift Registers.
INFO: [RTMG 210-285] Implementing FIFO 'a_e_25_U(gemm_tile_fifo_w8_d2_S)' using Shift Registers.
INFO: [RTMG 210-285] Implementing FIFO 'b_s_28_U(gemm_tile_fifo_w8_d2_S)' using Shift Registers.
INFO: [RTMG 210-285] Implementing FIFO 'd_e_25_U(gemm_tile_fifo_w32_d2_S)' using Shift Registers.
INFO: [RTMG 210-285] Implementing FIFO 'a_e_26_U(gemm_tile_fifo_w8_d2_S)' using Shift Registers.
INFO: [RTMG 210-285] Implementing FIFO 'b_s_29_U(gemm_tile_fifo_w8_d2_S)' using Shift Registers.
INFO: [RTMG 210-285] Implementing FIFO 'd_e_26_U(gemm_tile_fifo_w32_d2_S)' using Shift Registers.
INFO: [RTMG 210-285] Implementing FIFO 'a_e_27_U(gemm_tile_fifo_w8_d2_S)' using Shift Registers.
INFO: [RTMG 210-285] Implementing FIFO 'b_s_30_U(gemm_tile_fifo_w8_d2_S)' using Shift Registers.
INFO: [RTMG 210-285] Implementing FIFO 'd_e_27_U(gemm_tile_fifo_w32_d2_S)' using Shift Registers.
INFO: [RTMG 210-285] Implementing FIFO 'b_s_31_U(gemm_tile_fifo_w8_d2_S)' using Shift Registers.
INFO: [RTMG 210-285] Implementing FIFO 'a_e_28_U(gemm_tile_fifo_w8_d2_S)' using Shift Registers.
INFO: [RTMG 210-285] Implementing FIFO 'b_s_32_U(gemm_tile_fifo_w8_d2_S)' using Shift Registers.
INFO: [RTMG 210-285] Implementing FIFO 'd_e_28_U(gemm_tile_fifo_w32_d2_S)' using Shift Registers.
INFO: [RTMG 210-285] Implementing FIFO 'a_e_29_U(gemm_tile_fifo_w8_d2_S)' using Shift Registers.
INFO: [RTMG 210-285] Implementing FIFO 'b_s_33_U(gemm_tile_fifo_w8_d2_S)' using Shift Registers.
INFO: [RTMG 210-285] Implementing FIFO 'd_e_29_U(gemm_tile_fifo_w32_d2_S)' using Shift Registers.
INFO: [RTMG 210-285] Implementing FIFO 'a_e_30_U(gemm_tile_fifo_w8_d2_S)' using Shift Registers.
INFO: [RTMG 210-285] Implementing FIFO 'b_s_34_U(gemm_tile_fifo_w8_d2_S)' using Shift Registers.
INFO: [RTMG 210-285] Implementing FIFO 'd_e_30_U(gemm_tile_fifo_w32_d2_S)' using Shift Registers.
INFO: [RTMG 210-285] Implementing FIFO 'a_e_31_U(gemm_tile_fifo_w8_d2_S)' using Shift Registers.
INFO: [RTMG 210-285] Implementing FIFO 'b_s_35_U(gemm_tile_fifo_w8_d2_S)' using Shift Registers.
INFO: [RTMG 210-285] Implementing FIFO 'd_e_31_U(gemm_tile_fifo_w32_d2_S)' using Shift Registers.
INFO: [RTMG 210-285] Implementing FIFO 'a_e_32_U(gemm_tile_fifo_w8_d2_S)' using Shift Registers.
INFO: [RTMG 210-285] Implementing FIFO 'b_s_36_U(gemm_tile_fifo_w8_d2_S)' using Shift Registers.
INFO: [RTMG 210-285] Implementing FIFO 'd_e_32_U(gemm_tile_fifo_w32_d2_S)' using Shift Registers.
INFO: [RTMG 210-285] Implementing FIFO 'a_e_33_U(gemm_tile_fifo_w8_d2_S)' using Shift Registers.
INFO: [RTMG 210-285] Implementing FIFO 'b_s_37_U(gemm_tile_fifo_w8_d2_S)' using Shift Registers.
INFO: [RTMG 210-285] Implementing FIFO 'd_e_33_U(gemm_tile_fifo_w32_d2_S)' using Shift Registers.
INFO: [RTMG 210-285] Implementing FIFO 'a_e_34_U(gemm_tile_fifo_w8_d2_S)' using Shift Registers.
INFO: [RTMG 210-285] Implementing FIFO 'b_s_38_U(gemm_tile_fifo_w8_d2_S)' using Shift Registers.
INFO: [RTMG 210-285] Implementing FIFO 'd_e_34_U(gemm_tile_fifo_w32_d2_S)' using Shift Registers.
INFO: [RTMG 210-285] Implementing FIFO 'b_s_39_U(gemm_tile_fifo_w8_d2_S)' using Shift Registers.
INFO: [RTMG 210-285] Implementing FIFO 'a_e_35_U(gemm_tile_fifo_w8_d2_S)' using Shift Registers.
INFO: [RTMG 210-285] Implementing FIFO 'b_s_40_U(gemm_tile_fifo_w8_d2_S)' using Shift Registers.
INFO: [RTMG 210-285] Implementing FIFO 'd_e_35_U(gemm_tile_fifo_w32_d2_S)' using Shift Registers.
INFO: [RTMG 210-285] Implementing FIFO 'a_e_36_U(gemm_tile_fifo_w8_d2_S)' using Shift Registers.
INFO: [RTMG 210-285] Implementing FIFO 'b_s_41_U(gemm_tile_fifo_w8_d2_S)' using Shift Registers.
INFO: [RTMG 210-285] Implementing FIFO 'd_e_36_U(gemm_tile_fifo_w32_d2_S)' using Shift Registers.
INFO: [RTMG 210-285] Implementing FIFO 'a_e_37_U(gemm_tile_fifo_w8_d2_S)' using Shift Registers.
INFO: [RTMG 210-285] Implementing FIFO 'b_s_42_U(gemm_tile_fifo_w8_d2_S)' using Shift Registers.
INFO: [RTMG 210-285] Implementing FIFO 'd_e_37_U(gemm_tile_fifo_w32_d2_S)' using Shift Registers.
INFO: [RTMG 210-285] Implementing FIFO 'a_e_38_U(gemm_tile_fifo_w8_d2_S)' using Shift Registers.
INFO: [RTMG 210-285] Implementing FIFO 'b_s_43_U(gemm_tile_fifo_w8_d2_S)' using Shift Registers.
INFO: [RTMG 210-285] Implementing FIFO 'd_e_38_U(gemm_tile_fifo_w32_d2_S)' using Shift Registers.
INFO: [RTMG 210-285] Implementing FIFO 'a_e_39_U(gemm_tile_fifo_w8_d2_S)' using Shift Registers.
INFO: [RTMG 210-285] Implementing FIFO 'b_s_44_U(gemm_tile_fifo_w8_d2_S)' using Shift Registers.
INFO: [RTMG 210-285] Implementing FIFO 'd_e_39_U(gemm_tile_fifo_w32_d2_S)' using Shift Registers.
INFO: [RTMG 210-285] Implementing FIFO 'a_e_40_U(gemm_tile_fifo_w8_d2_S)' using Shift Registers.
INFO: [RTMG 210-285] Implementing FIFO 'b_s_45_U(gemm_tile_fifo_w8_d2_S)' using Shift Registers.
INFO: [RTMG 210-285] Implementing FIFO 'd_e_40_U(gemm_tile_fifo_w32_d2_S)' using Shift Registers.
INFO: [RTMG 210-285] Implementing FIFO 'a_e_41_U(gemm_tile_fifo_w8_d2_S)' using Shift Registers.
INFO: [RTMG 210-285] Implementing FIFO 'b_s_46_U(gemm_tile_fifo_w8_d2_S)' using Shift Registers.
INFO: [RTMG 210-285] Implementing FIFO 'd_e_41_U(gemm_tile_fifo_w32_d2_S)' using Shift Registers.
INFO: [RTMG 210-285] Implementing FIFO 'b_s_47_U(gemm_tile_fifo_w8_d2_S)' using Shift Registers.
INFO: [RTMG 210-285] Implementing FIFO 'a_e_42_U(gemm_tile_fifo_w8_d2_S)' using Shift Registers.
INFO: [RTMG 210-285] Implementing FIFO 'b_s_48_U(gemm_tile_fifo_w8_d2_S)' using Shift Registers.
INFO: [RTMG 210-285] Implementing FIFO 'd_e_42_U(gemm_tile_fifo_w32_d2_S)' using Shift Registers.
INFO: [RTMG 210-285] Implementing FIFO 'a_e_43_U(gemm_tile_fifo_w8_d2_S)' using Shift Registers.
INFO: [RTMG 210-285] Implementing FIFO 'b_s_49_U(gemm_tile_fifo_w8_d2_S)' using Shift Registers.
INFO: [RTMG 210-285] Implementing FIFO 'd_e_43_U(gemm_tile_fifo_w32_d2_S)' using Shift Registers.
INFO: [RTMG 210-285] Implementing FIFO 'a_e_44_U(gemm_tile_fifo_w8_d2_S)' using Shift Registers.
INFO: [RTMG 210-285] Implementing FIFO 'b_s_50_U(gemm_tile_fifo_w8_d2_S)' using Shift Registers.
INFO: [RTMG 210-285] Implementing FIFO 'd_e_44_U(gemm_tile_fifo_w32_d2_S)' using Shift Registers.
INFO: [RTMG 210-285] Implementing FIFO 'a_e_45_U(gemm_tile_fifo_w8_d2_S)' using Shift Registers.
INFO: [RTMG 210-285] Implementing FIFO 'b_s_51_U(gemm_tile_fifo_w8_d2_S)' using Shift Registers.
INFO: [RTMG 210-285] Implementing FIFO 'd_e_45_U(gemm_tile_fifo_w32_d2_S)' using Shift Registers.
INFO: [RTMG 210-285] Implementing FIFO 'a_e_46_U(gemm_tile_fifo_w8_d2_S)' using Shift Registers.
INFO: [RTMG 210-285] Implementing FIFO 'b_s_52_U(gemm_tile_fifo_w8_d2_S)' using Shift Registers.
INFO: [RTMG 210-285] Implementing FIFO 'd_e_46_U(gemm_tile_fifo_w32_d2_S)' using Shift Registers.
INFO: [RTMG 210-285] Implementing FIFO 'a_e_47_U(gemm_tile_fifo_w8_d2_S)' using Shift Registers.
INFO: [RTMG 210-285] Implementing FIFO 'b_s_53_U(gemm_tile_fifo_w8_d2_S)' using Shift Registers.
INFO: [RTMG 210-285] Implementing FIFO 'd_e_47_U(gemm_tile_fifo_w32_d2_S)' using Shift Registers.
INFO: [RTMG 210-285] Implementing FIFO 'a_e_48_U(gemm_tile_fifo_w8_d2_S)' using Shift Registers.
INFO: [RTMG 210-285] Implementing FIFO 'b_s_54_U(gemm_tile_fifo_w8_d2_S)' using Shift Registers.
INFO: [RTMG 210-285] Implementing FIFO 'd_e_48_U(gemm_tile_fifo_w32_d2_S)' using Shift Registers.
INFO: [RTMG 210-285] Implementing FIFO 'b_s_55_U(gemm_tile_fifo_w8_d2_S)' using Shift Registers.
INFO: [RTMG 210-285] Implementing FIFO 'a_e_49_U(gemm_tile_fifo_w8_d2_S)' using Shift Registers.
INFO: [RTMG 210-285] Implementing FIFO 'd_e_49_U(gemm_tile_fifo_w32_d2_S)' using Shift Registers.
INFO: [RTMG 210-285] Implementing FIFO 'a_e_50_U(gemm_tile_fifo_w8_d2_S)' using Shift Registers.
INFO: [RTMG 210-285] Implementing FIFO 'd_e_50_U(gemm_tile_fifo_w32_d2_S)' using Shift Registers.
INFO: [RTMG 210-285] Implementing FIFO 'a_e_51_U(gemm_tile_fifo_w8_d2_S)' using Shift Registers.
INFO: [RTMG 210-285] Implementing FIFO 'd_e_51_U(gemm_tile_fifo_w32_d2_S)' using Shift Registers.
INFO: [RTMG 210-285] Implementing FIFO 'a_e_52_U(gemm_tile_fifo_w8_d2_S)' using Shift Registers.
INFO: [RTMG 210-285] Implementing FIFO 'd_e_52_U(gemm_tile_fifo_w32_d2_S)' using Shift Registers.
INFO: [RTMG 210-285] Implementing FIFO 'a_e_53_U(gemm_tile_fifo_w8_d2_S)' using Shift Registers.
INFO: [RTMG 210-285] Implementing FIFO 'd_e_53_U(gemm_tile_fifo_w32_d2_S)' using Shift Registers.
INFO: [RTMG 210-285] Implementing FIFO 'a_e_54_U(gemm_tile_fifo_w8_d2_S)' using Shift Registers.
INFO: [RTMG 210-285] Implementing FIFO 'd_e_54_U(gemm_tile_fifo_w32_d2_S)' using Shift Registers.
INFO: [RTMG 210-285] Implementing FIFO 'a_e_55_U(gemm_tile_fifo_w8_d2_S)' using Shift Registers.
INFO: [RTMG 210-285] Implementing FIFO 'd_e_55_U(gemm_tile_fifo_w32_d2_S)' using Shift Registers.
INFO: [RTMG 210-285] Implementing FIFO 'start_for_pe_2_U0_U(gemm_tile_start_for_pe_2_U0)' using Shift Registers.
INFO: [RTMG 210-285] Implementing FIFO 'start_for_pe_9_U0_U(gemm_tile_start_for_pe_9_U0)' using Shift Registers.
INFO: [RTMG 210-285] Implementing FIFO 'start_for_pe_3_U0_U(gemm_tile_start_for_pe_3_U0)' using Shift Registers.
INFO: [RTMG 210-285] Implementing FIFO 'start_for_pe_10_U0_U(gemm_tile_start_for_pe_10_U0)' using Shift Registers.
INFO: [RTMG 210-285] Implementing FIFO 'start_for_pe_4_U0_U(gemm_tile_start_for_pe_4_U0)' using Shift Registers.
INFO: [RTMG 210-285] Implementing FIFO 'start_for_pe_11_U0_U(gemm_tile_start_for_pe_11_U0)' using Shift Registers.
INFO: [RTMG 210-285] Implementing FIFO 'start_for_pe_5_U0_U(gemm_tile_start_for_pe_5_U0)' using Shift Registers.
INFO: [RTMG 210-285] Implementing FIFO 'start_for_pe_12_U0_U(gemm_tile_start_for_pe_12_U0)' using Shift Registers.
INFO: [RTMG 210-285] Implementing FIFO 'start_for_pe_6_U0_U(gemm_tile_start_for_pe_6_U0)' using Shift Registers.
INFO: [RTMG 210-285] Implementing FIFO 'start_for_pe_13_U0_U(gemm_tile_start_for_pe_13_U0)' using Shift Registers.
INFO: [RTMG 210-285] Implementing FIFO 'start_for_pe_7_U0_U(gemm_tile_start_for_pe_7_U0)' using Shift Registers.
INFO: [RTMG 210-285] Implementing FIFO 'start_for_pe_14_U0_U(gemm_tile_start_for_pe_14_U0)' using Shift Registers.
INFO: [RTMG 210-285] Implementing FIFO 'start_for_pe_8_U0_U(gemm_tile_start_for_pe_8_U0)' using Shift Registers.
INFO: [RTMG 210-285] Implementing FIFO 'start_for_pe_15_U0_U(gemm_tile_start_for_pe_15_U0)' using Shift Registers.
INFO: [RTMG 210-285] Implementing FIFO 'start_for_pe_16_U0_U(gemm_tile_start_for_pe_16_U0)' using Shift Registers.
INFO: [RTMG 210-285] Implementing FIFO 'start_for_pe_17_U0_U(gemm_tile_start_for_pe_17_U0)' using Shift Registers.
INFO: [RTMG 210-285] Implementing FIFO 'start_for_pe_18_U0_U(gemm_tile_start_for_pe_18_U0)' using Shift Registers.
INFO: [RTMG 210-285] Implementing FIFO 'start_for_pe_19_U0_U(gemm_tile_start_for_pe_19_U0)' using Shift Registers.
INFO: [RTMG 210-285] Implementing FIFO 'start_for_pe_20_U0_U(gemm_tile_start_for_pe_20_U0)' using Shift Registers.
INFO: [RTMG 210-285] Implementing FIFO 'start_for_pe_21_U0_U(gemm_tile_start_for_pe_21_U0)' using Shift Registers.
INFO: [RTMG 210-285] Implementing FIFO 'start_for_pe_22_U0_U(gemm_tile_start_for_pe_22_U0)' using Shift Registers.
INFO: [RTMG 210-285] Implementing FIFO 'start_for_pe_23_U0_U(gemm_tile_start_for_pe_23_U0)' using Shift Registers.
INFO: [RTMG 210-285] Implementing FIFO 'start_for_pe_24_U0_U(gemm_tile_start_for_pe_24_U0)' using Shift Registers.
INFO: [RTMG 210-285] Implementing FIFO 'start_for_pe_25_U0_U(gemm_tile_start_for_pe_25_U0)' using Shift Registers.
INFO: [RTMG 210-285] Implementing FIFO 'start_for_pe_26_U0_U(gemm_tile_start_for_pe_26_U0)' using Shift Registers.
INFO: [RTMG 210-285] Implementing FIFO 'start_for_pe_27_U0_U(gemm_tile_start_for_pe_27_U0)' using Shift Registers.
INFO: [RTMG 210-285] Implementing FIFO 'start_for_pe_28_U0_U(gemm_tile_start_for_pe_28_U0)' using Shift Registers.
INFO: [RTMG 210-285] Implementing FIFO 'start_for_pe_29_U0_U(gemm_tile_start_for_pe_29_U0)' using Shift Registers.
INFO: [RTMG 210-285] Implementing FIFO 'start_for_pe_30_U0_U(gemm_tile_start_for_pe_30_U0)' using Shift Registers.
INFO: [RTMG 210-285] Implementing FIFO 'start_for_pe_31_U0_U(gemm_tile_start_for_pe_31_U0)' using Shift Registers.
INFO: [RTMG 210-285] Implementing FIFO 'start_for_pe_32_U0_U(gemm_tile_start_for_pe_32_U0)' using Shift Registers.
INFO: [RTMG 210-285] Implementing FIFO 'start_for_pe_33_U0_U(gemm_tile_start_for_pe_33_U0)' using Shift Registers.
INFO: [RTMG 210-285] Implementing FIFO 'start_for_pe_34_U0_U(gemm_tile_start_for_pe_34_U0)' using Shift Registers.
INFO: [RTMG 210-285] Implementing FIFO 'start_for_pe_35_U0_U(gemm_tile_start_for_pe_35_U0)' using Shift Registers.
INFO: [RTMG 210-285] Implementing FIFO 'start_for_pe_36_U0_U(gemm_tile_start_for_pe_36_U0)' using Shift Registers.
INFO: [RTMG 210-285] Implementing FIFO 'start_for_pe_37_U0_U(gemm_tile_start_for_pe_37_U0)' using Shift Registers.
INFO: [RTMG 210-285] Implementing FIFO 'start_for_pe_38_U0_U(gemm_tile_start_for_pe_38_U0)' using Shift Registers.
INFO: [RTMG 210-285] Implementing FIFO 'start_for_pe_39_U0_U(gemm_tile_start_for_pe_39_U0)' using Shift Registers.
INFO: [RTMG 210-285] Implementing FIFO 'start_for_pe_40_U0_U(gemm_tile_start_for_pe_40_U0)' using Shift Registers.
INFO: [RTMG 210-285] Implementing FIFO 'start_for_pe_41_U0_U(gemm_tile_start_for_pe_41_U0)' using Shift Registers.
INFO: [RTMG 210-285] Implementing FIFO 'start_for_pe_42_U0_U(gemm_tile_start_for_pe_42_U0)' using Shift Registers.
INFO: [RTMG 210-285] Implementing FIFO 'start_for_pe_43_U0_U(gemm_tile_start_for_pe_43_U0)' using Shift Registers.
INFO: [RTMG 210-285] Implementing FIFO 'start_for_pe_44_U0_U(gemm_tile_start_for_pe_44_U0)' using Shift Registers.
INFO: [RTMG 210-285] Implementing FIFO 'start_for_pe_45_U0_U(gemm_tile_start_for_pe_45_U0)' using Shift Registers.
INFO: [RTMG 210-285] Implementing FIFO 'start_for_pe_46_U0_U(gemm_tile_start_for_pe_46_U0)' using Shift Registers.
INFO: [RTMG 210-285] Implementing FIFO 'start_for_pe_47_U0_U(gemm_tile_start_for_pe_47_U0)' using Shift Registers.
INFO: [RTMG 210-285] Implementing FIFO 'start_for_pe_48_U0_U(gemm_tile_start_for_pe_48_U0)' using Shift Registers.
INFO: [RTMG 210-285] Implementing FIFO 'start_for_pe_49_U0_U(gemm_tile_start_for_pe_49_U0)' using Shift Registers.
INFO: [RTMG 210-285] Implementing FIFO 'start_for_pe_50_U0_U(gemm_tile_start_for_pe_50_U0)' using Shift Registers.
INFO: [RTMG 210-285] Implementing FIFO 'start_for_pe_51_U0_U(gemm_tile_start_for_pe_51_U0)' using Shift Registers.
INFO: [RTMG 210-285] Implementing FIFO 'start_for_pe_52_U0_U(gemm_tile_start_for_pe_52_U0)' using Shift Registers.
INFO: [RTMG 210-285] Implementing FIFO 'start_for_pe_53_U0_U(gemm_tile_start_for_pe_53_U0)' using Shift Registers.
INFO: [RTMG 210-285] Implementing FIFO 'start_for_pe_54_U0_U(gemm_tile_start_for_pe_54_U0)' using Shift Registers.
INFO: [RTMG 210-285] Implementing FIFO 'start_for_pe_55_U0_U(gemm_tile_start_for_pe_55_U0)' using Shift Registers.
INFO: [RTMG 210-285] Implementing FIFO 'start_for_pe_56_U0_U(gemm_tile_start_for_pe_56_U0)' using Shift Registers.
INFO: [RTMG 210-285] Implementing FIFO 'start_for_pe_57_U0_U(gemm_tile_start_for_pe_57_U0)' using Shift Registers.
INFO: [RTMG 210-285] Implementing FIFO 'start_for_pe_58_U0_U(gemm_tile_start_for_pe_58_U0)' using Shift Registers.
INFO: [RTMG 210-285] Implementing FIFO 'start_for_pe_59_U0_U(gemm_tile_start_for_pe_59_U0)' using Shift Registers.
INFO: [RTMG 210-285] Implementing FIFO 'start_for_pe_60_U0_U(gemm_tile_start_for_pe_60_U0)' using Shift Registers.
INFO: [RTMG 210-285] Implementing FIFO 'start_for_pe_61_U0_U(gemm_tile_start_for_pe_61_U0)' using Shift Registers.
INFO: [RTMG 210-285] Implementing FIFO 'start_for_pe_62_U0_U(gemm_tile_start_for_pe_62_U0)' using Shift Registers.
INFO: [RTMG 210-285] Implementing FIFO 'start_for_pe_63_U0_U(gemm_tile_start_for_pe_63_U0)' using Shift Registers.
INFO: [RTMG 210-285] Implementing FIFO 'start_for_pe_U0_U(gemm_tile_start_for_pe_U0)' using Shift Registers.
INFO: [HLS 200-111] Finished Creating RTL model: CPU user time: 4.79 seconds. CPU system time: 0.27 seconds. Elapsed time: 5.08 seconds; current allocated memory: 1.098 GB.
INFO: [HLS 200-111] Finished Generating all RTL models: CPU user time: 0.7 seconds. CPU system time: 0.13 seconds. Elapsed time: 0.84 seconds; current allocated memory: 1.102 GB.
INFO: [HLS 200-111] Finished Updating report files: CPU user time: 2.98 seconds. CPU system time: 0.06 seconds. Elapsed time: 3.05 seconds; current allocated memory: 1.123 GB.
INFO: [VHDL 208-304] Generating VHDL RTL for gemm_tile.
INFO: [VLOG 209-307] Generating Verilog RTL for gemm_tile.
INFO: [HLS 200-790] **** Loop Constraint Status: All loop constraints were NOT satisfied.
INFO: [HLS 200-789] **** Estimated Fmax: 452.19 MHz
INFO: [HLS 200-111] Finished Command csynth_design CPU user time: 51.11 seconds. CPU system time: 3.87 seconds. Elapsed time: 57.47 seconds; current allocated memory: 896.688 MB.
INFO: [HLS 200-1510] Running: export_design -format ip_catalog 
INFO: [IMPL 213-8] Exporting RTL as a Vivado IP.

****** Vivado v2023.2 (64-bit)
  **** SW Build 4029153 on Fri Oct 13 20:13:54 MDT 2023
  **** IP Build 4028589 on Sat Oct 14 00:45:43 MDT 2023
  **** SharedData Build 4025554 on Tue Oct 10 17:18:54 MDT 2023
    ** Copyright 1986-2022 Xilinx, Inc. All Rights Reserved.
    ** Copyright 2022-2023 Advanced Micro Devices, Inc. All Rights Reserved.

source run_ippack.tcl -notrace
ipx::create_core: Time (s): cpu = 00:00:07 ; elapsed = 00:00:07 . Memory (MB): peak = 1598.812 ; gain = 40.836 ; free physical = 108587 ; free virtual = 189969
INFO: [IP_Flow 19-234] Refreshing IP repositories
INFO: [IP_Flow 19-1704] No user IP repositories specified
INFO: [IP_Flow 19-2313] Loaded Vivado IP repository '/opt/xilinx/Vivado/2023.2/data/ip'.
INFO: [Common 17-206] Exiting Vivado at Tue Sep  8 00:19:44 2026...
INFO: [HLS 200-802] Generated output file prj/sol/impl/export.zip
INFO: [HLS 200-111] Finished Command export_design CPU user time: 25.36 seconds. CPU system time: 0.86 seconds. Elapsed time: 35.13 seconds; current allocated memory: 6.734 MB.
INFO: [HLS 200-112] Total CPU user time: 78.74 seconds. Total CPU system time: 5.05 seconds. Total elapsed time: 94.97 seconds; peak allocated memory: 1.136 GB.
INFO: [Common 17-206] Exiting vitis_hls at Tue Sep  8 00:19:54 2026...
