
****** Vivado v2023.2 (64-bit)
  **** SW Build 4029153 on Fri Oct 13 20:13:54 MDT 2023
  **** IP Build 4028589 on Sat Oct 14 00:45:43 MDT 2023
  **** SharedData Build 4025554 on Tue Oct 10 17:18:54 MDT 2023
    ** Copyright 1986-2022 Xilinx, Inc. All Rights Reserved.
    ** Copyright 2022-2023 Advanced Micro Devices, Inc. All Rights Reserved.

source pnr.tcl
# read_verilog /scratch/hc676/e3_micro/gemmini_elab/mxuaccvpu_out_16_r64_noact/MxuAccVpu.v
read_verilog: Time (s): cpu = 00:00:08 ; elapsed = 00:00:08 . Memory (MB): peak = 1556.332 ; gain = 36.836 ; free physical = 18441 ; free virtual = 115255
# synth_design -top MxuAccVpu -part xcu280-fsvh2892-2L-e -mode out_of_context
Command: synth_design -top MxuAccVpu -part xcu280-fsvh2892-2L-e -mode out_of_context
Starting synth_design
Attempting to get a license for feature 'Synthesis' and/or device 'xcu280'
INFO: [Common 17-349] Got license for feature 'Synthesis' and/or device 'xcu280'
INFO: [Synth 8-7079] Multithreading enabled for synth_design using a maximum of 4 processes.
INFO: [Synth 8-7078] Launching helper process for spawning children vivado processes
INFO: [Synth 8-7075] Helper process launched with PID 129367
---------------------------------------------------------------------------------
Starting Synthesize : Time (s): cpu = 00:00:05 ; elapsed = 00:00:05 . Memory (MB): peak = 1976.867 ; gain = 413.566 ; free physical = 16270 ; free virtual = 113175
---------------------------------------------------------------------------------
INFO: [Synth 8-6157] synthesizing module 'MxuAccVpu' [/scratch/hc676/e3_micro/gemmini_elab/mxuaccvpu_out_16_r64_noact/MxuAccVpu.v:42419]
INFO: [Synth 8-6157] synthesizing module 'MeshWithDelays' [/scratch/hc676/e3_micro/gemmini_elab/mxuaccvpu_out_16_r64_noact/MxuAccVpu.v:30534]
INFO: [Synth 8-6157] synthesizing module 'AlwaysOutTransposer' [/scratch/hc676/e3_micro/gemmini_elab/mxuaccvpu_out_16_r64_noact/MxuAccVpu.v:71]
INFO: [Synth 8-6157] synthesizing module 'PE' [/scratch/hc676/e3_micro/gemmini_elab/mxuaccvpu_out_16_r64_noact/MxuAccVpu.v:1]
INFO: [Synth 8-6155] done synthesizing module 'PE' (0#1) [/scratch/hc676/e3_micro/gemmini_elab/mxuaccvpu_out_16_r64_noact/MxuAccVpu.v:1]
INFO: [Synth 8-6155] done synthesizing module 'AlwaysOutTransposer' (0#1) [/scratch/hc676/e3_micro/gemmini_elab/mxuaccvpu_out_16_r64_noact/MxuAccVpu.v:71]
INFO: [Synth 8-6157] synthesizing module 'Mesh' [/scratch/hc676/e3_micro/gemmini_elab/mxuaccvpu_out_16_r64_noact/MxuAccVpu.v:5869]
INFO: [Synth 8-6157] synthesizing module 'Tile' [/scratch/hc676/e3_micro/gemmini_elab/mxuaccvpu_out_16_r64_noact/MxuAccVpu.v:5725]
INFO: [Synth 8-6157] synthesizing module 'PE_256' [/scratch/hc676/e3_micro/gemmini_elab/mxuaccvpu_out_16_r64_noact/MxuAccVpu.v:5622]
INFO: [Synth 8-6157] synthesizing module 'MacUnit' [/scratch/hc676/e3_micro/gemmini_elab/mxuaccvpu_out_16_r64_noact/MxuAccVpu.v:5612]
INFO: [Synth 8-6155] done synthesizing module 'MacUnit' (0#1) [/scratch/hc676/e3_micro/gemmini_elab/mxuaccvpu_out_16_r64_noact/MxuAccVpu.v:5612]
INFO: [Synth 8-6155] done synthesizing module 'PE_256' (0#1) [/scratch/hc676/e3_micro/gemmini_elab/mxuaccvpu_out_16_r64_noact/MxuAccVpu.v:5622]
INFO: [Synth 8-6155] done synthesizing module 'Tile' (0#1) [/scratch/hc676/e3_micro/gemmini_elab/mxuaccvpu_out_16_r64_noact/MxuAccVpu.v:5725]
INFO: [Synth 8-6157] synthesizing module 'Tile_240' [/scratch/hc676/e3_micro/gemmini_elab/mxuaccvpu_out_16_r64_noact/MxuAccVpu.v:5798]
INFO: [Synth 8-6155] done synthesizing module 'Tile_240' (0#1) [/scratch/hc676/e3_micro/gemmini_elab/mxuaccvpu_out_16_r64_noact/MxuAccVpu.v:5798]
INFO: [Synth 8-6155] done synthesizing module 'Mesh' (0#1) [/scratch/hc676/e3_micro/gemmini_elab/mxuaccvpu_out_16_r64_noact/MxuAccVpu.v:5869]
INFO: [Synth 8-6157] synthesizing module 'TagQueue' [/scratch/hc676/e3_micro/gemmini_elab/mxuaccvpu_out_16_r64_noact/MxuAccVpu.v:30076]
INFO: [Synth 8-6155] done synthesizing module 'TagQueue' (0#1) [/scratch/hc676/e3_micro/gemmini_elab/mxuaccvpu_out_16_r64_noact/MxuAccVpu.v:30076]
INFO: [Synth 8-6157] synthesizing module 'Queue' [/scratch/hc676/e3_micro/gemmini_elab/mxuaccvpu_out_16_r64_noact/MxuAccVpu.v:30392]
INFO: [Synth 8-6155] done synthesizing module 'Queue' (0#1) [/scratch/hc676/e3_micro/gemmini_elab/mxuaccvpu_out_16_r64_noact/MxuAccVpu.v:30392]
INFO: [Synth 8-6155] done synthesizing module 'MeshWithDelays' (0#1) [/scratch/hc676/e3_micro/gemmini_elab/mxuaccvpu_out_16_r64_noact/MxuAccVpu.v:30534]
INFO: [Synth 8-6157] synthesizing module 'AccumulatorMem' [/scratch/hc676/e3_micro/gemmini_elab/mxuaccvpu_out_16_r64_noact/MxuAccVpu.v:40709]
INFO: [Synth 8-6157] synthesizing module 'TwoPortSyncMem' [/scratch/hc676/e3_micro/gemmini_elab/mxuaccvpu_out_16_r64_noact/MxuAccVpu.v:37812]
INFO: [Synth 8-6155] done synthesizing module 'TwoPortSyncMem' (0#1) [/scratch/hc676/e3_micro/gemmini_elab/mxuaccvpu_out_16_r64_noact/MxuAccVpu.v:37812]
INFO: [Synth 8-6157] synthesizing module 'Queue_1' [/scratch/hc676/e3_micro/gemmini_elab/mxuaccvpu_out_16_r64_noact/MxuAccVpu.v:40149]
INFO: [Synth 8-6155] done synthesizing module 'Queue_1' (0#1) [/scratch/hc676/e3_micro/gemmini_elab/mxuaccvpu_out_16_r64_noact/MxuAccVpu.v:40149]
INFO: [Synth 8-6155] done synthesizing module 'AccumulatorMem' (0#1) [/scratch/hc676/e3_micro/gemmini_elab/mxuaccvpu_out_16_r64_noact/MxuAccVpu.v:40709]
INFO: [Synth 8-6157] synthesizing module 'AccPipeShared' [/scratch/hc676/e3_micro/gemmini_elab/mxuaccvpu_out_16_r64_noact/MxuAccVpu.v:41443]
INFO: [Synth 8-6157] synthesizing module 'AccPipe' [/scratch/hc676/e3_micro/gemmini_elab/mxuaccvpu_out_16_r64_noact/MxuAccVpu.v:41383]
INFO: [Synth 8-6155] done synthesizing module 'AccPipe' (0#1) [/scratch/hc676/e3_micro/gemmini_elab/mxuaccvpu_out_16_r64_noact/MxuAccVpu.v:41383]
INFO: [Synth 8-6155] done synthesizing module 'AccPipeShared' (0#1) [/scratch/hc676/e3_micro/gemmini_elab/mxuaccvpu_out_16_r64_noact/MxuAccVpu.v:41443]
INFO: [Synth 8-6157] synthesizing module 'AccumulatorScale' [/scratch/hc676/e3_micro/gemmini_elab/mxuaccvpu_out_16_r64_noact/MxuAccVpu.v:42058]
INFO: [Synth 8-6157] synthesizing module 'Pipeline' [/scratch/hc676/e3_micro/gemmini_elab/mxuaccvpu_out_16_r64_noact/MxuAccVpu.v:41817]
INFO: [Synth 8-6155] done synthesizing module 'Pipeline' (0#1) [/scratch/hc676/e3_micro/gemmini_elab/mxuaccvpu_out_16_r64_noact/MxuAccVpu.v:41817]
INFO: [Synth 8-6155] done synthesizing module 'AccumulatorScale' (0#1) [/scratch/hc676/e3_micro/gemmini_elab/mxuaccvpu_out_16_r64_noact/MxuAccVpu.v:42058]
INFO: [Synth 8-6155] done synthesizing module 'MxuAccVpu' (0#1) [/scratch/hc676/e3_micro/gemmini_elab/mxuaccvpu_out_16_r64_noact/MxuAccVpu.v:42419]
WARNING: [Synth 8-6014] Unused sequential element mesh_io_in_control_2_0_dataflow_r_reg was removed.  [/scratch/hc676/e3_micro/gemmini_elab/mxuaccvpu_out_16_r64_noact/MxuAccVpu.v:34500]
WARNING: [Synth 8-6014] Unused sequential element mesh_io_in_control_2_0_propagate_r_reg was removed.  [/scratch/hc676/e3_micro/gemmini_elab/mxuaccvpu_out_16_r64_noact/MxuAccVpu.v:34502]
WARNING: [Synth 8-6014] Unused sequential element mesh_io_in_control_3_0_dataflow_r_reg was removed.  [/scratch/hc676/e3_micro/gemmini_elab/mxuaccvpu_out_16_r64_noact/MxuAccVpu.v:34504]
WARNING: [Synth 8-6014] Unused sequential element mesh_io_in_control_3_0_propagate_r_reg was removed.  [/scratch/hc676/e3_micro/gemmini_elab/mxuaccvpu_out_16_r64_noact/MxuAccVpu.v:34507]
WARNING: [Synth 8-6014] Unused sequential element mesh_io_in_control_4_0_dataflow_r_reg was removed.  [/scratch/hc676/e3_micro/gemmini_elab/mxuaccvpu_out_16_r64_noact/MxuAccVpu.v:34510]
WARNING: [Synth 8-6014] Unused sequential element mesh_io_in_control_4_0_propagate_r_reg was removed.  [/scratch/hc676/e3_micro/gemmini_elab/mxuaccvpu_out_16_r64_noact/MxuAccVpu.v:34514]
WARNING: [Synth 8-6014] Unused sequential element mesh_io_in_control_5_0_dataflow_r_reg was removed.  [/scratch/hc676/e3_micro/gemmini_elab/mxuaccvpu_out_16_r64_noact/MxuAccVpu.v:34518]
WARNING: [Synth 8-6014] Unused sequential element mesh_io_in_control_5_0_propagate_r_reg was removed.  [/scratch/hc676/e3_micro/gemmini_elab/mxuaccvpu_out_16_r64_noact/MxuAccVpu.v:34523]
WARNING: [Synth 8-6014] Unused sequential element mesh_io_in_control_6_0_dataflow_r_reg was removed.  [/scratch/hc676/e3_micro/gemmini_elab/mxuaccvpu_out_16_r64_noact/MxuAccVpu.v:34528]
WARNING: [Synth 8-6014] Unused sequential element mesh_io_in_control_6_0_propagate_r_reg was removed.  [/scratch/hc676/e3_micro/gemmini_elab/mxuaccvpu_out_16_r64_noact/MxuAccVpu.v:34534]
WARNING: [Synth 8-6014] Unused sequential element mesh_io_in_control_7_0_dataflow_r_reg was removed.  [/scratch/hc676/e3_micro/gemmini_elab/mxuaccvpu_out_16_r64_noact/MxuAccVpu.v:34540]
WARNING: [Synth 8-6014] Unused sequential element mesh_io_in_control_7_0_propagate_r_reg was removed.  [/scratch/hc676/e3_micro/gemmini_elab/mxuaccvpu_out_16_r64_noact/MxuAccVpu.v:34547]
WARNING: [Synth 8-6014] Unused sequential element mesh_io_in_control_8_0_dataflow_r_reg was removed.  [/scratch/hc676/e3_micro/gemmini_elab/mxuaccvpu_out_16_r64_noact/MxuAccVpu.v:34554]
WARNING: [Synth 8-6014] Unused sequential element mesh_io_in_control_8_0_propagate_r_reg was removed.  [/scratch/hc676/e3_micro/gemmini_elab/mxuaccvpu_out_16_r64_noact/MxuAccVpu.v:34562]
WARNING: [Synth 8-6014] Unused sequential element mesh_io_in_control_9_0_dataflow_r_reg was removed.  [/scratch/hc676/e3_micro/gemmini_elab/mxuaccvpu_out_16_r64_noact/MxuAccVpu.v:34570]
WARNING: [Synth 8-6014] Unused sequential element mesh_io_in_control_9_0_propagate_r_reg was removed.  [/scratch/hc676/e3_micro/gemmini_elab/mxuaccvpu_out_16_r64_noact/MxuAccVpu.v:34579]
WARNING: [Synth 8-6014] Unused sequential element mesh_io_in_control_10_0_dataflow_r_reg was removed.  [/scratch/hc676/e3_micro/gemmini_elab/mxuaccvpu_out_16_r64_noact/MxuAccVpu.v:34588]
WARNING: [Synth 8-6014] Unused sequential element mesh_io_in_control_10_0_propagate_r_reg was removed.  [/scratch/hc676/e3_micro/gemmini_elab/mxuaccvpu_out_16_r64_noact/MxuAccVpu.v:34598]
WARNING: [Synth 8-6014] Unused sequential element mesh_io_in_control_11_0_dataflow_r_reg was removed.  [/scratch/hc676/e3_micro/gemmini_elab/mxuaccvpu_out_16_r64_noact/MxuAccVpu.v:34608]
WARNING: [Synth 8-6014] Unused sequential element mesh_io_in_control_11_0_propagate_r_reg was removed.  [/scratch/hc676/e3_micro/gemmini_elab/mxuaccvpu_out_16_r64_noact/MxuAccVpu.v:34619]
WARNING: [Synth 8-6014] Unused sequential element mesh_io_in_control_12_0_dataflow_r_reg was removed.  [/scratch/hc676/e3_micro/gemmini_elab/mxuaccvpu_out_16_r64_noact/MxuAccVpu.v:34630]
WARNING: [Synth 8-6014] Unused sequential element mesh_io_in_control_12_0_propagate_r_reg was removed.  [/scratch/hc676/e3_micro/gemmini_elab/mxuaccvpu_out_16_r64_noact/MxuAccVpu.v:34642]
WARNING: [Synth 8-6014] Unused sequential element mesh_io_in_control_13_0_dataflow_r_reg was removed.  [/scratch/hc676/e3_micro/gemmini_elab/mxuaccvpu_out_16_r64_noact/MxuAccVpu.v:34654]
WARNING: [Synth 8-6014] Unused sequential element mesh_io_in_control_13_0_propagate_r_reg was removed.  [/scratch/hc676/e3_micro/gemmini_elab/mxuaccvpu_out_16_r64_noact/MxuAccVpu.v:34667]
WARNING: [Synth 8-6014] Unused sequential element mesh_io_in_control_14_0_dataflow_r_reg was removed.  [/scratch/hc676/e3_micro/gemmini_elab/mxuaccvpu_out_16_r64_noact/MxuAccVpu.v:34680]
WARNING: [Synth 8-6014] Unused sequential element mesh_io_in_control_14_0_propagate_r_reg was removed.  [/scratch/hc676/e3_micro/gemmini_elab/mxuaccvpu_out_16_r64_noact/MxuAccVpu.v:34694]
WARNING: [Synth 8-6014] Unused sequential element mesh_io_in_control_15_0_dataflow_r_reg was removed.  [/scratch/hc676/e3_micro/gemmini_elab/mxuaccvpu_out_16_r64_noact/MxuAccVpu.v:34708]
WARNING: [Synth 8-6014] Unused sequential element mesh_io_in_control_15_0_propagate_r_reg was removed.  [/scratch/hc676/e3_micro/gemmini_elab/mxuaccvpu_out_16_r64_noact/MxuAccVpu.v:34723]
WARNING: [Synth 8-6014] Unused sequential element RegShifted_r_420_0_reg was removed.  [/scratch/hc676/e3_micro/gemmini_elab/mxuaccvpu_out_16_r64_noact/MxuAccVpu.v:34859]
WARNING: [Synth 8-6014] Unused sequential element RegShifted_r_421_0_reg was removed.  [/scratch/hc676/e3_micro/gemmini_elab/mxuaccvpu_out_16_r64_noact/MxuAccVpu.v:34861]
WARNING: [Synth 8-6014] Unused sequential element RegShifted_r_423_0_reg was removed.  [/scratch/hc676/e3_micro/gemmini_elab/mxuaccvpu_out_16_r64_noact/MxuAccVpu.v:34864]
WARNING: [Synth 8-6014] Unused sequential element RegShifted_r_426_0_reg was removed.  [/scratch/hc676/e3_micro/gemmini_elab/mxuaccvpu_out_16_r64_noact/MxuAccVpu.v:34868]
WARNING: [Synth 8-6014] Unused sequential element RegShifted_r_430_0_reg was removed.  [/scratch/hc676/e3_micro/gemmini_elab/mxuaccvpu_out_16_r64_noact/MxuAccVpu.v:34873]
WARNING: [Synth 8-6014] Unused sequential element RegShifted_r_435_0_reg was removed.  [/scratch/hc676/e3_micro/gemmini_elab/mxuaccvpu_out_16_r64_noact/MxuAccVpu.v:34879]
WARNING: [Synth 8-6014] Unused sequential element RegShifted_r_441_0_reg was removed.  [/scratch/hc676/e3_micro/gemmini_elab/mxuaccvpu_out_16_r64_noact/MxuAccVpu.v:34886]
WARNING: [Synth 8-6014] Unused sequential element RegShifted_r_448_0_reg was removed.  [/scratch/hc676/e3_micro/gemmini_elab/mxuaccvpu_out_16_r64_noact/MxuAccVpu.v:34894]
WARNING: [Synth 8-6014] Unused sequential element RegShifted_r_456_0_reg was removed.  [/scratch/hc676/e3_micro/gemmini_elab/mxuaccvpu_out_16_r64_noact/MxuAccVpu.v:34903]
WARNING: [Synth 8-6014] Unused sequential element RegShifted_r_465_0_reg was removed.  [/scratch/hc676/e3_micro/gemmini_elab/mxuaccvpu_out_16_r64_noact/MxuAccVpu.v:34913]
WARNING: [Synth 8-6014] Unused sequential element RegShifted_r_475_0_reg was removed.  [/scratch/hc676/e3_micro/gemmini_elab/mxuaccvpu_out_16_r64_noact/MxuAccVpu.v:34924]
WARNING: [Synth 8-6014] Unused sequential element RegShifted_r_486_0_reg was removed.  [/scratch/hc676/e3_micro/gemmini_elab/mxuaccvpu_out_16_r64_noact/MxuAccVpu.v:34936]
WARNING: [Synth 8-6014] Unused sequential element RegShifted_r_498_0_reg was removed.  [/scratch/hc676/e3_micro/gemmini_elab/mxuaccvpu_out_16_r64_noact/MxuAccVpu.v:34949]
WARNING: [Synth 8-6014] Unused sequential element RegShifted_r_511_0_reg was removed.  [/scratch/hc676/e3_micro/gemmini_elab/mxuaccvpu_out_16_r64_noact/MxuAccVpu.v:34963]
WARNING: [Synth 8-6014] Unused sequential element mesh_io_in_control_3_0_dataflow_r_1_reg was removed.  [/scratch/hc676/e3_micro/gemmini_elab/mxuaccvpu_out_16_r64_noact/MxuAccVpu.v:34505]
WARNING: [Synth 8-6014] Unused sequential element mesh_io_in_control_3_0_propagate_r_1_reg was removed.  [/scratch/hc676/e3_micro/gemmini_elab/mxuaccvpu_out_16_r64_noact/MxuAccVpu.v:34508]
WARNING: [Synth 8-6014] Unused sequential element mesh_io_in_control_4_0_dataflow_r_1_reg was removed.  [/scratch/hc676/e3_micro/gemmini_elab/mxuaccvpu_out_16_r64_noact/MxuAccVpu.v:34511]
WARNING: [Synth 8-6014] Unused sequential element mesh_io_in_control_4_0_dataflow_r_2_reg was removed.  [/scratch/hc676/e3_micro/gemmini_elab/mxuaccvpu_out_16_r64_noact/MxuAccVpu.v:34512]
WARNING: [Synth 8-6014] Unused sequential element mesh_io_in_control_4_0_propagate_r_1_reg was removed.  [/scratch/hc676/e3_micro/gemmini_elab/mxuaccvpu_out_16_r64_noact/MxuAccVpu.v:34515]
WARNING: [Synth 8-6014] Unused sequential element mesh_io_in_control_4_0_propagate_r_2_reg was removed.  [/scratch/hc676/e3_micro/gemmini_elab/mxuaccvpu_out_16_r64_noact/MxuAccVpu.v:34516]
WARNING: [Synth 8-6014] Unused sequential element mesh_io_in_control_5_0_dataflow_r_1_reg was removed.  [/scratch/hc676/e3_micro/gemmini_elab/mxuaccvpu_out_16_r64_noact/MxuAccVpu.v:34519]
WARNING: [Synth 8-6014] Unused sequential element mesh_io_in_control_5_0_dataflow_r_2_reg was removed.  [/scratch/hc676/e3_micro/gemmini_elab/mxuaccvpu_out_16_r64_noact/MxuAccVpu.v:34520]
WARNING: [Synth 8-6014] Unused sequential element mesh_io_in_control_5_0_dataflow_r_3_reg was removed.  [/scratch/hc676/e3_micro/gemmini_elab/mxuaccvpu_out_16_r64_noact/MxuAccVpu.v:34521]
WARNING: [Synth 8-6014] Unused sequential element mesh_io_in_control_5_0_propagate_r_1_reg was removed.  [/scratch/hc676/e3_micro/gemmini_elab/mxuaccvpu_out_16_r64_noact/MxuAccVpu.v:34524]
WARNING: [Synth 8-6014] Unused sequential element mesh_io_in_control_5_0_propagate_r_2_reg was removed.  [/scratch/hc676/e3_micro/gemmini_elab/mxuaccvpu_out_16_r64_noact/MxuAccVpu.v:34525]
WARNING: [Synth 8-6014] Unused sequential element mesh_io_in_control_5_0_propagate_r_3_reg was removed.  [/scratch/hc676/e3_micro/gemmini_elab/mxuaccvpu_out_16_r64_noact/MxuAccVpu.v:34526]
WARNING: [Synth 8-6014] Unused sequential element mesh_io_in_control_6_0_dataflow_r_1_reg was removed.  [/scratch/hc676/e3_micro/gemmini_elab/mxuaccvpu_out_16_r64_noact/MxuAccVpu.v:34529]
WARNING: [Synth 8-6014] Unused sequential element mesh_io_in_control_6_0_dataflow_r_2_reg was removed.  [/scratch/hc676/e3_micro/gemmini_elab/mxuaccvpu_out_16_r64_noact/MxuAccVpu.v:34530]
WARNING: [Synth 8-6014] Unused sequential element mesh_io_in_control_6_0_dataflow_r_3_reg was removed.  [/scratch/hc676/e3_micro/gemmini_elab/mxuaccvpu_out_16_r64_noact/MxuAccVpu.v:34531]
WARNING: [Synth 8-6014] Unused sequential element mesh_io_in_control_6_0_dataflow_r_4_reg was removed.  [/scratch/hc676/e3_micro/gemmini_elab/mxuaccvpu_out_16_r64_noact/MxuAccVpu.v:34532]
WARNING: [Synth 8-6014] Unused sequential element mesh_io_in_control_6_0_propagate_r_1_reg was removed.  [/scratch/hc676/e3_micro/gemmini_elab/mxuaccvpu_out_16_r64_noact/MxuAccVpu.v:34535]
WARNING: [Synth 8-6014] Unused sequential element mesh_io_in_control_6_0_propagate_r_2_reg was removed.  [/scratch/hc676/e3_micro/gemmini_elab/mxuaccvpu_out_16_r64_noact/MxuAccVpu.v:34536]
WARNING: [Synth 8-6014] Unused sequential element mesh_io_in_control_6_0_propagate_r_3_reg was removed.  [/scratch/hc676/e3_micro/gemmini_elab/mxuaccvpu_out_16_r64_noact/MxuAccVpu.v:34537]
WARNING: [Synth 8-6014] Unused sequential element mesh_io_in_control_6_0_propagate_r_4_reg was removed.  [/scratch/hc676/e3_micro/gemmini_elab/mxuaccvpu_out_16_r64_noact/MxuAccVpu.v:34538]
WARNING: [Synth 8-6014] Unused sequential element mesh_io_in_control_7_0_dataflow_r_1_reg was removed.  [/scratch/hc676/e3_micro/gemmini_elab/mxuaccvpu_out_16_r64_noact/MxuAccVpu.v:34541]
WARNING: [Synth 8-6014] Unused sequential element mesh_io_in_control_7_0_dataflow_r_2_reg was removed.  [/scratch/hc676/e3_micro/gemmini_elab/mxuaccvpu_out_16_r64_noact/MxuAccVpu.v:34542]
WARNING: [Synth 8-6014] Unused sequential element mesh_io_in_control_7_0_dataflow_r_3_reg was removed.  [/scratch/hc676/e3_micro/gemmini_elab/mxuaccvpu_out_16_r64_noact/MxuAccVpu.v:34543]
WARNING: [Synth 8-6014] Unused sequential element mesh_io_in_control_7_0_dataflow_r_4_reg was removed.  [/scratch/hc676/e3_micro/gemmini_elab/mxuaccvpu_out_16_r64_noact/MxuAccVpu.v:34544]
WARNING: [Synth 8-6014] Unused sequential element mesh_io_in_control_7_0_dataflow_r_5_reg was removed.  [/scratch/hc676/e3_micro/gemmini_elab/mxuaccvpu_out_16_r64_noact/MxuAccVpu.v:34545]
WARNING: [Synth 8-6014] Unused sequential element mesh_io_in_control_7_0_propagate_r_1_reg was removed.  [/scratch/hc676/e3_micro/gemmini_elab/mxuaccvpu_out_16_r64_noact/MxuAccVpu.v:34548]
WARNING: [Synth 8-6014] Unused sequential element mesh_io_in_control_7_0_propagate_r_2_reg was removed.  [/scratch/hc676/e3_micro/gemmini_elab/mxuaccvpu_out_16_r64_noact/MxuAccVpu.v:34549]
WARNING: [Synth 8-6014] Unused sequential element mesh_io_in_control_7_0_propagate_r_3_reg was removed.  [/scratch/hc676/e3_micro/gemmini_elab/mxuaccvpu_out_16_r64_noact/MxuAccVpu.v:34550]
WARNING: [Synth 8-6014] Unused sequential element mesh_io_in_control_7_0_propagate_r_4_reg was removed.  [/scratch/hc676/e3_micro/gemmini_elab/mxuaccvpu_out_16_r64_noact/MxuAccVpu.v:34551]
WARNING: [Synth 8-6014] Unused sequential element mesh_io_in_control_7_0_propagate_r_5_reg was removed.  [/scratch/hc676/e3_micro/gemmini_elab/mxuaccvpu_out_16_r64_noact/MxuAccVpu.v:34552]
WARNING: [Synth 8-6014] Unused sequential element mesh_io_in_control_8_0_dataflow_r_1_reg was removed.  [/scratch/hc676/e3_micro/gemmini_elab/mxuaccvpu_out_16_r64_noact/MxuAccVpu.v:34555]
WARNING: [Synth 8-6014] Unused sequential element mesh_io_in_control_8_0_dataflow_r_2_reg was removed.  [/scratch/hc676/e3_micro/gemmini_elab/mxuaccvpu_out_16_r64_noact/MxuAccVpu.v:34556]
WARNING: [Synth 8-6014] Unused sequential element mesh_io_in_control_8_0_dataflow_r_3_reg was removed.  [/scratch/hc676/e3_micro/gemmini_elab/mxuaccvpu_out_16_r64_noact/MxuAccVpu.v:34557]
WARNING: [Synth 8-6014] Unused sequential element mesh_io_in_control_8_0_dataflow_r_4_reg was removed.  [/scratch/hc676/e3_micro/gemmini_elab/mxuaccvpu_out_16_r64_noact/MxuAccVpu.v:34558]
WARNING: [Synth 8-6014] Unused sequential element mesh_io_in_control_8_0_dataflow_r_5_reg was removed.  [/scratch/hc676/e3_micro/gemmini_elab/mxuaccvpu_out_16_r64_noact/MxuAccVpu.v:34559]
WARNING: [Synth 8-6014] Unused sequential element mesh_io_in_control_8_0_dataflow_r_6_reg was removed.  [/scratch/hc676/e3_micro/gemmini_elab/mxuaccvpu_out_16_r64_noact/MxuAccVpu.v:34560]
WARNING: [Synth 8-6014] Unused sequential element mesh_io_in_control_8_0_propagate_r_1_reg was removed.  [/scratch/hc676/e3_micro/gemmini_elab/mxuaccvpu_out_16_r64_noact/MxuAccVpu.v:34563]
WARNING: [Synth 8-6014] Unused sequential element mesh_io_in_control_8_0_propagate_r_2_reg was removed.  [/scratch/hc676/e3_micro/gemmini_elab/mxuaccvpu_out_16_r64_noact/MxuAccVpu.v:34564]
WARNING: [Synth 8-6014] Unused sequential element mesh_io_in_control_8_0_propagate_r_3_reg was removed.  [/scratch/hc676/e3_micro/gemmini_elab/mxuaccvpu_out_16_r64_noact/MxuAccVpu.v:34565]
WARNING: [Synth 8-6014] Unused sequential element mesh_io_in_control_8_0_propagate_r_4_reg was removed.  [/scratch/hc676/e3_micro/gemmini_elab/mxuaccvpu_out_16_r64_noact/MxuAccVpu.v:34566]
WARNING: [Synth 8-6014] Unused sequential element mesh_io_in_control_8_0_propagate_r_5_reg was removed.  [/scratch/hc676/e3_micro/gemmini_elab/mxuaccvpu_out_16_r64_noact/MxuAccVpu.v:34567]
WARNING: [Synth 8-6014] Unused sequential element mesh_io_in_control_8_0_propagate_r_6_reg was removed.  [/scratch/hc676/e3_micro/gemmini_elab/mxuaccvpu_out_16_r64_noact/MxuAccVpu.v:34568]
WARNING: [Synth 8-6014] Unused sequential element mesh_io_in_control_9_0_dataflow_r_1_reg was removed.  [/scratch/hc676/e3_micro/gemmini_elab/mxuaccvpu_out_16_r64_noact/MxuAccVpu.v:34571]
WARNING: [Synth 8-6014] Unused sequential element mesh_io_in_control_9_0_dataflow_r_2_reg was removed.  [/scratch/hc676/e3_micro/gemmini_elab/mxuaccvpu_out_16_r64_noact/MxuAccVpu.v:34572]
WARNING: [Synth 8-6014] Unused sequential element mesh_io_in_control_9_0_dataflow_r_3_reg was removed.  [/scratch/hc676/e3_micro/gemmini_elab/mxuaccvpu_out_16_r64_noact/MxuAccVpu.v:34573]
WARNING: [Synth 8-6014] Unused sequential element mesh_io_in_control_9_0_dataflow_r_4_reg was removed.  [/scratch/hc676/e3_micro/gemmini_elab/mxuaccvpu_out_16_r64_noact/MxuAccVpu.v:34574]
WARNING: [Synth 8-6014] Unused sequential element mesh_io_in_control_9_0_dataflow_r_5_reg was removed.  [/scratch/hc676/e3_micro/gemmini_elab/mxuaccvpu_out_16_r64_noact/MxuAccVpu.v:34575]
WARNING: [Synth 8-6014] Unused sequential element mesh_io_in_control_9_0_dataflow_r_6_reg was removed.  [/scratch/hc676/e3_micro/gemmini_elab/mxuaccvpu_out_16_r64_noact/MxuAccVpu.v:34576]
WARNING: [Synth 8-6014] Unused sequential element mesh_io_in_control_9_0_dataflow_r_7_reg was removed.  [/scratch/hc676/e3_micro/gemmini_elab/mxuaccvpu_out_16_r64_noact/MxuAccVpu.v:34577]
WARNING: [Synth 8-6014] Unused sequential element mesh_io_in_control_9_0_propagate_r_1_reg was removed.  [/scratch/hc676/e3_micro/gemmini_elab/mxuaccvpu_out_16_r64_noact/MxuAccVpu.v:34580]
WARNING: [Synth 8-6014] Unused sequential element mesh_io_in_control_9_0_propagate_r_2_reg was removed.  [/scratch/hc676/e3_micro/gemmini_elab/mxuaccvpu_out_16_r64_noact/MxuAccVpu.v:34581]
WARNING: [Synth 8-6014] Unused sequential element mesh_io_in_control_9_0_propagate_r_3_reg was removed.  [/scratch/hc676/e3_micro/gemmini_elab/mxuaccvpu_out_16_r64_noact/MxuAccVpu.v:34582]
WARNING: [Synth 8-6014] Unused sequential element mesh_io_in_control_9_0_propagate_r_4_reg was removed.  [/scratch/hc676/e3_micro/gemmini_elab/mxuaccvpu_out_16_r64_noact/MxuAccVpu.v:34583]
WARNING: [Synth 8-6014] Unused sequential element mesh_io_in_control_9_0_propagate_r_5_reg was removed.  [/scratch/hc676/e3_micro/gemmini_elab/mxuaccvpu_out_16_r64_noact/MxuAccVpu.v:34584]
WARNING: [Synth 8-6014] Unused sequential element mesh_io_in_control_9_0_propagate_r_6_reg was removed.  [/scratch/hc676/e3_micro/gemmini_elab/mxuaccvpu_out_16_r64_noact/MxuAccVpu.v:34585]
WARNING: [Synth 8-6014] Unused sequential element mesh_io_in_control_9_0_propagate_r_7_reg was removed.  [/scratch/hc676/e3_micro/gemmini_elab/mxuaccvpu_out_16_r64_noact/MxuAccVpu.v:34586]
WARNING: [Synth 8-6014] Unused sequential element mesh_io_in_control_10_0_dataflow_r_1_reg was removed.  [/scratch/hc676/e3_micro/gemmini_elab/mxuaccvpu_out_16_r64_noact/MxuAccVpu.v:34589]
WARNING: [Synth 8-6014] Unused sequential element mesh_io_in_control_10_0_dataflow_r_2_reg was removed.  [/scratch/hc676/e3_micro/gemmini_elab/mxuaccvpu_out_16_r64_noact/MxuAccVpu.v:34590]
INFO: [Common 17-14] Message 'Synth 8-6014' appears 100 times and further instances of the messages will be disabled. Use the Tcl command set_msg_config to change the current settings.
WARNING: [Synth 8-4767] Trying to implement RAM 'ram_data_0_0_reg' in registers. Block RAM or DRAM implementation is not possible; see log for reasons.
Reason is one or more of the following :
	1: Write port has constant address. 
	2: No valid read/write found for RAM. 
	2: Only 1 word in RAM 
RAM "ram_data_0_0_reg" dissolved into registers
WARNING: [Synth 8-4767] Trying to implement RAM 'ram_data_1_0_reg' in registers. Block RAM or DRAM implementation is not possible; see log for reasons.
Reason is one or more of the following :
	1: Write port has constant address. 
	2: No valid read/write found for RAM. 
	2: Only 1 word in RAM 
RAM "ram_data_1_0_reg" dissolved into registers
WARNING: [Synth 8-4767] Trying to implement RAM 'ram_data_2_0_reg' in registers. Block RAM or DRAM implementation is not possible; see log for reasons.
Reason is one or more of the following :
	1: Write port has constant address. 
	2: No valid read/write found for RAM. 
	2: Only 1 word in RAM 
RAM "ram_data_2_0_reg" dissolved into registers
WARNING: [Synth 8-4767] Trying to implement RAM 'ram_data_3_0_reg' in registers. Block RAM or DRAM implementation is not possible; see log for reasons.
Reason is one or more of the following :
	1: Write port has constant address. 
	2: No valid read/write found for RAM. 
	2: Only 1 word in RAM 
RAM "ram_data_3_0_reg" dissolved into registers
WARNING: [Synth 8-4767] Trying to implement RAM 'ram_data_4_0_reg' in registers. Block RAM or DRAM implementation is not possible; see log for reasons.
Reason is one or more of the following :
	1: Write port has constant address. 
	2: No valid read/write found for RAM. 
	2: Only 1 word in RAM 
RAM "ram_data_4_0_reg" dissolved into registers
WARNING: [Synth 8-4767] Trying to implement RAM 'ram_data_5_0_reg' in registers. Block RAM or DRAM implementation is not possible; see log for reasons.
Reason is one or more of the following :
	1: Write port has constant address. 
	2: No valid read/write found for RAM. 
	2: Only 1 word in RAM 
RAM "ram_data_5_0_reg" dissolved into registers
WARNING: [Synth 8-4767] Trying to implement RAM 'ram_data_6_0_reg' in registers. Block RAM or DRAM implementation is not possible; see log for reasons.
Reason is one or more of the following :
	1: Write port has constant address. 
	2: No valid read/write found for RAM. 
	2: Only 1 word in RAM 
RAM "ram_data_6_0_reg" dissolved into registers
WARNING: [Synth 8-4767] Trying to implement RAM 'ram_data_7_0_reg' in registers. Block RAM or DRAM implementation is not possible; see log for reasons.
Reason is one or more of the following :
	1: Write port has constant address. 
	2: No valid read/write found for RAM. 
	2: Only 1 word in RAM 
RAM "ram_data_7_0_reg" dissolved into registers
WARNING: [Synth 8-4767] Trying to implement RAM 'ram_data_8_0_reg' in registers. Block RAM or DRAM implementation is not possible; see log for reasons.
Reason is one or more of the following :
	1: Write port has constant address. 
	2: No valid read/write found for RAM. 
	2: Only 1 word in RAM 
RAM "ram_data_8_0_reg" dissolved into registers
WARNING: [Synth 8-4767] Trying to implement RAM 'ram_data_9_0_reg' in registers. Block RAM or DRAM implementation is not possible; see log for reasons.
Reason is one or more of the following :
	1: Write port has constant address. 
	2: No valid read/write found for RAM. 
	2: Only 1 word in RAM 
RAM "ram_data_9_0_reg" dissolved into registers
WARNING: [Synth 8-4767] Trying to implement RAM 'ram_data_10_0_reg' in registers. Block RAM or DRAM implementation is not possible; see log for reasons.
Reason is one or more of the following :
	1: Write port has constant address. 
	2: No valid read/write found for RAM. 
	2: Only 1 word in RAM 
RAM "ram_data_10_0_reg" dissolved into registers
WARNING: [Synth 8-4767] Trying to implement RAM 'ram_data_11_0_reg' in registers. Block RAM or DRAM implementation is not possible; see log for reasons.
Reason is one or more of the following :
	1: Write port has constant address. 
	2: No valid read/write found for RAM. 
	2: Only 1 word in RAM 
RAM "ram_data_11_0_reg" dissolved into registers
WARNING: [Synth 8-4767] Trying to implement RAM 'ram_data_12_0_reg' in registers. Block RAM or DRAM implementation is not possible; see log for reasons.
Reason is one or more of the following :
	1: Write port has constant address. 
	2: No valid read/write found for RAM. 
	2: Only 1 word in RAM 
RAM "ram_data_12_0_reg" dissolved into registers
WARNING: [Synth 8-4767] Trying to implement RAM 'ram_data_13_0_reg' in registers. Block RAM or DRAM implementation is not possible; see log for reasons.
Reason is one or more of the following :
	1: Write port has constant address. 
	2: No valid read/write found for RAM. 
	2: Only 1 word in RAM 
RAM "ram_data_13_0_reg" dissolved into registers
WARNING: [Synth 8-4767] Trying to implement RAM 'ram_data_14_0_reg' in registers. Block RAM or DRAM implementation is not possible; see log for reasons.
Reason is one or more of the following :
	1: Write port has constant address. 
	2: No valid read/write found for RAM. 
	2: Only 1 word in RAM 
RAM "ram_data_14_0_reg" dissolved into registers
WARNING: [Synth 8-4767] Trying to implement RAM 'ram_data_15_0_reg' in registers. Block RAM or DRAM implementation is not possible; see log for reasons.
Reason is one or more of the following :
	1: Write port has constant address. 
	2: No valid read/write found for RAM. 
	2: Only 1 word in RAM 
RAM "ram_data_15_0_reg" dissolved into registers
WARNING: [Synth 8-4767] Trying to implement RAM 'ram_fromDMA_reg' in registers. Block RAM or DRAM implementation is not possible; see log for reasons.
Reason is one or more of the following :
	1: Write port has constant address. 
	2: No valid read/write found for RAM. 
	2: Only 1 word in RAM 
RAM "ram_fromDMA_reg" dissolved into registers
WARNING: [Synth 8-4767] Trying to implement RAM 'ram_scale_reg' in registers. Block RAM or DRAM implementation is not possible; see log for reasons.
Reason is one or more of the following :
	1: Write port has constant address. 
	2: No valid read/write found for RAM. 
	2: Only 1 word in RAM 
RAM "ram_scale_reg" dissolved into registers
WARNING: [Synth 8-4767] Trying to implement RAM 'ram_act_reg' in registers. Block RAM or DRAM implementation is not possible; see log for reasons.
Reason is one or more of the following :
	1: Write port has constant address. 
	2: No valid read/write found for RAM. 
	2: Only 1 word in RAM 
RAM "ram_act_reg" dissolved into registers
WARNING: [Synth 8-3917] design MxuAccVpu has port io_out_bits_full_data_0_0[31] driven by constant 0
WARNING: [Synth 8-3917] design MxuAccVpu has port io_out_bits_full_data_0_0[30] driven by constant 0
WARNING: [Synth 8-3917] design MxuAccVpu has port io_out_bits_full_data_0_0[29] driven by constant 0
WARNING: [Synth 8-3917] design MxuAccVpu has port io_out_bits_full_data_0_0[28] driven by constant 0
WARNING: [Synth 8-3917] design MxuAccVpu has port io_out_bits_full_data_0_0[27] driven by constant 0
WARNING: [Synth 8-3917] design MxuAccVpu has port io_out_bits_full_data_0_0[26] driven by constant 0
WARNING: [Synth 8-3917] design MxuAccVpu has port io_out_bits_full_data_0_0[25] driven by constant 0
WARNING: [Synth 8-3917] design MxuAccVpu has port io_out_bits_full_data_0_0[24] driven by constant 0
WARNING: [Synth 8-3917] design MxuAccVpu has port io_out_bits_full_data_0_0[23] driven by constant 0
WARNING: [Synth 8-3917] design MxuAccVpu has port io_out_bits_full_data_0_0[22] driven by constant 0
WARNING: [Synth 8-3917] design MxuAccVpu has port io_out_bits_full_data_0_0[21] driven by constant 0
WARNING: [Synth 8-3917] design MxuAccVpu has port io_out_bits_full_data_0_0[20] driven by constant 0
WARNING: [Synth 8-3917] design MxuAccVpu has port io_out_bits_full_data_0_0[19] driven by constant 0
WARNING: [Synth 8-3917] design MxuAccVpu has port io_out_bits_full_data_0_0[18] driven by constant 0
WARNING: [Synth 8-3917] design MxuAccVpu has port io_out_bits_full_data_0_0[17] driven by constant 0
WARNING: [Synth 8-3917] design MxuAccVpu has port io_out_bits_full_data_0_0[16] driven by constant 0
WARNING: [Synth 8-3917] design MxuAccVpu has port io_out_bits_full_data_0_0[15] driven by constant 0
WARNING: [Synth 8-3917] design MxuAccVpu has port io_out_bits_full_data_0_0[14] driven by constant 0
WARNING: [Synth 8-3917] design MxuAccVpu has port io_out_bits_full_data_0_0[13] driven by constant 0
WARNING: [Synth 8-3917] design MxuAccVpu has port io_out_bits_full_data_0_0[12] driven by constant 0
WARNING: [Synth 8-3917] design MxuAccVpu has port io_out_bits_full_data_0_0[11] driven by constant 0
WARNING: [Synth 8-3917] design MxuAccVpu has port io_out_bits_full_data_0_0[10] driven by constant 0
WARNING: [Synth 8-3917] design MxuAccVpu has port io_out_bits_full_data_0_0[9] driven by constant 0
WARNING: [Synth 8-3917] design MxuAccVpu has port io_out_bits_full_data_0_0[8] driven by constant 0
WARNING: [Synth 8-3917] design MxuAccVpu has port io_out_bits_full_data_0_0[7] driven by constant 0
WARNING: [Synth 8-3917] design MxuAccVpu has port io_out_bits_full_data_0_0[6] driven by constant 0
WARNING: [Synth 8-3917] design MxuAccVpu has port io_out_bits_full_data_0_0[5] driven by constant 0
WARNING: [Synth 8-3917] design MxuAccVpu has port io_out_bits_full_data_0_0[4] driven by constant 0
WARNING: [Synth 8-3917] design MxuAccVpu has port io_out_bits_full_data_0_0[3] driven by constant 0
WARNING: [Synth 8-3917] design MxuAccVpu has port io_out_bits_full_data_0_0[2] driven by constant 0
WARNING: [Synth 8-3917] design MxuAccVpu has port io_out_bits_full_data_0_0[1] driven by constant 0
WARNING: [Synth 8-3917] design MxuAccVpu has port io_out_bits_full_data_0_0[0] driven by constant 0
WARNING: [Synth 8-3917] design MxuAccVpu has port io_out_bits_full_data_1_0[31] driven by constant 0
WARNING: [Synth 8-3917] design MxuAccVpu has port io_out_bits_full_data_1_0[30] driven by constant 0
WARNING: [Synth 8-3917] design MxuAccVpu has port io_out_bits_full_data_1_0[29] driven by constant 0
WARNING: [Synth 8-3917] design MxuAccVpu has port io_out_bits_full_data_1_0[28] driven by constant 0
WARNING: [Synth 8-3917] design MxuAccVpu has port io_out_bits_full_data_1_0[27] driven by constant 0
WARNING: [Synth 8-3917] design MxuAccVpu has port io_out_bits_full_data_1_0[26] driven by constant 0
WARNING: [Synth 8-3917] design MxuAccVpu has port io_out_bits_full_data_1_0[25] driven by constant 0
WARNING: [Synth 8-3917] design MxuAccVpu has port io_out_bits_full_data_1_0[24] driven by constant 0
WARNING: [Synth 8-3917] design MxuAccVpu has port io_out_bits_full_data_1_0[23] driven by constant 0
WARNING: [Synth 8-3917] design MxuAccVpu has port io_out_bits_full_data_1_0[22] driven by constant 0
WARNING: [Synth 8-3917] design MxuAccVpu has port io_out_bits_full_data_1_0[21] driven by constant 0
WARNING: [Synth 8-3917] design MxuAccVpu has port io_out_bits_full_data_1_0[20] driven by constant 0
WARNING: [Synth 8-3917] design MxuAccVpu has port io_out_bits_full_data_1_0[19] driven by constant 0
WARNING: [Synth 8-3917] design MxuAccVpu has port io_out_bits_full_data_1_0[18] driven by constant 0
WARNING: [Synth 8-3917] design MxuAccVpu has port io_out_bits_full_data_1_0[17] driven by constant 0
WARNING: [Synth 8-3917] design MxuAccVpu has port io_out_bits_full_data_1_0[16] driven by constant 0
WARNING: [Synth 8-3917] design MxuAccVpu has port io_out_bits_full_data_1_0[15] driven by constant 0
WARNING: [Synth 8-3917] design MxuAccVpu has port io_out_bits_full_data_1_0[14] driven by constant 0
WARNING: [Synth 8-3917] design MxuAccVpu has port io_out_bits_full_data_1_0[13] driven by constant 0
WARNING: [Synth 8-3917] design MxuAccVpu has port io_out_bits_full_data_1_0[12] driven by constant 0
WARNING: [Synth 8-3917] design MxuAccVpu has port io_out_bits_full_data_1_0[11] driven by constant 0
WARNING: [Synth 8-3917] design MxuAccVpu has port io_out_bits_full_data_1_0[10] driven by constant 0
WARNING: [Synth 8-3917] design MxuAccVpu has port io_out_bits_full_data_1_0[9] driven by constant 0
WARNING: [Synth 8-3917] design MxuAccVpu has port io_out_bits_full_data_1_0[8] driven by constant 0
WARNING: [Synth 8-3917] design MxuAccVpu has port io_out_bits_full_data_1_0[7] driven by constant 0
WARNING: [Synth 8-3917] design MxuAccVpu has port io_out_bits_full_data_1_0[6] driven by constant 0
WARNING: [Synth 8-3917] design MxuAccVpu has port io_out_bits_full_data_1_0[5] driven by constant 0
WARNING: [Synth 8-3917] design MxuAccVpu has port io_out_bits_full_data_1_0[4] driven by constant 0
WARNING: [Synth 8-3917] design MxuAccVpu has port io_out_bits_full_data_1_0[3] driven by constant 0
WARNING: [Synth 8-3917] design MxuAccVpu has port io_out_bits_full_data_1_0[2] driven by constant 0
WARNING: [Synth 8-3917] design MxuAccVpu has port io_out_bits_full_data_1_0[1] driven by constant 0
WARNING: [Synth 8-3917] design MxuAccVpu has port io_out_bits_full_data_1_0[0] driven by constant 0
WARNING: [Synth 8-3917] design MxuAccVpu has port io_out_bits_full_data_2_0[31] driven by constant 0
WARNING: [Synth 8-3917] design MxuAccVpu has port io_out_bits_full_data_2_0[30] driven by constant 0
WARNING: [Synth 8-3917] design MxuAccVpu has port io_out_bits_full_data_2_0[29] driven by constant 0
WARNING: [Synth 8-3917] design MxuAccVpu has port io_out_bits_full_data_2_0[28] driven by constant 0
WARNING: [Synth 8-3917] design MxuAccVpu has port io_out_bits_full_data_2_0[27] driven by constant 0
WARNING: [Synth 8-3917] design MxuAccVpu has port io_out_bits_full_data_2_0[26] driven by constant 0
WARNING: [Synth 8-3917] design MxuAccVpu has port io_out_bits_full_data_2_0[25] driven by constant 0
WARNING: [Synth 8-3917] design MxuAccVpu has port io_out_bits_full_data_2_0[24] driven by constant 0
WARNING: [Synth 8-3917] design MxuAccVpu has port io_out_bits_full_data_2_0[23] driven by constant 0
WARNING: [Synth 8-3917] design MxuAccVpu has port io_out_bits_full_data_2_0[22] driven by constant 0
WARNING: [Synth 8-3917] design MxuAccVpu has port io_out_bits_full_data_2_0[21] driven by constant 0
WARNING: [Synth 8-3917] design MxuAccVpu has port io_out_bits_full_data_2_0[20] driven by constant 0
WARNING: [Synth 8-3917] design MxuAccVpu has port io_out_bits_full_data_2_0[19] driven by constant 0
WARNING: [Synth 8-3917] design MxuAccVpu has port io_out_bits_full_data_2_0[18] driven by constant 0
WARNING: [Synth 8-3917] design MxuAccVpu has port io_out_bits_full_data_2_0[17] driven by constant 0
WARNING: [Synth 8-3917] design MxuAccVpu has port io_out_bits_full_data_2_0[16] driven by constant 0
WARNING: [Synth 8-3917] design MxuAccVpu has port io_out_bits_full_data_2_0[15] driven by constant 0
WARNING: [Synth 8-3917] design MxuAccVpu has port io_out_bits_full_data_2_0[14] driven by constant 0
WARNING: [Synth 8-3917] design MxuAccVpu has port io_out_bits_full_data_2_0[13] driven by constant 0
WARNING: [Synth 8-3917] design MxuAccVpu has port io_out_bits_full_data_2_0[12] driven by constant 0
WARNING: [Synth 8-3917] design MxuAccVpu has port io_out_bits_full_data_2_0[11] driven by constant 0
WARNING: [Synth 8-3917] design MxuAccVpu has port io_out_bits_full_data_2_0[10] driven by constant 0
WARNING: [Synth 8-3917] design MxuAccVpu has port io_out_bits_full_data_2_0[9] driven by constant 0
WARNING: [Synth 8-3917] design MxuAccVpu has port io_out_bits_full_data_2_0[8] driven by constant 0
WARNING: [Synth 8-3917] design MxuAccVpu has port io_out_bits_full_data_2_0[7] driven by constant 0
WARNING: [Synth 8-3917] design MxuAccVpu has port io_out_bits_full_data_2_0[6] driven by constant 0
WARNING: [Synth 8-3917] design MxuAccVpu has port io_out_bits_full_data_2_0[5] driven by constant 0
WARNING: [Synth 8-3917] design MxuAccVpu has port io_out_bits_full_data_2_0[4] driven by constant 0
WARNING: [Synth 8-3917] design MxuAccVpu has port io_out_bits_full_data_2_0[3] driven by constant 0
WARNING: [Synth 8-3917] design MxuAccVpu has port io_out_bits_full_data_2_0[2] driven by constant 0
WARNING: [Synth 8-3917] design MxuAccVpu has port io_out_bits_full_data_2_0[1] driven by constant 0
WARNING: [Synth 8-3917] design MxuAccVpu has port io_out_bits_full_data_2_0[0] driven by constant 0
WARNING: [Synth 8-3917] design MxuAccVpu has port io_out_bits_full_data_3_0[31] driven by constant 0
WARNING: [Synth 8-3917] design MxuAccVpu has port io_out_bits_full_data_3_0[30] driven by constant 0
WARNING: [Synth 8-3917] design MxuAccVpu has port io_out_bits_full_data_3_0[29] driven by constant 0
WARNING: [Synth 8-3917] design MxuAccVpu has port io_out_bits_full_data_3_0[28] driven by constant 0
INFO: [Common 17-14] Message 'Synth 8-3917' appears 100 times and further instances of the messages will be disabled. Use the Tcl command set_msg_config to change the current settings.
WARNING: [Synth 8-7129] Port io_in_bits_acc_read_resp_scale[31] in module AccumulatorScale is either unconnected or has no load
WARNING: [Synth 8-7129] Port io_in_bits_acc_read_resp_scale[30] in module AccumulatorScale is either unconnected or has no load
WARNING: [Synth 8-7129] Port io_in_bits_acc_read_resp_scale[29] in module AccumulatorScale is either unconnected or has no load
WARNING: [Synth 8-7129] Port io_in_bits_acc_read_resp_scale[28] in module AccumulatorScale is either unconnected or has no load
WARNING: [Synth 8-7129] Port io_in_bits_acc_read_resp_scale[27] in module AccumulatorScale is either unconnected or has no load
WARNING: [Synth 8-7129] Port io_in_bits_acc_read_resp_scale[26] in module AccumulatorScale is either unconnected or has no load
WARNING: [Synth 8-7129] Port io_in_bits_acc_read_resp_scale[25] in module AccumulatorScale is either unconnected or has no load
WARNING: [Synth 8-7129] Port io_in_bits_acc_read_resp_scale[24] in module AccumulatorScale is either unconnected or has no load
WARNING: [Synth 8-7129] Port io_in_bits_acc_read_resp_scale[23] in module AccumulatorScale is either unconnected or has no load
WARNING: [Synth 8-7129] Port io_in_bits_acc_read_resp_scale[22] in module AccumulatorScale is either unconnected or has no load
WARNING: [Synth 8-7129] Port io_in_bits_acc_read_resp_scale[21] in module AccumulatorScale is either unconnected or has no load
WARNING: [Synth 8-7129] Port io_in_bits_acc_read_resp_scale[20] in module AccumulatorScale is either unconnected or has no load
WARNING: [Synth 8-7129] Port io_in_bits_acc_read_resp_scale[19] in module AccumulatorScale is either unconnected or has no load
WARNING: [Synth 8-7129] Port io_in_bits_acc_read_resp_scale[18] in module AccumulatorScale is either unconnected or has no load
WARNING: [Synth 8-7129] Port io_in_bits_acc_read_resp_scale[17] in module AccumulatorScale is either unconnected or has no load
WARNING: [Synth 8-7129] Port io_in_bits_acc_read_resp_scale[16] in module AccumulatorScale is either unconnected or has no load
WARNING: [Synth 8-7129] Port io_in_bits_acc_read_resp_scale[15] in module AccumulatorScale is either unconnected or has no load
WARNING: [Synth 8-7129] Port io_in_bits_acc_read_resp_scale[14] in module AccumulatorScale is either unconnected or has no load
WARNING: [Synth 8-7129] Port io_in_bits_acc_read_resp_scale[13] in module AccumulatorScale is either unconnected or has no load
WARNING: [Synth 8-7129] Port io_in_bits_acc_read_resp_scale[12] in module AccumulatorScale is either unconnected or has no load
WARNING: [Synth 8-7129] Port io_in_bits_acc_read_resp_scale[11] in module AccumulatorScale is either unconnected or has no load
WARNING: [Synth 8-7129] Port io_in_bits_acc_read_resp_scale[10] in module AccumulatorScale is either unconnected or has no load
WARNING: [Synth 8-7129] Port io_in_bits_acc_read_resp_scale[9] in module AccumulatorScale is either unconnected or has no load
WARNING: [Synth 8-7129] Port io_in_bits_acc_read_resp_scale[8] in module AccumulatorScale is either unconnected or has no load
WARNING: [Synth 8-7129] Port io_in_bits_acc_read_resp_scale[7] in module AccumulatorScale is either unconnected or has no load
WARNING: [Synth 8-7129] Port io_in_bits_acc_read_resp_scale[6] in module AccumulatorScale is either unconnected or has no load
WARNING: [Synth 8-7129] Port io_in_bits_acc_read_resp_scale[5] in module AccumulatorScale is either unconnected or has no load
WARNING: [Synth 8-7129] Port reset in module TwoPortSyncMem is either unconnected or has no load
WARNING: [Synth 8-7129] Port io_in_d[31] in module PE_256 is either unconnected or has no load
WARNING: [Synth 8-7129] Port io_in_d[30] in module PE_256 is either unconnected or has no load
WARNING: [Synth 8-7129] Port io_in_d[29] in module PE_256 is either unconnected or has no load
WARNING: [Synth 8-7129] Port io_in_d[28] in module PE_256 is either unconnected or has no load
WARNING: [Synth 8-7129] Port io_in_d[27] in module PE_256 is either unconnected or has no load
WARNING: [Synth 8-7129] Port io_in_d[26] in module PE_256 is either unconnected or has no load
WARNING: [Synth 8-7129] Port io_in_d[25] in module PE_256 is either unconnected or has no load
WARNING: [Synth 8-7129] Port io_in_d[24] in module PE_256 is either unconnected or has no load
WARNING: [Synth 8-7129] Port io_in_d[23] in module PE_256 is either unconnected or has no load
WARNING: [Synth 8-7129] Port io_in_d[22] in module PE_256 is either unconnected or has no load
WARNING: [Synth 8-7129] Port io_in_d[21] in module PE_256 is either unconnected or has no load
WARNING: [Synth 8-7129] Port io_in_d[20] in module PE_256 is either unconnected or has no load
WARNING: [Synth 8-7129] Port io_in_d[19] in module PE_256 is either unconnected or has no load
WARNING: [Synth 8-7129] Port io_in_d[18] in module PE_256 is either unconnected or has no load
WARNING: [Synth 8-7129] Port io_in_d[17] in module PE_256 is either unconnected or has no load
WARNING: [Synth 8-7129] Port io_in_d[16] in module PE_256 is either unconnected or has no load
WARNING: [Synth 8-7129] Port io_in_d[15] in module PE_256 is either unconnected or has no load
WARNING: [Synth 8-7129] Port io_in_d[14] in module PE_256 is either unconnected or has no load
WARNING: [Synth 8-7129] Port io_in_d[13] in module PE_256 is either unconnected or has no load
WARNING: [Synth 8-7129] Port io_in_d[12] in module PE_256 is either unconnected or has no load
WARNING: [Synth 8-7129] Port io_in_d[11] in module PE_256 is either unconnected or has no load
WARNING: [Synth 8-7129] Port io_in_d[10] in module PE_256 is either unconnected or has no load
WARNING: [Synth 8-7129] Port io_in_d[9] in module PE_256 is either unconnected or has no load
WARNING: [Synth 8-7129] Port io_in_d[8] in module PE_256 is either unconnected or has no load
WARNING: [Synth 8-7129] Port io_req_bits_pe_control_shift[4] in module MxuAccVpu is either unconnected or has no load
WARNING: [Synth 8-7129] Port io_req_bits_pe_control_shift[3] in module MxuAccVpu is either unconnected or has no load
WARNING: [Synth 8-7129] Port io_req_bits_pe_control_shift[2] in module MxuAccVpu is either unconnected or has no load
WARNING: [Synth 8-7129] Port io_req_bits_pe_control_shift[1] in module MxuAccVpu is either unconnected or has no load
WARNING: [Synth 8-7129] Port io_req_bits_pe_control_shift[0] in module MxuAccVpu is either unconnected or has no load
---------------------------------------------------------------------------------
Finished Synthesize : Time (s): cpu = 00:00:10 ; elapsed = 00:00:11 . Memory (MB): peak = 2148.805 ; gain = 585.504 ; free physical = 14748 ; free virtual = 111662
---------------------------------------------------------------------------------
---------------------------------------------------------------------------------
Finished Constraint Validation : Time (s): cpu = 00:00:12 ; elapsed = 00:00:12 . Memory (MB): peak = 2157.711 ; gain = 594.410 ; free physical = 13621 ; free virtual = 110541
---------------------------------------------------------------------------------
---------------------------------------------------------------------------------
Start Loading Part and Timing Information
---------------------------------------------------------------------------------
Loading part: xcu280-fsvh2892-2L-e
INFO: [Synth 8-6742] Reading net delay rules and data
---------------------------------------------------------------------------------
INFO: [Device 21-403] Loading part xcu280-fsvh2892-2L-e
Finished Loading Part and Timing Information : Time (s): cpu = 00:00:12 ; elapsed = 00:00:12 . Memory (MB): peak = 2165.715 ; gain = 602.414 ; free physical = 13600 ; free virtual = 110520
---------------------------------------------------------------------------------
INFO: [Synth 8-6904] The RAM "Queue:/ram_id_reg" of size (depth=6 x width=3) is automatically implemented using LUTRAM. BRAM implementation would be inefficient 
INFO: [Synth 8-6904] The RAM "TwoPortSyncMem:/mem_0_reg" of size (depth=64 x width=8) is automatically implemented using LUTRAM. BRAM implementation would be inefficient 
INFO: [Synth 8-6904] The RAM "TwoPortSyncMem:/mem_1_reg" of size (depth=64 x width=8) is automatically implemented using LUTRAM. BRAM implementation would be inefficient 
INFO: [Synth 8-6904] The RAM "TwoPortSyncMem:/mem_2_reg" of size (depth=64 x width=8) is automatically implemented using LUTRAM. BRAM implementation would be inefficient 
INFO: [Synth 8-6904] The RAM "TwoPortSyncMem:/mem_3_reg" of size (depth=64 x width=8) is automatically implemented using LUTRAM. BRAM implementation would be inefficient 
INFO: [Synth 8-6904] The RAM "TwoPortSyncMem:/mem_4_reg" of size (depth=64 x width=8) is automatically implemented using LUTRAM. BRAM implementation would be inefficient 
INFO: [Synth 8-6904] The RAM "TwoPortSyncMem:/mem_5_reg" of size (depth=64 x width=8) is automatically implemented using LUTRAM. BRAM implementation would be inefficient 
INFO: [Synth 8-6904] The RAM "TwoPortSyncMem:/mem_6_reg" of size (depth=64 x width=8) is automatically implemented using LUTRAM. BRAM implementation would be inefficient 
INFO: [Synth 8-6904] The RAM "TwoPortSyncMem:/mem_7_reg" of size (depth=64 x width=8) is automatically implemented using LUTRAM. BRAM implementation would be inefficient 
INFO: [Synth 8-6904] The RAM "TwoPortSyncMem:/mem_8_reg" of size (depth=64 x width=8) is automatically implemented using LUTRAM. BRAM implementation would be inefficient 
INFO: [Synth 8-6904] The RAM "TwoPortSyncMem:/mem_9_reg" of size (depth=64 x width=8) is automatically implemented using LUTRAM. BRAM implementation would be inefficient 
INFO: [Synth 8-6904] The RAM "TwoPortSyncMem:/mem_10_reg" of size (depth=64 x width=8) is automatically implemented using LUTRAM. BRAM implementation would be inefficient 
INFO: [Synth 8-6904] The RAM "TwoPortSyncMem:/mem_11_reg" of size (depth=64 x width=8) is automatically implemented using LUTRAM. BRAM implementation would be inefficient 
INFO: [Synth 8-6904] The RAM "TwoPortSyncMem:/mem_12_reg" of size (depth=64 x width=8) is automatically implemented using LUTRAM. BRAM implementation would be inefficient 
INFO: [Synth 8-6904] The RAM "TwoPortSyncMem:/mem_13_reg" of size (depth=64 x width=8) is automatically implemented using LUTRAM. BRAM implementation would be inefficient 
INFO: [Synth 8-6904] The RAM "TwoPortSyncMem:/mem_14_reg" of size (depth=64 x width=8) is automatically implemented using LUTRAM. BRAM implementation would be inefficient 
INFO: [Synth 8-6904] The RAM "TwoPortSyncMem:/mem_15_reg" of size (depth=64 x width=8) is automatically implemented using LUTRAM. BRAM implementation would be inefficient 
INFO: [Synth 8-6904] The RAM "TwoPortSyncMem:/mem_16_reg" of size (depth=64 x width=8) is automatically implemented using LUTRAM. BRAM implementation would be inefficient 
INFO: [Synth 8-6904] The RAM "TwoPortSyncMem:/mem_17_reg" of size (depth=64 x width=8) is automatically implemented using LUTRAM. BRAM implementation would be inefficient 
INFO: [Synth 8-6904] The RAM "TwoPortSyncMem:/mem_18_reg" of size (depth=64 x width=8) is automatically implemented using LUTRAM. BRAM implementation would be inefficient 
INFO: [Synth 8-6904] The RAM "TwoPortSyncMem:/mem_19_reg" of size (depth=64 x width=8) is automatically implemented using LUTRAM. BRAM implementation would be inefficient 
INFO: [Synth 8-6904] The RAM "TwoPortSyncMem:/mem_20_reg" of size (depth=64 x width=8) is automatically implemented using LUTRAM. BRAM implementation would be inefficient 
INFO: [Synth 8-6904] The RAM "TwoPortSyncMem:/mem_21_reg" of size (depth=64 x width=8) is automatically implemented using LUTRAM. BRAM implementation would be inefficient 
INFO: [Synth 8-6904] The RAM "TwoPortSyncMem:/mem_22_reg" of size (depth=64 x width=8) is automatically implemented using LUTRAM. BRAM implementation would be inefficient 
INFO: [Synth 8-6904] The RAM "TwoPortSyncMem:/mem_23_reg" of size (depth=64 x width=8) is automatically implemented using LUTRAM. BRAM implementation would be inefficient 
INFO: [Synth 8-6904] The RAM "TwoPortSyncMem:/mem_24_reg" of size (depth=64 x width=8) is automatically implemented using LUTRAM. BRAM implementation would be inefficient 
INFO: [Synth 8-6904] The RAM "TwoPortSyncMem:/mem_25_reg" of size (depth=64 x width=8) is automatically implemented using LUTRAM. BRAM implementation would be inefficient 
INFO: [Synth 8-6904] The RAM "TwoPortSyncMem:/mem_26_reg" of size (depth=64 x width=8) is automatically implemented using LUTRAM. BRAM implementation would be inefficient 
INFO: [Synth 8-6904] The RAM "TwoPortSyncMem:/mem_27_reg" of size (depth=64 x width=8) is automatically implemented using LUTRAM. BRAM implementation would be inefficient 
INFO: [Synth 8-6904] The RAM "TwoPortSyncMem:/mem_28_reg" of size (depth=64 x width=8) is automatically implemented using LUTRAM. BRAM implementation would be inefficient 
INFO: [Synth 8-6904] The RAM "TwoPortSyncMem:/mem_29_reg" of size (depth=64 x width=8) is automatically implemented using LUTRAM. BRAM implementation would be inefficient 
INFO: [Synth 8-6904] The RAM "TwoPortSyncMem:/mem_30_reg" of size (depth=64 x width=8) is automatically implemented using LUTRAM. BRAM implementation would be inefficient 
INFO: [Synth 8-6904] The RAM "TwoPortSyncMem:/mem_31_reg" of size (depth=64 x width=8) is automatically implemented using LUTRAM. BRAM implementation would be inefficient 
INFO: [Synth 8-6904] The RAM "TwoPortSyncMem:/mem_32_reg" of size (depth=64 x width=8) is automatically implemented using LUTRAM. BRAM implementation would be inefficient 
INFO: [Synth 8-6904] The RAM "TwoPortSyncMem:/mem_33_reg" of size (depth=64 x width=8) is automatically implemented using LUTRAM. BRAM implementation would be inefficient 
INFO: [Synth 8-6904] The RAM "TwoPortSyncMem:/mem_34_reg" of size (depth=64 x width=8) is automatically implemented using LUTRAM. BRAM implementation would be inefficient 
INFO: [Synth 8-6904] The RAM "TwoPortSyncMem:/mem_35_reg" of size (depth=64 x width=8) is automatically implemented using LUTRAM. BRAM implementation would be inefficient 
INFO: [Synth 8-6904] The RAM "TwoPortSyncMem:/mem_36_reg" of size (depth=64 x width=8) is automatically implemented using LUTRAM. BRAM implementation would be inefficient 
INFO: [Synth 8-6904] The RAM "TwoPortSyncMem:/mem_37_reg" of size (depth=64 x width=8) is automatically implemented using LUTRAM. BRAM implementation would be inefficient 
INFO: [Synth 8-6904] The RAM "TwoPortSyncMem:/mem_38_reg" of size (depth=64 x width=8) is automatically implemented using LUTRAM. BRAM implementation would be inefficient 
INFO: [Synth 8-6904] The RAM "TwoPortSyncMem:/mem_39_reg" of size (depth=64 x width=8) is automatically implemented using LUTRAM. BRAM implementation would be inefficient 
INFO: [Synth 8-6904] The RAM "TwoPortSyncMem:/mem_40_reg" of size (depth=64 x width=8) is automatically implemented using LUTRAM. BRAM implementation would be inefficient 
INFO: [Synth 8-6904] The RAM "TwoPortSyncMem:/mem_41_reg" of size (depth=64 x width=8) is automatically implemented using LUTRAM. BRAM implementation would be inefficient 
INFO: [Synth 8-6904] The RAM "TwoPortSyncMem:/mem_42_reg" of size (depth=64 x width=8) is automatically implemented using LUTRAM. BRAM implementation would be inefficient 
INFO: [Synth 8-6904] The RAM "TwoPortSyncMem:/mem_43_reg" of size (depth=64 x width=8) is automatically implemented using LUTRAM. BRAM implementation would be inefficient 
INFO: [Synth 8-6904] The RAM "TwoPortSyncMem:/mem_44_reg" of size (depth=64 x width=8) is automatically implemented using LUTRAM. BRAM implementation would be inefficient 
INFO: [Synth 8-6904] The RAM "TwoPortSyncMem:/mem_45_reg" of size (depth=64 x width=8) is automatically implemented using LUTRAM. BRAM implementation would be inefficient 
INFO: [Synth 8-6904] The RAM "TwoPortSyncMem:/mem_46_reg" of size (depth=64 x width=8) is automatically implemented using LUTRAM. BRAM implementation would be inefficient 
INFO: [Synth 8-6904] The RAM "TwoPortSyncMem:/mem_47_reg" of size (depth=64 x width=8) is automatically implemented using LUTRAM. BRAM implementation would be inefficient 
INFO: [Synth 8-6904] The RAM "TwoPortSyncMem:/mem_48_reg" of size (depth=64 x width=8) is automatically implemented using LUTRAM. BRAM implementation would be inefficient 
INFO: [Synth 8-6904] The RAM "TwoPortSyncMem:/mem_49_reg" of size (depth=64 x width=8) is automatically implemented using LUTRAM. BRAM implementation would be inefficient 
INFO: [Synth 8-6904] The RAM "TwoPortSyncMem:/mem_50_reg" of size (depth=64 x width=8) is automatically implemented using LUTRAM. BRAM implementation would be inefficient 
INFO: [Synth 8-6904] The RAM "TwoPortSyncMem:/mem_51_reg" of size (depth=64 x width=8) is automatically implemented using LUTRAM. BRAM implementation would be inefficient 
INFO: [Synth 8-6904] The RAM "TwoPortSyncMem:/mem_52_reg" of size (depth=64 x width=8) is automatically implemented using LUTRAM. BRAM implementation would be inefficient 
INFO: [Synth 8-6904] The RAM "TwoPortSyncMem:/mem_53_reg" of size (depth=64 x width=8) is automatically implemented using LUTRAM. BRAM implementation would be inefficient 
INFO: [Synth 8-6904] The RAM "TwoPortSyncMem:/mem_54_reg" of size (depth=64 x width=8) is automatically implemented using LUTRAM. BRAM implementation would be inefficient 
INFO: [Synth 8-6904] The RAM "TwoPortSyncMem:/mem_55_reg" of size (depth=64 x width=8) is automatically implemented using LUTRAM. BRAM implementation would be inefficient 
INFO: [Synth 8-6904] The RAM "TwoPortSyncMem:/mem_56_reg" of size (depth=64 x width=8) is automatically implemented using LUTRAM. BRAM implementation would be inefficient 
INFO: [Synth 8-6904] The RAM "TwoPortSyncMem:/mem_57_reg" of size (depth=64 x width=8) is automatically implemented using LUTRAM. BRAM implementation would be inefficient 
INFO: [Synth 8-6904] The RAM "TwoPortSyncMem:/mem_58_reg" of size (depth=64 x width=8) is automatically implemented using LUTRAM. BRAM implementation would be inefficient 
INFO: [Synth 8-6904] The RAM "TwoPortSyncMem:/mem_59_reg" of size (depth=64 x width=8) is automatically implemented using LUTRAM. BRAM implementation would be inefficient 
INFO: [Synth 8-6904] The RAM "TwoPortSyncMem:/mem_60_reg" of size (depth=64 x width=8) is automatically implemented using LUTRAM. BRAM implementation would be inefficient 
INFO: [Synth 8-6904] The RAM "TwoPortSyncMem:/mem_61_reg" of size (depth=64 x width=8) is automatically implemented using LUTRAM. BRAM implementation would be inefficient 
INFO: [Synth 8-6904] The RAM "TwoPortSyncMem:/mem_62_reg" of size (depth=64 x width=8) is automatically implemented using LUTRAM. BRAM implementation would be inefficient 
INFO: [Synth 8-6904] The RAM "TwoPortSyncMem:/mem_63_reg" of size (depth=64 x width=8) is automatically implemented using LUTRAM. BRAM implementation would be inefficient 
---------------------------------------------------------------------------------
Finished RTL Optimization Phase 2 : Time (s): cpu = 00:00:20 ; elapsed = 00:00:17 . Memory (MB): peak = 2881.621 ; gain = 1318.320 ; free physical = 10623 ; free virtual = 107547
---------------------------------------------------------------------------------
No constraint files found.
---------------------------------------------------------------------------------
Start RTL Component Statistics 
---------------------------------------------------------------------------------
Detailed RTL Component Info : 
+---Adders : 
	   2 Input   32 Bit       Adders := 16    
	   2 Input    6 Bit       Adders := 1     
	   2 Input    5 Bit       Adders := 1     
	   2 Input    4 Bit       Adders := 5     
	   3 Input    4 Bit       Adders := 1     
	   2 Input    3 Bit       Adders := 14    
	   3 Input    3 Bit       Adders := 1     
	   2 Input    2 Bit       Adders := 3     
+---XORs : 
	   2 Input      1 Bit         XORs := 1     
+---Registers : 
	               32 Bit    Registers := 764   
	                8 Bit    Registers := 1470  
	                6 Bit    Registers := 133   
	                5 Bit    Registers := 1     
	                4 Bit    Registers := 3     
	                3 Bit    Registers := 299   
	                2 Bit    Registers := 1     
	                1 Bit    Registers := 1144  
+---RAMs : 
	              512 Bit	(64 X 8 bit)          RAMs := 128   
	               18 Bit	(6 X 3 bit)          RAMs := 1     
+---Muxes : 
	   2 Input   32 Bit        Muxes := 195   
	   2 Input    8 Bit        Muxes := 1921  
	   2 Input    6 Bit        Muxes := 2     
	   2 Input    4 Bit        Muxes := 2     
	   2 Input    3 Bit        Muxes := 8     
	   2 Input    2 Bit        Muxes := 2     
	   2 Input    1 Bit        Muxes := 33    
---------------------------------------------------------------------------------
Finished RTL Component Statistics 
---------------------------------------------------------------------------------
---------------------------------------------------------------------------------
Start Part Resource Summary
---------------------------------------------------------------------------------
Part Resources:
DSPs: 9024 (col length:94)
BRAMs: 4032 (col length: RAMB18 288 RAMB36 144)
---------------------------------------------------------------------------------
Finished Part Resource Summary
---------------------------------------------------------------------------------
No constraint files found.
---------------------------------------------------------------------------------
Start Cross Boundary and Area Optimization
---------------------------------------------------------------------------------
WARNING: [Synth 8-7080] Parallel synthesis criteria is not met
INFO: [Synth 8-6904] The RAM "MxuAccVpu/total_rows_q/ram_id_reg" of size (depth=6 x width=3) is automatically implemented using LUTRAM. BRAM implementation would be inefficient 
INFO: [Synth 8-6904] The RAM "MxuAccVpu/accs_0/mem/mem_0_reg" of size (depth=64 x width=8) is automatically implemented using LUTRAM. BRAM implementation would be inefficient 
INFO: [Synth 8-6904] The RAM "MxuAccVpu/accs_0/mem/mem_1_reg" of size (depth=64 x width=8) is automatically implemented using LUTRAM. BRAM implementation would be inefficient 
INFO: [Synth 8-6904] The RAM "MxuAccVpu/accs_0/mem/mem_2_reg" of size (depth=64 x width=8) is automatically implemented using LUTRAM. BRAM implementation would be inefficient 
INFO: [Synth 8-6904] The RAM "MxuAccVpu/accs_0/mem/mem_3_reg" of size (depth=64 x width=8) is automatically implemented using LUTRAM. BRAM implementation would be inefficient 
INFO: [Synth 8-6904] The RAM "MxuAccVpu/accs_0/mem/mem_4_reg" of size (depth=64 x width=8) is automatically implemented using LUTRAM. BRAM implementation would be inefficient 
INFO: [Synth 8-6904] The RAM "MxuAccVpu/accs_0/mem/mem_5_reg" of size (depth=64 x width=8) is automatically implemented using LUTRAM. BRAM implementation would be inefficient 
INFO: [Synth 8-6904] The RAM "MxuAccVpu/accs_0/mem/mem_6_reg" of size (depth=64 x width=8) is automatically implemented using LUTRAM. BRAM implementation would be inefficient 
INFO: [Synth 8-6904] The RAM "MxuAccVpu/accs_0/mem/mem_7_reg" of size (depth=64 x width=8) is automatically implemented using LUTRAM. BRAM implementation would be inefficient 
INFO: [Synth 8-6904] The RAM "MxuAccVpu/accs_0/mem/mem_8_reg" of size (depth=64 x width=8) is automatically implemented using LUTRAM. BRAM implementation would be inefficient 
INFO: [Synth 8-6904] The RAM "MxuAccVpu/accs_0/mem/mem_9_reg" of size (depth=64 x width=8) is automatically implemented using LUTRAM. BRAM implementation would be inefficient 
INFO: [Synth 8-6904] The RAM "MxuAccVpu/accs_0/mem/mem_10_reg" of size (depth=64 x width=8) is automatically implemented using LUTRAM. BRAM implementation would be inefficient 
INFO: [Synth 8-6904] The RAM "MxuAccVpu/accs_0/mem/mem_11_reg" of size (depth=64 x width=8) is automatically implemented using LUTRAM. BRAM implementation would be inefficient 
INFO: [Synth 8-6904] The RAM "MxuAccVpu/accs_0/mem/mem_12_reg" of size (depth=64 x width=8) is automatically implemented using LUTRAM. BRAM implementation would be inefficient 
INFO: [Synth 8-6904] The RAM "MxuAccVpu/accs_0/mem/mem_13_reg" of size (depth=64 x width=8) is automatically implemented using LUTRAM. BRAM implementation would be inefficient 
INFO: [Synth 8-6904] The RAM "MxuAccVpu/accs_0/mem/mem_14_reg" of size (depth=64 x width=8) is automatically implemented using LUTRAM. BRAM implementation would be inefficient 
INFO: [Synth 8-6904] The RAM "MxuAccVpu/accs_0/mem/mem_15_reg" of size (depth=64 x width=8) is automatically implemented using LUTRAM. BRAM implementation would be inefficient 
INFO: [Synth 8-6904] The RAM "MxuAccVpu/accs_0/mem/mem_16_reg" of size (depth=64 x width=8) is automatically implemented using LUTRAM. BRAM implementation would be inefficient 
INFO: [Synth 8-6904] The RAM "MxuAccVpu/accs_0/mem/mem_17_reg" of size (depth=64 x width=8) is automatically implemented using LUTRAM. BRAM implementation would be inefficient 
INFO: [Synth 8-6904] The RAM "MxuAccVpu/accs_0/mem/mem_18_reg" of size (depth=64 x width=8) is automatically implemented using LUTRAM. BRAM implementation would be inefficient 
INFO: [Synth 8-6904] The RAM "MxuAccVpu/accs_0/mem/mem_19_reg" of size (depth=64 x width=8) is automatically implemented using LUTRAM. BRAM implementation would be inefficient 
INFO: [Synth 8-6904] The RAM "MxuAccVpu/accs_0/mem/mem_20_reg" of size (depth=64 x width=8) is automatically implemented using LUTRAM. BRAM implementation would be inefficient 
INFO: [Synth 8-6904] The RAM "MxuAccVpu/accs_0/mem/mem_21_reg" of size (depth=64 x width=8) is automatically implemented using LUTRAM. BRAM implementation would be inefficient 
INFO: [Synth 8-6904] The RAM "MxuAccVpu/accs_0/mem/mem_22_reg" of size (depth=64 x width=8) is automatically implemented using LUTRAM. BRAM implementation would be inefficient 
INFO: [Synth 8-6904] The RAM "MxuAccVpu/accs_0/mem/mem_23_reg" of size (depth=64 x width=8) is automatically implemented using LUTRAM. BRAM implementation would be inefficient 
INFO: [Synth 8-6904] The RAM "MxuAccVpu/accs_0/mem/mem_24_reg" of size (depth=64 x width=8) is automatically implemented using LUTRAM. BRAM implementation would be inefficient 
INFO: [Synth 8-6904] The RAM "MxuAccVpu/accs_0/mem/mem_25_reg" of size (depth=64 x width=8) is automatically implemented using LUTRAM. BRAM implementation would be inefficient 
INFO: [Synth 8-6904] The RAM "MxuAccVpu/accs_0/mem/mem_26_reg" of size (depth=64 x width=8) is automatically implemented using LUTRAM. BRAM implementation would be inefficient 
INFO: [Synth 8-6904] The RAM "MxuAccVpu/accs_0/mem/mem_27_reg" of size (depth=64 x width=8) is automatically implemented using LUTRAM. BRAM implementation would be inefficient 
INFO: [Synth 8-6904] The RAM "MxuAccVpu/accs_0/mem/mem_28_reg" of size (depth=64 x width=8) is automatically implemented using LUTRAM. BRAM implementation would be inefficient 
INFO: [Synth 8-6904] The RAM "MxuAccVpu/accs_0/mem/mem_29_reg" of size (depth=64 x width=8) is automatically implemented using LUTRAM. BRAM implementation would be inefficient 
INFO: [Synth 8-6904] The RAM "MxuAccVpu/accs_0/mem/mem_30_reg" of size (depth=64 x width=8) is automatically implemented using LUTRAM. BRAM implementation would be inefficient 
INFO: [Synth 8-6904] The RAM "MxuAccVpu/accs_0/mem/mem_31_reg" of size (depth=64 x width=8) is automatically implemented using LUTRAM. BRAM implementation would be inefficient 
INFO: [Synth 8-6904] The RAM "MxuAccVpu/accs_0/mem/mem_32_reg" of size (depth=64 x width=8) is automatically implemented using LUTRAM. BRAM implementation would be inefficient 
INFO: [Synth 8-6904] The RAM "MxuAccVpu/accs_0/mem/mem_33_reg" of size (depth=64 x width=8) is automatically implemented using LUTRAM. BRAM implementation would be inefficient 
INFO: [Common 17-14] Message 'Synth 8-6904' appears 100 times and further instances of the messages will be disabled. Use the Tcl command set_msg_config to change the current settings.
WARNING: [Synth 8-7129] Port io_req_bits_pe_control_shift[4] in module MxuAccVpu is either unconnected or has no load
WARNING: [Synth 8-7129] Port io_req_bits_pe_control_shift[3] in module MxuAccVpu is either unconnected or has no load
WARNING: [Synth 8-7129] Port io_req_bits_pe_control_shift[2] in module MxuAccVpu is either unconnected or has no load
WARNING: [Synth 8-7129] Port io_req_bits_pe_control_shift[1] in module MxuAccVpu is either unconnected or has no load
WARNING: [Synth 8-7129] Port io_req_bits_pe_control_shift[0] in module MxuAccVpu is either unconnected or has no load
RAM Pipeline Warning: Read Address Register Found For RAM accs_0/mem/mem_0_reg. We will not be able to pipeline it. This may degrade performance. 
RAM Pipeline Warning: Read Address Register Found For RAM accs_0/mem/mem_0_reg. We will not be able to pipeline it. This may degrade performance. 
RAM Pipeline Warning: Read Address Register Found For RAM accs_0/mem/mem_1_reg. We will not be able to pipeline it. This may degrade performance. 
RAM Pipeline Warning: Read Address Register Found For RAM accs_0/mem/mem_1_reg. We will not be able to pipeline it. This may degrade performance. 
RAM Pipeline Warning: Read Address Register Found For RAM accs_0/mem/mem_2_reg. We will not be able to pipeline it. This may degrade performance. 
RAM Pipeline Warning: Read Address Register Found For RAM accs_0/mem/mem_2_reg. We will not be able to pipeline it. This may degrade performance. 
RAM Pipeline Warning: Read Address Register Found For RAM accs_0/mem/mem_3_reg. We will not be able to pipeline it. This may degrade performance. 
RAM Pipeline Warning: Read Address Register Found For RAM accs_0/mem/mem_3_reg. We will not be able to pipeline it. This may degrade performance. 
RAM Pipeline Warning: Read Address Register Found For RAM accs_0/mem/mem_4_reg. We will not be able to pipeline it. This may degrade performance. 
RAM Pipeline Warning: Read Address Register Found For RAM accs_0/mem/mem_4_reg. We will not be able to pipeline it. This may degrade performance. 
RAM Pipeline Warning: Read Address Register Found For RAM accs_0/mem/mem_5_reg. We will not be able to pipeline it. This may degrade performance. 
RAM Pipeline Warning: Read Address Register Found For RAM accs_0/mem/mem_5_reg. We will not be able to pipeline it. This may degrade performance. 
RAM Pipeline Warning: Read Address Register Found For RAM accs_0/mem/mem_6_reg. We will not be able to pipeline it. This may degrade performance. 
RAM Pipeline Warning: Read Address Register Found For RAM accs_0/mem/mem_6_reg. We will not be able to pipeline it. This may degrade performance. 
RAM Pipeline Warning: Read Address Register Found For RAM accs_0/mem/mem_7_reg. We will not be able to pipeline it. This may degrade performance. 
RAM Pipeline Warning: Read Address Register Found For RAM accs_0/mem/mem_7_reg. We will not be able to pipeline it. This may degrade performance. 
RAM Pipeline Warning: Read Address Register Found For RAM accs_0/mem/mem_8_reg. We will not be able to pipeline it. This may degrade performance. 
RAM Pipeline Warning: Read Address Register Found For RAM accs_0/mem/mem_8_reg. We will not be able to pipeline it. This may degrade performance. 
RAM Pipeline Warning: Read Address Register Found For RAM accs_0/mem/mem_9_reg. We will not be able to pipeline it. This may degrade performance. 
RAM Pipeline Warning: Read Address Register Found For RAM accs_0/mem/mem_9_reg. We will not be able to pipeline it. This may degrade performance. 
RAM Pipeline Warning: Read Address Register Found For RAM accs_0/mem/mem_10_reg. We will not be able to pipeline it. This may degrade performance. 
RAM Pipeline Warning: Read Address Register Found For RAM accs_0/mem/mem_10_reg. We will not be able to pipeline it. This may degrade performance. 
RAM Pipeline Warning: Read Address Register Found For RAM accs_0/mem/mem_11_reg. We will not be able to pipeline it. This may degrade performance. 
RAM Pipeline Warning: Read Address Register Found For RAM accs_0/mem/mem_11_reg. We will not be able to pipeline it. This may degrade performance. 
RAM Pipeline Warning: Read Address Register Found For RAM accs_0/mem/mem_12_reg. We will not be able to pipeline it. This may degrade performance. 
RAM Pipeline Warning: Read Address Register Found For RAM accs_0/mem/mem_12_reg. We will not be able to pipeline it. This may degrade performance. 
RAM Pipeline Warning: Read Address Register Found For RAM accs_0/mem/mem_13_reg. We will not be able to pipeline it. This may degrade performance. 
RAM Pipeline Warning: Read Address Register Found For RAM accs_0/mem/mem_13_reg. We will not be able to pipeline it. This may degrade performance. 
RAM Pipeline Warning: Read Address Register Found For RAM accs_0/mem/mem_14_reg. We will not be able to pipeline it. This may degrade performance. 
RAM Pipeline Warning: Read Address Register Found For RAM accs_0/mem/mem_14_reg. We will not be able to pipeline it. This may degrade performance. 
RAM Pipeline Warning: Read Address Register Found For RAM accs_0/mem/mem_15_reg. We will not be able to pipeline it. This may degrade performance. 
RAM Pipeline Warning: Read Address Register Found For RAM accs_0/mem/mem_15_reg. We will not be able to pipeline it. This may degrade performance. 
RAM Pipeline Warning: Read Address Register Found For RAM accs_0/mem/mem_16_reg. We will not be able to pipeline it. This may degrade performance. 
RAM Pipeline Warning: Read Address Register Found For RAM accs_0/mem/mem_16_reg. We will not be able to pipeline it. This may degrade performance. 
RAM Pipeline Warning: Read Address Register Found For RAM accs_0/mem/mem_17_reg. We will not be able to pipeline it. This may degrade performance. 
RAM Pipeline Warning: Read Address Register Found For RAM accs_0/mem/mem_17_reg. We will not be able to pipeline it. This may degrade performance. 
RAM Pipeline Warning: Read Address Register Found For RAM accs_0/mem/mem_18_reg. We will not be able to pipeline it. This may degrade performance. 
RAM Pipeline Warning: Read Address Register Found For RAM accs_0/mem/mem_18_reg. We will not be able to pipeline it. This may degrade performance. 
RAM Pipeline Warning: Read Address Register Found For RAM accs_0/mem/mem_19_reg. We will not be able to pipeline it. This may degrade performance. 
RAM Pipeline Warning: Read Address Register Found For RAM accs_0/mem/mem_19_reg. We will not be able to pipeline it. This may degrade performance. 
RAM Pipeline Warning: Read Address Register Found For RAM accs_0/mem/mem_20_reg. We will not be able to pipeline it. This may degrade performance. 
RAM Pipeline Warning: Read Address Register Found For RAM accs_0/mem/mem_20_reg. We will not be able to pipeline it. This may degrade performance. 
RAM Pipeline Warning: Read Address Register Found For RAM accs_0/mem/mem_21_reg. We will not be able to pipeline it. This may degrade performance. 
RAM Pipeline Warning: Read Address Register Found For RAM accs_0/mem/mem_21_reg. We will not be able to pipeline it. This may degrade performance. 
RAM Pipeline Warning: Read Address Register Found For RAM accs_0/mem/mem_22_reg. We will not be able to pipeline it. This may degrade performance. 
RAM Pipeline Warning: Read Address Register Found For RAM accs_0/mem/mem_22_reg. We will not be able to pipeline it. This may degrade performance. 
RAM Pipeline Warning: Read Address Register Found For RAM accs_0/mem/mem_23_reg. We will not be able to pipeline it. This may degrade performance. 
RAM Pipeline Warning: Read Address Register Found For RAM accs_0/mem/mem_23_reg. We will not be able to pipeline it. This may degrade performance. 
RAM Pipeline Warning: Read Address Register Found For RAM accs_0/mem/mem_24_reg. We will not be able to pipeline it. This may degrade performance. 
RAM Pipeline Warning: Read Address Register Found For RAM accs_0/mem/mem_24_reg. We will not be able to pipeline it. This may degrade performance. 
RAM Pipeline Warning: Read Address Register Found For RAM accs_0/mem/mem_25_reg. We will not be able to pipeline it. This may degrade performance. 
RAM Pipeline Warning: Read Address Register Found For RAM accs_0/mem/mem_25_reg. We will not be able to pipeline it. This may degrade performance. 
RAM Pipeline Warning: Read Address Register Found For RAM accs_0/mem/mem_26_reg. We will not be able to pipeline it. This may degrade performance. 
RAM Pipeline Warning: Read Address Register Found For RAM accs_0/mem/mem_26_reg. We will not be able to pipeline it. This may degrade performance. 
RAM Pipeline Warning: Read Address Register Found For RAM accs_0/mem/mem_27_reg. We will not be able to pipeline it. This may degrade performance. 
RAM Pipeline Warning: Read Address Register Found For RAM accs_0/mem/mem_27_reg. We will not be able to pipeline it. This may degrade performance. 
RAM Pipeline Warning: Read Address Register Found For RAM accs_0/mem/mem_28_reg. We will not be able to pipeline it. This may degrade performance. 
RAM Pipeline Warning: Read Address Register Found For RAM accs_0/mem/mem_28_reg. We will not be able to pipeline it. This may degrade performance. 
RAM Pipeline Warning: Read Address Register Found For RAM accs_0/mem/mem_29_reg. We will not be able to pipeline it. This may degrade performance. 
RAM Pipeline Warning: Read Address Register Found For RAM accs_0/mem/mem_29_reg. We will not be able to pipeline it. This may degrade performance. 
RAM Pipeline Warning: Read Address Register Found For RAM accs_0/mem/mem_30_reg. We will not be able to pipeline it. This may degrade performance. 
RAM Pipeline Warning: Read Address Register Found For RAM accs_0/mem/mem_30_reg. We will not be able to pipeline it. This may degrade performance. 
RAM Pipeline Warning: Read Address Register Found For RAM accs_0/mem/mem_31_reg. We will not be able to pipeline it. This may degrade performance. 
RAM Pipeline Warning: Read Address Register Found For RAM accs_0/mem/mem_31_reg. We will not be able to pipeline it. This may degrade performance. 
RAM Pipeline Warning: Read Address Register Found For RAM accs_0/mem/mem_32_reg. We will not be able to pipeline it. This may degrade performance. 
RAM Pipeline Warning: Read Address Register Found For RAM accs_0/mem/mem_32_reg. We will not be able to pipeline it. This may degrade performance. 
RAM Pipeline Warning: Read Address Register Found For RAM accs_0/mem/mem_33_reg. We will not be able to pipeline it. This may degrade performance. 
RAM Pipeline Warning: Read Address Register Found For RAM accs_0/mem/mem_33_reg. We will not be able to pipeline it. This may degrade performance. 
RAM Pipeline Warning: Read Address Register Found For RAM accs_0/mem/mem_34_reg. We will not be able to pipeline it. This may degrade performance. 
RAM Pipeline Warning: Read Address Register Found For RAM accs_0/mem/mem_34_reg. We will not be able to pipeline it. This may degrade performance. 
RAM Pipeline Warning: Read Address Register Found For RAM accs_0/mem/mem_35_reg. We will not be able to pipeline it. This may degrade performance. 
RAM Pipeline Warning: Read Address Register Found For RAM accs_0/mem/mem_35_reg. We will not be able to pipeline it. This may degrade performance. 
RAM Pipeline Warning: Read Address Register Found For RAM accs_0/mem/mem_36_reg. We will not be able to pipeline it. This may degrade performance. 
RAM Pipeline Warning: Read Address Register Found For RAM accs_0/mem/mem_36_reg. We will not be able to pipeline it. This may degrade performance. 
RAM Pipeline Warning: Read Address Register Found For RAM accs_0/mem/mem_37_reg. We will not be able to pipeline it. This may degrade performance. 
RAM Pipeline Warning: Read Address Register Found For RAM accs_0/mem/mem_37_reg. We will not be able to pipeline it. This may degrade performance. 
RAM Pipeline Warning: Read Address Register Found For RAM accs_0/mem/mem_38_reg. We will not be able to pipeline it. This may degrade performance. 
RAM Pipeline Warning: Read Address Register Found For RAM accs_0/mem/mem_38_reg. We will not be able to pipeline it. This may degrade performance. 
RAM Pipeline Warning: Read Address Register Found For RAM accs_0/mem/mem_39_reg. We will not be able to pipeline it. This may degrade performance. 
RAM Pipeline Warning: Read Address Register Found For RAM accs_0/mem/mem_39_reg. We will not be able to pipeline it. This may degrade performance. 
RAM Pipeline Warning: Read Address Register Found For RAM accs_0/mem/mem_40_reg. We will not be able to pipeline it. This may degrade performance. 
RAM Pipeline Warning: Read Address Register Found For RAM accs_0/mem/mem_40_reg. We will not be able to pipeline it. This may degrade performance. 
RAM Pipeline Warning: Read Address Register Found For RAM accs_0/mem/mem_41_reg. We will not be able to pipeline it. This may degrade performance. 
RAM Pipeline Warning: Read Address Register Found For RAM accs_0/mem/mem_41_reg. We will not be able to pipeline it. This may degrade performance. 
RAM Pipeline Warning: Read Address Register Found For RAM accs_0/mem/mem_42_reg. We will not be able to pipeline it. This may degrade performance. 
RAM Pipeline Warning: Read Address Register Found For RAM accs_0/mem/mem_42_reg. We will not be able to pipeline it. This may degrade performance. 
RAM Pipeline Warning: Read Address Register Found For RAM accs_0/mem/mem_43_reg. We will not be able to pipeline it. This may degrade performance. 
RAM Pipeline Warning: Read Address Register Found For RAM accs_0/mem/mem_43_reg. We will not be able to pipeline it. This may degrade performance. 
RAM Pipeline Warning: Read Address Register Found For RAM accs_0/mem/mem_44_reg. We will not be able to pipeline it. This may degrade performance. 
RAM Pipeline Warning: Read Address Register Found For RAM accs_0/mem/mem_44_reg. We will not be able to pipeline it. This may degrade performance. 
RAM Pipeline Warning: Read Address Register Found For RAM accs_0/mem/mem_45_reg. We will not be able to pipeline it. This may degrade performance. 
RAM Pipeline Warning: Read Address Register Found For RAM accs_0/mem/mem_45_reg. We will not be able to pipeline it. This may degrade performance. 
RAM Pipeline Warning: Read Address Register Found For RAM accs_0/mem/mem_46_reg. We will not be able to pipeline it. This may degrade performance. 
RAM Pipeline Warning: Read Address Register Found For RAM accs_0/mem/mem_46_reg. We will not be able to pipeline it. This may degrade performance. 
RAM Pipeline Warning: Read Address Register Found For RAM accs_0/mem/mem_47_reg. We will not be able to pipeline it. This may degrade performance. 
RAM Pipeline Warning: Read Address Register Found For RAM accs_0/mem/mem_47_reg. We will not be able to pipeline it. This may degrade performance. 
RAM Pipeline Warning: Read Address Register Found For RAM accs_0/mem/mem_48_reg. We will not be able to pipeline it. This may degrade performance. 
RAM Pipeline Warning: Read Address Register Found For RAM accs_0/mem/mem_48_reg. We will not be able to pipeline it. This may degrade performance. 
RAM Pipeline Warning: Read Address Register Found For RAM accs_0/mem/mem_49_reg. We will not be able to pipeline it. This may degrade performance. 
RAM Pipeline Warning: Read Address Register Found For RAM accs_0/mem/mem_49_reg. We will not be able to pipeline it. This may degrade performance. 
RAM Pipeline Warning: Read Address Register Found For RAM accs_0/mem/mem_50_reg. We will not be able to pipeline it. This may degrade performance. 
RAM Pipeline Warning: Read Address Register Found For RAM accs_0/mem/mem_50_reg. We will not be able to pipeline it. This may degrade performance. 
RAM Pipeline Warning: Read Address Register Found For RAM accs_0/mem/mem_51_reg. We will not be able to pipeline it. This may degrade performance. 
RAM Pipeline Warning: Read Address Register Found For RAM accs_0/mem/mem_51_reg. We will not be able to pipeline it. This may degrade performance. 
RAM Pipeline Warning: Read Address Register Found For RAM accs_0/mem/mem_52_reg. We will not be able to pipeline it. This may degrade performance. 
RAM Pipeline Warning: Read Address Register Found For RAM accs_0/mem/mem_52_reg. We will not be able to pipeline it. This may degrade performance. 
RAM Pipeline Warning: Read Address Register Found For RAM accs_0/mem/mem_53_reg. We will not be able to pipeline it. This may degrade performance. 
RAM Pipeline Warning: Read Address Register Found For RAM accs_0/mem/mem_53_reg. We will not be able to pipeline it. This may degrade performance. 
RAM Pipeline Warning: Read Address Register Found For RAM accs_0/mem/mem_54_reg. We will not be able to pipeline it. This may degrade performance. 
RAM Pipeline Warning: Read Address Register Found For RAM accs_0/mem/mem_54_reg. We will not be able to pipeline it. This may degrade performance. 
RAM Pipeline Warning: Read Address Register Found For RAM accs_0/mem/mem_55_reg. We will not be able to pipeline it. This may degrade performance. 
RAM Pipeline Warning: Read Address Register Found For RAM accs_0/mem/mem_55_reg. We will not be able to pipeline it. This may degrade performance. 
RAM Pipeline Warning: Read Address Register Found For RAM accs_0/mem/mem_56_reg. We will not be able to pipeline it. This may degrade performance. 
RAM Pipeline Warning: Read Address Register Found For RAM accs_0/mem/mem_56_reg. We will not be able to pipeline it. This may degrade performance. 
RAM Pipeline Warning: Read Address Register Found For RAM accs_0/mem/mem_57_reg. We will not be able to pipeline it. This may degrade performance. 
RAM Pipeline Warning: Read Address Register Found For RAM accs_0/mem/mem_57_reg. We will not be able to pipeline it. This may degrade performance. 
RAM Pipeline Warning: Read Address Register Found For RAM accs_0/mem/mem_58_reg. We will not be able to pipeline it. This may degrade performance. 
RAM Pipeline Warning: Read Address Register Found For RAM accs_0/mem/mem_58_reg. We will not be able to pipeline it. This may degrade performance. 
RAM Pipeline Warning: Read Address Register Found For RAM accs_0/mem/mem_59_reg. We will not be able to pipeline it. This may degrade performance. 
RAM Pipeline Warning: Read Address Register Found For RAM accs_0/mem/mem_59_reg. We will not be able to pipeline it. This may degrade performance. 
RAM Pipeline Warning: Read Address Register Found For RAM accs_0/mem/mem_60_reg. We will not be able to pipeline it. This may degrade performance. 
RAM Pipeline Warning: Read Address Register Found For RAM accs_0/mem/mem_60_reg. We will not be able to pipeline it. This may degrade performance. 
RAM Pipeline Warning: Read Address Register Found For RAM accs_0/mem/mem_61_reg. We will not be able to pipeline it. This may degrade performance. 
RAM Pipeline Warning: Read Address Register Found For RAM accs_0/mem/mem_61_reg. We will not be able to pipeline it. This may degrade performance. 
RAM Pipeline Warning: Read Address Register Found For RAM accs_0/mem/mem_62_reg. We will not be able to pipeline it. This may degrade performance. 
RAM Pipeline Warning: Read Address Register Found For RAM accs_0/mem/mem_62_reg. We will not be able to pipeline it. This may degrade performance. 
RAM Pipeline Warning: Read Address Register Found For RAM accs_0/mem/mem_63_reg. We will not be able to pipeline it. This may degrade performance. 
RAM Pipeline Warning: Read Address Register Found For RAM accs_0/mem/mem_63_reg. We will not be able to pipeline it. This may degrade performance. 
RAM Pipeline Warning: Read Address Register Found For RAM accs_1/mem/mem_0_reg. We will not be able to pipeline it. This may degrade performance. 
RAM Pipeline Warning: Read Address Register Found For RAM accs_1/mem/mem_0_reg. We will not be able to pipeline it. This may degrade performance. 
RAM Pipeline Warning: Read Address Register Found For RAM accs_1/mem/mem_1_reg. We will not be able to pipeline it. This may degrade performance. 
RAM Pipeline Warning: Read Address Register Found For RAM accs_1/mem/mem_1_reg. We will not be able to pipeline it. This may degrade performance. 
RAM Pipeline Warning: Read Address Register Found For RAM accs_1/mem/mem_2_reg. We will not be able to pipeline it. This may degrade performance. 
RAM Pipeline Warning: Read Address Register Found For RAM accs_1/mem/mem_2_reg. We will not be able to pipeline it. This may degrade performance. 
RAM Pipeline Warning: Read Address Register Found For RAM accs_1/mem/mem_3_reg. We will not be able to pipeline it. This may degrade performance. 
RAM Pipeline Warning: Read Address Register Found For RAM accs_1/mem/mem_3_reg. We will not be able to pipeline it. This may degrade performance. 
RAM Pipeline Warning: Read Address Register Found For RAM accs_1/mem/mem_4_reg. We will not be able to pipeline it. This may degrade performance. 
RAM Pipeline Warning: Read Address Register Found For RAM accs_1/mem/mem_4_reg. We will not be able to pipeline it. This may degrade performance. 
RAM Pipeline Warning: Read Address Register Found For RAM accs_1/mem/mem_5_reg. We will not be able to pipeline it. This may degrade performance. 
RAM Pipeline Warning: Read Address Register Found For RAM accs_1/mem/mem_5_reg. We will not be able to pipeline it. This may degrade performance. 
RAM Pipeline Warning: Read Address Register Found For RAM accs_1/mem/mem_6_reg. We will not be able to pipeline it. This may degrade performance. 
RAM Pipeline Warning: Read Address Register Found For RAM accs_1/mem/mem_6_reg. We will not be able to pipeline it. This may degrade performance. 
RAM Pipeline Warning: Read Address Register Found For RAM accs_1/mem/mem_7_reg. We will not be able to pipeline it. This may degrade performance. 
RAM Pipeline Warning: Read Address Register Found For RAM accs_1/mem/mem_7_reg. We will not be able to pipeline it. This may degrade performance. 
RAM Pipeline Warning: Read Address Register Found For RAM accs_1/mem/mem_8_reg. We will not be able to pipeline it. This may degrade performance. 
RAM Pipeline Warning: Read Address Register Found For RAM accs_1/mem/mem_8_reg. We will not be able to pipeline it. This may degrade performance. 
RAM Pipeline Warning: Read Address Register Found For RAM accs_1/mem/mem_9_reg. We will not be able to pipeline it. This may degrade performance. 
RAM Pipeline Warning: Read Address Register Found For RAM accs_1/mem/mem_9_reg. We will not be able to pipeline it. This may degrade performance. 
RAM Pipeline Warning: Read Address Register Found For RAM accs_1/mem/mem_10_reg. We will not be able to pipeline it. This may degrade performance. 
RAM Pipeline Warning: Read Address Register Found For RAM accs_1/mem/mem_10_reg. We will not be able to pipeline it. This may degrade performance. 
RAM Pipeline Warning: Read Address Register Found For RAM accs_1/mem/mem_11_reg. We will not be able to pipeline it. This may degrade performance. 
RAM Pipeline Warning: Read Address Register Found For RAM accs_1/mem/mem_11_reg. We will not be able to pipeline it. This may degrade performance. 
RAM Pipeline Warning: Read Address Register Found For RAM accs_1/mem/mem_12_reg. We will not be able to pipeline it. This may degrade performance. 
RAM Pipeline Warning: Read Address Register Found For RAM accs_1/mem/mem_12_reg. We will not be able to pipeline it. This may degrade performance. 
RAM Pipeline Warning: Read Address Register Found For RAM accs_1/mem/mem_13_reg. We will not be able to pipeline it. This may degrade performance. 
RAM Pipeline Warning: Read Address Register Found For RAM accs_1/mem/mem_13_reg. We will not be able to pipeline it. This may degrade performance. 
RAM Pipeline Warning: Read Address Register Found For RAM accs_1/mem/mem_14_reg. We will not be able to pipeline it. This may degrade performance. 
RAM Pipeline Warning: Read Address Register Found For RAM accs_1/mem/mem_14_reg. We will not be able to pipeline it. This may degrade performance. 
RAM Pipeline Warning: Read Address Register Found For RAM accs_1/mem/mem_15_reg. We will not be able to pipeline it. This may degrade performance. 
RAM Pipeline Warning: Read Address Register Found For RAM accs_1/mem/mem_15_reg. We will not be able to pipeline it. This may degrade performance. 
RAM Pipeline Warning: Read Address Register Found For RAM accs_1/mem/mem_16_reg. We will not be able to pipeline it. This may degrade performance. 
RAM Pipeline Warning: Read Address Register Found For RAM accs_1/mem/mem_16_reg. We will not be able to pipeline it. This may degrade performance. 
RAM Pipeline Warning: Read Address Register Found For RAM accs_1/mem/mem_17_reg. We will not be able to pipeline it. This may degrade performance. 
RAM Pipeline Warning: Read Address Register Found For RAM accs_1/mem/mem_17_reg. We will not be able to pipeline it. This may degrade performance. 
RAM Pipeline Warning: Read Address Register Found For RAM accs_1/mem/mem_18_reg. We will not be able to pipeline it. This may degrade performance. 
RAM Pipeline Warning: Read Address Register Found For RAM accs_1/mem/mem_18_reg. We will not be able to pipeline it. This may degrade performance. 
RAM Pipeline Warning: Read Address Register Found For RAM accs_1/mem/mem_19_reg. We will not be able to pipeline it. This may degrade performance. 
RAM Pipeline Warning: Read Address Register Found For RAM accs_1/mem/mem_19_reg. We will not be able to pipeline it. This may degrade performance. 
RAM Pipeline Warning: Read Address Register Found For RAM accs_1/mem/mem_20_reg. We will not be able to pipeline it. This may degrade performance. 
RAM Pipeline Warning: Read Address Register Found For RAM accs_1/mem/mem_20_reg. We will not be able to pipeline it. This may degrade performance. 
RAM Pipeline Warning: Read Address Register Found For RAM accs_1/mem/mem_21_reg. We will not be able to pipeline it. This may degrade performance. 
RAM Pipeline Warning: Read Address Register Found For RAM accs_1/mem/mem_21_reg. We will not be able to pipeline it. This may degrade performance. 
RAM Pipeline Warning: Read Address Register Found For RAM accs_1/mem/mem_22_reg. We will not be able to pipeline it. This may degrade performance. 
RAM Pipeline Warning: Read Address Register Found For RAM accs_1/mem/mem_22_reg. We will not be able to pipeline it. This may degrade performance. 
RAM Pipeline Warning: Read Address Register Found For RAM accs_1/mem/mem_23_reg. We will not be able to pipeline it. This may degrade performance. 
RAM Pipeline Warning: Read Address Register Found For RAM accs_1/mem/mem_23_reg. We will not be able to pipeline it. This may degrade performance. 
RAM Pipeline Warning: Read Address Register Found For RAM accs_1/mem/mem_24_reg. We will not be able to pipeline it. This may degrade performance. 
RAM Pipeline Warning: Read Address Register Found For RAM accs_1/mem/mem_24_reg. We will not be able to pipeline it. This may degrade performance. 
RAM Pipeline Warning: Read Address Register Found For RAM accs_1/mem/mem_25_reg. We will not be able to pipeline it. This may degrade performance. 
RAM Pipeline Warning: Read Address Register Found For RAM accs_1/mem/mem_25_reg. We will not be able to pipeline it. This may degrade performance. 
RAM Pipeline Warning: Read Address Register Found For RAM accs_1/mem/mem_26_reg. We will not be able to pipeline it. This may degrade performance. 
RAM Pipeline Warning: Read Address Register Found For RAM accs_1/mem/mem_26_reg. We will not be able to pipeline it. This may degrade performance. 
RAM Pipeline Warning: Read Address Register Found For RAM accs_1/mem/mem_27_reg. We will not be able to pipeline it. This may degrade performance. 
RAM Pipeline Warning: Read Address Register Found For RAM accs_1/mem/mem_27_reg. We will not be able to pipeline it. This may degrade performance. 
RAM Pipeline Warning: Read Address Register Found For RAM accs_1/mem/mem_28_reg. We will not be able to pipeline it. This may degrade performance. 
RAM Pipeline Warning: Read Address Register Found For RAM accs_1/mem/mem_28_reg. We will not be able to pipeline it. This may degrade performance. 
RAM Pipeline Warning: Read Address Register Found For RAM accs_1/mem/mem_29_reg. We will not be able to pipeline it. This may degrade performance. 
RAM Pipeline Warning: Read Address Register Found For RAM accs_1/mem/mem_29_reg. We will not be able to pipeline it. This may degrade performance. 
RAM Pipeline Warning: Read Address Register Found For RAM accs_1/mem/mem_30_reg. We will not be able to pipeline it. This may degrade performance. 
RAM Pipeline Warning: Read Address Register Found For RAM accs_1/mem/mem_30_reg. We will not be able to pipeline it. This may degrade performance. 
RAM Pipeline Warning: Read Address Register Found For RAM accs_1/mem/mem_31_reg. We will not be able to pipeline it. This may degrade performance. 
RAM Pipeline Warning: Read Address Register Found For RAM accs_1/mem/mem_31_reg. We will not be able to pipeline it. This may degrade performance. 
RAM Pipeline Warning: Read Address Register Found For RAM accs_1/mem/mem_32_reg. We will not be able to pipeline it. This may degrade performance. 
RAM Pipeline Warning: Read Address Register Found For RAM accs_1/mem/mem_32_reg. We will not be able to pipeline it. This may degrade performance. 
RAM Pipeline Warning: Read Address Register Found For RAM accs_1/mem/mem_33_reg. We will not be able to pipeline it. This may degrade performance. 
RAM Pipeline Warning: Read Address Register Found For RAM accs_1/mem/mem_33_reg. We will not be able to pipeline it. This may degrade performance. 
RAM Pipeline Warning: Read Address Register Found For RAM accs_1/mem/mem_34_reg. We will not be able to pipeline it. This may degrade performance. 
RAM Pipeline Warning: Read Address Register Found For RAM accs_1/mem/mem_34_reg. We will not be able to pipeline it. This may degrade performance. 
RAM Pipeline Warning: Read Address Register Found For RAM accs_1/mem/mem_35_reg. We will not be able to pipeline it. This may degrade performance. 
RAM Pipeline Warning: Read Address Register Found For RAM accs_1/mem/mem_35_reg. We will not be able to pipeline it. This may degrade performance. 
RAM Pipeline Warning: Read Address Register Found For RAM accs_1/mem/mem_36_reg. We will not be able to pipeline it. This may degrade performance. 
RAM Pipeline Warning: Read Address Register Found For RAM accs_1/mem/mem_36_reg. We will not be able to pipeline it. This may degrade performance. 
RAM Pipeline Warning: Read Address Register Found For RAM accs_1/mem/mem_37_reg. We will not be able to pipeline it. This may degrade performance. 
RAM Pipeline Warning: Read Address Register Found For RAM accs_1/mem/mem_37_reg. We will not be able to pipeline it. This may degrade performance. 
RAM Pipeline Warning: Read Address Register Found For RAM accs_1/mem/mem_38_reg. We will not be able to pipeline it. This may degrade performance. 
RAM Pipeline Warning: Read Address Register Found For RAM accs_1/mem/mem_38_reg. We will not be able to pipeline it. This may degrade performance. 
RAM Pipeline Warning: Read Address Register Found For RAM accs_1/mem/mem_39_reg. We will not be able to pipeline it. This may degrade performance. 
RAM Pipeline Warning: Read Address Register Found For RAM accs_1/mem/mem_39_reg. We will not be able to pipeline it. This may degrade performance. 
RAM Pipeline Warning: Read Address Register Found For RAM accs_1/mem/mem_40_reg. We will not be able to pipeline it. This may degrade performance. 
RAM Pipeline Warning: Read Address Register Found For RAM accs_1/mem/mem_40_reg. We will not be able to pipeline it. This may degrade performance. 
RAM Pipeline Warning: Read Address Register Found For RAM accs_1/mem/mem_41_reg. We will not be able to pipeline it. This may degrade performance. 
RAM Pipeline Warning: Read Address Register Found For RAM accs_1/mem/mem_41_reg. We will not be able to pipeline it. This may degrade performance. 
RAM Pipeline Warning: Read Address Register Found For RAM accs_1/mem/mem_42_reg. We will not be able to pipeline it. This may degrade performance. 
RAM Pipeline Warning: Read Address Register Found For RAM accs_1/mem/mem_42_reg. We will not be able to pipeline it. This may degrade performance. 
RAM Pipeline Warning: Read Address Register Found For RAM accs_1/mem/mem_43_reg. We will not be able to pipeline it. This may degrade performance. 
RAM Pipeline Warning: Read Address Register Found For RAM accs_1/mem/mem_43_reg. We will not be able to pipeline it. This may degrade performance. 
RAM Pipeline Warning: Read Address Register Found For RAM accs_1/mem/mem_44_reg. We will not be able to pipeline it. This may degrade performance. 
RAM Pipeline Warning: Read Address Register Found For RAM accs_1/mem/mem_44_reg. We will not be able to pipeline it. This may degrade performance. 
RAM Pipeline Warning: Read Address Register Found For RAM accs_1/mem/mem_45_reg. We will not be able to pipeline it. This may degrade performance. 
RAM Pipeline Warning: Read Address Register Found For RAM accs_1/mem/mem_45_reg. We will not be able to pipeline it. This may degrade performance. 
RAM Pipeline Warning: Read Address Register Found For RAM accs_1/mem/mem_46_reg. We will not be able to pipeline it. This may degrade performance. 
RAM Pipeline Warning: Read Address Register Found For RAM accs_1/mem/mem_46_reg. We will not be able to pipeline it. This may degrade performance. 
RAM Pipeline Warning: Read Address Register Found For RAM accs_1/mem/mem_47_reg. We will not be able to pipeline it. This may degrade performance. 
RAM Pipeline Warning: Read Address Register Found For RAM accs_1/mem/mem_47_reg. We will not be able to pipeline it. This may degrade performance. 
RAM Pipeline Warning: Read Address Register Found For RAM accs_1/mem/mem_48_reg. We will not be able to pipeline it. This may degrade performance. 
RAM Pipeline Warning: Read Address Register Found For RAM accs_1/mem/mem_48_reg. We will not be able to pipeline it. This may degrade performance. 
RAM Pipeline Warning: Read Address Register Found For RAM accs_1/mem/mem_49_reg. We will not be able to pipeline it. This may degrade performance. 
RAM Pipeline Warning: Read Address Register Found For RAM accs_1/mem/mem_49_reg. We will not be able to pipeline it. This may degrade performance. 
RAM Pipeline Warning: Read Address Register Found For RAM accs_1/mem/mem_50_reg. We will not be able to pipeline it. This may degrade performance. 
RAM Pipeline Warning: Read Address Register Found For RAM accs_1/mem/mem_50_reg. We will not be able to pipeline it. This may degrade performance. 
RAM Pipeline Warning: Read Address Register Found For RAM accs_1/mem/mem_51_reg. We will not be able to pipeline it. This may degrade performance. 
RAM Pipeline Warning: Read Address Register Found For RAM accs_1/mem/mem_51_reg. We will not be able to pipeline it. This may degrade performance. 
RAM Pipeline Warning: Read Address Register Found For RAM accs_1/mem/mem_52_reg. We will not be able to pipeline it. This may degrade performance. 
RAM Pipeline Warning: Read Address Register Found For RAM accs_1/mem/mem_52_reg. We will not be able to pipeline it. This may degrade performance. 
RAM Pipeline Warning: Read Address Register Found For RAM accs_1/mem/mem_53_reg. We will not be able to pipeline it. This may degrade performance. 
RAM Pipeline Warning: Read Address Register Found For RAM accs_1/mem/mem_53_reg. We will not be able to pipeline it. This may degrade performance. 
RAM Pipeline Warning: Read Address Register Found For RAM accs_1/mem/mem_54_reg. We will not be able to pipeline it. This may degrade performance. 
RAM Pipeline Warning: Read Address Register Found For RAM accs_1/mem/mem_54_reg. We will not be able to pipeline it. This may degrade performance. 
RAM Pipeline Warning: Read Address Register Found For RAM accs_1/mem/mem_55_reg. We will not be able to pipeline it. This may degrade performance. 
RAM Pipeline Warning: Read Address Register Found For RAM accs_1/mem/mem_55_reg. We will not be able to pipeline it. This may degrade performance. 
RAM Pipeline Warning: Read Address Register Found For RAM accs_1/mem/mem_56_reg. We will not be able to pipeline it. This may degrade performance. 
RAM Pipeline Warning: Read Address Register Found For RAM accs_1/mem/mem_56_reg. We will not be able to pipeline it. This may degrade performance. 
RAM Pipeline Warning: Read Address Register Found For RAM accs_1/mem/mem_57_reg. We will not be able to pipeline it. This may degrade performance. 
RAM Pipeline Warning: Read Address Register Found For RAM accs_1/mem/mem_57_reg. We will not be able to pipeline it. This may degrade performance. 
RAM Pipeline Warning: Read Address Register Found For RAM accs_1/mem/mem_58_reg. We will not be able to pipeline it. This may degrade performance. 
RAM Pipeline Warning: Read Address Register Found For RAM accs_1/mem/mem_58_reg. We will not be able to pipeline it. This may degrade performance. 
RAM Pipeline Warning: Read Address Register Found For RAM accs_1/mem/mem_59_reg. We will not be able to pipeline it. This may degrade performance. 
RAM Pipeline Warning: Read Address Register Found For RAM accs_1/mem/mem_59_reg. We will not be able to pipeline it. This may degrade performance. 
RAM Pipeline Warning: Read Address Register Found For RAM accs_1/mem/mem_60_reg. We will not be able to pipeline it. This may degrade performance. 
RAM Pipeline Warning: Read Address Register Found For RAM accs_1/mem/mem_60_reg. We will not be able to pipeline it. This may degrade performance. 
RAM Pipeline Warning: Read Address Register Found For RAM accs_1/mem/mem_61_reg. We will not be able to pipeline it. This may degrade performance. 
RAM Pipeline Warning: Read Address Register Found For RAM accs_1/mem/mem_61_reg. We will not be able to pipeline it. This may degrade performance. 
RAM Pipeline Warning: Read Address Register Found For RAM accs_1/mem/mem_62_reg. We will not be able to pipeline it. This may degrade performance. 
RAM Pipeline Warning: Read Address Register Found For RAM accs_1/mem/mem_62_reg. We will not be able to pipeline it. This may degrade performance. 
RAM Pipeline Warning: Read Address Register Found For RAM accs_1/mem/mem_63_reg. We will not be able to pipeline it. This may degrade performance. 
RAM Pipeline Warning: Read Address Register Found For RAM accs_1/mem/mem_63_reg. We will not be able to pipeline it. This may degrade performance. 
RAM Pipeline Warning: Read Address Register Found For RAM accs_0/mem/mem_0_reg. We will not be able to pipeline it. This may degrade performance. 
RAM Pipeline Warning: Read Address Register Found For RAM accs_0/mem/mem_1_reg. We will not be able to pipeline it. This may degrade performance. 
RAM Pipeline Warning: Read Address Register Found For RAM accs_0/mem/mem_2_reg. We will not be able to pipeline it. This may degrade performance. 
RAM Pipeline Warning: Read Address Register Found For RAM accs_0/mem/mem_3_reg. We will not be able to pipeline it. This may degrade performance. 
RAM Pipeline Warning: Read Address Register Found For RAM accs_0/mem/mem_4_reg. We will not be able to pipeline it. This may degrade performance. 
RAM Pipeline Warning: Read Address Register Found For RAM accs_0/mem/mem_5_reg. We will not be able to pipeline it. This may degrade performance. 
RAM Pipeline Warning: Read Address Register Found For RAM accs_0/mem/mem_6_reg. We will not be able to pipeline it. This may degrade performance. 
RAM Pipeline Warning: Read Address Register Found For RAM accs_0/mem/mem_7_reg. We will not be able to pipeline it. This may degrade performance. 
RAM Pipeline Warning: Read Address Register Found For RAM accs_0/mem/mem_8_reg. We will not be able to pipeline it. This may degrade performance. 
RAM Pipeline Warning: Read Address Register Found For RAM accs_0/mem/mem_9_reg. We will not be able to pipeline it. This may degrade performance. 
RAM Pipeline Warning: Read Address Register Found For RAM accs_0/mem/mem_10_reg. We will not be able to pipeline it. This may degrade performance. 
RAM Pipeline Warning: Read Address Register Found For RAM accs_0/mem/mem_11_reg. We will not be able to pipeline it. This may degrade performance. 
RAM Pipeline Warning: Read Address Register Found For RAM accs_0/mem/mem_12_reg. We will not be able to pipeline it. This may degrade performance. 
RAM Pipeline Warning: Read Address Register Found For RAM accs_0/mem/mem_13_reg. We will not be able to pipeline it. This may degrade performance. 
RAM Pipeline Warning: Read Address Register Found For RAM accs_0/mem/mem_14_reg. We will not be able to pipeline it. This may degrade performance. 
RAM Pipeline Warning: Read Address Register Found For RAM accs_0/mem/mem_15_reg. We will not be able to pipeline it. This may degrade performance. 
RAM Pipeline Warning: Read Address Register Found For RAM accs_0/mem/mem_16_reg. We will not be able to pipeline it. This may degrade performance. 
RAM Pipeline Warning: Read Address Register Found For RAM accs_0/mem/mem_17_reg. We will not be able to pipeline it. This may degrade performance. 
RAM Pipeline Warning: Read Address Register Found For RAM accs_0/mem/mem_18_reg. We will not be able to pipeline it. This may degrade performance. 
RAM Pipeline Warning: Read Address Register Found For RAM accs_0/mem/mem_19_reg. We will not be able to pipeline it. This may degrade performance. 
RAM Pipeline Warning: Read Address Register Found For RAM accs_0/mem/mem_20_reg. We will not be able to pipeline it. This may degrade performance. 
RAM Pipeline Warning: Read Address Register Found For RAM accs_0/mem/mem_21_reg. We will not be able to pipeline it. This may degrade performance. 
RAM Pipeline Warning: Read Address Register Found For RAM accs_0/mem/mem_22_reg. We will not be able to pipeline it. This may degrade performance. 
RAM Pipeline Warning: Read Address Register Found For RAM accs_0/mem/mem_23_reg. We will not be able to pipeline it. This may degrade performance. 
RAM Pipeline Warning: Read Address Register Found For RAM accs_0/mem/mem_24_reg. We will not be able to pipeline it. This may degrade performance. 
RAM Pipeline Warning: Read Address Register Found For RAM accs_0/mem/mem_25_reg. We will not be able to pipeline it. This may degrade performance. 
RAM Pipeline Warning: Read Address Register Found For RAM accs_0/mem/mem_26_reg. We will not be able to pipeline it. This may degrade performance. 
RAM Pipeline Warning: Read Address Register Found For RAM accs_0/mem/mem_27_reg. We will not be able to pipeline it. This may degrade performance. 
RAM Pipeline Warning: Read Address Register Found For RAM accs_0/mem/mem_28_reg. We will not be able to pipeline it. This may degrade performance. 
RAM Pipeline Warning: Read Address Register Found For RAM accs_0/mem/mem_29_reg. We will not be able to pipeline it. This may degrade performance. 
RAM Pipeline Warning: Read Address Register Found For RAM accs_0/mem/mem_30_reg. We will not be able to pipeline it. This may degrade performance. 
RAM Pipeline Warning: Read Address Register Found For RAM accs_0/mem/mem_31_reg. We will not be able to pipeline it. This may degrade performance. 
RAM Pipeline Warning: Read Address Register Found For RAM accs_0/mem/mem_32_reg. We will not be able to pipeline it. This may degrade performance. 
RAM Pipeline Warning: Read Address Register Found For RAM accs_0/mem/mem_33_reg. We will not be able to pipeline it. This may degrade performance. 
RAM Pipeline Warning: Read Address Register Found For RAM accs_0/mem/mem_34_reg. We will not be able to pipeline it. This may degrade performance. 
RAM Pipeline Warning: Read Address Register Found For RAM accs_0/mem/mem_35_reg. We will not be able to pipeline it. This may degrade performance. 
RAM Pipeline Warning: Read Address Register Found For RAM accs_0/mem/mem_36_reg. We will not be able to pipeline it. This may degrade performance. 
RAM Pipeline Warning: Read Address Register Found For RAM accs_0/mem/mem_37_reg. We will not be able to pipeline it. This may degrade performance. 
RAM Pipeline Warning: Read Address Register Found For RAM accs_0/mem/mem_38_reg. We will not be able to pipeline it. This may degrade performance. 
RAM Pipeline Warning: Read Address Register Found For RAM accs_0/mem/mem_39_reg. We will not be able to pipeline it. This may degrade performance. 
RAM Pipeline Warning: Read Address Register Found For RAM accs_0/mem/mem_40_reg. We will not be able to pipeline it. This may degrade performance. 
RAM Pipeline Warning: Read Address Register Found For RAM accs_0/mem/mem_41_reg. We will not be able to pipeline it. This may degrade performance. 
RAM Pipeline Warning: Read Address Register Found For RAM accs_0/mem/mem_42_reg. We will not be able to pipeline it. This may degrade performance. 
RAM Pipeline Warning: Read Address Register Found For RAM accs_0/mem/mem_43_reg. We will not be able to pipeline it. This may degrade performance. 
RAM Pipeline Warning: Read Address Register Found For RAM accs_0/mem/mem_44_reg. We will not be able to pipeline it. This may degrade performance. 
RAM Pipeline Warning: Read Address Register Found For RAM accs_0/mem/mem_45_reg. We will not be able to pipeline it. This may degrade performance. 
RAM Pipeline Warning: Read Address Register Found For RAM accs_0/mem/mem_46_reg. We will not be able to pipeline it. This may degrade performance. 
RAM Pipeline Warning: Read Address Register Found For RAM accs_0/mem/mem_47_reg. We will not be able to pipeline it. This may degrade performance. 
RAM Pipeline Warning: Read Address Register Found For RAM accs_0/mem/mem_48_reg. We will not be able to pipeline it. This may degrade performance. 
RAM Pipeline Warning: Read Address Register Found For RAM accs_0/mem/mem_49_reg. We will not be able to pipeline it. This may degrade performance. 
RAM Pipeline Warning: Read Address Register Found For RAM accs_0/mem/mem_50_reg. We will not be able to pipeline it. This may degrade performance. 
RAM Pipeline Warning: Read Address Register Found For RAM accs_0/mem/mem_51_reg. We will not be able to pipeline it. This may degrade performance. 
RAM Pipeline Warning: Read Address Register Found For RAM accs_0/mem/mem_52_reg. We will not be able to pipeline it. This may degrade performance. 
RAM Pipeline Warning: Read Address Register Found For RAM accs_0/mem/mem_53_reg. We will not be able to pipeline it. This may degrade performance. 
RAM Pipeline Warning: Read Address Register Found For RAM accs_0/mem/mem_54_reg. We will not be able to pipeline it. This may degrade performance. 
RAM Pipeline Warning: Read Address Register Found For RAM accs_0/mem/mem_55_reg. We will not be able to pipeline it. This may degrade performance. 
RAM Pipeline Warning: Read Address Register Found For RAM accs_0/mem/mem_56_reg. We will not be able to pipeline it. This may degrade performance. 
RAM Pipeline Warning: Read Address Register Found For RAM accs_0/mem/mem_57_reg. We will not be able to pipeline it. This may degrade performance. 
RAM Pipeline Warning: Read Address Register Found For RAM accs_0/mem/mem_58_reg. We will not be able to pipeline it. This may degrade performance. 
RAM Pipeline Warning: Read Address Register Found For RAM accs_0/mem/mem_59_reg. We will not be able to pipeline it. This may degrade performance. 
RAM Pipeline Warning: Read Address Register Found For RAM accs_0/mem/mem_60_reg. We will not be able to pipeline it. This may degrade performance. 
RAM Pipeline Warning: Read Address Register Found For RAM accs_0/mem/mem_61_reg. We will not be able to pipeline it. This may degrade performance. 
RAM Pipeline Warning: Read Address Register Found For RAM accs_0/mem/mem_62_reg. We will not be able to pipeline it. This may degrade performance. 
RAM Pipeline Warning: Read Address Register Found For RAM accs_0/mem/mem_63_reg. We will not be able to pipeline it. This may degrade performance. 
RAM Pipeline Warning: Read Address Register Found For RAM accs_1/mem/mem_0_reg. We will not be able to pipeline it. This may degrade performance. 
RAM Pipeline Warning: Read Address Register Found For RAM accs_1/mem/mem_1_reg. We will not be able to pipeline it. This may degrade performance. 
RAM Pipeline Warning: Read Address Register Found For RAM accs_1/mem/mem_2_reg. We will not be able to pipeline it. This may degrade performance. 
RAM Pipeline Warning: Read Address Register Found For RAM accs_1/mem/mem_3_reg. We will not be able to pipeline it. This may degrade performance. 
RAM Pipeline Warning: Read Address Register Found For RAM accs_1/mem/mem_4_reg. We will not be able to pipeline it. This may degrade performance. 
RAM Pipeline Warning: Read Address Register Found For RAM accs_1/mem/mem_5_reg. We will not be able to pipeline it. This may degrade performance. 
RAM Pipeline Warning: Read Address Register Found For RAM accs_1/mem/mem_6_reg. We will not be able to pipeline it. This may degrade performance. 
RAM Pipeline Warning: Read Address Register Found For RAM accs_1/mem/mem_7_reg. We will not be able to pipeline it. This may degrade performance. 
RAM Pipeline Warning: Read Address Register Found For RAM accs_1/mem/mem_8_reg. We will not be able to pipeline it. This may degrade performance. 
RAM Pipeline Warning: Read Address Register Found For RAM accs_1/mem/mem_9_reg. We will not be able to pipeline it. This may degrade performance. 
RAM Pipeline Warning: Read Address Register Found For RAM accs_1/mem/mem_10_reg. We will not be able to pipeline it. This may degrade performance. 
RAM Pipeline Warning: Read Address Register Found For RAM accs_1/mem/mem_11_reg. We will not be able to pipeline it. This may degrade performance. 
RAM Pipeline Warning: Read Address Register Found For RAM accs_1/mem/mem_12_reg. We will not be able to pipeline it. This may degrade performance. 
RAM Pipeline Warning: Read Address Register Found For RAM accs_1/mem/mem_13_reg. We will not be able to pipeline it. This may degrade performance. 
RAM Pipeline Warning: Read Address Register Found For RAM accs_1/mem/mem_14_reg. We will not be able to pipeline it. This may degrade performance. 
RAM Pipeline Warning: Read Address Register Found For RAM accs_1/mem/mem_15_reg. We will not be able to pipeline it. This may degrade performance. 
RAM Pipeline Warning: Read Address Register Found For RAM accs_1/mem/mem_16_reg. We will not be able to pipeline it. This may degrade performance. 
RAM Pipeline Warning: Read Address Register Found For RAM accs_1/mem/mem_17_reg. We will not be able to pipeline it. This may degrade performance. 
RAM Pipeline Warning: Read Address Register Found For RAM accs_1/mem/mem_18_reg. We will not be able to pipeline it. This may degrade performance. 
RAM Pipeline Warning: Read Address Register Found For RAM accs_1/mem/mem_19_reg. We will not be able to pipeline it. This may degrade performance. 
RAM Pipeline Warning: Read Address Register Found For RAM accs_1/mem/mem_20_reg. We will not be able to pipeline it. This may degrade performance. 
RAM Pipeline Warning: Read Address Register Found For RAM accs_1/mem/mem_21_reg. We will not be able to pipeline it. This may degrade performance. 
RAM Pipeline Warning: Read Address Register Found For RAM accs_1/mem/mem_22_reg. We will not be able to pipeline it. This may degrade performance. 
RAM Pipeline Warning: Read Address Register Found For RAM accs_1/mem/mem_23_reg. We will not be able to pipeline it. This may degrade performance. 
RAM Pipeline Warning: Read Address Register Found For RAM accs_1/mem/mem_24_reg. We will not be able to pipeline it. This may degrade performance. 
RAM Pipeline Warning: Read Address Register Found For RAM accs_1/mem/mem_25_reg. We will not be able to pipeline it. This may degrade performance. 
RAM Pipeline Warning: Read Address Register Found For RAM accs_1/mem/mem_26_reg. We will not be able to pipeline it. This may degrade performance. 
RAM Pipeline Warning: Read Address Register Found For RAM accs_1/mem/mem_27_reg. We will not be able to pipeline it. This may degrade performance. 
RAM Pipeline Warning: Read Address Register Found For RAM accs_1/mem/mem_28_reg. We will not be able to pipeline it. This may degrade performance. 
RAM Pipeline Warning: Read Address Register Found For RAM accs_1/mem/mem_29_reg. We will not be able to pipeline it. This may degrade performance. 
RAM Pipeline Warning: Read Address Register Found For RAM accs_1/mem/mem_30_reg. We will not be able to pipeline it. This may degrade performance. 
RAM Pipeline Warning: Read Address Register Found For RAM accs_1/mem/mem_31_reg. We will not be able to pipeline it. This may degrade performance. 
RAM Pipeline Warning: Read Address Register Found For RAM accs_1/mem/mem_32_reg. We will not be able to pipeline it. This may degrade performance. 
RAM Pipeline Warning: Read Address Register Found For RAM accs_1/mem/mem_33_reg. We will not be able to pipeline it. This may degrade performance. 
RAM Pipeline Warning: Read Address Register Found For RAM accs_1/mem/mem_34_reg. We will not be able to pipeline it. This may degrade performance. 
RAM Pipeline Warning: Read Address Register Found For RAM accs_1/mem/mem_35_reg. We will not be able to pipeline it. This may degrade performance. 
RAM Pipeline Warning: Read Address Register Found For RAM accs_1/mem/mem_36_reg. We will not be able to pipeline it. This may degrade performance. 
RAM Pipeline Warning: Read Address Register Found For RAM accs_1/mem/mem_37_reg. We will not be able to pipeline it. This may degrade performance. 
RAM Pipeline Warning: Read Address Register Found For RAM accs_1/mem/mem_38_reg. We will not be able to pipeline it. This may degrade performance. 
RAM Pipeline Warning: Read Address Register Found For RAM accs_1/mem/mem_39_reg. We will not be able to pipeline it. This may degrade performance. 
RAM Pipeline Warning: Read Address Register Found For RAM accs_1/mem/mem_40_reg. We will not be able to pipeline it. This may degrade performance. 
RAM Pipeline Warning: Read Address Register Found For RAM accs_1/mem/mem_41_reg. We will not be able to pipeline it. This may degrade performance. 
RAM Pipeline Warning: Read Address Register Found For RAM accs_1/mem/mem_42_reg. We will not be able to pipeline it. This may degrade performance. 
RAM Pipeline Warning: Read Address Register Found For RAM accs_1/mem/mem_43_reg. We will not be able to pipeline it. This may degrade performance. 
RAM Pipeline Warning: Read Address Register Found For RAM accs_1/mem/mem_44_reg. We will not be able to pipeline it. This may degrade performance. 
RAM Pipeline Warning: Read Address Register Found For RAM accs_1/mem/mem_45_reg. We will not be able to pipeline it. This may degrade performance. 
RAM Pipeline Warning: Read Address Register Found For RAM accs_1/mem/mem_46_reg. We will not be able to pipeline it. This may degrade performance. 
RAM Pipeline Warning: Read Address Register Found For RAM accs_1/mem/mem_47_reg. We will not be able to pipeline it. This may degrade performance. 
RAM Pipeline Warning: Read Address Register Found For RAM accs_1/mem/mem_48_reg. We will not be able to pipeline it. This may degrade performance. 
RAM Pipeline Warning: Read Address Register Found For RAM accs_1/mem/mem_49_reg. We will not be able to pipeline it. This may degrade performance. 
RAM Pipeline Warning: Read Address Register Found For RAM accs_1/mem/mem_50_reg. We will not be able to pipeline it. This may degrade performance. 
RAM Pipeline Warning: Read Address Register Found For RAM accs_1/mem/mem_51_reg. We will not be able to pipeline it. This may degrade performance. 
RAM Pipeline Warning: Read Address Register Found For RAM accs_1/mem/mem_52_reg. We will not be able to pipeline it. This may degrade performance. 
RAM Pipeline Warning: Read Address Register Found For RAM accs_1/mem/mem_53_reg. We will not be able to pipeline it. This may degrade performance. 
RAM Pipeline Warning: Read Address Register Found For RAM accs_1/mem/mem_54_reg. We will not be able to pipeline it. This may degrade performance. 
RAM Pipeline Warning: Read Address Register Found For RAM accs_1/mem/mem_55_reg. We will not be able to pipeline it. This may degrade performance. 
RAM Pipeline Warning: Read Address Register Found For RAM accs_1/mem/mem_56_reg. We will not be able to pipeline it. This may degrade performance. 
RAM Pipeline Warning: Read Address Register Found For RAM accs_1/mem/mem_57_reg. We will not be able to pipeline it. This may degrade performance. 
RAM Pipeline Warning: Read Address Register Found For RAM accs_1/mem/mem_58_reg. We will not be able to pipeline it. This may degrade performance. 
RAM Pipeline Warning: Read Address Register Found For RAM accs_1/mem/mem_59_reg. We will not be able to pipeline it. This may degrade performance. 
RAM Pipeline Warning: Read Address Register Found For RAM accs_1/mem/mem_60_reg. We will not be able to pipeline it. This may degrade performance. 
RAM Pipeline Warning: Read Address Register Found For RAM accs_1/mem/mem_61_reg. We will not be able to pipeline it. This may degrade performance. 
RAM Pipeline Warning: Read Address Register Found For RAM accs_1/mem/mem_62_reg. We will not be able to pipeline it. This may degrade performance. 
RAM Pipeline Warning: Read Address Register Found For RAM accs_1/mem/mem_63_reg. We will not be able to pipeline it. This may degrade performance. 
---------------------------------------------------------------------------------
Finished Cross Boundary and Area Optimization : Time (s): cpu = 00:01:47 ; elapsed = 00:01:45 . Memory (MB): peak = 3509.324 ; gain = 1946.023 ; free physical = 3144 ; free virtual = 96874
---------------------------------------------------------------------------------
---------------------------------------------------------------------------------
Start ROM, RAM, DSP, Shift Register and Retiming Reporting
---------------------------------------------------------------------------------

Distributed RAM: Preliminary Mapping Report (see note below)
+------------+-------------------------+-----------+----------------------+---------------+
|Module Name | RTL Object              | Inference | Size (Depth x Width) | Primitives    | 
+------------+-------------------------+-----------+----------------------+---------------+
|MxuAccVpu   | total_rows_q/ram_id_reg | Implied   | 8 x 3                | RAM32M16 x 1  | 
|MxuAccVpu   | accs_0/mem/mem_0_reg    | Implied   | 64 x 8               | RAM64M8 x 2   | 
|MxuAccVpu   | accs_0/mem/mem_1_reg    | Implied   | 64 x 8               | RAM64M8 x 2   | 
|MxuAccVpu   | accs_0/mem/mem_2_reg    | Implied   | 64 x 8               | RAM64M8 x 2   | 
|MxuAccVpu   | accs_0/mem/mem_3_reg    | Implied   | 64 x 8               | RAM64M8 x 2   | 
|MxuAccVpu   | accs_0/mem/mem_4_reg    | Implied   | 64 x 8               | RAM64M8 x 2   | 
|MxuAccVpu   | accs_0/mem/mem_5_reg    | Implied   | 64 x 8               | RAM64M8 x 2   | 
|MxuAccVpu   | accs_0/mem/mem_6_reg    | Implied   | 64 x 8               | RAM64M8 x 2   | 
|MxuAccVpu   | accs_0/mem/mem_7_reg    | Implied   | 64 x 8               | RAM64M8 x 2   | 
|MxuAccVpu   | accs_0/mem/mem_8_reg    | Implied   | 64 x 8               | RAM64M8 x 2   | 
|MxuAccVpu   | accs_0/mem/mem_9_reg    | Implied   | 64 x 8               | RAM64M8 x 2   | 
|MxuAccVpu   | accs_0/mem/mem_10_reg   | Implied   | 64 x 8               | RAM64M8 x 2   | 
|MxuAccVpu   | accs_0/mem/mem_11_reg   | Implied   | 64 x 8               | RAM64M8 x 2   | 
|MxuAccVpu   | accs_0/mem/mem_12_reg   | Implied   | 64 x 8               | RAM64M8 x 2   | 
|MxuAccVpu   | accs_0/mem/mem_13_reg   | Implied   | 64 x 8               | RAM64M8 x 2   | 
|MxuAccVpu   | accs_0/mem/mem_14_reg   | Implied   | 64 x 8               | RAM64M8 x 2   | 
|MxuAccVpu   | accs_0/mem/mem_15_reg   | Implied   | 64 x 8               | RAM64M8 x 2   | 
|MxuAccVpu   | accs_0/mem/mem_16_reg   | Implied   | 64 x 8               | RAM64M8 x 2   | 
|MxuAccVpu   | accs_0/mem/mem_17_reg   | Implied   | 64 x 8               | RAM64M8 x 2   | 
|MxuAccVpu   | accs_0/mem/mem_18_reg   | Implied   | 64 x 8               | RAM64M8 x 2   | 
|MxuAccVpu   | accs_0/mem/mem_19_reg   | Implied   | 64 x 8               | RAM64M8 x 2   | 
|MxuAccVpu   | accs_0/mem/mem_20_reg   | Implied   | 64 x 8               | RAM64M8 x 2   | 
|MxuAccVpu   | accs_0/mem/mem_21_reg   | Implied   | 64 x 8               | RAM64M8 x 2   | 
|MxuAccVpu   | accs_0/mem/mem_22_reg   | Implied   | 64 x 8               | RAM64M8 x 2   | 
|MxuAccVpu   | accs_0/mem/mem_23_reg   | Implied   | 64 x 8               | RAM64M8 x 2   | 
|MxuAccVpu   | accs_0/mem/mem_24_reg   | Implied   | 64 x 8               | RAM64M8 x 2   | 
|MxuAccVpu   | accs_0/mem/mem_25_reg   | Implied   | 64 x 8               | RAM64M8 x 2   | 
|MxuAccVpu   | accs_0/mem/mem_26_reg   | Implied   | 64 x 8               | RAM64M8 x 2   | 
|MxuAccVpu   | accs_0/mem/mem_27_reg   | Implied   | 64 x 8               | RAM64M8 x 2   | 
|MxuAccVpu   | accs_0/mem/mem_28_reg   | Implied   | 64 x 8               | RAM64M8 x 2   | 
|MxuAccVpu   | accs_0/mem/mem_29_reg   | Implied   | 64 x 8               | RAM64M8 x 2   | 
|MxuAccVpu   | accs_0/mem/mem_30_reg   | Implied   | 64 x 8               | RAM64M8 x 2   | 
|MxuAccVpu   | accs_0/mem/mem_31_reg   | Implied   | 64 x 8               | RAM64M8 x 2   | 
|MxuAccVpu   | accs_0/mem/mem_32_reg   | Implied   | 64 x 8               | RAM64M8 x 2   | 
|MxuAccVpu   | accs_0/mem/mem_33_reg   | Implied   | 64 x 8               | RAM64M8 x 2   | 
|MxuAccVpu   | accs_0/mem/mem_34_reg   | Implied   | 64 x 8               | RAM64M8 x 2   | 
|MxuAccVpu   | accs_0/mem/mem_35_reg   | Implied   | 64 x 8               | RAM64M8 x 2   | 
|MxuAccVpu   | accs_0/mem/mem_36_reg   | Implied   | 64 x 8               | RAM64M8 x 2   | 
|MxuAccVpu   | accs_0/mem/mem_37_reg   | Implied   | 64 x 8               | RAM64M8 x 2   | 
|MxuAccVpu   | accs_0/mem/mem_38_reg   | Implied   | 64 x 8               | RAM64M8 x 2   | 
|MxuAccVpu   | accs_0/mem/mem_39_reg   | Implied   | 64 x 8               | RAM64M8 x 2   | 
|MxuAccVpu   | accs_0/mem/mem_40_reg   | Implied   | 64 x 8               | RAM64M8 x 2   | 
|MxuAccVpu   | accs_0/mem/mem_41_reg   | Implied   | 64 x 8               | RAM64M8 x 2   | 
|MxuAccVpu   | accs_0/mem/mem_42_reg   | Implied   | 64 x 8               | RAM64M8 x 2   | 
|MxuAccVpu   | accs_0/mem/mem_43_reg   | Implied   | 64 x 8               | RAM64M8 x 2   | 
|MxuAccVpu   | accs_0/mem/mem_44_reg   | Implied   | 64 x 8               | RAM64M8 x 2   | 
|MxuAccVpu   | accs_0/mem/mem_45_reg   | Implied   | 64 x 8               | RAM64M8 x 2   | 
|MxuAccVpu   | accs_0/mem/mem_46_reg   | Implied   | 64 x 8               | RAM64M8 x 2   | 
|MxuAccVpu   | accs_0/mem/mem_47_reg   | Implied   | 64 x 8               | RAM64M8 x 2   | 
|MxuAccVpu   | accs_0/mem/mem_48_reg   | Implied   | 64 x 8               | RAM64M8 x 2   | 
|MxuAccVpu   | accs_0/mem/mem_49_reg   | Implied   | 64 x 8               | RAM64M8 x 2   | 
|MxuAccVpu   | accs_0/mem/mem_50_reg   | Implied   | 64 x 8               | RAM64M8 x 2   | 
|MxuAccVpu   | accs_0/mem/mem_51_reg   | Implied   | 64 x 8               | RAM64M8 x 2   | 
|MxuAccVpu   | accs_0/mem/mem_52_reg   | Implied   | 64 x 8               | RAM64M8 x 2   | 
|MxuAccVpu   | accs_0/mem/mem_53_reg   | Implied   | 64 x 8               | RAM64M8 x 2   | 
|MxuAccVpu   | accs_0/mem/mem_54_reg   | Implied   | 64 x 8               | RAM64M8 x 2   | 
|MxuAccVpu   | accs_0/mem/mem_55_reg   | Implied   | 64 x 8               | RAM64M8 x 2   | 
|MxuAccVpu   | accs_0/mem/mem_56_reg   | Implied   | 64 x 8               | RAM64M8 x 2   | 
|MxuAccVpu   | accs_0/mem/mem_57_reg   | Implied   | 64 x 8               | RAM64M8 x 2   | 
|MxuAccVpu   | accs_0/mem/mem_58_reg   | Implied   | 64 x 8               | RAM64M8 x 2   | 
|MxuAccVpu   | accs_0/mem/mem_59_reg   | Implied   | 64 x 8               | RAM64M8 x 2   | 
|MxuAccVpu   | accs_0/mem/mem_60_reg   | Implied   | 64 x 8               | RAM64M8 x 2   | 
|MxuAccVpu   | accs_0/mem/mem_61_reg   | Implied   | 64 x 8               | RAM64M8 x 2   | 
|MxuAccVpu   | accs_0/mem/mem_62_reg   | Implied   | 64 x 8               | RAM64M8 x 2   | 
|MxuAccVpu   | accs_0/mem/mem_63_reg   | Implied   | 64 x 8               | RAM64M8 x 2   | 
|MxuAccVpu   | accs_1/mem/mem_0_reg    | Implied   | 64 x 8               | RAM64M8 x 2   | 
|MxuAccVpu   | accs_1/mem/mem_1_reg    | Implied   | 64 x 8               | RAM64M8 x 2   | 
|MxuAccVpu   | accs_1/mem/mem_2_reg    | Implied   | 64 x 8               | RAM64M8 x 2   | 
|MxuAccVpu   | accs_1/mem/mem_3_reg    | Implied   | 64 x 8               | RAM64M8 x 2   | 
|MxuAccVpu   | accs_1/mem/mem_4_reg    | Implied   | 64 x 8               | RAM64M8 x 2   | 
|MxuAccVpu   | accs_1/mem/mem_5_reg    | Implied   | 64 x 8               | RAM64M8 x 2   | 
|MxuAccVpu   | accs_1/mem/mem_6_reg    | Implied   | 64 x 8               | RAM64M8 x 2   | 
|MxuAccVpu   | accs_1/mem/mem_7_reg    | Implied   | 64 x 8               | RAM64M8 x 2   | 
|MxuAccVpu   | accs_1/mem/mem_8_reg    | Implied   | 64 x 8               | RAM64M8 x 2   | 
|MxuAccVpu   | accs_1/mem/mem_9_reg    | Implied   | 64 x 8               | RAM64M8 x 2   | 
|MxuAccVpu   | accs_1/mem/mem_10_reg   | Implied   | 64 x 8               | RAM64M8 x 2   | 
|MxuAccVpu   | accs_1/mem/mem_11_reg   | Implied   | 64 x 8               | RAM64M8 x 2   | 
|MxuAccVpu   | accs_1/mem/mem_12_reg   | Implied   | 64 x 8               | RAM64M8 x 2   | 
|MxuAccVpu   | accs_1/mem/mem_13_reg   | Implied   | 64 x 8               | RAM64M8 x 2   | 
|MxuAccVpu   | accs_1/mem/mem_14_reg   | Implied   | 64 x 8               | RAM64M8 x 2   | 
|MxuAccVpu   | accs_1/mem/mem_15_reg   | Implied   | 64 x 8               | RAM64M8 x 2   | 
|MxuAccVpu   | accs_1/mem/mem_16_reg   | Implied   | 64 x 8               | RAM64M8 x 2   | 
|MxuAccVpu   | accs_1/mem/mem_17_reg   | Implied   | 64 x 8               | RAM64M8 x 2   | 
|MxuAccVpu   | accs_1/mem/mem_18_reg   | Implied   | 64 x 8               | RAM64M8 x 2   | 
|MxuAccVpu   | accs_1/mem/mem_19_reg   | Implied   | 64 x 8               | RAM64M8 x 2   | 
|MxuAccVpu   | accs_1/mem/mem_20_reg   | Implied   | 64 x 8               | RAM64M8 x 2   | 
|MxuAccVpu   | accs_1/mem/mem_21_reg   | Implied   | 64 x 8               | RAM64M8 x 2   | 
|MxuAccVpu   | accs_1/mem/mem_22_reg   | Implied   | 64 x 8               | RAM64M8 x 2   | 
|MxuAccVpu   | accs_1/mem/mem_23_reg   | Implied   | 64 x 8               | RAM64M8 x 2   | 
|MxuAccVpu   | accs_1/mem/mem_24_reg   | Implied   | 64 x 8               | RAM64M8 x 2   | 
|MxuAccVpu   | accs_1/mem/mem_25_reg   | Implied   | 64 x 8               | RAM64M8 x 2   | 
|MxuAccVpu   | accs_1/mem/mem_26_reg   | Implied   | 64 x 8               | RAM64M8 x 2   | 
|MxuAccVpu   | accs_1/mem/mem_27_reg   | Implied   | 64 x 8               | RAM64M8 x 2   | 
|MxuAccVpu   | accs_1/mem/mem_28_reg   | Implied   | 64 x 8               | RAM64M8 x 2   | 
|MxuAccVpu   | accs_1/mem/mem_29_reg   | Implied   | 64 x 8               | RAM64M8 x 2   | 
|MxuAccVpu   | accs_1/mem/mem_30_reg   | Implied   | 64 x 8               | RAM64M8 x 2   | 
|MxuAccVpu   | accs_1/mem/mem_31_reg   | Implied   | 64 x 8               | RAM64M8 x 2   | 
|MxuAccVpu   | accs_1/mem/mem_32_reg   | Implied   | 64 x 8               | RAM64M8 x 2   | 
|MxuAccVpu   | accs_1/mem/mem_33_reg   | Implied   | 64 x 8               | RAM64M8 x 2   | 
|MxuAccVpu   | accs_1/mem/mem_34_reg   | Implied   | 64 x 8               | RAM64M8 x 2   | 
|MxuAccVpu   | accs_1/mem/mem_35_reg   | Implied   | 64 x 8               | RAM64M8 x 2   | 
|MxuAccVpu   | accs_1/mem/mem_36_reg   | Implied   | 64 x 8               | RAM64M8 x 2   | 
|MxuAccVpu   | accs_1/mem/mem_37_reg   | Implied   | 64 x 8               | RAM64M8 x 2   | 
|MxuAccVpu   | accs_1/mem/mem_38_reg   | Implied   | 64 x 8               | RAM64M8 x 2   | 
|MxuAccVpu   | accs_1/mem/mem_39_reg   | Implied   | 64 x 8               | RAM64M8 x 2   | 
|MxuAccVpu   | accs_1/mem/mem_40_reg   | Implied   | 64 x 8               | RAM64M8 x 2   | 
|MxuAccVpu   | accs_1/mem/mem_41_reg   | Implied   | 64 x 8               | RAM64M8 x 2   | 
|MxuAccVpu   | accs_1/mem/mem_42_reg   | Implied   | 64 x 8               | RAM64M8 x 2   | 
|MxuAccVpu   | accs_1/mem/mem_43_reg   | Implied   | 64 x 8               | RAM64M8 x 2   | 
|MxuAccVpu   | accs_1/mem/mem_44_reg   | Implied   | 64 x 8               | RAM64M8 x 2   | 
|MxuAccVpu   | accs_1/mem/mem_45_reg   | Implied   | 64 x 8               | RAM64M8 x 2   | 
|MxuAccVpu   | accs_1/mem/mem_46_reg   | Implied   | 64 x 8               | RAM64M8 x 2   | 
|MxuAccVpu   | accs_1/mem/mem_47_reg   | Implied   | 64 x 8               | RAM64M8 x 2   | 
|MxuAccVpu   | accs_1/mem/mem_48_reg   | Implied   | 64 x 8               | RAM64M8 x 2   | 
|MxuAccVpu   | accs_1/mem/mem_49_reg   | Implied   | 64 x 8               | RAM64M8 x 2   | 
|MxuAccVpu   | accs_1/mem/mem_50_reg   | Implied   | 64 x 8               | RAM64M8 x 2   | 
|MxuAccVpu   | accs_1/mem/mem_51_reg   | Implied   | 64 x 8               | RAM64M8 x 2   | 
|MxuAccVpu   | accs_1/mem/mem_52_reg   | Implied   | 64 x 8               | RAM64M8 x 2   | 
|MxuAccVpu   | accs_1/mem/mem_53_reg   | Implied   | 64 x 8               | RAM64M8 x 2   | 
|MxuAccVpu   | accs_1/mem/mem_54_reg   | Implied   | 64 x 8               | RAM64M8 x 2   | 
|MxuAccVpu   | accs_1/mem/mem_55_reg   | Implied   | 64 x 8               | RAM64M8 x 2   | 
|MxuAccVpu   | accs_1/mem/mem_56_reg   | Implied   | 64 x 8               | RAM64M8 x 2   | 
|MxuAccVpu   | accs_1/mem/mem_57_reg   | Implied   | 64 x 8               | RAM64M8 x 2   | 
|MxuAccVpu   | accs_1/mem/mem_58_reg   | Implied   | 64 x 8               | RAM64M8 x 2   | 
|MxuAccVpu   | accs_1/mem/mem_59_reg   | Implied   | 64 x 8               | RAM64M8 x 2   | 
|MxuAccVpu   | accs_1/mem/mem_60_reg   | Implied   | 64 x 8               | RAM64M8 x 2   | 
|MxuAccVpu   | accs_1/mem/mem_61_reg   | Implied   | 64 x 8               | RAM64M8 x 2   | 
|MxuAccVpu   | accs_1/mem/mem_62_reg   | Implied   | 64 x 8               | RAM64M8 x 2   | 
|MxuAccVpu   | accs_1/mem/mem_63_reg   | Implied   | 64 x 8               | RAM64M8 x 2   | 
+------------+-------------------------+-----------+----------------------+---------------+

Note: The table above is a preliminary report that shows the Distributed RAMs at the current stage of the synthesis flow. Some Distributed RAMs may be reimplemented as non Distributed RAM primitives later in the synthesis flow. Multiple instantiated RAMs are reported only once.
---------------------------------------------------------------------------------
Finished ROM, RAM, DSP, Shift Register and Retiming Reporting
---------------------------------------------------------------------------------
No constraint files found.
---------------------------------------------------------------------------------
Start Timing Optimization
---------------------------------------------------------------------------------
---------------------------------------------------------------------------------
Finished Timing Optimization : Time (s): cpu = 00:01:48 ; elapsed = 00:01:47 . Memory (MB): peak = 3512.293 ; gain = 1948.992 ; free physical = 2990 ; free virtual = 96547
---------------------------------------------------------------------------------
---------------------------------------------------------------------------------
Start ROM, RAM, DSP, Shift Register and Retiming Reporting
---------------------------------------------------------------------------------

Distributed RAM: Final Mapping Report
+------------+-------------------------+-----------+----------------------+---------------+
|Module Name | RTL Object              | Inference | Size (Depth x Width) | Primitives    | 
+------------+-------------------------+-----------+----------------------+---------------+
|MxuAccVpu   | total_rows_q/ram_id_reg | Implied   | 8 x 3                | RAM32M16 x 1  | 
|MxuAccVpu   | accs_0/mem/mem_0_reg    | Implied   | 64 x 8               | RAM64M8 x 2   | 
|MxuAccVpu   | accs_0/mem/mem_1_reg    | Implied   | 64 x 8               | RAM64M8 x 2   | 
|MxuAccVpu   | accs_0/mem/mem_2_reg    | Implied   | 64 x 8               | RAM64M8 x 2   | 
|MxuAccVpu   | accs_0/mem/mem_3_reg    | Implied   | 64 x 8               | RAM64M8 x 2   | 
|MxuAccVpu   | accs_0/mem/mem_4_reg    | Implied   | 64 x 8               | RAM64M8 x 2   | 
|MxuAccVpu   | accs_0/mem/mem_5_reg    | Implied   | 64 x 8               | RAM64M8 x 2   | 
|MxuAccVpu   | accs_0/mem/mem_6_reg    | Implied   | 64 x 8               | RAM64M8 x 2   | 
|MxuAccVpu   | accs_0/mem/mem_7_reg    | Implied   | 64 x 8               | RAM64M8 x 2   | 
|MxuAccVpu   | accs_0/mem/mem_8_reg    | Implied   | 64 x 8               | RAM64M8 x 2   | 
|MxuAccVpu   | accs_0/mem/mem_9_reg    | Implied   | 64 x 8               | RAM64M8 x 2   | 
|MxuAccVpu   | accs_0/mem/mem_10_reg   | Implied   | 64 x 8               | RAM64M8 x 2   | 
|MxuAccVpu   | accs_0/mem/mem_11_reg   | Implied   | 64 x 8               | RAM64M8 x 2   | 
|MxuAccVpu   | accs_0/mem/mem_12_reg   | Implied   | 64 x 8               | RAM64M8 x 2   | 
|MxuAccVpu   | accs_0/mem/mem_13_reg   | Implied   | 64 x 8               | RAM64M8 x 2   | 
|MxuAccVpu   | accs_0/mem/mem_14_reg   | Implied   | 64 x 8               | RAM64M8 x 2   | 
|MxuAccVpu   | accs_0/mem/mem_15_reg   | Implied   | 64 x 8               | RAM64M8 x 2   | 
|MxuAccVpu   | accs_0/mem/mem_16_reg   | Implied   | 64 x 8               | RAM64M8 x 2   | 
|MxuAccVpu   | accs_0/mem/mem_17_reg   | Implied   | 64 x 8               | RAM64M8 x 2   | 
|MxuAccVpu   | accs_0/mem/mem_18_reg   | Implied   | 64 x 8               | RAM64M8 x 2   | 
|MxuAccVpu   | accs_0/mem/mem_19_reg   | Implied   | 64 x 8               | RAM64M8 x 2   | 
|MxuAccVpu   | accs_0/mem/mem_20_reg   | Implied   | 64 x 8               | RAM64M8 x 2   | 
|MxuAccVpu   | accs_0/mem/mem_21_reg   | Implied   | 64 x 8               | RAM64M8 x 2   | 
|MxuAccVpu   | accs_0/mem/mem_22_reg   | Implied   | 64 x 8               | RAM64M8 x 2   | 
|MxuAccVpu   | accs_0/mem/mem_23_reg   | Implied   | 64 x 8               | RAM64M8 x 2   | 
|MxuAccVpu   | accs_0/mem/mem_24_reg   | Implied   | 64 x 8               | RAM64M8 x 2   | 
|MxuAccVpu   | accs_0/mem/mem_25_reg   | Implied   | 64 x 8               | RAM64M8 x 2   | 
|MxuAccVpu   | accs_0/mem/mem_26_reg   | Implied   | 64 x 8               | RAM64M8 x 2   | 
|MxuAccVpu   | accs_0/mem/mem_27_reg   | Implied   | 64 x 8               | RAM64M8 x 2   | 
|MxuAccVpu   | accs_0/mem/mem_28_reg   | Implied   | 64 x 8               | RAM64M8 x 2   | 
|MxuAccVpu   | accs_0/mem/mem_29_reg   | Implied   | 64 x 8               | RAM64M8 x 2   | 
|MxuAccVpu   | accs_0/mem/mem_30_reg   | Implied   | 64 x 8               | RAM64M8 x 2   | 
|MxuAccVpu   | accs_0/mem/mem_31_reg   | Implied   | 64 x 8               | RAM64M8 x 2   | 
|MxuAccVpu   | accs_0/mem/mem_32_reg   | Implied   | 64 x 8               | RAM64M8 x 2   | 
|MxuAccVpu   | accs_0/mem/mem_33_reg   | Implied   | 64 x 8               | RAM64M8 x 2   | 
|MxuAccVpu   | accs_0/mem/mem_34_reg   | Implied   | 64 x 8               | RAM64M8 x 2   | 
|MxuAccVpu   | accs_0/mem/mem_35_reg   | Implied   | 64 x 8               | RAM64M8 x 2   | 
|MxuAccVpu   | accs_0/mem/mem_36_reg   | Implied   | 64 x 8               | RAM64M8 x 2   | 
|MxuAccVpu   | accs_0/mem/mem_37_reg   | Implied   | 64 x 8               | RAM64M8 x 2   | 
|MxuAccVpu   | accs_0/mem/mem_38_reg   | Implied   | 64 x 8               | RAM64M8 x 2   | 
|MxuAccVpu   | accs_0/mem/mem_39_reg   | Implied   | 64 x 8               | RAM64M8 x 2   | 
|MxuAccVpu   | accs_0/mem/mem_40_reg   | Implied   | 64 x 8               | RAM64M8 x 2   | 
|MxuAccVpu   | accs_0/mem/mem_41_reg   | Implied   | 64 x 8               | RAM64M8 x 2   | 
|MxuAccVpu   | accs_0/mem/mem_42_reg   | Implied   | 64 x 8               | RAM64M8 x 2   | 
|MxuAccVpu   | accs_0/mem/mem_43_reg   | Implied   | 64 x 8               | RAM64M8 x 2   | 
|MxuAccVpu   | accs_0/mem/mem_44_reg   | Implied   | 64 x 8               | RAM64M8 x 2   | 
|MxuAccVpu   | accs_0/mem/mem_45_reg   | Implied   | 64 x 8               | RAM64M8 x 2   | 
|MxuAccVpu   | accs_0/mem/mem_46_reg   | Implied   | 64 x 8               | RAM64M8 x 2   | 
|MxuAccVpu   | accs_0/mem/mem_47_reg   | Implied   | 64 x 8               | RAM64M8 x 2   | 
|MxuAccVpu   | accs_0/mem/mem_48_reg   | Implied   | 64 x 8               | RAM64M8 x 2   | 
|MxuAccVpu   | accs_0/mem/mem_49_reg   | Implied   | 64 x 8               | RAM64M8 x 2   | 
|MxuAccVpu   | accs_0/mem/mem_50_reg   | Implied   | 64 x 8               | RAM64M8 x 2   | 
|MxuAccVpu   | accs_0/mem/mem_51_reg   | Implied   | 64 x 8               | RAM64M8 x 2   | 
|MxuAccVpu   | accs_0/mem/mem_52_reg   | Implied   | 64 x 8               | RAM64M8 x 2   | 
|MxuAccVpu   | accs_0/mem/mem_53_reg   | Implied   | 64 x 8               | RAM64M8 x 2   | 
|MxuAccVpu   | accs_0/mem/mem_54_reg   | Implied   | 64 x 8               | RAM64M8 x 2   | 
|MxuAccVpu   | accs_0/mem/mem_55_reg   | Implied   | 64 x 8               | RAM64M8 x 2   | 
|MxuAccVpu   | accs_0/mem/mem_56_reg   | Implied   | 64 x 8               | RAM64M8 x 2   | 
|MxuAccVpu   | accs_0/mem/mem_57_reg   | Implied   | 64 x 8               | RAM64M8 x 2   | 
|MxuAccVpu   | accs_0/mem/mem_58_reg   | Implied   | 64 x 8               | RAM64M8 x 2   | 
|MxuAccVpu   | accs_0/mem/mem_59_reg   | Implied   | 64 x 8               | RAM64M8 x 2   | 
|MxuAccVpu   | accs_0/mem/mem_60_reg   | Implied   | 64 x 8               | RAM64M8 x 2   | 
|MxuAccVpu   | accs_0/mem/mem_61_reg   | Implied   | 64 x 8               | RAM64M8 x 2   | 
|MxuAccVpu   | accs_0/mem/mem_62_reg   | Implied   | 64 x 8               | RAM64M8 x 2   | 
|MxuAccVpu   | accs_0/mem/mem_63_reg   | Implied   | 64 x 8               | RAM64M8 x 2   | 
|MxuAccVpu   | accs_1/mem/mem_0_reg    | Implied   | 64 x 8               | RAM64M8 x 2   | 
|MxuAccVpu   | accs_1/mem/mem_1_reg    | Implied   | 64 x 8               | RAM64M8 x 2   | 
|MxuAccVpu   | accs_1/mem/mem_2_reg    | Implied   | 64 x 8               | RAM64M8 x 2   | 
|MxuAccVpu   | accs_1/mem/mem_3_reg    | Implied   | 64 x 8               | RAM64M8 x 2   | 
|MxuAccVpu   | accs_1/mem/mem_4_reg    | Implied   | 64 x 8               | RAM64M8 x 2   | 
|MxuAccVpu   | accs_1/mem/mem_5_reg    | Implied   | 64 x 8               | RAM64M8 x 2   | 
|MxuAccVpu   | accs_1/mem/mem_6_reg    | Implied   | 64 x 8               | RAM64M8 x 2   | 
|MxuAccVpu   | accs_1/mem/mem_7_reg    | Implied   | 64 x 8               | RAM64M8 x 2   | 
|MxuAccVpu   | accs_1/mem/mem_8_reg    | Implied   | 64 x 8               | RAM64M8 x 2   | 
|MxuAccVpu   | accs_1/mem/mem_9_reg    | Implied   | 64 x 8               | RAM64M8 x 2   | 
|MxuAccVpu   | accs_1/mem/mem_10_reg   | Implied   | 64 x 8               | RAM64M8 x 2   | 
|MxuAccVpu   | accs_1/mem/mem_11_reg   | Implied   | 64 x 8               | RAM64M8 x 2   | 
|MxuAccVpu   | accs_1/mem/mem_12_reg   | Implied   | 64 x 8               | RAM64M8 x 2   | 
|MxuAccVpu   | accs_1/mem/mem_13_reg   | Implied   | 64 x 8               | RAM64M8 x 2   | 
|MxuAccVpu   | accs_1/mem/mem_14_reg   | Implied   | 64 x 8               | RAM64M8 x 2   | 
|MxuAccVpu   | accs_1/mem/mem_15_reg   | Implied   | 64 x 8               | RAM64M8 x 2   | 
|MxuAccVpu   | accs_1/mem/mem_16_reg   | Implied   | 64 x 8               | RAM64M8 x 2   | 
|MxuAccVpu   | accs_1/mem/mem_17_reg   | Implied   | 64 x 8               | RAM64M8 x 2   | 
|MxuAccVpu   | accs_1/mem/mem_18_reg   | Implied   | 64 x 8               | RAM64M8 x 2   | 
|MxuAccVpu   | accs_1/mem/mem_19_reg   | Implied   | 64 x 8               | RAM64M8 x 2   | 
|MxuAccVpu   | accs_1/mem/mem_20_reg   | Implied   | 64 x 8               | RAM64M8 x 2   | 
|MxuAccVpu   | accs_1/mem/mem_21_reg   | Implied   | 64 x 8               | RAM64M8 x 2   | 
|MxuAccVpu   | accs_1/mem/mem_22_reg   | Implied   | 64 x 8               | RAM64M8 x 2   | 
|MxuAccVpu   | accs_1/mem/mem_23_reg   | Implied   | 64 x 8               | RAM64M8 x 2   | 
|MxuAccVpu   | accs_1/mem/mem_24_reg   | Implied   | 64 x 8               | RAM64M8 x 2   | 
|MxuAccVpu   | accs_1/mem/mem_25_reg   | Implied   | 64 x 8               | RAM64M8 x 2   | 
|MxuAccVpu   | accs_1/mem/mem_26_reg   | Implied   | 64 x 8               | RAM64M8 x 2   | 
|MxuAccVpu   | accs_1/mem/mem_27_reg   | Implied   | 64 x 8               | RAM64M8 x 2   | 
|MxuAccVpu   | accs_1/mem/mem_28_reg   | Implied   | 64 x 8               | RAM64M8 x 2   | 
|MxuAccVpu   | accs_1/mem/mem_29_reg   | Implied   | 64 x 8               | RAM64M8 x 2   | 
|MxuAccVpu   | accs_1/mem/mem_30_reg   | Implied   | 64 x 8               | RAM64M8 x 2   | 
|MxuAccVpu   | accs_1/mem/mem_31_reg   | Implied   | 64 x 8               | RAM64M8 x 2   | 
|MxuAccVpu   | accs_1/mem/mem_32_reg   | Implied   | 64 x 8               | RAM64M8 x 2   | 
|MxuAccVpu   | accs_1/mem/mem_33_reg   | Implied   | 64 x 8               | RAM64M8 x 2   | 
|MxuAccVpu   | accs_1/mem/mem_34_reg   | Implied   | 64 x 8               | RAM64M8 x 2   | 
|MxuAccVpu   | accs_1/mem/mem_35_reg   | Implied   | 64 x 8               | RAM64M8 x 2   | 
|MxuAccVpu   | accs_1/mem/mem_36_reg   | Implied   | 64 x 8               | RAM64M8 x 2   | 
|MxuAccVpu   | accs_1/mem/mem_37_reg   | Implied   | 64 x 8               | RAM64M8 x 2   | 
|MxuAccVpu   | accs_1/mem/mem_38_reg   | Implied   | 64 x 8               | RAM64M8 x 2   | 
|MxuAccVpu   | accs_1/mem/mem_39_reg   | Implied   | 64 x 8               | RAM64M8 x 2   | 
|MxuAccVpu   | accs_1/mem/mem_40_reg   | Implied   | 64 x 8               | RAM64M8 x 2   | 
|MxuAccVpu   | accs_1/mem/mem_41_reg   | Implied   | 64 x 8               | RAM64M8 x 2   | 
|MxuAccVpu   | accs_1/mem/mem_42_reg   | Implied   | 64 x 8               | RAM64M8 x 2   | 
|MxuAccVpu   | accs_1/mem/mem_43_reg   | Implied   | 64 x 8               | RAM64M8 x 2   | 
|MxuAccVpu   | accs_1/mem/mem_44_reg   | Implied   | 64 x 8               | RAM64M8 x 2   | 
|MxuAccVpu   | accs_1/mem/mem_45_reg   | Implied   | 64 x 8               | RAM64M8 x 2   | 
|MxuAccVpu   | accs_1/mem/mem_46_reg   | Implied   | 64 x 8               | RAM64M8 x 2   | 
|MxuAccVpu   | accs_1/mem/mem_47_reg   | Implied   | 64 x 8               | RAM64M8 x 2   | 
|MxuAccVpu   | accs_1/mem/mem_48_reg   | Implied   | 64 x 8               | RAM64M8 x 2   | 
|MxuAccVpu   | accs_1/mem/mem_49_reg   | Implied   | 64 x 8               | RAM64M8 x 2   | 
|MxuAccVpu   | accs_1/mem/mem_50_reg   | Implied   | 64 x 8               | RAM64M8 x 2   | 
|MxuAccVpu   | accs_1/mem/mem_51_reg   | Implied   | 64 x 8               | RAM64M8 x 2   | 
|MxuAccVpu   | accs_1/mem/mem_52_reg   | Implied   | 64 x 8               | RAM64M8 x 2   | 
|MxuAccVpu   | accs_1/mem/mem_53_reg   | Implied   | 64 x 8               | RAM64M8 x 2   | 
|MxuAccVpu   | accs_1/mem/mem_54_reg   | Implied   | 64 x 8               | RAM64M8 x 2   | 
|MxuAccVpu   | accs_1/mem/mem_55_reg   | Implied   | 64 x 8               | RAM64M8 x 2   | 
|MxuAccVpu   | accs_1/mem/mem_56_reg   | Implied   | 64 x 8               | RAM64M8 x 2   | 
|MxuAccVpu   | accs_1/mem/mem_57_reg   | Implied   | 64 x 8               | RAM64M8 x 2   | 
|MxuAccVpu   | accs_1/mem/mem_58_reg   | Implied   | 64 x 8               | RAM64M8 x 2   | 
|MxuAccVpu   | accs_1/mem/mem_59_reg   | Implied   | 64 x 8               | RAM64M8 x 2   | 
|MxuAccVpu   | accs_1/mem/mem_60_reg   | Implied   | 64 x 8               | RAM64M8 x 2   | 
|MxuAccVpu   | accs_1/mem/mem_61_reg   | Implied   | 64 x 8               | RAM64M8 x 2   | 
|MxuAccVpu   | accs_1/mem/mem_62_reg   | Implied   | 64 x 8               | RAM64M8 x 2   | 
|MxuAccVpu   | accs_1/mem/mem_63_reg   | Implied   | 64 x 8               | RAM64M8 x 2   | 
+------------+-------------------------+-----------+----------------------+---------------+

---------------------------------------------------------------------------------
Finished ROM, RAM, DSP, Shift Register and Retiming Reporting
---------------------------------------------------------------------------------
---------------------------------------------------------------------------------
Start Technology Mapping
---------------------------------------------------------------------------------
---------------------------------------------------------------------------------
Finished Technology Mapping : Time (s): cpu = 00:02:08 ; elapsed = 00:02:07 . Memory (MB): peak = 3548.996 ; gain = 1985.695 ; free physical = 3057 ; free virtual = 93419
---------------------------------------------------------------------------------
---------------------------------------------------------------------------------
Start IO Insertion
---------------------------------------------------------------------------------
---------------------------------------------------------------------------------
Start Flattening Before IO Insertion
---------------------------------------------------------------------------------
---------------------------------------------------------------------------------
Finished Flattening Before IO Insertion
---------------------------------------------------------------------------------
---------------------------------------------------------------------------------
Start Final Netlist Cleanup
---------------------------------------------------------------------------------
---------------------------------------------------------------------------------
Finished Final Netlist Cleanup
---------------------------------------------------------------------------------
---------------------------------------------------------------------------------
Finished IO Insertion : Time (s): cpu = 00:02:17 ; elapsed = 00:02:16 . Memory (MB): peak = 3548.996 ; gain = 1985.695 ; free physical = 3265 ; free virtual = 93028
---------------------------------------------------------------------------------
---------------------------------------------------------------------------------
Start Renaming Generated Instances
---------------------------------------------------------------------------------
---------------------------------------------------------------------------------
Finished Renaming Generated Instances : Time (s): cpu = 00:02:18 ; elapsed = 00:02:17 . Memory (MB): peak = 3548.996 ; gain = 1985.695 ; free physical = 3397 ; free virtual = 93160
---------------------------------------------------------------------------------
---------------------------------------------------------------------------------
Start Rebuilding User Hierarchy
---------------------------------------------------------------------------------
---------------------------------------------------------------------------------
Finished Rebuilding User Hierarchy : Time (s): cpu = 00:02:25 ; elapsed = 00:02:24 . Memory (MB): peak = 3548.996 ; gain = 1985.695 ; free physical = 3364 ; free virtual = 92585
---------------------------------------------------------------------------------
---------------------------------------------------------------------------------
Start Renaming Generated Ports
---------------------------------------------------------------------------------
---------------------------------------------------------------------------------
Finished Renaming Generated Ports : Time (s): cpu = 00:02:25 ; elapsed = 00:02:24 . Memory (MB): peak = 3548.996 ; gain = 1985.695 ; free physical = 3367 ; free virtual = 92587
---------------------------------------------------------------------------------
---------------------------------------------------------------------------------
Start Handling Custom Attributes
---------------------------------------------------------------------------------
---------------------------------------------------------------------------------
Finished Handling Custom Attributes : Time (s): cpu = 00:02:26 ; elapsed = 00:02:25 . Memory (MB): peak = 3548.996 ; gain = 1985.695 ; free physical = 3597 ; free virtual = 92817
---------------------------------------------------------------------------------
---------------------------------------------------------------------------------
Start Renaming Generated Nets
---------------------------------------------------------------------------------
---------------------------------------------------------------------------------
Finished Renaming Generated Nets : Time (s): cpu = 00:02:26 ; elapsed = 00:02:25 . Memory (MB): peak = 3548.996 ; gain = 1985.695 ; free physical = 3602 ; free virtual = 92822
---------------------------------------------------------------------------------
---------------------------------------------------------------------------------
Start ROM, RAM, DSP, Shift Register and Retiming Reporting
---------------------------------------------------------------------------------

Static Shift Register Report:
+------------+--------------------------------------------------+--------+-------+--------------+--------------------+-------------------+--------+---------+
|Module Name | RTL Name                                         | Length | Width | Reset Signal | Pull out first Reg | Pull out last Reg | SRL16E | SRLC32E | 
+------------+--------------------------------------------------+--------+-------+--------------+--------------------+-------------------+--------+---------+
|MxuAccVpu   | mxu/mesh/r_240_0_reg[7]                          | 16     | 8     | NO           | NO                 | YES               | 8      | 0       | 
|MxuAccVpu   | mxu/mesh/r_32_0_reg[7]                           | 3      | 8     | NO           | NO                 | YES               | 8      | 0       | 
|MxuAccVpu   | mxu/mesh/r_224_0_reg[7]                          | 15     | 8     | NO           | NO                 | YES               | 8      | 0       | 
|MxuAccVpu   | mxu/mesh/r_208_0_reg[7]                          | 14     | 8     | NO           | NO                 | YES               | 8      | 0       | 
|MxuAccVpu   | mxu/mesh/r_48_0_reg[7]                           | 4      | 8     | NO           | NO                 | YES               | 8      | 0       | 
|MxuAccVpu   | mxu/mesh/r_192_0_reg[7]                          | 13     | 8     | NO           | NO                 | YES               | 8      | 0       | 
|MxuAccVpu   | mxu/mesh/r_64_0_reg[7]                           | 5      | 8     | NO           | NO                 | YES               | 8      | 0       | 
|MxuAccVpu   | mxu/mesh/r_176_0_reg[7]                          | 12     | 8     | NO           | NO                 | YES               | 8      | 0       | 
|MxuAccVpu   | mxu/mesh/r_80_0_reg[7]                           | 6      | 8     | NO           | NO                 | YES               | 8      | 0       | 
|MxuAccVpu   | mxu/mesh/r_160_0_reg[7]                          | 11     | 8     | NO           | NO                 | YES               | 8      | 0       | 
|MxuAccVpu   | mxu/mesh/r_144_0_reg[7]                          | 10     | 8     | NO           | NO                 | YES               | 8      | 0       | 
|MxuAccVpu   | mxu/mesh/r_96_0_reg[7]                           | 7      | 8     | NO           | NO                 | YES               | 8      | 0       | 
|MxuAccVpu   | mxu/mesh/r_128_0_reg[7]                          | 9      | 8     | NO           | NO                 | YES               | 8      | 0       | 
|MxuAccVpu   | mxu/mesh/r_112_0_reg[7]                          | 8      | 8     | NO           | NO                 | YES               | 8      | 0       | 
|MxuAccVpu   | mxu/out_matmul_id_RegShifted_0_0_reg[2]          | 32     | 3     | NO           | NO                 | YES               | 0      | 3       | 
|MxuAccVpu   | mxu/out_last_RegShifted_0_0_reg                  | 32     | 1     | NO           | NO                 | YES               | 0      | 1       | 
|MxuAccVpu   | mxu/RegShifted_3_1_0_reg[7]                      | 3      | 8     | NO           | NO                 | NO                | 8      | 0       | 
|MxuAccVpu   | mxu/RegShifted_4_1_0_reg[7]                      | 4      | 8     | NO           | NO                 | NO                | 8      | 0       | 
|MxuAccVpu   | mxu/RegShifted_5_1_0_reg[7]                      | 5      | 8     | NO           | NO                 | NO                | 8      | 0       | 
|MxuAccVpu   | mxu/RegShifted_6_1_0_reg[7]                      | 6      | 8     | NO           | NO                 | NO                | 8      | 0       | 
|MxuAccVpu   | mxu/RegShifted_7_1_0_reg[7]                      | 7      | 8     | NO           | NO                 | NO                | 8      | 0       | 
|MxuAccVpu   | mxu/RegShifted_8_1_0_reg[7]                      | 8      | 8     | NO           | NO                 | NO                | 8      | 0       | 
|MxuAccVpu   | mxu/RegShifted_9_1_0_reg[7]                      | 9      | 8     | NO           | NO                 | NO                | 8      | 0       | 
|MxuAccVpu   | mxu/RegShifted_10_1_0_reg[7]                     | 10     | 8     | NO           | NO                 | NO                | 8      | 0       | 
|MxuAccVpu   | mxu/RegShifted_11_1_0_reg[7]                     | 11     | 8     | NO           | NO                 | NO                | 8      | 0       | 
|MxuAccVpu   | mxu/RegShifted_12_1_0_reg[7]                     | 12     | 8     | NO           | NO                 | NO                | 8      | 0       | 
|MxuAccVpu   | mxu/RegShifted_13_1_0_reg[7]                     | 13     | 8     | NO           | NO                 | NO                | 8      | 0       | 
|MxuAccVpu   | mxu/RegShifted_14_1_0_reg[7]                     | 14     | 8     | NO           | NO                 | NO                | 8      | 0       | 
|MxuAccVpu   | mxu/RegShifted_15_1_0_reg[7]                     | 15     | 8     | NO           | NO                 | NO                | 8      | 0       | 
|MxuAccVpu   | mxu/RegShifted_3_2_0_reg[7]                      | 3      | 8     | NO           | NO                 | NO                | 8      | 0       | 
|MxuAccVpu   | mxu/RegShifted_4_2_0_reg[7]                      | 4      | 8     | NO           | NO                 | NO                | 8      | 0       | 
|MxuAccVpu   | mxu/RegShifted_5_2_0_reg[7]                      | 5      | 8     | NO           | NO                 | NO                | 8      | 0       | 
|MxuAccVpu   | mxu/RegShifted_6_2_0_reg[7]                      | 6      | 8     | NO           | NO                 | NO                | 8      | 0       | 
|MxuAccVpu   | mxu/RegShifted_7_2_0_reg[7]                      | 7      | 8     | NO           | NO                 | NO                | 8      | 0       | 
|MxuAccVpu   | mxu/RegShifted_8_2_0_reg[7]                      | 8      | 8     | NO           | NO                 | NO                | 8      | 0       | 
|MxuAccVpu   | mxu/RegShifted_9_2_0_reg[7]                      | 9      | 8     | NO           | NO                 | NO                | 8      | 0       | 
|MxuAccVpu   | mxu/RegShifted_10_2_0_reg[7]                     | 10     | 8     | NO           | NO                 | NO                | 8      | 0       | 
|MxuAccVpu   | mxu/RegShifted_11_2_0_reg[7]                     | 11     | 8     | NO           | NO                 | NO                | 8      | 0       | 
|MxuAccVpu   | mxu/RegShifted_12_2_0_reg[7]                     | 12     | 8     | NO           | NO                 | NO                | 8      | 0       | 
|MxuAccVpu   | mxu/RegShifted_13_2_0_reg[7]                     | 13     | 8     | NO           | NO                 | NO                | 8      | 0       | 
|MxuAccVpu   | mxu/RegShifted_14_2_0_reg[7]                     | 14     | 8     | NO           | NO                 | NO                | 8      | 0       | 
|MxuAccVpu   | mxu/RegShifted_15_2_0_reg[7]                     | 15     | 8     | NO           | NO                 | NO                | 8      | 0       | 
|MxuAccVpu   | accs_0/pipelined_writes_0_bits_data_0_0_reg[31]  | 15     | 25    | NO           | NO                 | YES               | 25     | 0       | 
|MxuAccVpu   | accs_0/pipelined_writes_0_bits_data_0_0_reg[6]   | 16     | 7     | NO           | NO                 | YES               | 7      | 0       | 
|MxuAccVpu   | accs_0/pipelined_writes_0_bits_data_1_0_reg[31]  | 14     | 25    | NO           | NO                 | YES               | 25     | 0       | 
|MxuAccVpu   | accs_0/pipelined_writes_0_bits_data_1_0_reg[6]   | 15     | 7     | NO           | NO                 | YES               | 7      | 0       | 
|MxuAccVpu   | accs_0/pipelined_writes_0_bits_data_2_0_reg[31]  | 13     | 25    | NO           | NO                 | YES               | 25     | 0       | 
|MxuAccVpu   | accs_0/pipelined_writes_0_bits_data_2_0_reg[6]   | 14     | 7     | NO           | NO                 | YES               | 7      | 0       | 
|MxuAccVpu   | accs_0/pipelined_writes_0_bits_data_3_0_reg[31]  | 12     | 25    | NO           | NO                 | YES               | 25     | 0       | 
|MxuAccVpu   | accs_0/pipelined_writes_0_bits_data_3_0_reg[6]   | 13     | 7     | NO           | NO                 | YES               | 7      | 0       | 
|MxuAccVpu   | accs_0/pipelined_writes_0_bits_data_4_0_reg[31]  | 11     | 25    | NO           | NO                 | YES               | 25     | 0       | 
|MxuAccVpu   | accs_0/pipelined_writes_0_bits_data_4_0_reg[6]   | 12     | 7     | NO           | NO                 | YES               | 7      | 0       | 
|MxuAccVpu   | accs_0/pipelined_writes_0_bits_data_5_0_reg[31]  | 10     | 25    | NO           | NO                 | YES               | 25     | 0       | 
|MxuAccVpu   | accs_0/pipelined_writes_0_bits_data_5_0_reg[6]   | 11     | 7     | NO           | NO                 | YES               | 7      | 0       | 
|MxuAccVpu   | accs_0/pipelined_writes_0_bits_data_6_0_reg[31]  | 9      | 25    | NO           | NO                 | YES               | 25     | 0       | 
|MxuAccVpu   | accs_0/pipelined_writes_0_bits_data_6_0_reg[6]   | 10     | 7     | NO           | NO                 | YES               | 7      | 0       | 
|MxuAccVpu   | accs_0/pipelined_writes_0_bits_data_7_0_reg[31]  | 8      | 25    | NO           | NO                 | YES               | 25     | 0       | 
|MxuAccVpu   | accs_0/pipelined_writes_0_bits_data_7_0_reg[6]   | 9      | 7     | NO           | NO                 | YES               | 7      | 0       | 
|MxuAccVpu   | accs_0/pipelined_writes_0_bits_data_8_0_reg[31]  | 7      | 25    | NO           | NO                 | YES               | 25     | 0       | 
|MxuAccVpu   | accs_0/pipelined_writes_0_bits_data_8_0_reg[6]   | 8      | 7     | NO           | NO                 | YES               | 7      | 0       | 
|MxuAccVpu   | accs_0/pipelined_writes_0_bits_data_9_0_reg[31]  | 6      | 25    | NO           | NO                 | YES               | 25     | 0       | 
|MxuAccVpu   | accs_0/pipelined_writes_0_bits_data_9_0_reg[6]   | 7      | 7     | NO           | NO                 | YES               | 7      | 0       | 
|MxuAccVpu   | accs_0/pipelined_writes_0_bits_data_10_0_reg[31] | 5      | 25    | NO           | NO                 | YES               | 25     | 0       | 
|MxuAccVpu   | accs_0/pipelined_writes_0_bits_data_10_0_reg[6]  | 6      | 7     | NO           | NO                 | YES               | 7      | 0       | 
|MxuAccVpu   | accs_0/pipelined_writes_0_bits_data_11_0_reg[31] | 4      | 25    | NO           | NO                 | YES               | 25     | 0       | 
|MxuAccVpu   | accs_0/pipelined_writes_0_bits_data_11_0_reg[6]  | 5      | 7     | NO           | NO                 | YES               | 7      | 0       | 
|MxuAccVpu   | accs_0/pipelined_writes_0_bits_data_12_0_reg[31] | 3      | 25    | NO           | NO                 | YES               | 25     | 0       | 
|MxuAccVpu   | accs_0/pipelined_writes_0_bits_data_12_0_reg[6]  | 4      | 7     | NO           | NO                 | YES               | 7      | 0       | 
|MxuAccVpu   | accs_0/pipelined_writes_0_bits_data_13_0_reg[6]  | 3      | 7     | NO           | NO                 | YES               | 7      | 0       | 
+------------+--------------------------------------------------+--------+-------+--------------+--------------------+-------------------+--------+---------+

---------------------------------------------------------------------------------
Finished ROM, RAM, DSP, Shift Register and Retiming Reporting
---------------------------------------------------------------------------------
---------------------------------------------------------------------------------
Start Writing Synthesis Report
---------------------------------------------------------------------------------

Report BlackBoxes: 
+-+--------------+----------+
| |BlackBox name |Instances |
+-+--------------+----------+
+-+--------------+----------+

Report Cell Usage: 
+------+---------+------+
|      |Cell     |Count |
+------+---------+------+
|1     |CARRY8   |  3072|
|2     |LUT1     |   264|
|3     |LUT2     |  8104|
|4     |LUT3     |  9407|
|5     |LUT4     |  7029|
|6     |LUT5     |  3066|
|7     |LUT6     | 12998|
|8     |RAM32M   |     1|
|9     |RAM64M8  |   128|
|10    |RAM64X1D |   128|
|11    |SRL16E   |   743|
|12    |SRLC32E  |     4|
|13    |FDRE     | 21070|
|14    |FDSE     |   535|
+------+---------+------+

Report Instance Areas: 
+------+-------------------+--------------------+------+
|      |Instance           |Module              |Cells |
+------+-------------------+--------------------+------+
|1     |top                |                    | 66549|
|2     |  accs_0           |AccumulatorMem      |  6345|
|3     |    mem            |TwoPortSyncMem_1035 |  1530|
|4     |    q              |Queue_1_1036        |  3248|
|5     |  accs_1           |AccumulatorMem_0    |  1558|
|6     |    mem            |TwoPortSyncMem      |   512|
|7     |    q              |Queue_1             |  1043|
|8     |  adders           |AccPipeShared       |   576|
|9     |    m              |AccPipe             |    36|
|10    |    m_1            |AccPipe_1020        |    36|
|11    |    m_10           |AccPipe_1021        |    36|
|12    |    m_11           |AccPipe_1022        |    36|
|13    |    m_12           |AccPipe_1023        |    36|
|14    |    m_13           |AccPipe_1024        |    36|
|15    |    m_14           |AccPipe_1025        |    36|
|16    |    m_15           |AccPipe_1026        |    36|
|17    |    m_2            |AccPipe_1027        |    36|
|18    |    m_3            |AccPipe_1028        |    36|
|19    |    m_4            |AccPipe_1029        |    36|
|20    |    m_5            |AccPipe_1030        |    36|
|21    |    m_6            |AccPipe_1031        |    36|
|22    |    m_7            |AccPipe_1032        |    36|
|23    |    m_8            |AccPipe_1033        |    36|
|24    |    m_9            |AccPipe_1034        |    36|
|25    |  mxu              |MeshWithDelays      | 57919|
|26    |    mesh           |Mesh                | 51381|
|27    |      mesh_0_0     |Tile                |   148|
|28    |        tile_0_0   |PE_256_1018         |   148|
|29    |          mac_unit |MacUnit_1019        |   122|
|30    |      mesh_0_1     |Tile_256            |   148|
|31    |        tile_0_0   |PE_256_1016         |   148|
|32    |          mac_unit |MacUnit_1017        |   122|
|33    |      mesh_0_10    |Tile_257            |   148|
|34    |        tile_0_0   |PE_256_1014         |   148|
|35    |          mac_unit |MacUnit_1015        |   122|
|36    |      mesh_0_11    |Tile_258            |   148|
|37    |        tile_0_0   |PE_256_1012         |   148|
|38    |          mac_unit |MacUnit_1013        |   122|
|39    |      mesh_0_12    |Tile_259            |   148|
|40    |        tile_0_0   |PE_256_1010         |   148|
|41    |          mac_unit |MacUnit_1011        |   122|
|42    |      mesh_0_13    |Tile_260            |   148|
|43    |        tile_0_0   |PE_256_1008         |   148|
|44    |          mac_unit |MacUnit_1009        |   122|
|45    |      mesh_0_14    |Tile_261            |   148|
|46    |        tile_0_0   |PE_256_1006         |   148|
|47    |          mac_unit |MacUnit_1007        |   122|
|48    |      mesh_0_15    |Tile_262            |   148|
|49    |        tile_0_0   |PE_256_1004         |   148|
|50    |          mac_unit |MacUnit_1005        |   122|
|51    |      mesh_0_2     |Tile_263            |   148|
|52    |        tile_0_0   |PE_256_1002         |   148|
|53    |          mac_unit |MacUnit_1003        |   122|
|54    |      mesh_0_3     |Tile_264            |   148|
|55    |        tile_0_0   |PE_256_1000         |   148|
|56    |          mac_unit |MacUnit_1001        |   122|
|57    |      mesh_0_4     |Tile_265            |   148|
|58    |        tile_0_0   |PE_256_998          |   148|
|59    |          mac_unit |MacUnit_999         |   122|
|60    |      mesh_0_5     |Tile_266            |   148|
|61    |        tile_0_0   |PE_256_996          |   148|
|62    |          mac_unit |MacUnit_997         |   122|
|63    |      mesh_0_6     |Tile_267            |   148|
|64    |        tile_0_0   |PE_256_994          |   148|
|65    |          mac_unit |MacUnit_995         |   122|
|66    |      mesh_0_7     |Tile_268            |   148|
|67    |        tile_0_0   |PE_256_992          |   148|
|68    |          mac_unit |MacUnit_993         |   122|
|69    |      mesh_0_8     |Tile_269            |   148|
|70    |        tile_0_0   |PE_256_990          |   148|
|71    |          mac_unit |MacUnit_991         |   122|
|72    |      mesh_0_9     |Tile_270            |   148|
|73    |        tile_0_0   |PE_256_988          |   148|
|74    |          mac_unit |MacUnit_989         |   122|
|75    |      mesh_10_0    |Tile_271            |   157|
|76    |        tile_0_0   |PE_256_986          |   157|
|77    |          mac_unit |MacUnit_987         |   131|
|78    |      mesh_10_1    |Tile_272            |   157|
|79    |        tile_0_0   |PE_256_984          |   157|
|80    |          mac_unit |MacUnit_985         |   131|
|81    |      mesh_10_10   |Tile_273            |   157|
|82    |        tile_0_0   |PE_256_982          |   157|
|83    |          mac_unit |MacUnit_983         |   131|
|84    |      mesh_10_11   |Tile_274            |   157|
|85    |        tile_0_0   |PE_256_980          |   157|
|86    |          mac_unit |MacUnit_981         |   131|
|87    |      mesh_10_12   |Tile_275            |   157|
|88    |        tile_0_0   |PE_256_978          |   157|
|89    |          mac_unit |MacUnit_979         |   131|
|90    |      mesh_10_13   |Tile_276            |   157|
|91    |        tile_0_0   |PE_256_976          |   157|
|92    |          mac_unit |MacUnit_977         |   131|
|93    |      mesh_10_14   |Tile_277            |   157|
|94    |        tile_0_0   |PE_256_974          |   157|
|95    |          mac_unit |MacUnit_975         |   131|
|96    |      mesh_10_15   |Tile_278            |   157|
|97    |        tile_0_0   |PE_256_972          |   157|
|98    |          mac_unit |MacUnit_973         |   131|
|99    |      mesh_10_2    |Tile_279            |   157|
|100   |        tile_0_0   |PE_256_970          |   157|
|101   |          mac_unit |MacUnit_971         |   131|
|102   |      mesh_10_3    |Tile_280            |   157|
|103   |        tile_0_0   |PE_256_968          |   157|
|104   |          mac_unit |MacUnit_969         |   131|
|105   |      mesh_10_4    |Tile_281            |   157|
|106   |        tile_0_0   |PE_256_966          |   157|
|107   |          mac_unit |MacUnit_967         |   131|
|108   |      mesh_10_5    |Tile_282            |   157|
|109   |        tile_0_0   |PE_256_964          |   157|
|110   |          mac_unit |MacUnit_965         |   131|
|111   |      mesh_10_6    |Tile_283            |   157|
|112   |        tile_0_0   |PE_256_962          |   157|
|113   |          mac_unit |MacUnit_963         |   131|
|114   |      mesh_10_7    |Tile_284            |   157|
|115   |        tile_0_0   |PE_256_960          |   157|
|116   |          mac_unit |MacUnit_961         |   131|
|117   |      mesh_10_8    |Tile_285            |   157|
|118   |        tile_0_0   |PE_256_958          |   157|
|119   |          mac_unit |MacUnit_959         |   131|
|120   |      mesh_10_9    |Tile_286            |   157|
|121   |        tile_0_0   |PE_256_956          |   157|
|122   |          mac_unit |MacUnit_957         |   131|
|123   |      mesh_11_0    |Tile_287            |   157|
|124   |        tile_0_0   |PE_256_954          |   157|
|125   |          mac_unit |MacUnit_955         |   131|
|126   |      mesh_11_1    |Tile_288            |   157|
|127   |        tile_0_0   |PE_256_952          |   157|
|128   |          mac_unit |MacUnit_953         |   131|
|129   |      mesh_11_10   |Tile_289            |   157|
|130   |        tile_0_0   |PE_256_950          |   157|
|131   |          mac_unit |MacUnit_951         |   131|
|132   |      mesh_11_11   |Tile_290            |   157|
|133   |        tile_0_0   |PE_256_948          |   157|
|134   |          mac_unit |MacUnit_949         |   131|
|135   |      mesh_11_12   |Tile_291            |   157|
|136   |        tile_0_0   |PE_256_946          |   157|
|137   |          mac_unit |MacUnit_947         |   131|
|138   |      mesh_11_13   |Tile_292            |   157|
|139   |        tile_0_0   |PE_256_944          |   157|
|140   |          mac_unit |MacUnit_945         |   131|
|141   |      mesh_11_14   |Tile_293            |   157|
|142   |        tile_0_0   |PE_256_942          |   157|
|143   |          mac_unit |MacUnit_943         |   131|
|144   |      mesh_11_15   |Tile_294            |   157|
|145   |        tile_0_0   |PE_256_940          |   157|
|146   |          mac_unit |MacUnit_941         |   131|
|147   |      mesh_11_2    |Tile_295            |   157|
|148   |        tile_0_0   |PE_256_938          |   157|
|149   |          mac_unit |MacUnit_939         |   131|
|150   |      mesh_11_3    |Tile_296            |   157|
|151   |        tile_0_0   |PE_256_936          |   157|
|152   |          mac_unit |MacUnit_937         |   131|
|153   |      mesh_11_4    |Tile_297            |   157|
|154   |        tile_0_0   |PE_256_934          |   157|
|155   |          mac_unit |MacUnit_935         |   131|
|156   |      mesh_11_5    |Tile_298            |   157|
|157   |        tile_0_0   |PE_256_932          |   157|
|158   |          mac_unit |MacUnit_933         |   131|
|159   |      mesh_11_6    |Tile_299            |   157|
|160   |        tile_0_0   |PE_256_930          |   157|
|161   |          mac_unit |MacUnit_931         |   131|
|162   |      mesh_11_7    |Tile_300            |   157|
|163   |        tile_0_0   |PE_256_928          |   157|
|164   |          mac_unit |MacUnit_929         |   131|
|165   |      mesh_11_8    |Tile_301            |   157|
|166   |        tile_0_0   |PE_256_926          |   157|
|167   |          mac_unit |MacUnit_927         |   131|
|168   |      mesh_11_9    |Tile_302            |   157|
|169   |        tile_0_0   |PE_256_924          |   157|
|170   |          mac_unit |MacUnit_925         |   131|
|171   |      mesh_12_0    |Tile_303            |   157|
|172   |        tile_0_0   |PE_256_922          |   157|
|173   |          mac_unit |MacUnit_923         |   131|
|174   |      mesh_12_1    |Tile_304            |   157|
|175   |        tile_0_0   |PE_256_920          |   157|
|176   |          mac_unit |MacUnit_921         |   131|
|177   |      mesh_12_10   |Tile_305            |   157|
|178   |        tile_0_0   |PE_256_918          |   157|
|179   |          mac_unit |MacUnit_919         |   131|
|180   |      mesh_12_11   |Tile_306            |   157|
|181   |        tile_0_0   |PE_256_916          |   157|
|182   |          mac_unit |MacUnit_917         |   131|
|183   |      mesh_12_12   |Tile_307            |   157|
|184   |        tile_0_0   |PE_256_914          |   157|
|185   |          mac_unit |MacUnit_915         |   131|
|186   |      mesh_12_13   |Tile_308            |   157|
|187   |        tile_0_0   |PE_256_912          |   157|
|188   |          mac_unit |MacUnit_913         |   131|
|189   |      mesh_12_14   |Tile_309            |   157|
|190   |        tile_0_0   |PE_256_910          |   157|
|191   |          mac_unit |MacUnit_911         |   131|
|192   |      mesh_12_15   |Tile_310            |   157|
|193   |        tile_0_0   |PE_256_908          |   157|
|194   |          mac_unit |MacUnit_909         |   131|
|195   |      mesh_12_2    |Tile_311            |   157|
|196   |        tile_0_0   |PE_256_906          |   157|
|197   |          mac_unit |MacUnit_907         |   131|
|198   |      mesh_12_3    |Tile_312            |   157|
|199   |        tile_0_0   |PE_256_904          |   157|
|200   |          mac_unit |MacUnit_905         |   131|
|201   |      mesh_12_4    |Tile_313            |   157|
|202   |        tile_0_0   |PE_256_902          |   157|
|203   |          mac_unit |MacUnit_903         |   131|
|204   |      mesh_12_5    |Tile_314            |   157|
|205   |        tile_0_0   |PE_256_900          |   157|
|206   |          mac_unit |MacUnit_901         |   131|
|207   |      mesh_12_6    |Tile_315            |   157|
|208   |        tile_0_0   |PE_256_898          |   157|
|209   |          mac_unit |MacUnit_899         |   131|
|210   |      mesh_12_7    |Tile_316            |   157|
|211   |        tile_0_0   |PE_256_896          |   157|
|212   |          mac_unit |MacUnit_897         |   131|
|213   |      mesh_12_8    |Tile_317            |   157|
|214   |        tile_0_0   |PE_256_894          |   157|
|215   |          mac_unit |MacUnit_895         |   131|
|216   |      mesh_12_9    |Tile_318            |   157|
|217   |        tile_0_0   |PE_256_892          |   157|
|218   |          mac_unit |MacUnit_893         |   131|
|219   |      mesh_13_0    |Tile_319            |   157|
|220   |        tile_0_0   |PE_256_890          |   157|
|221   |          mac_unit |MacUnit_891         |   131|
|222   |      mesh_13_1    |Tile_320            |   157|
|223   |        tile_0_0   |PE_256_888          |   157|
|224   |          mac_unit |MacUnit_889         |   131|
|225   |      mesh_13_10   |Tile_321            |   157|
|226   |        tile_0_0   |PE_256_886          |   157|
|227   |          mac_unit |MacUnit_887         |   131|
|228   |      mesh_13_11   |Tile_322            |   157|
|229   |        tile_0_0   |PE_256_884          |   157|
|230   |          mac_unit |MacUnit_885         |   131|
|231   |      mesh_13_12   |Tile_323            |   157|
|232   |        tile_0_0   |PE_256_882          |   157|
|233   |          mac_unit |MacUnit_883         |   131|
|234   |      mesh_13_13   |Tile_324            |   157|
|235   |        tile_0_0   |PE_256_880          |   157|
|236   |          mac_unit |MacUnit_881         |   131|
|237   |      mesh_13_14   |Tile_325            |   157|
|238   |        tile_0_0   |PE_256_878          |   157|
|239   |          mac_unit |MacUnit_879         |   131|
|240   |      mesh_13_15   |Tile_326            |   157|
|241   |        tile_0_0   |PE_256_876          |   157|
|242   |          mac_unit |MacUnit_877         |   131|
|243   |      mesh_13_2    |Tile_327            |   157|
|244   |        tile_0_0   |PE_256_874          |   157|
|245   |          mac_unit |MacUnit_875         |   131|
|246   |      mesh_13_3    |Tile_328            |   157|
|247   |        tile_0_0   |PE_256_872          |   157|
|248   |          mac_unit |MacUnit_873         |   131|
|249   |      mesh_13_4    |Tile_329            |   157|
|250   |        tile_0_0   |PE_256_870          |   157|
|251   |          mac_unit |MacUnit_871         |   131|
|252   |      mesh_13_5    |Tile_330            |   157|
|253   |        tile_0_0   |PE_256_868          |   157|
|254   |          mac_unit |MacUnit_869         |   131|
|255   |      mesh_13_6    |Tile_331            |   157|
|256   |        tile_0_0   |PE_256_866          |   157|
|257   |          mac_unit |MacUnit_867         |   131|
|258   |      mesh_13_7    |Tile_332            |   157|
|259   |        tile_0_0   |PE_256_864          |   157|
|260   |          mac_unit |MacUnit_865         |   131|
|261   |      mesh_13_8    |Tile_333            |   157|
|262   |        tile_0_0   |PE_256_862          |   157|
|263   |          mac_unit |MacUnit_863         |   131|
|264   |      mesh_13_9    |Tile_334            |   157|
|265   |        tile_0_0   |PE_256_860          |   157|
|266   |          mac_unit |MacUnit_861         |   131|
|267   |      mesh_14_0    |Tile_335            |   157|
|268   |        tile_0_0   |PE_256_858          |   157|
|269   |          mac_unit |MacUnit_859         |   131|
|270   |      mesh_14_1    |Tile_336            |   157|
|271   |        tile_0_0   |PE_256_856          |   157|
|272   |          mac_unit |MacUnit_857         |   131|
|273   |      mesh_14_10   |Tile_337            |   157|
|274   |        tile_0_0   |PE_256_854          |   157|
|275   |          mac_unit |MacUnit_855         |   131|
|276   |      mesh_14_11   |Tile_338            |   157|
|277   |        tile_0_0   |PE_256_852          |   157|
|278   |          mac_unit |MacUnit_853         |   131|
|279   |      mesh_14_12   |Tile_339            |   157|
|280   |        tile_0_0   |PE_256_850          |   157|
|281   |          mac_unit |MacUnit_851         |   131|
|282   |      mesh_14_13   |Tile_340            |   157|
|283   |        tile_0_0   |PE_256_848          |   157|
|284   |          mac_unit |MacUnit_849         |   131|
|285   |      mesh_14_14   |Tile_341            |   157|
|286   |        tile_0_0   |PE_256_846          |   157|
|287   |          mac_unit |MacUnit_847         |   131|
|288   |      mesh_14_15   |Tile_342            |   157|
|289   |        tile_0_0   |PE_256_844          |   157|
|290   |          mac_unit |MacUnit_845         |   131|
|291   |      mesh_14_2    |Tile_343            |   157|
|292   |        tile_0_0   |PE_256_842          |   157|
|293   |          mac_unit |MacUnit_843         |   131|
|294   |      mesh_14_3    |Tile_344            |   157|
|295   |        tile_0_0   |PE_256_840          |   157|
|296   |          mac_unit |MacUnit_841         |   131|
|297   |      mesh_14_4    |Tile_345            |   157|
|298   |        tile_0_0   |PE_256_838          |   157|
|299   |          mac_unit |MacUnit_839         |   131|
|300   |      mesh_14_5    |Tile_346            |   157|
|301   |        tile_0_0   |PE_256_836          |   157|
|302   |          mac_unit |MacUnit_837         |   131|
|303   |      mesh_14_6    |Tile_347            |   157|
|304   |        tile_0_0   |PE_256_834          |   157|
|305   |          mac_unit |MacUnit_835         |   131|
|306   |      mesh_14_7    |Tile_348            |   157|
|307   |        tile_0_0   |PE_256_832          |   157|
|308   |          mac_unit |MacUnit_833         |   131|
|309   |      mesh_14_8    |Tile_349            |   157|
|310   |        tile_0_0   |PE_256_830          |   157|
|311   |          mac_unit |MacUnit_831         |   131|
|312   |      mesh_14_9    |Tile_350            |   157|
|313   |        tile_0_0   |PE_256_828          |   157|
|314   |          mac_unit |MacUnit_829         |   131|
|315   |      mesh_15_0    |Tile_240            |   157|
|316   |        tile_0_0   |PE_256_826          |   157|
|317   |          mac_unit |MacUnit_827         |   131|
|318   |      mesh_15_1    |Tile_240_351        |   157|
|319   |        tile_0_0   |PE_256_824          |   157|
|320   |          mac_unit |MacUnit_825         |   131|
|321   |      mesh_15_10   |Tile_240_352        |   157|
|322   |        tile_0_0   |PE_256_822          |   157|
|323   |          mac_unit |MacUnit_823         |   131|
|324   |      mesh_15_11   |Tile_240_353        |   157|
|325   |        tile_0_0   |PE_256_820          |   157|
|326   |          mac_unit |MacUnit_821         |   131|
|327   |      mesh_15_12   |Tile_240_354        |   157|
|328   |        tile_0_0   |PE_256_818          |   157|
|329   |          mac_unit |MacUnit_819         |   131|
|330   |      mesh_15_13   |Tile_240_355        |   157|
|331   |        tile_0_0   |PE_256_816          |   157|
|332   |          mac_unit |MacUnit_817         |   131|
|333   |      mesh_15_14   |Tile_240_356        |   157|
|334   |        tile_0_0   |PE_256_814          |   157|
|335   |          mac_unit |MacUnit_815         |   131|
|336   |      mesh_15_15   |Tile_240_357        |   157|
|337   |        tile_0_0   |PE_256_812          |   157|
|338   |          mac_unit |MacUnit_813         |   131|
|339   |      mesh_15_2    |Tile_240_358        |   157|
|340   |        tile_0_0   |PE_256_810          |   157|
|341   |          mac_unit |MacUnit_811         |   131|
|342   |      mesh_15_3    |Tile_240_359        |   157|
|343   |        tile_0_0   |PE_256_808          |   157|
|344   |          mac_unit |MacUnit_809         |   131|
|345   |      mesh_15_4    |Tile_240_360        |   157|
|346   |        tile_0_0   |PE_256_806          |   157|
|347   |          mac_unit |MacUnit_807         |   131|
|348   |      mesh_15_5    |Tile_240_361        |   157|
|349   |        tile_0_0   |PE_256_804          |   157|
|350   |          mac_unit |MacUnit_805         |   131|
|351   |      mesh_15_6    |Tile_240_362        |   157|
|352   |        tile_0_0   |PE_256_802          |   157|
|353   |          mac_unit |MacUnit_803         |   131|
|354   |      mesh_15_7    |Tile_240_363        |   157|
|355   |        tile_0_0   |PE_256_800          |   157|
|356   |          mac_unit |MacUnit_801         |   131|
|357   |      mesh_15_8    |Tile_240_364        |   157|
|358   |        tile_0_0   |PE_256_798          |   157|
|359   |          mac_unit |MacUnit_799         |   131|
|360   |      mesh_15_9    |Tile_240_365        |   157|
|361   |        tile_0_0   |PE_256_796          |   157|
|362   |          mac_unit |MacUnit_797         |   131|
|363   |      mesh_1_0     |Tile_366            |   148|
|364   |        tile_0_0   |PE_256_794          |   148|
|365   |          mac_unit |MacUnit_795         |   122|
|366   |      mesh_1_1     |Tile_367            |   148|
|367   |        tile_0_0   |PE_256_792          |   148|
|368   |          mac_unit |MacUnit_793         |   122|
|369   |      mesh_1_10    |Tile_368            |   148|
|370   |        tile_0_0   |PE_256_790          |   148|
|371   |          mac_unit |MacUnit_791         |   122|
|372   |      mesh_1_11    |Tile_369            |   148|
|373   |        tile_0_0   |PE_256_788          |   148|
|374   |          mac_unit |MacUnit_789         |   122|
|375   |      mesh_1_12    |Tile_370            |   148|
|376   |        tile_0_0   |PE_256_786          |   148|
|377   |          mac_unit |MacUnit_787         |   122|
|378   |      mesh_1_13    |Tile_371            |   148|
|379   |        tile_0_0   |PE_256_784          |   148|
|380   |          mac_unit |MacUnit_785         |   122|
|381   |      mesh_1_14    |Tile_372            |   148|
|382   |        tile_0_0   |PE_256_782          |   148|
|383   |          mac_unit |MacUnit_783         |   122|
|384   |      mesh_1_15    |Tile_373            |   148|
|385   |        tile_0_0   |PE_256_780          |   148|
|386   |          mac_unit |MacUnit_781         |   122|
|387   |      mesh_1_2     |Tile_374            |   148|
|388   |        tile_0_0   |PE_256_778          |   148|
|389   |          mac_unit |MacUnit_779         |   122|
|390   |      mesh_1_3     |Tile_375            |   148|
|391   |        tile_0_0   |PE_256_776          |   148|
|392   |          mac_unit |MacUnit_777         |   122|
|393   |      mesh_1_4     |Tile_376            |   148|
|394   |        tile_0_0   |PE_256_774          |   148|
|395   |          mac_unit |MacUnit_775         |   122|
|396   |      mesh_1_5     |Tile_377            |   148|
|397   |        tile_0_0   |PE_256_772          |   148|
|398   |          mac_unit |MacUnit_773         |   122|
|399   |      mesh_1_6     |Tile_378            |   148|
|400   |        tile_0_0   |PE_256_770          |   148|
|401   |          mac_unit |MacUnit_771         |   122|
|402   |      mesh_1_7     |Tile_379            |   148|
|403   |        tile_0_0   |PE_256_768          |   148|
|404   |          mac_unit |MacUnit_769         |   122|
|405   |      mesh_1_8     |Tile_380            |   148|
|406   |        tile_0_0   |PE_256_766          |   148|
|407   |          mac_unit |MacUnit_767         |   122|
|408   |      mesh_1_9     |Tile_381            |   148|
|409   |        tile_0_0   |PE_256_764          |   148|
|410   |          mac_unit |MacUnit_765         |   122|
|411   |      mesh_2_0     |Tile_382            |   148|
|412   |        tile_0_0   |PE_256_762          |   148|
|413   |          mac_unit |MacUnit_763         |   122|
|414   |      mesh_2_1     |Tile_383            |   148|
|415   |        tile_0_0   |PE_256_760          |   148|
|416   |          mac_unit |MacUnit_761         |   122|
|417   |      mesh_2_10    |Tile_384            |   148|
|418   |        tile_0_0   |PE_256_758          |   148|
|419   |          mac_unit |MacUnit_759         |   122|
|420   |      mesh_2_11    |Tile_385            |   148|
|421   |        tile_0_0   |PE_256_756          |   148|
|422   |          mac_unit |MacUnit_757         |   122|
|423   |      mesh_2_12    |Tile_386            |   148|
|424   |        tile_0_0   |PE_256_754          |   148|
|425   |          mac_unit |MacUnit_755         |   122|
|426   |      mesh_2_13    |Tile_387            |   148|
|427   |        tile_0_0   |PE_256_752          |   148|
|428   |          mac_unit |MacUnit_753         |   122|
|429   |      mesh_2_14    |Tile_388            |   148|
|430   |        tile_0_0   |PE_256_750          |   148|
|431   |          mac_unit |MacUnit_751         |   122|
|432   |      mesh_2_15    |Tile_389            |   148|
|433   |        tile_0_0   |PE_256_748          |   148|
|434   |          mac_unit |MacUnit_749         |   122|
|435   |      mesh_2_2     |Tile_390            |   148|
|436   |        tile_0_0   |PE_256_746          |   148|
|437   |          mac_unit |MacUnit_747         |   122|
|438   |      mesh_2_3     |Tile_391            |   148|
|439   |        tile_0_0   |PE_256_744          |   148|
|440   |          mac_unit |MacUnit_745         |   122|
|441   |      mesh_2_4     |Tile_392            |   148|
|442   |        tile_0_0   |PE_256_742          |   148|
|443   |          mac_unit |MacUnit_743         |   122|
|444   |      mesh_2_5     |Tile_393            |   148|
|445   |        tile_0_0   |PE_256_740          |   148|
|446   |          mac_unit |MacUnit_741         |   122|
|447   |      mesh_2_6     |Tile_394            |   148|
|448   |        tile_0_0   |PE_256_738          |   148|
|449   |          mac_unit |MacUnit_739         |   122|
|450   |      mesh_2_7     |Tile_395            |   148|
|451   |        tile_0_0   |PE_256_736          |   148|
|452   |          mac_unit |MacUnit_737         |   122|
|453   |      mesh_2_8     |Tile_396            |   148|
|454   |        tile_0_0   |PE_256_734          |   148|
|455   |          mac_unit |MacUnit_735         |   122|
|456   |      mesh_2_9     |Tile_397            |   148|
|457   |        tile_0_0   |PE_256_732          |   148|
|458   |          mac_unit |MacUnit_733         |   122|
|459   |      mesh_3_0     |Tile_398            |   148|
|460   |        tile_0_0   |PE_256_730          |   148|
|461   |          mac_unit |MacUnit_731         |   122|
|462   |      mesh_3_1     |Tile_399            |   148|
|463   |        tile_0_0   |PE_256_728          |   148|
|464   |          mac_unit |MacUnit_729         |   122|
|465   |      mesh_3_10    |Tile_400            |   148|
|466   |        tile_0_0   |PE_256_726          |   148|
|467   |          mac_unit |MacUnit_727         |   122|
|468   |      mesh_3_11    |Tile_401            |   148|
|469   |        tile_0_0   |PE_256_724          |   148|
|470   |          mac_unit |MacUnit_725         |   122|
|471   |      mesh_3_12    |Tile_402            |   148|
|472   |        tile_0_0   |PE_256_722          |   148|
|473   |          mac_unit |MacUnit_723         |   122|
|474   |      mesh_3_13    |Tile_403            |   148|
|475   |        tile_0_0   |PE_256_720          |   148|
|476   |          mac_unit |MacUnit_721         |   122|
|477   |      mesh_3_14    |Tile_404            |   148|
|478   |        tile_0_0   |PE_256_718          |   148|
|479   |          mac_unit |MacUnit_719         |   122|
|480   |      mesh_3_15    |Tile_405            |   148|
|481   |        tile_0_0   |PE_256_716          |   148|
|482   |          mac_unit |MacUnit_717         |   122|
|483   |      mesh_3_2     |Tile_406            |   148|
|484   |        tile_0_0   |PE_256_714          |   148|
|485   |          mac_unit |MacUnit_715         |   122|
|486   |      mesh_3_3     |Tile_407            |   148|
|487   |        tile_0_0   |PE_256_712          |   148|
|488   |          mac_unit |MacUnit_713         |   122|
|489   |      mesh_3_4     |Tile_408            |   148|
|490   |        tile_0_0   |PE_256_710          |   148|
|491   |          mac_unit |MacUnit_711         |   122|
|492   |      mesh_3_5     |Tile_409            |   148|
|493   |        tile_0_0   |PE_256_708          |   148|
|494   |          mac_unit |MacUnit_709         |   122|
|495   |      mesh_3_6     |Tile_410            |   148|
|496   |        tile_0_0   |PE_256_706          |   148|
|497   |          mac_unit |MacUnit_707         |   122|
|498   |      mesh_3_7     |Tile_411            |   148|
|499   |        tile_0_0   |PE_256_704          |   148|
|500   |          mac_unit |MacUnit_705         |   122|
|501   |      mesh_3_8     |Tile_412            |   148|
|502   |        tile_0_0   |PE_256_702          |   148|
|503   |          mac_unit |MacUnit_703         |   122|
|504   |      mesh_3_9     |Tile_413            |   148|
|505   |        tile_0_0   |PE_256_700          |   148|
|506   |          mac_unit |MacUnit_701         |   122|
|507   |      mesh_4_0     |Tile_414            |   148|
|508   |        tile_0_0   |PE_256_698          |   148|
|509   |          mac_unit |MacUnit_699         |   122|
|510   |      mesh_4_1     |Tile_415            |   148|
|511   |        tile_0_0   |PE_256_696          |   148|
|512   |          mac_unit |MacUnit_697         |   122|
|513   |      mesh_4_10    |Tile_416            |   148|
|514   |        tile_0_0   |PE_256_694          |   148|
|515   |          mac_unit |MacUnit_695         |   122|
|516   |      mesh_4_11    |Tile_417            |   148|
|517   |        tile_0_0   |PE_256_692          |   148|
|518   |          mac_unit |MacUnit_693         |   122|
|519   |      mesh_4_12    |Tile_418            |   148|
|520   |        tile_0_0   |PE_256_690          |   148|
|521   |          mac_unit |MacUnit_691         |   122|
|522   |      mesh_4_13    |Tile_419            |   148|
|523   |        tile_0_0   |PE_256_688          |   148|
|524   |          mac_unit |MacUnit_689         |   122|
|525   |      mesh_4_14    |Tile_420            |   148|
|526   |        tile_0_0   |PE_256_686          |   148|
|527   |          mac_unit |MacUnit_687         |   122|
|528   |      mesh_4_15    |Tile_421            |   148|
|529   |        tile_0_0   |PE_256_684          |   148|
|530   |          mac_unit |MacUnit_685         |   122|
|531   |      mesh_4_2     |Tile_422            |   148|
|532   |        tile_0_0   |PE_256_682          |   148|
|533   |          mac_unit |MacUnit_683         |   122|
|534   |      mesh_4_3     |Tile_423            |   148|
|535   |        tile_0_0   |PE_256_680          |   148|
|536   |          mac_unit |MacUnit_681         |   122|
|537   |      mesh_4_4     |Tile_424            |   148|
|538   |        tile_0_0   |PE_256_678          |   148|
|539   |          mac_unit |MacUnit_679         |   122|
|540   |      mesh_4_5     |Tile_425            |   148|
|541   |        tile_0_0   |PE_256_676          |   148|
|542   |          mac_unit |MacUnit_677         |   122|
|543   |      mesh_4_6     |Tile_426            |   148|
|544   |        tile_0_0   |PE_256_674          |   148|
|545   |          mac_unit |MacUnit_675         |   122|
|546   |      mesh_4_7     |Tile_427            |   148|
|547   |        tile_0_0   |PE_256_672          |   148|
|548   |          mac_unit |MacUnit_673         |   122|
|549   |      mesh_4_8     |Tile_428            |   148|
|550   |        tile_0_0   |PE_256_670          |   148|
|551   |          mac_unit |MacUnit_671         |   122|
|552   |      mesh_4_9     |Tile_429            |   148|
|553   |        tile_0_0   |PE_256_668          |   148|
|554   |          mac_unit |MacUnit_669         |   122|
|555   |      mesh_5_0     |Tile_430            |   148|
|556   |        tile_0_0   |PE_256_666          |   148|
|557   |          mac_unit |MacUnit_667         |   122|
|558   |      mesh_5_1     |Tile_431            |   148|
|559   |        tile_0_0   |PE_256_664          |   148|
|560   |          mac_unit |MacUnit_665         |   122|
|561   |      mesh_5_10    |Tile_432            |   148|
|562   |        tile_0_0   |PE_256_662          |   148|
|563   |          mac_unit |MacUnit_663         |   122|
|564   |      mesh_5_11    |Tile_433            |   148|
|565   |        tile_0_0   |PE_256_660          |   148|
|566   |          mac_unit |MacUnit_661         |   122|
|567   |      mesh_5_12    |Tile_434            |   148|
|568   |        tile_0_0   |PE_256_658          |   148|
|569   |          mac_unit |MacUnit_659         |   122|
|570   |      mesh_5_13    |Tile_435            |   148|
|571   |        tile_0_0   |PE_256_656          |   148|
|572   |          mac_unit |MacUnit_657         |   122|
|573   |      mesh_5_14    |Tile_436            |   148|
|574   |        tile_0_0   |PE_256_654          |   148|
|575   |          mac_unit |MacUnit_655         |   122|
|576   |      mesh_5_15    |Tile_437            |   148|
|577   |        tile_0_0   |PE_256_652          |   148|
|578   |          mac_unit |MacUnit_653         |   122|
|579   |      mesh_5_2     |Tile_438            |   148|
|580   |        tile_0_0   |PE_256_650          |   148|
|581   |          mac_unit |MacUnit_651         |   122|
|582   |      mesh_5_3     |Tile_439            |   148|
|583   |        tile_0_0   |PE_256_648          |   148|
|584   |          mac_unit |MacUnit_649         |   122|
|585   |      mesh_5_4     |Tile_440            |   148|
|586   |        tile_0_0   |PE_256_646          |   148|
|587   |          mac_unit |MacUnit_647         |   122|
|588   |      mesh_5_5     |Tile_441            |   148|
|589   |        tile_0_0   |PE_256_644          |   148|
|590   |          mac_unit |MacUnit_645         |   122|
|591   |      mesh_5_6     |Tile_442            |   148|
|592   |        tile_0_0   |PE_256_642          |   148|
|593   |          mac_unit |MacUnit_643         |   122|
|594   |      mesh_5_7     |Tile_443            |   148|
|595   |        tile_0_0   |PE_256_640          |   148|
|596   |          mac_unit |MacUnit_641         |   122|
|597   |      mesh_5_8     |Tile_444            |   148|
|598   |        tile_0_0   |PE_256_638          |   148|
|599   |          mac_unit |MacUnit_639         |   122|
|600   |      mesh_5_9     |Tile_445            |   148|
|601   |        tile_0_0   |PE_256_636          |   148|
|602   |          mac_unit |MacUnit_637         |   122|
|603   |      mesh_6_0     |Tile_446            |   148|
|604   |        tile_0_0   |PE_256_634          |   148|
|605   |          mac_unit |MacUnit_635         |   122|
|606   |      mesh_6_1     |Tile_447            |   148|
|607   |        tile_0_0   |PE_256_632          |   148|
|608   |          mac_unit |MacUnit_633         |   122|
|609   |      mesh_6_10    |Tile_448            |   148|
|610   |        tile_0_0   |PE_256_630          |   148|
|611   |          mac_unit |MacUnit_631         |   122|
|612   |      mesh_6_11    |Tile_449            |   148|
|613   |        tile_0_0   |PE_256_628          |   148|
|614   |          mac_unit |MacUnit_629         |   122|
|615   |      mesh_6_12    |Tile_450            |   148|
|616   |        tile_0_0   |PE_256_626          |   148|
|617   |          mac_unit |MacUnit_627         |   122|
|618   |      mesh_6_13    |Tile_451            |   148|
|619   |        tile_0_0   |PE_256_624          |   148|
|620   |          mac_unit |MacUnit_625         |   122|
|621   |      mesh_6_14    |Tile_452            |   148|
|622   |        tile_0_0   |PE_256_622          |   148|
|623   |          mac_unit |MacUnit_623         |   122|
|624   |      mesh_6_15    |Tile_453            |   148|
|625   |        tile_0_0   |PE_256_620          |   148|
|626   |          mac_unit |MacUnit_621         |   122|
|627   |      mesh_6_2     |Tile_454            |   148|
|628   |        tile_0_0   |PE_256_618          |   148|
|629   |          mac_unit |MacUnit_619         |   122|
|630   |      mesh_6_3     |Tile_455            |   148|
|631   |        tile_0_0   |PE_256_616          |   148|
|632   |          mac_unit |MacUnit_617         |   122|
|633   |      mesh_6_4     |Tile_456            |   148|
|634   |        tile_0_0   |PE_256_614          |   148|
|635   |          mac_unit |MacUnit_615         |   122|
|636   |      mesh_6_5     |Tile_457            |   148|
|637   |        tile_0_0   |PE_256_612          |   148|
|638   |          mac_unit |MacUnit_613         |   122|
|639   |      mesh_6_6     |Tile_458            |   148|
|640   |        tile_0_0   |PE_256_610          |   148|
|641   |          mac_unit |MacUnit_611         |   122|
|642   |      mesh_6_7     |Tile_459            |   148|
|643   |        tile_0_0   |PE_256_608          |   148|
|644   |          mac_unit |MacUnit_609         |   122|
|645   |      mesh_6_8     |Tile_460            |   148|
|646   |        tile_0_0   |PE_256_606          |   148|
|647   |          mac_unit |MacUnit_607         |   122|
|648   |      mesh_6_9     |Tile_461            |   148|
|649   |        tile_0_0   |PE_256_604          |   148|
|650   |          mac_unit |MacUnit_605         |   122|
|651   |      mesh_7_0     |Tile_462            |   148|
|652   |        tile_0_0   |PE_256_602          |   148|
|653   |          mac_unit |MacUnit_603         |   122|
|654   |      mesh_7_1     |Tile_463            |   148|
|655   |        tile_0_0   |PE_256_600          |   148|
|656   |          mac_unit |MacUnit_601         |   122|
|657   |      mesh_7_10    |Tile_464            |   148|
|658   |        tile_0_0   |PE_256_598          |   148|
|659   |          mac_unit |MacUnit_599         |   122|
|660   |      mesh_7_11    |Tile_465            |   148|
|661   |        tile_0_0   |PE_256_596          |   148|
|662   |          mac_unit |MacUnit_597         |   122|
|663   |      mesh_7_12    |Tile_466            |   148|
|664   |        tile_0_0   |PE_256_594          |   148|
|665   |          mac_unit |MacUnit_595         |   122|
|666   |      mesh_7_13    |Tile_467            |   148|
|667   |        tile_0_0   |PE_256_592          |   148|
|668   |          mac_unit |MacUnit_593         |   122|
|669   |      mesh_7_14    |Tile_468            |   148|
|670   |        tile_0_0   |PE_256_590          |   148|
|671   |          mac_unit |MacUnit_591         |   122|
|672   |      mesh_7_15    |Tile_469            |   148|
|673   |        tile_0_0   |PE_256_588          |   148|
|674   |          mac_unit |MacUnit_589         |   122|
|675   |      mesh_7_2     |Tile_470            |   148|
|676   |        tile_0_0   |PE_256_586          |   148|
|677   |          mac_unit |MacUnit_587         |   122|
|678   |      mesh_7_3     |Tile_471            |   148|
|679   |        tile_0_0   |PE_256_584          |   148|
|680   |          mac_unit |MacUnit_585         |   122|
|681   |      mesh_7_4     |Tile_472            |   148|
|682   |        tile_0_0   |PE_256_582          |   148|
|683   |          mac_unit |MacUnit_583         |   122|
|684   |      mesh_7_5     |Tile_473            |   148|
|685   |        tile_0_0   |PE_256_580          |   148|
|686   |          mac_unit |MacUnit_581         |   122|
|687   |      mesh_7_6     |Tile_474            |   148|
|688   |        tile_0_0   |PE_256_578          |   148|
|689   |          mac_unit |MacUnit_579         |   122|
|690   |      mesh_7_7     |Tile_475            |   148|
|691   |        tile_0_0   |PE_256_576          |   148|
|692   |          mac_unit |MacUnit_577         |   122|
|693   |      mesh_7_8     |Tile_476            |   148|
|694   |        tile_0_0   |PE_256_574          |   148|
|695   |          mac_unit |MacUnit_575         |   122|
|696   |      mesh_7_9     |Tile_477            |   148|
|697   |        tile_0_0   |PE_256_572          |   148|
|698   |          mac_unit |MacUnit_573         |   122|
|699   |      mesh_8_0     |Tile_478            |   157|
|700   |        tile_0_0   |PE_256_570          |   157|
|701   |          mac_unit |MacUnit_571         |   131|
|702   |      mesh_8_1     |Tile_479            |   157|
|703   |        tile_0_0   |PE_256_568          |   157|
|704   |          mac_unit |MacUnit_569         |   131|
|705   |      mesh_8_10    |Tile_480            |   157|
|706   |        tile_0_0   |PE_256_566          |   157|
|707   |          mac_unit |MacUnit_567         |   131|
|708   |      mesh_8_11    |Tile_481            |   157|
|709   |        tile_0_0   |PE_256_564          |   157|
|710   |          mac_unit |MacUnit_565         |   131|
|711   |      mesh_8_12    |Tile_482            |   157|
|712   |        tile_0_0   |PE_256_562          |   157|
|713   |          mac_unit |MacUnit_563         |   131|
|714   |      mesh_8_13    |Tile_483            |   157|
|715   |        tile_0_0   |PE_256_560          |   157|
|716   |          mac_unit |MacUnit_561         |   131|
|717   |      mesh_8_14    |Tile_484            |   157|
|718   |        tile_0_0   |PE_256_558          |   157|
|719   |          mac_unit |MacUnit_559         |   131|
|720   |      mesh_8_15    |Tile_485            |   157|
|721   |        tile_0_0   |PE_256_556          |   157|
|722   |          mac_unit |MacUnit_557         |   131|
|723   |      mesh_8_2     |Tile_486            |   157|
|724   |        tile_0_0   |PE_256_554          |   157|
|725   |          mac_unit |MacUnit_555         |   131|
|726   |      mesh_8_3     |Tile_487            |   157|
|727   |        tile_0_0   |PE_256_552          |   157|
|728   |          mac_unit |MacUnit_553         |   131|
|729   |      mesh_8_4     |Tile_488            |   157|
|730   |        tile_0_0   |PE_256_550          |   157|
|731   |          mac_unit |MacUnit_551         |   131|
|732   |      mesh_8_5     |Tile_489            |   157|
|733   |        tile_0_0   |PE_256_548          |   157|
|734   |          mac_unit |MacUnit_549         |   131|
|735   |      mesh_8_6     |Tile_490            |   157|
|736   |        tile_0_0   |PE_256_546          |   157|
|737   |          mac_unit |MacUnit_547         |   131|
|738   |      mesh_8_7     |Tile_491            |   157|
|739   |        tile_0_0   |PE_256_544          |   157|
|740   |          mac_unit |MacUnit_545         |   131|
|741   |      mesh_8_8     |Tile_492            |   157|
|742   |        tile_0_0   |PE_256_542          |   157|
|743   |          mac_unit |MacUnit_543         |   131|
|744   |      mesh_8_9     |Tile_493            |   157|
|745   |        tile_0_0   |PE_256_540          |   157|
|746   |          mac_unit |MacUnit_541         |   131|
|747   |      mesh_9_0     |Tile_494            |   157|
|748   |        tile_0_0   |PE_256_538          |   157|
|749   |          mac_unit |MacUnit_539         |   131|
|750   |      mesh_9_1     |Tile_495            |   157|
|751   |        tile_0_0   |PE_256_536          |   157|
|752   |          mac_unit |MacUnit_537         |   131|
|753   |      mesh_9_10    |Tile_496            |   157|
|754   |        tile_0_0   |PE_256_534          |   157|
|755   |          mac_unit |MacUnit_535         |   131|
|756   |      mesh_9_11    |Tile_497            |   157|
|757   |        tile_0_0   |PE_256_532          |   157|
|758   |          mac_unit |MacUnit_533         |   131|
|759   |      mesh_9_12    |Tile_498            |   157|
|760   |        tile_0_0   |PE_256_530          |   157|
|761   |          mac_unit |MacUnit_531         |   131|
|762   |      mesh_9_13    |Tile_499            |   157|
|763   |        tile_0_0   |PE_256_528          |   157|
|764   |          mac_unit |MacUnit_529         |   131|
|765   |      mesh_9_14    |Tile_500            |   157|
|766   |        tile_0_0   |PE_256_526          |   157|
|767   |          mac_unit |MacUnit_527         |   131|
|768   |      mesh_9_15    |Tile_501            |   157|
|769   |        tile_0_0   |PE_256_524          |   157|
|770   |          mac_unit |MacUnit_525         |   131|
|771   |      mesh_9_2     |Tile_502            |   157|
|772   |        tile_0_0   |PE_256_522          |   157|
|773   |          mac_unit |MacUnit_523         |   131|
|774   |      mesh_9_3     |Tile_503            |   157|
|775   |        tile_0_0   |PE_256_520          |   157|
|776   |          mac_unit |MacUnit_521         |   131|
|777   |      mesh_9_4     |Tile_504            |   157|
|778   |        tile_0_0   |PE_256_518          |   157|
|779   |          mac_unit |MacUnit_519         |   131|
|780   |      mesh_9_5     |Tile_505            |   157|
|781   |        tile_0_0   |PE_256_516          |   157|
|782   |          mac_unit |MacUnit_517         |   131|
|783   |      mesh_9_6     |Tile_506            |   157|
|784   |        tile_0_0   |PE_256_514          |   157|
|785   |          mac_unit |MacUnit_515         |   131|
|786   |      mesh_9_7     |Tile_507            |   157|
|787   |        tile_0_0   |PE_256_512          |   157|
|788   |          mac_unit |MacUnit_513         |   131|
|789   |      mesh_9_8     |Tile_508            |   157|
|790   |        tile_0_0   |PE_256_510          |   157|
|791   |          mac_unit |MacUnit_511         |   131|
|792   |      mesh_9_9     |Tile_509            |   157|
|793   |        tile_0_0   |PE_256              |   157|
|794   |          mac_unit |MacUnit             |   131|
|795   |    tagq           |TagQueue            |   177|
|796   |    total_rows_q   |Queue               |    28|
|797   |    transposer     |AlwaysOutTransposer |  4657|
|798   |      pes_0_0      |PE                  |    41|
|799   |      pes_0_1      |PE_1                |    40|
|800   |      pes_0_10     |PE_2                |    40|
|801   |      pes_0_11     |PE_3                |    40|
|802   |      pes_0_12     |PE_4                |    40|
|803   |      pes_0_13     |PE_5                |    40|
|804   |      pes_0_14     |PE_6                |    40|
|805   |      pes_0_15     |PE_7                |    48|
|806   |      pes_0_2      |PE_8                |    40|
|807   |      pes_0_3      |PE_9                |    40|
|808   |      pes_0_4      |PE_10               |    40|
|809   |      pes_0_5      |PE_11               |    40|
|810   |      pes_0_6      |PE_12               |    40|
|811   |      pes_0_7      |PE_13               |    40|
|812   |      pes_0_8      |PE_14               |    40|
|813   |      pes_0_9      |PE_15               |    40|
|814   |      pes_10_0     |PE_16               |    16|
|815   |      pes_10_1     |PE_17               |    16|
|816   |      pes_10_10    |PE_18               |    16|
|817   |      pes_10_11    |PE_19               |    16|
|818   |      pes_10_12    |PE_20               |    16|
|819   |      pes_10_13    |PE_21               |    16|
|820   |      pes_10_14    |PE_22               |    16|
|821   |      pes_10_15    |PE_23               |    24|
|822   |      pes_10_2     |PE_24               |    16|
|823   |      pes_10_3     |PE_25               |    16|
|824   |      pes_10_4     |PE_26               |    16|
|825   |      pes_10_5     |PE_27               |    16|
|826   |      pes_10_6     |PE_28               |    16|
|827   |      pes_10_7     |PE_29               |    16|
|828   |      pes_10_8     |PE_30               |    16|
|829   |      pes_10_9     |PE_31               |    16|
|830   |      pes_11_0     |PE_32               |    16|
|831   |      pes_11_1     |PE_33               |    16|
|832   |      pes_11_10    |PE_34               |    16|
|833   |      pes_11_11    |PE_35               |    16|
|834   |      pes_11_12    |PE_36               |    16|
|835   |      pes_11_13    |PE_37               |    16|
|836   |      pes_11_14    |PE_38               |    16|
|837   |      pes_11_15    |PE_39               |    24|
|838   |      pes_11_2     |PE_40               |    16|
|839   |      pes_11_3     |PE_41               |    16|
|840   |      pes_11_4     |PE_42               |    16|
|841   |      pes_11_5     |PE_43               |    16|
|842   |      pes_11_6     |PE_44               |    16|
|843   |      pes_11_7     |PE_45               |    16|
|844   |      pes_11_8     |PE_46               |    16|
|845   |      pes_11_9     |PE_47               |    16|
|846   |      pes_12_0     |PE_48               |    16|
|847   |      pes_12_1     |PE_49               |    16|
|848   |      pes_12_10    |PE_50               |    16|
|849   |      pes_12_11    |PE_51               |    16|
|850   |      pes_12_12    |PE_52               |    16|
|851   |      pes_12_13    |PE_53               |    16|
|852   |      pes_12_14    |PE_54               |    16|
|853   |      pes_12_15    |PE_55               |    24|
|854   |      pes_12_2     |PE_56               |    16|
|855   |      pes_12_3     |PE_57               |    16|
|856   |      pes_12_4     |PE_58               |    16|
|857   |      pes_12_5     |PE_59               |    16|
|858   |      pes_12_6     |PE_60               |    16|
|859   |      pes_12_7     |PE_61               |    16|
|860   |      pes_12_8     |PE_62               |    16|
|861   |      pes_12_9     |PE_63               |    16|
|862   |      pes_13_0     |PE_64               |    16|
|863   |      pes_13_1     |PE_65               |    16|
|864   |      pes_13_10    |PE_66               |    16|
|865   |      pes_13_11    |PE_67               |    16|
|866   |      pes_13_12    |PE_68               |    16|
|867   |      pes_13_13    |PE_69               |    16|
|868   |      pes_13_14    |PE_70               |    16|
|869   |      pes_13_15    |PE_71               |    24|
|870   |      pes_13_2     |PE_72               |    16|
|871   |      pes_13_3     |PE_73               |    16|
|872   |      pes_13_4     |PE_74               |    16|
|873   |      pes_13_5     |PE_75               |    16|
|874   |      pes_13_6     |PE_76               |    16|
|875   |      pes_13_7     |PE_77               |    16|
|876   |      pes_13_8     |PE_78               |    16|
|877   |      pes_13_9     |PE_79               |    16|
|878   |      pes_14_0     |PE_80               |    16|
|879   |      pes_14_1     |PE_81               |    16|
|880   |      pes_14_10    |PE_82               |    16|
|881   |      pes_14_11    |PE_83               |    16|
|882   |      pes_14_12    |PE_84               |    16|
|883   |      pes_14_13    |PE_85               |    16|
|884   |      pes_14_14    |PE_86               |    16|
|885   |      pes_14_15    |PE_87               |    24|
|886   |      pes_14_2     |PE_88               |    16|
|887   |      pes_14_3     |PE_89               |    16|
|888   |      pes_14_4     |PE_90               |    16|
|889   |      pes_14_5     |PE_91               |    16|
|890   |      pes_14_6     |PE_92               |    16|
|891   |      pes_14_7     |PE_93               |    16|
|892   |      pes_14_8     |PE_94               |    16|
|893   |      pes_14_9     |PE_95               |    16|
|894   |      pes_15_0     |PE_96               |    16|
|895   |      pes_15_1     |PE_97               |    16|
|896   |      pes_15_10    |PE_98               |    16|
|897   |      pes_15_11    |PE_99               |    16|
|898   |      pes_15_12    |PE_100              |    16|
|899   |      pes_15_13    |PE_101              |    16|
|900   |      pes_15_14    |PE_102              |    16|
|901   |      pes_15_15    |PE_103              |    16|
|902   |      pes_15_2     |PE_104              |    16|
|903   |      pes_15_3     |PE_105              |    16|
|904   |      pes_15_4     |PE_106              |    16|
|905   |      pes_15_5     |PE_107              |    16|
|906   |      pes_15_6     |PE_108              |    16|
|907   |      pes_15_7     |PE_109              |    16|
|908   |      pes_15_8     |PE_110              |    16|
|909   |      pes_15_9     |PE_111              |    16|
|910   |      pes_1_0      |PE_112              |    16|
|911   |      pes_1_1      |PE_113              |    16|
|912   |      pes_1_10     |PE_114              |    16|
|913   |      pes_1_11     |PE_115              |    16|
|914   |      pes_1_12     |PE_116              |    16|
|915   |      pes_1_13     |PE_117              |    16|
|916   |      pes_1_14     |PE_118              |    16|
|917   |      pes_1_15     |PE_119              |    24|
|918   |      pes_1_2      |PE_120              |    16|
|919   |      pes_1_3      |PE_121              |    16|
|920   |      pes_1_4      |PE_122              |    16|
|921   |      pes_1_5      |PE_123              |    16|
|922   |      pes_1_6      |PE_124              |    16|
|923   |      pes_1_7      |PE_125              |    16|
|924   |      pes_1_8      |PE_126              |    16|
|925   |      pes_1_9      |PE_127              |    16|
|926   |      pes_2_0      |PE_128              |    16|
|927   |      pes_2_1      |PE_129              |    16|
|928   |      pes_2_10     |PE_130              |    16|
|929   |      pes_2_11     |PE_131              |    16|
|930   |      pes_2_12     |PE_132              |    16|
|931   |      pes_2_13     |PE_133              |    16|
|932   |      pes_2_14     |PE_134              |    16|
|933   |      pes_2_15     |PE_135              |    24|
|934   |      pes_2_2      |PE_136              |    16|
|935   |      pes_2_3      |PE_137              |    16|
|936   |      pes_2_4      |PE_138              |    16|
|937   |      pes_2_5      |PE_139              |    16|
|938   |      pes_2_6      |PE_140              |    16|
|939   |      pes_2_7      |PE_141              |    16|
|940   |      pes_2_8      |PE_142              |    16|
|941   |      pes_2_9      |PE_143              |    16|
|942   |      pes_3_0      |PE_144              |    16|
|943   |      pes_3_1      |PE_145              |    16|
|944   |      pes_3_10     |PE_146              |    16|
|945   |      pes_3_11     |PE_147              |    16|
|946   |      pes_3_12     |PE_148              |    16|
|947   |      pes_3_13     |PE_149              |    16|
|948   |      pes_3_14     |PE_150              |    16|
|949   |      pes_3_15     |PE_151              |    24|
|950   |      pes_3_2      |PE_152              |    16|
|951   |      pes_3_3      |PE_153              |    16|
|952   |      pes_3_4      |PE_154              |    16|
|953   |      pes_3_5      |PE_155              |    16|
|954   |      pes_3_6      |PE_156              |    16|
|955   |      pes_3_7      |PE_157              |    16|
|956   |      pes_3_8      |PE_158              |    16|
|957   |      pes_3_9      |PE_159              |    16|
|958   |      pes_4_0      |PE_160              |    16|
|959   |      pes_4_1      |PE_161              |    16|
|960   |      pes_4_10     |PE_162              |    16|
|961   |      pes_4_11     |PE_163              |    16|
|962   |      pes_4_12     |PE_164              |    16|
|963   |      pes_4_13     |PE_165              |    16|
|964   |      pes_4_14     |PE_166              |    16|
|965   |      pes_4_15     |PE_167              |    24|
|966   |      pes_4_2      |PE_168              |    16|
|967   |      pes_4_3      |PE_169              |    16|
|968   |      pes_4_4      |PE_170              |    16|
|969   |      pes_4_5      |PE_171              |    16|
|970   |      pes_4_6      |PE_172              |    16|
|971   |      pes_4_7      |PE_173              |    16|
|972   |      pes_4_8      |PE_174              |    16|
|973   |      pes_4_9      |PE_175              |    16|
|974   |      pes_5_0      |PE_176              |    16|
|975   |      pes_5_1      |PE_177              |    16|
|976   |      pes_5_10     |PE_178              |    16|
|977   |      pes_5_11     |PE_179              |    16|
|978   |      pes_5_12     |PE_180              |    16|
|979   |      pes_5_13     |PE_181              |    16|
|980   |      pes_5_14     |PE_182              |    16|
|981   |      pes_5_15     |PE_183              |    24|
|982   |      pes_5_2      |PE_184              |    16|
|983   |      pes_5_3      |PE_185              |    16|
|984   |      pes_5_4      |PE_186              |    16|
|985   |      pes_5_5      |PE_187              |    16|
|986   |      pes_5_6      |PE_188              |    16|
|987   |      pes_5_7      |PE_189              |    16|
|988   |      pes_5_8      |PE_190              |    16|
|989   |      pes_5_9      |PE_191              |    16|
|990   |      pes_6_0      |PE_192              |    16|
|991   |      pes_6_1      |PE_193              |    16|
|992   |      pes_6_10     |PE_194              |    16|
|993   |      pes_6_11     |PE_195              |    16|
|994   |      pes_6_12     |PE_196              |    16|
|995   |      pes_6_13     |PE_197              |    16|
|996   |      pes_6_14     |PE_198              |    16|
|997   |      pes_6_15     |PE_199              |    24|
|998   |      pes_6_2      |PE_200              |    16|
|999   |      pes_6_3      |PE_201              |    16|
|1000  |      pes_6_4      |PE_202              |    16|
|1001  |      pes_6_5      |PE_203              |    16|
|1002  |      pes_6_6      |PE_204              |    16|
|1003  |      pes_6_7      |PE_205              |    16|
|1004  |      pes_6_8      |PE_206              |    16|
|1005  |      pes_6_9      |PE_207              |    16|
|1006  |      pes_7_0      |PE_208              |    16|
|1007  |      pes_7_1      |PE_209              |    16|
|1008  |      pes_7_10     |PE_210              |    16|
|1009  |      pes_7_11     |PE_211              |    16|
|1010  |      pes_7_12     |PE_212              |    16|
|1011  |      pes_7_13     |PE_213              |    16|
|1012  |      pes_7_14     |PE_214              |    16|
|1013  |      pes_7_15     |PE_215              |    24|
|1014  |      pes_7_2      |PE_216              |    16|
|1015  |      pes_7_3      |PE_217              |    16|
|1016  |      pes_7_4      |PE_218              |    16|
|1017  |      pes_7_5      |PE_219              |    16|
|1018  |      pes_7_6      |PE_220              |    16|
|1019  |      pes_7_7      |PE_221              |    16|
|1020  |      pes_7_8      |PE_222              |    16|
|1021  |      pes_7_9      |PE_223              |    16|
|1022  |      pes_8_0      |PE_224              |    16|
|1023  |      pes_8_1      |PE_225              |    16|
|1024  |      pes_8_10     |PE_226              |    16|
|1025  |      pes_8_11     |PE_227              |    16|
|1026  |      pes_8_12     |PE_228              |    16|
|1027  |      pes_8_13     |PE_229              |    16|
|1028  |      pes_8_14     |PE_230              |    16|
|1029  |      pes_8_15     |PE_231              |    24|
|1030  |      pes_8_2      |PE_232              |    16|
|1031  |      pes_8_3      |PE_233              |    16|
|1032  |      pes_8_4      |PE_234              |    16|
|1033  |      pes_8_5      |PE_235              |    16|
|1034  |      pes_8_6      |PE_236              |    16|
|1035  |      pes_8_7      |PE_237              |    16|
|1036  |      pes_8_8      |PE_238              |    16|
|1037  |      pes_8_9      |PE_239              |    16|
|1038  |      pes_9_0      |PE_240              |    16|
|1039  |      pes_9_1      |PE_241              |    16|
|1040  |      pes_9_10     |PE_242              |    16|
|1041  |      pes_9_11     |PE_243              |    16|
|1042  |      pes_9_12     |PE_244              |    16|
|1043  |      pes_9_13     |PE_245              |    16|
|1044  |      pes_9_14     |PE_246              |    16|
|1045  |      pes_9_15     |PE_247              |    24|
|1046  |      pes_9_2      |PE_248              |    16|
|1047  |      pes_9_3      |PE_249              |    16|
|1048  |      pes_9_4      |PE_250              |    16|
|1049  |      pes_9_5      |PE_251              |    16|
|1050  |      pes_9_6      |PE_252              |    16|
|1051  |      pes_9_7      |PE_253              |    16|
|1052  |      pes_9_8      |PE_254              |    16|
|1053  |      pes_9_9      |PE_255              |    16|
|1054  |  vpu              |AccumulatorScale    |   129|
|1055  |    pipe_out_p     |Pipeline            |   129|
+------+-------------------+--------------------+------+
---------------------------------------------------------------------------------
Finished Writing Synthesis Report : Time (s): cpu = 00:02:26 ; elapsed = 00:02:26 . Memory (MB): peak = 3548.996 ; gain = 1985.695 ; free physical = 3605 ; free virtual = 92826
---------------------------------------------------------------------------------
Synthesis finished with 0 errors, 0 critical warnings and 1699 warnings.
Synthesis Optimization Runtime : Time (s): cpu = 00:02:26 ; elapsed = 00:02:26 . Memory (MB): peak = 3548.996 ; gain = 1985.695 ; free physical = 3600 ; free virtual = 92821
Synthesis Optimization Complete : Time (s): cpu = 00:02:26 ; elapsed = 00:02:26 . Memory (MB): peak = 3549.004 ; gain = 1985.695 ; free physical = 3600 ; free virtual = 92821
INFO: [Project 1-571] Translating synthesized netlist
Netlist sorting complete. Time (s): cpu = 00:00:00.79 ; elapsed = 00:00:00.8 . Memory (MB): peak = 3549.004 ; gain = 0.000 ; free physical = 15484 ; free virtual = 104036
INFO: [Netlist 29-17] Analyzing 3329 Unisim elements for replacement
INFO: [Netlist 29-28] Unisim Transformation completed in 0 CPU seconds
INFO: [Project 1-570] Preparing netlist for logic optimization
INFO: [Opt 31-138] Pushed 0 inverter(s) to 0 load pin(s).
Netlist sorting complete. Time (s): cpu = 00:00:00.02 ; elapsed = 00:00:00.02 . Memory (MB): peak = 3630.805 ; gain = 0.000 ; free physical = 14583 ; free virtual = 103135
INFO: [Project 1-111] Unisim Transformation Summary:
  A total of 257 instances were transformed.
  RAM32M => RAM32M (RAMD32(x6), RAMS32(x2)): 1 instance 
  RAM64M8 => RAM64M8 (RAMD64E(x8)): 128 instances
  RAM64X1D => RAM64X1D (RAMD64E(x2)): 128 instances

Synth Design complete | Checksum: 49d2b3f9
INFO: [Common 17-83] Releasing license: Synthesis
152 Infos, 282 Warnings, 0 Critical Warnings and 0 Errors encountered.
synth_design completed successfully
synth_design: Time (s): cpu = 00:02:47 ; elapsed = 00:03:02 . Memory (MB): peak = 3630.840 ; gain = 2074.508 ; free physical = 14454 ; free virtual = 103005
INFO: [Common 17-2834] synth_design peak Physical Memory [PSS] (MB): overall = 2766.785; main = 2502.149; forked = 305.899
INFO: [Common 17-2834] synth_design peak Virtual Memory [VSS] (MB): overall = 5162.277; main = 3630.809; forked = 1613.277
# create_clock -period 3.333 -name clk [get_ports clock]
create_clock: Time (s): cpu = 00:00:05 ; elapsed = 00:00:06 . Memory (MB): peak = 3630.840 ; gain = 0.000 ; free physical = 14021 ; free virtual = 102572
# opt_design
Command: opt_design
Attempting to get a license for feature 'Implementation' and/or device 'xcu280'
INFO: [Common 17-349] Got license for feature 'Implementation' and/or device 'xcu280'
Running DRC as a precondition to command opt_design

Starting DRC Task
INFO: [DRC 23-27] Running DRC with 8 threads
INFO: [Project 1-461] DRC finished with 0 Errors
INFO: [Project 1-462] Please refer to the DRC report (report_drc) for more information.

Time (s): cpu = 00:00:03 ; elapsed = 00:00:01 . Memory (MB): peak = 3694.836 ; gain = 63.996 ; free physical = 14014 ; free virtual = 102566

Starting Cache Timing Information Task
INFO: [Timing 38-35] Done setting XDC timing constraints.
Ending Cache Timing Information Task | Checksum: 13338308e

Time (s): cpu = 00:00:08 ; elapsed = 00:00:04 . Memory (MB): peak = 3798.336 ; gain = 103.500 ; free physical = 13929 ; free virtual = 102480

Starting Logic Optimization Task

Phase 1 Initialization

Phase 1.1 Core Generation And Design Setup
Phase 1.1 Core Generation And Design Setup | Checksum: 13338308e

Time (s): cpu = 00:00:00.01 ; elapsed = 00:00:00.02 . Memory (MB): peak = 4034.305 ; gain = 0.000 ; free physical = 13681 ; free virtual = 102233

Phase 1.2 Setup Constraints And Sort Netlist
Phase 1.2 Setup Constraints And Sort Netlist | Checksum: 13338308e

Time (s): cpu = 00:00:00.05 ; elapsed = 00:00:00.05 . Memory (MB): peak = 4034.305 ; gain = 0.000 ; free physical = 13681 ; free virtual = 102232
Phase 1 Initialization | Checksum: 13338308e

Time (s): cpu = 00:00:00.05 ; elapsed = 00:00:00.06 . Memory (MB): peak = 4034.305 ; gain = 0.000 ; free physical = 13681 ; free virtual = 102232

Phase 2 Timer Update And Timing Data Collection

Phase 2.1 Timer Update
Phase 2.1 Timer Update | Checksum: 13338308e

Time (s): cpu = 00:00:05 ; elapsed = 00:00:01 . Memory (MB): peak = 4034.305 ; gain = 0.000 ; free physical = 13749 ; free virtual = 102301

Phase 2.2 Timing Data Collection
Phase 2.2 Timing Data Collection | Checksum: 13338308e

Time (s): cpu = 00:00:05 ; elapsed = 00:00:01 . Memory (MB): peak = 4034.305 ; gain = 0.000 ; free physical = 13740 ; free virtual = 102291
Phase 2 Timer Update And Timing Data Collection | Checksum: 13338308e

Time (s): cpu = 00:00:05 ; elapsed = 00:00:01 . Memory (MB): peak = 4034.305 ; gain = 0.000 ; free physical = 13740 ; free virtual = 102291

Phase 3 Retarget
INFO: [Opt 31-1566] Pulled 1 inverters resulting in an inversion of 7 pins
INFO: [Opt 31-138] Pushed 0 inverter(s) to 0 load pin(s).
INFO: [Opt 31-49] Retargeted 0 cell(s).
Phase 3 Retarget | Checksum: 968a0f16

Time (s): cpu = 00:00:06 ; elapsed = 00:00:03 . Memory (MB): peak = 4034.305 ; gain = 0.000 ; free physical = 13702 ; free virtual = 102254
Retarget | Checksum: 968a0f16
INFO: [Opt 31-389] Phase Retarget created 0 cells and removed 1 cells

Phase 4 Constant propagation
INFO: [Opt 31-138] Pushed 0 inverter(s) to 0 load pin(s).
Phase 4 Constant propagation | Checksum: 44bf1308

Time (s): cpu = 00:00:07 ; elapsed = 00:00:03 . Memory (MB): peak = 4034.305 ; gain = 0.000 ; free physical = 13695 ; free virtual = 102246
Constant propagation | Checksum: 44bf1308
INFO: [Opt 31-389] Phase Constant propagation created 0 cells and removed 0 cells

Phase 5 Sweep
Phase 5 Sweep | Checksum: df7f650e

Time (s): cpu = 00:00:08 ; elapsed = 00:00:04 . Memory (MB): peak = 4034.305 ; gain = 0.000 ; free physical = 13690 ; free virtual = 102241
Sweep | Checksum: df7f650e
INFO: [Opt 31-389] Phase Sweep created 0 cells and removed 0 cells

Phase 6 BUFG optimization
INFO: [Opt 31-1077] Phase BUFG optimization inserted 0 global clock buffer(s) for CLOCK_LOW_FANOUT.
Phase 6 BUFG optimization | Checksum: df7f650e

Time (s): cpu = 00:00:08 ; elapsed = 00:00:05 . Memory (MB): peak = 4066.320 ; gain = 32.016 ; free physical = 13689 ; free virtual = 102240
BUFG optimization | Checksum: df7f650e
INFO: [Opt 31-662] Phase BUFG optimization created 0 cells of which 0 are BUFGs and removed 0 cells.

Phase 7 Shift Register Optimization
INFO: [Opt 31-1064] SRL Remap converted 0 SRLs to 0 registers and converted 0 registers of register chains to 0 SRLs
Phase 7 Shift Register Optimization | Checksum: df7f650e

Time (s): cpu = 00:00:09 ; elapsed = 00:00:05 . Memory (MB): peak = 4066.320 ; gain = 32.016 ; free physical = 13689 ; free virtual = 102240
Shift Register Optimization | Checksum: df7f650e
INFO: [Opt 31-389] Phase Shift Register Optimization created 0 cells and removed 0 cells

Phase 8 Post Processing Netlist
Phase 8 Post Processing Netlist | Checksum: df7f650e

Time (s): cpu = 00:00:09 ; elapsed = 00:00:05 . Memory (MB): peak = 4066.320 ; gain = 32.016 ; free physical = 13689 ; free virtual = 102240
Post Processing Netlist | Checksum: df7f650e
INFO: [Opt 31-389] Phase Post Processing Netlist created 0 cells and removed 0 cells

Phase 9 Finalization

Phase 9.1 Finalizing Design Cores and Updating Shapes
Phase 9.1 Finalizing Design Cores and Updating Shapes | Checksum: 12b9834dc

Time (s): cpu = 00:00:12 ; elapsed = 00:00:08 . Memory (MB): peak = 4066.320 ; gain = 32.016 ; free physical = 13544 ; free virtual = 102096

Phase 9.2 Verifying Netlist Connectivity

Starting Connectivity Check Task

Time (s): cpu = 00:00:00.16 ; elapsed = 00:00:00.15 . Memory (MB): peak = 4066.320 ; gain = 0.000 ; free physical = 13547 ; free virtual = 102098
Phase 9.2 Verifying Netlist Connectivity | Checksum: 12b9834dc

Time (s): cpu = 00:00:12 ; elapsed = 00:00:08 . Memory (MB): peak = 4066.320 ; gain = 32.016 ; free physical = 13547 ; free virtual = 102098
Phase 9 Finalization | Checksum: 12b9834dc

Time (s): cpu = 00:00:12 ; elapsed = 00:00:08 . Memory (MB): peak = 4066.320 ; gain = 32.016 ; free physical = 13571 ; free virtual = 102122
Opt_design Change Summary
=========================


-------------------------------------------------------------------------------------------------------------------------
|  Phase                        |  #Cells created  |  #Cells Removed  |  #Constrained objects preventing optimizations  |
-------------------------------------------------------------------------------------------------------------------------
|  Retarget                     |               0  |               1  |                                              0  |
|  Constant propagation         |               0  |               0  |                                              0  |
|  Sweep                        |               0  |               0  |                                              0  |
|  BUFG optimization            |               0  |               0  |                                              0  |
|  Shift Register Optimization  |               0  |               0  |                                              0  |
|  Post Processing Netlist      |               0  |               0  |                                              0  |
-------------------------------------------------------------------------------------------------------------------------


Ending Logic Optimization Task | Checksum: 12b9834dc

Time (s): cpu = 00:00:12 ; elapsed = 00:00:08 . Memory (MB): peak = 4066.320 ; gain = 32.016 ; free physical = 13571 ; free virtual = 102122
INFO: [Constraints 18-11670] Building netlist checker database with flags, 0x8
Done building netlist checker database: Time (s): cpu = 00:00:00.02 ; elapsed = 00:00:00.03 . Memory (MB): peak = 4066.320 ; gain = 0.000 ; free physical = 13571 ; free virtual = 102122

Starting Power Optimization Task
INFO: [Pwropt 34-132] Skipping clock gating for clocks with a period < 2.00 ns.
Ending Power Optimization Task | Checksum: 12b9834dc

Time (s): cpu = 00:00:00.06 ; elapsed = 00:00:00.05 . Memory (MB): peak = 4066.320 ; gain = 0.000 ; free physical = 13571 ; free virtual = 102122

Starting Final Cleanup Task
Ending Final Cleanup Task | Checksum: 12b9834dc

Time (s): cpu = 00:00:00 ; elapsed = 00:00:00.01 . Memory (MB): peak = 4066.320 ; gain = 0.000 ; free physical = 13571 ; free virtual = 102122

Starting Netlist Obfuscation Task
Netlist sorting complete. Time (s): cpu = 00:00:00.01 ; elapsed = 00:00:00.01 . Memory (MB): peak = 4066.320 ; gain = 0.000 ; free physical = 13571 ; free virtual = 102122
Ending Netlist Obfuscation Task | Checksum: 12b9834dc

Time (s): cpu = 00:00:00.02 ; elapsed = 00:00:00.02 . Memory (MB): peak = 4066.320 ; gain = 0.000 ; free physical = 13571 ; free virtual = 102122
INFO: [Common 17-83] Releasing license: Implementation
20 Infos, 0 Warnings, 0 Critical Warnings and 0 Errors encountered.
opt_design completed successfully
opt_design: Time (s): cpu = 00:00:26 ; elapsed = 00:00:16 . Memory (MB): peak = 4066.320 ; gain = 435.480 ; free physical = 13571 ; free virtual = 102122
# place_design
Command: place_design
Attempting to get a license for feature 'Implementation' and/or device 'xcu280'
INFO: [Common 17-349] Got license for feature 'Implementation' and/or device 'xcu280'
INFO: [Common 17-83] Releasing license: Implementation
INFO: [DRC 23-27] Running DRC with 8 threads
INFO: [Vivado_Tcl 4-198] DRC finished with 0 Errors
INFO: [Vivado_Tcl 4-199] Please refer to the DRC report (report_drc) for more information.
Running DRC as a precondition to command place_design
INFO: [DRC 23-27] Running DRC with 8 threads
INFO: [Vivado_Tcl 4-198] DRC finished with 0 Errors
INFO: [Vivado_Tcl 4-199] Please refer to the DRC report (report_drc) for more information.
INFO: [Place 30-611] Multithreading enabled for place_design using a maximum of 8 CPUs

Starting Placer Task

Phase 1 Placer Initialization

Phase 1.1 Placer Initialization Netlist Sorting
Netlist sorting complete. Time (s): cpu = 00:00:00.01 ; elapsed = 00:00:00.01 . Memory (MB): peak = 4098.336 ; gain = 0.000 ; free physical = 13495 ; free virtual = 102050
Phase 1.1 Placer Initialization Netlist Sorting | Checksum: 4bb9b0a4

Time (s): cpu = 00:00:00.03 ; elapsed = 00:00:00.04 . Memory (MB): peak = 4098.336 ; gain = 0.000 ; free physical = 13491 ; free virtual = 102047
Netlist sorting complete. Time (s): cpu = 00:00:00.01 ; elapsed = 00:00:00.01 . Memory (MB): peak = 4098.336 ; gain = 0.000 ; free physical = 13493 ; free virtual = 102048

Phase 1.2 IO Placement/ Clock Placement/ Build Placer Device
INFO: [Timing 38-35] Done setting XDC timing constraints.
Phase 1.2 IO Placement/ Clock Placement/ Build Placer Device | Checksum: 72143c1d

Time (s): cpu = 00:00:43 ; elapsed = 00:00:37 . Memory (MB): peak = 4821.625 ; gain = 723.289 ; free physical = 12283 ; free virtual = 100845

Phase 1.3 Build Placer Netlist Model
Phase 1.3 Build Placer Netlist Model | Checksum: 9f65d5bb

Time (s): cpu = 00:01:12 ; elapsed = 00:00:51 . Memory (MB): peak = 5272.762 ; gain = 1174.426 ; free physical = 11492 ; free virtual = 100057

Phase 1.4 Constrain Clocks/Macros
Phase 1.4 Constrain Clocks/Macros | Checksum: 9f65d5bb

Time (s): cpu = 00:01:12 ; elapsed = 00:00:51 . Memory (MB): peak = 5272.762 ; gain = 1174.426 ; free physical = 11490 ; free virtual = 100055
Phase 1 Placer Initialization | Checksum: 9f65d5bb

Time (s): cpu = 00:01:13 ; elapsed = 00:00:51 . Memory (MB): peak = 5272.762 ; gain = 1174.426 ; free physical = 11480 ; free virtual = 100045

Phase 2 Global Placement

Phase 2.1 Floorplanning

Phase 2.1.1 Partition Driven Placement

Phase 2.1.1.1 PBP: Partition Driven Placement
Phase 2.1.1.1 PBP: Partition Driven Placement | Checksum: d5f8bae2

Time (s): cpu = 00:01:39 ; elapsed = 00:01:03 . Memory (MB): peak = 5276.121 ; gain = 1177.785 ; free physical = 10572 ; free virtual = 99139

Phase 2.1.1.2 PBP: Clock Region Placement
INFO: [Place 30-3164] Check ILP status : ILP-based clock placer is skipped.
Phase 2.1.1.2 PBP: Clock Region Placement | Checksum: d5f8bae2

Time (s): cpu = 00:01:40 ; elapsed = 00:01:03 . Memory (MB): peak = 5276.121 ; gain = 1177.785 ; free physical = 10408 ; free virtual = 98975

Phase 2.1.1.3 PBP: Compute Congestion
Phase 2.1.1.3 PBP: Compute Congestion | Checksum: d5f8bae2

Time (s): cpu = 00:02:17 ; elapsed = 00:01:15 . Memory (MB): peak = 5819.105 ; gain = 1720.770 ; free physical = 8730 ; free virtual = 97112

Phase 2.1.1.4 PBP: UpdateTiming
Phase 2.1.1.4 PBP: UpdateTiming | Checksum: ee8caab2

Time (s): cpu = 00:02:23 ; elapsed = 00:01:17 . Memory (MB): peak = 5851.121 ; gain = 1752.785 ; free physical = 7822 ; free virtual = 95855

Phase 2.1.1.5 PBP: Add part constraints
Phase 2.1.1.5 PBP: Add part constraints | Checksum: ee8caab2

Time (s): cpu = 00:02:23 ; elapsed = 00:01:17 . Memory (MB): peak = 5851.121 ; gain = 1752.785 ; free physical = 7815 ; free virtual = 95848
Phase 2.1.1 Partition Driven Placement | Checksum: ee8caab2

Time (s): cpu = 00:02:23 ; elapsed = 00:01:17 . Memory (MB): peak = 5851.121 ; gain = 1752.785 ; free physical = 7785 ; free virtual = 95810
Phase 2.1 Floorplanning | Checksum: 158d2e594

Time (s): cpu = 00:02:23 ; elapsed = 00:01:17 . Memory (MB): peak = 5851.121 ; gain = 1752.785 ; free physical = 7755 ; free virtual = 95775

Phase 2.2 Physical Synthesis After Floorplan
INFO: [Physopt 32-775] End 1 Pass. Optimized 0 net or cell. Created 0 new cell, deleted 0 existing cell and moved 0 existing cell
Netlist sorting complete. Time (s): cpu = 00:00:00.01 ; elapsed = 00:00:00.01 . Memory (MB): peak = 5851.121 ; gain = 0.000 ; free physical = 7228 ; free virtual = 94923

Summary of Physical Synthesis Optimizations
============================================


-----------------------------------------------------------------------------------------------------------------------------------------------
|  Optimization                         |  Added Cells  |  Removed Cells  |  Optimized Cells/Nets  |  Dont Touch  |  Iterations  |  Elapsed   |
-----------------------------------------------------------------------------------------------------------------------------------------------
|  PSIP Post Floorplan SLR Replication  |            0  |              0  |                     0  |           0  |           1  |  00:00:01  |
|  Total                                |            0  |              0  |                     0  |           0  |           1  |  00:00:01  |
-----------------------------------------------------------------------------------------------------------------------------------------------


Phase 2.2 Physical Synthesis After Floorplan | Checksum: 158d2e594

Time (s): cpu = 00:02:24 ; elapsed = 00:01:18 . Memory (MB): peak = 5851.121 ; gain = 1752.785 ; free physical = 7222 ; free virtual = 94913

Phase 2.3 Update Timing before SLR Path Opt
Phase 2.3 Update Timing before SLR Path Opt | Checksum: 158d2e594

Time (s): cpu = 00:02:25 ; elapsed = 00:01:18 . Memory (MB): peak = 5851.121 ; gain = 1752.785 ; free physical = 7220 ; free virtual = 94905

Phase 2.4 Post-Processing in Floorplanning
Phase 2.4 Post-Processing in Floorplanning | Checksum: 7cf0bba8

Time (s): cpu = 00:02:25 ; elapsed = 00:01:19 . Memory (MB): peak = 5851.121 ; gain = 1752.785 ; free physical = 7471 ; free virtual = 95146

Phase 2.5 Global Placement Core

Phase 2.5.1 UpdateTiming Before Physical Synthesis
Phase 2.5.1 UpdateTiming Before Physical Synthesis | Checksum: 14ea21a12

Time (s): cpu = 00:05:46 ; elapsed = 00:02:42 . Memory (MB): peak = 6453.156 ; gain = 2354.820 ; free physical = 18464 ; free virtual = 99245

Phase 2.5.2 Physical Synthesis In Placer
INFO: [Physopt 32-1035] Found 218 LUTNM shape to break, 1843 LUT instances to create LUTNM shape
INFO: [Physopt 32-1044] Break lutnm for timing: one critical 89, two critical 129, total 218, new lutff created 0
INFO: [Physopt 32-1138] End 1 Pass. Optimized 776 nets or LUTs. Breaked 218 LUTs, combined 558 existing LUTs and moved 0 existing LUT
INFO: [Physopt 32-1030] Pass 1. Identified 28 candidate driver sets for equivalent driver rewiring.
INFO: [Physopt 32-661] Optimized 8 nets.  Re-placed 49 instances.
INFO: [Physopt 32-775] End 1 Pass. Optimized 8 nets or cells. Created 0 new cell, deleted 2 existing cells and moved 49 existing cells
Netlist sorting complete. Time (s): cpu = 00:00:00.17 ; elapsed = 00:00:00.17 . Memory (MB): peak = 6453.156 ; gain = 0.000 ; free physical = 17638 ; free virtual = 98434
INFO: [Physopt 32-1132] Very high fanout net 'accs_0/Q[4]' is not considered as a candidate in VHFN optimzation. The fanout considered for this optimization is changed from 1538 to 259 due to a timing constraint that prevent optimization on all of the loads. To force replication, set the FORCE_MAX_FANOUT property on the net to a number less than 259.
INFO: [Physopt 32-76] Pass 1. Identified 3 candidate nets for fanout optimization.
INFO: [Physopt 32-81] Processed net accs_0/pipelined_writes_0_bits_acc. Replicated 5 times.
INFO: [Physopt 32-81] Processed net accs_0/pipelined_writes_0_valid. Replicated 5 times.
INFO: [Physopt 32-81] Processed net accs_1/pipelined_writes_0_valid_reg_0. Replicated 5 times.
INFO: [Physopt 32-232] Optimized 3 nets. Created 15 new instances.
INFO: [Physopt 32-775] End 1 Pass. Optimized 3 nets or cells. Created 15 new cells, deleted 0 existing cell and moved 0 existing cell
Netlist sorting complete. Time (s): cpu = 00:00:00.08 ; elapsed = 00:00:00.09 . Memory (MB): peak = 6453.156 ; gain = 0.000 ; free physical = 17327 ; free virtual = 98123
INFO: [Physopt 32-456] No candidate cells for DSP register optimization found in the design.
INFO: [Physopt 32-775] End 2 Pass. Optimized 0 net or cell. Created 0 new cell, deleted 0 existing cell and moved 0 existing cell
INFO: [Physopt 32-1123] No candidate cells found for Shift Register to Pipeline optimization
INFO: [Physopt 32-775] End 2 Pass. Optimized 0 net or cell. Created 0 new cell, deleted 0 existing cell and moved 0 existing cell
INFO: [Physopt 32-1402] Pass 1: Identified 1 candidate cell for Shift Register optimization.
INFO: [Physopt 32-775] End 1 Pass. Optimized 1 net or cell. Created 1 new cell, deleted 0 existing cell and moved 0 existing cell
Netlist sorting complete. Time (s): cpu = 00:00:00.03 ; elapsed = 00:00:00.03 . Memory (MB): peak = 6453.156 ; gain = 0.000 ; free physical = 17232 ; free virtual = 98063
INFO: [Physopt 32-526] No candidate cells for BRAM register optimization found in the design
INFO: [Physopt 32-775] End 1 Pass. Optimized 0 net or cell. Created 0 new cell, deleted 0 existing cell and moved 0 existing cell
INFO: [Physopt 32-846] No candidate cells for URAM register optimization found in the design
INFO: [Physopt 32-775] End 1 Pass. Optimized 0 net or cell. Created 0 new cell, deleted 0 existing cell and moved 0 existing cell
INFO: [Physopt 32-846] No candidate cells for URAM register optimization found in the design
INFO: [Physopt 32-775] End 1 Pass. Optimized 0 net or cell. Created 0 new cell, deleted 0 existing cell and moved 0 existing cell
INFO: [Physopt 32-949] No candidate nets found for dynamic/static region interface net replication
INFO: [Physopt 32-775] End 1 Pass. Optimized 0 net or cell. Created 0 new cell, deleted 0 existing cell and moved 0 existing cell
Netlist sorting complete. Time (s): cpu = 00:00:00.02 ; elapsed = 00:00:00.01 . Memory (MB): peak = 6453.156 ; gain = 0.000 ; free physical = 17269 ; free virtual = 98065
INFO: [Physopt 32-68] No nets found for critical-cell optimization.
INFO: [Physopt 32-232] Optimized 0 net. Created 0 new instance.
INFO: [Physopt 32-775] End 1 Pass. Optimized 0 net or cell. Created 0 new cell, deleted 0 existing cell and moved 0 existing cell
Netlist sorting complete. Time (s): cpu = 00:00:00.01 ; elapsed = 00:00:00.01 . Memory (MB): peak = 6453.156 ; gain = 0.000 ; free physical = 17271 ; free virtual = 98067

Summary of Physical Synthesis Optimizations
============================================


-----------------------------------------------------------------------------------------------------------------------------------------------------------
|  Optimization                                     |  Added Cells  |  Removed Cells  |  Optimized Cells/Nets  |  Dont Touch  |  Iterations  |  Elapsed   |
-----------------------------------------------------------------------------------------------------------------------------------------------------------
|  LUT Combining                                    |          218  |            558  |                   776  |           0  |           1  |  00:00:01  |
|  Retime                                           |            0  |              0  |                     0  |           0  |           1  |  00:00:00  |
|  Equivalent Driver Rewiring                       |            0  |              2  |                     8  |           0  |           1  |  00:00:02  |
|  Very High Fanout                                 |           15  |              0  |                     3  |           0  |           1  |  00:00:01  |
|  DSP Register                                     |            0  |              0  |                     0  |           0  |           1  |  00:00:00  |
|  Shift Register to Pipeline                       |            0  |              0  |                     0  |           0  |           1  |  00:00:00  |
|  Shift Register                                   |            1  |              0  |                     1  |           0  |           1  |  00:00:00  |
|  BRAM Register                                    |            0  |              0  |                     0  |           0  |           1  |  00:00:00  |
|  URAM Register                                    |            0  |              0  |                     0  |           0  |           1  |  00:00:00  |
|  Dynamic/Static Region Interface Net Replication  |            0  |              0  |                     0  |           0  |           1  |  00:00:00  |
|  Critical Cell                                    |            0  |              0  |                     0  |           0  |           1  |  00:00:00  |
|  Total                                            |          234  |            560  |                   788  |           0  |          11  |  00:00:04  |
-----------------------------------------------------------------------------------------------------------------------------------------------------------


Phase 2.5.2 Physical Synthesis In Placer | Checksum: 7f91ac1f

Time (s): cpu = 00:05:58 ; elapsed = 00:02:51 . Memory (MB): peak = 6453.156 ; gain = 2354.820 ; free physical = 17047 ; free virtual = 97849
Phase 2.5 Global Placement Core | Checksum: 10020dbe2

Time (s): cpu = 00:07:16 ; elapsed = 00:03:17 . Memory (MB): peak = 6453.156 ; gain = 2354.820 ; free physical = 14210 ; free virtual = 95023
Phase 2 Global Placement | Checksum: 10020dbe2

Time (s): cpu = 00:07:16 ; elapsed = 00:03:17 . Memory (MB): peak = 6453.156 ; gain = 2354.820 ; free physical = 14210 ; free virtual = 95023

Phase 3 Detail Placement

Phase 3.1 Commit Multi Column Macros
Phase 3.1 Commit Multi Column Macros | Checksum: f46d56d6

Time (s): cpu = 00:08:01 ; elapsed = 00:03:30 . Memory (MB): peak = 6453.156 ; gain = 2354.820 ; free physical = 17887 ; free virtual = 98701

Phase 3.2 Commit Most Macros & LUTRAMs
Phase 3.2 Commit Most Macros & LUTRAMs | Checksum: 148525bef

Time (s): cpu = 00:08:17 ; elapsed = 00:03:37 . Memory (MB): peak = 6453.156 ; gain = 2354.820 ; free physical = 18126 ; free virtual = 98942

Phase 3.3 Small Shape DP

Phase 3.3.1 Small Shape Clustering
Phase 3.3.1 Small Shape Clustering | Checksum: 149407bf6

Time (s): cpu = 00:09:12 ; elapsed = 00:03:55 . Memory (MB): peak = 6453.156 ; gain = 2354.820 ; free physical = 21787 ; free virtual = 102691

Phase 3.3.2 Slice Area Swap

Phase 3.3.2.1 Slice Area Swap Initial
Phase 3.3.2.1 Slice Area Swap Initial | Checksum: 152fa1971

Time (s): cpu = 00:09:18 ; elapsed = 00:04:00 . Memory (MB): peak = 6453.156 ; gain = 2354.820 ; free physical = 20576 ; free virtual = 101481
Phase 3.3.2 Slice Area Swap | Checksum: 1eb450591

Time (s): cpu = 00:09:21 ; elapsed = 00:04:02 . Memory (MB): peak = 6453.156 ; gain = 2354.820 ; free physical = 20619 ; free virtual = 101536
Phase 3.3 Small Shape DP | Checksum: effc64b8

Time (s): cpu = 00:09:32 ; elapsed = 00:04:06 . Memory (MB): peak = 6453.156 ; gain = 2354.820 ; free physical = 20268 ; free virtual = 101186

Phase 3.4 Re-assign LUT pins
Phase 3.4 Re-assign LUT pins | Checksum: 18629a8ad

Time (s): cpu = 00:09:36 ; elapsed = 00:04:10 . Memory (MB): peak = 6453.156 ; gain = 2354.820 ; free physical = 18941 ; free virtual = 99861

Phase 3.5 Pipeline Register Optimization
Phase 3.5 Pipeline Register Optimization | Checksum: 15b1a2429

Time (s): cpu = 00:09:37 ; elapsed = 00:04:10 . Memory (MB): peak = 6453.156 ; gain = 2354.820 ; free physical = 18219 ; free virtual = 99138
Phase 3 Detail Placement | Checksum: 15b1a2429

Time (s): cpu = 00:09:37 ; elapsed = 00:04:11 . Memory (MB): peak = 6453.156 ; gain = 2354.820 ; free physical = 18087 ; free virtual = 99007

Phase 4 Post Placement Optimization and Clean-Up

Phase 4.1 Post Commit Optimization
INFO: [Timing 38-35] Done setting XDC timing constraints.

Phase 4.1.1 Post Placement Optimization
Post Placement Optimization Initialization | Checksum: 1ca36e3bb

Phase 4.1.1.1 BUFG Insertion

Starting Physical Synthesis Task

Phase 1 Physical Synthesis Initialization
INFO: [Physopt 32-721] Multithreading enabled for phys_opt_design using a maximum of 8 CPUs
INFO: [Physopt 32-619] Estimated Timing Summary | WNS=0.232 | TNS=0.000 |
Phase 1 Physical Synthesis Initialization | Checksum: 278ea80b0

Time (s): cpu = 00:00:03 ; elapsed = 00:00:00.89 . Memory (MB): peak = 6453.156 ; gain = 0.000 ; free physical = 12971 ; free virtual = 93910
INFO: [Place 46-32] Processed net mxu/transposer/pes_0_0/transposer_io_inRow_valid, BUFG insertion was skipped because the netlist editing failed.
INFO: [Place 46-56] BUFG insertion identified 1 candidate nets. Inserted BUFG: 0, Replicated BUFG Driver: 0, Skipped due to Placement/Routing Conflicts: 0, Skipped due to Timing Degradation: 0, Skipped due to netlist editing failed: 1.
Ending Physical Synthesis Task | Checksum: 278ea80b0

Time (s): cpu = 00:00:07 ; elapsed = 00:00:05 . Memory (MB): peak = 6453.156 ; gain = 0.000 ; free physical = 12661 ; free virtual = 93602
Phase 4.1.1.1 BUFG Insertion | Checksum: 1ca36e3bb

Time (s): cpu = 00:10:49 ; elapsed = 00:04:36 . Memory (MB): peak = 6453.156 ; gain = 2354.820 ; free physical = 12577 ; free virtual = 93520

Phase 4.1.1.2 BUFG Replication
INFO: [Place 46-63] BUFG replication identified 0 candidate nets: Replicated nets: 0, Replicated BUFGs: 0, Replicated BUFG Driver: 0, moved BUFGs: 0, Skipped due to Placement / Routing Conflict: 0, Skipped due to Timing: 0, Skipped due to constraints: 0
Phase 4.1.1.2 BUFG Replication | Checksum: 1ca36e3bb

Time (s): cpu = 00:10:50 ; elapsed = 00:04:36 . Memory (MB): peak = 6453.156 ; gain = 2354.820 ; free physical = 12578 ; free virtual = 93525

Phase 4.1.1.3 Post Placement Timing Optimization
INFO: [Place 30-746] Post Placement Timing Summary WNS=0.503. For the most accurate timing information please run report_timing.
Phase 4.1.1.3 Post Placement Timing Optimization | Checksum: 1cec4542b

Time (s): cpu = 00:11:10 ; elapsed = 00:04:56 . Memory (MB): peak = 6453.156 ; gain = 2354.820 ; free physical = 11788 ; free virtual = 92632

Phase 4.1.1.4 Replication
INFO: [Place 46-19] Post Replication Timing Summary WNS=0.503. For the most accurate timing information please run report_timing.
Phase 4.1.1.4 Replication | Checksum: 1cec4542b

Time (s): cpu = 00:11:10 ; elapsed = 00:04:57 . Memory (MB): peak = 6453.156 ; gain = 2354.820 ; free physical = 12081 ; free virtual = 92925

Time (s): cpu = 00:11:10 ; elapsed = 00:04:57 . Memory (MB): peak = 6453.156 ; gain = 2354.820 ; free physical = 12082 ; free virtual = 92926
Phase 4.1 Post Commit Optimization | Checksum: 1cec4542b

Time (s): cpu = 00:11:11 ; elapsed = 00:04:57 . Memory (MB): peak = 6453.156 ; gain = 2354.820 ; free physical = 12078 ; free virtual = 92923

Phase 4.2 Post Placement Cleanup
Phase 4.2 Post Placement Cleanup | Checksum: 1cec4542b

Time (s): cpu = 00:12:19 ; elapsed = 00:05:43 . Memory (MB): peak = 6453.156 ; gain = 2354.820 ; free physical = 14212 ; free virtual = 95129

Phase 4.3 Placer Reporting

Phase 4.3.1 Print Estimated Congestion
INFO: [Place 30-612] Post-Placement Estimated Congestion 
 ________________________________________________________________________
|           | Global Congestion | Long Congestion   | Short Congestion  |
| Direction | Region Size       | Region Size       | Region Size       |
|___________|___________________|___________________|___________________|
|      North|                1x1|                1x1|                1x1|
|___________|___________________|___________________|___________________|
|      South|                1x1|                1x1|                1x1|
|___________|___________________|___________________|___________________|
|       East|                1x1|                1x1|                2x2|
|___________|___________________|___________________|___________________|
|       West|                1x1|                1x1|                1x1|
|___________|___________________|___________________|___________________|

SLR0:
 ________________________________________________________________________
|           | Global Congestion | Long Congestion   | Short Congestion  |
| Direction | Region Size       | Region Size       | Region Size       |
|___________|___________________|___________________|___________________|
|      North|                1x1|                1x1|                1x1|
|___________|___________________|___________________|___________________|
|      South|                1x1|                1x1|                1x1|
|___________|___________________|___________________|___________________|
|       East|                1x1|                1x1|                2x2|
|___________|___________________|___________________|___________________|
|       West|                1x1|                1x1|                1x1|
|___________|___________________|___________________|___________________|

SLR1:
 ________________________________________________________________________
|           | Global Congestion | Long Congestion   | Short Congestion  |
| Direction | Region Size       | Region Size       | Region Size       |
|___________|___________________|___________________|___________________|
|      North|                1x1|                1x1|                1x1|
|___________|___________________|___________________|___________________|
|      South|                1x1|                1x1|                1x1|
|___________|___________________|___________________|___________________|
|       East|                1x1|                1x1|                1x1|
|___________|___________________|___________________|___________________|
|       West|                1x1|                1x1|                1x1|
|___________|___________________|___________________|___________________|

SLR2:
 ________________________________________________________________________
|           | Global Congestion | Long Congestion   | Short Congestion  |
| Direction | Region Size       | Region Size       | Region Size       |
|___________|___________________|___________________|___________________|
|      North|                1x1|                1x1|                1x1|
|___________|___________________|___________________|___________________|
|      South|                1x1|                1x1|                1x1|
|___________|___________________|___________________|___________________|
|       East|                1x1|                1x1|                1x1|
|___________|___________________|___________________|___________________|
|       West|                1x1|                1x1|                1x1|
|___________|___________________|___________________|___________________|

Phase 4.3.1 Print Estimated Congestion | Checksum: 1cec4542b

Time (s): cpu = 00:12:20 ; elapsed = 00:05:43 . Memory (MB): peak = 6453.156 ; gain = 2354.820 ; free physical = 14193 ; free virtual = 95111
Phase 4.3 Placer Reporting | Checksum: 1cec4542b

Time (s): cpu = 00:12:20 ; elapsed = 00:05:44 . Memory (MB): peak = 6453.156 ; gain = 2354.820 ; free physical = 14208 ; free virtual = 95126

Phase 4.4 Final Placement Cleanup
Netlist sorting complete. Time (s): cpu = 00:00:00.01 ; elapsed = 00:00:00.02 . Memory (MB): peak = 6453.156 ; gain = 0.000 ; free physical = 14206 ; free virtual = 95123

Time (s): cpu = 00:12:20 ; elapsed = 00:05:44 . Memory (MB): peak = 6453.156 ; gain = 2354.820 ; free physical = 14206 ; free virtual = 95123
Phase 4 Post Placement Optimization and Clean-Up | Checksum: 1573e8066

Time (s): cpu = 00:12:20 ; elapsed = 00:05:44 . Memory (MB): peak = 6453.156 ; gain = 2354.820 ; free physical = 14207 ; free virtual = 95125
Ending Placer Task | Checksum: 123db7e53

Time (s): cpu = 00:12:21 ; elapsed = 00:05:45 . Memory (MB): peak = 6453.156 ; gain = 2354.820 ; free physical = 14204 ; free virtual = 95122
51 Infos, 0 Warnings, 0 Critical Warnings and 0 Errors encountered.
place_design completed successfully
place_design: Time (s): cpu = 00:12:28 ; elapsed = 00:05:47 . Memory (MB): peak = 6453.156 ; gain = 2386.836 ; free physical = 14187 ; free virtual = 95105
# phys_opt_design
Command: phys_opt_design
Attempting to get a license for feature 'Implementation' and/or device 'xcu280'
INFO: [Common 17-349] Got license for feature 'Implementation' and/or device 'xcu280'

Starting Initial Update Timing Task
WARNING: [Timing 38-242] The property HD.CLK_SRC of clock port "clock" is not set. In out-of-context mode, this prevents timing estimation for clock delay/skew
Resolution: Set the HD.CLK_SRC property of the out-of-context port to the location of the clock buffer instance in the top-level design

Time (s): cpu = 00:00:23 ; elapsed = 00:00:05 . Memory (MB): peak = 6453.156 ; gain = 0.000 ; free physical = 13919 ; free virtual = 94837
INFO: [Vivado_Tcl 4-383] Design worst setup slack (WNS) is greater than or equal to 0.000 ns. Skipping all physical synthesis optimizations.
INFO: [Vivado_Tcl 4-232] No setup violation found. The netlist was not modified.
INFO: [Common 17-83] Releasing license: Implementation
4 Infos, 1 Warnings, 0 Critical Warnings and 0 Errors encountered.
phys_opt_design completed successfully
phys_opt_design: Time (s): cpu = 00:00:24 ; elapsed = 00:00:06 . Memory (MB): peak = 6453.156 ; gain = 0.000 ; free physical = 13919 ; free virtual = 94837
# route_design
Command: route_design
Attempting to get a license for feature 'Implementation' and/or device 'xcu280'
INFO: [Common 17-349] Got license for feature 'Implementation' and/or device 'xcu280'
Running DRC as a precondition to command route_design
INFO: [DRC 23-27] Running DRC with 8 threads
INFO: [Vivado_Tcl 4-198] DRC finished with 0 Errors
INFO: [Vivado_Tcl 4-199] Please refer to the DRC report (report_drc) for more information.


Starting Routing Task
INFO: [Route 35-254] Multithreading enabled for route_design using a maximum of 8 CPUs

Phase 1 Build RT Design
Checksum: PlaceDB: f0abfa94 ConstDB: 0 ShapeSum: 332f83bf RouteDB: 0
Nodegraph reading from file.  Time (s): cpu = 00:00:02 ; elapsed = 00:00:02 . Memory (MB): peak = 6517.188 ; gain = 0.000 ; free physical = 13051 ; free virtual = 93968
WARNING: [Route 35-197] Clock port "clock" does not have an associated HD.CLK_SRC. Without this constraint, timing analysis may not be accurate and upstream checks cannot be done to ensure correct clock placement.
WARNING: [Route 35-198] Port "reset" does not have an associated HD.PARTPIN_LOCS, which will prevent the partial routing of the signal "reset". Without this partial route, timing analysis to/from this port will not be accurate, and no routing information for this port can be exported.
WARNING: [Route 35-198] Port "io_out_ready" does not have an associated HD.PARTPIN_LOCS, which will prevent the partial routing of the signal "io_out_ready". Without this partial route, timing analysis to/from this port will not be accurate, and no routing information for this port can be exported.
WARNING: [Route 35-198] Port "io_scale[0]" does not have an associated HD.PARTPIN_LOCS, which will prevent the partial routing of the signal "io_scale[0]". Without this partial route, timing analysis to/from this port will not be accurate, and no routing information for this port can be exported.
WARNING: [Route 35-198] Port "io_scale[1]" does not have an associated HD.PARTPIN_LOCS, which will prevent the partial routing of the signal "io_scale[1]". Without this partial route, timing analysis to/from this port will not be accurate, and no routing information for this port can be exported.
WARNING: [Route 35-198] Port "io_scale[4]" does not have an associated HD.PARTPIN_LOCS, which will prevent the partial routing of the signal "io_scale[4]". Without this partial route, timing analysis to/from this port will not be accurate, and no routing information for this port can be exported.
WARNING: [Route 35-198] Port "io_scale[3]" does not have an associated HD.PARTPIN_LOCS, which will prevent the partial routing of the signal "io_scale[3]". Without this partial route, timing analysis to/from this port will not be accurate, and no routing information for this port can be exported.
WARNING: [Route 35-198] Port "io_scale[2]" does not have an associated HD.PARTPIN_LOCS, which will prevent the partial routing of the signal "io_scale[2]". Without this partial route, timing analysis to/from this port will not be accurate, and no routing information for this port can be exported.
WARNING: [Route 35-198] Port "io_req_bits_tag_id[1]" does not have an associated HD.PARTPIN_LOCS, which will prevent the partial routing of the signal "io_req_bits_tag_id[1]". Without this partial route, timing analysis to/from this port will not be accurate, and no routing information for this port can be exported.
WARNING: [Route 35-198] Port "io_req_bits_tag_id[5]" does not have an associated HD.PARTPIN_LOCS, which will prevent the partial routing of the signal "io_req_bits_tag_id[5]". Without this partial route, timing analysis to/from this port will not be accurate, and no routing information for this port can be exported.
WARNING: [Route 35-198] Port "io_req_bits_tag_id[2]" does not have an associated HD.PARTPIN_LOCS, which will prevent the partial routing of the signal "io_req_bits_tag_id[2]". Without this partial route, timing analysis to/from this port will not be accurate, and no routing information for this port can be exported.
WARNING: [Route 35-198] Port "io_req_bits_tag_id[3]" does not have an associated HD.PARTPIN_LOCS, which will prevent the partial routing of the signal "io_req_bits_tag_id[3]". Without this partial route, timing analysis to/from this port will not be accurate, and no routing information for this port can be exported.
WARNING: [Route 35-198] Port "io_req_bits_tag_id[6]" does not have an associated HD.PARTPIN_LOCS, which will prevent the partial routing of the signal "io_req_bits_tag_id[6]". Without this partial route, timing analysis to/from this port will not be accurate, and no routing information for this port can be exported.
WARNING: [Route 35-198] Port "io_req_bits_tag_id[4]" does not have an associated HD.PARTPIN_LOCS, which will prevent the partial routing of the signal "io_req_bits_tag_id[4]". Without this partial route, timing analysis to/from this port will not be accurate, and no routing information for this port can be exported.
WARNING: [Route 35-198] Port "io_req_bits_tag_id[0]" does not have an associated HD.PARTPIN_LOCS, which will prevent the partial routing of the signal "io_req_bits_tag_id[0]". Without this partial route, timing analysis to/from this port will not be accurate, and no routing information for this port can be exported.
WARNING: [Route 35-198] Port "io_req_bits_tag_id[7]" does not have an associated HD.PARTPIN_LOCS, which will prevent the partial routing of the signal "io_req_bits_tag_id[7]". Without this partial route, timing analysis to/from this port will not be accurate, and no routing information for this port can be exported.
WARNING: [Route 35-198] Port "io_req_bits_flush[1]" does not have an associated HD.PARTPIN_LOCS, which will prevent the partial routing of the signal "io_req_bits_flush[1]". Without this partial route, timing analysis to/from this port will not be accurate, and no routing information for this port can be exported.
WARNING: [Route 35-198] Port "io_req_bits_flush[0]" does not have an associated HD.PARTPIN_LOCS, which will prevent the partial routing of the signal "io_req_bits_flush[0]". Without this partial route, timing analysis to/from this port will not be accurate, and no routing information for this port can be exported.
WARNING: [Route 35-198] Port "io_req_bits_pe_control_dataflow" does not have an associated HD.PARTPIN_LOCS, which will prevent the partial routing of the signal "io_req_bits_pe_control_dataflow". Without this partial route, timing analysis to/from this port will not be accurate, and no routing information for this port can be exported.
WARNING: [Route 35-198] Port "io_req_valid" does not have an associated HD.PARTPIN_LOCS, which will prevent the partial routing of the signal "io_req_valid". Without this partial route, timing analysis to/from this port will not be accurate, and no routing information for this port can be exported.
WARNING: [Route 35-198] Port "io_req_bits_pe_control_propagate" does not have an associated HD.PARTPIN_LOCS, which will prevent the partial routing of the signal "io_req_bits_pe_control_propagate". Without this partial route, timing analysis to/from this port will not be accurate, and no routing information for this port can be exported.
WARNING: [Route 35-198] Port "io_req_bits_total_rows[4]" does not have an associated HD.PARTPIN_LOCS, which will prevent the partial routing of the signal "io_req_bits_total_rows[4]". Without this partial route, timing analysis to/from this port will not be accurate, and no routing information for this port can be exported.
WARNING: [Route 35-198] Port "io_req_bits_total_rows[3]" does not have an associated HD.PARTPIN_LOCS, which will prevent the partial routing of the signal "io_req_bits_total_rows[3]". Without this partial route, timing analysis to/from this port will not be accurate, and no routing information for this port can be exported.
WARNING: [Route 35-198] Port "io_req_bits_total_rows[2]" does not have an associated HD.PARTPIN_LOCS, which will prevent the partial routing of the signal "io_req_bits_total_rows[2]". Without this partial route, timing analysis to/from this port will not be accurate, and no routing information for this port can be exported.
WARNING: [Route 35-198] Port "io_req_bits_total_rows[1]" does not have an associated HD.PARTPIN_LOCS, which will prevent the partial routing of the signal "io_req_bits_total_rows[1]". Without this partial route, timing analysis to/from this port will not be accurate, and no routing information for this port can be exported.
WARNING: [Route 35-198] Port "io_req_bits_total_rows[0]" does not have an associated HD.PARTPIN_LOCS, which will prevent the partial routing of the signal "io_req_bits_total_rows[0]". Without this partial route, timing analysis to/from this port will not be accurate, and no routing information for this port can be exported.
WARNING: [Route 35-198] Port "io_req_bits_a_transpose" does not have an associated HD.PARTPIN_LOCS, which will prevent the partial routing of the signal "io_req_bits_a_transpose". Without this partial route, timing analysis to/from this port will not be accurate, and no routing information for this port can be exported.
WARNING: [Route 35-198] Port "io_req_bits_bd_transpose" does not have an associated HD.PARTPIN_LOCS, which will prevent the partial routing of the signal "io_req_bits_bd_transpose". Without this partial route, timing analysis to/from this port will not be accurate, and no routing information for this port can be exported.
WARNING: [Route 35-198] Port "io_b_bits_1_0[6]" does not have an associated HD.PARTPIN_LOCS, which will prevent the partial routing of the signal "io_b_bits_1_0[6]". Without this partial route, timing analysis to/from this port will not be accurate, and no routing information for this port can be exported.
WARNING: [Route 35-198] Port "io_d_bits_14_0[6]" does not have an associated HD.PARTPIN_LOCS, which will prevent the partial routing of the signal "io_d_bits_14_0[6]". Without this partial route, timing analysis to/from this port will not be accurate, and no routing information for this port can be exported.
WARNING: [Route 35-198] Port "io_a_bits_1_0[6]" does not have an associated HD.PARTPIN_LOCS, which will prevent the partial routing of the signal "io_a_bits_1_0[6]". Without this partial route, timing analysis to/from this port will not be accurate, and no routing information for this port can be exported.
WARNING: [Route 35-198] Port "io_a_bits_11_0[6]" does not have an associated HD.PARTPIN_LOCS, which will prevent the partial routing of the signal "io_a_bits_11_0[6]". Without this partial route, timing analysis to/from this port will not be accurate, and no routing information for this port can be exported.
WARNING: [Route 35-198] Port "io_b_bits_11_0[6]" does not have an associated HD.PARTPIN_LOCS, which will prevent the partial routing of the signal "io_b_bits_11_0[6]". Without this partial route, timing analysis to/from this port will not be accurate, and no routing information for this port can be exported.
WARNING: [Route 35-198] Port "io_d_bits_4_0[6]" does not have an associated HD.PARTPIN_LOCS, which will prevent the partial routing of the signal "io_d_bits_4_0[6]". Without this partial route, timing analysis to/from this port will not be accurate, and no routing information for this port can be exported.
WARNING: [Route 35-198] Port "io_a_bits_12_0[6]" does not have an associated HD.PARTPIN_LOCS, which will prevent the partial routing of the signal "io_a_bits_12_0[6]". Without this partial route, timing analysis to/from this port will not be accurate, and no routing information for this port can be exported.
WARNING: [Route 35-198] Port "io_b_bits_12_0[6]" does not have an associated HD.PARTPIN_LOCS, which will prevent the partial routing of the signal "io_b_bits_12_0[6]". Without this partial route, timing analysis to/from this port will not be accurate, and no routing information for this port can be exported.
WARNING: [Route 35-198] Port "io_d_bits_3_0[6]" does not have an associated HD.PARTPIN_LOCS, which will prevent the partial routing of the signal "io_d_bits_3_0[6]". Without this partial route, timing analysis to/from this port will not be accurate, and no routing information for this port can be exported.
WARNING: [Route 35-198] Port "io_a_bits_7_0[6]" does not have an associated HD.PARTPIN_LOCS, which will prevent the partial routing of the signal "io_a_bits_7_0[6]". Without this partial route, timing analysis to/from this port will not be accurate, and no routing information for this port can be exported.
WARNING: [Route 35-198] Port "io_b_bits_7_0[6]" does not have an associated HD.PARTPIN_LOCS, which will prevent the partial routing of the signal "io_b_bits_7_0[6]". Without this partial route, timing analysis to/from this port will not be accurate, and no routing information for this port can be exported.
WARNING: [Route 35-198] Port "io_b_bits_10_0[7]" does not have an associated HD.PARTPIN_LOCS, which will prevent the partial routing of the signal "io_b_bits_10_0[7]". Without this partial route, timing analysis to/from this port will not be accurate, and no routing information for this port can be exported.
WARNING: [Route 35-198] Port "io_d_bits_8_0[6]" does not have an associated HD.PARTPIN_LOCS, which will prevent the partial routing of the signal "io_d_bits_8_0[6]". Without this partial route, timing analysis to/from this port will not be accurate, and no routing information for this port can be exported.
WARNING: [Route 35-198] Port "io_a_bits_10_0[6]" does not have an associated HD.PARTPIN_LOCS, which will prevent the partial routing of the signal "io_a_bits_10_0[6]". Without this partial route, timing analysis to/from this port will not be accurate, and no routing information for this port can be exported.
WARNING: [Route 35-198] Port "io_b_bits_10_0[6]" does not have an associated HD.PARTPIN_LOCS, which will prevent the partial routing of the signal "io_b_bits_10_0[6]". Without this partial route, timing analysis to/from this port will not be accurate, and no routing information for this port can be exported.
WARNING: [Route 35-198] Port "io_d_bits_5_0[6]" does not have an associated HD.PARTPIN_LOCS, which will prevent the partial routing of the signal "io_d_bits_5_0[6]". Without this partial route, timing analysis to/from this port will not be accurate, and no routing information for this port can be exported.
WARNING: [Route 35-198] Port "io_b_bits_2_0[6]" does not have an associated HD.PARTPIN_LOCS, which will prevent the partial routing of the signal "io_b_bits_2_0[6]". Without this partial route, timing analysis to/from this port will not be accurate, and no routing information for this port can be exported.
WARNING: [Route 35-198] Port "io_b_bits_12_0[7]" does not have an associated HD.PARTPIN_LOCS, which will prevent the partial routing of the signal "io_b_bits_12_0[7]". Without this partial route, timing analysis to/from this port will not be accurate, and no routing information for this port can be exported.
WARNING: [Route 35-198] Port "io_a_bits_15_0[6]" does not have an associated HD.PARTPIN_LOCS, which will prevent the partial routing of the signal "io_a_bits_15_0[6]". Without this partial route, timing analysis to/from this port will not be accurate, and no routing information for this port can be exported.
WARNING: [Route 35-198] Port "io_b_bits_15_0[6]" does not have an associated HD.PARTPIN_LOCS, which will prevent the partial routing of the signal "io_b_bits_15_0[6]". Without this partial route, timing analysis to/from this port will not be accurate, and no routing information for this port can be exported.
WARNING: [Route 35-198] Port "io_a_bits_3_0[6]" does not have an associated HD.PARTPIN_LOCS, which will prevent the partial routing of the signal "io_a_bits_3_0[6]". Without this partial route, timing analysis to/from this port will not be accurate, and no routing information for this port can be exported.
WARNING: [Route 35-198] Port "io_a_bits_14_0[6]" does not have an associated HD.PARTPIN_LOCS, which will prevent the partial routing of the signal "io_a_bits_14_0[6]". Without this partial route, timing analysis to/from this port will not be accurate, and no routing information for this port can be exported.
WARNING: [Route 35-198] Port "io_b_bits_3_0[6]" does not have an associated HD.PARTPIN_LOCS, which will prevent the partial routing of the signal "io_b_bits_3_0[6]". Without this partial route, timing analysis to/from this port will not be accurate, and no routing information for this port can be exported.
WARNING: [Route 35-198] Port "io_b_bits_14_0[6]" does not have an associated HD.PARTPIN_LOCS, which will prevent the partial routing of the signal "io_b_bits_14_0[6]". Without this partial route, timing analysis to/from this port will not be accurate, and no routing information for this port can be exported.
WARNING: [Route 35-198] Port "io_d_bits_1_0[6]" does not have an associated HD.PARTPIN_LOCS, which will prevent the partial routing of the signal "io_d_bits_1_0[6]". Without this partial route, timing analysis to/from this port will not be accurate, and no routing information for this port can be exported.
WARNING: [Route 35-198] Port "io_d_bits_12_0[6]" does not have an associated HD.PARTPIN_LOCS, which will prevent the partial routing of the signal "io_d_bits_12_0[6]". Without this partial route, timing analysis to/from this port will not be accurate, and no routing information for this port can be exported.
WARNING: [Route 35-198] Port "io_d_bits_9_0[6]" does not have an associated HD.PARTPIN_LOCS, which will prevent the partial routing of the signal "io_d_bits_9_0[6]". Without this partial route, timing analysis to/from this port will not be accurate, and no routing information for this port can be exported.
WARNING: [Route 35-198] Port "io_a_bits_10_0[7]" does not have an associated HD.PARTPIN_LOCS, which will prevent the partial routing of the signal "io_a_bits_10_0[7]". Without this partial route, timing analysis to/from this port will not be accurate, and no routing information for this port can be exported.
WARNING: [Route 35-198] Port "io_d_bits_5_0[7]" does not have an associated HD.PARTPIN_LOCS, which will prevent the partial routing of the signal "io_d_bits_5_0[7]". Without this partial route, timing analysis to/from this port will not be accurate, and no routing information for this port can be exported.
WARNING: [Route 35-198] Port "io_d_bits_7_0[6]" does not have an associated HD.PARTPIN_LOCS, which will prevent the partial routing of the signal "io_d_bits_7_0[6]". Without this partial route, timing analysis to/from this port will not be accurate, and no routing information for this port can be exported.
WARNING: [Route 35-198] Port "io_a_bits_9_0[6]" does not have an associated HD.PARTPIN_LOCS, which will prevent the partial routing of the signal "io_a_bits_9_0[6]". Without this partial route, timing analysis to/from this port will not be accurate, and no routing information for this port can be exported.
WARNING: [Route 35-198] Port "io_b_bits_9_0[6]" does not have an associated HD.PARTPIN_LOCS, which will prevent the partial routing of the signal "io_b_bits_9_0[6]". Without this partial route, timing analysis to/from this port will not be accurate, and no routing information for this port can be exported.
WARNING: [Route 35-198] Port "io_d_bits_6_0[6]" does not have an associated HD.PARTPIN_LOCS, which will prevent the partial routing of the signal "io_d_bits_6_0[6]". Without this partial route, timing analysis to/from this port will not be accurate, and no routing information for this port can be exported.
WARNING: [Route 35-198] Port "io_a_bits_2_0[6]" does not have an associated HD.PARTPIN_LOCS, which will prevent the partial routing of the signal "io_a_bits_2_0[6]". Without this partial route, timing analysis to/from this port will not be accurate, and no routing information for this port can be exported.
WARNING: [Route 35-198] Port "io_a_bits_12_0[7]" does not have an associated HD.PARTPIN_LOCS, which will prevent the partial routing of the signal "io_a_bits_12_0[7]". Without this partial route, timing analysis to/from this port will not be accurate, and no routing information for this port can be exported.
WARNING: [Route 35-198] Port "io_d_bits_0_0[6]" does not have an associated HD.PARTPIN_LOCS, which will prevent the partial routing of the signal "io_d_bits_0_0[6]". Without this partial route, timing analysis to/from this port will not be accurate, and no routing information for this port can be exported.
WARNING: [Route 35-198] Port "io_d_bits_3_0[7]" does not have an associated HD.PARTPIN_LOCS, which will prevent the partial routing of the signal "io_d_bits_3_0[7]". Without this partial route, timing analysis to/from this port will not be accurate, and no routing information for this port can be exported.
WARNING: [Route 35-198] Port "io_d_bits_13_0[6]" does not have an associated HD.PARTPIN_LOCS, which will prevent the partial routing of the signal "io_d_bits_13_0[6]". Without this partial route, timing analysis to/from this port will not be accurate, and no routing information for this port can be exported.
WARNING: [Route 35-198] Port "io_b_bits_8_0[7]" does not have an associated HD.PARTPIN_LOCS, which will prevent the partial routing of the signal "io_b_bits_8_0[7]". Without this partial route, timing analysis to/from this port will not be accurate, and no routing information for this port can be exported.
WARNING: [Route 35-198] Port "io_a_bits_11_0[7]" does not have an associated HD.PARTPIN_LOCS, which will prevent the partial routing of the signal "io_a_bits_11_0[7]". Without this partial route, timing analysis to/from this port will not be accurate, and no routing information for this port can be exported.
WARNING: [Route 35-198] Port "io_b_bits_11_0[7]" does not have an associated HD.PARTPIN_LOCS, which will prevent the partial routing of the signal "io_b_bits_11_0[7]". Without this partial route, timing analysis to/from this port will not be accurate, and no routing information for this port can be exported.
WARNING: [Route 35-198] Port "io_d_bits_4_0[7]" does not have an associated HD.PARTPIN_LOCS, which will prevent the partial routing of the signal "io_d_bits_4_0[7]". Without this partial route, timing analysis to/from this port will not be accurate, and no routing information for this port can be exported.
WARNING: [Route 35-198] Port "io_d_bits_11_0[6]" does not have an associated HD.PARTPIN_LOCS, which will prevent the partial routing of the signal "io_d_bits_11_0[6]". Without this partial route, timing analysis to/from this port will not be accurate, and no routing information for this port can be exported.
WARNING: [Route 35-198] Port "io_a_bits_5_0[6]" does not have an associated HD.PARTPIN_LOCS, which will prevent the partial routing of the signal "io_a_bits_5_0[6]". Without this partial route, timing analysis to/from this port will not be accurate, and no routing information for this port can be exported.
WARNING: [Route 35-198] Port "io_a_bits_6_0[6]" does not have an associated HD.PARTPIN_LOCS, which will prevent the partial routing of the signal "io_a_bits_6_0[6]". Without this partial route, timing analysis to/from this port will not be accurate, and no routing information for this port can be exported.
WARNING: [Route 35-198] Port "io_b_bits_5_0[6]" does not have an associated HD.PARTPIN_LOCS, which will prevent the partial routing of the signal "io_b_bits_5_0[6]". Without this partial route, timing analysis to/from this port will not be accurate, and no routing information for this port can be exported.
WARNING: [Route 35-198] Port "io_b_bits_6_0[6]" does not have an associated HD.PARTPIN_LOCS, which will prevent the partial routing of the signal "io_b_bits_6_0[6]". Without this partial route, timing analysis to/from this port will not be accurate, and no routing information for this port can be exported.
WARNING: [Route 35-198] Port "io_d_bits_2_0[6]" does not have an associated HD.PARTPIN_LOCS, which will prevent the partial routing of the signal "io_d_bits_2_0[6]". Without this partial route, timing analysis to/from this port will not be accurate, and no routing information for this port can be exported.
WARNING: [Route 35-198] Port "io_d_bits_10_0[6]" does not have an associated HD.PARTPIN_LOCS, which will prevent the partial routing of the signal "io_d_bits_10_0[6]". Without this partial route, timing analysis to/from this port will not be accurate, and no routing information for this port can be exported.
WARNING: [Route 35-198] Port "io_a_bits_13_0[6]" does not have an associated HD.PARTPIN_LOCS, which will prevent the partial routing of the signal "io_a_bits_13_0[6]". Without this partial route, timing analysis to/from this port will not be accurate, and no routing information for this port can be exported.
WARNING: [Route 35-198] Port "io_b_bits_13_0[6]" does not have an associated HD.PARTPIN_LOCS, which will prevent the partial routing of the signal "io_b_bits_13_0[6]". Without this partial route, timing analysis to/from this port will not be accurate, and no routing information for this port can be exported.
WARNING: [Route 35-198] Port "io_a_bits_8_0[6]" does not have an associated HD.PARTPIN_LOCS, which will prevent the partial routing of the signal "io_a_bits_8_0[6]". Without this partial route, timing analysis to/from this port will not be accurate, and no routing information for this port can be exported.
WARNING: [Route 35-198] Port "io_a_bits_0_0[7]" does not have an associated HD.PARTPIN_LOCS, which will prevent the partial routing of the signal "io_a_bits_0_0[7]". Without this partial route, timing analysis to/from this port will not be accurate, and no routing information for this port can be exported.
WARNING: [Route 35-198] Port "io_a_bits_14_0[7]" does not have an associated HD.PARTPIN_LOCS, which will prevent the partial routing of the signal "io_a_bits_14_0[7]". Without this partial route, timing analysis to/from this port will not be accurate, and no routing information for this port can be exported.
WARNING: [Route 35-198] Port "io_b_bits_0_0[7]" does not have an associated HD.PARTPIN_LOCS, which will prevent the partial routing of the signal "io_b_bits_0_0[7]". Without this partial route, timing analysis to/from this port will not be accurate, and no routing information for this port can be exported.
WARNING: [Route 35-198] Port "io_b_bits_13_0[7]" does not have an associated HD.PARTPIN_LOCS, which will prevent the partial routing of the signal "io_b_bits_13_0[7]". Without this partial route, timing analysis to/from this port will not be accurate, and no routing information for this port can be exported.
WARNING: [Route 35-198] Port "io_b_bits_14_0[7]" does not have an associated HD.PARTPIN_LOCS, which will prevent the partial routing of the signal "io_b_bits_14_0[7]". Without this partial route, timing analysis to/from this port will not be accurate, and no routing information for this port can be exported.
WARNING: [Route 35-198] Port "io_d_bits_1_0[7]" does not have an associated HD.PARTPIN_LOCS, which will prevent the partial routing of the signal "io_d_bits_1_0[7]". Without this partial route, timing analysis to/from this port will not be accurate, and no routing information for this port can be exported.
WARNING: [Route 35-198] Port "io_d_bits_15_0[7]" does not have an associated HD.PARTPIN_LOCS, which will prevent the partial routing of the signal "io_d_bits_15_0[7]". Without this partial route, timing analysis to/from this port will not be accurate, and no routing information for this port can be exported.
WARNING: [Route 35-198] Port "io_a_bits_13_0[7]" does not have an associated HD.PARTPIN_LOCS, which will prevent the partial routing of the signal "io_a_bits_13_0[7]". Without this partial route, timing analysis to/from this port will not be accurate, and no routing information for this port can be exported.
WARNING: [Route 35-198] Port "io_d_bits_2_0[7]" does not have an associated HD.PARTPIN_LOCS, which will prevent the partial routing of the signal "io_d_bits_2_0[7]". Without this partial route, timing analysis to/from this port will not be accurate, and no routing information for this port can be exported.
WARNING: [Route 35-198] Port "io_a_bits_0_0[6]" does not have an associated HD.PARTPIN_LOCS, which will prevent the partial routing of the signal "io_a_bits_0_0[6]". Without this partial route, timing analysis to/from this port will not be accurate, and no routing information for this port can be exported.
WARNING: [Route 35-198] Port "io_d_bits_15_0[6]" does not have an associated HD.PARTPIN_LOCS, which will prevent the partial routing of the signal "io_d_bits_15_0[6]". Without this partial route, timing analysis to/from this port will not be accurate, and no routing information for this port can be exported.
WARNING: [Route 35-198] Port "io_b_bits_0_0[6]" does not have an associated HD.PARTPIN_LOCS, which will prevent the partial routing of the signal "io_b_bits_0_0[6]". Without this partial route, timing analysis to/from this port will not be accurate, and no routing information for this port can be exported.
WARNING: [Route 35-198] Port "io_a_bits_7_0[7]" does not have an associated HD.PARTPIN_LOCS, which will prevent the partial routing of the signal "io_a_bits_7_0[7]". Without this partial route, timing analysis to/from this port will not be accurate, and no routing information for this port can be exported.
WARNING: [Route 35-198] Port "io_b_bits_7_0[7]" does not have an associated HD.PARTPIN_LOCS, which will prevent the partial routing of the signal "io_b_bits_7_0[7]". Without this partial route, timing analysis to/from this port will not be accurate, and no routing information for this port can be exported.
WARNING: [Route 35-198] Port "io_d_bits_8_0[7]" does not have an associated HD.PARTPIN_LOCS, which will prevent the partial routing of the signal "io_d_bits_8_0[7]". Without this partial route, timing analysis to/from this port will not be accurate, and no routing information for this port can be exported.
WARNING: [Route 35-198] Port "io_a_bits_4_0[6]" does not have an associated HD.PARTPIN_LOCS, which will prevent the partial routing of the signal "io_a_bits_4_0[6]". Without this partial route, timing analysis to/from this port will not be accurate, and no routing information for this port can be exported.
WARNING: [Route 35-198] Port "io_b_bits_4_0[6]" does not have an associated HD.PARTPIN_LOCS, which will prevent the partial routing of the signal "io_b_bits_4_0[6]". Without this partial route, timing analysis to/from this port will not be accurate, and no routing information for this port can be exported.
WARNING: [Route 35-198] Port "io_a_bits_6_0[7]" does not have an associated HD.PARTPIN_LOCS, which will prevent the partial routing of the signal "io_a_bits_6_0[7]". Without this partial route, timing analysis to/from this port will not be accurate, and no routing information for this port can be exported.
WARNING: [Route 35-198] Port "io_a_bits_9_0[7]" does not have an associated HD.PARTPIN_LOCS, which will prevent the partial routing of the signal "io_a_bits_9_0[7]". Without this partial route, timing analysis to/from this port will not be accurate, and no routing information for this port can be exported.
WARNING: [Route 35-198] Port "io_b_bits_9_0[7]" does not have an associated HD.PARTPIN_LOCS, which will prevent the partial routing of the signal "io_b_bits_9_0[7]". Without this partial route, timing analysis to/from this port will not be accurate, and no routing information for this port can be exported.
WARNING: [Route 35-198] Port "io_d_bits_6_0[7]" does not have an associated HD.PARTPIN_LOCS, which will prevent the partial routing of the signal "io_d_bits_6_0[7]". Without this partial route, timing analysis to/from this port will not be accurate, and no routing information for this port can be exported.
INFO: [Common 17-14] Message 'Route 35-198' appears 100 times and further instances of the messages will be disabled. Use the Tcl command set_msg_config to change the current settings.
Post Restoration Checksum: NetGraph: 2779f574 | NumContArr: 160249ce | Constraints: c2a8fa9d | Timing: c2a8fa9d
Phase 1 Build RT Design | Checksum: 1c2ce347c

Time (s): cpu = 00:00:45 ; elapsed = 00:00:15 . Memory (MB): peak = 6517.188 ; gain = 0.000 ; free physical = 11737 ; free virtual = 92655

Phase 2 Router Initialization

Phase 2.1 Fix Topology Constraints
Phase 2.1 Fix Topology Constraints | Checksum: 1c2ce347c

Time (s): cpu = 00:00:45 ; elapsed = 00:00:15 . Memory (MB): peak = 6517.188 ; gain = 0.000 ; free physical = 11737 ; free virtual = 92655

Phase 2.2 Pre Route Cleanup
Phase 2.2 Pre Route Cleanup | Checksum: 1c2ce347c

Time (s): cpu = 00:00:46 ; elapsed = 00:00:15 . Memory (MB): peak = 6517.188 ; gain = 0.000 ; free physical = 11736 ; free virtual = 92654

Phase 2.3 Global Clock Net Routing
Phase 2.3 Global Clock Net Routing | Checksum: 1c2ce347c

Time (s): cpu = 00:00:58 ; elapsed = 00:00:18 . Memory (MB): peak = 6748.172 ; gain = 230.984 ; free physical = 10511 ; free virtual = 91429

Phase 2.4 Update Timing
Phase 2.4 Update Timing | Checksum: 19c248182

Time (s): cpu = 00:01:11 ; elapsed = 00:00:22 . Memory (MB): peak = 6748.172 ; gain = 230.984 ; free physical = 10462 ; free virtual = 91380
INFO: [Route 35-416] Intermediate Timing Summary | WNS=0.584  | TNS=0.000  | WHS=0.003  | THS=0.000  |


Router Utilization Summary
  Global Vertical Routing Utilization    = 0 %
  Global Horizontal Routing Utilization  = 0 %
  Routable Net Status*
  *Does not include unroutable nets such as driverless and loadless.
  Run report_route_status for detailed report.
  Number of Failed Nets               = 53863
    (Failed Nets is the sum of unrouted and partially routed nets)
  Number of Unrouted Nets             = 41701
  Number of Partially Routed Nets     = 12162
  Number of Node Overlaps             = 0

Phase 2 Router Initialization | Checksum: 1e6142f9e

Time (s): cpu = 00:01:42 ; elapsed = 00:00:32 . Memory (MB): peak = 6781.047 ; gain = 263.859 ; free physical = 10426 ; free virtual = 91344

Phase 3 Initial Routing

Phase 3.1 Global Routing
Phase 3.1 Global Routing | Checksum: 1e6142f9e

Time (s): cpu = 00:01:42 ; elapsed = 00:00:32 . Memory (MB): peak = 6781.047 ; gain = 263.859 ; free physical = 10450 ; free virtual = 91368

Phase 3.2 Initial Net Routing
Phase 3.2 Initial Net Routing | Checksum: 2006cfbec

Time (s): cpu = 00:02:14 ; elapsed = 00:00:42 . Memory (MB): peak = 6781.047 ; gain = 263.859 ; free physical = 22253 ; free virtual = 103171
Phase 3 Initial Routing | Checksum: 203fa1125

Time (s): cpu = 00:02:16 ; elapsed = 00:00:42 . Memory (MB): peak = 6781.047 ; gain = 263.859 ; free physical = 22249 ; free virtual = 103167

Phase 4 Rip-up And Reroute

Phase 4.1 Global Iteration 0
 Number of Nodes with overlaps = 14765
 Number of Nodes with overlaps = 2208
 Number of Nodes with overlaps = 406
 Number of Nodes with overlaps = 108
 Number of Nodes with overlaps = 49
 Number of Nodes with overlaps = 20
 Number of Nodes with overlaps = 13
 Number of Nodes with overlaps = 6
 Number of Nodes with overlaps = 3
 Number of Nodes with overlaps = 4
 Number of Nodes with overlaps = 3
 Number of Nodes with overlaps = 3
 Number of Nodes with overlaps = 2
 Number of Nodes with overlaps = 1
 Number of Nodes with overlaps = 1
 Number of Nodes with overlaps = 1
 Number of Nodes with overlaps = 1
 Number of Nodes with overlaps = 1
 Number of Nodes with overlaps = 0
INFO: [Route 35-416] Intermediate Timing Summary | WNS=0.030  | TNS=0.000  | WHS=0.019  | THS=0.000  |

Phase 4.1 Global Iteration 0 | Checksum: 2331b66d0

Time (s): cpu = 00:07:54 ; elapsed = 00:04:06 . Memory (MB): peak = 6781.047 ; gain = 263.859 ; free physical = 30379 ; free virtual = 111265

Phase 4.2 Additional Iteration for Hold
Phase 4.2 Additional Iteration for Hold | Checksum: 24b60115e

Time (s): cpu = 00:07:55 ; elapsed = 00:04:06 . Memory (MB): peak = 6781.047 ; gain = 263.859 ; free physical = 30386 ; free virtual = 111272
Phase 4 Rip-up And Reroute | Checksum: 24b60115e

Time (s): cpu = 00:07:55 ; elapsed = 00:04:06 . Memory (MB): peak = 6781.047 ; gain = 263.859 ; free physical = 30381 ; free virtual = 111267

Phase 5 Delay and Skew Optimization

Phase 5.1 Delay CleanUp
Phase 5.1 Delay CleanUp | Checksum: 24b60115e

Time (s): cpu = 00:07:56 ; elapsed = 00:04:06 . Memory (MB): peak = 6781.047 ; gain = 263.859 ; free physical = 30367 ; free virtual = 111253

Phase 5.2 Clock Skew Optimization
Phase 5.2 Clock Skew Optimization | Checksum: 24b60115e

Time (s): cpu = 00:07:56 ; elapsed = 00:04:06 . Memory (MB): peak = 6781.047 ; gain = 263.859 ; free physical = 30361 ; free virtual = 111248
Phase 5 Delay and Skew Optimization | Checksum: 24b60115e

Time (s): cpu = 00:07:57 ; elapsed = 00:04:06 . Memory (MB): peak = 6781.047 ; gain = 263.859 ; free physical = 30358 ; free virtual = 111244

Phase 6 Post Hold Fix

Phase 6.1 Hold Fix Iter

Phase 6.1.1 Update Timing
Phase 6.1.1 Update Timing | Checksum: 26adb50bd

Time (s): cpu = 00:08:09 ; elapsed = 00:04:09 . Memory (MB): peak = 6781.047 ; gain = 263.859 ; free physical = 31027 ; free virtual = 111914
INFO: [Route 35-416] Intermediate Timing Summary | WNS=0.030  | TNS=0.000  | WHS=0.019  | THS=0.000  |

Phase 6.1 Hold Fix Iter | Checksum: 26adb50bd

Time (s): cpu = 00:08:10 ; elapsed = 00:04:09 . Memory (MB): peak = 6781.047 ; gain = 263.859 ; free physical = 31027 ; free virtual = 111914
Phase 6 Post Hold Fix | Checksum: 26adb50bd

Time (s): cpu = 00:08:10 ; elapsed = 00:04:09 . Memory (MB): peak = 6781.047 ; gain = 263.859 ; free physical = 31023 ; free virtual = 111910

Phase 7 Route finalize

Router Utilization Summary
  Global Vertical Routing Utilization    = 0.436563 %
  Global Horizontal Routing Utilization  = 0.488276 %
  Routable Net Status*
  *Does not include unroutable nets such as driverless and loadless.
  Run report_route_status for detailed report.
  Number of Failed Nets               = 0
    (Failed Nets is the sum of unrouted and partially routed nets)
  Number of Unrouted Nets             = 0
  Number of Partially Routed Nets     = 0
  Number of Node Overlaps             = 0

Phase 7 Route finalize | Checksum: 26adb50bd

Time (s): cpu = 00:08:16 ; elapsed = 00:04:11 . Memory (MB): peak = 6781.047 ; gain = 263.859 ; free physical = 30988 ; free virtual = 111875

Phase 8 Verifying routed nets

 Verification completed successfully
Phase 8 Verifying routed nets | Checksum: 26adb50bd

Time (s): cpu = 00:08:16 ; elapsed = 00:04:11 . Memory (MB): peak = 6781.047 ; gain = 263.859 ; free physical = 30986 ; free virtual = 111873

Phase 9 Depositing Routes
Phase 9 Depositing Routes | Checksum: 26adb50bd

Time (s): cpu = 00:08:23 ; elapsed = 00:04:15 . Memory (MB): peak = 6781.047 ; gain = 263.859 ; free physical = 30616 ; free virtual = 111503

Phase 10 Resolve XTalk
Phase 10 Resolve XTalk | Checksum: 26adb50bd

Time (s): cpu = 00:08:23 ; elapsed = 00:04:16 . Memory (MB): peak = 6781.047 ; gain = 263.859 ; free physical = 30618 ; free virtual = 111505

Phase 11 Post Router Timing
INFO: [Route 35-57] Estimated Timing Summary | WNS=0.030  | TNS=0.000  | WHS=0.019  | THS=0.000  |

INFO: [Route 35-327] The final timing numbers are based on the router estimated timing analysis. For a complete and accurate timing signoff, please run report_timing_summary.
Phase 11 Post Router Timing | Checksum: 26adb50bd

Time (s): cpu = 00:08:27 ; elapsed = 00:04:17 . Memory (MB): peak = 6781.047 ; gain = 263.859 ; free physical = 30611 ; free virtual = 111497
INFO: [Route 35-16] Router Completed Successfully

Phase 12 Post-Route Event Processing
Phase 12 Post-Route Event Processing | Checksum: 177c0cde7

Time (s): cpu = 00:08:29 ; elapsed = 00:04:19 . Memory (MB): peak = 6781.047 ; gain = 263.859 ; free physical = 31003 ; free virtual = 111889
Ending Routing Task | Checksum: 177c0cde7

Time (s): cpu = 00:08:31 ; elapsed = 00:04:20 . Memory (MB): peak = 6781.047 ; gain = 263.859 ; free physical = 30989 ; free virtual = 111875

Routing Is Done.
INFO: [Common 17-83] Releasing license: Implementation
13 Infos, 101 Warnings, 0 Critical Warnings and 0 Errors encountered.
route_design completed successfully
route_design: Time (s): cpu = 00:08:42 ; elapsed = 00:04:24 . Memory (MB): peak = 6781.047 ; gain = 327.891 ; free physical = 30999 ; free virtual = 111886
# report_utilization -file util.rpt
# report_utilization -hierarchical -hierarchical_depth 2 -file util_hier.rpt
# report_timing_summary -file timing.rpt
INFO: [Timing 38-91] UpdateTimingParams: Speed grade: -2L, Temperature grade: E, Delay Type: min_max.
INFO: [Timing 38-191] Multithreading enabled for timing update using a maximum of 8 CPUs
WARNING: [Timing 38-242] The property HD.CLK_SRC of clock port "clock" is not set. In out-of-context mode, this prevents timing estimation for clock delay/skew
Resolution: Set the HD.CLK_SRC property of the out-of-context port to the location of the clock buffer instance in the top-level design
report_timing_summary: Time (s): cpu = 00:00:32 ; elapsed = 00:00:09 . Memory (MB): peak = 6805.059 ; gain = 24.012 ; free physical = 31454 ; free virtual = 112367
# puts "PNR_UNROUTED [llength [get_nets -filter {ROUTE_STATUS == UNROUTED} -quiet]]"
PNR_UNROUTED 0
INFO: [Common 17-206] Exiting Vivado at Fri Sep 25 16:34:09 2026...
PNR_D16 rc=0 wall_s=863
