

================================================================
== Vitis HLS Report for 'blk16_r0_0_Pipeline_l_S_s_1_s'
================================================================
* Date:           Wed Sep 23 05:15:59 2026

* Version:        2023.2 (Build 4023990 on Oct 11 2023)
* Project:        prj
* Solution:       sol (Vivado IP Flow Target)
* Product family: virtexuplusHBM
* Target device:  xcu280-fsvh2892-2L-e


================================================================
== Performance Estimates
================================================================
+ Timing: 
    * Summary: 
    +--------+---------+----------+------------+
    |  Clock |  Target | Estimated| Uncertainty|
    +--------+---------+----------+------------+
    |ap_clk  |  4.75 ns|  3.720 ns|     0.90 ns|
    +--------+---------+----------+------------+

+ Latency: 
    * Summary: 
    +---------+---------+----------+----------+-----+-----+---------+
    |  Latency (cycles) |  Latency (absolute) |  Interval | Pipeline|
    |   min   |   max   |    min   |    max   | min | max |   Type  |
    +---------+---------+----------+----------+-----+-----+---------+
    |      260|      260|  1.235 us|  1.235 us|  260|  260|       no|
    +---------+---------+----------+----------+-----+-----+---------+

    + Detail: 
        * Instance: 
        N/A

        * Loop: 
        +-------------+---------+---------+----------+-----------+-----------+------+----------+
        |             |  Latency (cycles) | Iteration|  Initiation Interval  | Trip |          |
        |  Loop Name  |   min   |   max   |  Latency |  achieved |   target  | Count| Pipelined|
        +-------------+---------+---------+----------+-----------+-----------+------+----------+
        |- l_S_s_1_s  |      258|      258|         4|          1|          1|   256|       yes|
        +-------------+---------+---------+----------+-----------+-----------+------+----------+



================================================================
== Utilization Estimates
================================================================
* Summary: 
+---------------------+---------+------+---------+---------+-----+
|         Name        | BRAM_18K|  DSP |    FF   |   LUT   | URAM|
+---------------------+---------+------+---------+---------+-----+
|DSP                  |        -|     -|        -|        -|    -|
|Expression           |        -|     -|        0|     8661|    -|
|FIFO                 |        -|     -|        -|        -|    -|
|Instance             |        -|     0|        0|    15872|    -|
|Memory               |        -|     -|        -|        -|    -|
|Multiplexer          |        -|     -|        -|     5076|    -|
|Register             |        -|     -|     5876|        -|    -|
+---------------------+---------+------+---------+---------+-----+
|Total                |        0|     0|     5876|    29609|    0|
+---------------------+---------+------+---------+---------+-----+
|Available SLR        |     1344|  3008|   869120|   434560|  320|
+---------------------+---------+------+---------+---------+-----+
|Utilization SLR (%)  |        0|     0|       ~0|        6|    0|
+---------------------+---------+------+---------+---------+-----+
|Available            |     4032|  9024|  2607360|  1303680|  960|
+---------------------+---------+------+---------+---------+-----+
|Utilization (%)      |        0|     0|       ~0|        2|    0|
+---------------------+---------+------+---------+---------+-----+

+ Detail: 
    * Instance: 
    +-----------------------+------------------+---------+----+---+-----+-----+
    |        Instance       |      Module      | BRAM_18K| DSP| FF| LUT | URAM|
    +-----------------------+------------------+---------+----+---+-----+-----+
    |mul_8s_8s_16_1_1_U273  |mul_8s_8s_16_1_1  |        0|   0|  0|   62|    0|
    |mul_8s_8s_16_1_1_U274  |mul_8s_8s_16_1_1  |        0|   0|  0|   62|    0|
    |mul_8s_8s_16_1_1_U275  |mul_8s_8s_16_1_1  |        0|   0|  0|   62|    0|
    |mul_8s_8s_16_1_1_U276  |mul_8s_8s_16_1_1  |        0|   0|  0|   62|    0|
    |mul_8s_8s_16_1_1_U277  |mul_8s_8s_16_1_1  |        0|   0|  0|   62|    0|
    |mul_8s_8s_16_1_1_U278  |mul_8s_8s_16_1_1  |        0|   0|  0|   62|    0|
    |mul_8s_8s_16_1_1_U279  |mul_8s_8s_16_1_1  |        0|   0|  0|   62|    0|
    |mul_8s_8s_16_1_1_U280  |mul_8s_8s_16_1_1  |        0|   0|  0|   62|    0|
    |mul_8s_8s_16_1_1_U281  |mul_8s_8s_16_1_1  |        0|   0|  0|   62|    0|
    |mul_8s_8s_16_1_1_U282  |mul_8s_8s_16_1_1  |        0|   0|  0|   62|    0|
    |mul_8s_8s_16_1_1_U283  |mul_8s_8s_16_1_1  |        0|   0|  0|   62|    0|
    |mul_8s_8s_16_1_1_U284  |mul_8s_8s_16_1_1  |        0|   0|  0|   62|    0|
    |mul_8s_8s_16_1_1_U285  |mul_8s_8s_16_1_1  |        0|   0|  0|   62|    0|
    |mul_8s_8s_16_1_1_U286  |mul_8s_8s_16_1_1  |        0|   0|  0|   62|    0|
    |mul_8s_8s_16_1_1_U287  |mul_8s_8s_16_1_1  |        0|   0|  0|   62|    0|
    |mul_8s_8s_16_1_1_U288  |mul_8s_8s_16_1_1  |        0|   0|  0|   62|    0|
    |mul_8s_8s_16_1_1_U289  |mul_8s_8s_16_1_1  |        0|   0|  0|   62|    0|
    |mul_8s_8s_16_1_1_U290  |mul_8s_8s_16_1_1  |        0|   0|  0|   62|    0|
    |mul_8s_8s_16_1_1_U291  |mul_8s_8s_16_1_1  |        0|   0|  0|   62|    0|
    |mul_8s_8s_16_1_1_U292  |mul_8s_8s_16_1_1  |        0|   0|  0|   62|    0|
    |mul_8s_8s_16_1_1_U293  |mul_8s_8s_16_1_1  |        0|   0|  0|   62|    0|
    |mul_8s_8s_16_1_1_U294  |mul_8s_8s_16_1_1  |        0|   0|  0|   62|    0|
    |mul_8s_8s_16_1_1_U295  |mul_8s_8s_16_1_1  |        0|   0|  0|   62|    0|
    |mul_8s_8s_16_1_1_U296  |mul_8s_8s_16_1_1  |        0|   0|  0|   62|    0|
    |mul_8s_8s_16_1_1_U297  |mul_8s_8s_16_1_1  |        0|   0|  0|   62|    0|
    |mul_8s_8s_16_1_1_U298  |mul_8s_8s_16_1_1  |        0|   0|  0|   62|    0|
    |mul_8s_8s_16_1_1_U299  |mul_8s_8s_16_1_1  |        0|   0|  0|   62|    0|
    |mul_8s_8s_16_1_1_U300  |mul_8s_8s_16_1_1  |        0|   0|  0|   62|    0|
    |mul_8s_8s_16_1_1_U301  |mul_8s_8s_16_1_1  |        0|   0|  0|   62|    0|
    |mul_8s_8s_16_1_1_U302  |mul_8s_8s_16_1_1  |        0|   0|  0|   62|    0|
    |mul_8s_8s_16_1_1_U303  |mul_8s_8s_16_1_1  |        0|   0|  0|   62|    0|
    |mul_8s_8s_16_1_1_U304  |mul_8s_8s_16_1_1  |        0|   0|  0|   62|    0|
    |mul_8s_8s_16_1_1_U305  |mul_8s_8s_16_1_1  |        0|   0|  0|   62|    0|
    |mul_8s_8s_16_1_1_U306  |mul_8s_8s_16_1_1  |        0|   0|  0|   62|    0|
    |mul_8s_8s_16_1_1_U307  |mul_8s_8s_16_1_1  |        0|   0|  0|   62|    0|
    |mul_8s_8s_16_1_1_U308  |mul_8s_8s_16_1_1  |        0|   0|  0|   62|    0|
    |mul_8s_8s_16_1_1_U309  |mul_8s_8s_16_1_1  |        0|   0|  0|   62|    0|
    |mul_8s_8s_16_1_1_U310  |mul_8s_8s_16_1_1  |        0|   0|  0|   62|    0|
    |mul_8s_8s_16_1_1_U311  |mul_8s_8s_16_1_1  |        0|   0|  0|   62|    0|
    |mul_8s_8s_16_1_1_U312  |mul_8s_8s_16_1_1  |        0|   0|  0|   62|    0|
    |mul_8s_8s_16_1_1_U313  |mul_8s_8s_16_1_1  |        0|   0|  0|   62|    0|
    |mul_8s_8s_16_1_1_U314  |mul_8s_8s_16_1_1  |        0|   0|  0|   62|    0|
    |mul_8s_8s_16_1_1_U315  |mul_8s_8s_16_1_1  |        0|   0|  0|   62|    0|
    |mul_8s_8s_16_1_1_U316  |mul_8s_8s_16_1_1  |        0|   0|  0|   62|    0|
    |mul_8s_8s_16_1_1_U317  |mul_8s_8s_16_1_1  |        0|   0|  0|   62|    0|
    |mul_8s_8s_16_1_1_U318  |mul_8s_8s_16_1_1  |        0|   0|  0|   62|    0|
    |mul_8s_8s_16_1_1_U319  |mul_8s_8s_16_1_1  |        0|   0|  0|   62|    0|
    |mul_8s_8s_16_1_1_U320  |mul_8s_8s_16_1_1  |        0|   0|  0|   62|    0|
    |mul_8s_8s_16_1_1_U321  |mul_8s_8s_16_1_1  |        0|   0|  0|   62|    0|
    |mul_8s_8s_16_1_1_U322  |mul_8s_8s_16_1_1  |        0|   0|  0|   62|    0|
    |mul_8s_8s_16_1_1_U323  |mul_8s_8s_16_1_1  |        0|   0|  0|   62|    0|
    |mul_8s_8s_16_1_1_U324  |mul_8s_8s_16_1_1  |        0|   0|  0|   62|    0|
    |mul_8s_8s_16_1_1_U325  |mul_8s_8s_16_1_1  |        0|   0|  0|   62|    0|
    |mul_8s_8s_16_1_1_U326  |mul_8s_8s_16_1_1  |        0|   0|  0|   62|    0|
    |mul_8s_8s_16_1_1_U327  |mul_8s_8s_16_1_1  |        0|   0|  0|   62|    0|
    |mul_8s_8s_16_1_1_U328  |mul_8s_8s_16_1_1  |        0|   0|  0|   62|    0|
    |mul_8s_8s_16_1_1_U329  |mul_8s_8s_16_1_1  |        0|   0|  0|   62|    0|
    |mul_8s_8s_16_1_1_U330  |mul_8s_8s_16_1_1  |        0|   0|  0|   62|    0|
    |mul_8s_8s_16_1_1_U331  |mul_8s_8s_16_1_1  |        0|   0|  0|   62|    0|
    |mul_8s_8s_16_1_1_U332  |mul_8s_8s_16_1_1  |        0|   0|  0|   62|    0|
    |mul_8s_8s_16_1_1_U333  |mul_8s_8s_16_1_1  |        0|   0|  0|   62|    0|
    |mul_8s_8s_16_1_1_U334  |mul_8s_8s_16_1_1  |        0|   0|  0|   62|    0|
    |mul_8s_8s_16_1_1_U335  |mul_8s_8s_16_1_1  |        0|   0|  0|   62|    0|
    |mul_8s_8s_16_1_1_U336  |mul_8s_8s_16_1_1  |        0|   0|  0|   62|    0|
    |mul_8s_8s_16_1_1_U337  |mul_8s_8s_16_1_1  |        0|   0|  0|   62|    0|
    |mul_8s_8s_16_1_1_U338  |mul_8s_8s_16_1_1  |        0|   0|  0|   62|    0|
    |mul_8s_8s_16_1_1_U339  |mul_8s_8s_16_1_1  |        0|   0|  0|   62|    0|
    |mul_8s_8s_16_1_1_U340  |mul_8s_8s_16_1_1  |        0|   0|  0|   62|    0|
    |mul_8s_8s_16_1_1_U341  |mul_8s_8s_16_1_1  |        0|   0|  0|   62|    0|
    |mul_8s_8s_16_1_1_U342  |mul_8s_8s_16_1_1  |        0|   0|  0|   62|    0|
    |mul_8s_8s_16_1_1_U343  |mul_8s_8s_16_1_1  |        0|   0|  0|   62|    0|
    |mul_8s_8s_16_1_1_U344  |mul_8s_8s_16_1_1  |        0|   0|  0|   62|    0|
    |mul_8s_8s_16_1_1_U345  |mul_8s_8s_16_1_1  |        0|   0|  0|   62|    0|
    |mul_8s_8s_16_1_1_U346  |mul_8s_8s_16_1_1  |        0|   0|  0|   62|    0|
    |mul_8s_8s_16_1_1_U347  |mul_8s_8s_16_1_1  |        0|   0|  0|   62|    0|
    |mul_8s_8s_16_1_1_U348  |mul_8s_8s_16_1_1  |        0|   0|  0|   62|    0|
    |mul_8s_8s_16_1_1_U349  |mul_8s_8s_16_1_1  |        0|   0|  0|   62|    0|
    |mul_8s_8s_16_1_1_U350  |mul_8s_8s_16_1_1  |        0|   0|  0|   62|    0|
    |mul_8s_8s_16_1_1_U351  |mul_8s_8s_16_1_1  |        0|   0|  0|   62|    0|
    |mul_8s_8s_16_1_1_U352  |mul_8s_8s_16_1_1  |        0|   0|  0|   62|    0|
    |mul_8s_8s_16_1_1_U353  |mul_8s_8s_16_1_1  |        0|   0|  0|   62|    0|
    |mul_8s_8s_16_1_1_U354  |mul_8s_8s_16_1_1  |        0|   0|  0|   62|    0|
    |mul_8s_8s_16_1_1_U355  |mul_8s_8s_16_1_1  |        0|   0|  0|   62|    0|
    |mul_8s_8s_16_1_1_U356  |mul_8s_8s_16_1_1  |        0|   0|  0|   62|    0|
    |mul_8s_8s_16_1_1_U357  |mul_8s_8s_16_1_1  |        0|   0|  0|   62|    0|
    |mul_8s_8s_16_1_1_U358  |mul_8s_8s_16_1_1  |        0|   0|  0|   62|    0|
    |mul_8s_8s_16_1_1_U359  |mul_8s_8s_16_1_1  |        0|   0|  0|   62|    0|
    |mul_8s_8s_16_1_1_U360  |mul_8s_8s_16_1_1  |        0|   0|  0|   62|    0|
    |mul_8s_8s_16_1_1_U361  |mul_8s_8s_16_1_1  |        0|   0|  0|   62|    0|
    |mul_8s_8s_16_1_1_U362  |mul_8s_8s_16_1_1  |        0|   0|  0|   62|    0|
    |mul_8s_8s_16_1_1_U363  |mul_8s_8s_16_1_1  |        0|   0|  0|   62|    0|
    |mul_8s_8s_16_1_1_U364  |mul_8s_8s_16_1_1  |        0|   0|  0|   62|    0|
    |mul_8s_8s_16_1_1_U365  |mul_8s_8s_16_1_1  |        0|   0|  0|   62|    0|
    |mul_8s_8s_16_1_1_U366  |mul_8s_8s_16_1_1  |        0|   0|  0|   62|    0|
    |mul_8s_8s_16_1_1_U367  |mul_8s_8s_16_1_1  |        0|   0|  0|   62|    0|
    |mul_8s_8s_16_1_1_U368  |mul_8s_8s_16_1_1  |        0|   0|  0|   62|    0|
    |mul_8s_8s_16_1_1_U369  |mul_8s_8s_16_1_1  |        0|   0|  0|   62|    0|
    |mul_8s_8s_16_1_1_U370  |mul_8s_8s_16_1_1  |        0|   0|  0|   62|    0|
    |mul_8s_8s_16_1_1_U371  |mul_8s_8s_16_1_1  |        0|   0|  0|   62|    0|
    |mul_8s_8s_16_1_1_U372  |mul_8s_8s_16_1_1  |        0|   0|  0|   62|    0|
    |mul_8s_8s_16_1_1_U373  |mul_8s_8s_16_1_1  |        0|   0|  0|   62|    0|
    |mul_8s_8s_16_1_1_U374  |mul_8s_8s_16_1_1  |        0|   0|  0|   62|    0|
    |mul_8s_8s_16_1_1_U375  |mul_8s_8s_16_1_1  |        0|   0|  0|   62|    0|
    |mul_8s_8s_16_1_1_U376  |mul_8s_8s_16_1_1  |        0|   0|  0|   62|    0|
    |mul_8s_8s_16_1_1_U377  |mul_8s_8s_16_1_1  |        0|   0|  0|   62|    0|
    |mul_8s_8s_16_1_1_U378  |mul_8s_8s_16_1_1  |        0|   0|  0|   62|    0|
    |mul_8s_8s_16_1_1_U379  |mul_8s_8s_16_1_1  |        0|   0|  0|   62|    0|
    |mul_8s_8s_16_1_1_U380  |mul_8s_8s_16_1_1  |        0|   0|  0|   62|    0|
    |mul_8s_8s_16_1_1_U381  |mul_8s_8s_16_1_1  |        0|   0|  0|   62|    0|
    |mul_8s_8s_16_1_1_U382  |mul_8s_8s_16_1_1  |        0|   0|  0|   62|    0|
    |mul_8s_8s_16_1_1_U383  |mul_8s_8s_16_1_1  |        0|   0|  0|   62|    0|
    |mul_8s_8s_16_1_1_U384  |mul_8s_8s_16_1_1  |        0|   0|  0|   62|    0|
    |mul_8s_8s_16_1_1_U385  |mul_8s_8s_16_1_1  |        0|   0|  0|   62|    0|
    |mul_8s_8s_16_1_1_U386  |mul_8s_8s_16_1_1  |        0|   0|  0|   62|    0|
    |mul_8s_8s_16_1_1_U387  |mul_8s_8s_16_1_1  |        0|   0|  0|   62|    0|
    |mul_8s_8s_16_1_1_U388  |mul_8s_8s_16_1_1  |        0|   0|  0|   62|    0|
    |mul_8s_8s_16_1_1_U389  |mul_8s_8s_16_1_1  |        0|   0|  0|   62|    0|
    |mul_8s_8s_16_1_1_U390  |mul_8s_8s_16_1_1  |        0|   0|  0|   62|    0|
    |mul_8s_8s_16_1_1_U391  |mul_8s_8s_16_1_1  |        0|   0|  0|   62|    0|
    |mul_8s_8s_16_1_1_U392  |mul_8s_8s_16_1_1  |        0|   0|  0|   62|    0|
    |mul_8s_8s_16_1_1_U393  |mul_8s_8s_16_1_1  |        0|   0|  0|   62|    0|
    |mul_8s_8s_16_1_1_U394  |mul_8s_8s_16_1_1  |        0|   0|  0|   62|    0|
    |mul_8s_8s_16_1_1_U395  |mul_8s_8s_16_1_1  |        0|   0|  0|   62|    0|
    |mul_8s_8s_16_1_1_U396  |mul_8s_8s_16_1_1  |        0|   0|  0|   62|    0|
    |mul_8s_8s_16_1_1_U397  |mul_8s_8s_16_1_1  |        0|   0|  0|   62|    0|
    |mul_8s_8s_16_1_1_U398  |mul_8s_8s_16_1_1  |        0|   0|  0|   62|    0|
    |mul_8s_8s_16_1_1_U399  |mul_8s_8s_16_1_1  |        0|   0|  0|   62|    0|
    |mul_8s_8s_16_1_1_U400  |mul_8s_8s_16_1_1  |        0|   0|  0|   62|    0|
    |mul_8s_8s_16_1_1_U401  |mul_8s_8s_16_1_1  |        0|   0|  0|   62|    0|
    |mul_8s_8s_16_1_1_U402  |mul_8s_8s_16_1_1  |        0|   0|  0|   62|    0|
    |mul_8s_8s_16_1_1_U403  |mul_8s_8s_16_1_1  |        0|   0|  0|   62|    0|
    |mul_8s_8s_16_1_1_U404  |mul_8s_8s_16_1_1  |        0|   0|  0|   62|    0|
    |mul_8s_8s_16_1_1_U405  |mul_8s_8s_16_1_1  |        0|   0|  0|   62|    0|
    |mul_8s_8s_16_1_1_U406  |mul_8s_8s_16_1_1  |        0|   0|  0|   62|    0|
    |mul_8s_8s_16_1_1_U407  |mul_8s_8s_16_1_1  |        0|   0|  0|   62|    0|
    |mul_8s_8s_16_1_1_U408  |mul_8s_8s_16_1_1  |        0|   0|  0|   62|    0|
    |mul_8s_8s_16_1_1_U409  |mul_8s_8s_16_1_1  |        0|   0|  0|   62|    0|
    |mul_8s_8s_16_1_1_U410  |mul_8s_8s_16_1_1  |        0|   0|  0|   62|    0|
    |mul_8s_8s_16_1_1_U411  |mul_8s_8s_16_1_1  |        0|   0|  0|   62|    0|
    |mul_8s_8s_16_1_1_U412  |mul_8s_8s_16_1_1  |        0|   0|  0|   62|    0|
    |mul_8s_8s_16_1_1_U413  |mul_8s_8s_16_1_1  |        0|   0|  0|   62|    0|
    |mul_8s_8s_16_1_1_U414  |mul_8s_8s_16_1_1  |        0|   0|  0|   62|    0|
    |mul_8s_8s_16_1_1_U415  |mul_8s_8s_16_1_1  |        0|   0|  0|   62|    0|
    |mul_8s_8s_16_1_1_U416  |mul_8s_8s_16_1_1  |        0|   0|  0|   62|    0|
    |mul_8s_8s_16_1_1_U417  |mul_8s_8s_16_1_1  |        0|   0|  0|   62|    0|
    |mul_8s_8s_16_1_1_U418  |mul_8s_8s_16_1_1  |        0|   0|  0|   62|    0|
    |mul_8s_8s_16_1_1_U419  |mul_8s_8s_16_1_1  |        0|   0|  0|   62|    0|
    |mul_8s_8s_16_1_1_U420  |mul_8s_8s_16_1_1  |        0|   0|  0|   62|    0|
    |mul_8s_8s_16_1_1_U421  |mul_8s_8s_16_1_1  |        0|   0|  0|   62|    0|
    |mul_8s_8s_16_1_1_U422  |mul_8s_8s_16_1_1  |        0|   0|  0|   62|    0|
    |mul_8s_8s_16_1_1_U423  |mul_8s_8s_16_1_1  |        0|   0|  0|   62|    0|
    |mul_8s_8s_16_1_1_U424  |mul_8s_8s_16_1_1  |        0|   0|  0|   62|    0|
    |mul_8s_8s_16_1_1_U425  |mul_8s_8s_16_1_1  |        0|   0|  0|   62|    0|
    |mul_8s_8s_16_1_1_U426  |mul_8s_8s_16_1_1  |        0|   0|  0|   62|    0|
    |mul_8s_8s_16_1_1_U427  |mul_8s_8s_16_1_1  |        0|   0|  0|   62|    0|
    |mul_8s_8s_16_1_1_U428  |mul_8s_8s_16_1_1  |        0|   0|  0|   62|    0|
    |mul_8s_8s_16_1_1_U429  |mul_8s_8s_16_1_1  |        0|   0|  0|   62|    0|
    |mul_8s_8s_16_1_1_U430  |mul_8s_8s_16_1_1  |        0|   0|  0|   62|    0|
    |mul_8s_8s_16_1_1_U431  |mul_8s_8s_16_1_1  |        0|   0|  0|   62|    0|
    |mul_8s_8s_16_1_1_U432  |mul_8s_8s_16_1_1  |        0|   0|  0|   62|    0|
    |mul_8s_8s_16_1_1_U433  |mul_8s_8s_16_1_1  |        0|   0|  0|   62|    0|
    |mul_8s_8s_16_1_1_U434  |mul_8s_8s_16_1_1  |        0|   0|  0|   62|    0|
    |mul_8s_8s_16_1_1_U435  |mul_8s_8s_16_1_1  |        0|   0|  0|   62|    0|
    |mul_8s_8s_16_1_1_U436  |mul_8s_8s_16_1_1  |        0|   0|  0|   62|    0|
    |mul_8s_8s_16_1_1_U437  |mul_8s_8s_16_1_1  |        0|   0|  0|   62|    0|
    |mul_8s_8s_16_1_1_U438  |mul_8s_8s_16_1_1  |        0|   0|  0|   62|    0|
    |mul_8s_8s_16_1_1_U439  |mul_8s_8s_16_1_1  |        0|   0|  0|   62|    0|
    |mul_8s_8s_16_1_1_U440  |mul_8s_8s_16_1_1  |        0|   0|  0|   62|    0|
    |mul_8s_8s_16_1_1_U441  |mul_8s_8s_16_1_1  |        0|   0|  0|   62|    0|
    |mul_8s_8s_16_1_1_U442  |mul_8s_8s_16_1_1  |        0|   0|  0|   62|    0|
    |mul_8s_8s_16_1_1_U443  |mul_8s_8s_16_1_1  |        0|   0|  0|   62|    0|
    |mul_8s_8s_16_1_1_U444  |mul_8s_8s_16_1_1  |        0|   0|  0|   62|    0|
    |mul_8s_8s_16_1_1_U445  |mul_8s_8s_16_1_1  |        0|   0|  0|   62|    0|
    |mul_8s_8s_16_1_1_U446  |mul_8s_8s_16_1_1  |        0|   0|  0|   62|    0|
    |mul_8s_8s_16_1_1_U447  |mul_8s_8s_16_1_1  |        0|   0|  0|   62|    0|
    |mul_8s_8s_16_1_1_U448  |mul_8s_8s_16_1_1  |        0|   0|  0|   62|    0|
    |mul_8s_8s_16_1_1_U449  |mul_8s_8s_16_1_1  |        0|   0|  0|   62|    0|
    |mul_8s_8s_16_1_1_U450  |mul_8s_8s_16_1_1  |        0|   0|  0|   62|    0|
    |mul_8s_8s_16_1_1_U451  |mul_8s_8s_16_1_1  |        0|   0|  0|   62|    0|
    |mul_8s_8s_16_1_1_U452  |mul_8s_8s_16_1_1  |        0|   0|  0|   62|    0|
    |mul_8s_8s_16_1_1_U453  |mul_8s_8s_16_1_1  |        0|   0|  0|   62|    0|
    |mul_8s_8s_16_1_1_U454  |mul_8s_8s_16_1_1  |        0|   0|  0|   62|    0|
    |mul_8s_8s_16_1_1_U455  |mul_8s_8s_16_1_1  |        0|   0|  0|   62|    0|
    |mul_8s_8s_16_1_1_U456  |mul_8s_8s_16_1_1  |        0|   0|  0|   62|    0|
    |mul_8s_8s_16_1_1_U457  |mul_8s_8s_16_1_1  |        0|   0|  0|   62|    0|
    |mul_8s_8s_16_1_1_U458  |mul_8s_8s_16_1_1  |        0|   0|  0|   62|    0|
    |mul_8s_8s_16_1_1_U459  |mul_8s_8s_16_1_1  |        0|   0|  0|   62|    0|
    |mul_8s_8s_16_1_1_U460  |mul_8s_8s_16_1_1  |        0|   0|  0|   62|    0|
    |mul_8s_8s_16_1_1_U461  |mul_8s_8s_16_1_1  |        0|   0|  0|   62|    0|
    |mul_8s_8s_16_1_1_U462  |mul_8s_8s_16_1_1  |        0|   0|  0|   62|    0|
    |mul_8s_8s_16_1_1_U463  |mul_8s_8s_16_1_1  |        0|   0|  0|   62|    0|
    |mul_8s_8s_16_1_1_U464  |mul_8s_8s_16_1_1  |        0|   0|  0|   62|    0|
    |mul_8s_8s_16_1_1_U465  |mul_8s_8s_16_1_1  |        0|   0|  0|   62|    0|
    |mul_8s_8s_16_1_1_U466  |mul_8s_8s_16_1_1  |        0|   0|  0|   62|    0|
    |mul_8s_8s_16_1_1_U467  |mul_8s_8s_16_1_1  |        0|   0|  0|   62|    0|
    |mul_8s_8s_16_1_1_U468  |mul_8s_8s_16_1_1  |        0|   0|  0|   62|    0|
    |mul_8s_8s_16_1_1_U469  |mul_8s_8s_16_1_1  |        0|   0|  0|   62|    0|
    |mul_8s_8s_16_1_1_U470  |mul_8s_8s_16_1_1  |        0|   0|  0|   62|    0|
    |mul_8s_8s_16_1_1_U471  |mul_8s_8s_16_1_1  |        0|   0|  0|   62|    0|
    |mul_8s_8s_16_1_1_U472  |mul_8s_8s_16_1_1  |        0|   0|  0|   62|    0|
    |mul_8s_8s_16_1_1_U473  |mul_8s_8s_16_1_1  |        0|   0|  0|   62|    0|
    |mul_8s_8s_16_1_1_U474  |mul_8s_8s_16_1_1  |        0|   0|  0|   62|    0|
    |mul_8s_8s_16_1_1_U475  |mul_8s_8s_16_1_1  |        0|   0|  0|   62|    0|
    |mul_8s_8s_16_1_1_U476  |mul_8s_8s_16_1_1  |        0|   0|  0|   62|    0|
    |mul_8s_8s_16_1_1_U477  |mul_8s_8s_16_1_1  |        0|   0|  0|   62|    0|
    |mul_8s_8s_16_1_1_U478  |mul_8s_8s_16_1_1  |        0|   0|  0|   62|    0|
    |mul_8s_8s_16_1_1_U479  |mul_8s_8s_16_1_1  |        0|   0|  0|   62|    0|
    |mul_8s_8s_16_1_1_U480  |mul_8s_8s_16_1_1  |        0|   0|  0|   62|    0|
    |mul_8s_8s_16_1_1_U481  |mul_8s_8s_16_1_1  |        0|   0|  0|   62|    0|
    |mul_8s_8s_16_1_1_U482  |mul_8s_8s_16_1_1  |        0|   0|  0|   62|    0|
    |mul_8s_8s_16_1_1_U483  |mul_8s_8s_16_1_1  |        0|   0|  0|   62|    0|
    |mul_8s_8s_16_1_1_U484  |mul_8s_8s_16_1_1  |        0|   0|  0|   62|    0|
    |mul_8s_8s_16_1_1_U485  |mul_8s_8s_16_1_1  |        0|   0|  0|   62|    0|
    |mul_8s_8s_16_1_1_U486  |mul_8s_8s_16_1_1  |        0|   0|  0|   62|    0|
    |mul_8s_8s_16_1_1_U487  |mul_8s_8s_16_1_1  |        0|   0|  0|   62|    0|
    |mul_8s_8s_16_1_1_U488  |mul_8s_8s_16_1_1  |        0|   0|  0|   62|    0|
    |mul_8s_8s_16_1_1_U489  |mul_8s_8s_16_1_1  |        0|   0|  0|   62|    0|
    |mul_8s_8s_16_1_1_U490  |mul_8s_8s_16_1_1  |        0|   0|  0|   62|    0|
    |mul_8s_8s_16_1_1_U491  |mul_8s_8s_16_1_1  |        0|   0|  0|   62|    0|
    |mul_8s_8s_16_1_1_U492  |mul_8s_8s_16_1_1  |        0|   0|  0|   62|    0|
    |mul_8s_8s_16_1_1_U493  |mul_8s_8s_16_1_1  |        0|   0|  0|   62|    0|
    |mul_8s_8s_16_1_1_U494  |mul_8s_8s_16_1_1  |        0|   0|  0|   62|    0|
    |mul_8s_8s_16_1_1_U495  |mul_8s_8s_16_1_1  |        0|   0|  0|   62|    0|
    |mul_8s_8s_16_1_1_U496  |mul_8s_8s_16_1_1  |        0|   0|  0|   62|    0|
    |mul_8s_8s_16_1_1_U497  |mul_8s_8s_16_1_1  |        0|   0|  0|   62|    0|
    |mul_8s_8s_16_1_1_U498  |mul_8s_8s_16_1_1  |        0|   0|  0|   62|    0|
    |mul_8s_8s_16_1_1_U499  |mul_8s_8s_16_1_1  |        0|   0|  0|   62|    0|
    |mul_8s_8s_16_1_1_U500  |mul_8s_8s_16_1_1  |        0|   0|  0|   62|    0|
    |mul_8s_8s_16_1_1_U501  |mul_8s_8s_16_1_1  |        0|   0|  0|   62|    0|
    |mul_8s_8s_16_1_1_U502  |mul_8s_8s_16_1_1  |        0|   0|  0|   62|    0|
    |mul_8s_8s_16_1_1_U503  |mul_8s_8s_16_1_1  |        0|   0|  0|   62|    0|
    |mul_8s_8s_16_1_1_U504  |mul_8s_8s_16_1_1  |        0|   0|  0|   62|    0|
    |mul_8s_8s_16_1_1_U505  |mul_8s_8s_16_1_1  |        0|   0|  0|   62|    0|
    |mul_8s_8s_16_1_1_U506  |mul_8s_8s_16_1_1  |        0|   0|  0|   62|    0|
    |mul_8s_8s_16_1_1_U507  |mul_8s_8s_16_1_1  |        0|   0|  0|   62|    0|
    |mul_8s_8s_16_1_1_U508  |mul_8s_8s_16_1_1  |        0|   0|  0|   62|    0|
    |mul_8s_8s_16_1_1_U509  |mul_8s_8s_16_1_1  |        0|   0|  0|   62|    0|
    |mul_8s_8s_16_1_1_U510  |mul_8s_8s_16_1_1  |        0|   0|  0|   62|    0|
    |mul_8s_8s_16_1_1_U511  |mul_8s_8s_16_1_1  |        0|   0|  0|   62|    0|
    |mul_8s_8s_16_1_1_U512  |mul_8s_8s_16_1_1  |        0|   0|  0|   62|    0|
    |mul_8s_8s_16_1_1_U513  |mul_8s_8s_16_1_1  |        0|   0|  0|   62|    0|
    |mul_8s_8s_16_1_1_U514  |mul_8s_8s_16_1_1  |        0|   0|  0|   62|    0|
    |mul_8s_8s_16_1_1_U515  |mul_8s_8s_16_1_1  |        0|   0|  0|   62|    0|
    |mul_8s_8s_16_1_1_U516  |mul_8s_8s_16_1_1  |        0|   0|  0|   62|    0|
    |mul_8s_8s_16_1_1_U517  |mul_8s_8s_16_1_1  |        0|   0|  0|   62|    0|
    |mul_8s_8s_16_1_1_U518  |mul_8s_8s_16_1_1  |        0|   0|  0|   62|    0|
    |mul_8s_8s_16_1_1_U519  |mul_8s_8s_16_1_1  |        0|   0|  0|   62|    0|
    |mul_8s_8s_16_1_1_U520  |mul_8s_8s_16_1_1  |        0|   0|  0|   62|    0|
    |mul_8s_8s_16_1_1_U521  |mul_8s_8s_16_1_1  |        0|   0|  0|   62|    0|
    |mul_8s_8s_16_1_1_U522  |mul_8s_8s_16_1_1  |        0|   0|  0|   62|    0|
    |mul_8s_8s_16_1_1_U523  |mul_8s_8s_16_1_1  |        0|   0|  0|   62|    0|
    |mul_8s_8s_16_1_1_U524  |mul_8s_8s_16_1_1  |        0|   0|  0|   62|    0|
    |mul_8s_8s_16_1_1_U525  |mul_8s_8s_16_1_1  |        0|   0|  0|   62|    0|
    |mul_8s_8s_16_1_1_U526  |mul_8s_8s_16_1_1  |        0|   0|  0|   62|    0|
    |mul_8s_8s_16_1_1_U527  |mul_8s_8s_16_1_1  |        0|   0|  0|   62|    0|
    |mul_8s_8s_16_1_1_U528  |mul_8s_8s_16_1_1  |        0|   0|  0|   62|    0|
    +-----------------------+------------------+---------+----+---+-----+-----+
    |Total                  |                  |        0|   0|  0|15872|    0|
    +-----------------------+------------------+---------+----+---+-----+-----+

    * DSP: 
    N/A

    * Memory: 
    N/A

    * FIFO: 
    N/A

    * Expression: 
    +----------------------------------+----------+----+---+----+------------+------------+
    |           Variable Name          | Operation| DSP| FF| LUT| Bitwidth P0| Bitwidth P1|
    +----------------------------------+----------+----+---+----+------------+------------+
    |s_fu_7620_p2                      |         +|   0|  0|  16|           9|           1|
    |v1167_fu_9163_p2                  |         +|   0|  0|  24|          17|          17|
    |v1180_fu_9203_p2                  |         +|   0|  0|  24|          17|          17|
    |v1183_fu_9217_p2                  |         +|   0|  0|  25|          18|          18|
    |v1196_fu_9257_p2                  |         +|   0|  0|  24|          17|          17|
    |v1209_fu_9297_p2                  |         +|   0|  0|  24|          17|          17|
    |v1212_fu_9311_p2                  |         +|   0|  0|  25|          18|          18|
    |v1215_fu_9325_p2                  |         +|   0|  0|  26|          19|          19|
    |v1228_fu_9365_p2                  |         +|   0|  0|  24|          17|          17|
    |v1241_fu_9405_p2                  |         +|   0|  0|  24|          17|          17|
    |v1244_fu_9419_p2                  |         +|   0|  0|  25|          18|          18|
    |v1257_fu_9459_p2                  |         +|   0|  0|  24|          17|          17|
    |v1270_fu_9499_p2                  |         +|   0|  0|  24|          17|          17|
    |v1273_fu_9513_p2                  |         +|   0|  0|  25|          18|          18|
    |v1276_fu_9527_p2                  |         +|   0|  0|  26|          19|          19|
    |v1279_fu_19119_p2                 |         +|   0|  0|  27|          20|          20|
    |v1296_fu_9561_p2                  |         +|   0|  0|  24|          17|          17|
    |v1309_fu_9595_p2                  |         +|   0|  0|  24|          17|          17|
    |v1312_fu_9609_p2                  |         +|   0|  0|  25|          18|          18|
    |v1325_fu_9643_p2                  |         +|   0|  0|  24|          17|          17|
    |v1338_fu_9677_p2                  |         +|   0|  0|  24|          17|          17|
    |v1341_fu_9691_p2                  |         +|   0|  0|  25|          18|          18|
    |v1344_fu_9705_p2                  |         +|   0|  0|  26|          19|          19|
    |v1357_fu_9739_p2                  |         +|   0|  0|  24|          17|          17|
    |v1370_fu_9773_p2                  |         +|   0|  0|  24|          17|          17|
    |v1373_fu_9787_p2                  |         +|   0|  0|  25|          18|          18|
    |v1386_fu_9821_p2                  |         +|   0|  0|  24|          17|          17|
    |v1399_fu_9855_p2                  |         +|   0|  0|  24|          17|          17|
    |v1402_fu_9869_p2                  |         +|   0|  0|  25|          18|          18|
    |v1405_fu_9883_p2                  |         +|   0|  0|  26|          19|          19|
    |v1408_fu_19141_p2                 |         +|   0|  0|  27|          20|          20|
    |v1425_fu_9917_p2                  |         +|   0|  0|  24|          17|          17|
    |v1438_fu_9951_p2                  |         +|   0|  0|  24|          17|          17|
    |v1441_fu_9965_p2                  |         +|   0|  0|  25|          18|          18|
    |v1454_fu_9999_p2                  |         +|   0|  0|  24|          17|          17|
    |v1467_fu_10033_p2                 |         +|   0|  0|  24|          17|          17|
    |v1470_fu_10047_p2                 |         +|   0|  0|  25|          18|          18|
    |v1473_fu_10061_p2                 |         +|   0|  0|  26|          19|          19|
    |v1486_fu_10095_p2                 |         +|   0|  0|  24|          17|          17|
    |v1499_fu_10129_p2                 |         +|   0|  0|  24|          17|          17|
    |v1502_fu_10143_p2                 |         +|   0|  0|  25|          18|          18|
    |v1515_fu_10177_p2                 |         +|   0|  0|  24|          17|          17|
    |v1528_fu_10211_p2                 |         +|   0|  0|  24|          17|          17|
    |v1531_fu_10225_p2                 |         +|   0|  0|  25|          18|          18|
    |v1534_fu_10239_p2                 |         +|   0|  0|  26|          19|          19|
    |v1537_fu_19163_p2                 |         +|   0|  0|  27|          20|          20|
    |v1554_fu_10273_p2                 |         +|   0|  0|  24|          17|          17|
    |v1567_fu_10307_p2                 |         +|   0|  0|  24|          17|          17|
    |v1570_fu_10321_p2                 |         +|   0|  0|  25|          18|          18|
    |v1583_fu_10355_p2                 |         +|   0|  0|  24|          17|          17|
    |v1596_fu_10389_p2                 |         +|   0|  0|  24|          17|          17|
    |v1599_fu_10403_p2                 |         +|   0|  0|  25|          18|          18|
    |v1602_fu_10417_p2                 |         +|   0|  0|  26|          19|          19|
    |v1615_fu_10451_p2                 |         +|   0|  0|  24|          17|          17|
    |v1628_fu_10485_p2                 |         +|   0|  0|  24|          17|          17|
    |v1631_fu_10499_p2                 |         +|   0|  0|  25|          18|          18|
    |v1644_fu_10533_p2                 |         +|   0|  0|  24|          17|          17|
    |v1657_fu_10567_p2                 |         +|   0|  0|  24|          17|          17|
    |v1660_fu_10581_p2                 |         +|   0|  0|  25|          18|          18|
    |v1663_fu_10595_p2                 |         +|   0|  0|  26|          19|          19|
    |v1666_fu_19185_p2                 |         +|   0|  0|  27|          20|          20|
    |v1683_fu_10629_p2                 |         +|   0|  0|  24|          17|          17|
    |v1696_fu_10663_p2                 |         +|   0|  0|  24|          17|          17|
    |v1699_fu_10677_p2                 |         +|   0|  0|  25|          18|          18|
    |v1712_fu_10711_p2                 |         +|   0|  0|  24|          17|          17|
    |v1725_fu_10745_p2                 |         +|   0|  0|  24|          17|          17|
    |v1728_fu_10759_p2                 |         +|   0|  0|  25|          18|          18|
    |v1731_fu_10773_p2                 |         +|   0|  0|  26|          19|          19|
    |v1744_fu_10807_p2                 |         +|   0|  0|  24|          17|          17|
    |v1757_fu_10841_p2                 |         +|   0|  0|  24|          17|          17|
    |v1760_fu_10855_p2                 |         +|   0|  0|  25|          18|          18|
    |v1773_fu_10889_p2                 |         +|   0|  0|  24|          17|          17|
    |v1786_fu_10923_p2                 |         +|   0|  0|  24|          17|          17|
    |v1789_fu_10937_p2                 |         +|   0|  0|  25|          18|          18|
    |v1792_fu_10951_p2                 |         +|   0|  0|  26|          19|          19|
    |v1795_fu_19207_p2                 |         +|   0|  0|  27|          20|          20|
    |v17_din                           |         +|   0|  0|  39|          32|          32|
    |v1812_fu_10985_p2                 |         +|   0|  0|  24|          17|          17|
    |v1825_fu_11019_p2                 |         +|   0|  0|  24|          17|          17|
    |v1828_fu_11033_p2                 |         +|   0|  0|  25|          18|          18|
    |v1841_fu_11067_p2                 |         +|   0|  0|  24|          17|          17|
    |v1854_fu_11101_p2                 |         +|   0|  0|  24|          17|          17|
    |v1857_fu_11115_p2                 |         +|   0|  0|  25|          18|          18|
    |v1860_fu_11129_p2                 |         +|   0|  0|  26|          19|          19|
    |v1873_fu_11163_p2                 |         +|   0|  0|  24|          17|          17|
    |v1886_fu_11197_p2                 |         +|   0|  0|  24|          17|          17|
    |v1889_fu_11211_p2                 |         +|   0|  0|  25|          18|          18|
    |v1902_fu_11245_p2                 |         +|   0|  0|  24|          17|          17|
    |v1915_fu_11279_p2                 |         +|   0|  0|  24|          17|          17|
    |v1918_fu_11293_p2                 |         +|   0|  0|  25|          18|          18|
    |v1921_fu_11307_p2                 |         +|   0|  0|  26|          19|          19|
    |v1924_fu_19229_p2                 |         +|   0|  0|  27|          20|          20|
    |v1941_fu_11341_p2                 |         +|   0|  0|  24|          17|          17|
    |v1954_fu_11375_p2                 |         +|   0|  0|  24|          17|          17|
    |v1957_fu_11389_p2                 |         +|   0|  0|  25|          18|          18|
    |v1970_fu_11423_p2                 |         +|   0|  0|  24|          17|          17|
    |v1983_fu_11457_p2                 |         +|   0|  0|  24|          17|          17|
    |v1986_fu_11471_p2                 |         +|   0|  0|  25|          18|          18|
    |v1989_fu_11485_p2                 |         +|   0|  0|  26|          19|          19|
    |v19_din                           |         +|   0|  0|  39|          32|          32|
    |v2002_fu_11519_p2                 |         +|   0|  0|  24|          17|          17|
    |v2015_fu_11553_p2                 |         +|   0|  0|  24|          17|          17|
    |v2018_fu_11567_p2                 |         +|   0|  0|  25|          18|          18|
    |v2031_fu_11601_p2                 |         +|   0|  0|  24|          17|          17|
    |v2044_fu_11635_p2                 |         +|   0|  0|  24|          17|          17|
    |v2047_fu_11649_p2                 |         +|   0|  0|  25|          18|          18|
    |v2050_fu_11663_p2                 |         +|   0|  0|  26|          19|          19|
    |v2053_fu_19251_p2                 |         +|   0|  0|  27|          20|          20|
    |v2070_fu_11697_p2                 |         +|   0|  0|  24|          17|          17|
    |v2083_fu_11731_p2                 |         +|   0|  0|  24|          17|          17|
    |v2086_fu_11745_p2                 |         +|   0|  0|  25|          18|          18|
    |v2099_fu_11779_p2                 |         +|   0|  0|  24|          17|          17|
    |v2112_fu_11813_p2                 |         +|   0|  0|  24|          17|          17|
    |v2115_fu_11827_p2                 |         +|   0|  0|  25|          18|          18|
    |v2118_fu_11841_p2                 |         +|   0|  0|  26|          19|          19|
    |v2131_fu_11875_p2                 |         +|   0|  0|  24|          17|          17|
    |v2144_fu_11909_p2                 |         +|   0|  0|  24|          17|          17|
    |v2147_fu_11923_p2                 |         +|   0|  0|  25|          18|          18|
    |v2160_fu_11957_p2                 |         +|   0|  0|  24|          17|          17|
    |v2173_fu_11991_p2                 |         +|   0|  0|  24|          17|          17|
    |v2176_fu_12005_p2                 |         +|   0|  0|  25|          18|          18|
    |v2179_fu_12019_p2                 |         +|   0|  0|  26|          19|          19|
    |v2182_fu_19273_p2                 |         +|   0|  0|  27|          20|          20|
    |v2199_fu_12053_p2                 |         +|   0|  0|  24|          17|          17|
    |v21_din                           |         +|   0|  0|  39|          32|          32|
    |v2212_fu_12087_p2                 |         +|   0|  0|  24|          17|          17|
    |v2215_fu_12101_p2                 |         +|   0|  0|  25|          18|          18|
    |v2228_fu_12135_p2                 |         +|   0|  0|  24|          17|          17|
    |v2241_fu_12169_p2                 |         +|   0|  0|  24|          17|          17|
    |v2244_fu_12183_p2                 |         +|   0|  0|  25|          18|          18|
    |v2247_fu_12197_p2                 |         +|   0|  0|  26|          19|          19|
    |v2260_fu_12231_p2                 |         +|   0|  0|  24|          17|          17|
    |v2273_fu_12265_p2                 |         +|   0|  0|  24|          17|          17|
    |v2276_fu_12279_p2                 |         +|   0|  0|  25|          18|          18|
    |v2289_fu_12313_p2                 |         +|   0|  0|  24|          17|          17|
    |v2302_fu_12347_p2                 |         +|   0|  0|  24|          17|          17|
    |v2305_fu_12361_p2                 |         +|   0|  0|  25|          18|          18|
    |v2308_fu_12375_p2                 |         +|   0|  0|  26|          19|          19|
    |v2311_fu_19295_p2                 |         +|   0|  0|  27|          20|          20|
    |v2328_fu_12409_p2                 |         +|   0|  0|  24|          17|          17|
    |v2341_fu_12443_p2                 |         +|   0|  0|  24|          17|          17|
    |v2344_fu_12457_p2                 |         +|   0|  0|  25|          18|          18|
    |v2357_fu_12491_p2                 |         +|   0|  0|  24|          17|          17|
    |v2370_fu_12525_p2                 |         +|   0|  0|  24|          17|          17|
    |v2373_fu_12539_p2                 |         +|   0|  0|  25|          18|          18|
    |v2376_fu_12553_p2                 |         +|   0|  0|  26|          19|          19|
    |v2389_fu_12587_p2                 |         +|   0|  0|  24|          17|          17|
    |v23_din                           |         +|   0|  0|  39|          32|          32|
    |v2402_fu_12621_p2                 |         +|   0|  0|  24|          17|          17|
    |v2405_fu_12635_p2                 |         +|   0|  0|  25|          18|          18|
    |v2418_fu_12669_p2                 |         +|   0|  0|  24|          17|          17|
    |v2431_fu_12703_p2                 |         +|   0|  0|  24|          17|          17|
    |v2434_fu_12717_p2                 |         +|   0|  0|  25|          18|          18|
    |v2437_fu_12731_p2                 |         +|   0|  0|  26|          19|          19|
    |v2440_fu_19317_p2                 |         +|   0|  0|  27|          20|          20|
    |v2457_fu_12765_p2                 |         +|   0|  0|  24|          17|          17|
    |v2470_fu_12799_p2                 |         +|   0|  0|  24|          17|          17|
    |v2473_fu_12813_p2                 |         +|   0|  0|  25|          18|          18|
    |v2486_fu_12847_p2                 |         +|   0|  0|  24|          17|          17|
    |v2499_fu_12881_p2                 |         +|   0|  0|  24|          17|          17|
    |v2502_fu_12895_p2                 |         +|   0|  0|  25|          18|          18|
    |v2505_fu_12909_p2                 |         +|   0|  0|  26|          19|          19|
    |v2518_fu_12943_p2                 |         +|   0|  0|  24|          17|          17|
    |v2531_fu_12977_p2                 |         +|   0|  0|  24|          17|          17|
    |v2534_fu_12991_p2                 |         +|   0|  0|  25|          18|          18|
    |v2547_fu_13025_p2                 |         +|   0|  0|  24|          17|          17|
    |v2560_fu_13059_p2                 |         +|   0|  0|  24|          17|          17|
    |v2563_fu_13073_p2                 |         +|   0|  0|  25|          18|          18|
    |v2566_fu_13087_p2                 |         +|   0|  0|  26|          19|          19|
    |v2569_fu_19339_p2                 |         +|   0|  0|  27|          20|          20|
    |v2586_fu_13121_p2                 |         +|   0|  0|  24|          17|          17|
    |v2599_fu_13155_p2                 |         +|   0|  0|  24|          17|          17|
    |v25_din                           |         +|   0|  0|  39|          32|          32|
    |v2602_fu_13169_p2                 |         +|   0|  0|  25|          18|          18|
    |v2615_fu_13203_p2                 |         +|   0|  0|  24|          17|          17|
    |v2628_fu_13237_p2                 |         +|   0|  0|  24|          17|          17|
    |v2631_fu_13251_p2                 |         +|   0|  0|  25|          18|          18|
    |v2634_fu_13265_p2                 |         +|   0|  0|  26|          19|          19|
    |v2647_fu_13299_p2                 |         +|   0|  0|  24|          17|          17|
    |v2660_fu_13333_p2                 |         +|   0|  0|  24|          17|          17|
    |v2663_fu_13347_p2                 |         +|   0|  0|  25|          18|          18|
    |v2676_fu_13381_p2                 |         +|   0|  0|  24|          17|          17|
    |v2689_fu_13415_p2                 |         +|   0|  0|  24|          17|          17|
    |v2692_fu_13429_p2                 |         +|   0|  0|  25|          18|          18|
    |v2695_fu_13443_p2                 |         +|   0|  0|  26|          19|          19|
    |v2698_fu_19361_p2                 |         +|   0|  0|  27|          20|          20|
    |v2715_fu_13477_p2                 |         +|   0|  0|  24|          17|          17|
    |v2728_fu_13511_p2                 |         +|   0|  0|  24|          17|          17|
    |v2731_fu_13525_p2                 |         +|   0|  0|  25|          18|          18|
    |v2744_fu_13559_p2                 |         +|   0|  0|  24|          17|          17|
    |v2757_fu_13593_p2                 |         +|   0|  0|  24|          17|          17|
    |v2760_fu_13607_p2                 |         +|   0|  0|  25|          18|          18|
    |v2763_fu_13621_p2                 |         +|   0|  0|  26|          19|          19|
    |v2776_fu_13655_p2                 |         +|   0|  0|  24|          17|          17|
    |v2789_fu_13689_p2                 |         +|   0|  0|  24|          17|          17|
    |v2792_fu_13703_p2                 |         +|   0|  0|  25|          18|          18|
    |v27_din                           |         +|   0|  0|  39|          32|          32|
    |v2805_fu_13737_p2                 |         +|   0|  0|  24|          17|          17|
    |v2818_fu_13771_p2                 |         +|   0|  0|  24|          17|          17|
    |v2821_fu_13785_p2                 |         +|   0|  0|  25|          18|          18|
    |v2824_fu_13799_p2                 |         +|   0|  0|  26|          19|          19|
    |v2827_fu_19383_p2                 |         +|   0|  0|  27|          20|          20|
    |v2844_fu_13833_p2                 |         +|   0|  0|  24|          17|          17|
    |v2857_fu_13867_p2                 |         +|   0|  0|  24|          17|          17|
    |v2860_fu_13881_p2                 |         +|   0|  0|  25|          18|          18|
    |v2873_fu_13915_p2                 |         +|   0|  0|  24|          17|          17|
    |v2886_fu_13949_p2                 |         +|   0|  0|  24|          17|          17|
    |v2889_fu_13963_p2                 |         +|   0|  0|  25|          18|          18|
    |v2892_fu_13977_p2                 |         +|   0|  0|  26|          19|          19|
    |v2905_fu_14011_p2                 |         +|   0|  0|  24|          17|          17|
    |v2918_fu_14045_p2                 |         +|   0|  0|  24|          17|          17|
    |v2921_fu_14059_p2                 |         +|   0|  0|  25|          18|          18|
    |v2934_fu_14093_p2                 |         +|   0|  0|  24|          17|          17|
    |v2947_fu_14127_p2                 |         +|   0|  0|  24|          17|          17|
    |v2950_fu_14141_p2                 |         +|   0|  0|  25|          18|          18|
    |v2953_fu_14155_p2                 |         +|   0|  0|  26|          19|          19|
    |v2956_fu_19405_p2                 |         +|   0|  0|  27|          20|          20|
    |v2973_fu_14189_p2                 |         +|   0|  0|  24|          17|          17|
    |v2986_fu_14223_p2                 |         +|   0|  0|  24|          17|          17|
    |v2989_fu_14237_p2                 |         +|   0|  0|  25|          18|          18|
    |v29_din                           |         +|   0|  0|  39|          32|          32|
    |v3002_fu_14271_p2                 |         +|   0|  0|  24|          17|          17|
    |v3015_fu_14305_p2                 |         +|   0|  0|  24|          17|          17|
    |v3018_fu_14319_p2                 |         +|   0|  0|  25|          18|          18|
    |v3021_fu_14333_p2                 |         +|   0|  0|  26|          19|          19|
    |v3034_fu_14367_p2                 |         +|   0|  0|  24|          17|          17|
    |v3047_fu_14401_p2                 |         +|   0|  0|  24|          17|          17|
    |v3050_fu_14415_p2                 |         +|   0|  0|  25|          18|          18|
    |v3063_fu_14449_p2                 |         +|   0|  0|  24|          17|          17|
    |v3076_fu_14483_p2                 |         +|   0|  0|  24|          17|          17|
    |v3079_fu_14497_p2                 |         +|   0|  0|  25|          18|          18|
    |v3082_fu_14511_p2                 |         +|   0|  0|  26|          19|          19|
    |v3085_fu_19427_p2                 |         +|   0|  0|  27|          20|          20|
    |v3102_fu_14545_p2                 |         +|   0|  0|  24|          17|          17|
    |v3115_fu_14579_p2                 |         +|   0|  0|  24|          17|          17|
    |v3118_fu_14593_p2                 |         +|   0|  0|  25|          18|          18|
    |v3131_fu_14627_p2                 |         +|   0|  0|  24|          17|          17|
    |v3144_fu_14661_p2                 |         +|   0|  0|  24|          17|          17|
    |v3147_fu_14675_p2                 |         +|   0|  0|  25|          18|          18|
    |v3150_fu_14689_p2                 |         +|   0|  0|  26|          19|          19|
    |v3163_fu_14723_p2                 |         +|   0|  0|  24|          17|          17|
    |v3176_fu_14757_p2                 |         +|   0|  0|  24|          17|          17|
    |v3179_fu_14771_p2                 |         +|   0|  0|  25|          18|          18|
    |v3192_fu_14805_p2                 |         +|   0|  0|  24|          17|          17|
    |v31_din                           |         +|   0|  0|  39|          32|          32|
    |v3205_fu_14839_p2                 |         +|   0|  0|  24|          17|          17|
    |v3208_fu_14853_p2                 |         +|   0|  0|  25|          18|          18|
    |v3211_fu_14867_p2                 |         +|   0|  0|  26|          19|          19|
    |v3214_fu_19449_p2                 |         +|   0|  0|  27|          20|          20|
    |v33_din                           |         +|   0|  0|  39|          32|          32|
    |v35_din                           |         +|   0|  0|  39|          32|          32|
    |v37_din                           |         +|   0|  0|  39|          32|          32|
    |v39_din                           |         +|   0|  0|  39|          32|          32|
    |v41_din                           |         +|   0|  0|  39|          32|          32|
    |v43_din                           |         +|   0|  0|  39|          32|          32|
    |v45_din                           |         +|   0|  0|  39|          32|          32|
    |v47_din                           |         +|   0|  0|  39|          32|          32|
    |icmp_ln1873_fu_7614_p2            |      icmp|   0|  0|  17|           9|          10|
    |v3476_fu_7630_p2                  |      icmp|   0|  0|  12|           4|           2|
    |ap_block_pp0_stage0_01001         |        or|   0|  0|   2|           1|           1|
    |ap_block_state2_pp0_stage0_iter1  |        or|   0|  0|   2|           1|           1|
    |ap_block_state4_pp0_stage0_iter3  |        or|   0|  0|   2|           1|           1|
    |c0_0_fu_14873_p3                  |    select|   0|  0|   8|           1|           8|
    |c0_10_fu_14942_p3                 |    select|   0|  0|   8|           1|           8|
    |c0_11_fu_14949_p3                 |    select|   0|  0|   8|           1|           8|
    |c0_12_fu_14956_p3                 |    select|   0|  0|   8|           1|           8|
    |c0_13_fu_14963_p3                 |    select|   0|  0|   8|           1|           8|
    |c0_14_fu_14970_p3                 |    select|   0|  0|   8|           1|           8|
    |c0_15_fu_14977_p3                 |    select|   0|  0|   8|           1|           8|
    |c0_1_fu_14879_p3                  |    select|   0|  0|   8|           1|           8|
    |c0_2_fu_14886_p3                  |    select|   0|  0|   8|           1|           8|
    |c0_3_fu_14893_p3                  |    select|   0|  0|   8|           1|           8|
    |c0_4_fu_14900_p3                  |    select|   0|  0|   8|           1|           8|
    |c0_5_fu_14907_p3                  |    select|   0|  0|   8|           1|           8|
    |c0_6_fu_14914_p3                  |    select|   0|  0|   8|           1|           8|
    |c0_7_fu_14921_p3                  |    select|   0|  0|   8|           1|           8|
    |c0_8_fu_14928_p3                  |    select|   0|  0|   8|           1|           8|
    |c0_9_fu_14935_p3                  |    select|   0|  0|   8|           1|           8|
    |c10_0_fu_15983_p3                 |    select|   0|  0|   8|           1|           8|
    |c10_10_fu_16052_p3                |    select|   0|  0|   8|           1|           8|
    |c10_11_fu_16059_p3                |    select|   0|  0|   8|           1|           8|
    |c10_12_fu_16066_p3                |    select|   0|  0|   8|           1|           8|
    |c10_13_fu_16073_p3                |    select|   0|  0|   8|           1|           8|
    |c10_14_fu_16080_p3                |    select|   0|  0|   8|           1|           8|
    |c10_15_fu_16087_p3                |    select|   0|  0|   8|           1|           8|
    |c10_1_fu_15989_p3                 |    select|   0|  0|   8|           1|           8|
    |c10_2_fu_15996_p3                 |    select|   0|  0|   8|           1|           8|
    |c10_3_fu_16003_p3                 |    select|   0|  0|   8|           1|           8|
    |c10_4_fu_16010_p3                 |    select|   0|  0|   8|           1|           8|
    |c10_5_fu_16017_p3                 |    select|   0|  0|   8|           1|           8|
    |c10_6_fu_16024_p3                 |    select|   0|  0|   8|           1|           8|
    |c10_7_fu_16031_p3                 |    select|   0|  0|   8|           1|           8|
    |c10_8_fu_16038_p3                 |    select|   0|  0|   8|           1|           8|
    |c10_9_fu_16045_p3                 |    select|   0|  0|   8|           1|           8|
    |c11_0_fu_16094_p3                 |    select|   0|  0|   8|           1|           8|
    |c11_10_fu_16163_p3                |    select|   0|  0|   8|           1|           8|
    |c11_11_fu_16170_p3                |    select|   0|  0|   8|           1|           8|
    |c11_12_fu_16177_p3                |    select|   0|  0|   8|           1|           8|
    |c11_13_fu_16184_p3                |    select|   0|  0|   8|           1|           8|
    |c11_14_fu_16191_p3                |    select|   0|  0|   8|           1|           8|
    |c11_15_fu_16198_p3                |    select|   0|  0|   8|           1|           8|
    |c11_1_fu_16100_p3                 |    select|   0|  0|   8|           1|           8|
    |c11_2_fu_16107_p3                 |    select|   0|  0|   8|           1|           8|
    |c11_3_fu_16114_p3                 |    select|   0|  0|   8|           1|           8|
    |c11_4_fu_16121_p3                 |    select|   0|  0|   8|           1|           8|
    |c11_5_fu_16128_p3                 |    select|   0|  0|   8|           1|           8|
    |c11_6_fu_16135_p3                 |    select|   0|  0|   8|           1|           8|
    |c11_7_fu_16142_p3                 |    select|   0|  0|   8|           1|           8|
    |c11_8_fu_16149_p3                 |    select|   0|  0|   8|           1|           8|
    |c11_9_fu_16156_p3                 |    select|   0|  0|   8|           1|           8|
    |c12_0_fu_16205_p3                 |    select|   0|  0|   8|           1|           8|
    |c12_10_fu_16274_p3                |    select|   0|  0|   8|           1|           8|
    |c12_11_fu_16281_p3                |    select|   0|  0|   8|           1|           8|
    |c12_12_fu_16288_p3                |    select|   0|  0|   8|           1|           8|
    |c12_13_fu_16295_p3                |    select|   0|  0|   8|           1|           8|
    |c12_14_fu_16302_p3                |    select|   0|  0|   8|           1|           8|
    |c12_15_fu_16309_p3                |    select|   0|  0|   8|           1|           8|
    |c12_1_fu_16211_p3                 |    select|   0|  0|   8|           1|           8|
    |c12_2_fu_16218_p3                 |    select|   0|  0|   8|           1|           8|
    |c12_3_fu_16225_p3                 |    select|   0|  0|   8|           1|           8|
    |c12_4_fu_16232_p3                 |    select|   0|  0|   8|           1|           8|
    |c12_5_fu_16239_p3                 |    select|   0|  0|   8|           1|           8|
    |c12_6_fu_16246_p3                 |    select|   0|  0|   8|           1|           8|
    |c12_7_fu_16253_p3                 |    select|   0|  0|   8|           1|           8|
    |c12_8_fu_16260_p3                 |    select|   0|  0|   8|           1|           8|
    |c12_9_fu_16267_p3                 |    select|   0|  0|   8|           1|           8|
    |c13_0_fu_16316_p3                 |    select|   0|  0|   8|           1|           8|
    |c13_10_fu_16385_p3                |    select|   0|  0|   8|           1|           8|
    |c13_11_fu_16392_p3                |    select|   0|  0|   8|           1|           8|
    |c13_12_fu_16399_p3                |    select|   0|  0|   8|           1|           8|
    |c13_13_fu_16406_p3                |    select|   0|  0|   8|           1|           8|
    |c13_14_fu_16413_p3                |    select|   0|  0|   8|           1|           8|
    |c13_15_fu_16420_p3                |    select|   0|  0|   8|           1|           8|
    |c13_1_fu_16322_p3                 |    select|   0|  0|   8|           1|           8|
    |c13_2_fu_16329_p3                 |    select|   0|  0|   8|           1|           8|
    |c13_3_fu_16336_p3                 |    select|   0|  0|   8|           1|           8|
    |c13_4_fu_16343_p3                 |    select|   0|  0|   8|           1|           8|
    |c13_5_fu_16350_p3                 |    select|   0|  0|   8|           1|           8|
    |c13_6_fu_16357_p3                 |    select|   0|  0|   8|           1|           8|
    |c13_7_fu_16364_p3                 |    select|   0|  0|   8|           1|           8|
    |c13_8_fu_16371_p3                 |    select|   0|  0|   8|           1|           8|
    |c13_9_fu_16378_p3                 |    select|   0|  0|   8|           1|           8|
    |c14_0_fu_16427_p3                 |    select|   0|  0|   8|           1|           8|
    |c14_10_fu_16496_p3                |    select|   0|  0|   8|           1|           8|
    |c14_11_fu_16503_p3                |    select|   0|  0|   8|           1|           8|
    |c14_12_fu_16510_p3                |    select|   0|  0|   8|           1|           8|
    |c14_13_fu_16517_p3                |    select|   0|  0|   8|           1|           8|
    |c14_14_fu_16524_p3                |    select|   0|  0|   8|           1|           8|
    |c14_15_fu_16531_p3                |    select|   0|  0|   8|           1|           8|
    |c14_1_fu_16433_p3                 |    select|   0|  0|   8|           1|           8|
    |c14_2_fu_16440_p3                 |    select|   0|  0|   8|           1|           8|
    |c14_3_fu_16447_p3                 |    select|   0|  0|   8|           1|           8|
    |c14_4_fu_16454_p3                 |    select|   0|  0|   8|           1|           8|
    |c14_5_fu_16461_p3                 |    select|   0|  0|   8|           1|           8|
    |c14_6_fu_16468_p3                 |    select|   0|  0|   8|           1|           8|
    |c14_7_fu_16475_p3                 |    select|   0|  0|   8|           1|           8|
    |c14_8_fu_16482_p3                 |    select|   0|  0|   8|           1|           8|
    |c14_9_fu_16489_p3                 |    select|   0|  0|   8|           1|           8|
    |c15_0_fu_16538_p3                 |    select|   0|  0|   8|           1|           8|
    |c15_10_fu_16607_p3                |    select|   0|  0|   8|           1|           8|
    |c15_11_fu_16614_p3                |    select|   0|  0|   8|           1|           8|
    |c15_12_fu_16621_p3                |    select|   0|  0|   8|           1|           8|
    |c15_13_fu_16628_p3                |    select|   0|  0|   8|           1|           8|
    |c15_14_fu_16635_p3                |    select|   0|  0|   8|           1|           8|
    |c15_15_fu_16642_p3                |    select|   0|  0|   8|           1|           8|
    |c15_1_fu_16544_p3                 |    select|   0|  0|   8|           1|           8|
    |c15_2_fu_16551_p3                 |    select|   0|  0|   8|           1|           8|
    |c15_3_fu_16558_p3                 |    select|   0|  0|   8|           1|           8|
    |c15_4_fu_16565_p3                 |    select|   0|  0|   8|           1|           8|
    |c15_5_fu_16572_p3                 |    select|   0|  0|   8|           1|           8|
    |c15_6_fu_16579_p3                 |    select|   0|  0|   8|           1|           8|
    |c15_7_fu_16586_p3                 |    select|   0|  0|   8|           1|           8|
    |c15_8_fu_16593_p3                 |    select|   0|  0|   8|           1|           8|
    |c15_9_fu_16600_p3                 |    select|   0|  0|   8|           1|           8|
    |c1_0_fu_14984_p3                  |    select|   0|  0|   8|           1|           8|
    |c1_10_fu_15053_p3                 |    select|   0|  0|   8|           1|           8|
    |c1_11_fu_15060_p3                 |    select|   0|  0|   8|           1|           8|
    |c1_12_fu_15067_p3                 |    select|   0|  0|   8|           1|           8|
    |c1_13_fu_15074_p3                 |    select|   0|  0|   8|           1|           8|
    |c1_14_fu_15081_p3                 |    select|   0|  0|   8|           1|           8|
    |c1_15_fu_15088_p3                 |    select|   0|  0|   8|           1|           8|
    |c1_1_fu_14990_p3                  |    select|   0|  0|   8|           1|           8|
    |c1_2_fu_14997_p3                  |    select|   0|  0|   8|           1|           8|
    |c1_3_fu_15004_p3                  |    select|   0|  0|   8|           1|           8|
    |c1_4_fu_15011_p3                  |    select|   0|  0|   8|           1|           8|
    |c1_5_fu_15018_p3                  |    select|   0|  0|   8|           1|           8|
    |c1_6_fu_15025_p3                  |    select|   0|  0|   8|           1|           8|
    |c1_7_fu_15032_p3                  |    select|   0|  0|   8|           1|           8|
    |c1_8_fu_15039_p3                  |    select|   0|  0|   8|           1|           8|
    |c1_9_fu_15046_p3                  |    select|   0|  0|   8|           1|           8|
    |c2_0_fu_15095_p3                  |    select|   0|  0|   8|           1|           8|
    |c2_10_fu_15164_p3                 |    select|   0|  0|   8|           1|           8|
    |c2_11_fu_15171_p3                 |    select|   0|  0|   8|           1|           8|
    |c2_12_fu_15178_p3                 |    select|   0|  0|   8|           1|           8|
    |c2_13_fu_15185_p3                 |    select|   0|  0|   8|           1|           8|
    |c2_14_fu_15192_p3                 |    select|   0|  0|   8|           1|           8|
    |c2_15_fu_15199_p3                 |    select|   0|  0|   8|           1|           8|
    |c2_1_fu_15101_p3                  |    select|   0|  0|   8|           1|           8|
    |c2_2_fu_15108_p3                  |    select|   0|  0|   8|           1|           8|
    |c2_3_fu_15115_p3                  |    select|   0|  0|   8|           1|           8|
    |c2_4_fu_15122_p3                  |    select|   0|  0|   8|           1|           8|
    |c2_5_fu_15129_p3                  |    select|   0|  0|   8|           1|           8|
    |c2_6_fu_15136_p3                  |    select|   0|  0|   8|           1|           8|
    |c2_7_fu_15143_p3                  |    select|   0|  0|   8|           1|           8|
    |c2_8_fu_15150_p3                  |    select|   0|  0|   8|           1|           8|
    |c2_9_fu_15157_p3                  |    select|   0|  0|   8|           1|           8|
    |c3_0_fu_15206_p3                  |    select|   0|  0|   8|           1|           8|
    |c3_10_fu_15275_p3                 |    select|   0|  0|   8|           1|           8|
    |c3_11_fu_15282_p3                 |    select|   0|  0|   8|           1|           8|
    |c3_12_fu_15289_p3                 |    select|   0|  0|   8|           1|           8|
    |c3_13_fu_15296_p3                 |    select|   0|  0|   8|           1|           8|
    |c3_14_fu_15303_p3                 |    select|   0|  0|   8|           1|           8|
    |c3_15_fu_15310_p3                 |    select|   0|  0|   8|           1|           8|
    |c3_1_fu_15212_p3                  |    select|   0|  0|   8|           1|           8|
    |c3_2_fu_15219_p3                  |    select|   0|  0|   8|           1|           8|
    |c3_3_fu_15226_p3                  |    select|   0|  0|   8|           1|           8|
    |c3_4_fu_15233_p3                  |    select|   0|  0|   8|           1|           8|
    |c3_5_fu_15240_p3                  |    select|   0|  0|   8|           1|           8|
    |c3_6_fu_15247_p3                  |    select|   0|  0|   8|           1|           8|
    |c3_7_fu_15254_p3                  |    select|   0|  0|   8|           1|           8|
    |c3_8_fu_15261_p3                  |    select|   0|  0|   8|           1|           8|
    |c3_9_fu_15268_p3                  |    select|   0|  0|   8|           1|           8|
    |c4_0_fu_15317_p3                  |    select|   0|  0|   8|           1|           8|
    |c4_10_fu_15386_p3                 |    select|   0|  0|   8|           1|           8|
    |c4_11_fu_15393_p3                 |    select|   0|  0|   8|           1|           8|
    |c4_12_fu_15400_p3                 |    select|   0|  0|   8|           1|           8|
    |c4_13_fu_15407_p3                 |    select|   0|  0|   8|           1|           8|
    |c4_14_fu_15414_p3                 |    select|   0|  0|   8|           1|           8|
    |c4_15_fu_15421_p3                 |    select|   0|  0|   8|           1|           8|
    |c4_1_fu_15323_p3                  |    select|   0|  0|   8|           1|           8|
    |c4_2_fu_15330_p3                  |    select|   0|  0|   8|           1|           8|
    |c4_3_fu_15337_p3                  |    select|   0|  0|   8|           1|           8|
    |c4_4_fu_15344_p3                  |    select|   0|  0|   8|           1|           8|
    |c4_5_fu_15351_p3                  |    select|   0|  0|   8|           1|           8|
    |c4_6_fu_15358_p3                  |    select|   0|  0|   8|           1|           8|
    |c4_7_fu_15365_p3                  |    select|   0|  0|   8|           1|           8|
    |c4_8_fu_15372_p3                  |    select|   0|  0|   8|           1|           8|
    |c4_9_fu_15379_p3                  |    select|   0|  0|   8|           1|           8|
    |c5_0_fu_15428_p3                  |    select|   0|  0|   8|           1|           8|
    |c5_10_fu_15497_p3                 |    select|   0|  0|   8|           1|           8|
    |c5_11_fu_15504_p3                 |    select|   0|  0|   8|           1|           8|
    |c5_12_fu_15511_p3                 |    select|   0|  0|   8|           1|           8|
    |c5_13_fu_15518_p3                 |    select|   0|  0|   8|           1|           8|
    |c5_14_fu_15525_p3                 |    select|   0|  0|   8|           1|           8|
    |c5_15_fu_15532_p3                 |    select|   0|  0|   8|           1|           8|
    |c5_1_fu_15434_p3                  |    select|   0|  0|   8|           1|           8|
    |c5_2_fu_15441_p3                  |    select|   0|  0|   8|           1|           8|
    |c5_3_fu_15448_p3                  |    select|   0|  0|   8|           1|           8|
    |c5_4_fu_15455_p3                  |    select|   0|  0|   8|           1|           8|
    |c5_5_fu_15462_p3                  |    select|   0|  0|   8|           1|           8|
    |c5_6_fu_15469_p3                  |    select|   0|  0|   8|           1|           8|
    |c5_7_fu_15476_p3                  |    select|   0|  0|   8|           1|           8|
    |c5_8_fu_15483_p3                  |    select|   0|  0|   8|           1|           8|
    |c5_9_fu_15490_p3                  |    select|   0|  0|   8|           1|           8|
    |c6_0_fu_15539_p3                  |    select|   0|  0|   8|           1|           8|
    |c6_10_fu_15608_p3                 |    select|   0|  0|   8|           1|           8|
    |c6_11_fu_15615_p3                 |    select|   0|  0|   8|           1|           8|
    |c6_12_fu_15622_p3                 |    select|   0|  0|   8|           1|           8|
    |c6_13_fu_15629_p3                 |    select|   0|  0|   8|           1|           8|
    |c6_14_fu_15636_p3                 |    select|   0|  0|   8|           1|           8|
    |c6_15_fu_15643_p3                 |    select|   0|  0|   8|           1|           8|
    |c6_1_fu_15545_p3                  |    select|   0|  0|   8|           1|           8|
    |c6_2_fu_15552_p3                  |    select|   0|  0|   8|           1|           8|
    |c6_3_fu_15559_p3                  |    select|   0|  0|   8|           1|           8|
    |c6_4_fu_15566_p3                  |    select|   0|  0|   8|           1|           8|
    |c6_5_fu_15573_p3                  |    select|   0|  0|   8|           1|           8|
    |c6_6_fu_15580_p3                  |    select|   0|  0|   8|           1|           8|
    |c6_7_fu_15587_p3                  |    select|   0|  0|   8|           1|           8|
    |c6_8_fu_15594_p3                  |    select|   0|  0|   8|           1|           8|
    |c6_9_fu_15601_p3                  |    select|   0|  0|   8|           1|           8|
    |c7_0_fu_15650_p3                  |    select|   0|  0|   8|           1|           8|
    |c7_10_fu_15719_p3                 |    select|   0|  0|   8|           1|           8|
    |c7_11_fu_15726_p3                 |    select|   0|  0|   8|           1|           8|
    |c7_12_fu_15733_p3                 |    select|   0|  0|   8|           1|           8|
    |c7_13_fu_15740_p3                 |    select|   0|  0|   8|           1|           8|
    |c7_14_fu_15747_p3                 |    select|   0|  0|   8|           1|           8|
    |c7_15_fu_15754_p3                 |    select|   0|  0|   8|           1|           8|
    |c7_1_fu_15656_p3                  |    select|   0|  0|   8|           1|           8|
    |c7_2_fu_15663_p3                  |    select|   0|  0|   8|           1|           8|
    |c7_3_fu_15670_p3                  |    select|   0|  0|   8|           1|           8|
    |c7_4_fu_15677_p3                  |    select|   0|  0|   8|           1|           8|
    |c7_5_fu_15684_p3                  |    select|   0|  0|   8|           1|           8|
    |c7_6_fu_15691_p3                  |    select|   0|  0|   8|           1|           8|
    |c7_7_fu_15698_p3                  |    select|   0|  0|   8|           1|           8|
    |c7_8_fu_15705_p3                  |    select|   0|  0|   8|           1|           8|
    |c7_9_fu_15712_p3                  |    select|   0|  0|   8|           1|           8|
    |c8_0_fu_15761_p3                  |    select|   0|  0|   8|           1|           8|
    |c8_10_fu_15830_p3                 |    select|   0|  0|   8|           1|           8|
    |c8_11_fu_15837_p3                 |    select|   0|  0|   8|           1|           8|
    |c8_12_fu_15844_p3                 |    select|   0|  0|   8|           1|           8|
    |c8_13_fu_15851_p3                 |    select|   0|  0|   8|           1|           8|
    |c8_14_fu_15858_p3                 |    select|   0|  0|   8|           1|           8|
    |c8_15_fu_15865_p3                 |    select|   0|  0|   8|           1|           8|
    |c8_1_fu_15767_p3                  |    select|   0|  0|   8|           1|           8|
    |c8_2_fu_15774_p3                  |    select|   0|  0|   8|           1|           8|
    |c8_3_fu_15781_p3                  |    select|   0|  0|   8|           1|           8|
    |c8_4_fu_15788_p3                  |    select|   0|  0|   8|           1|           8|
    |c8_5_fu_15795_p3                  |    select|   0|  0|   8|           1|           8|
    |c8_6_fu_15802_p3                  |    select|   0|  0|   8|           1|           8|
    |c8_7_fu_15809_p3                  |    select|   0|  0|   8|           1|           8|
    |c8_8_fu_15816_p3                  |    select|   0|  0|   8|           1|           8|
    |c8_9_fu_15823_p3                  |    select|   0|  0|   8|           1|           8|
    |c9_0_fu_15872_p3                  |    select|   0|  0|   8|           1|           8|
    |c9_10_fu_15941_p3                 |    select|   0|  0|   8|           1|           8|
    |c9_11_fu_15948_p3                 |    select|   0|  0|   8|           1|           8|
    |c9_12_fu_15955_p3                 |    select|   0|  0|   8|           1|           8|
    |c9_13_fu_15962_p3                 |    select|   0|  0|   8|           1|           8|
    |c9_14_fu_15969_p3                 |    select|   0|  0|   8|           1|           8|
    |c9_15_fu_15976_p3                 |    select|   0|  0|   8|           1|           8|
    |c9_1_fu_15878_p3                  |    select|   0|  0|   8|           1|           8|
    |c9_2_fu_15885_p3                  |    select|   0|  0|   8|           1|           8|
    |c9_3_fu_15892_p3                  |    select|   0|  0|   8|           1|           8|
    |c9_4_fu_15899_p3                  |    select|   0|  0|   8|           1|           8|
    |c9_5_fu_15906_p3                  |    select|   0|  0|   8|           1|           8|
    |c9_6_fu_15913_p3                  |    select|   0|  0|   8|           1|           8|
    |c9_7_fu_15920_p3                  |    select|   0|  0|   8|           1|           8|
    |c9_8_fu_15927_p3                  |    select|   0|  0|   8|           1|           8|
    |c9_9_fu_15934_p3                  |    select|   0|  0|   8|           1|           8|
    |ap_enable_pp0                     |       xor|   0|  0|   2|           1|           2|
    +----------------------------------+----------+----+---+----+------------+------------+
    |Total                             |          |   0|  0|8661|        5050|        6834|
    +----------------------------------+----------+----+---+----+------------+------------+

    * Multiplexer: 
    +-------------------------+----+-----------+-----+-----------+
    |           Name          | LUT| Input Size| Bits| Total Bits|
    +-------------------------+----+-----------+-----+-----------+
    |ap_done_int              |   9|          2|    1|          2|
    |ap_enable_reg_pp0_iter3  |   9|          2|    1|          2|
    |ap_sig_allocacmp_s_1     |   9|          2|    9|         18|
    |n0_10_fu_3150            |   9|          2|    8|         16|
    |n0_11_fu_3146            |   9|          2|    8|         16|
    |n0_12_fu_3142            |   9|          2|    8|         16|
    |n0_13_fu_3138            |   9|          2|    8|         16|
    |n0_14_fu_3134            |   9|          2|    8|         16|
    |n0_15_fu_2034            |   9|          2|    8|         16|
    |n0_1_fu_3186             |   9|          2|    8|         16|
    |n0_2_fu_3182             |   9|          2|    8|         16|
    |n0_3_fu_3178             |   9|          2|    8|         16|
    |n0_4_fu_3174             |   9|          2|    8|         16|
    |n0_5_fu_3170             |   9|          2|    8|         16|
    |n0_6_fu_3166             |   9|          2|    8|         16|
    |n0_7_fu_3162             |   9|          2|    8|         16|
    |n0_8_fu_3158             |   9|          2|    8|         16|
    |n0_9_fu_3154             |   9|          2|    8|         16|
    |n10_10_fu_2590           |   9|          2|    8|         16|
    |n10_11_fu_2586           |   9|          2|    8|         16|
    |n10_12_fu_2582           |   9|          2|    8|         16|
    |n10_13_fu_2578           |   9|          2|    8|         16|
    |n10_14_fu_2574           |   9|          2|    8|         16|
    |n10_15_fu_1994           |   9|          2|    8|         16|
    |n10_1_fu_2626            |   9|          2|    8|         16|
    |n10_2_fu_2622            |   9|          2|    8|         16|
    |n10_3_fu_2618            |   9|          2|    8|         16|
    |n10_4_fu_2614            |   9|          2|    8|         16|
    |n10_5_fu_2610            |   9|          2|    8|         16|
    |n10_6_fu_2606            |   9|          2|    8|         16|
    |n10_7_fu_2602            |   9|          2|    8|         16|
    |n10_8_fu_2598            |   9|          2|    8|         16|
    |n10_9_fu_2594            |   9|          2|    8|         16|
    |n11_10_fu_2534           |   9|          2|    8|         16|
    |n11_11_fu_2530           |   9|          2|    8|         16|
    |n11_12_fu_2526           |   9|          2|    8|         16|
    |n11_13_fu_2522           |   9|          2|    8|         16|
    |n11_14_fu_2518           |   9|          2|    8|         16|
    |n11_15_fu_1990           |   9|          2|    8|         16|
    |n11_1_fu_2570            |   9|          2|    8|         16|
    |n11_2_fu_2566            |   9|          2|    8|         16|
    |n11_3_fu_2562            |   9|          2|    8|         16|
    |n11_4_fu_2558            |   9|          2|    8|         16|
    |n11_5_fu_2554            |   9|          2|    8|         16|
    |n11_6_fu_2550            |   9|          2|    8|         16|
    |n11_7_fu_2546            |   9|          2|    8|         16|
    |n11_8_fu_2542            |   9|          2|    8|         16|
    |n11_9_fu_2538            |   9|          2|    8|         16|
    |n12_10_fu_2478           |   9|          2|    8|         16|
    |n12_11_fu_2474           |   9|          2|    8|         16|
    |n12_12_fu_2470           |   9|          2|    8|         16|
    |n12_13_fu_2466           |   9|          2|    8|         16|
    |n12_14_fu_2462           |   9|          2|    8|         16|
    |n12_15_fu_1986           |   9|          2|    8|         16|
    |n12_1_fu_2514            |   9|          2|    8|         16|
    |n12_2_fu_2510            |   9|          2|    8|         16|
    |n12_3_fu_2506            |   9|          2|    8|         16|
    |n12_4_fu_2502            |   9|          2|    8|         16|
    |n12_5_fu_2498            |   9|          2|    8|         16|
    |n12_6_fu_2494            |   9|          2|    8|         16|
    |n12_7_fu_2490            |   9|          2|    8|         16|
    |n12_8_fu_2486            |   9|          2|    8|         16|
    |n12_9_fu_2482            |   9|          2|    8|         16|
    |n13_10_fu_2422           |   9|          2|    8|         16|
    |n13_11_fu_2418           |   9|          2|    8|         16|
    |n13_12_fu_2414           |   9|          2|    8|         16|
    |n13_13_fu_2410           |   9|          2|    8|         16|
    |n13_14_fu_2406           |   9|          2|    8|         16|
    |n13_15_fu_1982           |   9|          2|    8|         16|
    |n13_1_fu_2458            |   9|          2|    8|         16|
    |n13_2_fu_2454            |   9|          2|    8|         16|
    |n13_3_fu_2450            |   9|          2|    8|         16|
    |n13_4_fu_2446            |   9|          2|    8|         16|
    |n13_5_fu_2442            |   9|          2|    8|         16|
    |n13_6_fu_2438            |   9|          2|    8|         16|
    |n13_7_fu_2434            |   9|          2|    8|         16|
    |n13_8_fu_2430            |   9|          2|    8|         16|
    |n13_9_fu_2426            |   9|          2|    8|         16|
    |n14_10_fu_2366           |   9|          2|    8|         16|
    |n14_11_fu_2362           |   9|          2|    8|         16|
    |n14_12_fu_2358           |   9|          2|    8|         16|
    |n14_13_fu_2354           |   9|          2|    8|         16|
    |n14_14_fu_2350           |   9|          2|    8|         16|
    |n14_15_fu_1978           |   9|          2|    8|         16|
    |n14_1_fu_2402            |   9|          2|    8|         16|
    |n14_2_fu_2398            |   9|          2|    8|         16|
    |n14_3_fu_2394            |   9|          2|    8|         16|
    |n14_4_fu_2390            |   9|          2|    8|         16|
    |n14_5_fu_2386            |   9|          2|    8|         16|
    |n14_6_fu_2382            |   9|          2|    8|         16|
    |n14_7_fu_2378            |   9|          2|    8|         16|
    |n14_8_fu_2374            |   9|          2|    8|         16|
    |n14_9_fu_2370            |   9|          2|    8|         16|
    |n15_10_fu_2310           |   9|          2|    8|         16|
    |n15_11_fu_2306           |   9|          2|    8|         16|
    |n15_12_fu_2302           |   9|          2|    8|         16|
    |n15_13_fu_2298           |   9|          2|    8|         16|
    |n15_14_fu_2294           |   9|          2|    8|         16|
    |n15_15_fu_1974           |   9|          2|    8|         16|
    |n15_1_fu_2346            |   9|          2|    8|         16|
    |n15_2_fu_2342            |   9|          2|    8|         16|
    |n15_3_fu_2338            |   9|          2|    8|         16|
    |n15_4_fu_2334            |   9|          2|    8|         16|
    |n15_5_fu_2330            |   9|          2|    8|         16|
    |n15_6_fu_2326            |   9|          2|    8|         16|
    |n15_7_fu_2322            |   9|          2|    8|         16|
    |n15_8_fu_2318            |   9|          2|    8|         16|
    |n15_9_fu_2314            |   9|          2|    8|         16|
    |n1_10_fu_3094            |   9|          2|    8|         16|
    |n1_11_fu_3090            |   9|          2|    8|         16|
    |n1_12_fu_3086            |   9|          2|    8|         16|
    |n1_13_fu_3082            |   9|          2|    8|         16|
    |n1_14_fu_3078            |   9|          2|    8|         16|
    |n1_15_fu_2030            |   9|          2|    8|         16|
    |n1_1_fu_3130             |   9|          2|    8|         16|
    |n1_2_fu_3126             |   9|          2|    8|         16|
    |n1_3_fu_3122             |   9|          2|    8|         16|
    |n1_4_fu_3118             |   9|          2|    8|         16|
    |n1_5_fu_3114             |   9|          2|    8|         16|
    |n1_6_fu_3110             |   9|          2|    8|         16|
    |n1_7_fu_3106             |   9|          2|    8|         16|
    |n1_8_fu_3102             |   9|          2|    8|         16|
    |n1_9_fu_3098             |   9|          2|    8|         16|
    |n2_10_fu_3038            |   9|          2|    8|         16|
    |n2_11_fu_3034            |   9|          2|    8|         16|
    |n2_12_fu_3030            |   9|          2|    8|         16|
    |n2_13_fu_3026            |   9|          2|    8|         16|
    |n2_14_fu_3022            |   9|          2|    8|         16|
    |n2_15_fu_2026            |   9|          2|    8|         16|
    |n2_1_fu_3074             |   9|          2|    8|         16|
    |n2_2_fu_3070             |   9|          2|    8|         16|
    |n2_3_fu_3066             |   9|          2|    8|         16|
    |n2_4_fu_3062             |   9|          2|    8|         16|
    |n2_5_fu_3058             |   9|          2|    8|         16|
    |n2_6_fu_3054             |   9|          2|    8|         16|
    |n2_7_fu_3050             |   9|          2|    8|         16|
    |n2_8_fu_3046             |   9|          2|    8|         16|
    |n2_9_fu_3042             |   9|          2|    8|         16|
    |n3_10_fu_2982            |   9|          2|    8|         16|
    |n3_11_fu_2978            |   9|          2|    8|         16|
    |n3_12_fu_2974            |   9|          2|    8|         16|
    |n3_13_fu_2970            |   9|          2|    8|         16|
    |n3_14_fu_2966            |   9|          2|    8|         16|
    |n3_15_fu_2022            |   9|          2|    8|         16|
    |n3_1_fu_3018             |   9|          2|    8|         16|
    |n3_2_fu_3014             |   9|          2|    8|         16|
    |n3_3_fu_3010             |   9|          2|    8|         16|
    |n3_4_fu_3006             |   9|          2|    8|         16|
    |n3_5_fu_3002             |   9|          2|    8|         16|
    |n3_6_fu_2998             |   9|          2|    8|         16|
    |n3_7_fu_2994             |   9|          2|    8|         16|
    |n3_8_fu_2990             |   9|          2|    8|         16|
    |n3_9_fu_2986             |   9|          2|    8|         16|
    |n4_10_fu_2926            |   9|          2|    8|         16|
    |n4_11_fu_2922            |   9|          2|    8|         16|
    |n4_12_fu_2918            |   9|          2|    8|         16|
    |n4_13_fu_2914            |   9|          2|    8|         16|
    |n4_14_fu_2910            |   9|          2|    8|         16|
    |n4_15_fu_2018            |   9|          2|    8|         16|
    |n4_1_fu_2962             |   9|          2|    8|         16|
    |n4_2_fu_2958             |   9|          2|    8|         16|
    |n4_3_fu_2954             |   9|          2|    8|         16|
    |n4_4_fu_2950             |   9|          2|    8|         16|
    |n4_5_fu_2946             |   9|          2|    8|         16|
    |n4_6_fu_2942             |   9|          2|    8|         16|
    |n4_7_fu_2938             |   9|          2|    8|         16|
    |n4_8_fu_2934             |   9|          2|    8|         16|
    |n4_9_fu_2930             |   9|          2|    8|         16|
    |n5_10_fu_2870            |   9|          2|    8|         16|
    |n5_11_fu_2866            |   9|          2|    8|         16|
    |n5_12_fu_2862            |   9|          2|    8|         16|
    |n5_13_fu_2858            |   9|          2|    8|         16|
    |n5_14_fu_2854            |   9|          2|    8|         16|
    |n5_15_fu_2014            |   9|          2|    8|         16|
    |n5_1_fu_2906             |   9|          2|    8|         16|
    |n5_2_fu_2902             |   9|          2|    8|         16|
    |n5_3_fu_2898             |   9|          2|    8|         16|
    |n5_4_fu_2894             |   9|          2|    8|         16|
    |n5_5_fu_2890             |   9|          2|    8|         16|
    |n5_6_fu_2886             |   9|          2|    8|         16|
    |n5_7_fu_2882             |   9|          2|    8|         16|
    |n5_8_fu_2878             |   9|          2|    8|         16|
    |n5_9_fu_2874             |   9|          2|    8|         16|
    |n6_10_fu_2814            |   9|          2|    8|         16|
    |n6_11_fu_2810            |   9|          2|    8|         16|
    |n6_12_fu_2806            |   9|          2|    8|         16|
    |n6_13_fu_2802            |   9|          2|    8|         16|
    |n6_14_fu_2798            |   9|          2|    8|         16|
    |n6_15_fu_2010            |   9|          2|    8|         16|
    |n6_1_fu_2850             |   9|          2|    8|         16|
    |n6_2_fu_2846             |   9|          2|    8|         16|
    |n6_3_fu_2842             |   9|          2|    8|         16|
    |n6_4_fu_2838             |   9|          2|    8|         16|
    |n6_5_fu_2834             |   9|          2|    8|         16|
    |n6_6_fu_2830             |   9|          2|    8|         16|
    |n6_7_fu_2826             |   9|          2|    8|         16|
    |n6_8_fu_2822             |   9|          2|    8|         16|
    |n6_9_fu_2818             |   9|          2|    8|         16|
    |n7_10_fu_2758            |   9|          2|    8|         16|
    |n7_11_fu_2754            |   9|          2|    8|         16|
    |n7_12_fu_2750            |   9|          2|    8|         16|
    |n7_13_fu_2746            |   9|          2|    8|         16|
    |n7_14_fu_2742            |   9|          2|    8|         16|
    |n7_15_fu_2006            |   9|          2|    8|         16|
    |n7_1_fu_2794             |   9|          2|    8|         16|
    |n7_2_fu_2790             |   9|          2|    8|         16|
    |n7_3_fu_2786             |   9|          2|    8|         16|
    |n7_4_fu_2782             |   9|          2|    8|         16|
    |n7_5_fu_2778             |   9|          2|    8|         16|
    |n7_6_fu_2774             |   9|          2|    8|         16|
    |n7_7_fu_2770             |   9|          2|    8|         16|
    |n7_8_fu_2766             |   9|          2|    8|         16|
    |n7_9_fu_2762             |   9|          2|    8|         16|
    |n8_10_fu_2702            |   9|          2|    8|         16|
    |n8_11_fu_2698            |   9|          2|    8|         16|
    |n8_12_fu_2694            |   9|          2|    8|         16|
    |n8_13_fu_2690            |   9|          2|    8|         16|
    |n8_14_fu_2686            |   9|          2|    8|         16|
    |n8_15_fu_2002            |   9|          2|    8|         16|
    |n8_1_fu_2738             |   9|          2|    8|         16|
    |n8_2_fu_2734             |   9|          2|    8|         16|
    |n8_3_fu_2730             |   9|          2|    8|         16|
    |n8_4_fu_2726             |   9|          2|    8|         16|
    |n8_5_fu_2722             |   9|          2|    8|         16|
    |n8_6_fu_2718             |   9|          2|    8|         16|
    |n8_7_fu_2714             |   9|          2|    8|         16|
    |n8_8_fu_2710             |   9|          2|    8|         16|
    |n8_9_fu_2706             |   9|          2|    8|         16|
    |n9_10_fu_2646            |   9|          2|    8|         16|
    |n9_11_fu_2642            |   9|          2|    8|         16|
    |n9_12_fu_2638            |   9|          2|    8|         16|
    |n9_13_fu_2634            |   9|          2|    8|         16|
    |n9_14_fu_2630            |   9|          2|    8|         16|
    |n9_15_fu_1998            |   9|          2|    8|         16|
    |n9_1_fu_2682             |   9|          2|    8|         16|
    |n9_2_fu_2678             |   9|          2|    8|         16|
    |n9_3_fu_2674             |   9|          2|    8|         16|
    |n9_4_fu_2670             |   9|          2|    8|         16|
    |n9_5_fu_2666             |   9|          2|    8|         16|
    |n9_6_fu_2662             |   9|          2|    8|         16|
    |n9_7_fu_2658             |   9|          2|    8|         16|
    |n9_8_fu_2654             |   9|          2|    8|         16|
    |n9_9_fu_2650             |   9|          2|    8|         16|
    |v0_blk_n                 |   9|          2|    1|          2|
    |v10_blk_n                |   9|          2|    1|          2|
    |v1156_fu_1202            |   9|          2|    8|         16|
    |v1161_fu_1266            |   9|          2|    8|         16|
    |v1169_fu_1330            |   9|          2|    8|         16|
    |v1174_fu_1394            |   9|          2|    8|         16|
    |v1185_fu_1458            |   9|          2|    8|         16|
    |v1190_fu_1522            |   9|          2|    8|         16|
    |v1198_fu_1586            |   9|          2|    8|         16|
    |v11_blk_n                |   9|          2|    1|          2|
    |v1203_fu_1650            |   9|          2|    8|         16|
    |v1217_fu_1714            |   9|          2|    8|         16|
    |v1222_fu_1778            |   9|          2|    8|         16|
    |v1230_fu_1842            |   9|          2|    8|         16|
    |v1235_fu_1906            |   9|          2|    8|         16|
    |v1246_fu_1970            |   9|          2|    8|         16|
    |v1251_fu_2098            |   9|          2|    8|         16|
    |v1259_fu_2162            |   9|          2|    8|         16|
    |v1264_fu_2226            |   9|          2|    8|         16|
    |v1285_fu_1206            |   9|          2|    8|         16|
    |v1290_fu_1270            |   9|          2|    8|         16|
    |v1298_fu_1334            |   9|          2|    8|         16|
    |v12_blk_n                |   9|          2|    1|          2|
    |v1303_fu_1398            |   9|          2|    8|         16|
    |v1314_fu_1462            |   9|          2|    8|         16|
    |v1319_fu_1526            |   9|          2|    8|         16|
    |v1327_fu_1590            |   9|          2|    8|         16|
    |v1332_fu_1654            |   9|          2|    8|         16|
    |v1346_fu_1718            |   9|          2|    8|         16|
    |v1351_fu_1782            |   9|          2|    8|         16|
    |v1359_fu_1846            |   9|          2|    8|         16|
    |v1364_fu_1910            |   9|          2|    8|         16|
    |v1375_fu_2038            |   9|          2|    8|         16|
    |v1380_fu_2102            |   9|          2|    8|         16|
    |v1388_fu_2166            |   9|          2|    8|         16|
    |v1393_fu_2230            |   9|          2|    8|         16|
    |v13_blk_n                |   9|          2|    1|          2|
    |v1414_fu_1210            |   9|          2|    8|         16|
    |v1419_fu_1274            |   9|          2|    8|         16|
    |v1427_fu_1338            |   9|          2|    8|         16|
    |v1432_fu_1402            |   9|          2|    8|         16|
    |v1443_fu_1466            |   9|          2|    8|         16|
    |v1448_fu_1530            |   9|          2|    8|         16|
    |v1456_fu_1594            |   9|          2|    8|         16|
    |v1461_fu_1658            |   9|          2|    8|         16|
    |v1475_fu_1722            |   9|          2|    8|         16|
    |v1480_fu_1786            |   9|          2|    8|         16|
    |v1488_fu_1850            |   9|          2|    8|         16|
    |v1493_fu_1914            |   9|          2|    8|         16|
    |v14_blk_n                |   9|          2|    1|          2|
    |v1504_fu_2042            |   9|          2|    8|         16|
    |v1509_fu_2106            |   9|          2|    8|         16|
    |v1517_fu_2170            |   9|          2|    8|         16|
    |v1522_fu_2234            |   9|          2|    8|         16|
    |v1543_fu_1214            |   9|          2|    8|         16|
    |v1548_fu_1278            |   9|          2|    8|         16|
    |v1556_fu_1342            |   9|          2|    8|         16|
    |v1561_fu_1406            |   9|          2|    8|         16|
    |v1572_fu_1470            |   9|          2|    8|         16|
    |v1577_fu_1534            |   9|          2|    8|         16|
    |v1585_fu_1598            |   9|          2|    8|         16|
    |v1590_fu_1662            |   9|          2|    8|         16|
    |v15_blk_n                |   9|          2|    1|          2|
    |v1604_fu_1726            |   9|          2|    8|         16|
    |v1609_fu_1790            |   9|          2|    8|         16|
    |v1617_fu_1854            |   9|          2|    8|         16|
    |v1622_fu_1918            |   9|          2|    8|         16|
    |v1633_fu_2046            |   9|          2|    8|         16|
    |v1638_fu_2110            |   9|          2|    8|         16|
    |v1646_fu_2174            |   9|          2|    8|         16|
    |v1651_fu_2238            |   9|          2|    8|         16|
    |v1672_fu_1218            |   9|          2|    8|         16|
    |v1677_fu_1282            |   9|          2|    8|         16|
    |v1685_fu_1346            |   9|          2|    8|         16|
    |v1690_fu_1410            |   9|          2|    8|         16|
    |v16_blk_n                |   9|          2|    1|          2|
    |v1701_fu_1474            |   9|          2|    8|         16|
    |v1706_fu_1538            |   9|          2|    8|         16|
    |v1714_fu_1602            |   9|          2|    8|         16|
    |v1719_fu_1666            |   9|          2|    8|         16|
    |v1733_fu_1730            |   9|          2|    8|         16|
    |v1738_fu_1794            |   9|          2|    8|         16|
    |v1746_fu_1858            |   9|          2|    8|         16|
    |v1751_fu_1922            |   9|          2|    8|         16|
    |v1762_fu_2050            |   9|          2|    8|         16|
    |v1767_fu_2114            |   9|          2|    8|         16|
    |v1775_fu_2178            |   9|          2|    8|         16|
    |v1780_fu_2242            |   9|          2|    8|         16|
    |v17_blk_n                |   9|          2|    1|          2|
    |v1801_fu_1222            |   9|          2|    8|         16|
    |v1806_fu_1286            |   9|          2|    8|         16|
    |v1814_fu_1350            |   9|          2|    8|         16|
    |v1819_fu_1414            |   9|          2|    8|         16|
    |v1830_fu_1478            |   9|          2|    8|         16|
    |v1835_fu_1542            |   9|          2|    8|         16|
    |v1843_fu_1606            |   9|          2|    8|         16|
    |v1848_fu_1670            |   9|          2|    8|         16|
    |v1862_fu_1734            |   9|          2|    8|         16|
    |v1867_fu_1798            |   9|          2|    8|         16|
    |v1875_fu_1862            |   9|          2|    8|         16|
    |v1880_fu_1926            |   9|          2|    8|         16|
    |v1891_fu_2054            |   9|          2|    8|         16|
    |v1896_fu_2118            |   9|          2|    8|         16|
    |v18_blk_n                |   9|          2|    1|          2|
    |v1904_fu_2182            |   9|          2|    8|         16|
    |v1909_fu_2246            |   9|          2|    8|         16|
    |v1930_fu_1226            |   9|          2|    8|         16|
    |v1935_fu_1290            |   9|          2|    8|         16|
    |v1943_fu_1354            |   9|          2|    8|         16|
    |v1948_fu_1418            |   9|          2|    8|         16|
    |v1959_fu_1482            |   9|          2|    8|         16|
    |v1964_fu_1546            |   9|          2|    8|         16|
    |v1972_fu_1610            |   9|          2|    8|         16|
    |v1977_fu_1674            |   9|          2|    8|         16|
    |v1991_fu_1738            |   9|          2|    8|         16|
    |v1996_fu_1802            |   9|          2|    8|         16|
    |v19_blk_n                |   9|          2|    1|          2|
    |v1_blk_n                 |   9|          2|    1|          2|
    |v2004_fu_1866            |   9|          2|    8|         16|
    |v2009_fu_1930            |   9|          2|    8|         16|
    |v2020_fu_2058            |   9|          2|    8|         16|
    |v2025_fu_2122            |   9|          2|    8|         16|
    |v2033_fu_2186            |   9|          2|    8|         16|
    |v2038_fu_2250            |   9|          2|    8|         16|
    |v2059_fu_1230            |   9|          2|    8|         16|
    |v2064_fu_1294            |   9|          2|    8|         16|
    |v2072_fu_1358            |   9|          2|    8|         16|
    |v2077_fu_1422            |   9|          2|    8|         16|
    |v2088_fu_1486            |   9|          2|    8|         16|
    |v2093_fu_1550            |   9|          2|    8|         16|
    |v20_blk_n                |   9|          2|    1|          2|
    |v2101_fu_1614            |   9|          2|    8|         16|
    |v2106_fu_1678            |   9|          2|    8|         16|
    |v2120_fu_1742            |   9|          2|    8|         16|
    |v2125_fu_1806            |   9|          2|    8|         16|
    |v2133_fu_1870            |   9|          2|    8|         16|
    |v2138_fu_1934            |   9|          2|    8|         16|
    |v2149_fu_2062            |   9|          2|    8|         16|
    |v2154_fu_2126            |   9|          2|    8|         16|
    |v2162_fu_2190            |   9|          2|    8|         16|
    |v2167_fu_2254            |   9|          2|    8|         16|
    |v2188_fu_1234            |   9|          2|    8|         16|
    |v2193_fu_1298            |   9|          2|    8|         16|
    |v21_blk_n                |   9|          2|    1|          2|
    |v2201_fu_1362            |   9|          2|    8|         16|
    |v2206_fu_1426            |   9|          2|    8|         16|
    |v2217_fu_1490            |   9|          2|    8|         16|
    |v2222_fu_1554            |   9|          2|    8|         16|
    |v2230_fu_1618            |   9|          2|    8|         16|
    |v2235_fu_1682            |   9|          2|    8|         16|
    |v2249_fu_1746            |   9|          2|    8|         16|
    |v2254_fu_1810            |   9|          2|    8|         16|
    |v2262_fu_1874            |   9|          2|    8|         16|
    |v2267_fu_1938            |   9|          2|    8|         16|
    |v2278_fu_2066            |   9|          2|    8|         16|
    |v2283_fu_2130            |   9|          2|    8|         16|
    |v2291_fu_2194            |   9|          2|    8|         16|
    |v2296_fu_2258            |   9|          2|    8|         16|
    |v22_blk_n                |   9|          2|    1|          2|
    |v2317_fu_1238            |   9|          2|    8|         16|
    |v2322_fu_1302            |   9|          2|    8|         16|
    |v2330_fu_1366            |   9|          2|    8|         16|
    |v2335_fu_1430            |   9|          2|    8|         16|
    |v2346_fu_1494            |   9|          2|    8|         16|
    |v2351_fu_1558            |   9|          2|    8|         16|
    |v2359_fu_1622            |   9|          2|    8|         16|
    |v2364_fu_1686            |   9|          2|    8|         16|
    |v2378_fu_1750            |   9|          2|    8|         16|
    |v2383_fu_1814            |   9|          2|    8|         16|
    |v2391_fu_1878            |   9|          2|    8|         16|
    |v2396_fu_1942            |   9|          2|    8|         16|
    |v23_blk_n                |   9|          2|    1|          2|
    |v2407_fu_2070            |   9|          2|    8|         16|
    |v2412_fu_2134            |   9|          2|    8|         16|
    |v2420_fu_2198            |   9|          2|    8|         16|
    |v2425_fu_2262            |   9|          2|    8|         16|
    |v2446_fu_1242            |   9|          2|    8|         16|
    |v2451_fu_1306            |   9|          2|    8|         16|
    |v2459_fu_1370            |   9|          2|    8|         16|
    |v2464_fu_1434            |   9|          2|    8|         16|
    |v2475_fu_1498            |   9|          2|    8|         16|
    |v2480_fu_1562            |   9|          2|    8|         16|
    |v2488_fu_1626            |   9|          2|    8|         16|
    |v2493_fu_1690            |   9|          2|    8|         16|
    |v24_blk_n                |   9|          2|    1|          2|
    |v2507_fu_1754            |   9|          2|    8|         16|
    |v2512_fu_1818            |   9|          2|    8|         16|
    |v2520_fu_1882            |   9|          2|    8|         16|
    |v2525_fu_1946            |   9|          2|    8|         16|
    |v2536_fu_2074            |   9|          2|    8|         16|
    |v2541_fu_2138            |   9|          2|    8|         16|
    |v2549_fu_2202            |   9|          2|    8|         16|
    |v2554_fu_2266            |   9|          2|    8|         16|
    |v2575_fu_1246            |   9|          2|    8|         16|
    |v2580_fu_1310            |   9|          2|    8|         16|
    |v2588_fu_1374            |   9|          2|    8|         16|
    |v2593_fu_1438            |   9|          2|    8|         16|
    |v25_blk_n                |   9|          2|    1|          2|
    |v2604_fu_1502            |   9|          2|    8|         16|
    |v2609_fu_1566            |   9|          2|    8|         16|
    |v2617_fu_1630            |   9|          2|    8|         16|
    |v2622_fu_1694            |   9|          2|    8|         16|
    |v2636_fu_1758            |   9|          2|    8|         16|
    |v2641_fu_1822            |   9|          2|    8|         16|
    |v2649_fu_1886            |   9|          2|    8|         16|
    |v2654_fu_1950            |   9|          2|    8|         16|
    |v2665_fu_2078            |   9|          2|    8|         16|
    |v2670_fu_2142            |   9|          2|    8|         16|
    |v2678_fu_2206            |   9|          2|    8|         16|
    |v2683_fu_2270            |   9|          2|    8|         16|
    |v26_blk_n                |   9|          2|    1|          2|
    |v2704_fu_1250            |   9|          2|    8|         16|
    |v2709_fu_1314            |   9|          2|    8|         16|
    |v2717_fu_1378            |   9|          2|    8|         16|
    |v2722_fu_1442            |   9|          2|    8|         16|
    |v2733_fu_1506            |   9|          2|    8|         16|
    |v2738_fu_1570            |   9|          2|    8|         16|
    |v2746_fu_1634            |   9|          2|    8|         16|
    |v2751_fu_1698            |   9|          2|    8|         16|
    |v2765_fu_1762            |   9|          2|    8|         16|
    |v2770_fu_1826            |   9|          2|    8|         16|
    |v2778_fu_1890            |   9|          2|    8|         16|
    |v2783_fu_1954            |   9|          2|    8|         16|
    |v2794_fu_2082            |   9|          2|    8|         16|
    |v2799_fu_2146            |   9|          2|    8|         16|
    |v27_blk_n                |   9|          2|    1|          2|
    |v2807_fu_2210            |   9|          2|    8|         16|
    |v2812_fu_2274            |   9|          2|    8|         16|
    |v2833_fu_1254            |   9|          2|    8|         16|
    |v2838_fu_1318            |   9|          2|    8|         16|
    |v2846_fu_1382            |   9|          2|    8|         16|
    |v2851_fu_1446            |   9|          2|    8|         16|
    |v2862_fu_1510            |   9|          2|    8|         16|
    |v2867_fu_1574            |   9|          2|    8|         16|
    |v2875_fu_1638            |   9|          2|    8|         16|
    |v2880_fu_1702            |   9|          2|    8|         16|
    |v2894_fu_1766            |   9|          2|    8|         16|
    |v2899_fu_1830            |   9|          2|    8|         16|
    |v28_blk_n                |   9|          2|    1|          2|
    |v2907_fu_1894            |   9|          2|    8|         16|
    |v2912_fu_1958            |   9|          2|    8|         16|
    |v2923_fu_2086            |   9|          2|    8|         16|
    |v2928_fu_2150            |   9|          2|    8|         16|
    |v2936_fu_2214            |   9|          2|    8|         16|
    |v2941_fu_2278            |   9|          2|    8|         16|
    |v2962_fu_1258            |   9|          2|    8|         16|
    |v2967_fu_1322            |   9|          2|    8|         16|
    |v2975_fu_1386            |   9|          2|    8|         16|
    |v2980_fu_1450            |   9|          2|    8|         16|
    |v2991_fu_1514            |   9|          2|    8|         16|
    |v2996_fu_1578            |   9|          2|    8|         16|
    |v29_blk_n                |   9|          2|    1|          2|
    |v2_blk_n                 |   9|          2|    1|          2|
    |v3004_fu_1642            |   9|          2|    8|         16|
    |v3009_fu_1706            |   9|          2|    8|         16|
    |v3023_fu_1770            |   9|          2|    8|         16|
    |v3028_fu_1834            |   9|          2|    8|         16|
    |v3036_fu_1898            |   9|          2|    8|         16|
    |v3041_fu_1962            |   9|          2|    8|         16|
    |v3052_fu_2090            |   9|          2|    8|         16|
    |v3057_fu_2154            |   9|          2|    8|         16|
    |v3065_fu_2218            |   9|          2|    8|         16|
    |v3070_fu_2282            |   9|          2|    8|         16|
    |v3091_fu_1262            |   9|          2|    8|         16|
    |v3096_fu_1326            |   9|          2|    8|         16|
    |v30_blk_n                |   9|          2|    1|          2|
    |v3104_fu_1390            |   9|          2|    8|         16|
    |v3109_fu_1454            |   9|          2|    8|         16|
    |v3120_fu_1518            |   9|          2|    8|         16|
    |v3125_fu_1582            |   9|          2|    8|         16|
    |v3133_fu_1646            |   9|          2|    8|         16|
    |v3138_fu_1710            |   9|          2|    8|         16|
    |v3152_fu_1774            |   9|          2|    8|         16|
    |v3157_fu_1838            |   9|          2|    8|         16|
    |v3165_fu_1902            |   9|          2|    8|         16|
    |v3170_fu_1966            |   9|          2|    8|         16|
    |v3181_fu_2094            |   9|          2|    8|         16|
    |v3186_fu_2158            |   9|          2|    8|         16|
    |v3194_fu_2222            |   9|          2|    8|         16|
    |v3199_fu_2286            |   9|          2|    8|         16|
    |v31_blk_n                |   9|          2|    1|          2|
    |v32_blk_n                |   9|          2|    1|          2|
    |v33_blk_n                |   9|          2|    1|          2|
    |v3474_fu_2290            |   9|          2|    9|         18|
    |v34_blk_n                |   9|          2|    1|          2|
    |v35_blk_n                |   9|          2|    1|          2|
    |v36_blk_n                |   9|          2|    1|          2|
    |v37_blk_n                |   9|          2|    1|          2|
    |v38_blk_n                |   9|          2|    1|          2|
    |v39_blk_n                |   9|          2|    1|          2|
    |v3_blk_n                 |   9|          2|    1|          2|
    |v40_blk_n                |   9|          2|    1|          2|
    |v41_blk_n                |   9|          2|    1|          2|
    |v42_blk_n                |   9|          2|    1|          2|
    |v43_blk_n                |   9|          2|    1|          2|
    |v44_blk_n                |   9|          2|    1|          2|
    |v45_blk_n                |   9|          2|    1|          2|
    |v46_blk_n                |   9|          2|    1|          2|
    |v47_blk_n                |   9|          2|    1|          2|
    |v48_blk_n                |   9|          2|    1|          2|
    |v49_blk_n                |   9|          2|    1|          2|
    |v4_blk_n                 |   9|          2|    1|          2|
    |v50_blk_n                |   9|          2|    1|          2|
    |v51_blk_n                |   9|          2|    1|          2|
    |v52_blk_n                |   9|          2|    1|          2|
    |v53_blk_n                |   9|          2|    1|          2|
    |v54_blk_n                |   9|          2|    1|          2|
    |v55_blk_n                |   9|          2|    1|          2|
    |v56_blk_n                |   9|          2|    1|          2|
    |v57_blk_n                |   9|          2|    1|          2|
    |v58_blk_n                |   9|          2|    1|          2|
    |v59_blk_n                |   9|          2|    1|          2|
    |v5_blk_n                 |   9|          2|    1|          2|
    |v60_blk_n                |   9|          2|    1|          2|
    |v61_blk_n                |   9|          2|    1|          2|
    |v62_blk_n                |   9|          2|    1|          2|
    |v63_blk_n                |   9|          2|    1|          2|
    |v6_blk_n                 |   9|          2|    1|          2|
    |v7_blk_n                 |   9|          2|    1|          2|
    |v8_blk_n                 |   9|          2|    1|          2|
    |v9_blk_n                 |   9|          2|    1|          2|
    +-------------------------+----+-----------+-----+-----------+
    |Total                    |5076|       1128| 4052|       8104|
    +-------------------------+----+-----------+-----+-----------+

    * Register: 
    +-------------------------------------+----+----+-----+-----------+
    |                 Name                | FF | LUT| Bits| Const Bits|
    +-------------------------------------+----+----+-----+-----------+
    |ap_CS_fsm                            |   1|   0|    1|          0|
    |ap_done_reg                          |   1|   0|    1|          0|
    |ap_enable_reg_pp0_iter1              |   1|   0|    1|          0|
    |ap_enable_reg_pp0_iter2              |   1|   0|    1|          0|
    |ap_enable_reg_pp0_iter3              |   1|   0|    1|          0|
    |ap_loop_exit_ready_pp0_iter1_reg     |   1|   0|    1|          0|
    |ap_loop_exit_ready_pp0_iter2_reg     |   1|   0|    1|          0|
    |icmp_ln1873_reg_22944                |   1|   0|    1|          0|
    |icmp_ln1873_reg_22944_pp0_iter1_reg  |   1|   0|    1|          0|
    |n0_10_fu_3150                        |   8|   0|    8|          0|
    |n0_11_fu_3146                        |   8|   0|    8|          0|
    |n0_12_fu_3142                        |   8|   0|    8|          0|
    |n0_13_fu_3138                        |   8|   0|    8|          0|
    |n0_14_fu_3134                        |   8|   0|    8|          0|
    |n0_15_fu_2034                        |   8|   0|    8|          0|
    |n0_1_fu_3186                         |   8|   0|    8|          0|
    |n0_2_fu_3182                         |   8|   0|    8|          0|
    |n0_3_fu_3178                         |   8|   0|    8|          0|
    |n0_4_fu_3174                         |   8|   0|    8|          0|
    |n0_5_fu_3170                         |   8|   0|    8|          0|
    |n0_6_fu_3166                         |   8|   0|    8|          0|
    |n0_7_fu_3162                         |   8|   0|    8|          0|
    |n0_8_fu_3158                         |   8|   0|    8|          0|
    |n0_9_fu_3154                         |   8|   0|    8|          0|
    |n10_10_fu_2590                       |   8|   0|    8|          0|
    |n10_11_fu_2586                       |   8|   0|    8|          0|
    |n10_12_fu_2582                       |   8|   0|    8|          0|
    |n10_13_fu_2578                       |   8|   0|    8|          0|
    |n10_14_fu_2574                       |   8|   0|    8|          0|
    |n10_15_fu_1994                       |   8|   0|    8|          0|
    |n10_1_fu_2626                        |   8|   0|    8|          0|
    |n10_2_fu_2622                        |   8|   0|    8|          0|
    |n10_3_fu_2618                        |   8|   0|    8|          0|
    |n10_4_fu_2614                        |   8|   0|    8|          0|
    |n10_5_fu_2610                        |   8|   0|    8|          0|
    |n10_6_fu_2606                        |   8|   0|    8|          0|
    |n10_7_fu_2602                        |   8|   0|    8|          0|
    |n10_8_fu_2598                        |   8|   0|    8|          0|
    |n10_9_fu_2594                        |   8|   0|    8|          0|
    |n11_10_fu_2534                       |   8|   0|    8|          0|
    |n11_11_fu_2530                       |   8|   0|    8|          0|
    |n11_12_fu_2526                       |   8|   0|    8|          0|
    |n11_13_fu_2522                       |   8|   0|    8|          0|
    |n11_14_fu_2518                       |   8|   0|    8|          0|
    |n11_15_fu_1990                       |   8|   0|    8|          0|
    |n11_1_fu_2570                        |   8|   0|    8|          0|
    |n11_2_fu_2566                        |   8|   0|    8|          0|
    |n11_3_fu_2562                        |   8|   0|    8|          0|
    |n11_4_fu_2558                        |   8|   0|    8|          0|
    |n11_5_fu_2554                        |   8|   0|    8|          0|
    |n11_6_fu_2550                        |   8|   0|    8|          0|
    |n11_7_fu_2546                        |   8|   0|    8|          0|
    |n11_8_fu_2542                        |   8|   0|    8|          0|
    |n11_9_fu_2538                        |   8|   0|    8|          0|
    |n12_10_fu_2478                       |   8|   0|    8|          0|
    |n12_11_fu_2474                       |   8|   0|    8|          0|
    |n12_12_fu_2470                       |   8|   0|    8|          0|
    |n12_13_fu_2466                       |   8|   0|    8|          0|
    |n12_14_fu_2462                       |   8|   0|    8|          0|
    |n12_15_fu_1986                       |   8|   0|    8|          0|
    |n12_1_fu_2514                        |   8|   0|    8|          0|
    |n12_2_fu_2510                        |   8|   0|    8|          0|
    |n12_3_fu_2506                        |   8|   0|    8|          0|
    |n12_4_fu_2502                        |   8|   0|    8|          0|
    |n12_5_fu_2498                        |   8|   0|    8|          0|
    |n12_6_fu_2494                        |   8|   0|    8|          0|
    |n12_7_fu_2490                        |   8|   0|    8|          0|
    |n12_8_fu_2486                        |   8|   0|    8|          0|
    |n12_9_fu_2482                        |   8|   0|    8|          0|
    |n13_10_fu_2422                       |   8|   0|    8|          0|
    |n13_11_fu_2418                       |   8|   0|    8|          0|
    |n13_12_fu_2414                       |   8|   0|    8|          0|
    |n13_13_fu_2410                       |   8|   0|    8|          0|
    |n13_14_fu_2406                       |   8|   0|    8|          0|
    |n13_15_fu_1982                       |   8|   0|    8|          0|
    |n13_1_fu_2458                        |   8|   0|    8|          0|
    |n13_2_fu_2454                        |   8|   0|    8|          0|
    |n13_3_fu_2450                        |   8|   0|    8|          0|
    |n13_4_fu_2446                        |   8|   0|    8|          0|
    |n13_5_fu_2442                        |   8|   0|    8|          0|
    |n13_6_fu_2438                        |   8|   0|    8|          0|
    |n13_7_fu_2434                        |   8|   0|    8|          0|
    |n13_8_fu_2430                        |   8|   0|    8|          0|
    |n13_9_fu_2426                        |   8|   0|    8|          0|
    |n14_10_fu_2366                       |   8|   0|    8|          0|
    |n14_11_fu_2362                       |   8|   0|    8|          0|
    |n14_12_fu_2358                       |   8|   0|    8|          0|
    |n14_13_fu_2354                       |   8|   0|    8|          0|
    |n14_14_fu_2350                       |   8|   0|    8|          0|
    |n14_15_fu_1978                       |   8|   0|    8|          0|
    |n14_1_fu_2402                        |   8|   0|    8|          0|
    |n14_2_fu_2398                        |   8|   0|    8|          0|
    |n14_3_fu_2394                        |   8|   0|    8|          0|
    |n14_4_fu_2390                        |   8|   0|    8|          0|
    |n14_5_fu_2386                        |   8|   0|    8|          0|
    |n14_6_fu_2382                        |   8|   0|    8|          0|
    |n14_7_fu_2378                        |   8|   0|    8|          0|
    |n14_8_fu_2374                        |   8|   0|    8|          0|
    |n14_9_fu_2370                        |   8|   0|    8|          0|
    |n15_10_fu_2310                       |   8|   0|    8|          0|
    |n15_11_fu_2306                       |   8|   0|    8|          0|
    |n15_12_fu_2302                       |   8|   0|    8|          0|
    |n15_13_fu_2298                       |   8|   0|    8|          0|
    |n15_14_fu_2294                       |   8|   0|    8|          0|
    |n15_15_fu_1974                       |   8|   0|    8|          0|
    |n15_1_fu_2346                        |   8|   0|    8|          0|
    |n15_2_fu_2342                        |   8|   0|    8|          0|
    |n15_3_fu_2338                        |   8|   0|    8|          0|
    |n15_4_fu_2334                        |   8|   0|    8|          0|
    |n15_5_fu_2330                        |   8|   0|    8|          0|
    |n15_6_fu_2326                        |   8|   0|    8|          0|
    |n15_7_fu_2322                        |   8|   0|    8|          0|
    |n15_8_fu_2318                        |   8|   0|    8|          0|
    |n15_9_fu_2314                        |   8|   0|    8|          0|
    |n1_10_fu_3094                        |   8|   0|    8|          0|
    |n1_11_fu_3090                        |   8|   0|    8|          0|
    |n1_12_fu_3086                        |   8|   0|    8|          0|
    |n1_13_fu_3082                        |   8|   0|    8|          0|
    |n1_14_fu_3078                        |   8|   0|    8|          0|
    |n1_15_fu_2030                        |   8|   0|    8|          0|
    |n1_1_fu_3130                         |   8|   0|    8|          0|
    |n1_2_fu_3126                         |   8|   0|    8|          0|
    |n1_3_fu_3122                         |   8|   0|    8|          0|
    |n1_4_fu_3118                         |   8|   0|    8|          0|
    |n1_5_fu_3114                         |   8|   0|    8|          0|
    |n1_6_fu_3110                         |   8|   0|    8|          0|
    |n1_7_fu_3106                         |   8|   0|    8|          0|
    |n1_8_fu_3102                         |   8|   0|    8|          0|
    |n1_9_fu_3098                         |   8|   0|    8|          0|
    |n2_10_fu_3038                        |   8|   0|    8|          0|
    |n2_11_fu_3034                        |   8|   0|    8|          0|
    |n2_12_fu_3030                        |   8|   0|    8|          0|
    |n2_13_fu_3026                        |   8|   0|    8|          0|
    |n2_14_fu_3022                        |   8|   0|    8|          0|
    |n2_15_fu_2026                        |   8|   0|    8|          0|
    |n2_1_fu_3074                         |   8|   0|    8|          0|
    |n2_2_fu_3070                         |   8|   0|    8|          0|
    |n2_3_fu_3066                         |   8|   0|    8|          0|
    |n2_4_fu_3062                         |   8|   0|    8|          0|
    |n2_5_fu_3058                         |   8|   0|    8|          0|
    |n2_6_fu_3054                         |   8|   0|    8|          0|
    |n2_7_fu_3050                         |   8|   0|    8|          0|
    |n2_8_fu_3046                         |   8|   0|    8|          0|
    |n2_9_fu_3042                         |   8|   0|    8|          0|
    |n3_10_fu_2982                        |   8|   0|    8|          0|
    |n3_11_fu_2978                        |   8|   0|    8|          0|
    |n3_12_fu_2974                        |   8|   0|    8|          0|
    |n3_13_fu_2970                        |   8|   0|    8|          0|
    |n3_14_fu_2966                        |   8|   0|    8|          0|
    |n3_15_fu_2022                        |   8|   0|    8|          0|
    |n3_1_fu_3018                         |   8|   0|    8|          0|
    |n3_2_fu_3014                         |   8|   0|    8|          0|
    |n3_3_fu_3010                         |   8|   0|    8|          0|
    |n3_4_fu_3006                         |   8|   0|    8|          0|
    |n3_5_fu_3002                         |   8|   0|    8|          0|
    |n3_6_fu_2998                         |   8|   0|    8|          0|
    |n3_7_fu_2994                         |   8|   0|    8|          0|
    |n3_8_fu_2990                         |   8|   0|    8|          0|
    |n3_9_fu_2986                         |   8|   0|    8|          0|
    |n4_10_fu_2926                        |   8|   0|    8|          0|
    |n4_11_fu_2922                        |   8|   0|    8|          0|
    |n4_12_fu_2918                        |   8|   0|    8|          0|
    |n4_13_fu_2914                        |   8|   0|    8|          0|
    |n4_14_fu_2910                        |   8|   0|    8|          0|
    |n4_15_fu_2018                        |   8|   0|    8|          0|
    |n4_1_fu_2962                         |   8|   0|    8|          0|
    |n4_2_fu_2958                         |   8|   0|    8|          0|
    |n4_3_fu_2954                         |   8|   0|    8|          0|
    |n4_4_fu_2950                         |   8|   0|    8|          0|
    |n4_5_fu_2946                         |   8|   0|    8|          0|
    |n4_6_fu_2942                         |   8|   0|    8|          0|
    |n4_7_fu_2938                         |   8|   0|    8|          0|
    |n4_8_fu_2934                         |   8|   0|    8|          0|
    |n4_9_fu_2930                         |   8|   0|    8|          0|
    |n5_10_fu_2870                        |   8|   0|    8|          0|
    |n5_11_fu_2866                        |   8|   0|    8|          0|
    |n5_12_fu_2862                        |   8|   0|    8|          0|
    |n5_13_fu_2858                        |   8|   0|    8|          0|
    |n5_14_fu_2854                        |   8|   0|    8|          0|
    |n5_15_fu_2014                        |   8|   0|    8|          0|
    |n5_1_fu_2906                         |   8|   0|    8|          0|
    |n5_2_fu_2902                         |   8|   0|    8|          0|
    |n5_3_fu_2898                         |   8|   0|    8|          0|
    |n5_4_fu_2894                         |   8|   0|    8|          0|
    |n5_5_fu_2890                         |   8|   0|    8|          0|
    |n5_6_fu_2886                         |   8|   0|    8|          0|
    |n5_7_fu_2882                         |   8|   0|    8|          0|
    |n5_8_fu_2878                         |   8|   0|    8|          0|
    |n5_9_fu_2874                         |   8|   0|    8|          0|
    |n6_10_fu_2814                        |   8|   0|    8|          0|
    |n6_11_fu_2810                        |   8|   0|    8|          0|
    |n6_12_fu_2806                        |   8|   0|    8|          0|
    |n6_13_fu_2802                        |   8|   0|    8|          0|
    |n6_14_fu_2798                        |   8|   0|    8|          0|
    |n6_15_fu_2010                        |   8|   0|    8|          0|
    |n6_1_fu_2850                         |   8|   0|    8|          0|
    |n6_2_fu_2846                         |   8|   0|    8|          0|
    |n6_3_fu_2842                         |   8|   0|    8|          0|
    |n6_4_fu_2838                         |   8|   0|    8|          0|
    |n6_5_fu_2834                         |   8|   0|    8|          0|
    |n6_6_fu_2830                         |   8|   0|    8|          0|
    |n6_7_fu_2826                         |   8|   0|    8|          0|
    |n6_8_fu_2822                         |   8|   0|    8|          0|
    |n6_9_fu_2818                         |   8|   0|    8|          0|
    |n7_10_fu_2758                        |   8|   0|    8|          0|
    |n7_11_fu_2754                        |   8|   0|    8|          0|
    |n7_12_fu_2750                        |   8|   0|    8|          0|
    |n7_13_fu_2746                        |   8|   0|    8|          0|
    |n7_14_fu_2742                        |   8|   0|    8|          0|
    |n7_15_fu_2006                        |   8|   0|    8|          0|
    |n7_1_fu_2794                         |   8|   0|    8|          0|
    |n7_2_fu_2790                         |   8|   0|    8|          0|
    |n7_3_fu_2786                         |   8|   0|    8|          0|
    |n7_4_fu_2782                         |   8|   0|    8|          0|
    |n7_5_fu_2778                         |   8|   0|    8|          0|
    |n7_6_fu_2774                         |   8|   0|    8|          0|
    |n7_7_fu_2770                         |   8|   0|    8|          0|
    |n7_8_fu_2766                         |   8|   0|    8|          0|
    |n7_9_fu_2762                         |   8|   0|    8|          0|
    |n8_10_fu_2702                        |   8|   0|    8|          0|
    |n8_11_fu_2698                        |   8|   0|    8|          0|
    |n8_12_fu_2694                        |   8|   0|    8|          0|
    |n8_13_fu_2690                        |   8|   0|    8|          0|
    |n8_14_fu_2686                        |   8|   0|    8|          0|
    |n8_15_fu_2002                        |   8|   0|    8|          0|
    |n8_1_fu_2738                         |   8|   0|    8|          0|
    |n8_2_fu_2734                         |   8|   0|    8|          0|
    |n8_3_fu_2730                         |   8|   0|    8|          0|
    |n8_4_fu_2726                         |   8|   0|    8|          0|
    |n8_5_fu_2722                         |   8|   0|    8|          0|
    |n8_6_fu_2718                         |   8|   0|    8|          0|
    |n8_7_fu_2714                         |   8|   0|    8|          0|
    |n8_8_fu_2710                         |   8|   0|    8|          0|
    |n8_9_fu_2706                         |   8|   0|    8|          0|
    |n9_10_fu_2646                        |   8|   0|    8|          0|
    |n9_11_fu_2642                        |   8|   0|    8|          0|
    |n9_12_fu_2638                        |   8|   0|    8|          0|
    |n9_13_fu_2634                        |   8|   0|    8|          0|
    |n9_14_fu_2630                        |   8|   0|    8|          0|
    |n9_15_fu_1998                        |   8|   0|    8|          0|
    |n9_1_fu_2682                         |   8|   0|    8|          0|
    |n9_2_fu_2678                         |   8|   0|    8|          0|
    |n9_3_fu_2674                         |   8|   0|    8|          0|
    |n9_4_fu_2670                         |   8|   0|    8|          0|
    |n9_5_fu_2666                         |   8|   0|    8|          0|
    |n9_6_fu_2662                         |   8|   0|    8|          0|
    |n9_7_fu_2658                         |   8|   0|    8|          0|
    |n9_8_fu_2654                         |   8|   0|    8|          0|
    |n9_9_fu_2650                         |   8|   0|    8|          0|
    |v1090_reg_23208                      |   8|   0|    8|          0|
    |v1092_reg_23213                      |   8|   0|    8|          0|
    |v1094_reg_23218                      |   8|   0|    8|          0|
    |v1096_reg_23223                      |   8|   0|    8|          0|
    |v1098_reg_23228                      |   8|   0|    8|          0|
    |v1100_reg_23233                      |   8|   0|    8|          0|
    |v1102_reg_23238                      |   8|   0|    8|          0|
    |v1104_reg_23243                      |   8|   0|    8|          0|
    |v1106_reg_23248                      |   8|   0|    8|          0|
    |v1108_reg_23253                      |   8|   0|    8|          0|
    |v1110_reg_23258                      |   8|   0|    8|          0|
    |v1112_reg_23263                      |   8|   0|    8|          0|
    |v1114_reg_23268                      |   8|   0|    8|          0|
    |v1116_reg_23273                      |   8|   0|    8|          0|
    |v1118_reg_23278                      |   8|   0|    8|          0|
    |v1120_reg_23283                      |   8|   0|    8|          0|
    |v1122_reg_23288                      |  32|   0|   32|          0|
    |v1122_reg_23288_pp0_iter2_reg        |  32|   0|   32|          0|
    |v1124_reg_23293                      |  32|   0|   32|          0|
    |v1124_reg_23293_pp0_iter2_reg        |  32|   0|   32|          0|
    |v1126_reg_23298                      |  32|   0|   32|          0|
    |v1126_reg_23298_pp0_iter2_reg        |  32|   0|   32|          0|
    |v1128_reg_23303                      |  32|   0|   32|          0|
    |v1128_reg_23303_pp0_iter2_reg        |  32|   0|   32|          0|
    |v1130_reg_23308                      |  32|   0|   32|          0|
    |v1130_reg_23308_pp0_iter2_reg        |  32|   0|   32|          0|
    |v1132_reg_23313                      |  32|   0|   32|          0|
    |v1132_reg_23313_pp0_iter2_reg        |  32|   0|   32|          0|
    |v1134_reg_23318                      |  32|   0|   32|          0|
    |v1134_reg_23318_pp0_iter2_reg        |  32|   0|   32|          0|
    |v1136_reg_23323                      |  32|   0|   32|          0|
    |v1136_reg_23323_pp0_iter2_reg        |  32|   0|   32|          0|
    |v1138_reg_23328                      |  32|   0|   32|          0|
    |v1138_reg_23328_pp0_iter2_reg        |  32|   0|   32|          0|
    |v1140_reg_23333                      |  32|   0|   32|          0|
    |v1140_reg_23333_pp0_iter2_reg        |  32|   0|   32|          0|
    |v1142_reg_23338                      |  32|   0|   32|          0|
    |v1142_reg_23338_pp0_iter2_reg        |  32|   0|   32|          0|
    |v1144_reg_23343                      |  32|   0|   32|          0|
    |v1144_reg_23343_pp0_iter2_reg        |  32|   0|   32|          0|
    |v1146_reg_23348                      |  32|   0|   32|          0|
    |v1146_reg_23348_pp0_iter2_reg        |  32|   0|   32|          0|
    |v1148_reg_23353                      |  32|   0|   32|          0|
    |v1148_reg_23353_pp0_iter2_reg        |  32|   0|   32|          0|
    |v1150_reg_23358                      |  32|   0|   32|          0|
    |v1150_reg_23358_pp0_iter2_reg        |  32|   0|   32|          0|
    |v1152_reg_23363                      |  32|   0|   32|          0|
    |v1152_reg_23363_pp0_iter2_reg        |  32|   0|   32|          0|
    |v1156_fu_1202                        |   8|   0|    8|          0|
    |v1161_fu_1266                        |   8|   0|    8|          0|
    |v1169_fu_1330                        |   8|   0|    8|          0|
    |v1174_fu_1394                        |   8|   0|    8|          0|
    |v1185_fu_1458                        |   8|   0|    8|          0|
    |v1190_fu_1522                        |   8|   0|    8|          0|
    |v1198_fu_1586                        |   8|   0|    8|          0|
    |v1203_fu_1650                        |   8|   0|    8|          0|
    |v1215_reg_23464                      |  19|   0|   19|          0|
    |v1217_fu_1714                        |   8|   0|    8|          0|
    |v1222_fu_1778                        |   8|   0|    8|          0|
    |v1230_fu_1842                        |   8|   0|    8|          0|
    |v1235_fu_1906                        |   8|   0|    8|          0|
    |v1246_fu_1970                        |   8|   0|    8|          0|
    |v1251_fu_2098                        |   8|   0|    8|          0|
    |v1259_fu_2162                        |   8|   0|    8|          0|
    |v1264_fu_2226                        |   8|   0|    8|          0|
    |v1276_reg_23469                      |  19|   0|   19|          0|
    |v1285_fu_1206                        |   8|   0|    8|          0|
    |v1290_fu_1270                        |   8|   0|    8|          0|
    |v1298_fu_1334                        |   8|   0|    8|          0|
    |v1303_fu_1398                        |   8|   0|    8|          0|
    |v1314_fu_1462                        |   8|   0|    8|          0|
    |v1319_fu_1526                        |   8|   0|    8|          0|
    |v1327_fu_1590                        |   8|   0|    8|          0|
    |v1332_fu_1654                        |   8|   0|    8|          0|
    |v1344_reg_23474                      |  19|   0|   19|          0|
    |v1346_fu_1718                        |   8|   0|    8|          0|
    |v1351_fu_1782                        |   8|   0|    8|          0|
    |v1359_fu_1846                        |   8|   0|    8|          0|
    |v1364_fu_1910                        |   8|   0|    8|          0|
    |v1375_fu_2038                        |   8|   0|    8|          0|
    |v1380_fu_2102                        |   8|   0|    8|          0|
    |v1388_fu_2166                        |   8|   0|    8|          0|
    |v1393_fu_2230                        |   8|   0|    8|          0|
    |v1405_reg_23479                      |  19|   0|   19|          0|
    |v1414_fu_1210                        |   8|   0|    8|          0|
    |v1419_fu_1274                        |   8|   0|    8|          0|
    |v1427_fu_1338                        |   8|   0|    8|          0|
    |v1432_fu_1402                        |   8|   0|    8|          0|
    |v1443_fu_1466                        |   8|   0|    8|          0|
    |v1448_fu_1530                        |   8|   0|    8|          0|
    |v1456_fu_1594                        |   8|   0|    8|          0|
    |v1461_fu_1658                        |   8|   0|    8|          0|
    |v1473_reg_23484                      |  19|   0|   19|          0|
    |v1475_fu_1722                        |   8|   0|    8|          0|
    |v1480_fu_1786                        |   8|   0|    8|          0|
    |v1488_fu_1850                        |   8|   0|    8|          0|
    |v1493_fu_1914                        |   8|   0|    8|          0|
    |v1504_fu_2042                        |   8|   0|    8|          0|
    |v1509_fu_2106                        |   8|   0|    8|          0|
    |v1517_fu_2170                        |   8|   0|    8|          0|
    |v1522_fu_2234                        |   8|   0|    8|          0|
    |v1534_reg_23489                      |  19|   0|   19|          0|
    |v1543_fu_1214                        |   8|   0|    8|          0|
    |v1548_fu_1278                        |   8|   0|    8|          0|
    |v1556_fu_1342                        |   8|   0|    8|          0|
    |v1561_fu_1406                        |   8|   0|    8|          0|
    |v1572_fu_1470                        |   8|   0|    8|          0|
    |v1577_fu_1534                        |   8|   0|    8|          0|
    |v1585_fu_1598                        |   8|   0|    8|          0|
    |v1590_fu_1662                        |   8|   0|    8|          0|
    |v1602_reg_23494                      |  19|   0|   19|          0|
    |v1604_fu_1726                        |   8|   0|    8|          0|
    |v1609_fu_1790                        |   8|   0|    8|          0|
    |v1617_fu_1854                        |   8|   0|    8|          0|
    |v1622_fu_1918                        |   8|   0|    8|          0|
    |v1633_fu_2046                        |   8|   0|    8|          0|
    |v1638_fu_2110                        |   8|   0|    8|          0|
    |v1646_fu_2174                        |   8|   0|    8|          0|
    |v1651_fu_2238                        |   8|   0|    8|          0|
    |v1663_reg_23499                      |  19|   0|   19|          0|
    |v1672_fu_1218                        |   8|   0|    8|          0|
    |v1677_fu_1282                        |   8|   0|    8|          0|
    |v1685_fu_1346                        |   8|   0|    8|          0|
    |v1690_fu_1410                        |   8|   0|    8|          0|
    |v1701_fu_1474                        |   8|   0|    8|          0|
    |v1706_fu_1538                        |   8|   0|    8|          0|
    |v1714_fu_1602                        |   8|   0|    8|          0|
    |v1719_fu_1666                        |   8|   0|    8|          0|
    |v1731_reg_23504                      |  19|   0|   19|          0|
    |v1733_fu_1730                        |   8|   0|    8|          0|
    |v1738_fu_1794                        |   8|   0|    8|          0|
    |v1746_fu_1858                        |   8|   0|    8|          0|
    |v1751_fu_1922                        |   8|   0|    8|          0|
    |v1762_fu_2050                        |   8|   0|    8|          0|
    |v1767_fu_2114                        |   8|   0|    8|          0|
    |v1775_fu_2178                        |   8|   0|    8|          0|
    |v1780_fu_2242                        |   8|   0|    8|          0|
    |v1792_reg_23509                      |  19|   0|   19|          0|
    |v1801_fu_1222                        |   8|   0|    8|          0|
    |v1806_fu_1286                        |   8|   0|    8|          0|
    |v1814_fu_1350                        |   8|   0|    8|          0|
    |v1819_fu_1414                        |   8|   0|    8|          0|
    |v1830_fu_1478                        |   8|   0|    8|          0|
    |v1835_fu_1542                        |   8|   0|    8|          0|
    |v1843_fu_1606                        |   8|   0|    8|          0|
    |v1848_fu_1670                        |   8|   0|    8|          0|
    |v1860_reg_23514                      |  19|   0|   19|          0|
    |v1862_fu_1734                        |   8|   0|    8|          0|
    |v1867_fu_1798                        |   8|   0|    8|          0|
    |v1875_fu_1862                        |   8|   0|    8|          0|
    |v1880_fu_1926                        |   8|   0|    8|          0|
    |v1891_fu_2054                        |   8|   0|    8|          0|
    |v1896_fu_2118                        |   8|   0|    8|          0|
    |v1904_fu_2182                        |   8|   0|    8|          0|
    |v1909_fu_2246                        |   8|   0|    8|          0|
    |v1921_reg_23519                      |  19|   0|   19|          0|
    |v1930_fu_1226                        |   8|   0|    8|          0|
    |v1935_fu_1290                        |   8|   0|    8|          0|
    |v1943_fu_1354                        |   8|   0|    8|          0|
    |v1948_fu_1418                        |   8|   0|    8|          0|
    |v1959_fu_1482                        |   8|   0|    8|          0|
    |v1964_fu_1546                        |   8|   0|    8|          0|
    |v1972_fu_1610                        |   8|   0|    8|          0|
    |v1977_fu_1674                        |   8|   0|    8|          0|
    |v1989_reg_23524                      |  19|   0|   19|          0|
    |v1991_fu_1738                        |   8|   0|    8|          0|
    |v1996_fu_1802                        |   8|   0|    8|          0|
    |v2004_fu_1866                        |   8|   0|    8|          0|
    |v2009_fu_1930                        |   8|   0|    8|          0|
    |v2020_fu_2058                        |   8|   0|    8|          0|
    |v2025_fu_2122                        |   8|   0|    8|          0|
    |v2033_fu_2186                        |   8|   0|    8|          0|
    |v2038_fu_2250                        |   8|   0|    8|          0|
    |v2050_reg_23529                      |  19|   0|   19|          0|
    |v2059_fu_1230                        |   8|   0|    8|          0|
    |v2064_fu_1294                        |   8|   0|    8|          0|
    |v2072_fu_1358                        |   8|   0|    8|          0|
    |v2077_fu_1422                        |   8|   0|    8|          0|
    |v2088_fu_1486                        |   8|   0|    8|          0|
    |v2093_fu_1550                        |   8|   0|    8|          0|
    |v2101_fu_1614                        |   8|   0|    8|          0|
    |v2106_fu_1678                        |   8|   0|    8|          0|
    |v2118_reg_23534                      |  19|   0|   19|          0|
    |v2120_fu_1742                        |   8|   0|    8|          0|
    |v2125_fu_1806                        |   8|   0|    8|          0|
    |v2133_fu_1870                        |   8|   0|    8|          0|
    |v2138_fu_1934                        |   8|   0|    8|          0|
    |v2149_fu_2062                        |   8|   0|    8|          0|
    |v2154_fu_2126                        |   8|   0|    8|          0|
    |v2162_fu_2190                        |   8|   0|    8|          0|
    |v2167_fu_2254                        |   8|   0|    8|          0|
    |v2179_reg_23539                      |  19|   0|   19|          0|
    |v2188_fu_1234                        |   8|   0|    8|          0|
    |v2193_fu_1298                        |   8|   0|    8|          0|
    |v2201_fu_1362                        |   8|   0|    8|          0|
    |v2206_fu_1426                        |   8|   0|    8|          0|
    |v2217_fu_1490                        |   8|   0|    8|          0|
    |v2222_fu_1554                        |   8|   0|    8|          0|
    |v2230_fu_1618                        |   8|   0|    8|          0|
    |v2235_fu_1682                        |   8|   0|    8|          0|
    |v2247_reg_23544                      |  19|   0|   19|          0|
    |v2249_fu_1746                        |   8|   0|    8|          0|
    |v2254_fu_1810                        |   8|   0|    8|          0|
    |v2262_fu_1874                        |   8|   0|    8|          0|
    |v2267_fu_1938                        |   8|   0|    8|          0|
    |v2278_fu_2066                        |   8|   0|    8|          0|
    |v2283_fu_2130                        |   8|   0|    8|          0|
    |v2291_fu_2194                        |   8|   0|    8|          0|
    |v2296_fu_2258                        |   8|   0|    8|          0|
    |v2308_reg_23549                      |  19|   0|   19|          0|
    |v2317_fu_1238                        |   8|   0|    8|          0|
    |v2322_fu_1302                        |   8|   0|    8|          0|
    |v2330_fu_1366                        |   8|   0|    8|          0|
    |v2335_fu_1430                        |   8|   0|    8|          0|
    |v2346_fu_1494                        |   8|   0|    8|          0|
    |v2351_fu_1558                        |   8|   0|    8|          0|
    |v2359_fu_1622                        |   8|   0|    8|          0|
    |v2364_fu_1686                        |   8|   0|    8|          0|
    |v2376_reg_23554                      |  19|   0|   19|          0|
    |v2378_fu_1750                        |   8|   0|    8|          0|
    |v2383_fu_1814                        |   8|   0|    8|          0|
    |v2391_fu_1878                        |   8|   0|    8|          0|
    |v2396_fu_1942                        |   8|   0|    8|          0|
    |v2407_fu_2070                        |   8|   0|    8|          0|
    |v2412_fu_2134                        |   8|   0|    8|          0|
    |v2420_fu_2198                        |   8|   0|    8|          0|
    |v2425_fu_2262                        |   8|   0|    8|          0|
    |v2437_reg_23559                      |  19|   0|   19|          0|
    |v2446_fu_1242                        |   8|   0|    8|          0|
    |v2451_fu_1306                        |   8|   0|    8|          0|
    |v2459_fu_1370                        |   8|   0|    8|          0|
    |v2464_fu_1434                        |   8|   0|    8|          0|
    |v2475_fu_1498                        |   8|   0|    8|          0|
    |v2480_fu_1562                        |   8|   0|    8|          0|
    |v2488_fu_1626                        |   8|   0|    8|          0|
    |v2493_fu_1690                        |   8|   0|    8|          0|
    |v2505_reg_23564                      |  19|   0|   19|          0|
    |v2507_fu_1754                        |   8|   0|    8|          0|
    |v2512_fu_1818                        |   8|   0|    8|          0|
    |v2520_fu_1882                        |   8|   0|    8|          0|
    |v2525_fu_1946                        |   8|   0|    8|          0|
    |v2536_fu_2074                        |   8|   0|    8|          0|
    |v2541_fu_2138                        |   8|   0|    8|          0|
    |v2549_fu_2202                        |   8|   0|    8|          0|
    |v2554_fu_2266                        |   8|   0|    8|          0|
    |v2566_reg_23569                      |  19|   0|   19|          0|
    |v2575_fu_1246                        |   8|   0|    8|          0|
    |v2580_fu_1310                        |   8|   0|    8|          0|
    |v2588_fu_1374                        |   8|   0|    8|          0|
    |v2593_fu_1438                        |   8|   0|    8|          0|
    |v2604_fu_1502                        |   8|   0|    8|          0|
    |v2609_fu_1566                        |   8|   0|    8|          0|
    |v2617_fu_1630                        |   8|   0|    8|          0|
    |v2622_fu_1694                        |   8|   0|    8|          0|
    |v2634_reg_23574                      |  19|   0|   19|          0|
    |v2636_fu_1758                        |   8|   0|    8|          0|
    |v2641_fu_1822                        |   8|   0|    8|          0|
    |v2649_fu_1886                        |   8|   0|    8|          0|
    |v2654_fu_1950                        |   8|   0|    8|          0|
    |v2665_fu_2078                        |   8|   0|    8|          0|
    |v2670_fu_2142                        |   8|   0|    8|          0|
    |v2678_fu_2206                        |   8|   0|    8|          0|
    |v2683_fu_2270                        |   8|   0|    8|          0|
    |v2695_reg_23579                      |  19|   0|   19|          0|
    |v2704_fu_1250                        |   8|   0|    8|          0|
    |v2709_fu_1314                        |   8|   0|    8|          0|
    |v2717_fu_1378                        |   8|   0|    8|          0|
    |v2722_fu_1442                        |   8|   0|    8|          0|
    |v2733_fu_1506                        |   8|   0|    8|          0|
    |v2738_fu_1570                        |   8|   0|    8|          0|
    |v2746_fu_1634                        |   8|   0|    8|          0|
    |v2751_fu_1698                        |   8|   0|    8|          0|
    |v2763_reg_23584                      |  19|   0|   19|          0|
    |v2765_fu_1762                        |   8|   0|    8|          0|
    |v2770_fu_1826                        |   8|   0|    8|          0|
    |v2778_fu_1890                        |   8|   0|    8|          0|
    |v2783_fu_1954                        |   8|   0|    8|          0|
    |v2794_fu_2082                        |   8|   0|    8|          0|
    |v2799_fu_2146                        |   8|   0|    8|          0|
    |v2807_fu_2210                        |   8|   0|    8|          0|
    |v2812_fu_2274                        |   8|   0|    8|          0|
    |v2824_reg_23589                      |  19|   0|   19|          0|
    |v2833_fu_1254                        |   8|   0|    8|          0|
    |v2838_fu_1318                        |   8|   0|    8|          0|
    |v2846_fu_1382                        |   8|   0|    8|          0|
    |v2851_fu_1446                        |   8|   0|    8|          0|
    |v2862_fu_1510                        |   8|   0|    8|          0|
    |v2867_fu_1574                        |   8|   0|    8|          0|
    |v2875_fu_1638                        |   8|   0|    8|          0|
    |v2880_fu_1702                        |   8|   0|    8|          0|
    |v2892_reg_23594                      |  19|   0|   19|          0|
    |v2894_fu_1766                        |   8|   0|    8|          0|
    |v2899_fu_1830                        |   8|   0|    8|          0|
    |v2907_fu_1894                        |   8|   0|    8|          0|
    |v2912_fu_1958                        |   8|   0|    8|          0|
    |v2923_fu_2086                        |   8|   0|    8|          0|
    |v2928_fu_2150                        |   8|   0|    8|          0|
    |v2936_fu_2214                        |   8|   0|    8|          0|
    |v2941_fu_2278                        |   8|   0|    8|          0|
    |v2953_reg_23599                      |  19|   0|   19|          0|
    |v2962_fu_1258                        |   8|   0|    8|          0|
    |v2967_fu_1322                        |   8|   0|    8|          0|
    |v2975_fu_1386                        |   8|   0|    8|          0|
    |v2980_fu_1450                        |   8|   0|    8|          0|
    |v2991_fu_1514                        |   8|   0|    8|          0|
    |v2996_fu_1578                        |   8|   0|    8|          0|
    |v3004_fu_1642                        |   8|   0|    8|          0|
    |v3009_fu_1706                        |   8|   0|    8|          0|
    |v3021_reg_23604                      |  19|   0|   19|          0|
    |v3023_fu_1770                        |   8|   0|    8|          0|
    |v3028_fu_1834                        |   8|   0|    8|          0|
    |v3036_fu_1898                        |   8|   0|    8|          0|
    |v3041_fu_1962                        |   8|   0|    8|          0|
    |v3052_fu_2090                        |   8|   0|    8|          0|
    |v3057_fu_2154                        |   8|   0|    8|          0|
    |v3065_fu_2218                        |   8|   0|    8|          0|
    |v3070_fu_2282                        |   8|   0|    8|          0|
    |v3082_reg_23609                      |  19|   0|   19|          0|
    |v3091_fu_1262                        |   8|   0|    8|          0|
    |v3096_fu_1326                        |   8|   0|    8|          0|
    |v3104_fu_1390                        |   8|   0|    8|          0|
    |v3109_fu_1454                        |   8|   0|    8|          0|
    |v3120_fu_1518                        |   8|   0|    8|          0|
    |v3125_fu_1582                        |   8|   0|    8|          0|
    |v3133_fu_1646                        |   8|   0|    8|          0|
    |v3138_fu_1710                        |   8|   0|    8|          0|
    |v3150_reg_23614                      |  19|   0|   19|          0|
    |v3152_fu_1774                        |   8|   0|    8|          0|
    |v3157_fu_1838                        |   8|   0|    8|          0|
    |v3165_fu_1902                        |   8|   0|    8|          0|
    |v3170_fu_1966                        |   8|   0|    8|          0|
    |v3181_fu_2094                        |   8|   0|    8|          0|
    |v3186_fu_2158                        |   8|   0|    8|          0|
    |v3194_fu_2222                        |   8|   0|    8|          0|
    |v3199_fu_2286                        |   8|   0|    8|          0|
    |v3211_reg_23619                      |  19|   0|   19|          0|
    |v3233_reg_23368                      |   8|   0|    8|          0|
    |v3249_reg_23374                      |   8|   0|    8|          0|
    |v3265_reg_23380                      |   8|   0|    8|          0|
    |v3281_reg_23386                      |   8|   0|    8|          0|
    |v3297_reg_23392                      |   8|   0|    8|          0|
    |v3313_reg_23398                      |   8|   0|    8|          0|
    |v3329_reg_23404                      |   8|   0|    8|          0|
    |v3345_reg_23410                      |   8|   0|    8|          0|
    |v3361_reg_23416                      |   8|   0|    8|          0|
    |v3377_reg_23422                      |   8|   0|    8|          0|
    |v3393_reg_23428                      |   8|   0|    8|          0|
    |v3409_reg_23434                      |   8|   0|    8|          0|
    |v3425_reg_23440                      |   8|   0|    8|          0|
    |v3441_reg_23446                      |   8|   0|    8|          0|
    |v3457_reg_23452                      |   8|   0|    8|          0|
    |v3473_reg_23458                      |   8|   0|    8|          0|
    |v3474_fu_2290                        |   9|   0|    9|          0|
    |v3476_reg_22948                      |   1|   0|    1|          0|
    |v3476_reg_22948_pp0_iter1_reg        |   1|   0|    1|          0|
    +-------------------------------------+----+----+-----+-----------+
    |Total                                |5876|   0| 5876|          0|
    +-------------------------------------+----+----+-----+-----------+



================================================================
== Interface
================================================================
* Summary: 
+------------------------+-----+-----+------------+-------------------------------+--------------+
|        RTL Ports       | Dir | Bits|  Protocol  |         Source Object         |    C Type    |
+------------------------+-----+-----+------------+-------------------------------+--------------+
|ap_clk                  |   in|    1|  ap_ctrl_hs|  blk16_r0_0_Pipeline_l_S_s_1_s|  return value|
|ap_rst                  |   in|    1|  ap_ctrl_hs|  blk16_r0_0_Pipeline_l_S_s_1_s|  return value|
|ap_start                |   in|    1|  ap_ctrl_hs|  blk16_r0_0_Pipeline_l_S_s_1_s|  return value|
|ap_done                 |  out|    1|  ap_ctrl_hs|  blk16_r0_0_Pipeline_l_S_s_1_s|  return value|
|ap_idle                 |  out|    1|  ap_ctrl_hs|  blk16_r0_0_Pipeline_l_S_s_1_s|  return value|
|ap_ready                |  out|    1|  ap_ctrl_hs|  blk16_r0_0_Pipeline_l_S_s_1_s|  return value|
|v0_dout                 |   in|    8|     ap_fifo|                             v0|       pointer|
|v0_empty_n              |   in|    1|     ap_fifo|                             v0|       pointer|
|v0_read                 |  out|    1|     ap_fifo|                             v0|       pointer|
|v7_dout                 |   in|    8|     ap_fifo|                             v7|       pointer|
|v7_empty_n              |   in|    1|     ap_fifo|                             v7|       pointer|
|v7_read                 |  out|    1|     ap_fifo|                             v7|       pointer|
|v8_dout                 |   in|    8|     ap_fifo|                             v8|       pointer|
|v8_empty_n              |   in|    1|     ap_fifo|                             v8|       pointer|
|v8_read                 |  out|    1|     ap_fifo|                             v8|       pointer|
|v9_dout                 |   in|    8|     ap_fifo|                             v9|       pointer|
|v9_empty_n              |   in|    1|     ap_fifo|                             v9|       pointer|
|v9_read                 |  out|    1|     ap_fifo|                             v9|       pointer|
|v10_dout                |   in|    8|     ap_fifo|                            v10|       pointer|
|v10_empty_n             |   in|    1|     ap_fifo|                            v10|       pointer|
|v10_read                |  out|    1|     ap_fifo|                            v10|       pointer|
|v11_dout                |   in|    8|     ap_fifo|                            v11|       pointer|
|v11_empty_n             |   in|    1|     ap_fifo|                            v11|       pointer|
|v11_read                |  out|    1|     ap_fifo|                            v11|       pointer|
|v12_dout                |   in|    8|     ap_fifo|                            v12|       pointer|
|v12_empty_n             |   in|    1|     ap_fifo|                            v12|       pointer|
|v12_read                |  out|    1|     ap_fifo|                            v12|       pointer|
|v13_dout                |   in|    8|     ap_fifo|                            v13|       pointer|
|v13_empty_n             |   in|    1|     ap_fifo|                            v13|       pointer|
|v13_read                |  out|    1|     ap_fifo|                            v13|       pointer|
|v14_dout                |   in|    8|     ap_fifo|                            v14|       pointer|
|v14_empty_n             |   in|    1|     ap_fifo|                            v14|       pointer|
|v14_read                |  out|    1|     ap_fifo|                            v14|       pointer|
|v15_dout                |   in|    8|     ap_fifo|                            v15|       pointer|
|v15_empty_n             |   in|    1|     ap_fifo|                            v15|       pointer|
|v15_read                |  out|    1|     ap_fifo|                            v15|       pointer|
|v1_dout                 |   in|    8|     ap_fifo|                             v1|       pointer|
|v1_empty_n              |   in|    1|     ap_fifo|                             v1|       pointer|
|v1_read                 |  out|    1|     ap_fifo|                             v1|       pointer|
|v2_dout                 |   in|    8|     ap_fifo|                             v2|       pointer|
|v2_empty_n              |   in|    1|     ap_fifo|                             v2|       pointer|
|v2_read                 |  out|    1|     ap_fifo|                             v2|       pointer|
|v3_dout                 |   in|    8|     ap_fifo|                             v3|       pointer|
|v3_empty_n              |   in|    1|     ap_fifo|                             v3|       pointer|
|v3_read                 |  out|    1|     ap_fifo|                             v3|       pointer|
|v4_dout                 |   in|    8|     ap_fifo|                             v4|       pointer|
|v4_empty_n              |   in|    1|     ap_fifo|                             v4|       pointer|
|v4_read                 |  out|    1|     ap_fifo|                             v4|       pointer|
|v5_dout                 |   in|    8|     ap_fifo|                             v5|       pointer|
|v5_empty_n              |   in|    1|     ap_fifo|                             v5|       pointer|
|v5_read                 |  out|    1|     ap_fifo|                             v5|       pointer|
|v6_dout                 |   in|    8|     ap_fifo|                             v6|       pointer|
|v6_empty_n              |   in|    1|     ap_fifo|                             v6|       pointer|
|v6_read                 |  out|    1|     ap_fifo|                             v6|       pointer|
|v16_dout                |   in|   32|     ap_fifo|                            v16|       pointer|
|v16_empty_n             |   in|    1|     ap_fifo|                            v16|       pointer|
|v16_read                |  out|    1|     ap_fifo|                            v16|       pointer|
|v30_dout                |   in|   32|     ap_fifo|                            v30|       pointer|
|v30_empty_n             |   in|    1|     ap_fifo|                            v30|       pointer|
|v30_read                |  out|    1|     ap_fifo|                            v30|       pointer|
|v32_dout                |   in|   32|     ap_fifo|                            v32|       pointer|
|v32_empty_n             |   in|    1|     ap_fifo|                            v32|       pointer|
|v32_read                |  out|    1|     ap_fifo|                            v32|       pointer|
|v34_dout                |   in|   32|     ap_fifo|                            v34|       pointer|
|v34_empty_n             |   in|    1|     ap_fifo|                            v34|       pointer|
|v34_read                |  out|    1|     ap_fifo|                            v34|       pointer|
|v36_dout                |   in|   32|     ap_fifo|                            v36|       pointer|
|v36_empty_n             |   in|    1|     ap_fifo|                            v36|       pointer|
|v36_read                |  out|    1|     ap_fifo|                            v36|       pointer|
|v38_dout                |   in|   32|     ap_fifo|                            v38|       pointer|
|v38_empty_n             |   in|    1|     ap_fifo|                            v38|       pointer|
|v38_read                |  out|    1|     ap_fifo|                            v38|       pointer|
|v40_dout                |   in|   32|     ap_fifo|                            v40|       pointer|
|v40_empty_n             |   in|    1|     ap_fifo|                            v40|       pointer|
|v40_read                |  out|    1|     ap_fifo|                            v40|       pointer|
|v42_dout                |   in|   32|     ap_fifo|                            v42|       pointer|
|v42_empty_n             |   in|    1|     ap_fifo|                            v42|       pointer|
|v42_read                |  out|    1|     ap_fifo|                            v42|       pointer|
|v44_dout                |   in|   32|     ap_fifo|                            v44|       pointer|
|v44_empty_n             |   in|    1|     ap_fifo|                            v44|       pointer|
|v44_read                |  out|    1|     ap_fifo|                            v44|       pointer|
|v46_dout                |   in|   32|     ap_fifo|                            v46|       pointer|
|v46_empty_n             |   in|    1|     ap_fifo|                            v46|       pointer|
|v46_read                |  out|    1|     ap_fifo|                            v46|       pointer|
|v18_dout                |   in|   32|     ap_fifo|                            v18|       pointer|
|v18_empty_n             |   in|    1|     ap_fifo|                            v18|       pointer|
|v18_read                |  out|    1|     ap_fifo|                            v18|       pointer|
|v20_dout                |   in|   32|     ap_fifo|                            v20|       pointer|
|v20_empty_n             |   in|    1|     ap_fifo|                            v20|       pointer|
|v20_read                |  out|    1|     ap_fifo|                            v20|       pointer|
|v22_dout                |   in|   32|     ap_fifo|                            v22|       pointer|
|v22_empty_n             |   in|    1|     ap_fifo|                            v22|       pointer|
|v22_read                |  out|    1|     ap_fifo|                            v22|       pointer|
|v24_dout                |   in|   32|     ap_fifo|                            v24|       pointer|
|v24_empty_n             |   in|    1|     ap_fifo|                            v24|       pointer|
|v24_read                |  out|    1|     ap_fifo|                            v24|       pointer|
|v26_dout                |   in|   32|     ap_fifo|                            v26|       pointer|
|v26_empty_n             |   in|    1|     ap_fifo|                            v26|       pointer|
|v26_read                |  out|    1|     ap_fifo|                            v26|       pointer|
|v28_dout                |   in|   32|     ap_fifo|                            v28|       pointer|
|v28_empty_n             |   in|    1|     ap_fifo|                            v28|       pointer|
|v28_read                |  out|    1|     ap_fifo|                            v28|       pointer|
|v48_dout                |   in|    8|     ap_fifo|                            v48|       pointer|
|v48_empty_n             |   in|    1|     ap_fifo|                            v48|       pointer|
|v48_read                |  out|    1|     ap_fifo|                            v48|       pointer|
|v55_dout                |   in|    8|     ap_fifo|                            v55|       pointer|
|v55_empty_n             |   in|    1|     ap_fifo|                            v55|       pointer|
|v55_read                |  out|    1|     ap_fifo|                            v55|       pointer|
|v56_dout                |   in|    8|     ap_fifo|                            v56|       pointer|
|v56_empty_n             |   in|    1|     ap_fifo|                            v56|       pointer|
|v56_read                |  out|    1|     ap_fifo|                            v56|       pointer|
|v57_dout                |   in|    8|     ap_fifo|                            v57|       pointer|
|v57_empty_n             |   in|    1|     ap_fifo|                            v57|       pointer|
|v57_read                |  out|    1|     ap_fifo|                            v57|       pointer|
|v58_dout                |   in|    8|     ap_fifo|                            v58|       pointer|
|v58_empty_n             |   in|    1|     ap_fifo|                            v58|       pointer|
|v58_read                |  out|    1|     ap_fifo|                            v58|       pointer|
|v59_dout                |   in|    8|     ap_fifo|                            v59|       pointer|
|v59_empty_n             |   in|    1|     ap_fifo|                            v59|       pointer|
|v59_read                |  out|    1|     ap_fifo|                            v59|       pointer|
|v60_dout                |   in|    8|     ap_fifo|                            v60|       pointer|
|v60_empty_n             |   in|    1|     ap_fifo|                            v60|       pointer|
|v60_read                |  out|    1|     ap_fifo|                            v60|       pointer|
|v61_dout                |   in|    8|     ap_fifo|                            v61|       pointer|
|v61_empty_n             |   in|    1|     ap_fifo|                            v61|       pointer|
|v61_read                |  out|    1|     ap_fifo|                            v61|       pointer|
|v62_dout                |   in|    8|     ap_fifo|                            v62|       pointer|
|v62_empty_n             |   in|    1|     ap_fifo|                            v62|       pointer|
|v62_read                |  out|    1|     ap_fifo|                            v62|       pointer|
|v63_dout                |   in|    8|     ap_fifo|                            v63|       pointer|
|v63_empty_n             |   in|    1|     ap_fifo|                            v63|       pointer|
|v63_read                |  out|    1|     ap_fifo|                            v63|       pointer|
|v49_dout                |   in|    8|     ap_fifo|                            v49|       pointer|
|v49_empty_n             |   in|    1|     ap_fifo|                            v49|       pointer|
|v49_read                |  out|    1|     ap_fifo|                            v49|       pointer|
|v50_dout                |   in|    8|     ap_fifo|                            v50|       pointer|
|v50_empty_n             |   in|    1|     ap_fifo|                            v50|       pointer|
|v50_read                |  out|    1|     ap_fifo|                            v50|       pointer|
|v51_dout                |   in|    8|     ap_fifo|                            v51|       pointer|
|v51_empty_n             |   in|    1|     ap_fifo|                            v51|       pointer|
|v51_read                |  out|    1|     ap_fifo|                            v51|       pointer|
|v52_dout                |   in|    8|     ap_fifo|                            v52|       pointer|
|v52_empty_n             |   in|    1|     ap_fifo|                            v52|       pointer|
|v52_read                |  out|    1|     ap_fifo|                            v52|       pointer|
|v53_dout                |   in|    8|     ap_fifo|                            v53|       pointer|
|v53_empty_n             |   in|    1|     ap_fifo|                            v53|       pointer|
|v53_read                |  out|    1|     ap_fifo|                            v53|       pointer|
|v54_dout                |   in|    8|     ap_fifo|                            v54|       pointer|
|v54_empty_n             |   in|    1|     ap_fifo|                            v54|       pointer|
|v54_read                |  out|    1|     ap_fifo|                            v54|       pointer|
|v17_din                 |  out|   32|     ap_fifo|                            v17|       pointer|
|v17_full_n              |   in|    1|     ap_fifo|                            v17|       pointer|
|v17_write               |  out|    1|     ap_fifo|                            v17|       pointer|
|v31_din                 |  out|   32|     ap_fifo|                            v31|       pointer|
|v31_full_n              |   in|    1|     ap_fifo|                            v31|       pointer|
|v31_write               |  out|    1|     ap_fifo|                            v31|       pointer|
|v33_din                 |  out|   32|     ap_fifo|                            v33|       pointer|
|v33_full_n              |   in|    1|     ap_fifo|                            v33|       pointer|
|v33_write               |  out|    1|     ap_fifo|                            v33|       pointer|
|v35_din                 |  out|   32|     ap_fifo|                            v35|       pointer|
|v35_full_n              |   in|    1|     ap_fifo|                            v35|       pointer|
|v35_write               |  out|    1|     ap_fifo|                            v35|       pointer|
|v37_din                 |  out|   32|     ap_fifo|                            v37|       pointer|
|v37_full_n              |   in|    1|     ap_fifo|                            v37|       pointer|
|v37_write               |  out|    1|     ap_fifo|                            v37|       pointer|
|v39_din                 |  out|   32|     ap_fifo|                            v39|       pointer|
|v39_full_n              |   in|    1|     ap_fifo|                            v39|       pointer|
|v39_write               |  out|    1|     ap_fifo|                            v39|       pointer|
|v41_din                 |  out|   32|     ap_fifo|                            v41|       pointer|
|v41_full_n              |   in|    1|     ap_fifo|                            v41|       pointer|
|v41_write               |  out|    1|     ap_fifo|                            v41|       pointer|
|v43_din                 |  out|   32|     ap_fifo|                            v43|       pointer|
|v43_full_n              |   in|    1|     ap_fifo|                            v43|       pointer|
|v43_write               |  out|    1|     ap_fifo|                            v43|       pointer|
|v45_din                 |  out|   32|     ap_fifo|                            v45|       pointer|
|v45_full_n              |   in|    1|     ap_fifo|                            v45|       pointer|
|v45_write               |  out|    1|     ap_fifo|                            v45|       pointer|
|v47_din                 |  out|   32|     ap_fifo|                            v47|       pointer|
|v47_full_n              |   in|    1|     ap_fifo|                            v47|       pointer|
|v47_write               |  out|    1|     ap_fifo|                            v47|       pointer|
|v19_din                 |  out|   32|     ap_fifo|                            v19|       pointer|
|v19_full_n              |   in|    1|     ap_fifo|                            v19|       pointer|
|v19_write               |  out|    1|     ap_fifo|                            v19|       pointer|
|v21_din                 |  out|   32|     ap_fifo|                            v21|       pointer|
|v21_full_n              |   in|    1|     ap_fifo|                            v21|       pointer|
|v21_write               |  out|    1|     ap_fifo|                            v21|       pointer|
|v23_din                 |  out|   32|     ap_fifo|                            v23|       pointer|
|v23_full_n              |   in|    1|     ap_fifo|                            v23|       pointer|
|v23_write               |  out|    1|     ap_fifo|                            v23|       pointer|
|v25_din                 |  out|   32|     ap_fifo|                            v25|       pointer|
|v25_full_n              |   in|    1|     ap_fifo|                            v25|       pointer|
|v25_write               |  out|    1|     ap_fifo|                            v25|       pointer|
|v27_din                 |  out|   32|     ap_fifo|                            v27|       pointer|
|v27_full_n              |   in|    1|     ap_fifo|                            v27|       pointer|
|v27_write               |  out|    1|     ap_fifo|                            v27|       pointer|
|v29_din                 |  out|   32|     ap_fifo|                            v29|       pointer|
|v29_full_n              |   in|    1|     ap_fifo|                            v29|       pointer|
|v29_write               |  out|    1|     ap_fifo|                            v29|       pointer|
|n15_14_0499_phi_reload  |   in|    8|     ap_none|         n15_14_0499_phi_reload|        scalar|
|c15_15_3_reload         |   in|    8|     ap_none|                c15_15_3_reload|        scalar|
|n15_14_1_reload         |   in|    8|     ap_none|                n15_14_1_reload|        scalar|
|n15_13_1_reload         |   in|    8|     ap_none|                n15_13_1_reload|        scalar|
|n15_12_1_reload         |   in|    8|     ap_none|                n15_12_1_reload|        scalar|
|n15_11_1_reload         |   in|    8|     ap_none|                n15_11_1_reload|        scalar|
|n15_10_1_reload         |   in|    8|     ap_none|                n15_10_1_reload|        scalar|
|n15_9_1_reload          |   in|    8|     ap_none|                 n15_9_1_reload|        scalar|
|n15_8_1_reload          |   in|    8|     ap_none|                 n15_8_1_reload|        scalar|
|n15_7_1_reload          |   in|    8|     ap_none|                 n15_7_1_reload|        scalar|
|n15_6_1_reload          |   in|    8|     ap_none|                 n15_6_1_reload|        scalar|
|n15_5_1_reload          |   in|    8|     ap_none|                 n15_5_1_reload|        scalar|
|n15_4_1_reload          |   in|    8|     ap_none|                 n15_4_1_reload|        scalar|
|n15_3_1_reload          |   in|    8|     ap_none|                 n15_3_1_reload|        scalar|
|n15_2_1_reload          |   in|    8|     ap_none|                 n15_2_1_reload|        scalar|
|n15_1_1_reload          |   in|    8|     ap_none|                 n15_1_1_reload|        scalar|
|n14_14_0514_phi_reload  |   in|    8|     ap_none|         n14_14_0514_phi_reload|        scalar|
|c14_15_3_reload         |   in|    8|     ap_none|                c14_15_3_reload|        scalar|
|n14_14_1_reload         |   in|    8|     ap_none|                n14_14_1_reload|        scalar|
|n14_13_1_reload         |   in|    8|     ap_none|                n14_13_1_reload|        scalar|
|n14_12_1_reload         |   in|    8|     ap_none|                n14_12_1_reload|        scalar|
|n14_11_1_reload         |   in|    8|     ap_none|                n14_11_1_reload|        scalar|
|n14_10_1_reload         |   in|    8|     ap_none|                n14_10_1_reload|        scalar|
|n14_9_1_reload          |   in|    8|     ap_none|                 n14_9_1_reload|        scalar|
|n14_8_1_reload          |   in|    8|     ap_none|                 n14_8_1_reload|        scalar|
|n14_7_1_reload          |   in|    8|     ap_none|                 n14_7_1_reload|        scalar|
|n14_6_1_reload          |   in|    8|     ap_none|                 n14_6_1_reload|        scalar|
|n14_5_1_reload          |   in|    8|     ap_none|                 n14_5_1_reload|        scalar|
|n14_4_1_reload          |   in|    8|     ap_none|                 n14_4_1_reload|        scalar|
|n14_3_1_reload          |   in|    8|     ap_none|                 n14_3_1_reload|        scalar|
|n14_2_1_reload          |   in|    8|     ap_none|                 n14_2_1_reload|        scalar|
|n14_1_1_reload          |   in|    8|     ap_none|                 n14_1_1_reload|        scalar|
|n13_14_0529_phi_reload  |   in|    8|     ap_none|         n13_14_0529_phi_reload|        scalar|
|c13_15_3_reload         |   in|    8|     ap_none|                c13_15_3_reload|        scalar|
|n13_14_1_reload         |   in|    8|     ap_none|                n13_14_1_reload|        scalar|
|n13_13_1_reload         |   in|    8|     ap_none|                n13_13_1_reload|        scalar|
|n13_12_1_reload         |   in|    8|     ap_none|                n13_12_1_reload|        scalar|
|n13_11_1_reload         |   in|    8|     ap_none|                n13_11_1_reload|        scalar|
|n13_10_1_reload         |   in|    8|     ap_none|                n13_10_1_reload|        scalar|
|n13_9_1_reload          |   in|    8|     ap_none|                 n13_9_1_reload|        scalar|
|n13_8_1_reload          |   in|    8|     ap_none|                 n13_8_1_reload|        scalar|
|n13_7_1_reload          |   in|    8|     ap_none|                 n13_7_1_reload|        scalar|
|n13_6_1_reload          |   in|    8|     ap_none|                 n13_6_1_reload|        scalar|
|n13_5_1_reload          |   in|    8|     ap_none|                 n13_5_1_reload|        scalar|
|n13_4_1_reload          |   in|    8|     ap_none|                 n13_4_1_reload|        scalar|
|n13_3_1_reload          |   in|    8|     ap_none|                 n13_3_1_reload|        scalar|
|n13_2_1_reload          |   in|    8|     ap_none|                 n13_2_1_reload|        scalar|
|n13_1_1_reload          |   in|    8|     ap_none|                 n13_1_1_reload|        scalar|
|n12_14_0544_phi_reload  |   in|    8|     ap_none|         n12_14_0544_phi_reload|        scalar|
|c12_15_3_reload         |   in|    8|     ap_none|                c12_15_3_reload|        scalar|
|n12_14_1_reload         |   in|    8|     ap_none|                n12_14_1_reload|        scalar|
|n12_13_1_reload         |   in|    8|     ap_none|                n12_13_1_reload|        scalar|
|n12_12_1_reload         |   in|    8|     ap_none|                n12_12_1_reload|        scalar|
|n12_11_1_reload         |   in|    8|     ap_none|                n12_11_1_reload|        scalar|
|n12_10_1_reload         |   in|    8|     ap_none|                n12_10_1_reload|        scalar|
|n12_9_1_reload          |   in|    8|     ap_none|                 n12_9_1_reload|        scalar|
|n12_8_1_reload          |   in|    8|     ap_none|                 n12_8_1_reload|        scalar|
|n12_7_1_reload          |   in|    8|     ap_none|                 n12_7_1_reload|        scalar|
|n12_6_1_reload          |   in|    8|     ap_none|                 n12_6_1_reload|        scalar|
|n12_5_1_reload          |   in|    8|     ap_none|                 n12_5_1_reload|        scalar|
|n12_4_1_reload          |   in|    8|     ap_none|                 n12_4_1_reload|        scalar|
|n12_3_1_reload          |   in|    8|     ap_none|                 n12_3_1_reload|        scalar|
|n12_2_1_reload          |   in|    8|     ap_none|                 n12_2_1_reload|        scalar|
|c0_1_3_reload           |   in|    8|     ap_none|                  c0_1_3_reload|        scalar|
|c0_2_3_reload           |   in|    8|     ap_none|                  c0_2_3_reload|        scalar|
|c0_3_3_reload           |   in|    8|     ap_none|                  c0_3_3_reload|        scalar|
|c0_4_3_reload           |   in|    8|     ap_none|                  c0_4_3_reload|        scalar|
|c0_5_3_reload           |   in|    8|     ap_none|                  c0_5_3_reload|        scalar|
|c0_6_3_reload           |   in|    8|     ap_none|                  c0_6_3_reload|        scalar|
|c0_7_3_reload           |   in|    8|     ap_none|                  c0_7_3_reload|        scalar|
|c0_8_3_reload           |   in|    8|     ap_none|                  c0_8_3_reload|        scalar|
|c0_9_3_reload           |   in|    8|     ap_none|                  c0_9_3_reload|        scalar|
|c0_10_3_reload          |   in|    8|     ap_none|                 c0_10_3_reload|        scalar|
|c0_11_3_reload          |   in|    8|     ap_none|                 c0_11_3_reload|        scalar|
|c0_12_3_reload          |   in|    8|     ap_none|                 c0_12_3_reload|        scalar|
|c0_13_3_reload          |   in|    8|     ap_none|                 c0_13_3_reload|        scalar|
|c0_14_3_reload          |   in|    8|     ap_none|                 c0_14_3_reload|        scalar|
|c0_15_3_reload          |   in|    8|     ap_none|                 c0_15_3_reload|        scalar|
|c1_1_3_reload           |   in|    8|     ap_none|                  c1_1_3_reload|        scalar|
|c1_2_3_reload           |   in|    8|     ap_none|                  c1_2_3_reload|        scalar|
|c1_3_3_reload           |   in|    8|     ap_none|                  c1_3_3_reload|        scalar|
|c1_4_3_reload           |   in|    8|     ap_none|                  c1_4_3_reload|        scalar|
|c1_5_3_reload           |   in|    8|     ap_none|                  c1_5_3_reload|        scalar|
|c1_6_3_reload           |   in|    8|     ap_none|                  c1_6_3_reload|        scalar|
|c1_7_3_reload           |   in|    8|     ap_none|                  c1_7_3_reload|        scalar|
|c1_8_3_reload           |   in|    8|     ap_none|                  c1_8_3_reload|        scalar|
|c1_9_3_reload           |   in|    8|     ap_none|                  c1_9_3_reload|        scalar|
|c1_10_3_reload          |   in|    8|     ap_none|                 c1_10_3_reload|        scalar|
|c1_11_3_reload          |   in|    8|     ap_none|                 c1_11_3_reload|        scalar|
|c1_12_3_reload          |   in|    8|     ap_none|                 c1_12_3_reload|        scalar|
|c1_13_3_reload          |   in|    8|     ap_none|                 c1_13_3_reload|        scalar|
|c1_14_3_reload          |   in|    8|     ap_none|                 c1_14_3_reload|        scalar|
|c1_15_3_reload          |   in|    8|     ap_none|                 c1_15_3_reload|        scalar|
|c2_1_3_reload           |   in|    8|     ap_none|                  c2_1_3_reload|        scalar|
|c2_2_3_reload           |   in|    8|     ap_none|                  c2_2_3_reload|        scalar|
|c2_3_3_reload           |   in|    8|     ap_none|                  c2_3_3_reload|        scalar|
|c2_4_3_reload           |   in|    8|     ap_none|                  c2_4_3_reload|        scalar|
|c2_5_3_reload           |   in|    8|     ap_none|                  c2_5_3_reload|        scalar|
|c2_6_3_reload           |   in|    8|     ap_none|                  c2_6_3_reload|        scalar|
|c2_7_3_reload           |   in|    8|     ap_none|                  c2_7_3_reload|        scalar|
|c2_8_3_reload           |   in|    8|     ap_none|                  c2_8_3_reload|        scalar|
|c2_9_3_reload           |   in|    8|     ap_none|                  c2_9_3_reload|        scalar|
|c2_10_3_reload          |   in|    8|     ap_none|                 c2_10_3_reload|        scalar|
|c2_11_3_reload          |   in|    8|     ap_none|                 c2_11_3_reload|        scalar|
|c2_12_3_reload          |   in|    8|     ap_none|                 c2_12_3_reload|        scalar|
|c2_13_3_reload          |   in|    8|     ap_none|                 c2_13_3_reload|        scalar|
|c2_14_3_reload          |   in|    8|     ap_none|                 c2_14_3_reload|        scalar|
|c2_15_3_reload          |   in|    8|     ap_none|                 c2_15_3_reload|        scalar|
|c3_1_3_reload           |   in|    8|     ap_none|                  c3_1_3_reload|        scalar|
|c3_2_3_reload           |   in|    8|     ap_none|                  c3_2_3_reload|        scalar|
|c3_3_3_reload           |   in|    8|     ap_none|                  c3_3_3_reload|        scalar|
|c3_4_3_reload           |   in|    8|     ap_none|                  c3_4_3_reload|        scalar|
|c3_5_3_reload           |   in|    8|     ap_none|                  c3_5_3_reload|        scalar|
|c3_6_3_reload           |   in|    8|     ap_none|                  c3_6_3_reload|        scalar|
|c3_7_3_reload           |   in|    8|     ap_none|                  c3_7_3_reload|        scalar|
|c3_8_3_reload           |   in|    8|     ap_none|                  c3_8_3_reload|        scalar|
|c3_9_3_reload           |   in|    8|     ap_none|                  c3_9_3_reload|        scalar|
|c3_10_3_reload          |   in|    8|     ap_none|                 c3_10_3_reload|        scalar|
|c3_11_3_reload          |   in|    8|     ap_none|                 c3_11_3_reload|        scalar|
|c3_12_3_reload          |   in|    8|     ap_none|                 c3_12_3_reload|        scalar|
|c3_13_3_reload          |   in|    8|     ap_none|                 c3_13_3_reload|        scalar|
|c3_14_3_reload          |   in|    8|     ap_none|                 c3_14_3_reload|        scalar|
|c3_15_3_reload          |   in|    8|     ap_none|                 c3_15_3_reload|        scalar|
|c4_1_3_reload           |   in|    8|     ap_none|                  c4_1_3_reload|        scalar|
|c4_2_3_reload           |   in|    8|     ap_none|                  c4_2_3_reload|        scalar|
|c4_3_3_reload           |   in|    8|     ap_none|                  c4_3_3_reload|        scalar|
|c4_4_3_reload           |   in|    8|     ap_none|                  c4_4_3_reload|        scalar|
|c4_5_3_reload           |   in|    8|     ap_none|                  c4_5_3_reload|        scalar|
|c4_6_3_reload           |   in|    8|     ap_none|                  c4_6_3_reload|        scalar|
|c4_7_3_reload           |   in|    8|     ap_none|                  c4_7_3_reload|        scalar|
|c4_8_3_reload           |   in|    8|     ap_none|                  c4_8_3_reload|        scalar|
|c4_9_3_reload           |   in|    8|     ap_none|                  c4_9_3_reload|        scalar|
|c4_10_3_reload          |   in|    8|     ap_none|                 c4_10_3_reload|        scalar|
|c4_11_3_reload          |   in|    8|     ap_none|                 c4_11_3_reload|        scalar|
|c4_12_3_reload          |   in|    8|     ap_none|                 c4_12_3_reload|        scalar|
|c4_13_3_reload          |   in|    8|     ap_none|                 c4_13_3_reload|        scalar|
|c4_14_3_reload          |   in|    8|     ap_none|                 c4_14_3_reload|        scalar|
|c4_15_3_reload          |   in|    8|     ap_none|                 c4_15_3_reload|        scalar|
|c5_1_3_reload           |   in|    8|     ap_none|                  c5_1_3_reload|        scalar|
|c5_2_3_reload           |   in|    8|     ap_none|                  c5_2_3_reload|        scalar|
|c5_3_3_reload           |   in|    8|     ap_none|                  c5_3_3_reload|        scalar|
|c5_4_3_reload           |   in|    8|     ap_none|                  c5_4_3_reload|        scalar|
|c5_5_3_reload           |   in|    8|     ap_none|                  c5_5_3_reload|        scalar|
|c5_6_3_reload           |   in|    8|     ap_none|                  c5_6_3_reload|        scalar|
|c5_7_3_reload           |   in|    8|     ap_none|                  c5_7_3_reload|        scalar|
|c5_8_3_reload           |   in|    8|     ap_none|                  c5_8_3_reload|        scalar|
|c5_9_3_reload           |   in|    8|     ap_none|                  c5_9_3_reload|        scalar|
|c5_10_3_reload          |   in|    8|     ap_none|                 c5_10_3_reload|        scalar|
|c5_11_3_reload          |   in|    8|     ap_none|                 c5_11_3_reload|        scalar|
|c5_12_3_reload          |   in|    8|     ap_none|                 c5_12_3_reload|        scalar|
|c5_13_3_reload          |   in|    8|     ap_none|                 c5_13_3_reload|        scalar|
|c5_14_3_reload          |   in|    8|     ap_none|                 c5_14_3_reload|        scalar|
|c5_15_3_reload          |   in|    8|     ap_none|                 c5_15_3_reload|        scalar|
|c6_1_3_reload           |   in|    8|     ap_none|                  c6_1_3_reload|        scalar|
|c6_2_3_reload           |   in|    8|     ap_none|                  c6_2_3_reload|        scalar|
|c6_3_3_reload           |   in|    8|     ap_none|                  c6_3_3_reload|        scalar|
|c6_4_3_reload           |   in|    8|     ap_none|                  c6_4_3_reload|        scalar|
|c6_5_3_reload           |   in|    8|     ap_none|                  c6_5_3_reload|        scalar|
|c6_6_3_reload           |   in|    8|     ap_none|                  c6_6_3_reload|        scalar|
|c6_7_3_reload           |   in|    8|     ap_none|                  c6_7_3_reload|        scalar|
|c6_8_3_reload           |   in|    8|     ap_none|                  c6_8_3_reload|        scalar|
|c6_9_3_reload           |   in|    8|     ap_none|                  c6_9_3_reload|        scalar|
|c6_10_3_reload          |   in|    8|     ap_none|                 c6_10_3_reload|        scalar|
|c6_11_3_reload          |   in|    8|     ap_none|                 c6_11_3_reload|        scalar|
|c6_12_3_reload          |   in|    8|     ap_none|                 c6_12_3_reload|        scalar|
|c6_13_3_reload          |   in|    8|     ap_none|                 c6_13_3_reload|        scalar|
|c6_14_3_reload          |   in|    8|     ap_none|                 c6_14_3_reload|        scalar|
|c6_15_3_reload          |   in|    8|     ap_none|                 c6_15_3_reload|        scalar|
|c7_1_3_reload           |   in|    8|     ap_none|                  c7_1_3_reload|        scalar|
|c7_2_3_reload           |   in|    8|     ap_none|                  c7_2_3_reload|        scalar|
|c7_3_3_reload           |   in|    8|     ap_none|                  c7_3_3_reload|        scalar|
|c7_4_3_reload           |   in|    8|     ap_none|                  c7_4_3_reload|        scalar|
|c7_5_3_reload           |   in|    8|     ap_none|                  c7_5_3_reload|        scalar|
|c7_6_3_reload           |   in|    8|     ap_none|                  c7_6_3_reload|        scalar|
|c7_7_3_reload           |   in|    8|     ap_none|                  c7_7_3_reload|        scalar|
|c7_8_3_reload           |   in|    8|     ap_none|                  c7_8_3_reload|        scalar|
|c7_9_3_reload           |   in|    8|     ap_none|                  c7_9_3_reload|        scalar|
|c7_10_3_reload          |   in|    8|     ap_none|                 c7_10_3_reload|        scalar|
|c7_11_3_reload          |   in|    8|     ap_none|                 c7_11_3_reload|        scalar|
|c7_12_3_reload          |   in|    8|     ap_none|                 c7_12_3_reload|        scalar|
|c7_13_3_reload          |   in|    8|     ap_none|                 c7_13_3_reload|        scalar|
|c7_14_3_reload          |   in|    8|     ap_none|                 c7_14_3_reload|        scalar|
|c7_15_3_reload          |   in|    8|     ap_none|                 c7_15_3_reload|        scalar|
|c8_1_3_reload           |   in|    8|     ap_none|                  c8_1_3_reload|        scalar|
|c8_2_3_reload           |   in|    8|     ap_none|                  c8_2_3_reload|        scalar|
|c8_3_3_reload           |   in|    8|     ap_none|                  c8_3_3_reload|        scalar|
|c8_4_3_reload           |   in|    8|     ap_none|                  c8_4_3_reload|        scalar|
|c8_5_3_reload           |   in|    8|     ap_none|                  c8_5_3_reload|        scalar|
|c8_6_3_reload           |   in|    8|     ap_none|                  c8_6_3_reload|        scalar|
|c8_7_3_reload           |   in|    8|     ap_none|                  c8_7_3_reload|        scalar|
|c8_8_3_reload           |   in|    8|     ap_none|                  c8_8_3_reload|        scalar|
|c8_9_3_reload           |   in|    8|     ap_none|                  c8_9_3_reload|        scalar|
|c8_10_3_reload          |   in|    8|     ap_none|                 c8_10_3_reload|        scalar|
|c8_11_3_reload          |   in|    8|     ap_none|                 c8_11_3_reload|        scalar|
|c8_12_3_reload          |   in|    8|     ap_none|                 c8_12_3_reload|        scalar|
|c8_13_3_reload          |   in|    8|     ap_none|                 c8_13_3_reload|        scalar|
|c8_14_3_reload          |   in|    8|     ap_none|                 c8_14_3_reload|        scalar|
|c8_15_3_reload          |   in|    8|     ap_none|                 c8_15_3_reload|        scalar|
|c9_1_3_reload           |   in|    8|     ap_none|                  c9_1_3_reload|        scalar|
|c9_2_3_reload           |   in|    8|     ap_none|                  c9_2_3_reload|        scalar|
|c9_3_3_reload           |   in|    8|     ap_none|                  c9_3_3_reload|        scalar|
|c9_4_3_reload           |   in|    8|     ap_none|                  c9_4_3_reload|        scalar|
|c9_5_3_reload           |   in|    8|     ap_none|                  c9_5_3_reload|        scalar|
|c9_6_3_reload           |   in|    8|     ap_none|                  c9_6_3_reload|        scalar|
|c9_7_3_reload           |   in|    8|     ap_none|                  c9_7_3_reload|        scalar|
|c9_8_3_reload           |   in|    8|     ap_none|                  c9_8_3_reload|        scalar|
|c9_9_3_reload           |   in|    8|     ap_none|                  c9_9_3_reload|        scalar|
|c9_10_3_reload          |   in|    8|     ap_none|                 c9_10_3_reload|        scalar|
|c9_11_3_reload          |   in|    8|     ap_none|                 c9_11_3_reload|        scalar|
|c9_12_3_reload          |   in|    8|     ap_none|                 c9_12_3_reload|        scalar|
|c9_13_3_reload          |   in|    8|     ap_none|                 c9_13_3_reload|        scalar|
|c9_14_3_reload          |   in|    8|     ap_none|                 c9_14_3_reload|        scalar|
|c9_15_3_reload          |   in|    8|     ap_none|                 c9_15_3_reload|        scalar|
|c10_1_3_reload          |   in|    8|     ap_none|                 c10_1_3_reload|        scalar|
|c10_2_3_reload          |   in|    8|     ap_none|                 c10_2_3_reload|        scalar|
|c10_3_3_reload          |   in|    8|     ap_none|                 c10_3_3_reload|        scalar|
|c10_4_3_reload          |   in|    8|     ap_none|                 c10_4_3_reload|        scalar|
|c10_5_3_reload          |   in|    8|     ap_none|                 c10_5_3_reload|        scalar|
|c10_6_3_reload          |   in|    8|     ap_none|                 c10_6_3_reload|        scalar|
|c10_7_3_reload          |   in|    8|     ap_none|                 c10_7_3_reload|        scalar|
|c10_8_3_reload          |   in|    8|     ap_none|                 c10_8_3_reload|        scalar|
|c10_9_3_reload          |   in|    8|     ap_none|                 c10_9_3_reload|        scalar|
|c10_10_3_reload         |   in|    8|     ap_none|                c10_10_3_reload|        scalar|
|c10_11_3_reload         |   in|    8|     ap_none|                c10_11_3_reload|        scalar|
|c10_12_3_reload         |   in|    8|     ap_none|                c10_12_3_reload|        scalar|
|c10_13_3_reload         |   in|    8|     ap_none|                c10_13_3_reload|        scalar|
|c10_14_3_reload         |   in|    8|     ap_none|                c10_14_3_reload|        scalar|
|c10_15_3_reload         |   in|    8|     ap_none|                c10_15_3_reload|        scalar|
|c11_1_3_reload          |   in|    8|     ap_none|                 c11_1_3_reload|        scalar|
|c11_2_3_reload          |   in|    8|     ap_none|                 c11_2_3_reload|        scalar|
|c11_3_3_reload          |   in|    8|     ap_none|                 c11_3_3_reload|        scalar|
|c11_4_3_reload          |   in|    8|     ap_none|                 c11_4_3_reload|        scalar|
|c11_5_3_reload          |   in|    8|     ap_none|                 c11_5_3_reload|        scalar|
|c11_6_3_reload          |   in|    8|     ap_none|                 c11_6_3_reload|        scalar|
|c11_7_3_reload          |   in|    8|     ap_none|                 c11_7_3_reload|        scalar|
|c11_8_3_reload          |   in|    8|     ap_none|                 c11_8_3_reload|        scalar|
|c11_9_3_reload          |   in|    8|     ap_none|                 c11_9_3_reload|        scalar|
|c11_10_3_reload         |   in|    8|     ap_none|                c11_10_3_reload|        scalar|
|c11_11_3_reload         |   in|    8|     ap_none|                c11_11_3_reload|        scalar|
|c11_12_3_reload         |   in|    8|     ap_none|                c11_12_3_reload|        scalar|
|c11_13_3_reload         |   in|    8|     ap_none|                c11_13_3_reload|        scalar|
|c11_14_3_reload         |   in|    8|     ap_none|                c11_14_3_reload|        scalar|
|c11_15_3_reload         |   in|    8|     ap_none|                c11_15_3_reload|        scalar|
|n12_1_1_reload          |   in|    8|     ap_none|                 n12_1_1_reload|        scalar|
|n11_14_0559_phi_reload  |   in|    8|     ap_none|         n11_14_0559_phi_reload|        scalar|
|n10_14_0574_phi_reload  |   in|    8|     ap_none|         n10_14_0574_phi_reload|        scalar|
|n9_14_0589_phi_reload   |   in|    8|     ap_none|          n9_14_0589_phi_reload|        scalar|
|n8_14_0604_phi_reload   |   in|    8|     ap_none|          n8_14_0604_phi_reload|        scalar|
|n7_14_0619_phi_reload   |   in|    8|     ap_none|          n7_14_0619_phi_reload|        scalar|
|n6_14_0634_phi_reload   |   in|    8|     ap_none|          n6_14_0634_phi_reload|        scalar|
|n5_14_0649_phi_reload   |   in|    8|     ap_none|          n5_14_0649_phi_reload|        scalar|
|n4_14_0664_phi_reload   |   in|    8|     ap_none|          n4_14_0664_phi_reload|        scalar|
|n3_14_0679_phi_reload   |   in|    8|     ap_none|          n3_14_0679_phi_reload|        scalar|
|n2_14_0694_phi_reload   |   in|    8|     ap_none|          n2_14_0694_phi_reload|        scalar|
|n1_14_0709_phi_reload   |   in|    8|     ap_none|          n1_14_0709_phi_reload|        scalar|
|n0_14_0724_phi_reload   |   in|    8|     ap_none|          n0_14_0724_phi_reload|        scalar|
+------------------------+-----+-----+------------+-------------------------------+--------------+

