
****** Vivado v2023.2 (64-bit)
  **** SW Build 4029153 on Fri Oct 13 20:13:54 MDT 2023
  **** IP Build 4028589 on Sat Oct 14 00:45:43 MDT 2023
  **** SharedData Build 4025554 on Tue Oct 10 17:18:54 MDT 2023
    ** Copyright 1986-2022 Xilinx, Inc. All Rights Reserved.
    ** Copyright 2022-2023 Advanced Micro Devices, Inc. All Rights Reserved.

source pnr.tcl
# read_verilog /scratch/hc676/e3_micro/gemmini_elab/mxuaccvpu_out_8/MxuAccVpu.v
read_verilog: Time (s): cpu = 00:00:07 ; elapsed = 00:00:07 . Memory (MB): peak = 1556.215 ; gain = 36.836 ; free physical = 66270 ; free virtual = 156476
# synth_design -top MxuAccVpu -part xcu280-fsvh2892-2L-e -mode out_of_context
Command: synth_design -top MxuAccVpu -part xcu280-fsvh2892-2L-e -mode out_of_context
Starting synth_design
Attempting to get a license for feature 'Synthesis' and/or device 'xcu280'
INFO: [Common 17-349] Got license for feature 'Synthesis' and/or device 'xcu280'
INFO: [Synth 8-7079] Multithreading enabled for synth_design using a maximum of 4 processes.
INFO: [Synth 8-7078] Launching helper process for spawning children vivado processes
INFO: [Synth 8-7075] Helper process launched with PID 3483561
---------------------------------------------------------------------------------
Starting Synthesize : Time (s): cpu = 00:00:04 ; elapsed = 00:00:04 . Memory (MB): peak = 1976.836 ; gain = 414.668 ; free physical = 65498 ; free virtual = 155704
---------------------------------------------------------------------------------
INFO: [Synth 8-6157] synthesizing module 'MxuAccVpu' [/scratch/hc676/e3_micro/gemmini_elab/mxuaccvpu_out_8/MxuAccVpu.v:13458]
INFO: [Synth 8-6157] synthesizing module 'MeshWithDelays' [/scratch/hc676/e3_micro/gemmini_elab/mxuaccvpu_out_8/MxuAccVpu.v:8446]
INFO: [Synth 8-6157] synthesizing module 'AlwaysOutTransposer' [/scratch/hc676/e3_micro/gemmini_elab/mxuaccvpu_out_8/MxuAccVpu.v:71]
INFO: [Synth 8-6157] synthesizing module 'PE' [/scratch/hc676/e3_micro/gemmini_elab/mxuaccvpu_out_8/MxuAccVpu.v:1]
INFO: [Synth 8-6155] done synthesizing module 'PE' (0#1) [/scratch/hc676/e3_micro/gemmini_elab/mxuaccvpu_out_8/MxuAccVpu.v:1]
INFO: [Synth 8-6155] done synthesizing module 'AlwaysOutTransposer' (0#1) [/scratch/hc676/e3_micro/gemmini_elab/mxuaccvpu_out_8/MxuAccVpu.v:71]
INFO: [Synth 8-6157] synthesizing module 'Mesh' [/scratch/hc676/e3_micro/gemmini_elab/mxuaccvpu_out_8/MxuAccVpu.v:1797]
INFO: [Synth 8-6157] synthesizing module 'Tile' [/scratch/hc676/e3_micro/gemmini_elab/mxuaccvpu_out_8/MxuAccVpu.v:1653]
INFO: [Synth 8-6157] synthesizing module 'PE_64' [/scratch/hc676/e3_micro/gemmini_elab/mxuaccvpu_out_8/MxuAccVpu.v:1550]
INFO: [Synth 8-6157] synthesizing module 'MacUnit' [/scratch/hc676/e3_micro/gemmini_elab/mxuaccvpu_out_8/MxuAccVpu.v:1540]
INFO: [Synth 8-6155] done synthesizing module 'MacUnit' (0#1) [/scratch/hc676/e3_micro/gemmini_elab/mxuaccvpu_out_8/MxuAccVpu.v:1540]
INFO: [Synth 8-6155] done synthesizing module 'PE_64' (0#1) [/scratch/hc676/e3_micro/gemmini_elab/mxuaccvpu_out_8/MxuAccVpu.v:1550]
INFO: [Synth 8-6155] done synthesizing module 'Tile' (0#1) [/scratch/hc676/e3_micro/gemmini_elab/mxuaccvpu_out_8/MxuAccVpu.v:1653]
INFO: [Synth 8-6157] synthesizing module 'Tile_56' [/scratch/hc676/e3_micro/gemmini_elab/mxuaccvpu_out_8/MxuAccVpu.v:1726]
INFO: [Synth 8-6155] done synthesizing module 'Tile_56' (0#1) [/scratch/hc676/e3_micro/gemmini_elab/mxuaccvpu_out_8/MxuAccVpu.v:1726]
INFO: [Synth 8-6155] done synthesizing module 'Mesh' (0#1) [/scratch/hc676/e3_micro/gemmini_elab/mxuaccvpu_out_8/MxuAccVpu.v:1797]
INFO: [Synth 8-6157] synthesizing module 'TagQueue' [/scratch/hc676/e3_micro/gemmini_elab/mxuaccvpu_out_8/MxuAccVpu.v:7988]
INFO: [Synth 8-6155] done synthesizing module 'TagQueue' (0#1) [/scratch/hc676/e3_micro/gemmini_elab/mxuaccvpu_out_8/MxuAccVpu.v:7988]
INFO: [Synth 8-6157] synthesizing module 'Queue' [/scratch/hc676/e3_micro/gemmini_elab/mxuaccvpu_out_8/MxuAccVpu.v:8304]
INFO: [Synth 8-6155] done synthesizing module 'Queue' (0#1) [/scratch/hc676/e3_micro/gemmini_elab/mxuaccvpu_out_8/MxuAccVpu.v:8304]
INFO: [Synth 8-6155] done synthesizing module 'MeshWithDelays' (0#1) [/scratch/hc676/e3_micro/gemmini_elab/mxuaccvpu_out_8/MxuAccVpu.v:8446]
INFO: [Synth 8-6157] synthesizing module 'AccumulatorMem' [/scratch/hc676/e3_micro/gemmini_elab/mxuaccvpu_out_8/MxuAccVpu.v:12404]
INFO: [Synth 8-6157] synthesizing module 'TwoPortSyncMem' [/scratch/hc676/e3_micro/gemmini_elab/mxuaccvpu_out_8/MxuAccVpu.v:10834]
INFO: [Synth 8-6155] done synthesizing module 'TwoPortSyncMem' (0#1) [/scratch/hc676/e3_micro/gemmini_elab/mxuaccvpu_out_8/MxuAccVpu.v:10834]
INFO: [Synth 8-6157] synthesizing module 'Queue_1' [/scratch/hc676/e3_micro/gemmini_elab/mxuaccvpu_out_8/MxuAccVpu.v:12044]
INFO: [Synth 8-6155] done synthesizing module 'Queue_1' (0#1) [/scratch/hc676/e3_micro/gemmini_elab/mxuaccvpu_out_8/MxuAccVpu.v:12044]
INFO: [Synth 8-6155] done synthesizing module 'AccumulatorMem' (0#1) [/scratch/hc676/e3_micro/gemmini_elab/mxuaccvpu_out_8/MxuAccVpu.v:12404]
INFO: [Synth 8-6157] synthesizing module 'AccPipeShared' [/scratch/hc676/e3_micro/gemmini_elab/mxuaccvpu_out_8/MxuAccVpu.v:12906]
INFO: [Synth 8-6157] synthesizing module 'AccPipe' [/scratch/hc676/e3_micro/gemmini_elab/mxuaccvpu_out_8/MxuAccVpu.v:12846]
INFO: [Synth 8-6155] done synthesizing module 'AccPipe' (0#1) [/scratch/hc676/e3_micro/gemmini_elab/mxuaccvpu_out_8/MxuAccVpu.v:12846]
INFO: [Synth 8-6155] done synthesizing module 'AccPipeShared' (0#1) [/scratch/hc676/e3_micro/gemmini_elab/mxuaccvpu_out_8/MxuAccVpu.v:12906]
INFO: [Synth 8-6157] synthesizing module 'AccumulatorScale' [/scratch/hc676/e3_micro/gemmini_elab/mxuaccvpu_out_8/MxuAccVpu.v:13257]
INFO: [Synth 8-6157] synthesizing module 'Pipeline' [/scratch/hc676/e3_micro/gemmini_elab/mxuaccvpu_out_8/MxuAccVpu.v:13096]
INFO: [Synth 8-6155] done synthesizing module 'Pipeline' (0#1) [/scratch/hc676/e3_micro/gemmini_elab/mxuaccvpu_out_8/MxuAccVpu.v:13096]
INFO: [Synth 8-6155] done synthesizing module 'AccumulatorScale' (0#1) [/scratch/hc676/e3_micro/gemmini_elab/mxuaccvpu_out_8/MxuAccVpu.v:13257]
INFO: [Synth 8-6155] done synthesizing module 'MxuAccVpu' (0#1) [/scratch/hc676/e3_micro/gemmini_elab/mxuaccvpu_out_8/MxuAccVpu.v:13458]
WARNING: [Synth 8-6014] Unused sequential element mesh_io_in_control_2_0_dataflow_r_reg was removed.  [/scratch/hc676/e3_micro/gemmini_elab/mxuaccvpu_out_8/MxuAccVpu.v:9882]
WARNING: [Synth 8-6014] Unused sequential element mesh_io_in_control_2_0_propagate_r_reg was removed.  [/scratch/hc676/e3_micro/gemmini_elab/mxuaccvpu_out_8/MxuAccVpu.v:9884]
WARNING: [Synth 8-6014] Unused sequential element mesh_io_in_control_3_0_dataflow_r_reg was removed.  [/scratch/hc676/e3_micro/gemmini_elab/mxuaccvpu_out_8/MxuAccVpu.v:9886]
WARNING: [Synth 8-6014] Unused sequential element mesh_io_in_control_3_0_propagate_r_reg was removed.  [/scratch/hc676/e3_micro/gemmini_elab/mxuaccvpu_out_8/MxuAccVpu.v:9889]
WARNING: [Synth 8-6014] Unused sequential element mesh_io_in_control_4_0_dataflow_r_reg was removed.  [/scratch/hc676/e3_micro/gemmini_elab/mxuaccvpu_out_8/MxuAccVpu.v:9892]
WARNING: [Synth 8-6014] Unused sequential element mesh_io_in_control_4_0_propagate_r_reg was removed.  [/scratch/hc676/e3_micro/gemmini_elab/mxuaccvpu_out_8/MxuAccVpu.v:9896]
WARNING: [Synth 8-6014] Unused sequential element mesh_io_in_control_5_0_dataflow_r_reg was removed.  [/scratch/hc676/e3_micro/gemmini_elab/mxuaccvpu_out_8/MxuAccVpu.v:9900]
WARNING: [Synth 8-6014] Unused sequential element mesh_io_in_control_5_0_propagate_r_reg was removed.  [/scratch/hc676/e3_micro/gemmini_elab/mxuaccvpu_out_8/MxuAccVpu.v:9905]
WARNING: [Synth 8-6014] Unused sequential element mesh_io_in_control_6_0_dataflow_r_reg was removed.  [/scratch/hc676/e3_micro/gemmini_elab/mxuaccvpu_out_8/MxuAccVpu.v:9910]
WARNING: [Synth 8-6014] Unused sequential element mesh_io_in_control_6_0_propagate_r_reg was removed.  [/scratch/hc676/e3_micro/gemmini_elab/mxuaccvpu_out_8/MxuAccVpu.v:9916]
WARNING: [Synth 8-6014] Unused sequential element mesh_io_in_control_7_0_dataflow_r_reg was removed.  [/scratch/hc676/e3_micro/gemmini_elab/mxuaccvpu_out_8/MxuAccVpu.v:9922]
WARNING: [Synth 8-6014] Unused sequential element mesh_io_in_control_7_0_propagate_r_reg was removed.  [/scratch/hc676/e3_micro/gemmini_elab/mxuaccvpu_out_8/MxuAccVpu.v:9929]
WARNING: [Synth 8-6014] Unused sequential element RegShifted_r_84_0_reg was removed.  [/scratch/hc676/e3_micro/gemmini_elab/mxuaccvpu_out_8/MxuAccVpu.v:9965]
WARNING: [Synth 8-6014] Unused sequential element RegShifted_r_85_0_reg was removed.  [/scratch/hc676/e3_micro/gemmini_elab/mxuaccvpu_out_8/MxuAccVpu.v:9967]
WARNING: [Synth 8-6014] Unused sequential element RegShifted_r_87_0_reg was removed.  [/scratch/hc676/e3_micro/gemmini_elab/mxuaccvpu_out_8/MxuAccVpu.v:9970]
WARNING: [Synth 8-6014] Unused sequential element RegShifted_r_90_0_reg was removed.  [/scratch/hc676/e3_micro/gemmini_elab/mxuaccvpu_out_8/MxuAccVpu.v:9974]
WARNING: [Synth 8-6014] Unused sequential element RegShifted_r_94_0_reg was removed.  [/scratch/hc676/e3_micro/gemmini_elab/mxuaccvpu_out_8/MxuAccVpu.v:9979]
WARNING: [Synth 8-6014] Unused sequential element RegShifted_r_99_0_reg was removed.  [/scratch/hc676/e3_micro/gemmini_elab/mxuaccvpu_out_8/MxuAccVpu.v:9985]
WARNING: [Synth 8-6014] Unused sequential element mesh_io_in_control_3_0_dataflow_r_1_reg was removed.  [/scratch/hc676/e3_micro/gemmini_elab/mxuaccvpu_out_8/MxuAccVpu.v:9887]
WARNING: [Synth 8-6014] Unused sequential element mesh_io_in_control_3_0_propagate_r_1_reg was removed.  [/scratch/hc676/e3_micro/gemmini_elab/mxuaccvpu_out_8/MxuAccVpu.v:9890]
WARNING: [Synth 8-6014] Unused sequential element mesh_io_in_control_4_0_dataflow_r_1_reg was removed.  [/scratch/hc676/e3_micro/gemmini_elab/mxuaccvpu_out_8/MxuAccVpu.v:9893]
WARNING: [Synth 8-6014] Unused sequential element mesh_io_in_control_4_0_dataflow_r_2_reg was removed.  [/scratch/hc676/e3_micro/gemmini_elab/mxuaccvpu_out_8/MxuAccVpu.v:9894]
WARNING: [Synth 8-6014] Unused sequential element mesh_io_in_control_4_0_propagate_r_1_reg was removed.  [/scratch/hc676/e3_micro/gemmini_elab/mxuaccvpu_out_8/MxuAccVpu.v:9897]
WARNING: [Synth 8-6014] Unused sequential element mesh_io_in_control_4_0_propagate_r_2_reg was removed.  [/scratch/hc676/e3_micro/gemmini_elab/mxuaccvpu_out_8/MxuAccVpu.v:9898]
WARNING: [Synth 8-6014] Unused sequential element mesh_io_in_control_5_0_dataflow_r_1_reg was removed.  [/scratch/hc676/e3_micro/gemmini_elab/mxuaccvpu_out_8/MxuAccVpu.v:9901]
WARNING: [Synth 8-6014] Unused sequential element mesh_io_in_control_5_0_dataflow_r_2_reg was removed.  [/scratch/hc676/e3_micro/gemmini_elab/mxuaccvpu_out_8/MxuAccVpu.v:9902]
WARNING: [Synth 8-6014] Unused sequential element mesh_io_in_control_5_0_dataflow_r_3_reg was removed.  [/scratch/hc676/e3_micro/gemmini_elab/mxuaccvpu_out_8/MxuAccVpu.v:9903]
WARNING: [Synth 8-6014] Unused sequential element mesh_io_in_control_5_0_propagate_r_1_reg was removed.  [/scratch/hc676/e3_micro/gemmini_elab/mxuaccvpu_out_8/MxuAccVpu.v:9906]
WARNING: [Synth 8-6014] Unused sequential element mesh_io_in_control_5_0_propagate_r_2_reg was removed.  [/scratch/hc676/e3_micro/gemmini_elab/mxuaccvpu_out_8/MxuAccVpu.v:9907]
WARNING: [Synth 8-6014] Unused sequential element mesh_io_in_control_5_0_propagate_r_3_reg was removed.  [/scratch/hc676/e3_micro/gemmini_elab/mxuaccvpu_out_8/MxuAccVpu.v:9908]
WARNING: [Synth 8-6014] Unused sequential element mesh_io_in_control_6_0_dataflow_r_1_reg was removed.  [/scratch/hc676/e3_micro/gemmini_elab/mxuaccvpu_out_8/MxuAccVpu.v:9911]
WARNING: [Synth 8-6014] Unused sequential element mesh_io_in_control_6_0_dataflow_r_2_reg was removed.  [/scratch/hc676/e3_micro/gemmini_elab/mxuaccvpu_out_8/MxuAccVpu.v:9912]
WARNING: [Synth 8-6014] Unused sequential element mesh_io_in_control_6_0_dataflow_r_3_reg was removed.  [/scratch/hc676/e3_micro/gemmini_elab/mxuaccvpu_out_8/MxuAccVpu.v:9913]
WARNING: [Synth 8-6014] Unused sequential element mesh_io_in_control_6_0_dataflow_r_4_reg was removed.  [/scratch/hc676/e3_micro/gemmini_elab/mxuaccvpu_out_8/MxuAccVpu.v:9914]
WARNING: [Synth 8-6014] Unused sequential element mesh_io_in_control_6_0_propagate_r_1_reg was removed.  [/scratch/hc676/e3_micro/gemmini_elab/mxuaccvpu_out_8/MxuAccVpu.v:9917]
WARNING: [Synth 8-6014] Unused sequential element mesh_io_in_control_6_0_propagate_r_2_reg was removed.  [/scratch/hc676/e3_micro/gemmini_elab/mxuaccvpu_out_8/MxuAccVpu.v:9918]
WARNING: [Synth 8-6014] Unused sequential element mesh_io_in_control_6_0_propagate_r_3_reg was removed.  [/scratch/hc676/e3_micro/gemmini_elab/mxuaccvpu_out_8/MxuAccVpu.v:9919]
WARNING: [Synth 8-6014] Unused sequential element mesh_io_in_control_6_0_propagate_r_4_reg was removed.  [/scratch/hc676/e3_micro/gemmini_elab/mxuaccvpu_out_8/MxuAccVpu.v:9920]
WARNING: [Synth 8-6014] Unused sequential element mesh_io_in_control_7_0_dataflow_r_1_reg was removed.  [/scratch/hc676/e3_micro/gemmini_elab/mxuaccvpu_out_8/MxuAccVpu.v:9923]
WARNING: [Synth 8-6014] Unused sequential element mesh_io_in_control_7_0_dataflow_r_2_reg was removed.  [/scratch/hc676/e3_micro/gemmini_elab/mxuaccvpu_out_8/MxuAccVpu.v:9924]
WARNING: [Synth 8-6014] Unused sequential element mesh_io_in_control_7_0_dataflow_r_3_reg was removed.  [/scratch/hc676/e3_micro/gemmini_elab/mxuaccvpu_out_8/MxuAccVpu.v:9925]
WARNING: [Synth 8-6014] Unused sequential element mesh_io_in_control_7_0_dataflow_r_4_reg was removed.  [/scratch/hc676/e3_micro/gemmini_elab/mxuaccvpu_out_8/MxuAccVpu.v:9926]
WARNING: [Synth 8-6014] Unused sequential element mesh_io_in_control_7_0_dataflow_r_5_reg was removed.  [/scratch/hc676/e3_micro/gemmini_elab/mxuaccvpu_out_8/MxuAccVpu.v:9927]
WARNING: [Synth 8-6014] Unused sequential element mesh_io_in_control_7_0_propagate_r_1_reg was removed.  [/scratch/hc676/e3_micro/gemmini_elab/mxuaccvpu_out_8/MxuAccVpu.v:9930]
WARNING: [Synth 8-6014] Unused sequential element mesh_io_in_control_7_0_propagate_r_2_reg was removed.  [/scratch/hc676/e3_micro/gemmini_elab/mxuaccvpu_out_8/MxuAccVpu.v:9931]
WARNING: [Synth 8-6014] Unused sequential element mesh_io_in_control_7_0_propagate_r_3_reg was removed.  [/scratch/hc676/e3_micro/gemmini_elab/mxuaccvpu_out_8/MxuAccVpu.v:9932]
WARNING: [Synth 8-6014] Unused sequential element mesh_io_in_control_7_0_propagate_r_4_reg was removed.  [/scratch/hc676/e3_micro/gemmini_elab/mxuaccvpu_out_8/MxuAccVpu.v:9933]
WARNING: [Synth 8-6014] Unused sequential element mesh_io_in_control_7_0_propagate_r_5_reg was removed.  [/scratch/hc676/e3_micro/gemmini_elab/mxuaccvpu_out_8/MxuAccVpu.v:9934]
WARNING: [Synth 8-6014] Unused sequential element RegShifted_r_63_0_reg was removed.  [/scratch/hc676/e3_micro/gemmini_elab/mxuaccvpu_out_8/MxuAccVpu.v:9937]
WARNING: [Synth 8-6014] Unused sequential element RegShifted_r_64_0_reg was removed.  [/scratch/hc676/e3_micro/gemmini_elab/mxuaccvpu_out_8/MxuAccVpu.v:9939]
WARNING: [Synth 8-6014] Unused sequential element RegShifted_r_65_0_reg was removed.  [/scratch/hc676/e3_micro/gemmini_elab/mxuaccvpu_out_8/MxuAccVpu.v:9940]
WARNING: [Synth 8-6014] Unused sequential element RegShifted_r_66_0_reg was removed.  [/scratch/hc676/e3_micro/gemmini_elab/mxuaccvpu_out_8/MxuAccVpu.v:9942]
WARNING: [Synth 8-6014] Unused sequential element RegShifted_r_67_0_reg was removed.  [/scratch/hc676/e3_micro/gemmini_elab/mxuaccvpu_out_8/MxuAccVpu.v:9943]
WARNING: [Synth 8-6014] Unused sequential element RegShifted_r_68_0_reg was removed.  [/scratch/hc676/e3_micro/gemmini_elab/mxuaccvpu_out_8/MxuAccVpu.v:9944]
WARNING: [Synth 8-6014] Unused sequential element RegShifted_r_69_0_reg was removed.  [/scratch/hc676/e3_micro/gemmini_elab/mxuaccvpu_out_8/MxuAccVpu.v:9946]
WARNING: [Synth 8-6014] Unused sequential element RegShifted_r_70_0_reg was removed.  [/scratch/hc676/e3_micro/gemmini_elab/mxuaccvpu_out_8/MxuAccVpu.v:9947]
WARNING: [Synth 8-6014] Unused sequential element RegShifted_r_71_0_reg was removed.  [/scratch/hc676/e3_micro/gemmini_elab/mxuaccvpu_out_8/MxuAccVpu.v:9948]
WARNING: [Synth 8-6014] Unused sequential element RegShifted_r_72_0_reg was removed.  [/scratch/hc676/e3_micro/gemmini_elab/mxuaccvpu_out_8/MxuAccVpu.v:9949]
WARNING: [Synth 8-6014] Unused sequential element RegShifted_r_73_0_reg was removed.  [/scratch/hc676/e3_micro/gemmini_elab/mxuaccvpu_out_8/MxuAccVpu.v:9951]
WARNING: [Synth 8-6014] Unused sequential element RegShifted_r_74_0_reg was removed.  [/scratch/hc676/e3_micro/gemmini_elab/mxuaccvpu_out_8/MxuAccVpu.v:9952]
WARNING: [Synth 8-6014] Unused sequential element RegShifted_r_75_0_reg was removed.  [/scratch/hc676/e3_micro/gemmini_elab/mxuaccvpu_out_8/MxuAccVpu.v:9953]
WARNING: [Synth 8-6014] Unused sequential element RegShifted_r_76_0_reg was removed.  [/scratch/hc676/e3_micro/gemmini_elab/mxuaccvpu_out_8/MxuAccVpu.v:9954]
WARNING: [Synth 8-6014] Unused sequential element RegShifted_r_77_0_reg was removed.  [/scratch/hc676/e3_micro/gemmini_elab/mxuaccvpu_out_8/MxuAccVpu.v:9955]
WARNING: [Synth 8-6014] Unused sequential element RegShifted_r_78_0_reg was removed.  [/scratch/hc676/e3_micro/gemmini_elab/mxuaccvpu_out_8/MxuAccVpu.v:9957]
WARNING: [Synth 8-6014] Unused sequential element RegShifted_r_79_0_reg was removed.  [/scratch/hc676/e3_micro/gemmini_elab/mxuaccvpu_out_8/MxuAccVpu.v:9958]
WARNING: [Synth 8-6014] Unused sequential element RegShifted_r_80_0_reg was removed.  [/scratch/hc676/e3_micro/gemmini_elab/mxuaccvpu_out_8/MxuAccVpu.v:9959]
WARNING: [Synth 8-6014] Unused sequential element RegShifted_r_81_0_reg was removed.  [/scratch/hc676/e3_micro/gemmini_elab/mxuaccvpu_out_8/MxuAccVpu.v:9960]
WARNING: [Synth 8-6014] Unused sequential element RegShifted_r_82_0_reg was removed.  [/scratch/hc676/e3_micro/gemmini_elab/mxuaccvpu_out_8/MxuAccVpu.v:9961]
WARNING: [Synth 8-6014] Unused sequential element RegShifted_r_83_0_reg was removed.  [/scratch/hc676/e3_micro/gemmini_elab/mxuaccvpu_out_8/MxuAccVpu.v:9962]
WARNING: [Synth 8-6014] Unused sequential element RegShifted_r_86_0_reg was removed.  [/scratch/hc676/e3_micro/gemmini_elab/mxuaccvpu_out_8/MxuAccVpu.v:9968]
WARNING: [Synth 8-6014] Unused sequential element RegShifted_r_88_0_reg was removed.  [/scratch/hc676/e3_micro/gemmini_elab/mxuaccvpu_out_8/MxuAccVpu.v:9971]
WARNING: [Synth 8-6014] Unused sequential element RegShifted_r_89_0_reg was removed.  [/scratch/hc676/e3_micro/gemmini_elab/mxuaccvpu_out_8/MxuAccVpu.v:9972]
WARNING: [Synth 8-6014] Unused sequential element RegShifted_r_91_0_reg was removed.  [/scratch/hc676/e3_micro/gemmini_elab/mxuaccvpu_out_8/MxuAccVpu.v:9975]
WARNING: [Synth 8-6014] Unused sequential element RegShifted_r_92_0_reg was removed.  [/scratch/hc676/e3_micro/gemmini_elab/mxuaccvpu_out_8/MxuAccVpu.v:9976]
WARNING: [Synth 8-6014] Unused sequential element RegShifted_r_93_0_reg was removed.  [/scratch/hc676/e3_micro/gemmini_elab/mxuaccvpu_out_8/MxuAccVpu.v:9977]
WARNING: [Synth 8-6014] Unused sequential element RegShifted_r_95_0_reg was removed.  [/scratch/hc676/e3_micro/gemmini_elab/mxuaccvpu_out_8/MxuAccVpu.v:9980]
WARNING: [Synth 8-6014] Unused sequential element RegShifted_r_96_0_reg was removed.  [/scratch/hc676/e3_micro/gemmini_elab/mxuaccvpu_out_8/MxuAccVpu.v:9981]
WARNING: [Synth 8-6014] Unused sequential element RegShifted_r_97_0_reg was removed.  [/scratch/hc676/e3_micro/gemmini_elab/mxuaccvpu_out_8/MxuAccVpu.v:9982]
WARNING: [Synth 8-6014] Unused sequential element RegShifted_r_98_0_reg was removed.  [/scratch/hc676/e3_micro/gemmini_elab/mxuaccvpu_out_8/MxuAccVpu.v:9983]
WARNING: [Synth 8-6014] Unused sequential element RegShifted_r_100_0_reg was removed.  [/scratch/hc676/e3_micro/gemmini_elab/mxuaccvpu_out_8/MxuAccVpu.v:9986]
WARNING: [Synth 8-6014] Unused sequential element RegShifted_r_101_0_reg was removed.  [/scratch/hc676/e3_micro/gemmini_elab/mxuaccvpu_out_8/MxuAccVpu.v:9987]
WARNING: [Synth 8-6014] Unused sequential element RegShifted_r_102_0_reg was removed.  [/scratch/hc676/e3_micro/gemmini_elab/mxuaccvpu_out_8/MxuAccVpu.v:9988]
WARNING: [Synth 8-6014] Unused sequential element RegShifted_r_103_0_reg was removed.  [/scratch/hc676/e3_micro/gemmini_elab/mxuaccvpu_out_8/MxuAccVpu.v:9989]
WARNING: [Synth 8-6014] Unused sequential element RegShifted_r_104_0_reg was removed.  [/scratch/hc676/e3_micro/gemmini_elab/mxuaccvpu_out_8/MxuAccVpu.v:9990]
WARNING: [Synth 8-6014] Unused sequential element RegShifted_r_105_0_reg was removed.  [/scratch/hc676/e3_micro/gemmini_elab/mxuaccvpu_out_8/MxuAccVpu.v:9993]
WARNING: [Synth 8-6014] Unused sequential element RegShifted_r_106_0_reg was removed.  [/scratch/hc676/e3_micro/gemmini_elab/mxuaccvpu_out_8/MxuAccVpu.v:9995]
WARNING: [Synth 8-6014] Unused sequential element RegShifted_r_107_0_reg was removed.  [/scratch/hc676/e3_micro/gemmini_elab/mxuaccvpu_out_8/MxuAccVpu.v:9996]
WARNING: [Synth 8-6014] Unused sequential element RegShifted_r_108_0_reg was removed.  [/scratch/hc676/e3_micro/gemmini_elab/mxuaccvpu_out_8/MxuAccVpu.v:9998]
WARNING: [Synth 8-6014] Unused sequential element RegShifted_r_109_0_reg was removed.  [/scratch/hc676/e3_micro/gemmini_elab/mxuaccvpu_out_8/MxuAccVpu.v:9999]
WARNING: [Synth 8-6014] Unused sequential element RegShifted_r_110_0_reg was removed.  [/scratch/hc676/e3_micro/gemmini_elab/mxuaccvpu_out_8/MxuAccVpu.v:10000]
WARNING: [Synth 8-6014] Unused sequential element RegShifted_r_111_0_reg was removed.  [/scratch/hc676/e3_micro/gemmini_elab/mxuaccvpu_out_8/MxuAccVpu.v:10002]
WARNING: [Synth 8-6014] Unused sequential element RegShifted_r_112_0_reg was removed.  [/scratch/hc676/e3_micro/gemmini_elab/mxuaccvpu_out_8/MxuAccVpu.v:10003]
WARNING: [Synth 8-6014] Unused sequential element RegShifted_r_113_0_reg was removed.  [/scratch/hc676/e3_micro/gemmini_elab/mxuaccvpu_out_8/MxuAccVpu.v:10004]
WARNING: [Synth 8-6014] Unused sequential element RegShifted_r_114_0_reg was removed.  [/scratch/hc676/e3_micro/gemmini_elab/mxuaccvpu_out_8/MxuAccVpu.v:10005]
WARNING: [Synth 8-6014] Unused sequential element RegShifted_r_115_0_reg was removed.  [/scratch/hc676/e3_micro/gemmini_elab/mxuaccvpu_out_8/MxuAccVpu.v:10007]
WARNING: [Synth 8-6014] Unused sequential element RegShifted_r_116_0_reg was removed.  [/scratch/hc676/e3_micro/gemmini_elab/mxuaccvpu_out_8/MxuAccVpu.v:10008]
WARNING: [Synth 8-6014] Unused sequential element RegShifted_r_117_0_reg was removed.  [/scratch/hc676/e3_micro/gemmini_elab/mxuaccvpu_out_8/MxuAccVpu.v:10009]
WARNING: [Synth 8-6014] Unused sequential element RegShifted_r_118_0_reg was removed.  [/scratch/hc676/e3_micro/gemmini_elab/mxuaccvpu_out_8/MxuAccVpu.v:10010]
WARNING: [Synth 8-6014] Unused sequential element RegShifted_r_119_0_reg was removed.  [/scratch/hc676/e3_micro/gemmini_elab/mxuaccvpu_out_8/MxuAccVpu.v:10011]
WARNING: [Synth 8-6014] Unused sequential element RegShifted_r_120_0_reg was removed.  [/scratch/hc676/e3_micro/gemmini_elab/mxuaccvpu_out_8/MxuAccVpu.v:10013]
INFO: [Common 17-14] Message 'Synth 8-6014' appears 100 times and further instances of the messages will be disabled. Use the Tcl command set_msg_config to change the current settings.
WARNING: [Synth 8-4767] Trying to implement RAM 'ram_data_0_0_reg' in registers. Block RAM or DRAM implementation is not possible; see log for reasons.
Reason is one or more of the following :
	1: Write port has constant address. 
	2: No valid read/write found for RAM. 
	2: Only 1 word in RAM 
RAM "ram_data_0_0_reg" dissolved into registers
WARNING: [Synth 8-4767] Trying to implement RAM 'ram_data_1_0_reg' in registers. Block RAM or DRAM implementation is not possible; see log for reasons.
Reason is one or more of the following :
	1: Write port has constant address. 
	2: No valid read/write found for RAM. 
	2: Only 1 word in RAM 
RAM "ram_data_1_0_reg" dissolved into registers
WARNING: [Synth 8-4767] Trying to implement RAM 'ram_data_2_0_reg' in registers. Block RAM or DRAM implementation is not possible; see log for reasons.
Reason is one or more of the following :
	1: Write port has constant address. 
	2: No valid read/write found for RAM. 
	2: Only 1 word in RAM 
RAM "ram_data_2_0_reg" dissolved into registers
WARNING: [Synth 8-4767] Trying to implement RAM 'ram_data_3_0_reg' in registers. Block RAM or DRAM implementation is not possible; see log for reasons.
Reason is one or more of the following :
	1: Write port has constant address. 
	2: No valid read/write found for RAM. 
	2: Only 1 word in RAM 
RAM "ram_data_3_0_reg" dissolved into registers
WARNING: [Synth 8-4767] Trying to implement RAM 'ram_data_4_0_reg' in registers. Block RAM or DRAM implementation is not possible; see log for reasons.
Reason is one or more of the following :
	1: Write port has constant address. 
	2: No valid read/write found for RAM. 
	2: Only 1 word in RAM 
RAM "ram_data_4_0_reg" dissolved into registers
WARNING: [Synth 8-4767] Trying to implement RAM 'ram_data_5_0_reg' in registers. Block RAM or DRAM implementation is not possible; see log for reasons.
Reason is one or more of the following :
	1: Write port has constant address. 
	2: No valid read/write found for RAM. 
	2: Only 1 word in RAM 
RAM "ram_data_5_0_reg" dissolved into registers
WARNING: [Synth 8-4767] Trying to implement RAM 'ram_data_6_0_reg' in registers. Block RAM or DRAM implementation is not possible; see log for reasons.
Reason is one or more of the following :
	1: Write port has constant address. 
	2: No valid read/write found for RAM. 
	2: Only 1 word in RAM 
RAM "ram_data_6_0_reg" dissolved into registers
WARNING: [Synth 8-4767] Trying to implement RAM 'ram_data_7_0_reg' in registers. Block RAM or DRAM implementation is not possible; see log for reasons.
Reason is one or more of the following :
	1: Write port has constant address. 
	2: No valid read/write found for RAM. 
	2: Only 1 word in RAM 
RAM "ram_data_7_0_reg" dissolved into registers
WARNING: [Synth 8-4767] Trying to implement RAM 'ram_fromDMA_reg' in registers. Block RAM or DRAM implementation is not possible; see log for reasons.
Reason is one or more of the following :
	1: Write port has constant address. 
	2: No valid read/write found for RAM. 
	2: Only 1 word in RAM 
RAM "ram_fromDMA_reg" dissolved into registers
WARNING: [Synth 8-4767] Trying to implement RAM 'ram_scale_reg' in registers. Block RAM or DRAM implementation is not possible; see log for reasons.
Reason is one or more of the following :
	1: Write port has constant address. 
	2: No valid read/write found for RAM. 
	2: Only 1 word in RAM 
RAM "ram_scale_reg" dissolved into registers
WARNING: [Synth 8-4767] Trying to implement RAM 'ram_act_reg' in registers. Block RAM or DRAM implementation is not possible; see log for reasons.
Reason is one or more of the following :
	1: Write port has constant address. 
	2: No valid read/write found for RAM. 
	2: Only 1 word in RAM 
RAM "ram_act_reg" dissolved into registers
WARNING: [Synth 8-3917] design MxuAccVpu has port io_out_bits_full_data_0_0[31] driven by constant 0
WARNING: [Synth 8-3917] design MxuAccVpu has port io_out_bits_full_data_0_0[30] driven by constant 0
WARNING: [Synth 8-3917] design MxuAccVpu has port io_out_bits_full_data_0_0[29] driven by constant 0
WARNING: [Synth 8-3917] design MxuAccVpu has port io_out_bits_full_data_0_0[28] driven by constant 0
WARNING: [Synth 8-3917] design MxuAccVpu has port io_out_bits_full_data_0_0[27] driven by constant 0
WARNING: [Synth 8-3917] design MxuAccVpu has port io_out_bits_full_data_0_0[26] driven by constant 0
WARNING: [Synth 8-3917] design MxuAccVpu has port io_out_bits_full_data_0_0[25] driven by constant 0
WARNING: [Synth 8-3917] design MxuAccVpu has port io_out_bits_full_data_0_0[24] driven by constant 0
WARNING: [Synth 8-3917] design MxuAccVpu has port io_out_bits_full_data_0_0[23] driven by constant 0
WARNING: [Synth 8-3917] design MxuAccVpu has port io_out_bits_full_data_0_0[22] driven by constant 0
WARNING: [Synth 8-3917] design MxuAccVpu has port io_out_bits_full_data_0_0[21] driven by constant 0
WARNING: [Synth 8-3917] design MxuAccVpu has port io_out_bits_full_data_0_0[20] driven by constant 0
WARNING: [Synth 8-3917] design MxuAccVpu has port io_out_bits_full_data_0_0[19] driven by constant 0
WARNING: [Synth 8-3917] design MxuAccVpu has port io_out_bits_full_data_0_0[18] driven by constant 0
WARNING: [Synth 8-3917] design MxuAccVpu has port io_out_bits_full_data_0_0[17] driven by constant 0
WARNING: [Synth 8-3917] design MxuAccVpu has port io_out_bits_full_data_0_0[16] driven by constant 0
WARNING: [Synth 8-3917] design MxuAccVpu has port io_out_bits_full_data_0_0[15] driven by constant 0
WARNING: [Synth 8-3917] design MxuAccVpu has port io_out_bits_full_data_0_0[14] driven by constant 0
WARNING: [Synth 8-3917] design MxuAccVpu has port io_out_bits_full_data_0_0[13] driven by constant 0
WARNING: [Synth 8-3917] design MxuAccVpu has port io_out_bits_full_data_0_0[12] driven by constant 0
WARNING: [Synth 8-3917] design MxuAccVpu has port io_out_bits_full_data_0_0[11] driven by constant 0
WARNING: [Synth 8-3917] design MxuAccVpu has port io_out_bits_full_data_0_0[10] driven by constant 0
WARNING: [Synth 8-3917] design MxuAccVpu has port io_out_bits_full_data_0_0[9] driven by constant 0
WARNING: [Synth 8-3917] design MxuAccVpu has port io_out_bits_full_data_0_0[8] driven by constant 0
WARNING: [Synth 8-3917] design MxuAccVpu has port io_out_bits_full_data_0_0[7] driven by constant 0
WARNING: [Synth 8-3917] design MxuAccVpu has port io_out_bits_full_data_0_0[6] driven by constant 0
WARNING: [Synth 8-3917] design MxuAccVpu has port io_out_bits_full_data_0_0[5] driven by constant 0
WARNING: [Synth 8-3917] design MxuAccVpu has port io_out_bits_full_data_0_0[4] driven by constant 0
WARNING: [Synth 8-3917] design MxuAccVpu has port io_out_bits_full_data_0_0[3] driven by constant 0
WARNING: [Synth 8-3917] design MxuAccVpu has port io_out_bits_full_data_0_0[2] driven by constant 0
WARNING: [Synth 8-3917] design MxuAccVpu has port io_out_bits_full_data_0_0[1] driven by constant 0
WARNING: [Synth 8-3917] design MxuAccVpu has port io_out_bits_full_data_0_0[0] driven by constant 0
WARNING: [Synth 8-3917] design MxuAccVpu has port io_out_bits_full_data_1_0[31] driven by constant 0
WARNING: [Synth 8-3917] design MxuAccVpu has port io_out_bits_full_data_1_0[30] driven by constant 0
WARNING: [Synth 8-3917] design MxuAccVpu has port io_out_bits_full_data_1_0[29] driven by constant 0
WARNING: [Synth 8-3917] design MxuAccVpu has port io_out_bits_full_data_1_0[28] driven by constant 0
WARNING: [Synth 8-3917] design MxuAccVpu has port io_out_bits_full_data_1_0[27] driven by constant 0
WARNING: [Synth 8-3917] design MxuAccVpu has port io_out_bits_full_data_1_0[26] driven by constant 0
WARNING: [Synth 8-3917] design MxuAccVpu has port io_out_bits_full_data_1_0[25] driven by constant 0
WARNING: [Synth 8-3917] design MxuAccVpu has port io_out_bits_full_data_1_0[24] driven by constant 0
WARNING: [Synth 8-3917] design MxuAccVpu has port io_out_bits_full_data_1_0[23] driven by constant 0
WARNING: [Synth 8-3917] design MxuAccVpu has port io_out_bits_full_data_1_0[22] driven by constant 0
WARNING: [Synth 8-3917] design MxuAccVpu has port io_out_bits_full_data_1_0[21] driven by constant 0
WARNING: [Synth 8-3917] design MxuAccVpu has port io_out_bits_full_data_1_0[20] driven by constant 0
WARNING: [Synth 8-3917] design MxuAccVpu has port io_out_bits_full_data_1_0[19] driven by constant 0
WARNING: [Synth 8-3917] design MxuAccVpu has port io_out_bits_full_data_1_0[18] driven by constant 0
WARNING: [Synth 8-3917] design MxuAccVpu has port io_out_bits_full_data_1_0[17] driven by constant 0
WARNING: [Synth 8-3917] design MxuAccVpu has port io_out_bits_full_data_1_0[16] driven by constant 0
WARNING: [Synth 8-3917] design MxuAccVpu has port io_out_bits_full_data_1_0[15] driven by constant 0
WARNING: [Synth 8-3917] design MxuAccVpu has port io_out_bits_full_data_1_0[14] driven by constant 0
WARNING: [Synth 8-3917] design MxuAccVpu has port io_out_bits_full_data_1_0[13] driven by constant 0
WARNING: [Synth 8-3917] design MxuAccVpu has port io_out_bits_full_data_1_0[12] driven by constant 0
WARNING: [Synth 8-3917] design MxuAccVpu has port io_out_bits_full_data_1_0[11] driven by constant 0
WARNING: [Synth 8-3917] design MxuAccVpu has port io_out_bits_full_data_1_0[10] driven by constant 0
WARNING: [Synth 8-3917] design MxuAccVpu has port io_out_bits_full_data_1_0[9] driven by constant 0
WARNING: [Synth 8-3917] design MxuAccVpu has port io_out_bits_full_data_1_0[8] driven by constant 0
WARNING: [Synth 8-3917] design MxuAccVpu has port io_out_bits_full_data_1_0[7] driven by constant 0
WARNING: [Synth 8-3917] design MxuAccVpu has port io_out_bits_full_data_1_0[6] driven by constant 0
WARNING: [Synth 8-3917] design MxuAccVpu has port io_out_bits_full_data_1_0[5] driven by constant 0
WARNING: [Synth 8-3917] design MxuAccVpu has port io_out_bits_full_data_1_0[4] driven by constant 0
WARNING: [Synth 8-3917] design MxuAccVpu has port io_out_bits_full_data_1_0[3] driven by constant 0
WARNING: [Synth 8-3917] design MxuAccVpu has port io_out_bits_full_data_1_0[2] driven by constant 0
WARNING: [Synth 8-3917] design MxuAccVpu has port io_out_bits_full_data_1_0[1] driven by constant 0
WARNING: [Synth 8-3917] design MxuAccVpu has port io_out_bits_full_data_1_0[0] driven by constant 0
WARNING: [Synth 8-3917] design MxuAccVpu has port io_out_bits_full_data_2_0[31] driven by constant 0
WARNING: [Synth 8-3917] design MxuAccVpu has port io_out_bits_full_data_2_0[30] driven by constant 0
WARNING: [Synth 8-3917] design MxuAccVpu has port io_out_bits_full_data_2_0[29] driven by constant 0
WARNING: [Synth 8-3917] design MxuAccVpu has port io_out_bits_full_data_2_0[28] driven by constant 0
WARNING: [Synth 8-3917] design MxuAccVpu has port io_out_bits_full_data_2_0[27] driven by constant 0
WARNING: [Synth 8-3917] design MxuAccVpu has port io_out_bits_full_data_2_0[26] driven by constant 0
WARNING: [Synth 8-3917] design MxuAccVpu has port io_out_bits_full_data_2_0[25] driven by constant 0
WARNING: [Synth 8-3917] design MxuAccVpu has port io_out_bits_full_data_2_0[24] driven by constant 0
WARNING: [Synth 8-3917] design MxuAccVpu has port io_out_bits_full_data_2_0[23] driven by constant 0
WARNING: [Synth 8-3917] design MxuAccVpu has port io_out_bits_full_data_2_0[22] driven by constant 0
WARNING: [Synth 8-3917] design MxuAccVpu has port io_out_bits_full_data_2_0[21] driven by constant 0
WARNING: [Synth 8-3917] design MxuAccVpu has port io_out_bits_full_data_2_0[20] driven by constant 0
WARNING: [Synth 8-3917] design MxuAccVpu has port io_out_bits_full_data_2_0[19] driven by constant 0
WARNING: [Synth 8-3917] design MxuAccVpu has port io_out_bits_full_data_2_0[18] driven by constant 0
WARNING: [Synth 8-3917] design MxuAccVpu has port io_out_bits_full_data_2_0[17] driven by constant 0
WARNING: [Synth 8-3917] design MxuAccVpu has port io_out_bits_full_data_2_0[16] driven by constant 0
WARNING: [Synth 8-3917] design MxuAccVpu has port io_out_bits_full_data_2_0[15] driven by constant 0
WARNING: [Synth 8-3917] design MxuAccVpu has port io_out_bits_full_data_2_0[14] driven by constant 0
WARNING: [Synth 8-3917] design MxuAccVpu has port io_out_bits_full_data_2_0[13] driven by constant 0
WARNING: [Synth 8-3917] design MxuAccVpu has port io_out_bits_full_data_2_0[12] driven by constant 0
WARNING: [Synth 8-3917] design MxuAccVpu has port io_out_bits_full_data_2_0[11] driven by constant 0
WARNING: [Synth 8-3917] design MxuAccVpu has port io_out_bits_full_data_2_0[10] driven by constant 0
WARNING: [Synth 8-3917] design MxuAccVpu has port io_out_bits_full_data_2_0[9] driven by constant 0
WARNING: [Synth 8-3917] design MxuAccVpu has port io_out_bits_full_data_2_0[8] driven by constant 0
WARNING: [Synth 8-3917] design MxuAccVpu has port io_out_bits_full_data_2_0[7] driven by constant 0
WARNING: [Synth 8-3917] design MxuAccVpu has port io_out_bits_full_data_2_0[6] driven by constant 0
WARNING: [Synth 8-3917] design MxuAccVpu has port io_out_bits_full_data_2_0[5] driven by constant 0
WARNING: [Synth 8-3917] design MxuAccVpu has port io_out_bits_full_data_2_0[4] driven by constant 0
WARNING: [Synth 8-3917] design MxuAccVpu has port io_out_bits_full_data_2_0[3] driven by constant 0
WARNING: [Synth 8-3917] design MxuAccVpu has port io_out_bits_full_data_2_0[2] driven by constant 0
WARNING: [Synth 8-3917] design MxuAccVpu has port io_out_bits_full_data_2_0[1] driven by constant 0
WARNING: [Synth 8-3917] design MxuAccVpu has port io_out_bits_full_data_2_0[0] driven by constant 0
WARNING: [Synth 8-3917] design MxuAccVpu has port io_out_bits_full_data_3_0[31] driven by constant 0
WARNING: [Synth 8-3917] design MxuAccVpu has port io_out_bits_full_data_3_0[30] driven by constant 0
WARNING: [Synth 8-3917] design MxuAccVpu has port io_out_bits_full_data_3_0[29] driven by constant 0
WARNING: [Synth 8-3917] design MxuAccVpu has port io_out_bits_full_data_3_0[28] driven by constant 0
INFO: [Common 17-14] Message 'Synth 8-3917' appears 100 times and further instances of the messages will be disabled. Use the Tcl command set_msg_config to change the current settings.
WARNING: [Synth 8-7129] Port io_in_bits_acc_read_resp_scale[31] in module AccumulatorScale is either unconnected or has no load
WARNING: [Synth 8-7129] Port io_in_bits_acc_read_resp_scale[30] in module AccumulatorScale is either unconnected or has no load
WARNING: [Synth 8-7129] Port io_in_bits_acc_read_resp_scale[29] in module AccumulatorScale is either unconnected or has no load
WARNING: [Synth 8-7129] Port io_in_bits_acc_read_resp_scale[28] in module AccumulatorScale is either unconnected or has no load
WARNING: [Synth 8-7129] Port io_in_bits_acc_read_resp_scale[27] in module AccumulatorScale is either unconnected or has no load
WARNING: [Synth 8-7129] Port io_in_bits_acc_read_resp_scale[26] in module AccumulatorScale is either unconnected or has no load
WARNING: [Synth 8-7129] Port io_in_bits_acc_read_resp_scale[25] in module AccumulatorScale is either unconnected or has no load
WARNING: [Synth 8-7129] Port io_in_bits_acc_read_resp_scale[24] in module AccumulatorScale is either unconnected or has no load
WARNING: [Synth 8-7129] Port io_in_bits_acc_read_resp_scale[23] in module AccumulatorScale is either unconnected or has no load
WARNING: [Synth 8-7129] Port io_in_bits_acc_read_resp_scale[22] in module AccumulatorScale is either unconnected or has no load
WARNING: [Synth 8-7129] Port io_in_bits_acc_read_resp_scale[21] in module AccumulatorScale is either unconnected or has no load
WARNING: [Synth 8-7129] Port io_in_bits_acc_read_resp_scale[20] in module AccumulatorScale is either unconnected or has no load
WARNING: [Synth 8-7129] Port io_in_bits_acc_read_resp_scale[19] in module AccumulatorScale is either unconnected or has no load
WARNING: [Synth 8-7129] Port io_in_bits_acc_read_resp_scale[18] in module AccumulatorScale is either unconnected or has no load
WARNING: [Synth 8-7129] Port io_in_bits_acc_read_resp_scale[17] in module AccumulatorScale is either unconnected or has no load
WARNING: [Synth 8-7129] Port io_in_bits_acc_read_resp_scale[16] in module AccumulatorScale is either unconnected or has no load
WARNING: [Synth 8-7129] Port io_in_bits_acc_read_resp_scale[15] in module AccumulatorScale is either unconnected or has no load
WARNING: [Synth 8-7129] Port io_in_bits_acc_read_resp_scale[14] in module AccumulatorScale is either unconnected or has no load
WARNING: [Synth 8-7129] Port io_in_bits_acc_read_resp_scale[13] in module AccumulatorScale is either unconnected or has no load
WARNING: [Synth 8-7129] Port io_in_bits_acc_read_resp_scale[12] in module AccumulatorScale is either unconnected or has no load
WARNING: [Synth 8-7129] Port io_in_bits_acc_read_resp_scale[11] in module AccumulatorScale is either unconnected or has no load
WARNING: [Synth 8-7129] Port io_in_bits_acc_read_resp_scale[10] in module AccumulatorScale is either unconnected or has no load
WARNING: [Synth 8-7129] Port io_in_bits_acc_read_resp_scale[9] in module AccumulatorScale is either unconnected or has no load
WARNING: [Synth 8-7129] Port io_in_bits_acc_read_resp_scale[8] in module AccumulatorScale is either unconnected or has no load
WARNING: [Synth 8-7129] Port io_in_bits_acc_read_resp_scale[7] in module AccumulatorScale is either unconnected or has no load
WARNING: [Synth 8-7129] Port io_in_bits_acc_read_resp_scale[6] in module AccumulatorScale is either unconnected or has no load
WARNING: [Synth 8-7129] Port io_in_bits_acc_read_resp_scale[5] in module AccumulatorScale is either unconnected or has no load
WARNING: [Synth 8-7129] Port reset in module TwoPortSyncMem is either unconnected or has no load
WARNING: [Synth 8-7129] Port io_in_d[31] in module PE_64 is either unconnected or has no load
WARNING: [Synth 8-7129] Port io_in_d[30] in module PE_64 is either unconnected or has no load
WARNING: [Synth 8-7129] Port io_in_d[29] in module PE_64 is either unconnected or has no load
WARNING: [Synth 8-7129] Port io_in_d[28] in module PE_64 is either unconnected or has no load
WARNING: [Synth 8-7129] Port io_in_d[27] in module PE_64 is either unconnected or has no load
WARNING: [Synth 8-7129] Port io_in_d[26] in module PE_64 is either unconnected or has no load
WARNING: [Synth 8-7129] Port io_in_d[25] in module PE_64 is either unconnected or has no load
WARNING: [Synth 8-7129] Port io_in_d[24] in module PE_64 is either unconnected or has no load
WARNING: [Synth 8-7129] Port io_in_d[23] in module PE_64 is either unconnected or has no load
WARNING: [Synth 8-7129] Port io_in_d[22] in module PE_64 is either unconnected or has no load
WARNING: [Synth 8-7129] Port io_in_d[21] in module PE_64 is either unconnected or has no load
WARNING: [Synth 8-7129] Port io_in_d[20] in module PE_64 is either unconnected or has no load
WARNING: [Synth 8-7129] Port io_in_d[19] in module PE_64 is either unconnected or has no load
WARNING: [Synth 8-7129] Port io_in_d[18] in module PE_64 is either unconnected or has no load
WARNING: [Synth 8-7129] Port io_in_d[17] in module PE_64 is either unconnected or has no load
WARNING: [Synth 8-7129] Port io_in_d[16] in module PE_64 is either unconnected or has no load
WARNING: [Synth 8-7129] Port io_in_d[15] in module PE_64 is either unconnected or has no load
WARNING: [Synth 8-7129] Port io_in_d[14] in module PE_64 is either unconnected or has no load
WARNING: [Synth 8-7129] Port io_in_d[13] in module PE_64 is either unconnected or has no load
WARNING: [Synth 8-7129] Port io_in_d[12] in module PE_64 is either unconnected or has no load
WARNING: [Synth 8-7129] Port io_in_d[11] in module PE_64 is either unconnected or has no load
WARNING: [Synth 8-7129] Port io_in_d[10] in module PE_64 is either unconnected or has no load
WARNING: [Synth 8-7129] Port io_in_d[9] in module PE_64 is either unconnected or has no load
WARNING: [Synth 8-7129] Port io_in_d[8] in module PE_64 is either unconnected or has no load
WARNING: [Synth 8-7129] Port io_req_bits_pe_control_shift[4] in module MxuAccVpu is either unconnected or has no load
WARNING: [Synth 8-7129] Port io_req_bits_pe_control_shift[3] in module MxuAccVpu is either unconnected or has no load
WARNING: [Synth 8-7129] Port io_req_bits_pe_control_shift[2] in module MxuAccVpu is either unconnected or has no load
WARNING: [Synth 8-7129] Port io_req_bits_pe_control_shift[1] in module MxuAccVpu is either unconnected or has no load
WARNING: [Synth 8-7129] Port io_req_bits_pe_control_shift[0] in module MxuAccVpu is either unconnected or has no load
---------------------------------------------------------------------------------
Finished Synthesize : Time (s): cpu = 00:00:07 ; elapsed = 00:00:07 . Memory (MB): peak = 2083.805 ; gain = 521.637 ; free physical = 65258 ; free virtual = 155466
---------------------------------------------------------------------------------
---------------------------------------------------------------------------------
Finished Constraint Validation : Time (s): cpu = 00:00:08 ; elapsed = 00:00:08 . Memory (MB): peak = 2101.617 ; gain = 539.449 ; free physical = 65241 ; free virtual = 155449
---------------------------------------------------------------------------------
---------------------------------------------------------------------------------
Start Loading Part and Timing Information
---------------------------------------------------------------------------------
Loading part: xcu280-fsvh2892-2L-e
INFO: [Synth 8-6742] Reading net delay rules and data
---------------------------------------------------------------------------------
INFO: [Device 21-403] Loading part xcu280-fsvh2892-2L-e
Finished Loading Part and Timing Information : Time (s): cpu = 00:00:08 ; elapsed = 00:00:08 . Memory (MB): peak = 2118.527 ; gain = 556.359 ; free physical = 65233 ; free virtual = 155441
---------------------------------------------------------------------------------
INFO: [Synth 8-6904] The RAM "Queue:/ram_id_reg" of size (depth=6 x width=3) is automatically implemented using LUTRAM. BRAM implementation would be inefficient 
INFO: [Synth 8-6904] The RAM "TwoPortSyncMem:/mem_0_reg" of size (depth=16 x width=8) is automatically implemented using LUTRAM. BRAM implementation would be inefficient 
INFO: [Synth 8-6904] The RAM "TwoPortSyncMem:/mem_1_reg" of size (depth=16 x width=8) is automatically implemented using LUTRAM. BRAM implementation would be inefficient 
INFO: [Synth 8-6904] The RAM "TwoPortSyncMem:/mem_2_reg" of size (depth=16 x width=8) is automatically implemented using LUTRAM. BRAM implementation would be inefficient 
INFO: [Synth 8-6904] The RAM "TwoPortSyncMem:/mem_3_reg" of size (depth=16 x width=8) is automatically implemented using LUTRAM. BRAM implementation would be inefficient 
INFO: [Synth 8-6904] The RAM "TwoPortSyncMem:/mem_4_reg" of size (depth=16 x width=8) is automatically implemented using LUTRAM. BRAM implementation would be inefficient 
INFO: [Synth 8-6904] The RAM "TwoPortSyncMem:/mem_5_reg" of size (depth=16 x width=8) is automatically implemented using LUTRAM. BRAM implementation would be inefficient 
INFO: [Synth 8-6904] The RAM "TwoPortSyncMem:/mem_6_reg" of size (depth=16 x width=8) is automatically implemented using LUTRAM. BRAM implementation would be inefficient 
INFO: [Synth 8-6904] The RAM "TwoPortSyncMem:/mem_7_reg" of size (depth=16 x width=8) is automatically implemented using LUTRAM. BRAM implementation would be inefficient 
INFO: [Synth 8-6904] The RAM "TwoPortSyncMem:/mem_8_reg" of size (depth=16 x width=8) is automatically implemented using LUTRAM. BRAM implementation would be inefficient 
INFO: [Synth 8-6904] The RAM "TwoPortSyncMem:/mem_9_reg" of size (depth=16 x width=8) is automatically implemented using LUTRAM. BRAM implementation would be inefficient 
INFO: [Synth 8-6904] The RAM "TwoPortSyncMem:/mem_10_reg" of size (depth=16 x width=8) is automatically implemented using LUTRAM. BRAM implementation would be inefficient 
INFO: [Synth 8-6904] The RAM "TwoPortSyncMem:/mem_11_reg" of size (depth=16 x width=8) is automatically implemented using LUTRAM. BRAM implementation would be inefficient 
INFO: [Synth 8-6904] The RAM "TwoPortSyncMem:/mem_12_reg" of size (depth=16 x width=8) is automatically implemented using LUTRAM. BRAM implementation would be inefficient 
INFO: [Synth 8-6904] The RAM "TwoPortSyncMem:/mem_13_reg" of size (depth=16 x width=8) is automatically implemented using LUTRAM. BRAM implementation would be inefficient 
INFO: [Synth 8-6904] The RAM "TwoPortSyncMem:/mem_14_reg" of size (depth=16 x width=8) is automatically implemented using LUTRAM. BRAM implementation would be inefficient 
INFO: [Synth 8-6904] The RAM "TwoPortSyncMem:/mem_15_reg" of size (depth=16 x width=8) is automatically implemented using LUTRAM. BRAM implementation would be inefficient 
INFO: [Synth 8-6904] The RAM "TwoPortSyncMem:/mem_16_reg" of size (depth=16 x width=8) is automatically implemented using LUTRAM. BRAM implementation would be inefficient 
INFO: [Synth 8-6904] The RAM "TwoPortSyncMem:/mem_17_reg" of size (depth=16 x width=8) is automatically implemented using LUTRAM. BRAM implementation would be inefficient 
INFO: [Synth 8-6904] The RAM "TwoPortSyncMem:/mem_18_reg" of size (depth=16 x width=8) is automatically implemented using LUTRAM. BRAM implementation would be inefficient 
INFO: [Synth 8-6904] The RAM "TwoPortSyncMem:/mem_19_reg" of size (depth=16 x width=8) is automatically implemented using LUTRAM. BRAM implementation would be inefficient 
INFO: [Synth 8-6904] The RAM "TwoPortSyncMem:/mem_20_reg" of size (depth=16 x width=8) is automatically implemented using LUTRAM. BRAM implementation would be inefficient 
INFO: [Synth 8-6904] The RAM "TwoPortSyncMem:/mem_21_reg" of size (depth=16 x width=8) is automatically implemented using LUTRAM. BRAM implementation would be inefficient 
INFO: [Synth 8-6904] The RAM "TwoPortSyncMem:/mem_22_reg" of size (depth=16 x width=8) is automatically implemented using LUTRAM. BRAM implementation would be inefficient 
INFO: [Synth 8-6904] The RAM "TwoPortSyncMem:/mem_23_reg" of size (depth=16 x width=8) is automatically implemented using LUTRAM. BRAM implementation would be inefficient 
INFO: [Synth 8-6904] The RAM "TwoPortSyncMem:/mem_24_reg" of size (depth=16 x width=8) is automatically implemented using LUTRAM. BRAM implementation would be inefficient 
INFO: [Synth 8-6904] The RAM "TwoPortSyncMem:/mem_25_reg" of size (depth=16 x width=8) is automatically implemented using LUTRAM. BRAM implementation would be inefficient 
INFO: [Synth 8-6904] The RAM "TwoPortSyncMem:/mem_26_reg" of size (depth=16 x width=8) is automatically implemented using LUTRAM. BRAM implementation would be inefficient 
INFO: [Synth 8-6904] The RAM "TwoPortSyncMem:/mem_27_reg" of size (depth=16 x width=8) is automatically implemented using LUTRAM. BRAM implementation would be inefficient 
INFO: [Synth 8-6904] The RAM "TwoPortSyncMem:/mem_28_reg" of size (depth=16 x width=8) is automatically implemented using LUTRAM. BRAM implementation would be inefficient 
INFO: [Synth 8-6904] The RAM "TwoPortSyncMem:/mem_29_reg" of size (depth=16 x width=8) is automatically implemented using LUTRAM. BRAM implementation would be inefficient 
INFO: [Synth 8-6904] The RAM "TwoPortSyncMem:/mem_30_reg" of size (depth=16 x width=8) is automatically implemented using LUTRAM. BRAM implementation would be inefficient 
INFO: [Synth 8-6904] The RAM "TwoPortSyncMem:/mem_31_reg" of size (depth=16 x width=8) is automatically implemented using LUTRAM. BRAM implementation would be inefficient 
---------------------------------------------------------------------------------
Finished RTL Optimization Phase 2 : Time (s): cpu = 00:00:11 ; elapsed = 00:00:10 . Memory (MB): peak = 2191.934 ; gain = 629.766 ; free physical = 64943 ; free virtual = 155152
---------------------------------------------------------------------------------
No constraint files found.
---------------------------------------------------------------------------------
Start RTL Component Statistics 
---------------------------------------------------------------------------------
Detailed RTL Component Info : 
+---Adders : 
	   2 Input   32 Bit       Adders := 8     
	   2 Input    4 Bit       Adders := 2     
	   2 Input    3 Bit       Adders := 19    
	   3 Input    3 Bit       Adders := 2     
	   2 Input    2 Bit       Adders := 3     
+---XORs : 
	   2 Input      1 Bit         XORs := 1     
+---Registers : 
	               32 Bit    Registers := 224   
	                8 Bit    Registers := 386   
	                4 Bit    Registers := 70    
	                3 Bit    Registers := 95    
	                2 Bit    Registers := 1     
	                1 Bit    Registers := 329   
+---RAMs : 
	              128 Bit	(16 X 8 bit)          RAMs := 64    
	               18 Bit	(6 X 3 bit)          RAMs := 1     
+---Muxes : 
	   2 Input   32 Bit        Muxes := 99    
	   2 Input    8 Bit        Muxes := 513   
	   2 Input    4 Bit        Muxes := 2     
	   2 Input    3 Bit        Muxes := 10    
	   2 Input    2 Bit        Muxes := 2     
	   2 Input    1 Bit        Muxes := 33    
---------------------------------------------------------------------------------
Finished RTL Component Statistics 
---------------------------------------------------------------------------------
---------------------------------------------------------------------------------
Start Part Resource Summary
---------------------------------------------------------------------------------
Part Resources:
DSPs: 9024 (col length:94)
BRAMs: 4032 (col length: RAMB18 288 RAMB36 144)
---------------------------------------------------------------------------------
Finished Part Resource Summary
---------------------------------------------------------------------------------
No constraint files found.
---------------------------------------------------------------------------------
Start Cross Boundary and Area Optimization
---------------------------------------------------------------------------------
WARNING: [Synth 8-7080] Parallel synthesis criteria is not met
INFO: [Synth 8-6904] The RAM "mxu/total_rows_q/ram_id_reg" of size (depth=6 x width=3) is automatically implemented using LUTRAM. BRAM implementation would be inefficient 
INFO: [Synth 8-6904] The RAM "MxuAccVpu/accs_0/mem/mem_0_reg" of size (depth=16 x width=8) is automatically implemented using LUTRAM. BRAM implementation would be inefficient 
INFO: [Synth 8-6904] The RAM "MxuAccVpu/accs_0/mem/mem_1_reg" of size (depth=16 x width=8) is automatically implemented using LUTRAM. BRAM implementation would be inefficient 
INFO: [Synth 8-6904] The RAM "MxuAccVpu/accs_0/mem/mem_2_reg" of size (depth=16 x width=8) is automatically implemented using LUTRAM. BRAM implementation would be inefficient 
INFO: [Synth 8-6904] The RAM "MxuAccVpu/accs_0/mem/mem_3_reg" of size (depth=16 x width=8) is automatically implemented using LUTRAM. BRAM implementation would be inefficient 
INFO: [Synth 8-6904] The RAM "MxuAccVpu/accs_0/mem/mem_4_reg" of size (depth=16 x width=8) is automatically implemented using LUTRAM. BRAM implementation would be inefficient 
INFO: [Synth 8-6904] The RAM "MxuAccVpu/accs_0/mem/mem_5_reg" of size (depth=16 x width=8) is automatically implemented using LUTRAM. BRAM implementation would be inefficient 
INFO: [Synth 8-6904] The RAM "MxuAccVpu/accs_0/mem/mem_6_reg" of size (depth=16 x width=8) is automatically implemented using LUTRAM. BRAM implementation would be inefficient 
INFO: [Synth 8-6904] The RAM "MxuAccVpu/accs_0/mem/mem_7_reg" of size (depth=16 x width=8) is automatically implemented using LUTRAM. BRAM implementation would be inefficient 
INFO: [Synth 8-6904] The RAM "MxuAccVpu/accs_0/mem/mem_8_reg" of size (depth=16 x width=8) is automatically implemented using LUTRAM. BRAM implementation would be inefficient 
INFO: [Synth 8-6904] The RAM "MxuAccVpu/accs_0/mem/mem_9_reg" of size (depth=16 x width=8) is automatically implemented using LUTRAM. BRAM implementation would be inefficient 
INFO: [Synth 8-6904] The RAM "MxuAccVpu/accs_0/mem/mem_10_reg" of size (depth=16 x width=8) is automatically implemented using LUTRAM. BRAM implementation would be inefficient 
INFO: [Synth 8-6904] The RAM "MxuAccVpu/accs_0/mem/mem_11_reg" of size (depth=16 x width=8) is automatically implemented using LUTRAM. BRAM implementation would be inefficient 
INFO: [Synth 8-6904] The RAM "MxuAccVpu/accs_0/mem/mem_12_reg" of size (depth=16 x width=8) is automatically implemented using LUTRAM. BRAM implementation would be inefficient 
INFO: [Synth 8-6904] The RAM "MxuAccVpu/accs_0/mem/mem_13_reg" of size (depth=16 x width=8) is automatically implemented using LUTRAM. BRAM implementation would be inefficient 
INFO: [Synth 8-6904] The RAM "MxuAccVpu/accs_0/mem/mem_14_reg" of size (depth=16 x width=8) is automatically implemented using LUTRAM. BRAM implementation would be inefficient 
INFO: [Synth 8-6904] The RAM "MxuAccVpu/accs_0/mem/mem_15_reg" of size (depth=16 x width=8) is automatically implemented using LUTRAM. BRAM implementation would be inefficient 
INFO: [Synth 8-6904] The RAM "MxuAccVpu/accs_0/mem/mem_16_reg" of size (depth=16 x width=8) is automatically implemented using LUTRAM. BRAM implementation would be inefficient 
INFO: [Synth 8-6904] The RAM "MxuAccVpu/accs_0/mem/mem_17_reg" of size (depth=16 x width=8) is automatically implemented using LUTRAM. BRAM implementation would be inefficient 
INFO: [Synth 8-6904] The RAM "MxuAccVpu/accs_0/mem/mem_18_reg" of size (depth=16 x width=8) is automatically implemented using LUTRAM. BRAM implementation would be inefficient 
INFO: [Synth 8-6904] The RAM "MxuAccVpu/accs_0/mem/mem_19_reg" of size (depth=16 x width=8) is automatically implemented using LUTRAM. BRAM implementation would be inefficient 
INFO: [Synth 8-6904] The RAM "MxuAccVpu/accs_0/mem/mem_20_reg" of size (depth=16 x width=8) is automatically implemented using LUTRAM. BRAM implementation would be inefficient 
INFO: [Synth 8-6904] The RAM "MxuAccVpu/accs_0/mem/mem_21_reg" of size (depth=16 x width=8) is automatically implemented using LUTRAM. BRAM implementation would be inefficient 
INFO: [Synth 8-6904] The RAM "MxuAccVpu/accs_0/mem/mem_22_reg" of size (depth=16 x width=8) is automatically implemented using LUTRAM. BRAM implementation would be inefficient 
INFO: [Synth 8-6904] The RAM "MxuAccVpu/accs_0/mem/mem_23_reg" of size (depth=16 x width=8) is automatically implemented using LUTRAM. BRAM implementation would be inefficient 
INFO: [Synth 8-6904] The RAM "MxuAccVpu/accs_0/mem/mem_24_reg" of size (depth=16 x width=8) is automatically implemented using LUTRAM. BRAM implementation would be inefficient 
INFO: [Synth 8-6904] The RAM "MxuAccVpu/accs_0/mem/mem_25_reg" of size (depth=16 x width=8) is automatically implemented using LUTRAM. BRAM implementation would be inefficient 
INFO: [Synth 8-6904] The RAM "MxuAccVpu/accs_0/mem/mem_26_reg" of size (depth=16 x width=8) is automatically implemented using LUTRAM. BRAM implementation would be inefficient 
INFO: [Synth 8-6904] The RAM "MxuAccVpu/accs_0/mem/mem_27_reg" of size (depth=16 x width=8) is automatically implemented using LUTRAM. BRAM implementation would be inefficient 
INFO: [Synth 8-6904] The RAM "MxuAccVpu/accs_0/mem/mem_28_reg" of size (depth=16 x width=8) is automatically implemented using LUTRAM. BRAM implementation would be inefficient 
INFO: [Synth 8-6904] The RAM "MxuAccVpu/accs_0/mem/mem_29_reg" of size (depth=16 x width=8) is automatically implemented using LUTRAM. BRAM implementation would be inefficient 
INFO: [Synth 8-6904] The RAM "MxuAccVpu/accs_0/mem/mem_30_reg" of size (depth=16 x width=8) is automatically implemented using LUTRAM. BRAM implementation would be inefficient 
INFO: [Synth 8-6904] The RAM "MxuAccVpu/accs_0/mem/mem_31_reg" of size (depth=16 x width=8) is automatically implemented using LUTRAM. BRAM implementation would be inefficient 
INFO: [Synth 8-6904] The RAM "MxuAccVpu/accs_1/mem/mem_0_reg" of size (depth=16 x width=8) is automatically implemented using LUTRAM. BRAM implementation would be inefficient 
INFO: [Synth 8-6904] The RAM "MxuAccVpu/accs_1/mem/mem_1_reg" of size (depth=16 x width=8) is automatically implemented using LUTRAM. BRAM implementation would be inefficient 
INFO: [Synth 8-6904] The RAM "MxuAccVpu/accs_1/mem/mem_2_reg" of size (depth=16 x width=8) is automatically implemented using LUTRAM. BRAM implementation would be inefficient 
INFO: [Synth 8-6904] The RAM "MxuAccVpu/accs_1/mem/mem_3_reg" of size (depth=16 x width=8) is automatically implemented using LUTRAM. BRAM implementation would be inefficient 
INFO: [Synth 8-6904] The RAM "MxuAccVpu/accs_1/mem/mem_4_reg" of size (depth=16 x width=8) is automatically implemented using LUTRAM. BRAM implementation would be inefficient 
INFO: [Synth 8-6904] The RAM "MxuAccVpu/accs_1/mem/mem_5_reg" of size (depth=16 x width=8) is automatically implemented using LUTRAM. BRAM implementation would be inefficient 
INFO: [Synth 8-6904] The RAM "MxuAccVpu/accs_1/mem/mem_6_reg" of size (depth=16 x width=8) is automatically implemented using LUTRAM. BRAM implementation would be inefficient 
INFO: [Synth 8-6904] The RAM "MxuAccVpu/accs_1/mem/mem_7_reg" of size (depth=16 x width=8) is automatically implemented using LUTRAM. BRAM implementation would be inefficient 
INFO: [Synth 8-6904] The RAM "MxuAccVpu/accs_1/mem/mem_8_reg" of size (depth=16 x width=8) is automatically implemented using LUTRAM. BRAM implementation would be inefficient 
INFO: [Synth 8-6904] The RAM "MxuAccVpu/accs_1/mem/mem_9_reg" of size (depth=16 x width=8) is automatically implemented using LUTRAM. BRAM implementation would be inefficient 
INFO: [Synth 8-6904] The RAM "MxuAccVpu/accs_1/mem/mem_10_reg" of size (depth=16 x width=8) is automatically implemented using LUTRAM. BRAM implementation would be inefficient 
INFO: [Synth 8-6904] The RAM "MxuAccVpu/accs_1/mem/mem_11_reg" of size (depth=16 x width=8) is automatically implemented using LUTRAM. BRAM implementation would be inefficient 
INFO: [Synth 8-6904] The RAM "MxuAccVpu/accs_1/mem/mem_12_reg" of size (depth=16 x width=8) is automatically implemented using LUTRAM. BRAM implementation would be inefficient 
INFO: [Synth 8-6904] The RAM "MxuAccVpu/accs_1/mem/mem_13_reg" of size (depth=16 x width=8) is automatically implemented using LUTRAM. BRAM implementation would be inefficient 
INFO: [Synth 8-6904] The RAM "MxuAccVpu/accs_1/mem/mem_14_reg" of size (depth=16 x width=8) is automatically implemented using LUTRAM. BRAM implementation would be inefficient 
INFO: [Synth 8-6904] The RAM "MxuAccVpu/accs_1/mem/mem_15_reg" of size (depth=16 x width=8) is automatically implemented using LUTRAM. BRAM implementation would be inefficient 
INFO: [Synth 8-6904] The RAM "MxuAccVpu/accs_1/mem/mem_16_reg" of size (depth=16 x width=8) is automatically implemented using LUTRAM. BRAM implementation would be inefficient 
INFO: [Synth 8-6904] The RAM "MxuAccVpu/accs_1/mem/mem_17_reg" of size (depth=16 x width=8) is automatically implemented using LUTRAM. BRAM implementation would be inefficient 
INFO: [Synth 8-6904] The RAM "MxuAccVpu/accs_1/mem/mem_18_reg" of size (depth=16 x width=8) is automatically implemented using LUTRAM. BRAM implementation would be inefficient 
INFO: [Synth 8-6904] The RAM "MxuAccVpu/accs_1/mem/mem_19_reg" of size (depth=16 x width=8) is automatically implemented using LUTRAM. BRAM implementation would be inefficient 
INFO: [Synth 8-6904] The RAM "MxuAccVpu/accs_1/mem/mem_20_reg" of size (depth=16 x width=8) is automatically implemented using LUTRAM. BRAM implementation would be inefficient 
INFO: [Synth 8-6904] The RAM "MxuAccVpu/accs_1/mem/mem_21_reg" of size (depth=16 x width=8) is automatically implemented using LUTRAM. BRAM implementation would be inefficient 
INFO: [Synth 8-6904] The RAM "MxuAccVpu/accs_1/mem/mem_22_reg" of size (depth=16 x width=8) is automatically implemented using LUTRAM. BRAM implementation would be inefficient 
INFO: [Synth 8-6904] The RAM "MxuAccVpu/accs_1/mem/mem_23_reg" of size (depth=16 x width=8) is automatically implemented using LUTRAM. BRAM implementation would be inefficient 
INFO: [Synth 8-6904] The RAM "MxuAccVpu/accs_1/mem/mem_24_reg" of size (depth=16 x width=8) is automatically implemented using LUTRAM. BRAM implementation would be inefficient 
INFO: [Synth 8-6904] The RAM "MxuAccVpu/accs_1/mem/mem_25_reg" of size (depth=16 x width=8) is automatically implemented using LUTRAM. BRAM implementation would be inefficient 
INFO: [Synth 8-6904] The RAM "MxuAccVpu/accs_1/mem/mem_26_reg" of size (depth=16 x width=8) is automatically implemented using LUTRAM. BRAM implementation would be inefficient 
INFO: [Synth 8-6904] The RAM "MxuAccVpu/accs_1/mem/mem_27_reg" of size (depth=16 x width=8) is automatically implemented using LUTRAM. BRAM implementation would be inefficient 
INFO: [Synth 8-6904] The RAM "MxuAccVpu/accs_1/mem/mem_28_reg" of size (depth=16 x width=8) is automatically implemented using LUTRAM. BRAM implementation would be inefficient 
INFO: [Synth 8-6904] The RAM "MxuAccVpu/accs_1/mem/mem_29_reg" of size (depth=16 x width=8) is automatically implemented using LUTRAM. BRAM implementation would be inefficient 
INFO: [Synth 8-6904] The RAM "MxuAccVpu/accs_1/mem/mem_30_reg" of size (depth=16 x width=8) is automatically implemented using LUTRAM. BRAM implementation would be inefficient 
INFO: [Synth 8-6904] The RAM "MxuAccVpu/accs_1/mem/mem_31_reg" of size (depth=16 x width=8) is automatically implemented using LUTRAM. BRAM implementation would be inefficient 
WARNING: [Synth 8-7129] Port io_in_bits_acc_read_resp_scale[31] in module AccumulatorScale is either unconnected or has no load
WARNING: [Synth 8-7129] Port io_in_bits_acc_read_resp_scale[30] in module AccumulatorScale is either unconnected or has no load
WARNING: [Synth 8-7129] Port io_in_bits_acc_read_resp_scale[29] in module AccumulatorScale is either unconnected or has no load
WARNING: [Synth 8-7129] Port io_in_bits_acc_read_resp_scale[28] in module AccumulatorScale is either unconnected or has no load
WARNING: [Synth 8-7129] Port io_in_bits_acc_read_resp_scale[27] in module AccumulatorScale is either unconnected or has no load
WARNING: [Synth 8-7129] Port io_in_bits_acc_read_resp_scale[26] in module AccumulatorScale is either unconnected or has no load
WARNING: [Synth 8-7129] Port io_in_bits_acc_read_resp_scale[25] in module AccumulatorScale is either unconnected or has no load
WARNING: [Synth 8-7129] Port io_in_bits_acc_read_resp_scale[24] in module AccumulatorScale is either unconnected or has no load
WARNING: [Synth 8-7129] Port io_in_bits_acc_read_resp_scale[23] in module AccumulatorScale is either unconnected or has no load
WARNING: [Synth 8-7129] Port io_in_bits_acc_read_resp_scale[22] in module AccumulatorScale is either unconnected or has no load
WARNING: [Synth 8-7129] Port io_in_bits_acc_read_resp_scale[21] in module AccumulatorScale is either unconnected or has no load
WARNING: [Synth 8-7129] Port io_in_bits_acc_read_resp_scale[20] in module AccumulatorScale is either unconnected or has no load
WARNING: [Synth 8-7129] Port io_in_bits_acc_read_resp_scale[19] in module AccumulatorScale is either unconnected or has no load
WARNING: [Synth 8-7129] Port io_in_bits_acc_read_resp_scale[18] in module AccumulatorScale is either unconnected or has no load
WARNING: [Synth 8-7129] Port io_in_bits_acc_read_resp_scale[17] in module AccumulatorScale is either unconnected or has no load
WARNING: [Synth 8-7129] Port io_in_bits_acc_read_resp_scale[16] in module AccumulatorScale is either unconnected or has no load
WARNING: [Synth 8-7129] Port io_in_bits_acc_read_resp_scale[15] in module AccumulatorScale is either unconnected or has no load
WARNING: [Synth 8-7129] Port io_in_bits_acc_read_resp_scale[14] in module AccumulatorScale is either unconnected or has no load
WARNING: [Synth 8-7129] Port io_in_bits_acc_read_resp_scale[13] in module AccumulatorScale is either unconnected or has no load
WARNING: [Synth 8-7129] Port io_in_bits_acc_read_resp_scale[12] in module AccumulatorScale is either unconnected or has no load
WARNING: [Synth 8-7129] Port io_in_bits_acc_read_resp_scale[11] in module AccumulatorScale is either unconnected or has no load
WARNING: [Synth 8-7129] Port io_in_bits_acc_read_resp_scale[10] in module AccumulatorScale is either unconnected or has no load
WARNING: [Synth 8-7129] Port io_in_bits_acc_read_resp_scale[9] in module AccumulatorScale is either unconnected or has no load
WARNING: [Synth 8-7129] Port io_in_bits_acc_read_resp_scale[8] in module AccumulatorScale is either unconnected or has no load
WARNING: [Synth 8-7129] Port io_in_bits_acc_read_resp_scale[7] in module AccumulatorScale is either unconnected or has no load
WARNING: [Synth 8-7129] Port io_in_bits_acc_read_resp_scale[6] in module AccumulatorScale is either unconnected or has no load
WARNING: [Synth 8-7129] Port io_in_bits_acc_read_resp_scale[5] in module AccumulatorScale is either unconnected or has no load
WARNING: [Synth 8-7129] Port io_in_d_0[31] in module Tile_56 is either unconnected or has no load
WARNING: [Synth 8-7129] Port io_in_d_0[30] in module Tile_56 is either unconnected or has no load
WARNING: [Synth 8-7129] Port io_in_d_0[29] in module Tile_56 is either unconnected or has no load
WARNING: [Synth 8-7129] Port io_in_d_0[28] in module Tile_56 is either unconnected or has no load
WARNING: [Synth 8-7129] Port io_in_d_0[27] in module Tile_56 is either unconnected or has no load
WARNING: [Synth 8-7129] Port io_in_d_0[26] in module Tile_56 is either unconnected or has no load
WARNING: [Synth 8-7129] Port io_in_d_0[25] in module Tile_56 is either unconnected or has no load
WARNING: [Synth 8-7129] Port io_in_d_0[24] in module Tile_56 is either unconnected or has no load
WARNING: [Synth 8-7129] Port io_in_d_0[23] in module Tile_56 is either unconnected or has no load
WARNING: [Synth 8-7129] Port io_in_d_0[22] in module Tile_56 is either unconnected or has no load
WARNING: [Synth 8-7129] Port io_in_d_0[21] in module Tile_56 is either unconnected or has no load
WARNING: [Synth 8-7129] Port io_in_d_0[20] in module Tile_56 is either unconnected or has no load
WARNING: [Synth 8-7129] Port io_in_d_0[19] in module Tile_56 is either unconnected or has no load
WARNING: [Synth 8-7129] Port io_in_d_0[18] in module Tile_56 is either unconnected or has no load
WARNING: [Synth 8-7129] Port io_in_d_0[17] in module Tile_56 is either unconnected or has no load
WARNING: [Synth 8-7129] Port io_in_d_0[16] in module Tile_56 is either unconnected or has no load
INFO: [Common 17-14] Message 'Synth 8-7129' appears 100 times and further instances of the messages will be disabled. Use the Tcl command set_msg_config to change the current settings.
INFO: [Synth 8-6904] The RAM "mxu/total_rows_q/ram_id_reg" of size (depth=6 x width=3) is automatically implemented using LUTRAM. BRAM implementation would be inefficient 
RAM Pipeline Warning: Read Address Register Found For RAM accs_0/mem/mem_0_reg. We will not be able to pipeline it. This may degrade performance. 
RAM Pipeline Warning: Read Address Register Found For RAM accs_0/mem/mem_0_reg. We will not be able to pipeline it. This may degrade performance. 
INFO: [Synth 8-6904] The RAM "MxuAccVpu/accs_0/mem/mem_0_reg" of size (depth=16 x width=8) is automatically implemented using LUTRAM. BRAM implementation would be inefficient 
INFO: [Common 17-14] Message 'Synth 8-6904' appears 100 times and further instances of the messages will be disabled. Use the Tcl command set_msg_config to change the current settings.
RAM Pipeline Warning: Read Address Register Found For RAM accs_0/mem/mem_1_reg. We will not be able to pipeline it. This may degrade performance. 
RAM Pipeline Warning: Read Address Register Found For RAM accs_0/mem/mem_1_reg. We will not be able to pipeline it. This may degrade performance. 
RAM Pipeline Warning: Read Address Register Found For RAM accs_0/mem/mem_2_reg. We will not be able to pipeline it. This may degrade performance. 
RAM Pipeline Warning: Read Address Register Found For RAM accs_0/mem/mem_2_reg. We will not be able to pipeline it. This may degrade performance. 
RAM Pipeline Warning: Read Address Register Found For RAM accs_0/mem/mem_3_reg. We will not be able to pipeline it. This may degrade performance. 
RAM Pipeline Warning: Read Address Register Found For RAM accs_0/mem/mem_3_reg. We will not be able to pipeline it. This may degrade performance. 
RAM Pipeline Warning: Read Address Register Found For RAM accs_0/mem/mem_4_reg. We will not be able to pipeline it. This may degrade performance. 
RAM Pipeline Warning: Read Address Register Found For RAM accs_0/mem/mem_4_reg. We will not be able to pipeline it. This may degrade performance. 
RAM Pipeline Warning: Read Address Register Found For RAM accs_0/mem/mem_5_reg. We will not be able to pipeline it. This may degrade performance. 
RAM Pipeline Warning: Read Address Register Found For RAM accs_0/mem/mem_5_reg. We will not be able to pipeline it. This may degrade performance. 
RAM Pipeline Warning: Read Address Register Found For RAM accs_0/mem/mem_6_reg. We will not be able to pipeline it. This may degrade performance. 
RAM Pipeline Warning: Read Address Register Found For RAM accs_0/mem/mem_6_reg. We will not be able to pipeline it. This may degrade performance. 
RAM Pipeline Warning: Read Address Register Found For RAM accs_0/mem/mem_7_reg. We will not be able to pipeline it. This may degrade performance. 
RAM Pipeline Warning: Read Address Register Found For RAM accs_0/mem/mem_7_reg. We will not be able to pipeline it. This may degrade performance. 
RAM Pipeline Warning: Read Address Register Found For RAM accs_0/mem/mem_8_reg. We will not be able to pipeline it. This may degrade performance. 
RAM Pipeline Warning: Read Address Register Found For RAM accs_0/mem/mem_8_reg. We will not be able to pipeline it. This may degrade performance. 
RAM Pipeline Warning: Read Address Register Found For RAM accs_0/mem/mem_9_reg. We will not be able to pipeline it. This may degrade performance. 
RAM Pipeline Warning: Read Address Register Found For RAM accs_0/mem/mem_9_reg. We will not be able to pipeline it. This may degrade performance. 
RAM Pipeline Warning: Read Address Register Found For RAM accs_0/mem/mem_10_reg. We will not be able to pipeline it. This may degrade performance. 
RAM Pipeline Warning: Read Address Register Found For RAM accs_0/mem/mem_10_reg. We will not be able to pipeline it. This may degrade performance. 
RAM Pipeline Warning: Read Address Register Found For RAM accs_0/mem/mem_11_reg. We will not be able to pipeline it. This may degrade performance. 
RAM Pipeline Warning: Read Address Register Found For RAM accs_0/mem/mem_11_reg. We will not be able to pipeline it. This may degrade performance. 
RAM Pipeline Warning: Read Address Register Found For RAM accs_0/mem/mem_12_reg. We will not be able to pipeline it. This may degrade performance. 
RAM Pipeline Warning: Read Address Register Found For RAM accs_0/mem/mem_12_reg. We will not be able to pipeline it. This may degrade performance. 
RAM Pipeline Warning: Read Address Register Found For RAM accs_0/mem/mem_13_reg. We will not be able to pipeline it. This may degrade performance. 
RAM Pipeline Warning: Read Address Register Found For RAM accs_0/mem/mem_13_reg. We will not be able to pipeline it. This may degrade performance. 
RAM Pipeline Warning: Read Address Register Found For RAM accs_0/mem/mem_14_reg. We will not be able to pipeline it. This may degrade performance. 
RAM Pipeline Warning: Read Address Register Found For RAM accs_0/mem/mem_14_reg. We will not be able to pipeline it. This may degrade performance. 
RAM Pipeline Warning: Read Address Register Found For RAM accs_0/mem/mem_15_reg. We will not be able to pipeline it. This may degrade performance. 
RAM Pipeline Warning: Read Address Register Found For RAM accs_0/mem/mem_15_reg. We will not be able to pipeline it. This may degrade performance. 
RAM Pipeline Warning: Read Address Register Found For RAM accs_0/mem/mem_16_reg. We will not be able to pipeline it. This may degrade performance. 
RAM Pipeline Warning: Read Address Register Found For RAM accs_0/mem/mem_16_reg. We will not be able to pipeline it. This may degrade performance. 
RAM Pipeline Warning: Read Address Register Found For RAM accs_0/mem/mem_17_reg. We will not be able to pipeline it. This may degrade performance. 
RAM Pipeline Warning: Read Address Register Found For RAM accs_0/mem/mem_17_reg. We will not be able to pipeline it. This may degrade performance. 
RAM Pipeline Warning: Read Address Register Found For RAM accs_0/mem/mem_18_reg. We will not be able to pipeline it. This may degrade performance. 
RAM Pipeline Warning: Read Address Register Found For RAM accs_0/mem/mem_18_reg. We will not be able to pipeline it. This may degrade performance. 
RAM Pipeline Warning: Read Address Register Found For RAM accs_0/mem/mem_19_reg. We will not be able to pipeline it. This may degrade performance. 
RAM Pipeline Warning: Read Address Register Found For RAM accs_0/mem/mem_19_reg. We will not be able to pipeline it. This may degrade performance. 
RAM Pipeline Warning: Read Address Register Found For RAM accs_0/mem/mem_20_reg. We will not be able to pipeline it. This may degrade performance. 
RAM Pipeline Warning: Read Address Register Found For RAM accs_0/mem/mem_20_reg. We will not be able to pipeline it. This may degrade performance. 
RAM Pipeline Warning: Read Address Register Found For RAM accs_0/mem/mem_21_reg. We will not be able to pipeline it. This may degrade performance. 
RAM Pipeline Warning: Read Address Register Found For RAM accs_0/mem/mem_21_reg. We will not be able to pipeline it. This may degrade performance. 
RAM Pipeline Warning: Read Address Register Found For RAM accs_0/mem/mem_22_reg. We will not be able to pipeline it. This may degrade performance. 
RAM Pipeline Warning: Read Address Register Found For RAM accs_0/mem/mem_22_reg. We will not be able to pipeline it. This may degrade performance. 
RAM Pipeline Warning: Read Address Register Found For RAM accs_0/mem/mem_23_reg. We will not be able to pipeline it. This may degrade performance. 
RAM Pipeline Warning: Read Address Register Found For RAM accs_0/mem/mem_23_reg. We will not be able to pipeline it. This may degrade performance. 
RAM Pipeline Warning: Read Address Register Found For RAM accs_0/mem/mem_24_reg. We will not be able to pipeline it. This may degrade performance. 
RAM Pipeline Warning: Read Address Register Found For RAM accs_0/mem/mem_24_reg. We will not be able to pipeline it. This may degrade performance. 
RAM Pipeline Warning: Read Address Register Found For RAM accs_0/mem/mem_25_reg. We will not be able to pipeline it. This may degrade performance. 
RAM Pipeline Warning: Read Address Register Found For RAM accs_0/mem/mem_25_reg. We will not be able to pipeline it. This may degrade performance. 
RAM Pipeline Warning: Read Address Register Found For RAM accs_0/mem/mem_26_reg. We will not be able to pipeline it. This may degrade performance. 
RAM Pipeline Warning: Read Address Register Found For RAM accs_0/mem/mem_26_reg. We will not be able to pipeline it. This may degrade performance. 
RAM Pipeline Warning: Read Address Register Found For RAM accs_0/mem/mem_27_reg. We will not be able to pipeline it. This may degrade performance. 
RAM Pipeline Warning: Read Address Register Found For RAM accs_0/mem/mem_27_reg. We will not be able to pipeline it. This may degrade performance. 
RAM Pipeline Warning: Read Address Register Found For RAM accs_0/mem/mem_28_reg. We will not be able to pipeline it. This may degrade performance. 
RAM Pipeline Warning: Read Address Register Found For RAM accs_0/mem/mem_28_reg. We will not be able to pipeline it. This may degrade performance. 
RAM Pipeline Warning: Read Address Register Found For RAM accs_0/mem/mem_29_reg. We will not be able to pipeline it. This may degrade performance. 
RAM Pipeline Warning: Read Address Register Found For RAM accs_0/mem/mem_29_reg. We will not be able to pipeline it. This may degrade performance. 
RAM Pipeline Warning: Read Address Register Found For RAM accs_0/mem/mem_30_reg. We will not be able to pipeline it. This may degrade performance. 
RAM Pipeline Warning: Read Address Register Found For RAM accs_0/mem/mem_30_reg. We will not be able to pipeline it. This may degrade performance. 
RAM Pipeline Warning: Read Address Register Found For RAM accs_0/mem/mem_31_reg. We will not be able to pipeline it. This may degrade performance. 
RAM Pipeline Warning: Read Address Register Found For RAM accs_0/mem/mem_31_reg. We will not be able to pipeline it. This may degrade performance. 
RAM Pipeline Warning: Read Address Register Found For RAM accs_1/mem/mem_0_reg. We will not be able to pipeline it. This may degrade performance. 
RAM Pipeline Warning: Read Address Register Found For RAM accs_1/mem/mem_0_reg. We will not be able to pipeline it. This may degrade performance. 
RAM Pipeline Warning: Read Address Register Found For RAM accs_1/mem/mem_1_reg. We will not be able to pipeline it. This may degrade performance. 
RAM Pipeline Warning: Read Address Register Found For RAM accs_1/mem/mem_1_reg. We will not be able to pipeline it. This may degrade performance. 
RAM Pipeline Warning: Read Address Register Found For RAM accs_1/mem/mem_2_reg. We will not be able to pipeline it. This may degrade performance. 
RAM Pipeline Warning: Read Address Register Found For RAM accs_1/mem/mem_2_reg. We will not be able to pipeline it. This may degrade performance. 
RAM Pipeline Warning: Read Address Register Found For RAM accs_1/mem/mem_3_reg. We will not be able to pipeline it. This may degrade performance. 
RAM Pipeline Warning: Read Address Register Found For RAM accs_1/mem/mem_3_reg. We will not be able to pipeline it. This may degrade performance. 
RAM Pipeline Warning: Read Address Register Found For RAM accs_1/mem/mem_4_reg. We will not be able to pipeline it. This may degrade performance. 
RAM Pipeline Warning: Read Address Register Found For RAM accs_1/mem/mem_4_reg. We will not be able to pipeline it. This may degrade performance. 
RAM Pipeline Warning: Read Address Register Found For RAM accs_1/mem/mem_5_reg. We will not be able to pipeline it. This may degrade performance. 
RAM Pipeline Warning: Read Address Register Found For RAM accs_1/mem/mem_5_reg. We will not be able to pipeline it. This may degrade performance. 
RAM Pipeline Warning: Read Address Register Found For RAM accs_1/mem/mem_6_reg. We will not be able to pipeline it. This may degrade performance. 
RAM Pipeline Warning: Read Address Register Found For RAM accs_1/mem/mem_6_reg. We will not be able to pipeline it. This may degrade performance. 
RAM Pipeline Warning: Read Address Register Found For RAM accs_1/mem/mem_7_reg. We will not be able to pipeline it. This may degrade performance. 
RAM Pipeline Warning: Read Address Register Found For RAM accs_1/mem/mem_7_reg. We will not be able to pipeline it. This may degrade performance. 
RAM Pipeline Warning: Read Address Register Found For RAM accs_1/mem/mem_8_reg. We will not be able to pipeline it. This may degrade performance. 
RAM Pipeline Warning: Read Address Register Found For RAM accs_1/mem/mem_8_reg. We will not be able to pipeline it. This may degrade performance. 
RAM Pipeline Warning: Read Address Register Found For RAM accs_1/mem/mem_9_reg. We will not be able to pipeline it. This may degrade performance. 
RAM Pipeline Warning: Read Address Register Found For RAM accs_1/mem/mem_9_reg. We will not be able to pipeline it. This may degrade performance. 
RAM Pipeline Warning: Read Address Register Found For RAM accs_1/mem/mem_10_reg. We will not be able to pipeline it. This may degrade performance. 
RAM Pipeline Warning: Read Address Register Found For RAM accs_1/mem/mem_10_reg. We will not be able to pipeline it. This may degrade performance. 
RAM Pipeline Warning: Read Address Register Found For RAM accs_1/mem/mem_11_reg. We will not be able to pipeline it. This may degrade performance. 
RAM Pipeline Warning: Read Address Register Found For RAM accs_1/mem/mem_11_reg. We will not be able to pipeline it. This may degrade performance. 
RAM Pipeline Warning: Read Address Register Found For RAM accs_1/mem/mem_12_reg. We will not be able to pipeline it. This may degrade performance. 
RAM Pipeline Warning: Read Address Register Found For RAM accs_1/mem/mem_12_reg. We will not be able to pipeline it. This may degrade performance. 
RAM Pipeline Warning: Read Address Register Found For RAM accs_1/mem/mem_13_reg. We will not be able to pipeline it. This may degrade performance. 
RAM Pipeline Warning: Read Address Register Found For RAM accs_1/mem/mem_13_reg. We will not be able to pipeline it. This may degrade performance. 
RAM Pipeline Warning: Read Address Register Found For RAM accs_1/mem/mem_14_reg. We will not be able to pipeline it. This may degrade performance. 
RAM Pipeline Warning: Read Address Register Found For RAM accs_1/mem/mem_14_reg. We will not be able to pipeline it. This may degrade performance. 
RAM Pipeline Warning: Read Address Register Found For RAM accs_1/mem/mem_15_reg. We will not be able to pipeline it. This may degrade performance. 
RAM Pipeline Warning: Read Address Register Found For RAM accs_1/mem/mem_15_reg. We will not be able to pipeline it. This may degrade performance. 
RAM Pipeline Warning: Read Address Register Found For RAM accs_1/mem/mem_16_reg. We will not be able to pipeline it. This may degrade performance. 
RAM Pipeline Warning: Read Address Register Found For RAM accs_1/mem/mem_16_reg. We will not be able to pipeline it. This may degrade performance. 
RAM Pipeline Warning: Read Address Register Found For RAM accs_1/mem/mem_17_reg. We will not be able to pipeline it. This may degrade performance. 
RAM Pipeline Warning: Read Address Register Found For RAM accs_1/mem/mem_17_reg. We will not be able to pipeline it. This may degrade performance. 
RAM Pipeline Warning: Read Address Register Found For RAM accs_1/mem/mem_18_reg. We will not be able to pipeline it. This may degrade performance. 
RAM Pipeline Warning: Read Address Register Found For RAM accs_1/mem/mem_18_reg. We will not be able to pipeline it. This may degrade performance. 
RAM Pipeline Warning: Read Address Register Found For RAM accs_1/mem/mem_19_reg. We will not be able to pipeline it. This may degrade performance. 
RAM Pipeline Warning: Read Address Register Found For RAM accs_1/mem/mem_19_reg. We will not be able to pipeline it. This may degrade performance. 
RAM Pipeline Warning: Read Address Register Found For RAM accs_1/mem/mem_20_reg. We will not be able to pipeline it. This may degrade performance. 
RAM Pipeline Warning: Read Address Register Found For RAM accs_1/mem/mem_20_reg. We will not be able to pipeline it. This may degrade performance. 
RAM Pipeline Warning: Read Address Register Found For RAM accs_1/mem/mem_21_reg. We will not be able to pipeline it. This may degrade performance. 
RAM Pipeline Warning: Read Address Register Found For RAM accs_1/mem/mem_21_reg. We will not be able to pipeline it. This may degrade performance. 
RAM Pipeline Warning: Read Address Register Found For RAM accs_1/mem/mem_22_reg. We will not be able to pipeline it. This may degrade performance. 
RAM Pipeline Warning: Read Address Register Found For RAM accs_1/mem/mem_22_reg. We will not be able to pipeline it. This may degrade performance. 
RAM Pipeline Warning: Read Address Register Found For RAM accs_1/mem/mem_23_reg. We will not be able to pipeline it. This may degrade performance. 
RAM Pipeline Warning: Read Address Register Found For RAM accs_1/mem/mem_23_reg. We will not be able to pipeline it. This may degrade performance. 
RAM Pipeline Warning: Read Address Register Found For RAM accs_1/mem/mem_24_reg. We will not be able to pipeline it. This may degrade performance. 
RAM Pipeline Warning: Read Address Register Found For RAM accs_1/mem/mem_24_reg. We will not be able to pipeline it. This may degrade performance. 
RAM Pipeline Warning: Read Address Register Found For RAM accs_1/mem/mem_25_reg. We will not be able to pipeline it. This may degrade performance. 
RAM Pipeline Warning: Read Address Register Found For RAM accs_1/mem/mem_25_reg. We will not be able to pipeline it. This may degrade performance. 
RAM Pipeline Warning: Read Address Register Found For RAM accs_1/mem/mem_26_reg. We will not be able to pipeline it. This may degrade performance. 
RAM Pipeline Warning: Read Address Register Found For RAM accs_1/mem/mem_26_reg. We will not be able to pipeline it. This may degrade performance. 
RAM Pipeline Warning: Read Address Register Found For RAM accs_1/mem/mem_27_reg. We will not be able to pipeline it. This may degrade performance. 
RAM Pipeline Warning: Read Address Register Found For RAM accs_1/mem/mem_27_reg. We will not be able to pipeline it. This may degrade performance. 
RAM Pipeline Warning: Read Address Register Found For RAM accs_1/mem/mem_28_reg. We will not be able to pipeline it. This may degrade performance. 
RAM Pipeline Warning: Read Address Register Found For RAM accs_1/mem/mem_28_reg. We will not be able to pipeline it. This may degrade performance. 
RAM Pipeline Warning: Read Address Register Found For RAM accs_1/mem/mem_29_reg. We will not be able to pipeline it. This may degrade performance. 
RAM Pipeline Warning: Read Address Register Found For RAM accs_1/mem/mem_29_reg. We will not be able to pipeline it. This may degrade performance. 
RAM Pipeline Warning: Read Address Register Found For RAM accs_1/mem/mem_30_reg. We will not be able to pipeline it. This may degrade performance. 
RAM Pipeline Warning: Read Address Register Found For RAM accs_1/mem/mem_30_reg. We will not be able to pipeline it. This may degrade performance. 
RAM Pipeline Warning: Read Address Register Found For RAM accs_1/mem/mem_31_reg. We will not be able to pipeline it. This may degrade performance. 
RAM Pipeline Warning: Read Address Register Found For RAM accs_1/mem/mem_31_reg. We will not be able to pipeline it. This may degrade performance. 
RAM Pipeline Warning: Read Address Register Found For RAM accs_0/mem/mem_0_reg. We will not be able to pipeline it. This may degrade performance. 
RAM Pipeline Warning: Read Address Register Found For RAM accs_0/mem/mem_1_reg. We will not be able to pipeline it. This may degrade performance. 
RAM Pipeline Warning: Read Address Register Found For RAM accs_0/mem/mem_2_reg. We will not be able to pipeline it. This may degrade performance. 
RAM Pipeline Warning: Read Address Register Found For RAM accs_0/mem/mem_3_reg. We will not be able to pipeline it. This may degrade performance. 
RAM Pipeline Warning: Read Address Register Found For RAM accs_0/mem/mem_4_reg. We will not be able to pipeline it. This may degrade performance. 
RAM Pipeline Warning: Read Address Register Found For RAM accs_0/mem/mem_5_reg. We will not be able to pipeline it. This may degrade performance. 
RAM Pipeline Warning: Read Address Register Found For RAM accs_0/mem/mem_6_reg. We will not be able to pipeline it. This may degrade performance. 
RAM Pipeline Warning: Read Address Register Found For RAM accs_0/mem/mem_7_reg. We will not be able to pipeline it. This may degrade performance. 
RAM Pipeline Warning: Read Address Register Found For RAM accs_0/mem/mem_8_reg. We will not be able to pipeline it. This may degrade performance. 
RAM Pipeline Warning: Read Address Register Found For RAM accs_0/mem/mem_9_reg. We will not be able to pipeline it. This may degrade performance. 
RAM Pipeline Warning: Read Address Register Found For RAM accs_0/mem/mem_10_reg. We will not be able to pipeline it. This may degrade performance. 
RAM Pipeline Warning: Read Address Register Found For RAM accs_0/mem/mem_11_reg. We will not be able to pipeline it. This may degrade performance. 
RAM Pipeline Warning: Read Address Register Found For RAM accs_0/mem/mem_12_reg. We will not be able to pipeline it. This may degrade performance. 
RAM Pipeline Warning: Read Address Register Found For RAM accs_0/mem/mem_13_reg. We will not be able to pipeline it. This may degrade performance. 
RAM Pipeline Warning: Read Address Register Found For RAM accs_0/mem/mem_14_reg. We will not be able to pipeline it. This may degrade performance. 
RAM Pipeline Warning: Read Address Register Found For RAM accs_0/mem/mem_15_reg. We will not be able to pipeline it. This may degrade performance. 
RAM Pipeline Warning: Read Address Register Found For RAM accs_0/mem/mem_16_reg. We will not be able to pipeline it. This may degrade performance. 
RAM Pipeline Warning: Read Address Register Found For RAM accs_0/mem/mem_17_reg. We will not be able to pipeline it. This may degrade performance. 
RAM Pipeline Warning: Read Address Register Found For RAM accs_0/mem/mem_18_reg. We will not be able to pipeline it. This may degrade performance. 
RAM Pipeline Warning: Read Address Register Found For RAM accs_0/mem/mem_19_reg. We will not be able to pipeline it. This may degrade performance. 
RAM Pipeline Warning: Read Address Register Found For RAM accs_0/mem/mem_20_reg. We will not be able to pipeline it. This may degrade performance. 
RAM Pipeline Warning: Read Address Register Found For RAM accs_0/mem/mem_21_reg. We will not be able to pipeline it. This may degrade performance. 
RAM Pipeline Warning: Read Address Register Found For RAM accs_0/mem/mem_22_reg. We will not be able to pipeline it. This may degrade performance. 
RAM Pipeline Warning: Read Address Register Found For RAM accs_0/mem/mem_23_reg. We will not be able to pipeline it. This may degrade performance. 
RAM Pipeline Warning: Read Address Register Found For RAM accs_0/mem/mem_24_reg. We will not be able to pipeline it. This may degrade performance. 
RAM Pipeline Warning: Read Address Register Found For RAM accs_0/mem/mem_25_reg. We will not be able to pipeline it. This may degrade performance. 
RAM Pipeline Warning: Read Address Register Found For RAM accs_0/mem/mem_26_reg. We will not be able to pipeline it. This may degrade performance. 
RAM Pipeline Warning: Read Address Register Found For RAM accs_0/mem/mem_27_reg. We will not be able to pipeline it. This may degrade performance. 
RAM Pipeline Warning: Read Address Register Found For RAM accs_0/mem/mem_28_reg. We will not be able to pipeline it. This may degrade performance. 
RAM Pipeline Warning: Read Address Register Found For RAM accs_0/mem/mem_29_reg. We will not be able to pipeline it. This may degrade performance. 
RAM Pipeline Warning: Read Address Register Found For RAM accs_0/mem/mem_30_reg. We will not be able to pipeline it. This may degrade performance. 
RAM Pipeline Warning: Read Address Register Found For RAM accs_0/mem/mem_31_reg. We will not be able to pipeline it. This may degrade performance. 
RAM Pipeline Warning: Read Address Register Found For RAM accs_1/mem/mem_0_reg. We will not be able to pipeline it. This may degrade performance. 
RAM Pipeline Warning: Read Address Register Found For RAM accs_1/mem/mem_1_reg. We will not be able to pipeline it. This may degrade performance. 
RAM Pipeline Warning: Read Address Register Found For RAM accs_1/mem/mem_2_reg. We will not be able to pipeline it. This may degrade performance. 
RAM Pipeline Warning: Read Address Register Found For RAM accs_1/mem/mem_3_reg. We will not be able to pipeline it. This may degrade performance. 
RAM Pipeline Warning: Read Address Register Found For RAM accs_1/mem/mem_4_reg. We will not be able to pipeline it. This may degrade performance. 
RAM Pipeline Warning: Read Address Register Found For RAM accs_1/mem/mem_5_reg. We will not be able to pipeline it. This may degrade performance. 
RAM Pipeline Warning: Read Address Register Found For RAM accs_1/mem/mem_6_reg. We will not be able to pipeline it. This may degrade performance. 
RAM Pipeline Warning: Read Address Register Found For RAM accs_1/mem/mem_7_reg. We will not be able to pipeline it. This may degrade performance. 
RAM Pipeline Warning: Read Address Register Found For RAM accs_1/mem/mem_8_reg. We will not be able to pipeline it. This may degrade performance. 
RAM Pipeline Warning: Read Address Register Found For RAM accs_1/mem/mem_9_reg. We will not be able to pipeline it. This may degrade performance. 
RAM Pipeline Warning: Read Address Register Found For RAM accs_1/mem/mem_10_reg. We will not be able to pipeline it. This may degrade performance. 
RAM Pipeline Warning: Read Address Register Found For RAM accs_1/mem/mem_11_reg. We will not be able to pipeline it. This may degrade performance. 
RAM Pipeline Warning: Read Address Register Found For RAM accs_1/mem/mem_12_reg. We will not be able to pipeline it. This may degrade performance. 
RAM Pipeline Warning: Read Address Register Found For RAM accs_1/mem/mem_13_reg. We will not be able to pipeline it. This may degrade performance. 
RAM Pipeline Warning: Read Address Register Found For RAM accs_1/mem/mem_14_reg. We will not be able to pipeline it. This may degrade performance. 
RAM Pipeline Warning: Read Address Register Found For RAM accs_1/mem/mem_15_reg. We will not be able to pipeline it. This may degrade performance. 
RAM Pipeline Warning: Read Address Register Found For RAM accs_1/mem/mem_16_reg. We will not be able to pipeline it. This may degrade performance. 
RAM Pipeline Warning: Read Address Register Found For RAM accs_1/mem/mem_17_reg. We will not be able to pipeline it. This may degrade performance. 
RAM Pipeline Warning: Read Address Register Found For RAM accs_1/mem/mem_18_reg. We will not be able to pipeline it. This may degrade performance. 
RAM Pipeline Warning: Read Address Register Found For RAM accs_1/mem/mem_19_reg. We will not be able to pipeline it. This may degrade performance. 
RAM Pipeline Warning: Read Address Register Found For RAM accs_1/mem/mem_20_reg. We will not be able to pipeline it. This may degrade performance. 
RAM Pipeline Warning: Read Address Register Found For RAM accs_1/mem/mem_21_reg. We will not be able to pipeline it. This may degrade performance. 
RAM Pipeline Warning: Read Address Register Found For RAM accs_1/mem/mem_22_reg. We will not be able to pipeline it. This may degrade performance. 
RAM Pipeline Warning: Read Address Register Found For RAM accs_1/mem/mem_23_reg. We will not be able to pipeline it. This may degrade performance. 
RAM Pipeline Warning: Read Address Register Found For RAM accs_1/mem/mem_24_reg. We will not be able to pipeline it. This may degrade performance. 
RAM Pipeline Warning: Read Address Register Found For RAM accs_1/mem/mem_25_reg. We will not be able to pipeline it. This may degrade performance. 
RAM Pipeline Warning: Read Address Register Found For RAM accs_1/mem/mem_26_reg. We will not be able to pipeline it. This may degrade performance. 
RAM Pipeline Warning: Read Address Register Found For RAM accs_1/mem/mem_27_reg. We will not be able to pipeline it. This may degrade performance. 
RAM Pipeline Warning: Read Address Register Found For RAM accs_1/mem/mem_28_reg. We will not be able to pipeline it. This may degrade performance. 
RAM Pipeline Warning: Read Address Register Found For RAM accs_1/mem/mem_29_reg. We will not be able to pipeline it. This may degrade performance. 
RAM Pipeline Warning: Read Address Register Found For RAM accs_1/mem/mem_30_reg. We will not be able to pipeline it. This may degrade performance. 
RAM Pipeline Warning: Read Address Register Found For RAM accs_1/mem/mem_31_reg. We will not be able to pipeline it. This may degrade performance. 
---------------------------------------------------------------------------------
Finished Cross Boundary and Area Optimization : Time (s): cpu = 00:00:41 ; elapsed = 00:00:41 . Memory (MB): peak = 3322.754 ; gain = 1760.586 ; free physical = 61805 ; free virtual = 152014
---------------------------------------------------------------------------------
---------------------------------------------------------------------------------
Start ROM, RAM, DSP, Shift Register and Retiming Reporting
---------------------------------------------------------------------------------

Distributed RAM: Preliminary Mapping Report (see note below)
+------------+-------------------------+-----------+----------------------+---------------+
|Module Name | RTL Object              | Inference | Size (Depth x Width) | Primitives    | 
+------------+-------------------------+-----------+----------------------+---------------+
|mxu         | total_rows_q/ram_id_reg | Implied   | 8 x 3                | RAM32M16 x 1  | 
|MxuAccVpu   | accs_0/mem/mem_0_reg    | Implied   | 16 x 8               | RAM32M16 x 1  | 
|MxuAccVpu   | accs_0/mem/mem_1_reg    | Implied   | 16 x 8               | RAM32M16 x 1  | 
|MxuAccVpu   | accs_0/mem/mem_2_reg    | Implied   | 16 x 8               | RAM32M16 x 1  | 
|MxuAccVpu   | accs_0/mem/mem_3_reg    | Implied   | 16 x 8               | RAM32M16 x 1  | 
|MxuAccVpu   | accs_0/mem/mem_4_reg    | Implied   | 16 x 8               | RAM32M16 x 1  | 
|MxuAccVpu   | accs_0/mem/mem_5_reg    | Implied   | 16 x 8               | RAM32M16 x 1  | 
|MxuAccVpu   | accs_0/mem/mem_6_reg    | Implied   | 16 x 8               | RAM32M16 x 1  | 
|MxuAccVpu   | accs_0/mem/mem_7_reg    | Implied   | 16 x 8               | RAM32M16 x 1  | 
|MxuAccVpu   | accs_0/mem/mem_8_reg    | Implied   | 16 x 8               | RAM32M16 x 1  | 
|MxuAccVpu   | accs_0/mem/mem_9_reg    | Implied   | 16 x 8               | RAM32M16 x 1  | 
|MxuAccVpu   | accs_0/mem/mem_10_reg   | Implied   | 16 x 8               | RAM32M16 x 1  | 
|MxuAccVpu   | accs_0/mem/mem_11_reg   | Implied   | 16 x 8               | RAM32M16 x 1  | 
|MxuAccVpu   | accs_0/mem/mem_12_reg   | Implied   | 16 x 8               | RAM32M16 x 1  | 
|MxuAccVpu   | accs_0/mem/mem_13_reg   | Implied   | 16 x 8               | RAM32M16 x 1  | 
|MxuAccVpu   | accs_0/mem/mem_14_reg   | Implied   | 16 x 8               | RAM32M16 x 1  | 
|MxuAccVpu   | accs_0/mem/mem_15_reg   | Implied   | 16 x 8               | RAM32M16 x 1  | 
|MxuAccVpu   | accs_0/mem/mem_16_reg   | Implied   | 16 x 8               | RAM32M16 x 1  | 
|MxuAccVpu   | accs_0/mem/mem_17_reg   | Implied   | 16 x 8               | RAM32M16 x 1  | 
|MxuAccVpu   | accs_0/mem/mem_18_reg   | Implied   | 16 x 8               | RAM32M16 x 1  | 
|MxuAccVpu   | accs_0/mem/mem_19_reg   | Implied   | 16 x 8               | RAM32M16 x 1  | 
|MxuAccVpu   | accs_0/mem/mem_20_reg   | Implied   | 16 x 8               | RAM32M16 x 1  | 
|MxuAccVpu   | accs_0/mem/mem_21_reg   | Implied   | 16 x 8               | RAM32M16 x 1  | 
|MxuAccVpu   | accs_0/mem/mem_22_reg   | Implied   | 16 x 8               | RAM32M16 x 1  | 
|MxuAccVpu   | accs_0/mem/mem_23_reg   | Implied   | 16 x 8               | RAM32M16 x 1  | 
|MxuAccVpu   | accs_0/mem/mem_24_reg   | Implied   | 16 x 8               | RAM32M16 x 1  | 
|MxuAccVpu   | accs_0/mem/mem_25_reg   | Implied   | 16 x 8               | RAM32M16 x 1  | 
|MxuAccVpu   | accs_0/mem/mem_26_reg   | Implied   | 16 x 8               | RAM32M16 x 1  | 
|MxuAccVpu   | accs_0/mem/mem_27_reg   | Implied   | 16 x 8               | RAM32M16 x 1  | 
|MxuAccVpu   | accs_0/mem/mem_28_reg   | Implied   | 16 x 8               | RAM32M16 x 1  | 
|MxuAccVpu   | accs_0/mem/mem_29_reg   | Implied   | 16 x 8               | RAM32M16 x 1  | 
|MxuAccVpu   | accs_0/mem/mem_30_reg   | Implied   | 16 x 8               | RAM32M16 x 1  | 
|MxuAccVpu   | accs_0/mem/mem_31_reg   | Implied   | 16 x 8               | RAM32M16 x 1  | 
|MxuAccVpu   | accs_1/mem/mem_0_reg    | Implied   | 16 x 8               | RAM32M16 x 1  | 
|MxuAccVpu   | accs_1/mem/mem_1_reg    | Implied   | 16 x 8               | RAM32M16 x 1  | 
|MxuAccVpu   | accs_1/mem/mem_2_reg    | Implied   | 16 x 8               | RAM32M16 x 1  | 
|MxuAccVpu   | accs_1/mem/mem_3_reg    | Implied   | 16 x 8               | RAM32M16 x 1  | 
|MxuAccVpu   | accs_1/mem/mem_4_reg    | Implied   | 16 x 8               | RAM32M16 x 1  | 
|MxuAccVpu   | accs_1/mem/mem_5_reg    | Implied   | 16 x 8               | RAM32M16 x 1  | 
|MxuAccVpu   | accs_1/mem/mem_6_reg    | Implied   | 16 x 8               | RAM32M16 x 1  | 
|MxuAccVpu   | accs_1/mem/mem_7_reg    | Implied   | 16 x 8               | RAM32M16 x 1  | 
|MxuAccVpu   | accs_1/mem/mem_8_reg    | Implied   | 16 x 8               | RAM32M16 x 1  | 
|MxuAccVpu   | accs_1/mem/mem_9_reg    | Implied   | 16 x 8               | RAM32M16 x 1  | 
|MxuAccVpu   | accs_1/mem/mem_10_reg   | Implied   | 16 x 8               | RAM32M16 x 1  | 
|MxuAccVpu   | accs_1/mem/mem_11_reg   | Implied   | 16 x 8               | RAM32M16 x 1  | 
|MxuAccVpu   | accs_1/mem/mem_12_reg   | Implied   | 16 x 8               | RAM32M16 x 1  | 
|MxuAccVpu   | accs_1/mem/mem_13_reg   | Implied   | 16 x 8               | RAM32M16 x 1  | 
|MxuAccVpu   | accs_1/mem/mem_14_reg   | Implied   | 16 x 8               | RAM32M16 x 1  | 
|MxuAccVpu   | accs_1/mem/mem_15_reg   | Implied   | 16 x 8               | RAM32M16 x 1  | 
|MxuAccVpu   | accs_1/mem/mem_16_reg   | Implied   | 16 x 8               | RAM32M16 x 1  | 
|MxuAccVpu   | accs_1/mem/mem_17_reg   | Implied   | 16 x 8               | RAM32M16 x 1  | 
|MxuAccVpu   | accs_1/mem/mem_18_reg   | Implied   | 16 x 8               | RAM32M16 x 1  | 
|MxuAccVpu   | accs_1/mem/mem_19_reg   | Implied   | 16 x 8               | RAM32M16 x 1  | 
|MxuAccVpu   | accs_1/mem/mem_20_reg   | Implied   | 16 x 8               | RAM32M16 x 1  | 
|MxuAccVpu   | accs_1/mem/mem_21_reg   | Implied   | 16 x 8               | RAM32M16 x 1  | 
|MxuAccVpu   | accs_1/mem/mem_22_reg   | Implied   | 16 x 8               | RAM32M16 x 1  | 
|MxuAccVpu   | accs_1/mem/mem_23_reg   | Implied   | 16 x 8               | RAM32M16 x 1  | 
|MxuAccVpu   | accs_1/mem/mem_24_reg   | Implied   | 16 x 8               | RAM32M16 x 1  | 
|MxuAccVpu   | accs_1/mem/mem_25_reg   | Implied   | 16 x 8               | RAM32M16 x 1  | 
|MxuAccVpu   | accs_1/mem/mem_26_reg   | Implied   | 16 x 8               | RAM32M16 x 1  | 
|MxuAccVpu   | accs_1/mem/mem_27_reg   | Implied   | 16 x 8               | RAM32M16 x 1  | 
|MxuAccVpu   | accs_1/mem/mem_28_reg   | Implied   | 16 x 8               | RAM32M16 x 1  | 
|MxuAccVpu   | accs_1/mem/mem_29_reg   | Implied   | 16 x 8               | RAM32M16 x 1  | 
|MxuAccVpu   | accs_1/mem/mem_30_reg   | Implied   | 16 x 8               | RAM32M16 x 1  | 
|MxuAccVpu   | accs_1/mem/mem_31_reg   | Implied   | 16 x 8               | RAM32M16 x 1  | 
+------------+-------------------------+-----------+----------------------+---------------+

Note: The table above is a preliminary report that shows the Distributed RAMs at the current stage of the synthesis flow. Some Distributed RAMs may be reimplemented as non Distributed RAM primitives later in the synthesis flow. Multiple instantiated RAMs are reported only once.
---------------------------------------------------------------------------------
Finished ROM, RAM, DSP, Shift Register and Retiming Reporting
---------------------------------------------------------------------------------
No constraint files found.
---------------------------------------------------------------------------------
Start Timing Optimization
---------------------------------------------------------------------------------
---------------------------------------------------------------------------------
Finished Timing Optimization : Time (s): cpu = 00:00:42 ; elapsed = 00:00:42 . Memory (MB): peak = 3322.754 ; gain = 1760.586 ; free physical = 61811 ; free virtual = 152020
---------------------------------------------------------------------------------
---------------------------------------------------------------------------------
Start ROM, RAM, DSP, Shift Register and Retiming Reporting
---------------------------------------------------------------------------------

Distributed RAM: Final Mapping Report
+------------+-------------------------+-----------+----------------------+---------------+
|Module Name | RTL Object              | Inference | Size (Depth x Width) | Primitives    | 
+------------+-------------------------+-----------+----------------------+---------------+
|mxu         | total_rows_q/ram_id_reg | Implied   | 8 x 3                | RAM32M16 x 1  | 
|MxuAccVpu   | accs_0/mem/mem_0_reg    | Implied   | 16 x 8               | RAM32M16 x 1  | 
|MxuAccVpu   | accs_0/mem/mem_1_reg    | Implied   | 16 x 8               | RAM32M16 x 1  | 
|MxuAccVpu   | accs_0/mem/mem_2_reg    | Implied   | 16 x 8               | RAM32M16 x 1  | 
|MxuAccVpu   | accs_0/mem/mem_3_reg    | Implied   | 16 x 8               | RAM32M16 x 1  | 
|MxuAccVpu   | accs_0/mem/mem_4_reg    | Implied   | 16 x 8               | RAM32M16 x 1  | 
|MxuAccVpu   | accs_0/mem/mem_5_reg    | Implied   | 16 x 8               | RAM32M16 x 1  | 
|MxuAccVpu   | accs_0/mem/mem_6_reg    | Implied   | 16 x 8               | RAM32M16 x 1  | 
|MxuAccVpu   | accs_0/mem/mem_7_reg    | Implied   | 16 x 8               | RAM32M16 x 1  | 
|MxuAccVpu   | accs_0/mem/mem_8_reg    | Implied   | 16 x 8               | RAM32M16 x 1  | 
|MxuAccVpu   | accs_0/mem/mem_9_reg    | Implied   | 16 x 8               | RAM32M16 x 1  | 
|MxuAccVpu   | accs_0/mem/mem_10_reg   | Implied   | 16 x 8               | RAM32M16 x 1  | 
|MxuAccVpu   | accs_0/mem/mem_11_reg   | Implied   | 16 x 8               | RAM32M16 x 1  | 
|MxuAccVpu   | accs_0/mem/mem_12_reg   | Implied   | 16 x 8               | RAM32M16 x 1  | 
|MxuAccVpu   | accs_0/mem/mem_13_reg   | Implied   | 16 x 8               | RAM32M16 x 1  | 
|MxuAccVpu   | accs_0/mem/mem_14_reg   | Implied   | 16 x 8               | RAM32M16 x 1  | 
|MxuAccVpu   | accs_0/mem/mem_15_reg   | Implied   | 16 x 8               | RAM32M16 x 1  | 
|MxuAccVpu   | accs_0/mem/mem_16_reg   | Implied   | 16 x 8               | RAM32M16 x 1  | 
|MxuAccVpu   | accs_0/mem/mem_17_reg   | Implied   | 16 x 8               | RAM32M16 x 1  | 
|MxuAccVpu   | accs_0/mem/mem_18_reg   | Implied   | 16 x 8               | RAM32M16 x 1  | 
|MxuAccVpu   | accs_0/mem/mem_19_reg   | Implied   | 16 x 8               | RAM32M16 x 1  | 
|MxuAccVpu   | accs_0/mem/mem_20_reg   | Implied   | 16 x 8               | RAM32M16 x 1  | 
|MxuAccVpu   | accs_0/mem/mem_21_reg   | Implied   | 16 x 8               | RAM32M16 x 1  | 
|MxuAccVpu   | accs_0/mem/mem_22_reg   | Implied   | 16 x 8               | RAM32M16 x 1  | 
|MxuAccVpu   | accs_0/mem/mem_23_reg   | Implied   | 16 x 8               | RAM32M16 x 1  | 
|MxuAccVpu   | accs_0/mem/mem_24_reg   | Implied   | 16 x 8               | RAM32M16 x 1  | 
|MxuAccVpu   | accs_0/mem/mem_25_reg   | Implied   | 16 x 8               | RAM32M16 x 1  | 
|MxuAccVpu   | accs_0/mem/mem_26_reg   | Implied   | 16 x 8               | RAM32M16 x 1  | 
|MxuAccVpu   | accs_0/mem/mem_27_reg   | Implied   | 16 x 8               | RAM32M16 x 1  | 
|MxuAccVpu   | accs_0/mem/mem_28_reg   | Implied   | 16 x 8               | RAM32M16 x 1  | 
|MxuAccVpu   | accs_0/mem/mem_29_reg   | Implied   | 16 x 8               | RAM32M16 x 1  | 
|MxuAccVpu   | accs_0/mem/mem_30_reg   | Implied   | 16 x 8               | RAM32M16 x 1  | 
|MxuAccVpu   | accs_0/mem/mem_31_reg   | Implied   | 16 x 8               | RAM32M16 x 1  | 
|MxuAccVpu   | accs_1/mem/mem_0_reg    | Implied   | 16 x 8               | RAM32M16 x 1  | 
|MxuAccVpu   | accs_1/mem/mem_1_reg    | Implied   | 16 x 8               | RAM32M16 x 1  | 
|MxuAccVpu   | accs_1/mem/mem_2_reg    | Implied   | 16 x 8               | RAM32M16 x 1  | 
|MxuAccVpu   | accs_1/mem/mem_3_reg    | Implied   | 16 x 8               | RAM32M16 x 1  | 
|MxuAccVpu   | accs_1/mem/mem_4_reg    | Implied   | 16 x 8               | RAM32M16 x 1  | 
|MxuAccVpu   | accs_1/mem/mem_5_reg    | Implied   | 16 x 8               | RAM32M16 x 1  | 
|MxuAccVpu   | accs_1/mem/mem_6_reg    | Implied   | 16 x 8               | RAM32M16 x 1  | 
|MxuAccVpu   | accs_1/mem/mem_7_reg    | Implied   | 16 x 8               | RAM32M16 x 1  | 
|MxuAccVpu   | accs_1/mem/mem_8_reg    | Implied   | 16 x 8               | RAM32M16 x 1  | 
|MxuAccVpu   | accs_1/mem/mem_9_reg    | Implied   | 16 x 8               | RAM32M16 x 1  | 
|MxuAccVpu   | accs_1/mem/mem_10_reg   | Implied   | 16 x 8               | RAM32M16 x 1  | 
|MxuAccVpu   | accs_1/mem/mem_11_reg   | Implied   | 16 x 8               | RAM32M16 x 1  | 
|MxuAccVpu   | accs_1/mem/mem_12_reg   | Implied   | 16 x 8               | RAM32M16 x 1  | 
|MxuAccVpu   | accs_1/mem/mem_13_reg   | Implied   | 16 x 8               | RAM32M16 x 1  | 
|MxuAccVpu   | accs_1/mem/mem_14_reg   | Implied   | 16 x 8               | RAM32M16 x 1  | 
|MxuAccVpu   | accs_1/mem/mem_15_reg   | Implied   | 16 x 8               | RAM32M16 x 1  | 
|MxuAccVpu   | accs_1/mem/mem_16_reg   | Implied   | 16 x 8               | RAM32M16 x 1  | 
|MxuAccVpu   | accs_1/mem/mem_17_reg   | Implied   | 16 x 8               | RAM32M16 x 1  | 
|MxuAccVpu   | accs_1/mem/mem_18_reg   | Implied   | 16 x 8               | RAM32M16 x 1  | 
|MxuAccVpu   | accs_1/mem/mem_19_reg   | Implied   | 16 x 8               | RAM32M16 x 1  | 
|MxuAccVpu   | accs_1/mem/mem_20_reg   | Implied   | 16 x 8               | RAM32M16 x 1  | 
|MxuAccVpu   | accs_1/mem/mem_21_reg   | Implied   | 16 x 8               | RAM32M16 x 1  | 
|MxuAccVpu   | accs_1/mem/mem_22_reg   | Implied   | 16 x 8               | RAM32M16 x 1  | 
|MxuAccVpu   | accs_1/mem/mem_23_reg   | Implied   | 16 x 8               | RAM32M16 x 1  | 
|MxuAccVpu   | accs_1/mem/mem_24_reg   | Implied   | 16 x 8               | RAM32M16 x 1  | 
|MxuAccVpu   | accs_1/mem/mem_25_reg   | Implied   | 16 x 8               | RAM32M16 x 1  | 
|MxuAccVpu   | accs_1/mem/mem_26_reg   | Implied   | 16 x 8               | RAM32M16 x 1  | 
|MxuAccVpu   | accs_1/mem/mem_27_reg   | Implied   | 16 x 8               | RAM32M16 x 1  | 
|MxuAccVpu   | accs_1/mem/mem_28_reg   | Implied   | 16 x 8               | RAM32M16 x 1  | 
|MxuAccVpu   | accs_1/mem/mem_29_reg   | Implied   | 16 x 8               | RAM32M16 x 1  | 
|MxuAccVpu   | accs_1/mem/mem_30_reg   | Implied   | 16 x 8               | RAM32M16 x 1  | 
|MxuAccVpu   | accs_1/mem/mem_31_reg   | Implied   | 16 x 8               | RAM32M16 x 1  | 
+------------+-------------------------+-----------+----------------------+---------------+

---------------------------------------------------------------------------------
Finished ROM, RAM, DSP, Shift Register and Retiming Reporting
---------------------------------------------------------------------------------
---------------------------------------------------------------------------------
Start Technology Mapping
---------------------------------------------------------------------------------
---------------------------------------------------------------------------------
Finished Technology Mapping : Time (s): cpu = 00:00:47 ; elapsed = 00:00:47 . Memory (MB): peak = 3335.754 ; gain = 1773.586 ; free physical = 61727 ; free virtual = 151936
---------------------------------------------------------------------------------
---------------------------------------------------------------------------------
Start IO Insertion
---------------------------------------------------------------------------------
---------------------------------------------------------------------------------
Start Flattening Before IO Insertion
---------------------------------------------------------------------------------
---------------------------------------------------------------------------------
Finished Flattening Before IO Insertion
---------------------------------------------------------------------------------
---------------------------------------------------------------------------------
Start Final Netlist Cleanup
---------------------------------------------------------------------------------
---------------------------------------------------------------------------------
Finished Final Netlist Cleanup
---------------------------------------------------------------------------------
---------------------------------------------------------------------------------
Finished IO Insertion : Time (s): cpu = 00:00:52 ; elapsed = 00:00:53 . Memory (MB): peak = 3335.754 ; gain = 1773.586 ; free physical = 61801 ; free virtual = 152010
---------------------------------------------------------------------------------
---------------------------------------------------------------------------------
Start Renaming Generated Instances
---------------------------------------------------------------------------------
---------------------------------------------------------------------------------
Finished Renaming Generated Instances : Time (s): cpu = 00:00:52 ; elapsed = 00:00:53 . Memory (MB): peak = 3335.754 ; gain = 1773.586 ; free physical = 61800 ; free virtual = 152010
---------------------------------------------------------------------------------
---------------------------------------------------------------------------------
Start Rebuilding User Hierarchy
---------------------------------------------------------------------------------
---------------------------------------------------------------------------------
Finished Rebuilding User Hierarchy : Time (s): cpu = 00:00:53 ; elapsed = 00:00:54 . Memory (MB): peak = 3335.754 ; gain = 1773.586 ; free physical = 61790 ; free virtual = 152000
---------------------------------------------------------------------------------
---------------------------------------------------------------------------------
Start Renaming Generated Ports
---------------------------------------------------------------------------------
---------------------------------------------------------------------------------
Finished Renaming Generated Ports : Time (s): cpu = 00:00:53 ; elapsed = 00:00:54 . Memory (MB): peak = 3335.754 ; gain = 1773.586 ; free physical = 61790 ; free virtual = 152000
---------------------------------------------------------------------------------
---------------------------------------------------------------------------------
Start Handling Custom Attributes
---------------------------------------------------------------------------------
---------------------------------------------------------------------------------
Finished Handling Custom Attributes : Time (s): cpu = 00:00:54 ; elapsed = 00:00:54 . Memory (MB): peak = 3335.754 ; gain = 1773.586 ; free physical = 61790 ; free virtual = 152000
---------------------------------------------------------------------------------
---------------------------------------------------------------------------------
Start Renaming Generated Nets
---------------------------------------------------------------------------------
---------------------------------------------------------------------------------
Finished Renaming Generated Nets : Time (s): cpu = 00:00:54 ; elapsed = 00:00:54 . Memory (MB): peak = 3335.754 ; gain = 1773.586 ; free physical = 61790 ; free virtual = 152000
---------------------------------------------------------------------------------
---------------------------------------------------------------------------------
Start ROM, RAM, DSP, Shift Register and Retiming Reporting
---------------------------------------------------------------------------------

Static Shift Register Report:
+------------+-------------------------------------------------+--------+-------+--------------+--------------------+-------------------+--------+---------+
|Module Name | RTL Name                                        | Length | Width | Reset Signal | Pull out first Reg | Pull out last Reg | SRL16E | SRLC32E | 
+------------+-------------------------------------------------+--------+-------+--------------+--------------------+-------------------+--------+---------+
|MxuAccVpu   | mxu/mesh/r_56_0_reg[7]                          | 8      | 8     | NO           | NO                 | YES               | 8      | 0       | 
|MxuAccVpu   | mxu/mesh/r_48_0_reg[7]                          | 7      | 8     | NO           | NO                 | YES               | 8      | 0       | 
|MxuAccVpu   | mxu/mesh/r_40_0_reg[7]                          | 6      | 8     | NO           | NO                 | YES               | 8      | 0       | 
|MxuAccVpu   | mxu/mesh/r_32_0_reg[7]                          | 5      | 8     | NO           | NO                 | YES               | 8      | 0       | 
|MxuAccVpu   | mxu/mesh/r_24_0_reg[7]                          | 4      | 8     | NO           | NO                 | YES               | 8      | 0       | 
|MxuAccVpu   | mxu/mesh/r_16_0_reg[7]                          | 3      | 8     | NO           | NO                 | YES               | 8      | 0       | 
|MxuAccVpu   | mxu/out_matmul_id_RegShifted_0_0_reg[2]         | 16     | 3     | NO           | NO                 | YES               | 3      | 0       | 
|MxuAccVpu   | mxu/out_last_RegShifted_0_0_reg                 | 16     | 1     | NO           | NO                 | YES               | 1      | 0       | 
|MxuAccVpu   | mxu/RegShifted_3_1_0_reg[7]                     | 3      | 8     | NO           | NO                 | NO                | 8      | 0       | 
|MxuAccVpu   | mxu/RegShifted_4_1_0_reg[7]                     | 4      | 8     | NO           | NO                 | NO                | 8      | 0       | 
|MxuAccVpu   | mxu/RegShifted_5_1_0_reg[7]                     | 5      | 8     | NO           | NO                 | NO                | 8      | 0       | 
|MxuAccVpu   | mxu/RegShifted_6_1_0_reg[7]                     | 6      | 8     | NO           | NO                 | NO                | 8      | 0       | 
|MxuAccVpu   | mxu/RegShifted_7_1_0_reg[7]                     | 7      | 8     | NO           | NO                 | NO                | 8      | 0       | 
|MxuAccVpu   | mxu/RegShifted_3_2_0_reg[7]                     | 3      | 8     | NO           | NO                 | NO                | 8      | 0       | 
|MxuAccVpu   | mxu/RegShifted_4_2_0_reg[7]                     | 4      | 8     | NO           | NO                 | NO                | 8      | 0       | 
|MxuAccVpu   | mxu/RegShifted_5_2_0_reg[7]                     | 5      | 8     | NO           | NO                 | NO                | 8      | 0       | 
|MxuAccVpu   | mxu/RegShifted_6_2_0_reg[7]                     | 6      | 8     | NO           | NO                 | NO                | 8      | 0       | 
|MxuAccVpu   | mxu/RegShifted_7_2_0_reg[7]                     | 7      | 8     | NO           | NO                 | NO                | 8      | 0       | 
|MxuAccVpu   | accs_0/pipelined_writes_0_bits_data_0_0_reg[25] | 7      | 17    | NO           | NO                 | YES               | 17     | 0       | 
|MxuAccVpu   | accs_0/pipelined_writes_0_bits_data_0_0_reg[6]  | 8      | 7     | NO           | NO                 | YES               | 7      | 0       | 
|MxuAccVpu   | accs_0/pipelined_writes_0_bits_data_1_0_reg[25] | 6      | 17    | NO           | NO                 | YES               | 17     | 0       | 
|MxuAccVpu   | accs_0/pipelined_writes_0_bits_data_1_0_reg[6]  | 7      | 7     | NO           | NO                 | YES               | 7      | 0       | 
|MxuAccVpu   | accs_0/pipelined_writes_0_bits_data_2_0_reg[25] | 5      | 17    | NO           | NO                 | YES               | 17     | 0       | 
|MxuAccVpu   | accs_0/pipelined_writes_0_bits_data_2_0_reg[6]  | 6      | 7     | NO           | NO                 | YES               | 7      | 0       | 
|MxuAccVpu   | accs_0/pipelined_writes_0_bits_data_3_0_reg[25] | 4      | 17    | NO           | NO                 | YES               | 17     | 0       | 
|MxuAccVpu   | accs_0/pipelined_writes_0_bits_data_3_0_reg[6]  | 5      | 7     | NO           | NO                 | YES               | 7      | 0       | 
|MxuAccVpu   | accs_0/pipelined_writes_0_bits_data_4_0_reg[25] | 3      | 17    | NO           | NO                 | YES               | 17     | 0       | 
|MxuAccVpu   | accs_0/pipelined_writes_0_bits_data_4_0_reg[6]  | 4      | 7     | NO           | NO                 | YES               | 7      | 0       | 
|MxuAccVpu   | accs_0/pipelined_writes_0_bits_data_5_0_reg[6]  | 3      | 7     | NO           | NO                 | YES               | 7      | 0       | 
+------------+-------------------------------------------------+--------+-------+--------------+--------------------+-------------------+--------+---------+

---------------------------------------------------------------------------------
Finished ROM, RAM, DSP, Shift Register and Retiming Reporting
---------------------------------------------------------------------------------
---------------------------------------------------------------------------------
Start Writing Synthesis Report
---------------------------------------------------------------------------------

Report BlackBoxes: 
+-+--------------+----------+
| |BlackBox name |Instances |
+-+--------------+----------+
+-+--------------+----------+

Report Cell Usage: 
+------+---------+------+
|      |Cell     |Count |
+------+---------+------+
|1     |CARRY8   |   752|
|2     |LUT1     |    73|
|3     |LUT2     |  1872|
|4     |LUT3     |  2690|
|5     |LUT4     |  1960|
|6     |LUT5     |  1128|
|7     |LUT6     |  3604|
|8     |RAM32M   |     1|
|9     |RAM32M16 |    64|
|10    |SRL16E   |   259|
|11    |FDRE     |  5946|
|12    |FDSE     |   184|
+------+---------+------+

Report Instance Areas: 
+------+-------------------+--------------------+------+
|      |Instance           |Module              |Cells |
+------+-------------------+--------------------+------+
|1     |top                |                    | 18533|
|2     |  accs_0           |AccumulatorMem      |  2842|
|3     |    mem            |TwoPortSyncMem_259  |   688|
|4     |    q              |Queue_1_260         |  1489|
|5     |  accs_1           |AccumulatorMem_0    |   685|
|6     |    mem            |TwoPortSyncMem      |   161|
|7     |    q              |Queue_1             |   521|
|8     |  adders           |AccPipeShared       |   288|
|9     |    m              |AccPipe             |    36|
|10    |    m_1            |AccPipe_252         |    36|
|11    |    m_2            |AccPipe_253         |    36|
|12    |    m_3            |AccPipe_254         |    36|
|13    |    m_4            |AccPipe_255         |    36|
|14    |    m_5            |AccPipe_256         |    36|
|15    |    m_6            |AccPipe_257         |    36|
|16    |    m_7            |AccPipe_258         |    36|
|17    |  mxu              |MeshWithDelays      | 14637|
|18    |    mesh           |Mesh                | 12445|
|19    |      mesh_0_0     |Tile                |   148|
|20    |        tile_0_0   |PE_64_250           |   148|
|21    |          mac_unit |MacUnit_251         |   122|
|22    |      mesh_0_1     |Tile_64             |   148|
|23    |        tile_0_0   |PE_64_248           |   148|
|24    |          mac_unit |MacUnit_249         |   122|
|25    |      mesh_0_2     |Tile_65             |   148|
|26    |        tile_0_0   |PE_64_246           |   148|
|27    |          mac_unit |MacUnit_247         |   122|
|28    |      mesh_0_3     |Tile_66             |   148|
|29    |        tile_0_0   |PE_64_244           |   148|
|30    |          mac_unit |MacUnit_245         |   122|
|31    |      mesh_0_4     |Tile_67             |   148|
|32    |        tile_0_0   |PE_64_242           |   148|
|33    |          mac_unit |MacUnit_243         |   122|
|34    |      mesh_0_5     |Tile_68             |   148|
|35    |        tile_0_0   |PE_64_240           |   148|
|36    |          mac_unit |MacUnit_241         |   122|
|37    |      mesh_0_6     |Tile_69             |   148|
|38    |        tile_0_0   |PE_64_238           |   148|
|39    |          mac_unit |MacUnit_239         |   122|
|40    |      mesh_0_7     |Tile_70             |   148|
|41    |        tile_0_0   |PE_64_236           |   148|
|42    |          mac_unit |MacUnit_237         |   122|
|43    |      mesh_1_0     |Tile_71             |   148|
|44    |        tile_0_0   |PE_64_234           |   148|
|45    |          mac_unit |MacUnit_235         |   122|
|46    |      mesh_1_1     |Tile_72             |   148|
|47    |        tile_0_0   |PE_64_232           |   148|
|48    |          mac_unit |MacUnit_233         |   122|
|49    |      mesh_1_2     |Tile_73             |   148|
|50    |        tile_0_0   |PE_64_230           |   148|
|51    |          mac_unit |MacUnit_231         |   122|
|52    |      mesh_1_3     |Tile_74             |   148|
|53    |        tile_0_0   |PE_64_228           |   148|
|54    |          mac_unit |MacUnit_229         |   122|
|55    |      mesh_1_4     |Tile_75             |   148|
|56    |        tile_0_0   |PE_64_226           |   148|
|57    |          mac_unit |MacUnit_227         |   122|
|58    |      mesh_1_5     |Tile_76             |   148|
|59    |        tile_0_0   |PE_64_224           |   148|
|60    |          mac_unit |MacUnit_225         |   122|
|61    |      mesh_1_6     |Tile_77             |   148|
|62    |        tile_0_0   |PE_64_222           |   148|
|63    |          mac_unit |MacUnit_223         |   122|
|64    |      mesh_1_7     |Tile_78             |   148|
|65    |        tile_0_0   |PE_64_220           |   148|
|66    |          mac_unit |MacUnit_221         |   122|
|67    |      mesh_2_0     |Tile_79             |   148|
|68    |        tile_0_0   |PE_64_218           |   148|
|69    |          mac_unit |MacUnit_219         |   122|
|70    |      mesh_2_1     |Tile_80             |   148|
|71    |        tile_0_0   |PE_64_216           |   148|
|72    |          mac_unit |MacUnit_217         |   122|
|73    |      mesh_2_2     |Tile_81             |   148|
|74    |        tile_0_0   |PE_64_214           |   148|
|75    |          mac_unit |MacUnit_215         |   122|
|76    |      mesh_2_3     |Tile_82             |   148|
|77    |        tile_0_0   |PE_64_212           |   148|
|78    |          mac_unit |MacUnit_213         |   122|
|79    |      mesh_2_4     |Tile_83             |   148|
|80    |        tile_0_0   |PE_64_210           |   148|
|81    |          mac_unit |MacUnit_211         |   122|
|82    |      mesh_2_5     |Tile_84             |   148|
|83    |        tile_0_0   |PE_64_208           |   148|
|84    |          mac_unit |MacUnit_209         |   122|
|85    |      mesh_2_6     |Tile_85             |   148|
|86    |        tile_0_0   |PE_64_206           |   148|
|87    |          mac_unit |MacUnit_207         |   122|
|88    |      mesh_2_7     |Tile_86             |   148|
|89    |        tile_0_0   |PE_64_204           |   148|
|90    |          mac_unit |MacUnit_205         |   122|
|91    |      mesh_3_0     |Tile_87             |   148|
|92    |        tile_0_0   |PE_64_202           |   148|
|93    |          mac_unit |MacUnit_203         |   122|
|94    |      mesh_3_1     |Tile_88             |   148|
|95    |        tile_0_0   |PE_64_200           |   148|
|96    |          mac_unit |MacUnit_201         |   122|
|97    |      mesh_3_2     |Tile_89             |   148|
|98    |        tile_0_0   |PE_64_198           |   148|
|99    |          mac_unit |MacUnit_199         |   122|
|100   |      mesh_3_3     |Tile_90             |   148|
|101   |        tile_0_0   |PE_64_196           |   148|
|102   |          mac_unit |MacUnit_197         |   122|
|103   |      mesh_3_4     |Tile_91             |   148|
|104   |        tile_0_0   |PE_64_194           |   148|
|105   |          mac_unit |MacUnit_195         |   122|
|106   |      mesh_3_5     |Tile_92             |   148|
|107   |        tile_0_0   |PE_64_192           |   148|
|108   |          mac_unit |MacUnit_193         |   122|
|109   |      mesh_3_6     |Tile_93             |   148|
|110   |        tile_0_0   |PE_64_190           |   148|
|111   |          mac_unit |MacUnit_191         |   122|
|112   |      mesh_3_7     |Tile_94             |   148|
|113   |        tile_0_0   |PE_64_188           |   148|
|114   |          mac_unit |MacUnit_189         |   122|
|115   |      mesh_4_0     |Tile_95             |   148|
|116   |        tile_0_0   |PE_64_186           |   148|
|117   |          mac_unit |MacUnit_187         |   122|
|118   |      mesh_4_1     |Tile_96             |   148|
|119   |        tile_0_0   |PE_64_184           |   148|
|120   |          mac_unit |MacUnit_185         |   122|
|121   |      mesh_4_2     |Tile_97             |   148|
|122   |        tile_0_0   |PE_64_182           |   148|
|123   |          mac_unit |MacUnit_183         |   122|
|124   |      mesh_4_3     |Tile_98             |   148|
|125   |        tile_0_0   |PE_64_180           |   148|
|126   |          mac_unit |MacUnit_181         |   122|
|127   |      mesh_4_4     |Tile_99             |   148|
|128   |        tile_0_0   |PE_64_178           |   148|
|129   |          mac_unit |MacUnit_179         |   122|
|130   |      mesh_4_5     |Tile_100            |   148|
|131   |        tile_0_0   |PE_64_176           |   148|
|132   |          mac_unit |MacUnit_177         |   122|
|133   |      mesh_4_6     |Tile_101            |   148|
|134   |        tile_0_0   |PE_64_174           |   148|
|135   |          mac_unit |MacUnit_175         |   122|
|136   |      mesh_4_7     |Tile_102            |   148|
|137   |        tile_0_0   |PE_64_172           |   148|
|138   |          mac_unit |MacUnit_173         |   122|
|139   |      mesh_5_0     |Tile_103            |   148|
|140   |        tile_0_0   |PE_64_170           |   148|
|141   |          mac_unit |MacUnit_171         |   122|
|142   |      mesh_5_1     |Tile_104            |   148|
|143   |        tile_0_0   |PE_64_168           |   148|
|144   |          mac_unit |MacUnit_169         |   122|
|145   |      mesh_5_2     |Tile_105            |   148|
|146   |        tile_0_0   |PE_64_166           |   148|
|147   |          mac_unit |MacUnit_167         |   122|
|148   |      mesh_5_3     |Tile_106            |   148|
|149   |        tile_0_0   |PE_64_164           |   148|
|150   |          mac_unit |MacUnit_165         |   122|
|151   |      mesh_5_4     |Tile_107            |   148|
|152   |        tile_0_0   |PE_64_162           |   148|
|153   |          mac_unit |MacUnit_163         |   122|
|154   |      mesh_5_5     |Tile_108            |   148|
|155   |        tile_0_0   |PE_64_160           |   148|
|156   |          mac_unit |MacUnit_161         |   122|
|157   |      mesh_5_6     |Tile_109            |   148|
|158   |        tile_0_0   |PE_64_158           |   148|
|159   |          mac_unit |MacUnit_159         |   122|
|160   |      mesh_5_7     |Tile_110            |   148|
|161   |        tile_0_0   |PE_64_156           |   148|
|162   |          mac_unit |MacUnit_157         |   122|
|163   |      mesh_6_0     |Tile_111            |   148|
|164   |        tile_0_0   |PE_64_154           |   148|
|165   |          mac_unit |MacUnit_155         |   122|
|166   |      mesh_6_1     |Tile_112            |   148|
|167   |        tile_0_0   |PE_64_152           |   148|
|168   |          mac_unit |MacUnit_153         |   122|
|169   |      mesh_6_2     |Tile_113            |   148|
|170   |        tile_0_0   |PE_64_150           |   148|
|171   |          mac_unit |MacUnit_151         |   122|
|172   |      mesh_6_3     |Tile_114            |   148|
|173   |        tile_0_0   |PE_64_148           |   148|
|174   |          mac_unit |MacUnit_149         |   122|
|175   |      mesh_6_4     |Tile_115            |   148|
|176   |        tile_0_0   |PE_64_146           |   148|
|177   |          mac_unit |MacUnit_147         |   122|
|178   |      mesh_6_5     |Tile_116            |   148|
|179   |        tile_0_0   |PE_64_144           |   148|
|180   |          mac_unit |MacUnit_145         |   122|
|181   |      mesh_6_6     |Tile_117            |   148|
|182   |        tile_0_0   |PE_64_142           |   148|
|183   |          mac_unit |MacUnit_143         |   122|
|184   |      mesh_6_7     |Tile_118            |   148|
|185   |        tile_0_0   |PE_64_140           |   148|
|186   |          mac_unit |MacUnit_141         |   122|
|187   |      mesh_7_0     |Tile_56             |   148|
|188   |        tile_0_0   |PE_64_138           |   148|
|189   |          mac_unit |MacUnit_139         |   122|
|190   |      mesh_7_1     |Tile_56_119         |   148|
|191   |        tile_0_0   |PE_64_136           |   148|
|192   |          mac_unit |MacUnit_137         |   122|
|193   |      mesh_7_2     |Tile_56_120         |   148|
|194   |        tile_0_0   |PE_64_134           |   148|
|195   |          mac_unit |MacUnit_135         |   122|
|196   |      mesh_7_3     |Tile_56_121         |   148|
|197   |        tile_0_0   |PE_64_132           |   148|
|198   |          mac_unit |MacUnit_133         |   122|
|199   |      mesh_7_4     |Tile_56_122         |   148|
|200   |        tile_0_0   |PE_64_130           |   148|
|201   |          mac_unit |MacUnit_131         |   122|
|202   |      mesh_7_5     |Tile_56_123         |   148|
|203   |        tile_0_0   |PE_64_128           |   148|
|204   |          mac_unit |MacUnit_129         |   122|
|205   |      mesh_7_6     |Tile_56_124         |   148|
|206   |        tile_0_0   |PE_64_126           |   148|
|207   |          mac_unit |MacUnit_127         |   122|
|208   |      mesh_7_7     |Tile_56_125         |   148|
|209   |        tile_0_0   |PE_64               |   148|
|210   |          mac_unit |MacUnit             |   122|
|211   |    tagq           |TagQueue            |   170|
|212   |    total_rows_q   |Queue               |    25|
|213   |    transposer     |AlwaysOutTransposer |  1295|
|214   |      pes_0_0      |PE                  |    33|
|215   |      pes_0_1      |PE_1                |    32|
|216   |      pes_0_2      |PE_2                |    32|
|217   |      pes_0_3      |PE_3                |    32|
|218   |      pes_0_4      |PE_4                |    32|
|219   |      pes_0_5      |PE_5                |    32|
|220   |      pes_0_6      |PE_6                |    32|
|221   |      pes_0_7      |PE_7                |    40|
|222   |      pes_1_0      |PE_8                |    16|
|223   |      pes_1_1      |PE_9                |    16|
|224   |      pes_1_2      |PE_10               |    16|
|225   |      pes_1_3      |PE_11               |    16|
|226   |      pes_1_4      |PE_12               |    16|
|227   |      pes_1_5      |PE_13               |    16|
|228   |      pes_1_6      |PE_14               |    16|
|229   |      pes_1_7      |PE_15               |    24|
|230   |      pes_2_0      |PE_16               |    16|
|231   |      pes_2_1      |PE_17               |    16|
|232   |      pes_2_2      |PE_18               |    16|
|233   |      pes_2_3      |PE_19               |    16|
|234   |      pes_2_4      |PE_20               |    16|
|235   |      pes_2_5      |PE_21               |    16|
|236   |      pes_2_6      |PE_22               |    16|
|237   |      pes_2_7      |PE_23               |    24|
|238   |      pes_3_0      |PE_24               |    16|
|239   |      pes_3_1      |PE_25               |    16|
|240   |      pes_3_2      |PE_26               |    16|
|241   |      pes_3_3      |PE_27               |    16|
|242   |      pes_3_4      |PE_28               |    16|
|243   |      pes_3_5      |PE_29               |    16|
|244   |      pes_3_6      |PE_30               |    16|
|245   |      pes_3_7      |PE_31               |    24|
|246   |      pes_4_0      |PE_32               |    16|
|247   |      pes_4_1      |PE_33               |    16|
|248   |      pes_4_2      |PE_34               |    16|
|249   |      pes_4_3      |PE_35               |    16|
|250   |      pes_4_4      |PE_36               |    16|
|251   |      pes_4_5      |PE_37               |    16|
|252   |      pes_4_6      |PE_38               |    16|
|253   |      pes_4_7      |PE_39               |    24|
|254   |      pes_5_0      |PE_40               |    16|
|255   |      pes_5_1      |PE_41               |    16|
|256   |      pes_5_2      |PE_42               |    16|
|257   |      pes_5_3      |PE_43               |    16|
|258   |      pes_5_4      |PE_44               |    16|
|259   |      pes_5_5      |PE_45               |    16|
|260   |      pes_5_6      |PE_46               |    16|
|261   |      pes_5_7      |PE_47               |    24|
|262   |      pes_6_0      |PE_48               |    16|
|263   |      pes_6_1      |PE_49               |    16|
|264   |      pes_6_2      |PE_50               |    16|
|265   |      pes_6_3      |PE_51               |    16|
|266   |      pes_6_4      |PE_52               |    16|
|267   |      pes_6_5      |PE_53               |    16|
|268   |      pes_6_6      |PE_54               |    16|
|269   |      pes_6_7      |PE_55               |    24|
|270   |      pes_7_0      |PE_56               |    16|
|271   |      pes_7_1      |PE_57               |    24|
|272   |      pes_7_2      |PE_58               |    24|
|273   |      pes_7_3      |PE_59               |    24|
|274   |      pes_7_4      |PE_60               |    24|
|275   |      pes_7_5      |PE_61               |    24|
|276   |      pes_7_6      |PE_62               |    24|
|277   |      pes_7_7      |PE_63               |    32|
|278   |  vpu              |AccumulatorScale    |    65|
|279   |    pipe_out_p     |Pipeline            |    65|
+------+-------------------+--------------------+------+
---------------------------------------------------------------------------------
Finished Writing Synthesis Report : Time (s): cpu = 00:00:54 ; elapsed = 00:00:54 . Memory (MB): peak = 3335.754 ; gain = 1773.586 ; free physical = 61790 ; free virtual = 152000
---------------------------------------------------------------------------------
Synthesis finished with 0 errors, 0 critical warnings and 802 warnings.
Synthesis Optimization Runtime : Time (s): cpu = 00:00:54 ; elapsed = 00:00:54 . Memory (MB): peak = 3335.754 ; gain = 1773.586 ; free physical = 61790 ; free virtual = 152000
Synthesis Optimization Complete : Time (s): cpu = 00:00:54 ; elapsed = 00:00:54 . Memory (MB): peak = 3335.762 ; gain = 1773.586 ; free physical = 61790 ; free virtual = 152000
INFO: [Project 1-571] Translating synthesized netlist
Netlist sorting complete. Time (s): cpu = 00:00:00.22 ; elapsed = 00:00:00.22 . Memory (MB): peak = 3343.754 ; gain = 0.000 ; free physical = 60505 ; free virtual = 150675
INFO: [Netlist 29-17] Analyzing 817 Unisim elements for replacement
INFO: [Netlist 29-28] Unisim Transformation completed in 0 CPU seconds
INFO: [Project 1-570] Preparing netlist for logic optimization
INFO: [Opt 31-138] Pushed 0 inverter(s) to 0 load pin(s).
Netlist sorting complete. Time (s): cpu = 00:00:00 ; elapsed = 00:00:00 . Memory (MB): peak = 3463.281 ; gain = 0.000 ; free physical = 60153 ; free virtual = 150324
INFO: [Project 1-111] Unisim Transformation Summary:
  A total of 65 instances were transformed.
  RAM32M => RAM32M (RAMD32(x6), RAMS32(x2)): 1 instance 
  RAM32M16 => RAM32M16 (RAMD32(x14), RAMS32(x2)): 64 instances

Synth Design complete | Checksum: 39c76324
INFO: [Common 17-83] Releasing license: Synthesis
153 Infos, 312 Warnings, 0 Critical Warnings and 0 Errors encountered.
synth_design completed successfully
synth_design: Time (s): cpu = 00:01:05 ; elapsed = 00:01:22 . Memory (MB): peak = 3463.316 ; gain = 1907.102 ; free physical = 60021 ; free virtual = 150197
INFO: [Common 17-2834] synth_design peak Physical Memory [PSS] (MB): overall = 2663.291; main = 2388.766; forked = 345.725
INFO: [Common 17-2834] synth_design peak Virtual Memory [VSS] (MB): overall = 4949.066; main = 3463.285; forked = 1613.309
# create_clock -period 3.333 -name clk [get_ports clock]
create_clock: Time (s): cpu = 00:00:05 ; elapsed = 00:00:05 . Memory (MB): peak = 3463.316 ; gain = 0.000 ; free physical = 59346 ; free virtual = 149594
# opt_design
Command: opt_design
Attempting to get a license for feature 'Implementation' and/or device 'xcu280'
INFO: [Common 17-349] Got license for feature 'Implementation' and/or device 'xcu280'
Running DRC as a precondition to command opt_design

Starting DRC Task
INFO: [DRC 23-27] Running DRC with 8 threads
INFO: [Project 1-461] DRC finished with 0 Errors
INFO: [Project 1-462] Please refer to the DRC report (report_drc) for more information.

Time (s): cpu = 00:00:03 ; elapsed = 00:00:01 . Memory (MB): peak = 3527.312 ; gain = 63.996 ; free physical = 59155 ; free virtual = 149441

Starting Cache Timing Information Task
INFO: [Timing 38-35] Done setting XDC timing constraints.
Ending Cache Timing Information Task | Checksum: 7f03e912

Time (s): cpu = 00:00:03 ; elapsed = 00:00:02 . Memory (MB): peak = 3629.812 ; gain = 102.500 ; free physical = 58513 ; free virtual = 148801

Starting Logic Optimization Task

Phase 1 Initialization

Phase 1.1 Core Generation And Design Setup
Phase 1.1 Core Generation And Design Setup | Checksum: 7f03e912

Time (s): cpu = 00:00:00.01 ; elapsed = 00:00:00 . Memory (MB): peak = 3881.719 ; gain = 0.000 ; free physical = 57317 ; free virtual = 147605

Phase 1.2 Setup Constraints And Sort Netlist
Phase 1.2 Setup Constraints And Sort Netlist | Checksum: 7f03e912

Time (s): cpu = 00:00:00.02 ; elapsed = 00:00:00.01 . Memory (MB): peak = 3881.719 ; gain = 0.000 ; free physical = 57313 ; free virtual = 147601
Phase 1 Initialization | Checksum: 7f03e912

Time (s): cpu = 00:00:00.02 ; elapsed = 00:00:00.02 . Memory (MB): peak = 3881.719 ; gain = 0.000 ; free physical = 57312 ; free virtual = 147600

Phase 2 Timer Update And Timing Data Collection

Phase 2.1 Timer Update
Phase 2.1 Timer Update | Checksum: 7f03e912

Time (s): cpu = 00:00:00.92 ; elapsed = 00:00:00.27 . Memory (MB): peak = 3881.719 ; gain = 0.000 ; free physical = 57229 ; free virtual = 147517

Phase 2.2 Timing Data Collection
Phase 2.2 Timing Data Collection | Checksum: 7f03e912

Time (s): cpu = 00:00:00.96 ; elapsed = 00:00:00.31 . Memory (MB): peak = 3881.719 ; gain = 0.000 ; free physical = 57213 ; free virtual = 147501
Phase 2 Timer Update And Timing Data Collection | Checksum: 7f03e912

Time (s): cpu = 00:00:00.96 ; elapsed = 00:00:00.31 . Memory (MB): peak = 3881.719 ; gain = 0.000 ; free physical = 57212 ; free virtual = 147500

Phase 3 Retarget
INFO: [Opt 31-1566] Pulled 1 inverters resulting in an inversion of 13 pins
INFO: [Opt 31-138] Pushed 0 inverter(s) to 0 load pin(s).
INFO: [Opt 31-49] Retargeted 0 cell(s).
Phase 3 Retarget | Checksum: 94715884

Time (s): cpu = 00:00:01 ; elapsed = 00:00:00.64 . Memory (MB): peak = 3881.719 ; gain = 0.000 ; free physical = 57091 ; free virtual = 147379
Retarget | Checksum: 94715884
INFO: [Opt 31-389] Phase Retarget created 0 cells and removed 1 cells

Phase 4 Constant propagation
INFO: [Opt 31-138] Pushed 0 inverter(s) to 0 load pin(s).
Phase 4 Constant propagation | Checksum: 9e7afd21

Time (s): cpu = 00:00:02 ; elapsed = 00:00:00.82 . Memory (MB): peak = 3881.719 ; gain = 0.000 ; free physical = 57035 ; free virtual = 147323
Constant propagation | Checksum: 9e7afd21
INFO: [Opt 31-389] Phase Constant propagation created 0 cells and removed 0 cells

Phase 5 Sweep
Phase 5 Sweep | Checksum: f776058b

Time (s): cpu = 00:00:02 ; elapsed = 00:00:01 . Memory (MB): peak = 3881.719 ; gain = 0.000 ; free physical = 56934 ; free virtual = 147222
Sweep | Checksum: f776058b
INFO: [Opt 31-389] Phase Sweep created 0 cells and removed 0 cells

Phase 6 BUFG optimization
INFO: [Opt 31-1077] Phase BUFG optimization inserted 0 global clock buffer(s) for CLOCK_LOW_FANOUT.
Phase 6 BUFG optimization | Checksum: f776058b

Time (s): cpu = 00:00:02 ; elapsed = 00:00:01 . Memory (MB): peak = 3913.734 ; gain = 32.016 ; free physical = 56910 ; free virtual = 147198
BUFG optimization | Checksum: f776058b
INFO: [Opt 31-662] Phase BUFG optimization created 0 cells of which 0 are BUFGs and removed 0 cells.

Phase 7 Shift Register Optimization
INFO: [Opt 31-1064] SRL Remap converted 0 SRLs to 0 registers and converted 0 registers of register chains to 0 SRLs
Phase 7 Shift Register Optimization | Checksum: f776058b

Time (s): cpu = 00:00:02 ; elapsed = 00:00:01 . Memory (MB): peak = 3913.734 ; gain = 32.016 ; free physical = 56899 ; free virtual = 147187
Shift Register Optimization | Checksum: f776058b
INFO: [Opt 31-389] Phase Shift Register Optimization created 0 cells and removed 0 cells

Phase 8 Post Processing Netlist
Phase 8 Post Processing Netlist | Checksum: f776058b

Time (s): cpu = 00:00:02 ; elapsed = 00:00:01 . Memory (MB): peak = 3913.734 ; gain = 32.016 ; free physical = 56875 ; free virtual = 147163
Post Processing Netlist | Checksum: f776058b
INFO: [Opt 31-389] Phase Post Processing Netlist created 0 cells and removed 0 cells

Phase 9 Finalization

Phase 9.1 Finalizing Design Cores and Updating Shapes
Phase 9.1 Finalizing Design Cores and Updating Shapes | Checksum: 93d1ffee

Time (s): cpu = 00:00:03 ; elapsed = 00:00:02 . Memory (MB): peak = 3913.734 ; gain = 32.016 ; free physical = 56673 ; free virtual = 146961

Phase 9.2 Verifying Netlist Connectivity

Starting Connectivity Check Task

Time (s): cpu = 00:00:00.04 ; elapsed = 00:00:00.04 . Memory (MB): peak = 3913.734 ; gain = 0.000 ; free physical = 56658 ; free virtual = 146946
Phase 9.2 Verifying Netlist Connectivity | Checksum: 93d1ffee

Time (s): cpu = 00:00:03 ; elapsed = 00:00:02 . Memory (MB): peak = 3913.734 ; gain = 32.016 ; free physical = 56657 ; free virtual = 146945
Phase 9 Finalization | Checksum: 93d1ffee

Time (s): cpu = 00:00:03 ; elapsed = 00:00:02 . Memory (MB): peak = 3913.734 ; gain = 32.016 ; free physical = 56656 ; free virtual = 146944
Opt_design Change Summary
=========================


-------------------------------------------------------------------------------------------------------------------------
|  Phase                        |  #Cells created  |  #Cells Removed  |  #Constrained objects preventing optimizations  |
-------------------------------------------------------------------------------------------------------------------------
|  Retarget                     |               0  |               1  |                                              0  |
|  Constant propagation         |               0  |               0  |                                              0  |
|  Sweep                        |               0  |               0  |                                              0  |
|  BUFG optimization            |               0  |               0  |                                              0  |
|  Shift Register Optimization  |               0  |               0  |                                              0  |
|  Post Processing Netlist      |               0  |               0  |                                              0  |
-------------------------------------------------------------------------------------------------------------------------


Ending Logic Optimization Task | Checksum: 93d1ffee

Time (s): cpu = 00:00:03 ; elapsed = 00:00:02 . Memory (MB): peak = 3913.734 ; gain = 32.016 ; free physical = 56655 ; free virtual = 146943
INFO: [Constraints 18-11670] Building netlist checker database with flags, 0x8
Done building netlist checker database: Time (s): cpu = 00:00:00.01 ; elapsed = 00:00:00.01 . Memory (MB): peak = 3913.734 ; gain = 0.000 ; free physical = 56645 ; free virtual = 146933

Starting Power Optimization Task
INFO: [Pwropt 34-132] Skipping clock gating for clocks with a period < 2.00 ns.
Ending Power Optimization Task | Checksum: 93d1ffee

Time (s): cpu = 00:00:00.02 ; elapsed = 00:00:00.01 . Memory (MB): peak = 3913.734 ; gain = 0.000 ; free physical = 56602 ; free virtual = 146890

Starting Final Cleanup Task
Ending Final Cleanup Task | Checksum: 93d1ffee

Time (s): cpu = 00:00:00 ; elapsed = 00:00:00.01 . Memory (MB): peak = 3913.734 ; gain = 0.000 ; free physical = 56601 ; free virtual = 146889

Starting Netlist Obfuscation Task
Netlist sorting complete. Time (s): cpu = 00:00:00 ; elapsed = 00:00:00 . Memory (MB): peak = 3913.734 ; gain = 0.000 ; free physical = 56600 ; free virtual = 146888
Ending Netlist Obfuscation Task | Checksum: 93d1ffee

Time (s): cpu = 00:00:00 ; elapsed = 00:00:00 . Memory (MB): peak = 3913.734 ; gain = 0.000 ; free physical = 56599 ; free virtual = 146887
INFO: [Common 17-83] Releasing license: Implementation
20 Infos, 0 Warnings, 0 Critical Warnings and 0 Errors encountered.
opt_design completed successfully
opt_design: Time (s): cpu = 00:00:11 ; elapsed = 00:00:08 . Memory (MB): peak = 3913.734 ; gain = 450.418 ; free physical = 56598 ; free virtual = 146886
# place_design
Command: place_design
Attempting to get a license for feature 'Implementation' and/or device 'xcu280'
INFO: [Common 17-349] Got license for feature 'Implementation' and/or device 'xcu280'
INFO: [Common 17-83] Releasing license: Implementation
INFO: [DRC 23-27] Running DRC with 8 threads
INFO: [Vivado_Tcl 4-198] DRC finished with 0 Errors
INFO: [Vivado_Tcl 4-199] Please refer to the DRC report (report_drc) for more information.
Running DRC as a precondition to command place_design
INFO: [DRC 23-27] Running DRC with 8 threads
INFO: [Vivado_Tcl 4-198] DRC finished with 0 Errors
INFO: [Vivado_Tcl 4-199] Please refer to the DRC report (report_drc) for more information.
INFO: [Place 30-611] Multithreading enabled for place_design using a maximum of 8 CPUs

Starting Placer Task

Phase 1 Placer Initialization

Phase 1.1 Placer Initialization Netlist Sorting
Netlist sorting complete. Time (s): cpu = 00:00:00 ; elapsed = 00:00:00 . Memory (MB): peak = 3945.750 ; gain = 0.000 ; free physical = 55922 ; free virtual = 146210
Phase 1.1 Placer Initialization Netlist Sorting | Checksum: 7796b435

Time (s): cpu = 00:00:00.01 ; elapsed = 00:00:00.01 . Memory (MB): peak = 3945.750 ; gain = 0.000 ; free physical = 55922 ; free virtual = 146210
Netlist sorting complete. Time (s): cpu = 00:00:00 ; elapsed = 00:00:00 . Memory (MB): peak = 3945.750 ; gain = 0.000 ; free physical = 55920 ; free virtual = 146208

Phase 1.2 IO Placement/ Clock Placement/ Build Placer Device
INFO: [Timing 38-35] Done setting XDC timing constraints.
Phase 1.2 IO Placement/ Clock Placement/ Build Placer Device | Checksum: 8a8da77f

Time (s): cpu = 00:00:36 ; elapsed = 00:00:35 . Memory (MB): peak = 4709.039 ; gain = 763.289 ; free physical = 53927 ; free virtual = 144241

Phase 1.3 Build Placer Netlist Model
Phase 1.3 Build Placer Netlist Model | Checksum: b735466e

Time (s): cpu = 00:00:48 ; elapsed = 00:00:42 . Memory (MB): peak = 5088.355 ; gain = 1142.605 ; free physical = 53604 ; free virtual = 143923

Phase 1.4 Constrain Clocks/Macros
Phase 1.4 Constrain Clocks/Macros | Checksum: b735466e

Time (s): cpu = 00:00:48 ; elapsed = 00:00:42 . Memory (MB): peak = 5088.355 ; gain = 1142.605 ; free physical = 53604 ; free virtual = 143923
Phase 1 Placer Initialization | Checksum: b735466e

Time (s): cpu = 00:00:48 ; elapsed = 00:00:42 . Memory (MB): peak = 5088.355 ; gain = 1142.605 ; free physical = 53604 ; free virtual = 143923

Phase 2 Global Placement

Phase 2.1 Floorplanning

Phase 2.1.1 Partition Driven Placement

Phase 2.1.1.1 PBP: Partition Driven Placement
Phase 2.1.1.1 PBP: Partition Driven Placement | Checksum: 9ee46c03

Time (s): cpu = 00:00:55 ; elapsed = 00:00:45 . Memory (MB): peak = 5088.355 ; gain = 1142.605 ; free physical = 53587 ; free virtual = 143908

Phase 2.1.1.2 PBP: Clock Region Placement
INFO: [Place 30-3164] Check ILP status : ILP-based clock placer is skipped.
Phase 2.1.1.2 PBP: Clock Region Placement | Checksum: 9ee46c03

Time (s): cpu = 00:00:55 ; elapsed = 00:00:46 . Memory (MB): peak = 5088.355 ; gain = 1142.605 ; free physical = 53442 ; free virtual = 143763

Phase 2.1.1.3 PBP: Compute Congestion
Phase 2.1.1.3 PBP: Compute Congestion | Checksum: 9ee46c03

Time (s): cpu = 00:01:28 ; elapsed = 00:00:56 . Memory (MB): peak = 5557.340 ; gain = 1611.590 ; free physical = 52487 ; free virtual = 142792

Phase 2.1.1.4 PBP: UpdateTiming
Phase 2.1.1.4 PBP: UpdateTiming | Checksum: 1305cdd5c

Time (s): cpu = 00:01:29 ; elapsed = 00:00:56 . Memory (MB): peak = 5589.355 ; gain = 1643.605 ; free physical = 52455 ; free virtual = 142761

Phase 2.1.1.5 PBP: Add part constraints
Phase 2.1.1.5 PBP: Add part constraints | Checksum: 1305cdd5c

Time (s): cpu = 00:01:29 ; elapsed = 00:00:56 . Memory (MB): peak = 5589.355 ; gain = 1643.605 ; free physical = 52455 ; free virtual = 142761
Phase 2.1.1 Partition Driven Placement | Checksum: 1305cdd5c

Time (s): cpu = 00:01:29 ; elapsed = 00:00:56 . Memory (MB): peak = 5589.355 ; gain = 1643.605 ; free physical = 52453 ; free virtual = 142759
Phase 2.1 Floorplanning | Checksum: c99799be

Time (s): cpu = 00:01:29 ; elapsed = 00:00:56 . Memory (MB): peak = 5589.355 ; gain = 1643.605 ; free physical = 52452 ; free virtual = 142758

Phase 2.2 Physical Synthesis After Floorplan
INFO: [Physopt 32-775] End 1 Pass. Optimized 0 net or cell. Created 0 new cell, deleted 0 existing cell and moved 0 existing cell
Netlist sorting complete. Time (s): cpu = 00:00:00 ; elapsed = 00:00:00 . Memory (MB): peak = 5589.355 ; gain = 0.000 ; free physical = 52429 ; free virtual = 142736

Summary of Physical Synthesis Optimizations
============================================


-----------------------------------------------------------------------------------------------------------------------------------------------
|  Optimization                         |  Added Cells  |  Removed Cells  |  Optimized Cells/Nets  |  Dont Touch  |  Iterations  |  Elapsed   |
-----------------------------------------------------------------------------------------------------------------------------------------------
|  PSIP Post Floorplan SLR Replication  |            0  |              0  |                     0  |           0  |           1  |  00:00:00  |
|  Total                                |            0  |              0  |                     0  |           0  |           1  |  00:00:00  |
-----------------------------------------------------------------------------------------------------------------------------------------------


Phase 2.2 Physical Synthesis After Floorplan | Checksum: c99799be

Time (s): cpu = 00:01:29 ; elapsed = 00:00:57 . Memory (MB): peak = 5589.355 ; gain = 1643.605 ; free physical = 52429 ; free virtual = 142735

Phase 2.3 Update Timing before SLR Path Opt
Phase 2.3 Update Timing before SLR Path Opt | Checksum: c99799be

Time (s): cpu = 00:01:29 ; elapsed = 00:00:57 . Memory (MB): peak = 5589.355 ; gain = 1643.605 ; free physical = 52428 ; free virtual = 142734

Phase 2.4 Post-Processing in Floorplanning
Phase 2.4 Post-Processing in Floorplanning | Checksum: 108f4ea4e

Time (s): cpu = 00:01:30 ; elapsed = 00:00:57 . Memory (MB): peak = 5589.355 ; gain = 1643.605 ; free physical = 52423 ; free virtual = 142729

Phase 2.5 Global Placement Core

Phase 2.5.1 UpdateTiming Before Physical Synthesis
Phase 2.5.1 UpdateTiming Before Physical Synthesis | Checksum: 10e3791dd

Time (s): cpu = 00:03:03 ; elapsed = 00:01:34 . Memory (MB): peak = 6175.398 ; gain = 2229.648 ; free physical = 51707 ; free virtual = 142088

Phase 2.5.2 Physical Synthesis In Placer
INFO: [Physopt 32-1035] Found 96 LUTNM shape to break, 464 LUT instances to create LUTNM shape
INFO: [Physopt 32-1044] Break lutnm for timing: one critical 57, two critical 39, total 96, new lutff created 0
INFO: [Physopt 32-1138] End 1 Pass. Optimized 236 nets or LUTs. Breaked 96 LUTs, combined 140 existing LUTs and moved 0 existing LUT
INFO: [Physopt 32-1030] Pass 1. Identified 8 candidate driver sets for equivalent driver rewiring.
INFO: [Physopt 32-661] Optimized 5 nets.  Re-placed 19 instances.
INFO: [Physopt 32-775] End 1 Pass. Optimized 5 nets or cells. Created 0 new cell, deleted 0 existing cell and moved 19 existing cells
Netlist sorting complete. Time (s): cpu = 00:00:00.03 ; elapsed = 00:00:00.03 . Memory (MB): peak = 6175.398 ; gain = 0.000 ; free physical = 51690 ; free virtual = 142071
INFO: [Physopt 32-1132] Very high fanout net 'accs_0/pipelined_writes_1_bits_addr_reg[3]_1[0]' is not considered as a candidate in VHFN optimzation. The fanout considered for this optimization is changed from 1026 to 67 due to a timing constraint that prevent optimization on all of the loads. To force replication, set the FORCE_MAX_FANOUT property on the net to a number less than 67.
INFO: [Physopt 32-1132] Very high fanout net 'accs_0/pipelined_writes_1_bits_addr_reg[3]_1[1]' is not considered as a candidate in VHFN optimzation. The fanout considered for this optimization is changed from 1026 to 67 due to a timing constraint that prevent optimization on all of the loads. To force replication, set the FORCE_MAX_FANOUT property on the net to a number less than 67.
INFO: [Physopt 32-1132] Very high fanout net 'accs_0/pipelined_writes_1_bits_addr_reg[3]_1[2]' is not considered as a candidate in VHFN optimzation. The fanout considered for this optimization is changed from 1026 to 67 due to a timing constraint that prevent optimization on all of the loads. To force replication, set the FORCE_MAX_FANOUT property on the net to a number less than 67.
INFO: [Physopt 32-1132] Very high fanout net 'accs_0/pipelined_writes_1_bits_addr_reg[3]_1[3]' is not considered as a candidate in VHFN optimzation. The fanout considered for this optimization is changed from 1027 to 68 due to a timing constraint that prevent optimization on all of the loads. To force replication, set the FORCE_MAX_FANOUT property on the net to a number less than 68.
INFO: [Physopt 32-65] No nets found for high-fanout optimization.
INFO: [Physopt 32-232] Optimized 0 net. Created 0 new instance.
INFO: [Physopt 32-775] End 1 Pass. Optimized 0 net or cell. Created 0 new cell, deleted 0 existing cell and moved 0 existing cell
INFO: [Physopt 32-456] No candidate cells for DSP register optimization found in the design.
INFO: [Physopt 32-775] End 2 Pass. Optimized 0 net or cell. Created 0 new cell, deleted 0 existing cell and moved 0 existing cell
INFO: [Physopt 32-1123] No candidate cells found for Shift Register to Pipeline optimization
INFO: [Physopt 32-775] End 2 Pass. Optimized 0 net or cell. Created 0 new cell, deleted 0 existing cell and moved 0 existing cell
INFO: [Physopt 32-1401] No candidate cells found for Shift Register optimization.
INFO: [Physopt 32-677] No candidate cells for Shift Register optimization found in the design
INFO: [Physopt 32-775] End 1 Pass. Optimized 0 net or cell. Created 0 new cell, deleted 0 existing cell and moved 0 existing cell
INFO: [Physopt 32-526] No candidate cells for BRAM register optimization found in the design
INFO: [Physopt 32-775] End 1 Pass. Optimized 0 net or cell. Created 0 new cell, deleted 0 existing cell and moved 0 existing cell
INFO: [Physopt 32-846] No candidate cells for URAM register optimization found in the design
INFO: [Physopt 32-775] End 1 Pass. Optimized 0 net or cell. Created 0 new cell, deleted 0 existing cell and moved 0 existing cell
INFO: [Physopt 32-846] No candidate cells for URAM register optimization found in the design
INFO: [Physopt 32-775] End 1 Pass. Optimized 0 net or cell. Created 0 new cell, deleted 0 existing cell and moved 0 existing cell
INFO: [Physopt 32-949] No candidate nets found for dynamic/static region interface net replication
INFO: [Physopt 32-775] End 1 Pass. Optimized 0 net or cell. Created 0 new cell, deleted 0 existing cell and moved 0 existing cell
Netlist sorting complete. Time (s): cpu = 00:00:00.01 ; elapsed = 00:00:00 . Memory (MB): peak = 6175.398 ; gain = 0.000 ; free physical = 51690 ; free virtual = 142071

Summary of Physical Synthesis Optimizations
============================================


-----------------------------------------------------------------------------------------------------------------------------------------------------------
|  Optimization                                     |  Added Cells  |  Removed Cells  |  Optimized Cells/Nets  |  Dont Touch  |  Iterations  |  Elapsed   |
-----------------------------------------------------------------------------------------------------------------------------------------------------------
|  LUT Combining                                    |           96  |            140  |                   236  |           0  |           1  |  00:00:00  |
|  Retime                                           |            0  |              0  |                     0  |           0  |           1  |  00:00:00  |
|  Equivalent Driver Rewiring                       |            0  |              0  |                     5  |           0  |           1  |  00:00:00  |
|  Very High Fanout                                 |            0  |              0  |                     0  |           0  |           1  |  00:00:00  |
|  DSP Register                                     |            0  |              0  |                     0  |           0  |           1  |  00:00:00  |
|  Shift Register to Pipeline                       |            0  |              0  |                     0  |           0  |           1  |  00:00:00  |
|  Shift Register                                   |            0  |              0  |                     0  |           0  |           1  |  00:00:00  |
|  BRAM Register                                    |            0  |              0  |                     0  |           0  |           1  |  00:00:00  |
|  URAM Register                                    |            0  |              0  |                     0  |           0  |           1  |  00:00:00  |
|  Dynamic/Static Region Interface Net Replication  |            0  |              0  |                     0  |           0  |           1  |  00:00:00  |
|  Total                                            |           96  |            140  |                   241  |           0  |          10  |  00:00:01  |
-----------------------------------------------------------------------------------------------------------------------------------------------------------


Phase 2.5.2 Physical Synthesis In Placer | Checksum: f85eb2cb

Time (s): cpu = 00:03:06 ; elapsed = 00:01:36 . Memory (MB): peak = 6175.398 ; gain = 2229.648 ; free physical = 51701 ; free virtual = 142082
Phase 2.5 Global Placement Core | Checksum: 160612110

Time (s): cpu = 00:04:20 ; elapsed = 00:02:00 . Memory (MB): peak = 6175.398 ; gain = 2229.648 ; free physical = 46068 ; free virtual = 136452
Phase 2 Global Placement | Checksum: 160612110

Time (s): cpu = 00:04:20 ; elapsed = 00:02:00 . Memory (MB): peak = 6175.398 ; gain = 2229.648 ; free physical = 46068 ; free virtual = 136452

Phase 3 Detail Placement

Phase 3.1 Commit Multi Column Macros
Phase 3.1 Commit Multi Column Macros | Checksum: 1724807c4

Time (s): cpu = 00:04:56 ; elapsed = 00:02:12 . Memory (MB): peak = 6175.398 ; gain = 2229.648 ; free physical = 46030 ; free virtual = 136415

Phase 3.2 Commit Most Macros & LUTRAMs
Phase 3.2 Commit Most Macros & LUTRAMs | Checksum: 15ad293a6

Time (s): cpu = 00:05:01 ; elapsed = 00:02:14 . Memory (MB): peak = 6175.398 ; gain = 2229.648 ; free physical = 46035 ; free virtual = 136420

Phase 3.3 Small Shape DP

Phase 3.3.1 Small Shape Clustering
Phase 3.3.1 Small Shape Clustering | Checksum: 2245615e5

Time (s): cpu = 00:05:41 ; elapsed = 00:02:28 . Memory (MB): peak = 6175.398 ; gain = 2229.648 ; free physical = 44357 ; free virtual = 134745

Phase 3.3.2 Slice Area Swap

Phase 3.3.2.1 Slice Area Swap Initial
Phase 3.3.2.1 Slice Area Swap Initial | Checksum: 1c3f9eea9

Time (s): cpu = 00:05:43 ; elapsed = 00:02:29 . Memory (MB): peak = 6175.398 ; gain = 2229.648 ; free physical = 44457 ; free virtual = 134846
Phase 3.3.2 Slice Area Swap | Checksum: 169eb4d6f

Time (s): cpu = 00:05:44 ; elapsed = 00:02:31 . Memory (MB): peak = 6175.398 ; gain = 2229.648 ; free physical = 44223 ; free virtual = 134613
Phase 3.3 Small Shape DP | Checksum: 1f06fd00b

Time (s): cpu = 00:05:48 ; elapsed = 00:02:32 . Memory (MB): peak = 6175.398 ; gain = 2229.648 ; free physical = 43931 ; free virtual = 134322

Phase 3.4 Re-assign LUT pins
Phase 3.4 Re-assign LUT pins | Checksum: 1f153f2d1

Time (s): cpu = 00:05:49 ; elapsed = 00:02:33 . Memory (MB): peak = 6175.398 ; gain = 2229.648 ; free physical = 43783 ; free virtual = 134174

Phase 3.5 Pipeline Register Optimization
Phase 3.5 Pipeline Register Optimization | Checksum: 17bef0c9f

Time (s): cpu = 00:05:49 ; elapsed = 00:02:33 . Memory (MB): peak = 6175.398 ; gain = 2229.648 ; free physical = 43750 ; free virtual = 134141
Phase 3 Detail Placement | Checksum: 17bef0c9f

Time (s): cpu = 00:05:49 ; elapsed = 00:02:34 . Memory (MB): peak = 6175.398 ; gain = 2229.648 ; free physical = 43738 ; free virtual = 134130

Phase 4 Post Placement Optimization and Clean-Up

Phase 4.1 Post Commit Optimization
INFO: [Timing 38-35] Done setting XDC timing constraints.

Phase 4.1.1 Post Placement Optimization
Post Placement Optimization Initialization | Checksum: 21002fe04

Phase 4.1.1.1 BUFG Insertion

Starting Physical Synthesis Task

Phase 1 Physical Synthesis Initialization
INFO: [Physopt 32-721] Multithreading enabled for phys_opt_design using a maximum of 8 CPUs
INFO: [Physopt 32-619] Estimated Timing Summary | WNS=0.273 | TNS=0.000 |
Phase 1 Physical Synthesis Initialization | Checksum: 2015c75ec

Time (s): cpu = 00:00:00.82 ; elapsed = 00:00:00.35 . Memory (MB): peak = 6175.398 ; gain = 0.000 ; free physical = 42606 ; free virtual = 133006
INFO: [Place 46-56] BUFG insertion identified 0 candidate nets. Inserted BUFG: 0, Replicated BUFG Driver: 0, Skipped due to Placement/Routing Conflicts: 0, Skipped due to Timing Degradation: 0, Skipped due to netlist editing failed: 0.
Ending Physical Synthesis Task | Checksum: 2015c75ec

Time (s): cpu = 00:00:02 ; elapsed = 00:00:00.82 . Memory (MB): peak = 6175.398 ; gain = 0.000 ; free physical = 42605 ; free virtual = 133005
Phase 4.1.1.1 BUFG Insertion | Checksum: 21002fe04

Time (s): cpu = 00:06:32 ; elapsed = 00:02:48 . Memory (MB): peak = 6175.398 ; gain = 2229.648 ; free physical = 42605 ; free virtual = 133005

Phase 4.1.1.2 BUFG Replication
INFO: [Place 46-63] BUFG replication identified 0 candidate nets: Replicated nets: 0, Replicated BUFGs: 0, Replicated BUFG Driver: 0, moved BUFGs: 0, Skipped due to Placement / Routing Conflict: 0, Skipped due to Timing: 0, Skipped due to constraints: 0
Phase 4.1.1.2 BUFG Replication | Checksum: 21002fe04

Time (s): cpu = 00:06:32 ; elapsed = 00:02:48 . Memory (MB): peak = 6175.398 ; gain = 2229.648 ; free physical = 42611 ; free virtual = 133011

Phase 4.1.1.3 Post Placement Timing Optimization
INFO: [Place 30-746] Post Placement Timing Summary WNS=0.504. For the most accurate timing information please run report_timing.
Phase 4.1.1.3 Post Placement Timing Optimization | Checksum: 2520f1613

Time (s): cpu = 00:06:43 ; elapsed = 00:02:59 . Memory (MB): peak = 6175.398 ; gain = 2229.648 ; free physical = 47770 ; free virtual = 138177

Phase 4.1.1.4 Replication
INFO: [Place 46-19] Post Replication Timing Summary WNS=0.504. For the most accurate timing information please run report_timing.
Phase 4.1.1.4 Replication | Checksum: 2520f1613

Time (s): cpu = 00:06:43 ; elapsed = 00:02:59 . Memory (MB): peak = 6175.398 ; gain = 2229.648 ; free physical = 47764 ; free virtual = 138171

Time (s): cpu = 00:06:43 ; elapsed = 00:02:59 . Memory (MB): peak = 6175.398 ; gain = 2229.648 ; free physical = 47764 ; free virtual = 138172
Phase 4.1 Post Commit Optimization | Checksum: 2520f1613

Time (s): cpu = 00:06:43 ; elapsed = 00:02:59 . Memory (MB): peak = 6175.398 ; gain = 2229.648 ; free physical = 47764 ; free virtual = 138172

Phase 4.2 Post Placement Cleanup
Phase 4.2 Post Placement Cleanup | Checksum: 2520f1613

Time (s): cpu = 00:07:52 ; elapsed = 00:03:45 . Memory (MB): peak = 6175.398 ; gain = 2229.648 ; free physical = 53826 ; free virtual = 144260

Phase 4.3 Placer Reporting

Phase 4.3.1 Print Estimated Congestion
INFO: [Place 30-612] Post-Placement Estimated Congestion 
 ________________________________________________________________________
|           | Global Congestion | Long Congestion   | Short Congestion  |
| Direction | Region Size       | Region Size       | Region Size       |
|___________|___________________|___________________|___________________|
|      North|                1x1|                1x1|                1x1|
|___________|___________________|___________________|___________________|
|      South|                1x1|                1x1|                1x1|
|___________|___________________|___________________|___________________|
|       East|                1x1|                1x1|                1x1|
|___________|___________________|___________________|___________________|
|       West|                1x1|                1x1|                1x1|
|___________|___________________|___________________|___________________|

SLR0:
 ________________________________________________________________________
|           | Global Congestion | Long Congestion   | Short Congestion  |
| Direction | Region Size       | Region Size       | Region Size       |
|___________|___________________|___________________|___________________|
|      North|                1x1|                1x1|                1x1|
|___________|___________________|___________________|___________________|
|      South|                1x1|                1x1|                1x1|
|___________|___________________|___________________|___________________|
|       East|                1x1|                1x1|                1x1|
|___________|___________________|___________________|___________________|
|       West|                1x1|                1x1|                1x1|
|___________|___________________|___________________|___________________|

SLR1:
 ________________________________________________________________________
|           | Global Congestion | Long Congestion   | Short Congestion  |
| Direction | Region Size       | Region Size       | Region Size       |
|___________|___________________|___________________|___________________|
|      North|                1x1|                1x1|                1x1|
|___________|___________________|___________________|___________________|
|      South|                1x1|                1x1|                1x1|
|___________|___________________|___________________|___________________|
|       East|                1x1|                1x1|                1x1|
|___________|___________________|___________________|___________________|
|       West|                1x1|                1x1|                1x1|
|___________|___________________|___________________|___________________|

SLR2:
 ________________________________________________________________________
|           | Global Congestion | Long Congestion   | Short Congestion  |
| Direction | Region Size       | Region Size       | Region Size       |
|___________|___________________|___________________|___________________|
|      North|                1x1|                1x1|                1x1|
|___________|___________________|___________________|___________________|
|      South|                1x1|                1x1|                1x1|
|___________|___________________|___________________|___________________|
|       East|                1x1|                1x1|                1x1|
|___________|___________________|___________________|___________________|
|       West|                1x1|                1x1|                1x1|
|___________|___________________|___________________|___________________|

Phase 4.3.1 Print Estimated Congestion | Checksum: 2520f1613

Time (s): cpu = 00:07:52 ; elapsed = 00:03:46 . Memory (MB): peak = 6175.398 ; gain = 2229.648 ; free physical = 53829 ; free virtual = 144263
Phase 4.3 Placer Reporting | Checksum: 2520f1613

Time (s): cpu = 00:07:52 ; elapsed = 00:03:46 . Memory (MB): peak = 6175.398 ; gain = 2229.648 ; free physical = 53828 ; free virtual = 144262

Phase 4.4 Final Placement Cleanup
Netlist sorting complete. Time (s): cpu = 00:00:00 ; elapsed = 00:00:00 . Memory (MB): peak = 6175.398 ; gain = 0.000 ; free physical = 53827 ; free virtual = 144262

Time (s): cpu = 00:07:52 ; elapsed = 00:03:46 . Memory (MB): peak = 6175.398 ; gain = 2229.648 ; free physical = 53827 ; free virtual = 144262
Phase 4 Post Placement Optimization and Clean-Up | Checksum: 18ece1292

Time (s): cpu = 00:07:52 ; elapsed = 00:03:46 . Memory (MB): peak = 6175.398 ; gain = 2229.648 ; free physical = 53826 ; free virtual = 144260
Ending Placer Task | Checksum: c34c3436

Time (s): cpu = 00:07:53 ; elapsed = 00:03:46 . Memory (MB): peak = 6175.398 ; gain = 2229.648 ; free physical = 53826 ; free virtual = 144260
48 Infos, 0 Warnings, 0 Critical Warnings and 0 Errors encountered.
place_design completed successfully
place_design: Time (s): cpu = 00:07:58 ; elapsed = 00:03:47 . Memory (MB): peak = 6175.398 ; gain = 2261.664 ; free physical = 53826 ; free virtual = 144261
# phys_opt_design
Command: phys_opt_design
Attempting to get a license for feature 'Implementation' and/or device 'xcu280'
INFO: [Common 17-349] Got license for feature 'Implementation' and/or device 'xcu280'

Starting Initial Update Timing Task
WARNING: [Timing 38-242] The property HD.CLK_SRC of clock port "clock" is not set. In out-of-context mode, this prevents timing estimation for clock delay/skew
Resolution: Set the HD.CLK_SRC property of the out-of-context port to the location of the clock buffer instance in the top-level design

Time (s): cpu = 00:00:06 ; elapsed = 00:00:01 . Memory (MB): peak = 6175.398 ; gain = 0.000 ; free physical = 53809 ; free virtual = 144244
INFO: [Vivado_Tcl 4-383] Design worst setup slack (WNS) is greater than or equal to 0.000 ns. Skipping all physical synthesis optimizations.
INFO: [Vivado_Tcl 4-232] No setup violation found. The netlist was not modified.
INFO: [Common 17-83] Releasing license: Implementation
4 Infos, 1 Warnings, 0 Critical Warnings and 0 Errors encountered.
phys_opt_design completed successfully
# route_design
Command: route_design
Attempting to get a license for feature 'Implementation' and/or device 'xcu280'
INFO: [Common 17-349] Got license for feature 'Implementation' and/or device 'xcu280'
Running DRC as a precondition to command route_design
INFO: [DRC 23-27] Running DRC with 8 threads
INFO: [Vivado_Tcl 4-198] DRC finished with 0 Errors
INFO: [Vivado_Tcl 4-199] Please refer to the DRC report (report_drc) for more information.


Starting Routing Task
INFO: [Route 35-254] Multithreading enabled for route_design using a maximum of 8 CPUs

Phase 1 Build RT Design
Checksum: PlaceDB: baab5e19 ConstDB: 0 ShapeSum: 8a0d61d RouteDB: 0
Nodegraph reading from file.  Time (s): cpu = 00:00:02 ; elapsed = 00:00:02 . Memory (MB): peak = 6239.430 ; gain = 0.000 ; free physical = 53761 ; free virtual = 144198
WARNING: [Route 35-197] Clock port "clock" does not have an associated HD.CLK_SRC. Without this constraint, timing analysis may not be accurate and upstream checks cannot be done to ensure correct clock placement.
WARNING: [Route 35-198] Port "io_out_ready" does not have an associated HD.PARTPIN_LOCS, which will prevent the partial routing of the signal "io_out_ready". Without this partial route, timing analysis to/from this port will not be accurate, and no routing information for this port can be exported.
WARNING: [Route 35-198] Port "reset" does not have an associated HD.PARTPIN_LOCS, which will prevent the partial routing of the signal "reset". Without this partial route, timing analysis to/from this port will not be accurate, and no routing information for this port can be exported.
WARNING: [Route 35-198] Port "io_scale[1]" does not have an associated HD.PARTPIN_LOCS, which will prevent the partial routing of the signal "io_scale[1]". Without this partial route, timing analysis to/from this port will not be accurate, and no routing information for this port can be exported.
WARNING: [Route 35-198] Port "io_scale[4]" does not have an associated HD.PARTPIN_LOCS, which will prevent the partial routing of the signal "io_scale[4]". Without this partial route, timing analysis to/from this port will not be accurate, and no routing information for this port can be exported.
WARNING: [Route 35-198] Port "io_scale[3]" does not have an associated HD.PARTPIN_LOCS, which will prevent the partial routing of the signal "io_scale[3]". Without this partial route, timing analysis to/from this port will not be accurate, and no routing information for this port can be exported.
WARNING: [Route 35-198] Port "io_scale[0]" does not have an associated HD.PARTPIN_LOCS, which will prevent the partial routing of the signal "io_scale[0]". Without this partial route, timing analysis to/from this port will not be accurate, and no routing information for this port can be exported.
WARNING: [Route 35-198] Port "io_scale[2]" does not have an associated HD.PARTPIN_LOCS, which will prevent the partial routing of the signal "io_scale[2]". Without this partial route, timing analysis to/from this port will not be accurate, and no routing information for this port can be exported.
WARNING: [Route 35-198] Port "io_req_bits_tag_id[7]" does not have an associated HD.PARTPIN_LOCS, which will prevent the partial routing of the signal "io_req_bits_tag_id[7]". Without this partial route, timing analysis to/from this port will not be accurate, and no routing information for this port can be exported.
WARNING: [Route 35-198] Port "io_req_bits_tag_id[1]" does not have an associated HD.PARTPIN_LOCS, which will prevent the partial routing of the signal "io_req_bits_tag_id[1]". Without this partial route, timing analysis to/from this port will not be accurate, and no routing information for this port can be exported.
WARNING: [Route 35-198] Port "io_req_bits_tag_id[0]" does not have an associated HD.PARTPIN_LOCS, which will prevent the partial routing of the signal "io_req_bits_tag_id[0]". Without this partial route, timing analysis to/from this port will not be accurate, and no routing information for this port can be exported.
WARNING: [Route 35-198] Port "io_req_bits_tag_id[6]" does not have an associated HD.PARTPIN_LOCS, which will prevent the partial routing of the signal "io_req_bits_tag_id[6]". Without this partial route, timing analysis to/from this port will not be accurate, and no routing information for this port can be exported.
WARNING: [Route 35-198] Port "io_req_bits_tag_id[5]" does not have an associated HD.PARTPIN_LOCS, which will prevent the partial routing of the signal "io_req_bits_tag_id[5]". Without this partial route, timing analysis to/from this port will not be accurate, and no routing information for this port can be exported.
WARNING: [Route 35-198] Port "io_req_bits_tag_id[4]" does not have an associated HD.PARTPIN_LOCS, which will prevent the partial routing of the signal "io_req_bits_tag_id[4]". Without this partial route, timing analysis to/from this port will not be accurate, and no routing information for this port can be exported.
WARNING: [Route 35-198] Port "io_req_bits_tag_id[3]" does not have an associated HD.PARTPIN_LOCS, which will prevent the partial routing of the signal "io_req_bits_tag_id[3]". Without this partial route, timing analysis to/from this port will not be accurate, and no routing information for this port can be exported.
WARNING: [Route 35-198] Port "io_req_bits_tag_id[2]" does not have an associated HD.PARTPIN_LOCS, which will prevent the partial routing of the signal "io_req_bits_tag_id[2]". Without this partial route, timing analysis to/from this port will not be accurate, and no routing information for this port can be exported.
WARNING: [Route 35-198] Port "io_req_bits_pe_control_dataflow" does not have an associated HD.PARTPIN_LOCS, which will prevent the partial routing of the signal "io_req_bits_pe_control_dataflow". Without this partial route, timing analysis to/from this port will not be accurate, and no routing information for this port can be exported.
WARNING: [Route 35-198] Port "io_req_valid" does not have an associated HD.PARTPIN_LOCS, which will prevent the partial routing of the signal "io_req_valid". Without this partial route, timing analysis to/from this port will not be accurate, and no routing information for this port can be exported.
WARNING: [Route 35-198] Port "io_req_bits_flush[1]" does not have an associated HD.PARTPIN_LOCS, which will prevent the partial routing of the signal "io_req_bits_flush[1]". Without this partial route, timing analysis to/from this port will not be accurate, and no routing information for this port can be exported.
WARNING: [Route 35-198] Port "io_req_bits_flush[0]" does not have an associated HD.PARTPIN_LOCS, which will prevent the partial routing of the signal "io_req_bits_flush[0]". Without this partial route, timing analysis to/from this port will not be accurate, and no routing information for this port can be exported.
WARNING: [Route 35-198] Port "io_b_valid" does not have an associated HD.PARTPIN_LOCS, which will prevent the partial routing of the signal "io_b_valid". Without this partial route, timing analysis to/from this port will not be accurate, and no routing information for this port can be exported.
WARNING: [Route 35-198] Port "io_d_valid" does not have an associated HD.PARTPIN_LOCS, which will prevent the partial routing of the signal "io_d_valid". Without this partial route, timing analysis to/from this port will not be accurate, and no routing information for this port can be exported.
WARNING: [Route 35-198] Port "io_a_valid" does not have an associated HD.PARTPIN_LOCS, which will prevent the partial routing of the signal "io_a_valid". Without this partial route, timing analysis to/from this port will not be accurate, and no routing information for this port can be exported.
WARNING: [Route 35-198] Port "io_req_bits_total_rows[3]" does not have an associated HD.PARTPIN_LOCS, which will prevent the partial routing of the signal "io_req_bits_total_rows[3]". Without this partial route, timing analysis to/from this port will not be accurate, and no routing information for this port can be exported.
WARNING: [Route 35-198] Port "io_req_bits_total_rows[2]" does not have an associated HD.PARTPIN_LOCS, which will prevent the partial routing of the signal "io_req_bits_total_rows[2]". Without this partial route, timing analysis to/from this port will not be accurate, and no routing information for this port can be exported.
WARNING: [Route 35-198] Port "io_req_bits_total_rows[1]" does not have an associated HD.PARTPIN_LOCS, which will prevent the partial routing of the signal "io_req_bits_total_rows[1]". Without this partial route, timing analysis to/from this port will not be accurate, and no routing information for this port can be exported.
WARNING: [Route 35-198] Port "io_req_bits_total_rows[0]" does not have an associated HD.PARTPIN_LOCS, which will prevent the partial routing of the signal "io_req_bits_total_rows[0]". Without this partial route, timing analysis to/from this port will not be accurate, and no routing information for this port can be exported.
WARNING: [Route 35-198] Port "io_a_bits_7_0[7]" does not have an associated HD.PARTPIN_LOCS, which will prevent the partial routing of the signal "io_a_bits_7_0[7]". Without this partial route, timing analysis to/from this port will not be accurate, and no routing information for this port can be exported.
WARNING: [Route 35-198] Port "io_a_bits_6_0[6]" does not have an associated HD.PARTPIN_LOCS, which will prevent the partial routing of the signal "io_a_bits_6_0[6]". Without this partial route, timing analysis to/from this port will not be accurate, and no routing information for this port can be exported.
WARNING: [Route 35-198] Port "io_d_bits_7_0[0]" does not have an associated HD.PARTPIN_LOCS, which will prevent the partial routing of the signal "io_d_bits_7_0[0]". Without this partial route, timing analysis to/from this port will not be accurate, and no routing information for this port can be exported.
WARNING: [Route 35-198] Port "io_d_bits_3_0[6]" does not have an associated HD.PARTPIN_LOCS, which will prevent the partial routing of the signal "io_d_bits_3_0[6]". Without this partial route, timing analysis to/from this port will not be accurate, and no routing information for this port can be exported.
WARNING: [Route 35-198] Port "io_a_bits_6_0[4]" does not have an associated HD.PARTPIN_LOCS, which will prevent the partial routing of the signal "io_a_bits_6_0[4]". Without this partial route, timing analysis to/from this port will not be accurate, and no routing information for this port can be exported.
WARNING: [Route 35-198] Port "io_a_bits_1_0[4]" does not have an associated HD.PARTPIN_LOCS, which will prevent the partial routing of the signal "io_a_bits_1_0[4]". Without this partial route, timing analysis to/from this port will not be accurate, and no routing information for this port can be exported.
WARNING: [Route 35-198] Port "io_b_bits_3_0[6]" does not have an associated HD.PARTPIN_LOCS, which will prevent the partial routing of the signal "io_b_bits_3_0[6]". Without this partial route, timing analysis to/from this port will not be accurate, and no routing information for this port can be exported.
WARNING: [Route 35-198] Port "io_a_bits_2_0[0]" does not have an associated HD.PARTPIN_LOCS, which will prevent the partial routing of the signal "io_a_bits_2_0[0]". Without this partial route, timing analysis to/from this port will not be accurate, and no routing information for this port can be exported.
WARNING: [Route 35-198] Port "io_a_bits_3_0[6]" does not have an associated HD.PARTPIN_LOCS, which will prevent the partial routing of the signal "io_a_bits_3_0[6]". Without this partial route, timing analysis to/from this port will not be accurate, and no routing information for this port can be exported.
WARNING: [Route 35-198] Port "io_a_bits_5_0[6]" does not have an associated HD.PARTPIN_LOCS, which will prevent the partial routing of the signal "io_a_bits_5_0[6]". Without this partial route, timing analysis to/from this port will not be accurate, and no routing information for this port can be exported.
WARNING: [Route 35-198] Port "io_d_bits_6_0[6]" does not have an associated HD.PARTPIN_LOCS, which will prevent the partial routing of the signal "io_d_bits_6_0[6]". Without this partial route, timing analysis to/from this port will not be accurate, and no routing information for this port can be exported.
WARNING: [Route 35-198] Port "io_d_bits_4_0[6]" does not have an associated HD.PARTPIN_LOCS, which will prevent the partial routing of the signal "io_d_bits_4_0[6]". Without this partial route, timing analysis to/from this port will not be accurate, and no routing information for this port can be exported.
WARNING: [Route 35-198] Port "io_a_bits_2_0[7]" does not have an associated HD.PARTPIN_LOCS, which will prevent the partial routing of the signal "io_a_bits_2_0[7]". Without this partial route, timing analysis to/from this port will not be accurate, and no routing information for this port can be exported.
WARNING: [Route 35-198] Port "io_req_bits_bd_transpose" does not have an associated HD.PARTPIN_LOCS, which will prevent the partial routing of the signal "io_req_bits_bd_transpose". Without this partial route, timing analysis to/from this port will not be accurate, and no routing information for this port can be exported.
WARNING: [Route 35-198] Port "io_req_bits_pe_control_propagate" does not have an associated HD.PARTPIN_LOCS, which will prevent the partial routing of the signal "io_req_bits_pe_control_propagate". Without this partial route, timing analysis to/from this port will not be accurate, and no routing information for this port can be exported.
WARNING: [Route 35-198] Port "io_req_bits_a_transpose" does not have an associated HD.PARTPIN_LOCS, which will prevent the partial routing of the signal "io_req_bits_a_transpose". Without this partial route, timing analysis to/from this port will not be accurate, and no routing information for this port can be exported.
WARNING: [Route 35-198] Port "io_b_bits_4_0[6]" does not have an associated HD.PARTPIN_LOCS, which will prevent the partial routing of the signal "io_b_bits_4_0[6]". Without this partial route, timing analysis to/from this port will not be accurate, and no routing information for this port can be exported.
WARNING: [Route 35-198] Port "io_d_bits_0_0[7]" does not have an associated HD.PARTPIN_LOCS, which will prevent the partial routing of the signal "io_d_bits_0_0[7]". Without this partial route, timing analysis to/from this port will not be accurate, and no routing information for this port can be exported.
WARNING: [Route 35-198] Port "io_a_bits_6_0[1]" does not have an associated HD.PARTPIN_LOCS, which will prevent the partial routing of the signal "io_a_bits_6_0[1]". Without this partial route, timing analysis to/from this port will not be accurate, and no routing information for this port can be exported.
WARNING: [Route 35-198] Port "io_d_bits_1_0[1]" does not have an associated HD.PARTPIN_LOCS, which will prevent the partial routing of the signal "io_d_bits_1_0[1]". Without this partial route, timing analysis to/from this port will not be accurate, and no routing information for this port can be exported.
WARNING: [Route 35-198] Port "io_b_bits_6_0[1]" does not have an associated HD.PARTPIN_LOCS, which will prevent the partial routing of the signal "io_b_bits_6_0[1]". Without this partial route, timing analysis to/from this port will not be accurate, and no routing information for this port can be exported.
WARNING: [Route 35-198] Port "io_a_bits_5_0[1]" does not have an associated HD.PARTPIN_LOCS, which will prevent the partial routing of the signal "io_a_bits_5_0[1]". Without this partial route, timing analysis to/from this port will not be accurate, and no routing information for this port can be exported.
WARNING: [Route 35-198] Port "io_d_bits_2_0[1]" does not have an associated HD.PARTPIN_LOCS, which will prevent the partial routing of the signal "io_d_bits_2_0[1]". Without this partial route, timing analysis to/from this port will not be accurate, and no routing information for this port can be exported.
WARNING: [Route 35-198] Port "io_b_bits_5_0[1]" does not have an associated HD.PARTPIN_LOCS, which will prevent the partial routing of the signal "io_b_bits_5_0[1]". Without this partial route, timing analysis to/from this port will not be accurate, and no routing information for this port can be exported.
WARNING: [Route 35-198] Port "io_d_bits_1_0[6]" does not have an associated HD.PARTPIN_LOCS, which will prevent the partial routing of the signal "io_d_bits_1_0[6]". Without this partial route, timing analysis to/from this port will not be accurate, and no routing information for this port can be exported.
WARNING: [Route 35-198] Port "io_b_bits_6_0[6]" does not have an associated HD.PARTPIN_LOCS, which will prevent the partial routing of the signal "io_b_bits_6_0[6]". Without this partial route, timing analysis to/from this port will not be accurate, and no routing information for this port can be exported.
WARNING: [Route 35-198] Port "io_d_bits_4_0[7]" does not have an associated HD.PARTPIN_LOCS, which will prevent the partial routing of the signal "io_d_bits_4_0[7]". Without this partial route, timing analysis to/from this port will not be accurate, and no routing information for this port can be exported.
WARNING: [Route 35-198] Port "io_a_bits_4_0[6]" does not have an associated HD.PARTPIN_LOCS, which will prevent the partial routing of the signal "io_a_bits_4_0[6]". Without this partial route, timing analysis to/from this port will not be accurate, and no routing information for this port can be exported.
WARNING: [Route 35-198] Port "io_a_bits_5_0[7]" does not have an associated HD.PARTPIN_LOCS, which will prevent the partial routing of the signal "io_a_bits_5_0[7]". Without this partial route, timing analysis to/from this port will not be accurate, and no routing information for this port can be exported.
WARNING: [Route 35-198] Port "io_b_bits_5_0[7]" does not have an associated HD.PARTPIN_LOCS, which will prevent the partial routing of the signal "io_b_bits_5_0[7]". Without this partial route, timing analysis to/from this port will not be accurate, and no routing information for this port can be exported.
WARNING: [Route 35-198] Port "io_b_bits_7_0[7]" does not have an associated HD.PARTPIN_LOCS, which will prevent the partial routing of the signal "io_b_bits_7_0[7]". Without this partial route, timing analysis to/from this port will not be accurate, and no routing information for this port can be exported.
WARNING: [Route 35-198] Port "io_d_bits_0_0[1]" does not have an associated HD.PARTPIN_LOCS, which will prevent the partial routing of the signal "io_d_bits_0_0[1]". Without this partial route, timing analysis to/from this port will not be accurate, and no routing information for this port can be exported.
WARNING: [Route 35-198] Port "io_b_bits_7_0[1]" does not have an associated HD.PARTPIN_LOCS, which will prevent the partial routing of the signal "io_b_bits_7_0[1]". Without this partial route, timing analysis to/from this port will not be accurate, and no routing information for this port can be exported.
WARNING: [Route 35-198] Port "io_a_bits_7_0[6]" does not have an associated HD.PARTPIN_LOCS, which will prevent the partial routing of the signal "io_a_bits_7_0[6]". Without this partial route, timing analysis to/from this port will not be accurate, and no routing information for this port can be exported.
WARNING: [Route 35-198] Port "io_a_bits_7_0[1]" does not have an associated HD.PARTPIN_LOCS, which will prevent the partial routing of the signal "io_a_bits_7_0[1]". Without this partial route, timing analysis to/from this port will not be accurate, and no routing information for this port can be exported.
WARNING: [Route 35-198] Port "io_d_bits_0_0[6]" does not have an associated HD.PARTPIN_LOCS, which will prevent the partial routing of the signal "io_d_bits_0_0[6]". Without this partial route, timing analysis to/from this port will not be accurate, and no routing information for this port can be exported.
WARNING: [Route 35-198] Port "io_a_bits_4_0[1]" does not have an associated HD.PARTPIN_LOCS, which will prevent the partial routing of the signal "io_a_bits_4_0[1]". Without this partial route, timing analysis to/from this port will not be accurate, and no routing information for this port can be exported.
WARNING: [Route 35-198] Port "io_d_bits_3_0[1]" does not have an associated HD.PARTPIN_LOCS, which will prevent the partial routing of the signal "io_d_bits_3_0[1]". Without this partial route, timing analysis to/from this port will not be accurate, and no routing information for this port can be exported.
WARNING: [Route 35-198] Port "io_b_bits_4_0[1]" does not have an associated HD.PARTPIN_LOCS, which will prevent the partial routing of the signal "io_b_bits_4_0[1]". Without this partial route, timing analysis to/from this port will not be accurate, and no routing information for this port can be exported.
WARNING: [Route 35-198] Port "io_a_bits_7_0[0]" does not have an associated HD.PARTPIN_LOCS, which will prevent the partial routing of the signal "io_a_bits_7_0[0]". Without this partial route, timing analysis to/from this port will not be accurate, and no routing information for this port can be exported.
WARNING: [Route 35-198] Port "io_b_bits_7_0[6]" does not have an associated HD.PARTPIN_LOCS, which will prevent the partial routing of the signal "io_b_bits_7_0[6]". Without this partial route, timing analysis to/from this port will not be accurate, and no routing information for this port can be exported.
WARNING: [Route 35-198] Port "io_d_bits_2_0[6]" does not have an associated HD.PARTPIN_LOCS, which will prevent the partial routing of the signal "io_d_bits_2_0[6]". Without this partial route, timing analysis to/from this port will not be accurate, and no routing information for this port can be exported.
WARNING: [Route 35-198] Port "io_b_bits_5_0[6]" does not have an associated HD.PARTPIN_LOCS, which will prevent the partial routing of the signal "io_b_bits_5_0[6]". Without this partial route, timing analysis to/from this port will not be accurate, and no routing information for this port can be exported.
WARNING: [Route 35-198] Port "io_d_bits_2_0[7]" does not have an associated HD.PARTPIN_LOCS, which will prevent the partial routing of the signal "io_d_bits_2_0[7]". Without this partial route, timing analysis to/from this port will not be accurate, and no routing information for this port can be exported.
WARNING: [Route 35-198] Port "io_b_bits_0_0[1]" does not have an associated HD.PARTPIN_LOCS, which will prevent the partial routing of the signal "io_b_bits_0_0[1]". Without this partial route, timing analysis to/from this port will not be accurate, and no routing information for this port can be exported.
WARNING: [Route 35-198] Port "io_b_bits_2_0[1]" does not have an associated HD.PARTPIN_LOCS, which will prevent the partial routing of the signal "io_b_bits_2_0[1]". Without this partial route, timing analysis to/from this port will not be accurate, and no routing information for this port can be exported.
WARNING: [Route 35-198] Port "io_a_bits_0_0[7]" does not have an associated HD.PARTPIN_LOCS, which will prevent the partial routing of the signal "io_a_bits_0_0[7]". Without this partial route, timing analysis to/from this port will not be accurate, and no routing information for this port can be exported.
WARNING: [Route 35-198] Port "io_a_bits_0_0[6]" does not have an associated HD.PARTPIN_LOCS, which will prevent the partial routing of the signal "io_a_bits_0_0[6]". Without this partial route, timing analysis to/from this port will not be accurate, and no routing information for this port can be exported.
WARNING: [Route 35-198] Port "io_d_bits_7_0[7]" does not have an associated HD.PARTPIN_LOCS, which will prevent the partial routing of the signal "io_d_bits_7_0[7]". Without this partial route, timing analysis to/from this port will not be accurate, and no routing information for this port can be exported.
WARNING: [Route 35-198] Port "io_d_bits_7_0[6]" does not have an associated HD.PARTPIN_LOCS, which will prevent the partial routing of the signal "io_d_bits_7_0[6]". Without this partial route, timing analysis to/from this port will not be accurate, and no routing information for this port can be exported.
WARNING: [Route 35-198] Port "io_b_bits_0_0[7]" does not have an associated HD.PARTPIN_LOCS, which will prevent the partial routing of the signal "io_b_bits_0_0[7]". Without this partial route, timing analysis to/from this port will not be accurate, and no routing information for this port can be exported.
WARNING: [Route 35-198] Port "io_b_bits_0_0[6]" does not have an associated HD.PARTPIN_LOCS, which will prevent the partial routing of the signal "io_b_bits_0_0[6]". Without this partial route, timing analysis to/from this port will not be accurate, and no routing information for this port can be exported.
WARNING: [Route 35-198] Port "io_a_bits_3_0[7]" does not have an associated HD.PARTPIN_LOCS, which will prevent the partial routing of the signal "io_a_bits_3_0[7]". Without this partial route, timing analysis to/from this port will not be accurate, and no routing information for this port can be exported.
WARNING: [Route 35-198] Port "io_a_bits_4_0[7]" does not have an associated HD.PARTPIN_LOCS, which will prevent the partial routing of the signal "io_a_bits_4_0[7]". Without this partial route, timing analysis to/from this port will not be accurate, and no routing information for this port can be exported.
WARNING: [Route 35-198] Port "io_d_bits_3_0[7]" does not have an associated HD.PARTPIN_LOCS, which will prevent the partial routing of the signal "io_d_bits_3_0[7]". Without this partial route, timing analysis to/from this port will not be accurate, and no routing information for this port can be exported.
WARNING: [Route 35-198] Port "io_b_bits_4_0[7]" does not have an associated HD.PARTPIN_LOCS, which will prevent the partial routing of the signal "io_b_bits_4_0[7]". Without this partial route, timing analysis to/from this port will not be accurate, and no routing information for this port can be exported.
WARNING: [Route 35-198] Port "io_d_bits_6_0[1]" does not have an associated HD.PARTPIN_LOCS, which will prevent the partial routing of the signal "io_d_bits_6_0[1]". Without this partial route, timing analysis to/from this port will not be accurate, and no routing information for this port can be exported.
WARNING: [Route 35-198] Port "io_a_bits_2_0[1]" does not have an associated HD.PARTPIN_LOCS, which will prevent the partial routing of the signal "io_a_bits_2_0[1]". Without this partial route, timing analysis to/from this port will not be accurate, and no routing information for this port can be exported.
WARNING: [Route 35-198] Port "io_a_bits_0_0[1]" does not have an associated HD.PARTPIN_LOCS, which will prevent the partial routing of the signal "io_a_bits_0_0[1]". Without this partial route, timing analysis to/from this port will not be accurate, and no routing information for this port can be exported.
WARNING: [Route 35-198] Port "io_d_bits_7_0[1]" does not have an associated HD.PARTPIN_LOCS, which will prevent the partial routing of the signal "io_d_bits_7_0[1]". Without this partial route, timing analysis to/from this port will not be accurate, and no routing information for this port can be exported.
WARNING: [Route 35-198] Port "io_d_bits_5_0[1]" does not have an associated HD.PARTPIN_LOCS, which will prevent the partial routing of the signal "io_d_bits_5_0[1]". Without this partial route, timing analysis to/from this port will not be accurate, and no routing information for this port can be exported.
WARNING: [Route 35-198] Port "io_a_bits_3_0[1]" does not have an associated HD.PARTPIN_LOCS, which will prevent the partial routing of the signal "io_a_bits_3_0[1]". Without this partial route, timing analysis to/from this port will not be accurate, and no routing information for this port can be exported.
WARNING: [Route 35-198] Port "io_d_bits_4_0[1]" does not have an associated HD.PARTPIN_LOCS, which will prevent the partial routing of the signal "io_d_bits_4_0[1]". Without this partial route, timing analysis to/from this port will not be accurate, and no routing information for this port can be exported.
WARNING: [Route 35-198] Port "io_b_bits_3_0[1]" does not have an associated HD.PARTPIN_LOCS, which will prevent the partial routing of the signal "io_b_bits_3_0[1]". Without this partial route, timing analysis to/from this port will not be accurate, and no routing information for this port can be exported.
WARNING: [Route 35-198] Port "io_a_bits_2_0[6]" does not have an associated HD.PARTPIN_LOCS, which will prevent the partial routing of the signal "io_a_bits_2_0[6]". Without this partial route, timing analysis to/from this port will not be accurate, and no routing information for this port can be exported.
WARNING: [Route 35-198] Port "io_d_bits_5_0[6]" does not have an associated HD.PARTPIN_LOCS, which will prevent the partial routing of the signal "io_d_bits_5_0[6]". Without this partial route, timing analysis to/from this port will not be accurate, and no routing information for this port can be exported.
WARNING: [Route 35-198] Port "io_b_bits_2_0[6]" does not have an associated HD.PARTPIN_LOCS, which will prevent the partial routing of the signal "io_b_bits_2_0[6]". Without this partial route, timing analysis to/from this port will not be accurate, and no routing information for this port can be exported.
WARNING: [Route 35-198] Port "io_a_bits_6_0[7]" does not have an associated HD.PARTPIN_LOCS, which will prevent the partial routing of the signal "io_a_bits_6_0[7]". Without this partial route, timing analysis to/from this port will not be accurate, and no routing information for this port can be exported.
WARNING: [Route 35-198] Port "io_d_bits_1_0[7]" does not have an associated HD.PARTPIN_LOCS, which will prevent the partial routing of the signal "io_d_bits_1_0[7]". Without this partial route, timing analysis to/from this port will not be accurate, and no routing information for this port can be exported.
WARNING: [Route 35-198] Port "io_b_bits_3_0[7]" does not have an associated HD.PARTPIN_LOCS, which will prevent the partial routing of the signal "io_b_bits_3_0[7]". Without this partial route, timing analysis to/from this port will not be accurate, and no routing information for this port can be exported.
WARNING: [Route 35-198] Port "io_b_bits_6_0[7]" does not have an associated HD.PARTPIN_LOCS, which will prevent the partial routing of the signal "io_b_bits_6_0[7]". Without this partial route, timing analysis to/from this port will not be accurate, and no routing information for this port can be exported.
WARNING: [Route 35-198] Port "io_a_bits_1_0[1]" does not have an associated HD.PARTPIN_LOCS, which will prevent the partial routing of the signal "io_a_bits_1_0[1]". Without this partial route, timing analysis to/from this port will not be accurate, and no routing information for this port can be exported.
WARNING: [Route 35-198] Port "io_b_bits_1_0[1]" does not have an associated HD.PARTPIN_LOCS, which will prevent the partial routing of the signal "io_b_bits_1_0[1]". Without this partial route, timing analysis to/from this port will not be accurate, and no routing information for this port can be exported.
WARNING: [Route 35-198] Port "io_a_bits_1_0[7]" does not have an associated HD.PARTPIN_LOCS, which will prevent the partial routing of the signal "io_a_bits_1_0[7]". Without this partial route, timing analysis to/from this port will not be accurate, and no routing information for this port can be exported.
INFO: [Common 17-14] Message 'Route 35-198' appears 100 times and further instances of the messages will be disabled. Use the Tcl command set_msg_config to change the current settings.
Post Restoration Checksum: NetGraph: 11a4e6 | NumContArr: f1e4dfdb | Constraints: c2a8fa9d | Timing: c2a8fa9d
Phase 1 Build RT Design | Checksum: 2774879fb

Time (s): cpu = 00:00:21 ; elapsed = 00:00:14 . Memory (MB): peak = 6239.430 ; gain = 0.000 ; free physical = 53871 ; free virtual = 144316

Phase 2 Router Initialization

Phase 2.1 Fix Topology Constraints
Phase 2.1 Fix Topology Constraints | Checksum: 2774879fb

Time (s): cpu = 00:00:22 ; elapsed = 00:00:14 . Memory (MB): peak = 6239.430 ; gain = 0.000 ; free physical = 53871 ; free virtual = 144316

Phase 2.2 Pre Route Cleanup
Phase 2.2 Pre Route Cleanup | Checksum: 2774879fb

Time (s): cpu = 00:00:22 ; elapsed = 00:00:14 . Memory (MB): peak = 6239.430 ; gain = 0.000 ; free physical = 53871 ; free virtual = 144316

Phase 2.3 Global Clock Net Routing
Phase 2.3 Global Clock Net Routing | Checksum: 2774879fb

Time (s): cpu = 00:00:31 ; elapsed = 00:00:17 . Memory (MB): peak = 6503.289 ; gain = 263.859 ; free physical = 53561 ; free virtual = 144008

Phase 2.4 Update Timing
Phase 2.4 Update Timing | Checksum: 21324a431

Time (s): cpu = 00:00:35 ; elapsed = 00:00:17 . Memory (MB): peak = 6503.289 ; gain = 263.859 ; free physical = 53557 ; free virtual = 144005
INFO: [Route 35-416] Intermediate Timing Summary | WNS=0.590  | TNS=0.000  | WHS=0.010  | THS=0.000  |


Router Utilization Summary
  Global Vertical Routing Utilization    = 0 %
  Global Horizontal Routing Utilization  = 0 %
  Routable Net Status*
  *Does not include unroutable nets such as driverless and loadless.
  Run report_route_status for detailed report.
  Number of Failed Nets               = 15549
    (Failed Nets is the sum of unrouted and partially routed nets)
  Number of Unrouted Nets             = 12120
  Number of Partially Routed Nets     = 3429
  Number of Node Overlaps             = 0

Phase 2 Router Initialization | Checksum: 22ad943cb

Time (s): cpu = 00:00:50 ; elapsed = 00:00:22 . Memory (MB): peak = 6536.164 ; gain = 296.734 ; free physical = 53544 ; free virtual = 143994

Phase 3 Initial Routing

Phase 3.1 Global Routing
Phase 3.1 Global Routing | Checksum: 22ad943cb

Time (s): cpu = 00:00:50 ; elapsed = 00:00:22 . Memory (MB): peak = 6536.164 ; gain = 296.734 ; free physical = 53544 ; free virtual = 143994

Phase 3.2 Initial Net Routing
Phase 3.2 Initial Net Routing | Checksum: 258f8bb84

Time (s): cpu = 00:01:08 ; elapsed = 00:00:27 . Memory (MB): peak = 6536.164 ; gain = 296.734 ; free physical = 53553 ; free virtual = 144007
Phase 3 Initial Routing | Checksum: 207185b14

Time (s): cpu = 00:01:08 ; elapsed = 00:00:27 . Memory (MB): peak = 6536.164 ; gain = 296.734 ; free physical = 53556 ; free virtual = 144009

Phase 4 Rip-up And Reroute

Phase 4.1 Global Iteration 0
 Number of Nodes with overlaps = 4151
 Number of Nodes with overlaps = 515
 Number of Nodes with overlaps = 70
 Number of Nodes with overlaps = 8
 Number of Nodes with overlaps = 1
 Number of Nodes with overlaps = 0
INFO: [Route 35-416] Intermediate Timing Summary | WNS=0.040  | TNS=0.000  | WHS=0.032  | THS=0.000  |

Phase 4.1 Global Iteration 0 | Checksum: 2b81dfb9e

Time (s): cpu = 00:01:50 ; elapsed = 00:00:44 . Memory (MB): peak = 6536.164 ; gain = 296.734 ; free physical = 53455 ; free virtual = 143919

Phase 4.2 Global Iteration 1
 Number of Nodes with overlaps = 59
 Number of Nodes with overlaps = 13
 Number of Nodes with overlaps = 5
 Number of Nodes with overlaps = 2
 Number of Nodes with overlaps = 0
INFO: [Route 35-416] Intermediate Timing Summary | WNS=0.149  | TNS=0.000  | WHS=N/A    | THS=N/A    |

Phase 4.2 Global Iteration 1 | Checksum: 1edff4466

Time (s): cpu = 00:01:55 ; elapsed = 00:00:48 . Memory (MB): peak = 6536.164 ; gain = 296.734 ; free physical = 53443 ; free virtual = 143910
Phase 4 Rip-up And Reroute | Checksum: 1edff4466

Time (s): cpu = 00:01:55 ; elapsed = 00:00:48 . Memory (MB): peak = 6536.164 ; gain = 296.734 ; free physical = 53443 ; free virtual = 143910

Phase 5 Delay and Skew Optimization

Phase 5.1 Delay CleanUp
Phase 5.1 Delay CleanUp | Checksum: 1edff4466

Time (s): cpu = 00:01:56 ; elapsed = 00:00:48 . Memory (MB): peak = 6536.164 ; gain = 296.734 ; free physical = 53443 ; free virtual = 143910

Phase 5.2 Clock Skew Optimization
Phase 5.2 Clock Skew Optimization | Checksum: 1edff4466

Time (s): cpu = 00:01:56 ; elapsed = 00:00:48 . Memory (MB): peak = 6536.164 ; gain = 296.734 ; free physical = 53443 ; free virtual = 143910
Phase 5 Delay and Skew Optimization | Checksum: 1edff4466

Time (s): cpu = 00:01:56 ; elapsed = 00:00:48 . Memory (MB): peak = 6536.164 ; gain = 296.734 ; free physical = 53443 ; free virtual = 143910

Phase 6 Post Hold Fix

Phase 6.1 Hold Fix Iter

Phase 6.1.1 Update Timing
Phase 6.1.1 Update Timing | Checksum: 2847d14e0

Time (s): cpu = 00:01:59 ; elapsed = 00:00:49 . Memory (MB): peak = 6536.164 ; gain = 296.734 ; free physical = 53446 ; free virtual = 143913
INFO: [Route 35-416] Intermediate Timing Summary | WNS=0.149  | TNS=0.000  | WHS=0.032  | THS=0.000  |

Phase 6.1 Hold Fix Iter | Checksum: 2847d14e0

Time (s): cpu = 00:01:59 ; elapsed = 00:00:49 . Memory (MB): peak = 6536.164 ; gain = 296.734 ; free physical = 53446 ; free virtual = 143913
Phase 6 Post Hold Fix | Checksum: 2847d14e0

Time (s): cpu = 00:01:59 ; elapsed = 00:00:49 . Memory (MB): peak = 6536.164 ; gain = 296.734 ; free physical = 53446 ; free virtual = 143913

Phase 7 Route finalize

Router Utilization Summary
  Global Vertical Routing Utilization    = 0.113879 %
  Global Horizontal Routing Utilization  = 0.134609 %
  Routable Net Status*
  *Does not include unroutable nets such as driverless and loadless.
  Run report_route_status for detailed report.
  Number of Failed Nets               = 0
    (Failed Nets is the sum of unrouted and partially routed nets)
  Number of Unrouted Nets             = 0
  Number of Partially Routed Nets     = 0
  Number of Node Overlaps             = 0

Phase 7 Route finalize | Checksum: 2847d14e0

Time (s): cpu = 00:02:04 ; elapsed = 00:00:50 . Memory (MB): peak = 6536.164 ; gain = 296.734 ; free physical = 53445 ; free virtual = 143913

Phase 8 Verifying routed nets

 Verification completed successfully
Phase 8 Verifying routed nets | Checksum: 2847d14e0

Time (s): cpu = 00:02:04 ; elapsed = 00:00:50 . Memory (MB): peak = 6536.164 ; gain = 296.734 ; free physical = 53443 ; free virtual = 143911

Phase 9 Depositing Routes
Phase 9 Depositing Routes | Checksum: 2847d14e0

Time (s): cpu = 00:02:06 ; elapsed = 00:00:51 . Memory (MB): peak = 6536.164 ; gain = 296.734 ; free physical = 53477 ; free virtual = 143946

Phase 10 Resolve XTalk
Phase 10 Resolve XTalk | Checksum: 2847d14e0

Time (s): cpu = 00:02:06 ; elapsed = 00:00:51 . Memory (MB): peak = 6536.164 ; gain = 296.734 ; free physical = 53476 ; free virtual = 143946

Phase 11 Post Router Timing
INFO: [Route 35-57] Estimated Timing Summary | WNS=0.149  | TNS=0.000  | WHS=0.032  | THS=0.000  |

INFO: [Route 35-327] The final timing numbers are based on the router estimated timing analysis. For a complete and accurate timing signoff, please run report_timing_summary.
Phase 11 Post Router Timing | Checksum: 2847d14e0

Time (s): cpu = 00:02:07 ; elapsed = 00:00:51 . Memory (MB): peak = 6536.164 ; gain = 296.734 ; free physical = 53476 ; free virtual = 143946
INFO: [Route 35-16] Router Completed Successfully

Phase 12 Post-Route Event Processing
Phase 12 Post-Route Event Processing | Checksum: f6642813

Time (s): cpu = 00:02:08 ; elapsed = 00:00:52 . Memory (MB): peak = 6536.164 ; gain = 296.734 ; free physical = 53477 ; free virtual = 143947
Ending Routing Task | Checksum: f6642813

Time (s): cpu = 00:02:08 ; elapsed = 00:00:52 . Memory (MB): peak = 6536.164 ; gain = 296.734 ; free physical = 53476 ; free virtual = 143946

Routing Is Done.
INFO: [Common 17-83] Releasing license: Implementation
14 Infos, 101 Warnings, 0 Critical Warnings and 0 Errors encountered.
route_design completed successfully
route_design: Time (s): cpu = 00:02:14 ; elapsed = 00:00:54 . Memory (MB): peak = 6536.164 ; gain = 360.766 ; free physical = 53476 ; free virtual = 143946
# report_utilization -file util.rpt
# report_utilization -hierarchical -hierarchical_depth 2 -file util_hier.rpt
# report_timing_summary -file timing.rpt
INFO: [Timing 38-91] UpdateTimingParams: Speed grade: -2L, Temperature grade: E, Delay Type: min_max.
INFO: [Timing 38-191] Multithreading enabled for timing update using a maximum of 8 CPUs
WARNING: [Timing 38-242] The property HD.CLK_SRC of clock port "clock" is not set. In out-of-context mode, this prevents timing estimation for clock delay/skew
Resolution: Set the HD.CLK_SRC property of the out-of-context port to the location of the clock buffer instance in the top-level design
# puts "PNR_UNROUTED [llength [get_nets -filter {ROUTE_STATUS == UNROUTED} -quiet]]"
PNR_UNROUTED 0
INFO: [Common 17-206] Exiting Vivado at Fri Sep 25 04:31:52 2026...
PNR_D8 rc=0 wall_s=409
