
****** Vivado v2023.2 (64-bit)
  **** SW Build 4029153 on Fri Oct 13 20:13:54 MDT 2023
  **** IP Build 4028589 on Sat Oct 14 00:45:43 MDT 2023
  **** SharedData Build 4025554 on Tue Oct 10 17:18:54 MDT 2023
    ** Copyright 1986-2022 Xilinx, Inc. All Rights Reserved.
    ** Copyright 2022-2023 Advanced Micro Devices, Inc. All Rights Reserved.

source pnr.tcl
# set files [glob -nocomplain /scratch/hc676/agentstudy/trials/z-ai_glm-5_3__spmw/build/sim/*.v /scratch/hc676/agentstudy/trials/z-ai_glm-5_3__spmw/build/sim/*.sv]
# foreach f $files { if {[string match *tb_study* $f]} { continue }
#   if {[string match *.sv $f]} { read_verilog -sv $f } else { read_verilog $f } }
read_verilog: Time (s): cpu = 00:00:08 ; elapsed = 00:00:08 . Memory (MB): peak = 1559.793 ; gain = 0.023 ; free physical = 91377 ; free virtual = 173692
# synth_design -top dut_norm -part xcu280-fsvh2892-2L-e -mode out_of_context
Command: synth_design -top dut_norm -part xcu280-fsvh2892-2L-e -mode out_of_context
Starting synth_design
Attempting to get a license for feature 'Synthesis' and/or device 'xcu280'
INFO: [Common 17-349] Got license for feature 'Synthesis' and/or device 'xcu280'
INFO: [Device 21-403] Loading part xcu280-fsvh2892-2L-e
INFO: [Synth 8-7079] Multithreading enabled for synth_design using a maximum of 4 processes.
INFO: [Synth 8-7078] Launching helper process for spawning children vivado processes
INFO: [Synth 8-7075] Helper process launched with PID 1266140
---------------------------------------------------------------------------------
Starting RTL Elaboration : Time (s): cpu = 00:00:05 ; elapsed = 00:00:05 . Memory (MB): peak = 3313.227 ; gain = 397.715 ; free physical = 92143 ; free virtual = 174511
---------------------------------------------------------------------------------
INFO: [Synth 8-6157] synthesizing module 'dut_norm' [/scratch/hc676/agentstudy/trials/z-ai_glm-5_3__spmw/build/sim/dut_norm.sv:3]
INFO: [Synth 8-6157] synthesizing module 'spmw_top' [/scratch/hc676/agentstudy/trials/z-ai_glm-5_3__spmw/build/sim/spmw_top.sv:3]
INFO: [Synth 8-6157] synthesizing module 'spmw_fifo' [/scratch/hc676/agentstudy/trials/z-ai_glm-5_3__spmw/build/sim/spmw_fifo.sv:3]
	Parameter DW bound to: 8 - type: integer 
	Parameter DEPTH bound to: 2 - type: integer 
INFO: [Synth 8-6155] done synthesizing module 'spmw_fifo' (0#1) [/scratch/hc676/agentstudy/trials/z-ai_glm-5_3__spmw/build/sim/spmw_fifo.sv:3]
INFO: [Synth 8-6157] synthesizing module 'spmw_fifo__parameterized0' [/scratch/hc676/agentstudy/trials/z-ai_glm-5_3__spmw/build/sim/spmw_fifo.sv:3]
	Parameter DW bound to: 32 - type: integer 
	Parameter DEPTH bound to: 2 - type: integer 
INFO: [Synth 8-6155] done synthesizing module 'spmw_fifo__parameterized0' (0#1) [/scratch/hc676/agentstudy/trials/z-ai_glm-5_3__spmw/build/sim/spmw_fifo.sv:3]
INFO: [Synth 8-6157] synthesizing module 'spmw_const' [/scratch/hc676/agentstudy/trials/z-ai_glm-5_3__spmw/build/sim/spmw_const.sv:3]
	Parameter DW bound to: 32 - type: integer 
	Parameter VAL bound to: 64'b0000000000000000000000000000000000000000000000000000000000000000 
INFO: [Synth 8-6155] done synthesizing module 'spmw_const' (0#1) [/scratch/hc676/agentstudy/trials/z-ai_glm-5_3__spmw/build/sim/spmw_const.sv:3]
INFO: [Synth 8-6157] synthesizing module 'spmw_const__parameterized0' [/scratch/hc676/agentstudy/trials/z-ai_glm-5_3__spmw/build/sim/spmw_const.sv:3]
	Parameter DW bound to: 32 - type: integer 
	Parameter VAL bound to: 64'b0000000000000000000000000000000000000000000000000000000000000001 
INFO: [Synth 8-6155] done synthesizing module 'spmw_const__parameterized0' (0#1) [/scratch/hc676/agentstudy/trials/z-ai_glm-5_3__spmw/build/sim/spmw_const.sv:3]
INFO: [Synth 8-6157] synthesizing module 'spmw_const__parameterized1' [/scratch/hc676/agentstudy/trials/z-ai_glm-5_3__spmw/build/sim/spmw_const.sv:3]
	Parameter DW bound to: 32 - type: integer 
	Parameter VAL bound to: 64'b0000000000000000000000000000000000000000000000000000000000000010 
INFO: [Synth 8-6155] done synthesizing module 'spmw_const__parameterized1' (0#1) [/scratch/hc676/agentstudy/trials/z-ai_glm-5_3__spmw/build/sim/spmw_const.sv:3]
INFO: [Synth 8-6157] synthesizing module 'spmw_const__parameterized2' [/scratch/hc676/agentstudy/trials/z-ai_glm-5_3__spmw/build/sim/spmw_const.sv:3]
	Parameter DW bound to: 32 - type: integer 
	Parameter VAL bound to: 64'b0000000000000000000000000000000000000000000000000000000000000011 
INFO: [Synth 8-6155] done synthesizing module 'spmw_const__parameterized2' (0#1) [/scratch/hc676/agentstudy/trials/z-ai_glm-5_3__spmw/build/sim/spmw_const.sv:3]
INFO: [Synth 8-6157] synthesizing module 'spmw_const__parameterized3' [/scratch/hc676/agentstudy/trials/z-ai_glm-5_3__spmw/build/sim/spmw_const.sv:3]
	Parameter DW bound to: 32 - type: integer 
	Parameter VAL bound to: 64'b0000000000000000000000000000000000000000000000000000000000000100 
INFO: [Synth 8-6155] done synthesizing module 'spmw_const__parameterized3' (0#1) [/scratch/hc676/agentstudy/trials/z-ai_glm-5_3__spmw/build/sim/spmw_const.sv:3]
INFO: [Synth 8-6157] synthesizing module 'spmw_const__parameterized4' [/scratch/hc676/agentstudy/trials/z-ai_glm-5_3__spmw/build/sim/spmw_const.sv:3]
	Parameter DW bound to: 32 - type: integer 
	Parameter VAL bound to: 64'b0000000000000000000000000000000000000000000000000000000000000101 
INFO: [Synth 8-6155] done synthesizing module 'spmw_const__parameterized4' (0#1) [/scratch/hc676/agentstudy/trials/z-ai_glm-5_3__spmw/build/sim/spmw_const.sv:3]
INFO: [Synth 8-6157] synthesizing module 'spmw_const__parameterized5' [/scratch/hc676/agentstudy/trials/z-ai_glm-5_3__spmw/build/sim/spmw_const.sv:3]
	Parameter DW bound to: 32 - type: integer 
	Parameter VAL bound to: 64'b0000000000000000000000000000000000000000000000000000000000000110 
INFO: [Synth 8-6155] done synthesizing module 'spmw_const__parameterized5' (0#1) [/scratch/hc676/agentstudy/trials/z-ai_glm-5_3__spmw/build/sim/spmw_const.sv:3]
INFO: [Synth 8-6157] synthesizing module 'spmw_const__parameterized6' [/scratch/hc676/agentstudy/trials/z-ai_glm-5_3__spmw/build/sim/spmw_const.sv:3]
	Parameter DW bound to: 32 - type: integer 
	Parameter VAL bound to: 64'b0000000000000000000000000000000000000000000000000000000000000111 
INFO: [Synth 8-6155] done synthesizing module 'spmw_const__parameterized6' (0#1) [/scratch/hc676/agentstudy/trials/z-ai_glm-5_3__spmw/build/sim/spmw_const.sv:3]
INFO: [Synth 8-6157] synthesizing module 'pe_r0' [/scratch/hc676/agentstudy/trials/z-ai_glm-5_3__spmw/build/sim/pe_r0.sv:3]
INFO: [Synth 8-6157] synthesizing module 'pe_r0_0' [/scratch/hc676/agentstudy/trials/z-ai_glm-5_3__spmw/build/sim/pe_r0_0.v:9]
INFO: [Synth 8-6157] synthesizing module 'pe_r0_0_pe_r0_0_Pipeline_VITIS_LOOP_32_1' [/scratch/hc676/agentstudy/trials/z-ai_glm-5_3__spmw/build/sim/pe_r0_0_pe_r0_0_Pipeline_VITIS_LOOP_32_1.v:9]
INFO: [Synth 8-6157] synthesizing module 'pe_r0_0_mac_muladd_8s_8s_32s_32_4_1' [/scratch/hc676/agentstudy/trials/z-ai_glm-5_3__spmw/build/sim/pe_r0_0_mac_muladd_8s_8s_32s_32_4_1.v:49]
	Parameter ID bound to: 1 - type: integer 
	Parameter NUM_STAGE bound to: 4 - type: integer 
	Parameter din0_WIDTH bound to: 8 - type: integer 
	Parameter din1_WIDTH bound to: 8 - type: integer 
	Parameter din2_WIDTH bound to: 32 - type: integer 
	Parameter dout_WIDTH bound to: 32 - type: integer 
INFO: [Synth 8-6157] synthesizing module 'pe_r0_0_mac_muladd_8s_8s_32s_32_4_1_DSP48_0' [/scratch/hc676/agentstudy/trials/z-ai_glm-5_3__spmw/build/sim/pe_r0_0_mac_muladd_8s_8s_32s_32_4_1.v:10]
INFO: [Synth 8-6155] done synthesizing module 'pe_r0_0_mac_muladd_8s_8s_32s_32_4_1_DSP48_0' (0#1) [/scratch/hc676/agentstudy/trials/z-ai_glm-5_3__spmw/build/sim/pe_r0_0_mac_muladd_8s_8s_32s_32_4_1.v:10]
INFO: [Synth 8-6155] done synthesizing module 'pe_r0_0_mac_muladd_8s_8s_32s_32_4_1' (0#1) [/scratch/hc676/agentstudy/trials/z-ai_glm-5_3__spmw/build/sim/pe_r0_0_mac_muladd_8s_8s_32s_32_4_1.v:49]
INFO: [Synth 8-6157] synthesizing module 'pe_r0_0_flow_control_loop_pipe_sequential_init' [/scratch/hc676/agentstudy/trials/z-ai_glm-5_3__spmw/build/sim/pe_r0_0_flow_control_loop_pipe_sequential_init.v:11]
INFO: [Synth 8-6155] done synthesizing module 'pe_r0_0_flow_control_loop_pipe_sequential_init' (0#1) [/scratch/hc676/agentstudy/trials/z-ai_glm-5_3__spmw/build/sim/pe_r0_0_flow_control_loop_pipe_sequential_init.v:11]
INFO: [Synth 8-6155] done synthesizing module 'pe_r0_0_pe_r0_0_Pipeline_VITIS_LOOP_32_1' (0#1) [/scratch/hc676/agentstudy/trials/z-ai_glm-5_3__spmw/build/sim/pe_r0_0_pe_r0_0_Pipeline_VITIS_LOOP_32_1.v:9]
INFO: [Synth 8-6157] synthesizing module 'pe_r0_0_pe_r0_0_Pipeline_VITIS_LOOP_57_2' [/scratch/hc676/agentstudy/trials/z-ai_glm-5_3__spmw/build/sim/pe_r0_0_pe_r0_0_Pipeline_VITIS_LOOP_57_2.v:9]
INFO: [Synth 8-6155] done synthesizing module 'pe_r0_0_pe_r0_0_Pipeline_VITIS_LOOP_57_2' (0#1) [/scratch/hc676/agentstudy/trials/z-ai_glm-5_3__spmw/build/sim/pe_r0_0_pe_r0_0_Pipeline_VITIS_LOOP_57_2.v:9]
INFO: [Synth 8-6155] done synthesizing module 'pe_r0_0' (0#1) [/scratch/hc676/agentstudy/trials/z-ai_glm-5_3__spmw/build/sim/pe_r0_0.v:9]
INFO: [Synth 8-6155] done synthesizing module 'pe_r0' (0#1) [/scratch/hc676/agentstudy/trials/z-ai_glm-5_3__spmw/build/sim/pe_r0.sv:3]
INFO: [Synth 8-6157] synthesizing module 'pe_r1' [/scratch/hc676/agentstudy/trials/z-ai_glm-5_3__spmw/build/sim/pe_r1.sv:3]
INFO: [Synth 8-6157] synthesizing module 'pe_r1_0' [/scratch/hc676/agentstudy/trials/z-ai_glm-5_3__spmw/build/sim/pe_r1_0.v:9]
INFO: [Synth 8-6157] synthesizing module 'pe_r1_0_pe_r1_0_Pipeline_VITIS_LOOP_31_1' [/scratch/hc676/agentstudy/trials/z-ai_glm-5_3__spmw/build/sim/pe_r1_0_pe_r1_0_Pipeline_VITIS_LOOP_31_1.v:9]
INFO: [Synth 8-6157] synthesizing module 'pe_r1_0_mac_muladd_8s_8s_32s_32_4_1' [/scratch/hc676/agentstudy/trials/z-ai_glm-5_3__spmw/build/sim/pe_r1_0_mac_muladd_8s_8s_32s_32_4_1.v:49]
	Parameter ID bound to: 1 - type: integer 
	Parameter NUM_STAGE bound to: 4 - type: integer 
	Parameter din0_WIDTH bound to: 8 - type: integer 
	Parameter din1_WIDTH bound to: 8 - type: integer 
	Parameter din2_WIDTH bound to: 32 - type: integer 
	Parameter dout_WIDTH bound to: 32 - type: integer 
INFO: [Synth 8-6157] synthesizing module 'pe_r1_0_mac_muladd_8s_8s_32s_32_4_1_DSP48_0' [/scratch/hc676/agentstudy/trials/z-ai_glm-5_3__spmw/build/sim/pe_r1_0_mac_muladd_8s_8s_32s_32_4_1.v:10]
INFO: [Synth 8-6155] done synthesizing module 'pe_r1_0_mac_muladd_8s_8s_32s_32_4_1_DSP48_0' (0#1) [/scratch/hc676/agentstudy/trials/z-ai_glm-5_3__spmw/build/sim/pe_r1_0_mac_muladd_8s_8s_32s_32_4_1.v:10]
INFO: [Synth 8-6155] done synthesizing module 'pe_r1_0_mac_muladd_8s_8s_32s_32_4_1' (0#1) [/scratch/hc676/agentstudy/trials/z-ai_glm-5_3__spmw/build/sim/pe_r1_0_mac_muladd_8s_8s_32s_32_4_1.v:49]
INFO: [Synth 8-6157] synthesizing module 'pe_r1_0_flow_control_loop_pipe_sequential_init' [/scratch/hc676/agentstudy/trials/z-ai_glm-5_3__spmw/build/sim/pe_r1_0_flow_control_loop_pipe_sequential_init.v:11]
INFO: [Synth 8-6155] done synthesizing module 'pe_r1_0_flow_control_loop_pipe_sequential_init' (0#1) [/scratch/hc676/agentstudy/trials/z-ai_glm-5_3__spmw/build/sim/pe_r1_0_flow_control_loop_pipe_sequential_init.v:11]
INFO: [Synth 8-6155] done synthesizing module 'pe_r1_0_pe_r1_0_Pipeline_VITIS_LOOP_31_1' (0#1) [/scratch/hc676/agentstudy/trials/z-ai_glm-5_3__spmw/build/sim/pe_r1_0_pe_r1_0_Pipeline_VITIS_LOOP_31_1.v:9]
INFO: [Synth 8-6157] synthesizing module 'pe_r1_0_pe_r1_0_Pipeline_VITIS_LOOP_54_2' [/scratch/hc676/agentstudy/trials/z-ai_glm-5_3__spmw/build/sim/pe_r1_0_pe_r1_0_Pipeline_VITIS_LOOP_54_2.v:9]
INFO: [Synth 8-6155] done synthesizing module 'pe_r1_0_pe_r1_0_Pipeline_VITIS_LOOP_54_2' (0#1) [/scratch/hc676/agentstudy/trials/z-ai_glm-5_3__spmw/build/sim/pe_r1_0_pe_r1_0_Pipeline_VITIS_LOOP_54_2.v:9]
INFO: [Synth 8-6155] done synthesizing module 'pe_r1_0' (0#1) [/scratch/hc676/agentstudy/trials/z-ai_glm-5_3__spmw/build/sim/pe_r1_0.v:9]
INFO: [Synth 8-6155] done synthesizing module 'pe_r1' (0#1) [/scratch/hc676/agentstudy/trials/z-ai_glm-5_3__spmw/build/sim/pe_r1.sv:3]
INFO: [Synth 8-6157] synthesizing module 'pe_r2' [/scratch/hc676/agentstudy/trials/z-ai_glm-5_3__spmw/build/sim/pe_r2.sv:3]
INFO: [Synth 8-6157] synthesizing module 'pe_r2_0' [/scratch/hc676/agentstudy/trials/z-ai_glm-5_3__spmw/build/sim/pe_r2_0.v:9]
INFO: [Synth 8-6157] synthesizing module 'pe_r2_0_pe_r2_0_Pipeline_VITIS_LOOP_32_1' [/scratch/hc676/agentstudy/trials/z-ai_glm-5_3__spmw/build/sim/pe_r2_0_pe_r2_0_Pipeline_VITIS_LOOP_32_1.v:9]
INFO: [Synth 8-6157] synthesizing module 'pe_r2_0_mac_muladd_8s_8s_32s_32_4_1' [/scratch/hc676/agentstudy/trials/z-ai_glm-5_3__spmw/build/sim/pe_r2_0_mac_muladd_8s_8s_32s_32_4_1.v:49]
	Parameter ID bound to: 1 - type: integer 
	Parameter NUM_STAGE bound to: 4 - type: integer 
	Parameter din0_WIDTH bound to: 8 - type: integer 
	Parameter din1_WIDTH bound to: 8 - type: integer 
	Parameter din2_WIDTH bound to: 32 - type: integer 
	Parameter dout_WIDTH bound to: 32 - type: integer 
INFO: [Synth 8-6157] synthesizing module 'pe_r2_0_mac_muladd_8s_8s_32s_32_4_1_DSP48_0' [/scratch/hc676/agentstudy/trials/z-ai_glm-5_3__spmw/build/sim/pe_r2_0_mac_muladd_8s_8s_32s_32_4_1.v:10]
INFO: [Synth 8-6155] done synthesizing module 'pe_r2_0_mac_muladd_8s_8s_32s_32_4_1_DSP48_0' (0#1) [/scratch/hc676/agentstudy/trials/z-ai_glm-5_3__spmw/build/sim/pe_r2_0_mac_muladd_8s_8s_32s_32_4_1.v:10]
INFO: [Synth 8-6155] done synthesizing module 'pe_r2_0_mac_muladd_8s_8s_32s_32_4_1' (0#1) [/scratch/hc676/agentstudy/trials/z-ai_glm-5_3__spmw/build/sim/pe_r2_0_mac_muladd_8s_8s_32s_32_4_1.v:49]
INFO: [Synth 8-6157] synthesizing module 'pe_r2_0_flow_control_loop_pipe_sequential_init' [/scratch/hc676/agentstudy/trials/z-ai_glm-5_3__spmw/build/sim/pe_r2_0_flow_control_loop_pipe_sequential_init.v:11]
INFO: [Synth 8-6155] done synthesizing module 'pe_r2_0_flow_control_loop_pipe_sequential_init' (0#1) [/scratch/hc676/agentstudy/trials/z-ai_glm-5_3__spmw/build/sim/pe_r2_0_flow_control_loop_pipe_sequential_init.v:11]
INFO: [Synth 8-6155] done synthesizing module 'pe_r2_0_pe_r2_0_Pipeline_VITIS_LOOP_32_1' (0#1) [/scratch/hc676/agentstudy/trials/z-ai_glm-5_3__spmw/build/sim/pe_r2_0_pe_r2_0_Pipeline_VITIS_LOOP_32_1.v:9]
INFO: [Synth 8-6157] synthesizing module 'pe_r2_0_pe_r2_0_Pipeline_VITIS_LOOP_57_2' [/scratch/hc676/agentstudy/trials/z-ai_glm-5_3__spmw/build/sim/pe_r2_0_pe_r2_0_Pipeline_VITIS_LOOP_57_2.v:9]
INFO: [Synth 8-6155] done synthesizing module 'pe_r2_0_pe_r2_0_Pipeline_VITIS_LOOP_57_2' (0#1) [/scratch/hc676/agentstudy/trials/z-ai_glm-5_3__spmw/build/sim/pe_r2_0_pe_r2_0_Pipeline_VITIS_LOOP_57_2.v:9]
INFO: [Synth 8-6155] done synthesizing module 'pe_r2_0' (0#1) [/scratch/hc676/agentstudy/trials/z-ai_glm-5_3__spmw/build/sim/pe_r2_0.v:9]
INFO: [Synth 8-6155] done synthesizing module 'pe_r2' (0#1) [/scratch/hc676/agentstudy/trials/z-ai_glm-5_3__spmw/build/sim/pe_r2.sv:3]
INFO: [Synth 8-6157] synthesizing module 'pe_r3' [/scratch/hc676/agentstudy/trials/z-ai_glm-5_3__spmw/build/sim/pe_r3.sv:3]
INFO: [Synth 8-6157] synthesizing module 'pe_r3_0' [/scratch/hc676/agentstudy/trials/z-ai_glm-5_3__spmw/build/sim/pe_r3_0.v:9]
INFO: [Synth 8-6157] synthesizing module 'pe_r3_0_pe_r3_0_Pipeline_l_S_k_1_k1' [/scratch/hc676/agentstudy/trials/z-ai_glm-5_3__spmw/build/sim/pe_r3_0_pe_r3_0_Pipeline_l_S_k_1_k1.v:9]
INFO: [Synth 8-6157] synthesizing module 'pe_r3_0_mac_muladd_8s_8s_19s_19_4_1' [/scratch/hc676/agentstudy/trials/z-ai_glm-5_3__spmw/build/sim/pe_r3_0_mac_muladd_8s_8s_19s_19_4_1.v:49]
	Parameter ID bound to: 1 - type: integer 
	Parameter NUM_STAGE bound to: 4 - type: integer 
	Parameter din0_WIDTH bound to: 8 - type: integer 
	Parameter din1_WIDTH bound to: 8 - type: integer 
	Parameter din2_WIDTH bound to: 19 - type: integer 
	Parameter dout_WIDTH bound to: 19 - type: integer 
INFO: [Synth 8-6157] synthesizing module 'pe_r3_0_mac_muladd_8s_8s_19s_19_4_1_DSP48_0' [/scratch/hc676/agentstudy/trials/z-ai_glm-5_3__spmw/build/sim/pe_r3_0_mac_muladd_8s_8s_19s_19_4_1.v:10]
INFO: [Synth 8-6155] done synthesizing module 'pe_r3_0_mac_muladd_8s_8s_19s_19_4_1_DSP48_0' (0#1) [/scratch/hc676/agentstudy/trials/z-ai_glm-5_3__spmw/build/sim/pe_r3_0_mac_muladd_8s_8s_19s_19_4_1.v:10]
INFO: [Synth 8-6155] done synthesizing module 'pe_r3_0_mac_muladd_8s_8s_19s_19_4_1' (0#1) [/scratch/hc676/agentstudy/trials/z-ai_glm-5_3__spmw/build/sim/pe_r3_0_mac_muladd_8s_8s_19s_19_4_1.v:49]
INFO: [Synth 8-6157] synthesizing module 'pe_r3_0_flow_control_loop_pipe_sequential_init' [/scratch/hc676/agentstudy/trials/z-ai_glm-5_3__spmw/build/sim/pe_r3_0_flow_control_loop_pipe_sequential_init.v:11]
INFO: [Synth 8-6155] done synthesizing module 'pe_r3_0_flow_control_loop_pipe_sequential_init' (0#1) [/scratch/hc676/agentstudy/trials/z-ai_glm-5_3__spmw/build/sim/pe_r3_0_flow_control_loop_pipe_sequential_init.v:11]
INFO: [Synth 8-6155] done synthesizing module 'pe_r3_0_pe_r3_0_Pipeline_l_S_k_1_k1' (0#1) [/scratch/hc676/agentstudy/trials/z-ai_glm-5_3__spmw/build/sim/pe_r3_0_pe_r3_0_Pipeline_l_S_k_1_k1.v:9]
INFO: [Synth 8-6157] synthesizing module 'pe_r3_0_mul_8s_8s_16_1_1' [/scratch/hc676/agentstudy/trials/z-ai_glm-5_3__spmw/build/sim/pe_r3_0_mul_8s_8s_16_1_1.v:5]
	Parameter ID bound to: 1 - type: integer 
	Parameter NUM_STAGE bound to: 1 - type: integer 
	Parameter din0_WIDTH bound to: 8 - type: integer 
	Parameter din1_WIDTH bound to: 8 - type: integer 
	Parameter dout_WIDTH bound to: 16 - type: integer 
INFO: [Synth 8-6155] done synthesizing module 'pe_r3_0_mul_8s_8s_16_1_1' (0#1) [/scratch/hc676/agentstudy/trials/z-ai_glm-5_3__spmw/build/sim/pe_r3_0_mul_8s_8s_16_1_1.v:5]
INFO: [Synth 8-6155] done synthesizing module 'pe_r3_0' (0#1) [/scratch/hc676/agentstudy/trials/z-ai_glm-5_3__spmw/build/sim/pe_r3_0.v:9]
INFO: [Synth 8-6155] done synthesizing module 'pe_r3' (0#1) [/scratch/hc676/agentstudy/trials/z-ai_glm-5_3__spmw/build/sim/pe_r3.sv:3]
INFO: [Synth 8-6157] synthesizing module 'pe_r4' [/scratch/hc676/agentstudy/trials/z-ai_glm-5_3__spmw/build/sim/pe_r4.sv:3]
INFO: [Synth 8-6157] synthesizing module 'pe_r4_0' [/scratch/hc676/agentstudy/trials/z-ai_glm-5_3__spmw/build/sim/pe_r4_0.v:9]
INFO: [Synth 8-6157] synthesizing module 'pe_r4_0_pe_r4_0_Pipeline_l_S_k_0_k' [/scratch/hc676/agentstudy/trials/z-ai_glm-5_3__spmw/build/sim/pe_r4_0_pe_r4_0_Pipeline_l_S_k_0_k.v:9]
INFO: [Synth 8-6157] synthesizing module 'pe_r4_0_mac_muladd_8s_8s_19s_19_4_1' [/scratch/hc676/agentstudy/trials/z-ai_glm-5_3__spmw/build/sim/pe_r4_0_mac_muladd_8s_8s_19s_19_4_1.v:49]
	Parameter ID bound to: 1 - type: integer 
	Parameter NUM_STAGE bound to: 4 - type: integer 
	Parameter din0_WIDTH bound to: 8 - type: integer 
	Parameter din1_WIDTH bound to: 8 - type: integer 
	Parameter din2_WIDTH bound to: 19 - type: integer 
	Parameter dout_WIDTH bound to: 19 - type: integer 
INFO: [Synth 8-6157] synthesizing module 'pe_r4_0_mac_muladd_8s_8s_19s_19_4_1_DSP48_0' [/scratch/hc676/agentstudy/trials/z-ai_glm-5_3__spmw/build/sim/pe_r4_0_mac_muladd_8s_8s_19s_19_4_1.v:10]
INFO: [Synth 8-6155] done synthesizing module 'pe_r4_0_mac_muladd_8s_8s_19s_19_4_1_DSP48_0' (0#1) [/scratch/hc676/agentstudy/trials/z-ai_glm-5_3__spmw/build/sim/pe_r4_0_mac_muladd_8s_8s_19s_19_4_1.v:10]
INFO: [Synth 8-6155] done synthesizing module 'pe_r4_0_mac_muladd_8s_8s_19s_19_4_1' (0#1) [/scratch/hc676/agentstudy/trials/z-ai_glm-5_3__spmw/build/sim/pe_r4_0_mac_muladd_8s_8s_19s_19_4_1.v:49]
INFO: [Synth 8-6157] synthesizing module 'pe_r4_0_flow_control_loop_pipe_sequential_init' [/scratch/hc676/agentstudy/trials/z-ai_glm-5_3__spmw/build/sim/pe_r4_0_flow_control_loop_pipe_sequential_init.v:11]
INFO: [Synth 8-6155] done synthesizing module 'pe_r4_0_flow_control_loop_pipe_sequential_init' (0#1) [/scratch/hc676/agentstudy/trials/z-ai_glm-5_3__spmw/build/sim/pe_r4_0_flow_control_loop_pipe_sequential_init.v:11]
INFO: [Synth 8-6155] done synthesizing module 'pe_r4_0_pe_r4_0_Pipeline_l_S_k_0_k' (0#1) [/scratch/hc676/agentstudy/trials/z-ai_glm-5_3__spmw/build/sim/pe_r4_0_pe_r4_0_Pipeline_l_S_k_0_k.v:9]
INFO: [Synth 8-6155] done synthesizing module 'pe_r4_0' (0#1) [/scratch/hc676/agentstudy/trials/z-ai_glm-5_3__spmw/build/sim/pe_r4_0.v:9]
INFO: [Synth 8-6155] done synthesizing module 'pe_r4' (0#1) [/scratch/hc676/agentstudy/trials/z-ai_glm-5_3__spmw/build/sim/pe_r4.sv:3]
INFO: [Synth 8-6157] synthesizing module 'pe_r5' [/scratch/hc676/agentstudy/trials/z-ai_glm-5_3__spmw/build/sim/pe_r5.sv:3]
INFO: [Synth 8-6157] synthesizing module 'pe_r5_0' [/scratch/hc676/agentstudy/trials/z-ai_glm-5_3__spmw/build/sim/pe_r5_0.v:9]
INFO: [Synth 8-6157] synthesizing module 'pe_r5_0_pe_r5_0_Pipeline_l_S_k_1_k1' [/scratch/hc676/agentstudy/trials/z-ai_glm-5_3__spmw/build/sim/pe_r5_0_pe_r5_0_Pipeline_l_S_k_1_k1.v:9]
INFO: [Synth 8-6157] synthesizing module 'pe_r5_0_mac_muladd_8s_8s_19s_19_4_1' [/scratch/hc676/agentstudy/trials/z-ai_glm-5_3__spmw/build/sim/pe_r5_0_mac_muladd_8s_8s_19s_19_4_1.v:49]
	Parameter ID bound to: 1 - type: integer 
	Parameter NUM_STAGE bound to: 4 - type: integer 
	Parameter din0_WIDTH bound to: 8 - type: integer 
	Parameter din1_WIDTH bound to: 8 - type: integer 
	Parameter din2_WIDTH bound to: 19 - type: integer 
	Parameter dout_WIDTH bound to: 19 - type: integer 
INFO: [Synth 8-6157] synthesizing module 'pe_r5_0_mac_muladd_8s_8s_19s_19_4_1_DSP48_0' [/scratch/hc676/agentstudy/trials/z-ai_glm-5_3__spmw/build/sim/pe_r5_0_mac_muladd_8s_8s_19s_19_4_1.v:10]
INFO: [Synth 8-6155] done synthesizing module 'pe_r5_0_mac_muladd_8s_8s_19s_19_4_1_DSP48_0' (0#1) [/scratch/hc676/agentstudy/trials/z-ai_glm-5_3__spmw/build/sim/pe_r5_0_mac_muladd_8s_8s_19s_19_4_1.v:10]
INFO: [Synth 8-6155] done synthesizing module 'pe_r5_0_mac_muladd_8s_8s_19s_19_4_1' (0#1) [/scratch/hc676/agentstudy/trials/z-ai_glm-5_3__spmw/build/sim/pe_r5_0_mac_muladd_8s_8s_19s_19_4_1.v:49]
INFO: [Synth 8-6157] synthesizing module 'pe_r5_0_flow_control_loop_pipe_sequential_init' [/scratch/hc676/agentstudy/trials/z-ai_glm-5_3__spmw/build/sim/pe_r5_0_flow_control_loop_pipe_sequential_init.v:11]
INFO: [Synth 8-6155] done synthesizing module 'pe_r5_0_flow_control_loop_pipe_sequential_init' (0#1) [/scratch/hc676/agentstudy/trials/z-ai_glm-5_3__spmw/build/sim/pe_r5_0_flow_control_loop_pipe_sequential_init.v:11]
INFO: [Synth 8-6155] done synthesizing module 'pe_r5_0_pe_r5_0_Pipeline_l_S_k_1_k1' (0#1) [/scratch/hc676/agentstudy/trials/z-ai_glm-5_3__spmw/build/sim/pe_r5_0_pe_r5_0_Pipeline_l_S_k_1_k1.v:9]
INFO: [Synth 8-6157] synthesizing module 'pe_r5_0_mul_8s_8s_16_1_1' [/scratch/hc676/agentstudy/trials/z-ai_glm-5_3__spmw/build/sim/pe_r5_0_mul_8s_8s_16_1_1.v:5]
	Parameter ID bound to: 1 - type: integer 
	Parameter NUM_STAGE bound to: 1 - type: integer 
	Parameter din0_WIDTH bound to: 8 - type: integer 
	Parameter din1_WIDTH bound to: 8 - type: integer 
	Parameter dout_WIDTH bound to: 16 - type: integer 
INFO: [Synth 8-6155] done synthesizing module 'pe_r5_0_mul_8s_8s_16_1_1' (0#1) [/scratch/hc676/agentstudy/trials/z-ai_glm-5_3__spmw/build/sim/pe_r5_0_mul_8s_8s_16_1_1.v:5]
INFO: [Synth 8-6155] done synthesizing module 'pe_r5_0' (0#1) [/scratch/hc676/agentstudy/trials/z-ai_glm-5_3__spmw/build/sim/pe_r5_0.v:9]
INFO: [Synth 8-6155] done synthesizing module 'pe_r5' (0#1) [/scratch/hc676/agentstudy/trials/z-ai_glm-5_3__spmw/build/sim/pe_r5.sv:3]
INFO: [Synth 8-6157] synthesizing module 'pe_r6' [/scratch/hc676/agentstudy/trials/z-ai_glm-5_3__spmw/build/sim/pe_r6.sv:3]
INFO: [Synth 8-6157] synthesizing module 'pe_r6_0' [/scratch/hc676/agentstudy/trials/z-ai_glm-5_3__spmw/build/sim/pe_r6_0.v:9]
INFO: [Synth 8-6157] synthesizing module 'pe_r6_0_pe_r6_0_Pipeline_l_S_k_1_k1' [/scratch/hc676/agentstudy/trials/z-ai_glm-5_3__spmw/build/sim/pe_r6_0_pe_r6_0_Pipeline_l_S_k_1_k1.v:9]
INFO: [Synth 8-6157] synthesizing module 'pe_r6_0_mac_muladd_8s_8s_19s_19_4_1' [/scratch/hc676/agentstudy/trials/z-ai_glm-5_3__spmw/build/sim/pe_r6_0_mac_muladd_8s_8s_19s_19_4_1.v:49]
	Parameter ID bound to: 1 - type: integer 
	Parameter NUM_STAGE bound to: 4 - type: integer 
	Parameter din0_WIDTH bound to: 8 - type: integer 
	Parameter din1_WIDTH bound to: 8 - type: integer 
	Parameter din2_WIDTH bound to: 19 - type: integer 
	Parameter dout_WIDTH bound to: 19 - type: integer 
INFO: [Synth 8-6157] synthesizing module 'pe_r6_0_mac_muladd_8s_8s_19s_19_4_1_DSP48_0' [/scratch/hc676/agentstudy/trials/z-ai_glm-5_3__spmw/build/sim/pe_r6_0_mac_muladd_8s_8s_19s_19_4_1.v:10]
INFO: [Synth 8-6155] done synthesizing module 'pe_r6_0_mac_muladd_8s_8s_19s_19_4_1_DSP48_0' (0#1) [/scratch/hc676/agentstudy/trials/z-ai_glm-5_3__spmw/build/sim/pe_r6_0_mac_muladd_8s_8s_19s_19_4_1.v:10]
INFO: [Synth 8-6155] done synthesizing module 'pe_r6_0_mac_muladd_8s_8s_19s_19_4_1' (0#1) [/scratch/hc676/agentstudy/trials/z-ai_glm-5_3__spmw/build/sim/pe_r6_0_mac_muladd_8s_8s_19s_19_4_1.v:49]
INFO: [Synth 8-6157] synthesizing module 'pe_r6_0_flow_control_loop_pipe_sequential_init' [/scratch/hc676/agentstudy/trials/z-ai_glm-5_3__spmw/build/sim/pe_r6_0_flow_control_loop_pipe_sequential_init.v:11]
INFO: [Synth 8-6155] done synthesizing module 'pe_r6_0_flow_control_loop_pipe_sequential_init' (0#1) [/scratch/hc676/agentstudy/trials/z-ai_glm-5_3__spmw/build/sim/pe_r6_0_flow_control_loop_pipe_sequential_init.v:11]
INFO: [Synth 8-6155] done synthesizing module 'pe_r6_0_pe_r6_0_Pipeline_l_S_k_1_k1' (0#1) [/scratch/hc676/agentstudy/trials/z-ai_glm-5_3__spmw/build/sim/pe_r6_0_pe_r6_0_Pipeline_l_S_k_1_k1.v:9]
INFO: [Synth 8-6157] synthesizing module 'pe_r6_0_mul_8s_8s_16_1_1' [/scratch/hc676/agentstudy/trials/z-ai_glm-5_3__spmw/build/sim/pe_r6_0_mul_8s_8s_16_1_1.v:5]
	Parameter ID bound to: 1 - type: integer 
	Parameter NUM_STAGE bound to: 1 - type: integer 
	Parameter din0_WIDTH bound to: 8 - type: integer 
	Parameter din1_WIDTH bound to: 8 - type: integer 
	Parameter dout_WIDTH bound to: 16 - type: integer 
INFO: [Synth 8-6155] done synthesizing module 'pe_r6_0_mul_8s_8s_16_1_1' (0#1) [/scratch/hc676/agentstudy/trials/z-ai_glm-5_3__spmw/build/sim/pe_r6_0_mul_8s_8s_16_1_1.v:5]
INFO: [Synth 8-6155] done synthesizing module 'pe_r6_0' (0#1) [/scratch/hc676/agentstudy/trials/z-ai_glm-5_3__spmw/build/sim/pe_r6_0.v:9]
INFO: [Synth 8-6155] done synthesizing module 'pe_r6' (0#1) [/scratch/hc676/agentstudy/trials/z-ai_glm-5_3__spmw/build/sim/pe_r6.sv:3]
INFO: [Synth 8-6157] synthesizing module 'pe_r7' [/scratch/hc676/agentstudy/trials/z-ai_glm-5_3__spmw/build/sim/pe_r7.sv:3]
INFO: [Synth 8-6157] synthesizing module 'pe_r7_0' [/scratch/hc676/agentstudy/trials/z-ai_glm-5_3__spmw/build/sim/pe_r7_0.v:9]
INFO: [Synth 8-6157] synthesizing module 'pe_r7_0_pe_r7_0_Pipeline_l_S_k_0_k' [/scratch/hc676/agentstudy/trials/z-ai_glm-5_3__spmw/build/sim/pe_r7_0_pe_r7_0_Pipeline_l_S_k_0_k.v:9]
INFO: [Synth 8-6157] synthesizing module 'pe_r7_0_mac_muladd_8s_8s_19s_19_4_1' [/scratch/hc676/agentstudy/trials/z-ai_glm-5_3__spmw/build/sim/pe_r7_0_mac_muladd_8s_8s_19s_19_4_1.v:49]
	Parameter ID bound to: 1 - type: integer 
	Parameter NUM_STAGE bound to: 4 - type: integer 
	Parameter din0_WIDTH bound to: 8 - type: integer 
	Parameter din1_WIDTH bound to: 8 - type: integer 
	Parameter din2_WIDTH bound to: 19 - type: integer 
	Parameter dout_WIDTH bound to: 19 - type: integer 
INFO: [Synth 8-6157] synthesizing module 'pe_r7_0_mac_muladd_8s_8s_19s_19_4_1_DSP48_0' [/scratch/hc676/agentstudy/trials/z-ai_glm-5_3__spmw/build/sim/pe_r7_0_mac_muladd_8s_8s_19s_19_4_1.v:10]
INFO: [Synth 8-6155] done synthesizing module 'pe_r7_0_mac_muladd_8s_8s_19s_19_4_1_DSP48_0' (0#1) [/scratch/hc676/agentstudy/trials/z-ai_glm-5_3__spmw/build/sim/pe_r7_0_mac_muladd_8s_8s_19s_19_4_1.v:10]
INFO: [Synth 8-6155] done synthesizing module 'pe_r7_0_mac_muladd_8s_8s_19s_19_4_1' (0#1) [/scratch/hc676/agentstudy/trials/z-ai_glm-5_3__spmw/build/sim/pe_r7_0_mac_muladd_8s_8s_19s_19_4_1.v:49]
INFO: [Synth 8-6157] synthesizing module 'pe_r7_0_flow_control_loop_pipe_sequential_init' [/scratch/hc676/agentstudy/trials/z-ai_glm-5_3__spmw/build/sim/pe_r7_0_flow_control_loop_pipe_sequential_init.v:11]
INFO: [Synth 8-6155] done synthesizing module 'pe_r7_0_flow_control_loop_pipe_sequential_init' (0#1) [/scratch/hc676/agentstudy/trials/z-ai_glm-5_3__spmw/build/sim/pe_r7_0_flow_control_loop_pipe_sequential_init.v:11]
INFO: [Synth 8-6155] done synthesizing module 'pe_r7_0_pe_r7_0_Pipeline_l_S_k_0_k' (0#1) [/scratch/hc676/agentstudy/trials/z-ai_glm-5_3__spmw/build/sim/pe_r7_0_pe_r7_0_Pipeline_l_S_k_0_k.v:9]
INFO: [Synth 8-6155] done synthesizing module 'pe_r7_0' (0#1) [/scratch/hc676/agentstudy/trials/z-ai_glm-5_3__spmw/build/sim/pe_r7_0.v:9]
INFO: [Synth 8-6155] done synthesizing module 'pe_r7' (0#1) [/scratch/hc676/agentstudy/trials/z-ai_glm-5_3__spmw/build/sim/pe_r7.sv:3]
INFO: [Synth 8-6157] synthesizing module 'pe_r8' [/scratch/hc676/agentstudy/trials/z-ai_glm-5_3__spmw/build/sim/pe_r8.sv:3]
INFO: [Synth 8-6157] synthesizing module 'pe_r8_0' [/scratch/hc676/agentstudy/trials/z-ai_glm-5_3__spmw/build/sim/pe_r8_0.v:9]
INFO: [Synth 8-6157] synthesizing module 'pe_r8_0_pe_r8_0_Pipeline_l_S_k_0_k' [/scratch/hc676/agentstudy/trials/z-ai_glm-5_3__spmw/build/sim/pe_r8_0_pe_r8_0_Pipeline_l_S_k_0_k.v:9]
INFO: [Synth 8-6157] synthesizing module 'pe_r8_0_mac_muladd_8s_8s_19s_19_4_1' [/scratch/hc676/agentstudy/trials/z-ai_glm-5_3__spmw/build/sim/pe_r8_0_mac_muladd_8s_8s_19s_19_4_1.v:49]
	Parameter ID bound to: 1 - type: integer 
	Parameter NUM_STAGE bound to: 4 - type: integer 
	Parameter din0_WIDTH bound to: 8 - type: integer 
	Parameter din1_WIDTH bound to: 8 - type: integer 
	Parameter din2_WIDTH bound to: 19 - type: integer 
	Parameter dout_WIDTH bound to: 19 - type: integer 
INFO: [Synth 8-6157] synthesizing module 'pe_r8_0_mac_muladd_8s_8s_19s_19_4_1_DSP48_0' [/scratch/hc676/agentstudy/trials/z-ai_glm-5_3__spmw/build/sim/pe_r8_0_mac_muladd_8s_8s_19s_19_4_1.v:10]
INFO: [Synth 8-6155] done synthesizing module 'pe_r8_0_mac_muladd_8s_8s_19s_19_4_1_DSP48_0' (0#1) [/scratch/hc676/agentstudy/trials/z-ai_glm-5_3__spmw/build/sim/pe_r8_0_mac_muladd_8s_8s_19s_19_4_1.v:10]
INFO: [Synth 8-6155] done synthesizing module 'pe_r8_0_mac_muladd_8s_8s_19s_19_4_1' (0#1) [/scratch/hc676/agentstudy/trials/z-ai_glm-5_3__spmw/build/sim/pe_r8_0_mac_muladd_8s_8s_19s_19_4_1.v:49]
INFO: [Synth 8-6157] synthesizing module 'pe_r8_0_flow_control_loop_pipe_sequential_init' [/scratch/hc676/agentstudy/trials/z-ai_glm-5_3__spmw/build/sim/pe_r8_0_flow_control_loop_pipe_sequential_init.v:11]
INFO: [Synth 8-6155] done synthesizing module 'pe_r8_0_flow_control_loop_pipe_sequential_init' (0#1) [/scratch/hc676/agentstudy/trials/z-ai_glm-5_3__spmw/build/sim/pe_r8_0_flow_control_loop_pipe_sequential_init.v:11]
INFO: [Synth 8-6155] done synthesizing module 'pe_r8_0_pe_r8_0_Pipeline_l_S_k_0_k' (0#1) [/scratch/hc676/agentstudy/trials/z-ai_glm-5_3__spmw/build/sim/pe_r8_0_pe_r8_0_Pipeline_l_S_k_0_k.v:9]
INFO: [Synth 8-6155] done synthesizing module 'pe_r8_0' (0#1) [/scratch/hc676/agentstudy/trials/z-ai_glm-5_3__spmw/build/sim/pe_r8_0.v:9]
INFO: [Synth 8-6155] done synthesizing module 'pe_r8' (0#1) [/scratch/hc676/agentstudy/trials/z-ai_glm-5_3__spmw/build/sim/pe_r8.sv:3]
INFO: [Synth 8-6155] done synthesizing module 'spmw_top' (0#1) [/scratch/hc676/agentstudy/trials/z-ai_glm-5_3__spmw/build/sim/spmw_top.sv:3]
INFO: [Synth 8-6155] done synthesizing module 'dut_norm' (0#1) [/scratch/hc676/agentstudy/trials/z-ai_glm-5_3__spmw/build/sim/dut_norm.sv:3]
WARNING: [Synth 8-3848] Net pe_a_out_a_in_din[0] in module/entity spmw_top does not have driver. [/scratch/hc676/agentstudy/trials/z-ai_glm-5_3__spmw/build/sim/spmw_top.sv:17]
WARNING: [Synth 8-3848] Net pe_a_out_a_in_din[8] in module/entity spmw_top does not have driver. [/scratch/hc676/agentstudy/trials/z-ai_glm-5_3__spmw/build/sim/spmw_top.sv:17]
WARNING: [Synth 8-3848] Net pe_a_out_a_in_din[16] in module/entity spmw_top does not have driver. [/scratch/hc676/agentstudy/trials/z-ai_glm-5_3__spmw/build/sim/spmw_top.sv:17]
WARNING: [Synth 8-3848] Net pe_a_out_a_in_din[24] in module/entity spmw_top does not have driver. [/scratch/hc676/agentstudy/trials/z-ai_glm-5_3__spmw/build/sim/spmw_top.sv:17]
WARNING: [Synth 8-3848] Net pe_a_out_a_in_din[32] in module/entity spmw_top does not have driver. [/scratch/hc676/agentstudy/trials/z-ai_glm-5_3__spmw/build/sim/spmw_top.sv:17]
WARNING: [Synth 8-3848] Net pe_a_out_a_in_din[40] in module/entity spmw_top does not have driver. [/scratch/hc676/agentstudy/trials/z-ai_glm-5_3__spmw/build/sim/spmw_top.sv:17]
WARNING: [Synth 8-3848] Net pe_a_out_a_in_din[48] in module/entity spmw_top does not have driver. [/scratch/hc676/agentstudy/trials/z-ai_glm-5_3__spmw/build/sim/spmw_top.sv:17]
WARNING: [Synth 8-3848] Net pe_a_out_a_in_din[56] in module/entity spmw_top does not have driver. [/scratch/hc676/agentstudy/trials/z-ai_glm-5_3__spmw/build/sim/spmw_top.sv:17]
WARNING: [Synth 8-3848] Net pe_a_out_a_in_write[0] in module/entity spmw_top does not have driver. [/scratch/hc676/agentstudy/trials/z-ai_glm-5_3__spmw/build/sim/spmw_top.sv:20]
WARNING: [Synth 8-3848] Net pe_a_out_a_in_write[8] in module/entity spmw_top does not have driver. [/scratch/hc676/agentstudy/trials/z-ai_glm-5_3__spmw/build/sim/spmw_top.sv:20]
WARNING: [Synth 8-3848] Net pe_a_out_a_in_write[16] in module/entity spmw_top does not have driver. [/scratch/hc676/agentstudy/trials/z-ai_glm-5_3__spmw/build/sim/spmw_top.sv:20]
WARNING: [Synth 8-3848] Net pe_a_out_a_in_write[24] in module/entity spmw_top does not have driver. [/scratch/hc676/agentstudy/trials/z-ai_glm-5_3__spmw/build/sim/spmw_top.sv:20]
WARNING: [Synth 8-3848] Net pe_a_out_a_in_write[32] in module/entity spmw_top does not have driver. [/scratch/hc676/agentstudy/trials/z-ai_glm-5_3__spmw/build/sim/spmw_top.sv:20]
WARNING: [Synth 8-3848] Net pe_a_out_a_in_write[40] in module/entity spmw_top does not have driver. [/scratch/hc676/agentstudy/trials/z-ai_glm-5_3__spmw/build/sim/spmw_top.sv:20]
WARNING: [Synth 8-3848] Net pe_a_out_a_in_write[48] in module/entity spmw_top does not have driver. [/scratch/hc676/agentstudy/trials/z-ai_glm-5_3__spmw/build/sim/spmw_top.sv:20]
WARNING: [Synth 8-3848] Net pe_a_out_a_in_write[56] in module/entity spmw_top does not have driver. [/scratch/hc676/agentstudy/trials/z-ai_glm-5_3__spmw/build/sim/spmw_top.sv:20]
WARNING: [Synth 8-3848] Net pe_a_out_a_in_read[0] in module/entity spmw_top does not have driver. [/scratch/hc676/agentstudy/trials/z-ai_glm-5_3__spmw/build/sim/spmw_top.sv:22]
WARNING: [Synth 8-3848] Net pe_a_out_a_in_read[8] in module/entity spmw_top does not have driver. [/scratch/hc676/agentstudy/trials/z-ai_glm-5_3__spmw/build/sim/spmw_top.sv:22]
WARNING: [Synth 8-3848] Net pe_a_out_a_in_read[16] in module/entity spmw_top does not have driver. [/scratch/hc676/agentstudy/trials/z-ai_glm-5_3__spmw/build/sim/spmw_top.sv:22]
WARNING: [Synth 8-3848] Net pe_a_out_a_in_read[24] in module/entity spmw_top does not have driver. [/scratch/hc676/agentstudy/trials/z-ai_glm-5_3__spmw/build/sim/spmw_top.sv:22]
WARNING: [Synth 8-3848] Net pe_a_out_a_in_read[32] in module/entity spmw_top does not have driver. [/scratch/hc676/agentstudy/trials/z-ai_glm-5_3__spmw/build/sim/spmw_top.sv:22]
WARNING: [Synth 8-3848] Net pe_a_out_a_in_read[40] in module/entity spmw_top does not have driver. [/scratch/hc676/agentstudy/trials/z-ai_glm-5_3__spmw/build/sim/spmw_top.sv:22]
WARNING: [Synth 8-3848] Net pe_a_out_a_in_read[48] in module/entity spmw_top does not have driver. [/scratch/hc676/agentstudy/trials/z-ai_glm-5_3__spmw/build/sim/spmw_top.sv:22]
WARNING: [Synth 8-3848] Net pe_a_out_a_in_read[56] in module/entity spmw_top does not have driver. [/scratch/hc676/agentstudy/trials/z-ai_glm-5_3__spmw/build/sim/spmw_top.sv:22]
WARNING: [Synth 8-3848] Net pe_b_out_b_in_din[0] in module/entity spmw_top does not have driver. [/scratch/hc676/agentstudy/trials/z-ai_glm-5_3__spmw/build/sim/spmw_top.sv:30]
WARNING: [Synth 8-3848] Net pe_b_out_b_in_din[1] in module/entity spmw_top does not have driver. [/scratch/hc676/agentstudy/trials/z-ai_glm-5_3__spmw/build/sim/spmw_top.sv:30]
WARNING: [Synth 8-3848] Net pe_b_out_b_in_din[2] in module/entity spmw_top does not have driver. [/scratch/hc676/agentstudy/trials/z-ai_glm-5_3__spmw/build/sim/spmw_top.sv:30]
WARNING: [Synth 8-3848] Net pe_b_out_b_in_din[3] in module/entity spmw_top does not have driver. [/scratch/hc676/agentstudy/trials/z-ai_glm-5_3__spmw/build/sim/spmw_top.sv:30]
WARNING: [Synth 8-3848] Net pe_b_out_b_in_din[4] in module/entity spmw_top does not have driver. [/scratch/hc676/agentstudy/trials/z-ai_glm-5_3__spmw/build/sim/spmw_top.sv:30]
WARNING: [Synth 8-3848] Net pe_b_out_b_in_din[5] in module/entity spmw_top does not have driver. [/scratch/hc676/agentstudy/trials/z-ai_glm-5_3__spmw/build/sim/spmw_top.sv:30]
WARNING: [Synth 8-3848] Net pe_b_out_b_in_din[6] in module/entity spmw_top does not have driver. [/scratch/hc676/agentstudy/trials/z-ai_glm-5_3__spmw/build/sim/spmw_top.sv:30]
WARNING: [Synth 8-3848] Net pe_b_out_b_in_din[7] in module/entity spmw_top does not have driver. [/scratch/hc676/agentstudy/trials/z-ai_glm-5_3__spmw/build/sim/spmw_top.sv:30]
WARNING: [Synth 8-3848] Net pe_b_out_b_in_write[0] in module/entity spmw_top does not have driver. [/scratch/hc676/agentstudy/trials/z-ai_glm-5_3__spmw/build/sim/spmw_top.sv:33]
WARNING: [Synth 8-3848] Net pe_b_out_b_in_write[1] in module/entity spmw_top does not have driver. [/scratch/hc676/agentstudy/trials/z-ai_glm-5_3__spmw/build/sim/spmw_top.sv:33]
WARNING: [Synth 8-3848] Net pe_b_out_b_in_write[2] in module/entity spmw_top does not have driver. [/scratch/hc676/agentstudy/trials/z-ai_glm-5_3__spmw/build/sim/spmw_top.sv:33]
WARNING: [Synth 8-3848] Net pe_b_out_b_in_write[3] in module/entity spmw_top does not have driver. [/scratch/hc676/agentstudy/trials/z-ai_glm-5_3__spmw/build/sim/spmw_top.sv:33]
WARNING: [Synth 8-3848] Net pe_b_out_b_in_write[4] in module/entity spmw_top does not have driver. [/scratch/hc676/agentstudy/trials/z-ai_glm-5_3__spmw/build/sim/spmw_top.sv:33]
WARNING: [Synth 8-3848] Net pe_b_out_b_in_write[5] in module/entity spmw_top does not have driver. [/scratch/hc676/agentstudy/trials/z-ai_glm-5_3__spmw/build/sim/spmw_top.sv:33]
WARNING: [Synth 8-3848] Net pe_b_out_b_in_write[6] in module/entity spmw_top does not have driver. [/scratch/hc676/agentstudy/trials/z-ai_glm-5_3__spmw/build/sim/spmw_top.sv:33]
WARNING: [Synth 8-3848] Net pe_b_out_b_in_write[7] in module/entity spmw_top does not have driver. [/scratch/hc676/agentstudy/trials/z-ai_glm-5_3__spmw/build/sim/spmw_top.sv:33]
WARNING: [Synth 8-3848] Net pe_b_out_b_in_read[0] in module/entity spmw_top does not have driver. [/scratch/hc676/agentstudy/trials/z-ai_glm-5_3__spmw/build/sim/spmw_top.sv:35]
WARNING: [Synth 8-3848] Net pe_b_out_b_in_read[1] in module/entity spmw_top does not have driver. [/scratch/hc676/agentstudy/trials/z-ai_glm-5_3__spmw/build/sim/spmw_top.sv:35]
WARNING: [Synth 8-3848] Net pe_b_out_b_in_read[2] in module/entity spmw_top does not have driver. [/scratch/hc676/agentstudy/trials/z-ai_glm-5_3__spmw/build/sim/spmw_top.sv:35]
WARNING: [Synth 8-3848] Net pe_b_out_b_in_read[3] in module/entity spmw_top does not have driver. [/scratch/hc676/agentstudy/trials/z-ai_glm-5_3__spmw/build/sim/spmw_top.sv:35]
WARNING: [Synth 8-3848] Net pe_b_out_b_in_read[4] in module/entity spmw_top does not have driver. [/scratch/hc676/agentstudy/trials/z-ai_glm-5_3__spmw/build/sim/spmw_top.sv:35]
WARNING: [Synth 8-3848] Net pe_b_out_b_in_read[5] in module/entity spmw_top does not have driver. [/scratch/hc676/agentstudy/trials/z-ai_glm-5_3__spmw/build/sim/spmw_top.sv:35]
WARNING: [Synth 8-3848] Net pe_b_out_b_in_read[6] in module/entity spmw_top does not have driver. [/scratch/hc676/agentstudy/trials/z-ai_glm-5_3__spmw/build/sim/spmw_top.sv:35]
WARNING: [Synth 8-3848] Net pe_b_out_b_in_read[7] in module/entity spmw_top does not have driver. [/scratch/hc676/agentstudy/trials/z-ai_glm-5_3__spmw/build/sim/spmw_top.sv:35]
WARNING: [Synth 8-3848] Net pe_c_out_c_in_din[0] in module/entity spmw_top does not have driver. [/scratch/hc676/agentstudy/trials/z-ai_glm-5_3__spmw/build/sim/spmw_top.sv:43]
WARNING: [Synth 8-3848] Net pe_c_out_c_in_din[8] in module/entity spmw_top does not have driver. [/scratch/hc676/agentstudy/trials/z-ai_glm-5_3__spmw/build/sim/spmw_top.sv:43]
WARNING: [Synth 8-3848] Net pe_c_out_c_in_din[16] in module/entity spmw_top does not have driver. [/scratch/hc676/agentstudy/trials/z-ai_glm-5_3__spmw/build/sim/spmw_top.sv:43]
WARNING: [Synth 8-3848] Net pe_c_out_c_in_din[24] in module/entity spmw_top does not have driver. [/scratch/hc676/agentstudy/trials/z-ai_glm-5_3__spmw/build/sim/spmw_top.sv:43]
WARNING: [Synth 8-3848] Net pe_c_out_c_in_din[32] in module/entity spmw_top does not have driver. [/scratch/hc676/agentstudy/trials/z-ai_glm-5_3__spmw/build/sim/spmw_top.sv:43]
WARNING: [Synth 8-3848] Net pe_c_out_c_in_din[40] in module/entity spmw_top does not have driver. [/scratch/hc676/agentstudy/trials/z-ai_glm-5_3__spmw/build/sim/spmw_top.sv:43]
WARNING: [Synth 8-3848] Net pe_c_out_c_in_din[48] in module/entity spmw_top does not have driver. [/scratch/hc676/agentstudy/trials/z-ai_glm-5_3__spmw/build/sim/spmw_top.sv:43]
WARNING: [Synth 8-3848] Net pe_c_out_c_in_din[56] in module/entity spmw_top does not have driver. [/scratch/hc676/agentstudy/trials/z-ai_glm-5_3__spmw/build/sim/spmw_top.sv:43]
WARNING: [Synth 8-3848] Net pe_c_out_c_in_write[0] in module/entity spmw_top does not have driver. [/scratch/hc676/agentstudy/trials/z-ai_glm-5_3__spmw/build/sim/spmw_top.sv:46]
WARNING: [Synth 8-3848] Net pe_c_out_c_in_write[8] in module/entity spmw_top does not have driver. [/scratch/hc676/agentstudy/trials/z-ai_glm-5_3__spmw/build/sim/spmw_top.sv:46]
WARNING: [Synth 8-3848] Net pe_c_out_c_in_write[16] in module/entity spmw_top does not have driver. [/scratch/hc676/agentstudy/trials/z-ai_glm-5_3__spmw/build/sim/spmw_top.sv:46]
WARNING: [Synth 8-3848] Net pe_c_out_c_in_write[24] in module/entity spmw_top does not have driver. [/scratch/hc676/agentstudy/trials/z-ai_glm-5_3__spmw/build/sim/spmw_top.sv:46]
WARNING: [Synth 8-3848] Net pe_c_out_c_in_write[32] in module/entity spmw_top does not have driver. [/scratch/hc676/agentstudy/trials/z-ai_glm-5_3__spmw/build/sim/spmw_top.sv:46]
WARNING: [Synth 8-3848] Net pe_c_out_c_in_write[40] in module/entity spmw_top does not have driver. [/scratch/hc676/agentstudy/trials/z-ai_glm-5_3__spmw/build/sim/spmw_top.sv:46]
WARNING: [Synth 8-3848] Net pe_c_out_c_in_write[48] in module/entity spmw_top does not have driver. [/scratch/hc676/agentstudy/trials/z-ai_glm-5_3__spmw/build/sim/spmw_top.sv:46]
WARNING: [Synth 8-3848] Net pe_c_out_c_in_write[56] in module/entity spmw_top does not have driver. [/scratch/hc676/agentstudy/trials/z-ai_glm-5_3__spmw/build/sim/spmw_top.sv:46]
WARNING: [Synth 8-3848] Net pe_c_out_c_in_read[0] in module/entity spmw_top does not have driver. [/scratch/hc676/agentstudy/trials/z-ai_glm-5_3__spmw/build/sim/spmw_top.sv:48]
WARNING: [Synth 8-3848] Net pe_c_out_c_in_read[8] in module/entity spmw_top does not have driver. [/scratch/hc676/agentstudy/trials/z-ai_glm-5_3__spmw/build/sim/spmw_top.sv:48]
WARNING: [Synth 8-3848] Net pe_c_out_c_in_read[16] in module/entity spmw_top does not have driver. [/scratch/hc676/agentstudy/trials/z-ai_glm-5_3__spmw/build/sim/spmw_top.sv:48]
WARNING: [Synth 8-3848] Net pe_c_out_c_in_read[24] in module/entity spmw_top does not have driver. [/scratch/hc676/agentstudy/trials/z-ai_glm-5_3__spmw/build/sim/spmw_top.sv:48]
WARNING: [Synth 8-3848] Net pe_c_out_c_in_read[32] in module/entity spmw_top does not have driver. [/scratch/hc676/agentstudy/trials/z-ai_glm-5_3__spmw/build/sim/spmw_top.sv:48]
WARNING: [Synth 8-3848] Net pe_c_out_c_in_read[40] in module/entity spmw_top does not have driver. [/scratch/hc676/agentstudy/trials/z-ai_glm-5_3__spmw/build/sim/spmw_top.sv:48]
WARNING: [Synth 8-3848] Net pe_c_out_c_in_read[48] in module/entity spmw_top does not have driver. [/scratch/hc676/agentstudy/trials/z-ai_glm-5_3__spmw/build/sim/spmw_top.sv:48]
WARNING: [Synth 8-3848] Net pe_c_out_c_in_read[56] in module/entity spmw_top does not have driver. [/scratch/hc676/agentstudy/trials/z-ai_glm-5_3__spmw/build/sim/spmw_top.sv:48]
WARNING: [Synth 8-3848] Net pe_pid1_read[0] in module/entity spmw_top does not have driver. [/scratch/hc676/agentstudy/trials/z-ai_glm-5_3__spmw/build/sim/spmw_top.sv:58]
WARNING: [Synth 8-3848] Net pe_pid1_read[7] in module/entity spmw_top does not have driver. [/scratch/hc676/agentstudy/trials/z-ai_glm-5_3__spmw/build/sim/spmw_top.sv:58]
WARNING: [Synth 8-3848] Net pe_pid1_read[8] in module/entity spmw_top does not have driver. [/scratch/hc676/agentstudy/trials/z-ai_glm-5_3__spmw/build/sim/spmw_top.sv:58]
WARNING: [Synth 8-3848] Net pe_pid1_read[15] in module/entity spmw_top does not have driver. [/scratch/hc676/agentstudy/trials/z-ai_glm-5_3__spmw/build/sim/spmw_top.sv:58]
WARNING: [Synth 8-3848] Net pe_pid1_read[16] in module/entity spmw_top does not have driver. [/scratch/hc676/agentstudy/trials/z-ai_glm-5_3__spmw/build/sim/spmw_top.sv:58]
WARNING: [Synth 8-3848] Net pe_pid1_read[23] in module/entity spmw_top does not have driver. [/scratch/hc676/agentstudy/trials/z-ai_glm-5_3__spmw/build/sim/spmw_top.sv:58]
WARNING: [Synth 8-3848] Net pe_pid1_read[24] in module/entity spmw_top does not have driver. [/scratch/hc676/agentstudy/trials/z-ai_glm-5_3__spmw/build/sim/spmw_top.sv:58]
WARNING: [Synth 8-3848] Net pe_pid1_read[31] in module/entity spmw_top does not have driver. [/scratch/hc676/agentstudy/trials/z-ai_glm-5_3__spmw/build/sim/spmw_top.sv:58]
WARNING: [Synth 8-3848] Net pe_pid1_read[32] in module/entity spmw_top does not have driver. [/scratch/hc676/agentstudy/trials/z-ai_glm-5_3__spmw/build/sim/spmw_top.sv:58]
WARNING: [Synth 8-3848] Net pe_pid1_read[39] in module/entity spmw_top does not have driver. [/scratch/hc676/agentstudy/trials/z-ai_glm-5_3__spmw/build/sim/spmw_top.sv:58]
WARNING: [Synth 8-3848] Net pe_pid1_read[40] in module/entity spmw_top does not have driver. [/scratch/hc676/agentstudy/trials/z-ai_glm-5_3__spmw/build/sim/spmw_top.sv:58]
WARNING: [Synth 8-3848] Net pe_pid1_read[47] in module/entity spmw_top does not have driver. [/scratch/hc676/agentstudy/trials/z-ai_glm-5_3__spmw/build/sim/spmw_top.sv:58]
WARNING: [Synth 8-3848] Net pe_pid1_read[48] in module/entity spmw_top does not have driver. [/scratch/hc676/agentstudy/trials/z-ai_glm-5_3__spmw/build/sim/spmw_top.sv:58]
WARNING: [Synth 8-3848] Net pe_pid1_read[55] in module/entity spmw_top does not have driver. [/scratch/hc676/agentstudy/trials/z-ai_glm-5_3__spmw/build/sim/spmw_top.sv:58]
WARNING: [Synth 8-3848] Net pe_pid1_read[56] in module/entity spmw_top does not have driver. [/scratch/hc676/agentstudy/trials/z-ai_glm-5_3__spmw/build/sim/spmw_top.sv:58]
WARNING: [Synth 8-3848] Net pe_pid1_read[63] in module/entity spmw_top does not have driver. [/scratch/hc676/agentstudy/trials/z-ai_glm-5_3__spmw/build/sim/spmw_top.sv:58]
WARNING: [Synth 8-7129] Port rst in module pe_r8_0_mac_muladd_8s_8s_19s_19_4_1_DSP48_0 is either unconnected or has no load
WARNING: [Synth 8-7129] Port rst in module pe_r7_0_mac_muladd_8s_8s_19s_19_4_1_DSP48_0 is either unconnected or has no load
WARNING: [Synth 8-7129] Port rst in module pe_r6_0_mac_muladd_8s_8s_19s_19_4_1_DSP48_0 is either unconnected or has no load
WARNING: [Synth 8-7129] Port rst in module pe_r5_0_mac_muladd_8s_8s_19s_19_4_1_DSP48_0 is either unconnected or has no load
WARNING: [Synth 8-7129] Port rst in module pe_r4_0_mac_muladd_8s_8s_19s_19_4_1_DSP48_0 is either unconnected or has no load
WARNING: [Synth 8-7129] Port rst in module pe_r3_0_mac_muladd_8s_8s_19s_19_4_1_DSP48_0 is either unconnected or has no load
WARNING: [Synth 8-7129] Port rst in module pe_r2_0_mac_muladd_8s_8s_32s_32_4_1_DSP48_0 is either unconnected or has no load
WARNING: [Synth 8-7129] Port rst in module pe_r1_0_mac_muladd_8s_8s_32s_32_4_1_DSP48_0 is either unconnected or has no load
WARNING: [Synth 8-7129] Port rst in module pe_r0_0_mac_muladd_8s_8s_32s_32_4_1_DSP48_0 is either unconnected or has no load
WARNING: [Synth 8-7129] Port read in module spmw_const__parameterized6 is either unconnected or has no load
WARNING: [Synth 8-7129] Port read in module spmw_const__parameterized5 is either unconnected or has no load
WARNING: [Synth 8-7129] Port read in module spmw_const__parameterized4 is either unconnected or has no load
WARNING: [Synth 8-7129] Port read in module spmw_const__parameterized3 is either unconnected or has no load
WARNING: [Synth 8-7129] Port read in module spmw_const__parameterized2 is either unconnected or has no load
WARNING: [Synth 8-7129] Port read in module spmw_const__parameterized1 is either unconnected or has no load
WARNING: [Synth 8-7129] Port read in module spmw_const__parameterized0 is either unconnected or has no load
WARNING: [Synth 8-7129] Port read in module spmw_const is either unconnected or has no load
---------------------------------------------------------------------------------
Finished RTL Elaboration : Time (s): cpu = 00:00:08 ; elapsed = 00:00:08 . Memory (MB): peak = 3431.164 ; gain = 515.652 ; free physical = 91726 ; free virtual = 174101
---------------------------------------------------------------------------------
---------------------------------------------------------------------------------
Start Handling Custom Attributes
---------------------------------------------------------------------------------
---------------------------------------------------------------------------------
Finished Handling Custom Attributes : Time (s): cpu = 00:00:08 ; elapsed = 00:00:09 . Memory (MB): peak = 3443.039 ; gain = 527.527 ; free physical = 92192 ; free virtual = 174569
---------------------------------------------------------------------------------
---------------------------------------------------------------------------------
Finished RTL Optimization Phase 1 : Time (s): cpu = 00:00:08 ; elapsed = 00:00:09 . Memory (MB): peak = 3443.039 ; gain = 527.527 ; free physical = 92207 ; free virtual = 174584
---------------------------------------------------------------------------------
Netlist sorting complete. Time (s): cpu = 00:00:00.55 ; elapsed = 00:00:00.56 . Memory (MB): peak = 3443.039 ; gain = 0.000 ; free physical = 91655 ; free virtual = 174032
INFO: [Project 1-570] Preparing netlist for logic optimization

Processing XDC Constraints
Initializing timing engine
Completed Processing XDC Constraints

Netlist sorting complete. Time (s): cpu = 00:00:00.01 ; elapsed = 00:00:00.01 . Memory (MB): peak = 3588.070 ; gain = 0.000 ; free physical = 90773 ; free virtual = 173016
INFO: [Project 1-111] Unisim Transformation Summary:
No Unisim elements were transformed.

Constraint Validation Runtime : Time (s): cpu = 00:00:00.26 ; elapsed = 00:00:00.26 . Memory (MB): peak = 3590.105 ; gain = 0.000 ; free physical = 90976 ; free virtual = 173220
---------------------------------------------------------------------------------
Finished Constraint Validation : Time (s): cpu = 00:00:23 ; elapsed = 00:00:22 . Memory (MB): peak = 3590.105 ; gain = 674.594 ; free physical = 90454 ; free virtual = 172740
---------------------------------------------------------------------------------
---------------------------------------------------------------------------------
Start Loading Part and Timing Information
---------------------------------------------------------------------------------
Loading part: xcu280-fsvh2892-2L-e
INFO: [Synth 8-6742] Reading net delay rules and data
---------------------------------------------------------------------------------
Finished Loading Part and Timing Information : Time (s): cpu = 00:00:23 ; elapsed = 00:00:22 . Memory (MB): peak = 3590.105 ; gain = 674.594 ; free physical = 90430 ; free virtual = 172715
---------------------------------------------------------------------------------
---------------------------------------------------------------------------------
Start Applying 'set_property' XDC Constraints
---------------------------------------------------------------------------------
---------------------------------------------------------------------------------
Finished applying 'set_property' XDC Constraints : Time (s): cpu = 00:00:23 ; elapsed = 00:00:22 . Memory (MB): peak = 3590.105 ; gain = 674.594 ; free physical = 90427 ; free virtual = 172713
---------------------------------------------------------------------------------
INFO: [Synth 8-4490] FSM extraction disabled for register 'ap_CS_fsm_reg' through user attribute
INFO: [Synth 8-4490] FSM extraction disabled for register 'ap_CS_fsm_reg' through user attribute
INFO: [Synth 8-4490] FSM extraction disabled for register 'ap_CS_fsm_reg' through user attribute
INFO: [Synth 8-4490] FSM extraction disabled for register 'ap_CS_fsm_reg' through user attribute
INFO: [Synth 8-4490] FSM extraction disabled for register 'ap_CS_fsm_reg' through user attribute
INFO: [Synth 8-4490] FSM extraction disabled for register 'ap_CS_fsm_reg' through user attribute
INFO: [Synth 8-4490] FSM extraction disabled for register 'ap_CS_fsm_reg' through user attribute
INFO: [Synth 8-4490] FSM extraction disabled for register 'ap_CS_fsm_reg' through user attribute
INFO: [Synth 8-4490] FSM extraction disabled for register 'ap_CS_fsm_reg' through user attribute
---------------------------------------------------------------------------------
Finished RTL Optimization Phase 2 : Time (s): cpu = 00:00:25 ; elapsed = 00:00:25 . Memory (MB): peak = 3590.105 ; gain = 674.594 ; free physical = 89409 ; free virtual = 171708
---------------------------------------------------------------------------------
INFO: [Synth 8-223] decloning instance 'dut/g_pe_a_out_a_in[0].u' (spmw_fifo) to 'dut/g_pe_a_out_a_in[8].u'
INFO: [Synth 8-223] decloning instance 'dut/g_pe_a_out_a_in[0].u' (spmw_fifo) to 'dut/g_pe_a_out_a_in[16].u'
INFO: [Synth 8-223] decloning instance 'dut/g_pe_a_out_a_in[0].u' (spmw_fifo) to 'dut/g_pe_a_out_a_in[24].u'
INFO: [Synth 8-223] decloning instance 'dut/g_pe_a_out_a_in[0].u' (spmw_fifo) to 'dut/g_pe_a_out_a_in[32].u'
INFO: [Synth 8-223] decloning instance 'dut/g_pe_a_out_a_in[0].u' (spmw_fifo) to 'dut/g_pe_a_out_a_in[40].u'
INFO: [Synth 8-223] decloning instance 'dut/g_pe_a_out_a_in[0].u' (spmw_fifo) to 'dut/g_pe_a_out_a_in[48].u'
INFO: [Synth 8-223] decloning instance 'dut/g_pe_a_out_a_in[0].u' (spmw_fifo) to 'dut/g_pe_a_out_a_in[56].u'
INFO: [Synth 8-223] decloning instance 'dut/g_pe_a_out_a_in[0].u' (spmw_fifo) to 'dut/g_pe_b_out_b_in[0].u'
INFO: [Synth 8-223] decloning instance 'dut/g_pe_a_out_a_in[0].u' (spmw_fifo) to 'dut/g_pe_b_out_b_in[1].u'
INFO: [Synth 8-223] decloning instance 'dut/g_pe_a_out_a_in[0].u' (spmw_fifo) to 'dut/g_pe_b_out_b_in[2].u'
INFO: [Synth 8-223] decloning instance 'dut/g_pe_a_out_a_in[0].u' (spmw_fifo) to 'dut/g_pe_b_out_b_in[3].u'
INFO: [Synth 8-223] decloning instance 'dut/g_pe_a_out_a_in[0].u' (spmw_fifo) to 'dut/g_pe_b_out_b_in[4].u'
INFO: [Synth 8-223] decloning instance 'dut/g_pe_a_out_a_in[0].u' (spmw_fifo) to 'dut/g_pe_b_out_b_in[5].u'
INFO: [Synth 8-223] decloning instance 'dut/g_pe_a_out_a_in[0].u' (spmw_fifo) to 'dut/g_pe_b_out_b_in[6].u'
INFO: [Synth 8-223] decloning instance 'dut/g_pe_a_out_a_in[0].u' (spmw_fifo) to 'dut/g_pe_b_out_b_in[7].u'
INFO: [Synth 8-223] decloning instance 'dut/g_pe_c_out_c_in[0].u' (spmw_fifo__parameterized0) to 'dut/g_pe_c_out_c_in[8].u'
INFO: [Synth 8-223] decloning instance 'dut/g_pe_c_out_c_in[0].u' (spmw_fifo__parameterized0) to 'dut/g_pe_c_out_c_in[16].u'
INFO: [Synth 8-223] decloning instance 'dut/g_pe_c_out_c_in[0].u' (spmw_fifo__parameterized0) to 'dut/g_pe_c_out_c_in[24].u'
INFO: [Synth 8-223] decloning instance 'dut/g_pe_c_out_c_in[0].u' (spmw_fifo__parameterized0) to 'dut/g_pe_c_out_c_in[32].u'
INFO: [Synth 8-223] decloning instance 'dut/g_pe_c_out_c_in[0].u' (spmw_fifo__parameterized0) to 'dut/g_pe_c_out_c_in[40].u'
INFO: [Synth 8-223] decloning instance 'dut/g_pe_c_out_c_in[0].u' (spmw_fifo__parameterized0) to 'dut/g_pe_c_out_c_in[48].u'
INFO: [Synth 8-223] decloning instance 'dut/g_pe_c_out_c_in[0].u' (spmw_fifo__parameterized0) to 'dut/g_pe_c_out_c_in[56].u'
INFO: [Synth 8-223] decloning instance 'dut/u_pe_pid1_0' (spmw_const) to 'dut/u_pe_pid1_8'
INFO: [Synth 8-223] decloning instance 'dut/u_pe_pid1_0' (spmw_const) to 'dut/u_pe_pid1_16'
INFO: [Synth 8-223] decloning instance 'dut/u_pe_pid1_0' (spmw_const) to 'dut/u_pe_pid1_24'
INFO: [Synth 8-223] decloning instance 'dut/u_pe_pid1_0' (spmw_const) to 'dut/u_pe_pid1_32'
INFO: [Synth 8-223] decloning instance 'dut/u_pe_pid1_0' (spmw_const) to 'dut/u_pe_pid1_40'
INFO: [Synth 8-223] decloning instance 'dut/u_pe_pid1_0' (spmw_const) to 'dut/u_pe_pid1_48'
INFO: [Synth 8-223] decloning instance 'dut/u_pe_pid1_0' (spmw_const) to 'dut/u_pe_pid1_56'
INFO: [Synth 8-223] decloning instance 'dut/u_pe_pid1_7' (spmw_const__parameterized6) to 'dut/u_pe_pid1_15'
INFO: [Synth 8-223] decloning instance 'dut/u_pe_pid1_7' (spmw_const__parameterized6) to 'dut/u_pe_pid1_23'
INFO: [Synth 8-223] decloning instance 'dut/u_pe_pid1_7' (spmw_const__parameterized6) to 'dut/u_pe_pid1_31'
INFO: [Synth 8-223] decloning instance 'dut/u_pe_pid1_7' (spmw_const__parameterized6) to 'dut/u_pe_pid1_39'
INFO: [Synth 8-223] decloning instance 'dut/u_pe_pid1_7' (spmw_const__parameterized6) to 'dut/u_pe_pid1_47'
INFO: [Synth 8-223] decloning instance 'dut/u_pe_pid1_7' (spmw_const__parameterized6) to 'dut/u_pe_pid1_55'
INFO: [Synth 8-223] decloning instance 'dut/u_pe_pid1_7' (spmw_const__parameterized6) to 'dut/u_pe_pid1_63'
---------------------------------------------------------------------------------
Start RTL Component Statistics 
---------------------------------------------------------------------------------
Detailed RTL Component Info : 
+---Adders : 
	   2 Input   32 Bit       Adders := 48    
	   2 Input   31 Bit       Adders := 96    
	   2 Input    4 Bit       Adders := 8     
	   2 Input    3 Bit       Adders := 8     
+---Registers : 
	               32 Bit    Registers := 306   
	               31 Bit    Registers := 96    
	               19 Bit    Registers := 16    
	               18 Bit    Registers := 112   
	               16 Bit    Registers := 8     
	                8 Bit    Registers := 242   
	                7 Bit    Registers := 48    
	                5 Bit    Registers := 8     
	                4 Bit    Registers := 8     
	                3 Bit    Registers := 16    
	                1 Bit    Registers := 2020  
+---Muxes : 
	   2 Input   32 Bit        Muxes := 257   
	   2 Input   19 Bit        Muxes := 24    
	   2 Input    8 Bit        Muxes := 300   
	   2 Input    7 Bit        Muxes := 96    
	   2 Input    5 Bit        Muxes := 16    
	   2 Input    4 Bit        Muxes := 48    
	   5 Input    3 Bit        Muxes := 8     
	   2 Input    3 Bit        Muxes := 8     
	   2 Input    2 Bit        Muxes := 56    
	   2 Input    1 Bit        Muxes := 1009  
---------------------------------------------------------------------------------
Finished RTL Component Statistics 
---------------------------------------------------------------------------------
---------------------------------------------------------------------------------
Start Part Resource Summary
---------------------------------------------------------------------------------
Part Resources:
DSPs: 9024 (col length:94)
BRAMs: 4032 (col length: RAMB18 288 RAMB36 144)
---------------------------------------------------------------------------------
Finished Part Resource Summary
---------------------------------------------------------------------------------
---------------------------------------------------------------------------------
Start Cross Boundary and Area Optimization
---------------------------------------------------------------------------------
WARNING: [Synth 8-7080] Parallel synthesis criteria is not met
WARNING: [Synth 8-3936] Found unconnected internal register 'u/grp_pe_r0_0_Pipeline_VITIS_LOOP_57_2_fu_81/mac_muladd_8s_8s_32s_32_4_1_U9/pe_r0_0_mac_muladd_8s_8s_32s_32_4_1_DSP48_0_U/p_reg_reg' and it is trimmed from '46' to '32' bits. [/scratch/hc676/agentstudy/trials/z-ai_glm-5_3__spmw/build/sim/pe_r0_0_mac_muladd_8s_8s_32s_32_4_1.v:41]
WARNING: [Synth 8-3936] Found unconnected internal register 'u/grp_pe_r0_0_Pipeline_VITIS_LOOP_32_1_fu_67/mac_muladd_8s_8s_32s_32_4_1_U1/pe_r0_0_mac_muladd_8s_8s_32s_32_4_1_DSP48_0_U/p_reg_reg' and it is trimmed from '46' to '32' bits. [/scratch/hc676/agentstudy/trials/z-ai_glm-5_3__spmw/build/sim/pe_r0_0_mac_muladd_8s_8s_32s_32_4_1.v:41]
WARNING: [Synth 8-3936] Found unconnected internal register 'u/grp_pe_r0_0_Pipeline_VITIS_LOOP_32_1_fu_67/mac_muladd_8s_8s_32s_32_4_1_U1/pe_r0_0_mac_muladd_8s_8s_32s_32_4_1_DSP48_0_U/m_reg_reg' and it is trimmed from '45' to '32' bits. [/scratch/hc676/agentstudy/trials/z-ai_glm-5_3__spmw/build/sim/pe_r0_0_mac_muladd_8s_8s_32s_32_4_1.v:34]
WARNING: [Synth 8-3936] Found unconnected internal register 'u/grp_pe_r0_0_Pipeline_VITIS_LOOP_57_2_fu_81/mac_muladd_8s_8s_32s_32_4_1_U9/pe_r0_0_mac_muladd_8s_8s_32s_32_4_1_DSP48_0_U/m_reg_reg' and it is trimmed from '45' to '32' bits. [/scratch/hc676/agentstudy/trials/z-ai_glm-5_3__spmw/build/sim/pe_r0_0_mac_muladd_8s_8s_32s_32_4_1.v:34]
DSP Report: Generating DSP u/grp_pe_r0_0_Pipeline_VITIS_LOOP_57_2_fu_81/mac_muladd_8s_8s_32s_32_4_1_U9/pe_r0_0_mac_muladd_8s_8s_32s_32_4_1_DSP48_0_U/p_reg_reg, operation Mode is: (P or C)+(A2*B2)'.
DSP Report: register u/grp_pe_r0_0_Pipeline_VITIS_LOOP_57_2_fu_81/mac_muladd_8s_8s_32s_32_4_1_U9/pe_r0_0_mac_muladd_8s_8s_32s_32_4_1_DSP48_0_U/b_reg_reg is absorbed into DSP u/grp_pe_r0_0_Pipeline_VITIS_LOOP_57_2_fu_81/mac_muladd_8s_8s_32s_32_4_1_U9/pe_r0_0_mac_muladd_8s_8s_32s_32_4_1_DSP48_0_U/p_reg_reg.
DSP Report: register u/grp_pe_r0_0_Pipeline_VITIS_LOOP_57_2_fu_81/mac_muladd_8s_8s_32s_32_4_1_U9/pe_r0_0_mac_muladd_8s_8s_32s_32_4_1_DSP48_0_U/a_reg_reg is absorbed into DSP u/grp_pe_r0_0_Pipeline_VITIS_LOOP_57_2_fu_81/mac_muladd_8s_8s_32s_32_4_1_U9/pe_r0_0_mac_muladd_8s_8s_32s_32_4_1_DSP48_0_U/p_reg_reg.
DSP Report: register u/grp_pe_r0_0_Pipeline_VITIS_LOOP_57_2_fu_81/mac_muladd_8s_8s_32s_32_4_1_U9/pe_r0_0_mac_muladd_8s_8s_32s_32_4_1_DSP48_0_U/p_reg_reg is absorbed into DSP u/grp_pe_r0_0_Pipeline_VITIS_LOOP_57_2_fu_81/mac_muladd_8s_8s_32s_32_4_1_U9/pe_r0_0_mac_muladd_8s_8s_32s_32_4_1_DSP48_0_U/p_reg_reg.
DSP Report: register u/grp_pe_r0_0_Pipeline_VITIS_LOOP_57_2_fu_81/mac_muladd_8s_8s_32s_32_4_1_U9/pe_r0_0_mac_muladd_8s_8s_32s_32_4_1_DSP48_0_U/m_reg_reg is absorbed into DSP u/grp_pe_r0_0_Pipeline_VITIS_LOOP_57_2_fu_81/mac_muladd_8s_8s_32s_32_4_1_U9/pe_r0_0_mac_muladd_8s_8s_32s_32_4_1_DSP48_0_U/p_reg_reg.
DSP Report: operator u/grp_pe_r0_0_Pipeline_VITIS_LOOP_57_2_fu_81/mac_muladd_8s_8s_32s_32_4_1_U9/pe_r0_0_mac_muladd_8s_8s_32s_32_4_1_DSP48_0_U/p is absorbed into DSP u/grp_pe_r0_0_Pipeline_VITIS_LOOP_57_2_fu_81/mac_muladd_8s_8s_32s_32_4_1_U9/pe_r0_0_mac_muladd_8s_8s_32s_32_4_1_DSP48_0_U/p_reg_reg.
DSP Report: operator u/grp_pe_r0_0_Pipeline_VITIS_LOOP_57_2_fu_81/mac_muladd_8s_8s_32s_32_4_1_U9/pe_r0_0_mac_muladd_8s_8s_32s_32_4_1_DSP48_0_U/m is absorbed into DSP u/grp_pe_r0_0_Pipeline_VITIS_LOOP_57_2_fu_81/mac_muladd_8s_8s_32s_32_4_1_U9/pe_r0_0_mac_muladd_8s_8s_32s_32_4_1_DSP48_0_U/p_reg_reg.
DSP Report: Generating DSP u/grp_pe_r0_0_Pipeline_VITIS_LOOP_32_1_fu_67/mac_muladd_8s_8s_32s_32_4_1_U1/pe_r0_0_mac_muladd_8s_8s_32s_32_4_1_DSP48_0_U/p_reg_reg, operation Mode is: (P or C)+(A2*B2)'.
DSP Report: register u/grp_pe_r0_0_Pipeline_VITIS_LOOP_32_1_fu_67/mac_muladd_8s_8s_32s_32_4_1_U1/pe_r0_0_mac_muladd_8s_8s_32s_32_4_1_DSP48_0_U/b_reg_reg is absorbed into DSP u/grp_pe_r0_0_Pipeline_VITIS_LOOP_32_1_fu_67/mac_muladd_8s_8s_32s_32_4_1_U1/pe_r0_0_mac_muladd_8s_8s_32s_32_4_1_DSP48_0_U/p_reg_reg.
DSP Report: register u/grp_pe_r0_0_Pipeline_VITIS_LOOP_32_1_fu_67/mac_muladd_8s_8s_32s_32_4_1_U1/pe_r0_0_mac_muladd_8s_8s_32s_32_4_1_DSP48_0_U/a_reg_reg is absorbed into DSP u/grp_pe_r0_0_Pipeline_VITIS_LOOP_32_1_fu_67/mac_muladd_8s_8s_32s_32_4_1_U1/pe_r0_0_mac_muladd_8s_8s_32s_32_4_1_DSP48_0_U/p_reg_reg.
DSP Report: register u/grp_pe_r0_0_Pipeline_VITIS_LOOP_32_1_fu_67/mac_muladd_8s_8s_32s_32_4_1_U1/pe_r0_0_mac_muladd_8s_8s_32s_32_4_1_DSP48_0_U/p_reg_reg is absorbed into DSP u/grp_pe_r0_0_Pipeline_VITIS_LOOP_32_1_fu_67/mac_muladd_8s_8s_32s_32_4_1_U1/pe_r0_0_mac_muladd_8s_8s_32s_32_4_1_DSP48_0_U/p_reg_reg.
DSP Report: register u/grp_pe_r0_0_Pipeline_VITIS_LOOP_32_1_fu_67/mac_muladd_8s_8s_32s_32_4_1_U1/pe_r0_0_mac_muladd_8s_8s_32s_32_4_1_DSP48_0_U/m_reg_reg is absorbed into DSP u/grp_pe_r0_0_Pipeline_VITIS_LOOP_32_1_fu_67/mac_muladd_8s_8s_32s_32_4_1_U1/pe_r0_0_mac_muladd_8s_8s_32s_32_4_1_DSP48_0_U/p_reg_reg.
DSP Report: operator u/grp_pe_r0_0_Pipeline_VITIS_LOOP_32_1_fu_67/mac_muladd_8s_8s_32s_32_4_1_U1/pe_r0_0_mac_muladd_8s_8s_32s_32_4_1_DSP48_0_U/p is absorbed into DSP u/grp_pe_r0_0_Pipeline_VITIS_LOOP_32_1_fu_67/mac_muladd_8s_8s_32s_32_4_1_U1/pe_r0_0_mac_muladd_8s_8s_32s_32_4_1_DSP48_0_U/p_reg_reg.
DSP Report: operator u/grp_pe_r0_0_Pipeline_VITIS_LOOP_32_1_fu_67/mac_muladd_8s_8s_32s_32_4_1_U1/pe_r0_0_mac_muladd_8s_8s_32s_32_4_1_DSP48_0_U/m is absorbed into DSP u/grp_pe_r0_0_Pipeline_VITIS_LOOP_32_1_fu_67/mac_muladd_8s_8s_32s_32_4_1_U1/pe_r0_0_mac_muladd_8s_8s_32s_32_4_1_DSP48_0_U/p_reg_reg.
WARNING: [Synth 8-3936] Found unconnected internal register 'u/grp_pe_r0_0_Pipeline_VITIS_LOOP_57_2_fu_81/mac_muladd_8s_8s_32s_32_4_1_U9/pe_r0_0_mac_muladd_8s_8s_32s_32_4_1_DSP48_0_U/p_reg_reg' and it is trimmed from '46' to '32' bits. [/scratch/hc676/agentstudy/trials/z-ai_glm-5_3__spmw/build/sim/pe_r0_0_mac_muladd_8s_8s_32s_32_4_1.v:41]
WARNING: [Synth 8-3936] Found unconnected internal register 'u/grp_pe_r0_0_Pipeline_VITIS_LOOP_32_1_fu_67/mac_muladd_8s_8s_32s_32_4_1_U1/pe_r0_0_mac_muladd_8s_8s_32s_32_4_1_DSP48_0_U/p_reg_reg' and it is trimmed from '46' to '32' bits. [/scratch/hc676/agentstudy/trials/z-ai_glm-5_3__spmw/build/sim/pe_r0_0_mac_muladd_8s_8s_32s_32_4_1.v:41]
WARNING: [Synth 8-3936] Found unconnected internal register 'u/grp_pe_r0_0_Pipeline_VITIS_LOOP_32_1_fu_67/mac_muladd_8s_8s_32s_32_4_1_U1/pe_r0_0_mac_muladd_8s_8s_32s_32_4_1_DSP48_0_U/m_reg_reg' and it is trimmed from '45' to '32' bits. [/scratch/hc676/agentstudy/trials/z-ai_glm-5_3__spmw/build/sim/pe_r0_0_mac_muladd_8s_8s_32s_32_4_1.v:34]
WARNING: [Synth 8-3936] Found unconnected internal register 'u/grp_pe_r0_0_Pipeline_VITIS_LOOP_57_2_fu_81/mac_muladd_8s_8s_32s_32_4_1_U9/pe_r0_0_mac_muladd_8s_8s_32s_32_4_1_DSP48_0_U/m_reg_reg' and it is trimmed from '45' to '32' bits. [/scratch/hc676/agentstudy/trials/z-ai_glm-5_3__spmw/build/sim/pe_r0_0_mac_muladd_8s_8s_32s_32_4_1.v:34]
DSP Report: Generating DSP u/grp_pe_r0_0_Pipeline_VITIS_LOOP_57_2_fu_81/mac_muladd_8s_8s_32s_32_4_1_U9/pe_r0_0_mac_muladd_8s_8s_32s_32_4_1_DSP48_0_U/p_reg_reg, operation Mode is: (P or C)+(A2*B2)'.
DSP Report: register u/grp_pe_r0_0_Pipeline_VITIS_LOOP_57_2_fu_81/mac_muladd_8s_8s_32s_32_4_1_U9/pe_r0_0_mac_muladd_8s_8s_32s_32_4_1_DSP48_0_U/b_reg_reg is absorbed into DSP u/grp_pe_r0_0_Pipeline_VITIS_LOOP_57_2_fu_81/mac_muladd_8s_8s_32s_32_4_1_U9/pe_r0_0_mac_muladd_8s_8s_32s_32_4_1_DSP48_0_U/p_reg_reg.
DSP Report: register u/grp_pe_r0_0_Pipeline_VITIS_LOOP_57_2_fu_81/mac_muladd_8s_8s_32s_32_4_1_U9/pe_r0_0_mac_muladd_8s_8s_32s_32_4_1_DSP48_0_U/a_reg_reg is absorbed into DSP u/grp_pe_r0_0_Pipeline_VITIS_LOOP_57_2_fu_81/mac_muladd_8s_8s_32s_32_4_1_U9/pe_r0_0_mac_muladd_8s_8s_32s_32_4_1_DSP48_0_U/p_reg_reg.
DSP Report: register u/grp_pe_r0_0_Pipeline_VITIS_LOOP_57_2_fu_81/mac_muladd_8s_8s_32s_32_4_1_U9/pe_r0_0_mac_muladd_8s_8s_32s_32_4_1_DSP48_0_U/p_reg_reg is absorbed into DSP u/grp_pe_r0_0_Pipeline_VITIS_LOOP_57_2_fu_81/mac_muladd_8s_8s_32s_32_4_1_U9/pe_r0_0_mac_muladd_8s_8s_32s_32_4_1_DSP48_0_U/p_reg_reg.
DSP Report: register u/grp_pe_r0_0_Pipeline_VITIS_LOOP_57_2_fu_81/mac_muladd_8s_8s_32s_32_4_1_U9/pe_r0_0_mac_muladd_8s_8s_32s_32_4_1_DSP48_0_U/m_reg_reg is absorbed into DSP u/grp_pe_r0_0_Pipeline_VITIS_LOOP_57_2_fu_81/mac_muladd_8s_8s_32s_32_4_1_U9/pe_r0_0_mac_muladd_8s_8s_32s_32_4_1_DSP48_0_U/p_reg_reg.
DSP Report: operator u/grp_pe_r0_0_Pipeline_VITIS_LOOP_57_2_fu_81/mac_muladd_8s_8s_32s_32_4_1_U9/pe_r0_0_mac_muladd_8s_8s_32s_32_4_1_DSP48_0_U/p is absorbed into DSP u/grp_pe_r0_0_Pipeline_VITIS_LOOP_57_2_fu_81/mac_muladd_8s_8s_32s_32_4_1_U9/pe_r0_0_mac_muladd_8s_8s_32s_32_4_1_DSP48_0_U/p_reg_reg.
DSP Report: operator u/grp_pe_r0_0_Pipeline_VITIS_LOOP_57_2_fu_81/mac_muladd_8s_8s_32s_32_4_1_U9/pe_r0_0_mac_muladd_8s_8s_32s_32_4_1_DSP48_0_U/m is absorbed into DSP u/grp_pe_r0_0_Pipeline_VITIS_LOOP_57_2_fu_81/mac_muladd_8s_8s_32s_32_4_1_U9/pe_r0_0_mac_muladd_8s_8s_32s_32_4_1_DSP48_0_U/p_reg_reg.
DSP Report: Generating DSP u/grp_pe_r0_0_Pipeline_VITIS_LOOP_32_1_fu_67/mac_muladd_8s_8s_32s_32_4_1_U1/pe_r0_0_mac_muladd_8s_8s_32s_32_4_1_DSP48_0_U/p_reg_reg, operation Mode is: (P or C)+(A2*B2)'.
DSP Report: register u/grp_pe_r0_0_Pipeline_VITIS_LOOP_32_1_fu_67/mac_muladd_8s_8s_32s_32_4_1_U1/pe_r0_0_mac_muladd_8s_8s_32s_32_4_1_DSP48_0_U/b_reg_reg is absorbed into DSP u/grp_pe_r0_0_Pipeline_VITIS_LOOP_32_1_fu_67/mac_muladd_8s_8s_32s_32_4_1_U1/pe_r0_0_mac_muladd_8s_8s_32s_32_4_1_DSP48_0_U/p_reg_reg.
DSP Report: register u/grp_pe_r0_0_Pipeline_VITIS_LOOP_32_1_fu_67/mac_muladd_8s_8s_32s_32_4_1_U1/pe_r0_0_mac_muladd_8s_8s_32s_32_4_1_DSP48_0_U/a_reg_reg is absorbed into DSP u/grp_pe_r0_0_Pipeline_VITIS_LOOP_32_1_fu_67/mac_muladd_8s_8s_32s_32_4_1_U1/pe_r0_0_mac_muladd_8s_8s_32s_32_4_1_DSP48_0_U/p_reg_reg.
DSP Report: register u/grp_pe_r0_0_Pipeline_VITIS_LOOP_32_1_fu_67/mac_muladd_8s_8s_32s_32_4_1_U1/pe_r0_0_mac_muladd_8s_8s_32s_32_4_1_DSP48_0_U/p_reg_reg is absorbed into DSP u/grp_pe_r0_0_Pipeline_VITIS_LOOP_32_1_fu_67/mac_muladd_8s_8s_32s_32_4_1_U1/pe_r0_0_mac_muladd_8s_8s_32s_32_4_1_DSP48_0_U/p_reg_reg.
DSP Report: register u/grp_pe_r0_0_Pipeline_VITIS_LOOP_32_1_fu_67/mac_muladd_8s_8s_32s_32_4_1_U1/pe_r0_0_mac_muladd_8s_8s_32s_32_4_1_DSP48_0_U/m_reg_reg is absorbed into DSP u/grp_pe_r0_0_Pipeline_VITIS_LOOP_32_1_fu_67/mac_muladd_8s_8s_32s_32_4_1_U1/pe_r0_0_mac_muladd_8s_8s_32s_32_4_1_DSP48_0_U/p_reg_reg.
DSP Report: operator u/grp_pe_r0_0_Pipeline_VITIS_LOOP_32_1_fu_67/mac_muladd_8s_8s_32s_32_4_1_U1/pe_r0_0_mac_muladd_8s_8s_32s_32_4_1_DSP48_0_U/p is absorbed into DSP u/grp_pe_r0_0_Pipeline_VITIS_LOOP_32_1_fu_67/mac_muladd_8s_8s_32s_32_4_1_U1/pe_r0_0_mac_muladd_8s_8s_32s_32_4_1_DSP48_0_U/p_reg_reg.
DSP Report: operator u/grp_pe_r0_0_Pipeline_VITIS_LOOP_32_1_fu_67/mac_muladd_8s_8s_32s_32_4_1_U1/pe_r0_0_mac_muladd_8s_8s_32s_32_4_1_DSP48_0_U/m is absorbed into DSP u/grp_pe_r0_0_Pipeline_VITIS_LOOP_32_1_fu_67/mac_muladd_8s_8s_32s_32_4_1_U1/pe_r0_0_mac_muladd_8s_8s_32s_32_4_1_DSP48_0_U/p_reg_reg.
WARNING: [Synth 8-3936] Found unconnected internal register 'u/grp_pe_r4_0_Pipeline_l_S_k_0_k_fu_47/mac_muladd_8s_8s_19s_19_4_1_U1/pe_r4_0_mac_muladd_8s_8s_19s_19_4_1_DSP48_0_U/p_reg_reg' and it is trimmed from '46' to '19' bits. [/scratch/hc676/agentstudy/trials/z-ai_glm-5_3__spmw/build/sim/pe_r4_0_mac_muladd_8s_8s_19s_19_4_1.v:41]
WARNING: [Synth 8-3936] Found unconnected internal register 'u/grp_pe_r4_0_Pipeline_l_S_k_0_k_fu_47/mac_muladd_8s_8s_19s_19_4_1_U1/pe_r4_0_mac_muladd_8s_8s_19s_19_4_1_DSP48_0_U/m_reg_reg' and it is trimmed from '45' to '19' bits. [/scratch/hc676/agentstudy/trials/z-ai_glm-5_3__spmw/build/sim/pe_r4_0_mac_muladd_8s_8s_19s_19_4_1.v:34]
WARNING: [Synth 8-3936] Found unconnected internal register 'u/grp_pe_r4_0_Pipeline_l_S_k_0_k_fu_47/mac_muladd_8s_8s_19s_19_4_1_U1/pe_r4_0_mac_muladd_8s_8s_19s_19_4_1_DSP48_0_U/a_reg_reg' and it is trimmed from '27' to '19' bits. [/scratch/hc676/agentstudy/trials/z-ai_glm-5_3__spmw/build/sim/pe_r4_0_mac_muladd_8s_8s_19s_19_4_1.v:33]
DSP Report: Generating DSP u/grp_pe_r4_0_Pipeline_l_S_k_0_k_fu_47/mac_muladd_8s_8s_19s_19_4_1_U1/pe_r4_0_mac_muladd_8s_8s_19s_19_4_1_DSP48_0_U/p_reg_reg, operation Mode is: (P or C)+(A2*B2)'.
DSP Report: register u/grp_pe_r4_0_Pipeline_l_S_k_0_k_fu_47/mac_muladd_8s_8s_19s_19_4_1_U1/pe_r4_0_mac_muladd_8s_8s_19s_19_4_1_DSP48_0_U/b_reg_reg is absorbed into DSP u/grp_pe_r4_0_Pipeline_l_S_k_0_k_fu_47/mac_muladd_8s_8s_19s_19_4_1_U1/pe_r4_0_mac_muladd_8s_8s_19s_19_4_1_DSP48_0_U/p_reg_reg.
DSP Report: register u/grp_pe_r4_0_Pipeline_l_S_k_0_k_fu_47/mac_muladd_8s_8s_19s_19_4_1_U1/pe_r4_0_mac_muladd_8s_8s_19s_19_4_1_DSP48_0_U/a_reg_reg is absorbed into DSP u/grp_pe_r4_0_Pipeline_l_S_k_0_k_fu_47/mac_muladd_8s_8s_19s_19_4_1_U1/pe_r4_0_mac_muladd_8s_8s_19s_19_4_1_DSP48_0_U/p_reg_reg.
DSP Report: register u/grp_pe_r4_0_Pipeline_l_S_k_0_k_fu_47/mac_muladd_8s_8s_19s_19_4_1_U1/pe_r4_0_mac_muladd_8s_8s_19s_19_4_1_DSP48_0_U/p_reg_reg is absorbed into DSP u/grp_pe_r4_0_Pipeline_l_S_k_0_k_fu_47/mac_muladd_8s_8s_19s_19_4_1_U1/pe_r4_0_mac_muladd_8s_8s_19s_19_4_1_DSP48_0_U/p_reg_reg.
DSP Report: register u/grp_pe_r4_0_Pipeline_l_S_k_0_k_fu_47/mac_muladd_8s_8s_19s_19_4_1_U1/pe_r4_0_mac_muladd_8s_8s_19s_19_4_1_DSP48_0_U/m_reg_reg is absorbed into DSP u/grp_pe_r4_0_Pipeline_l_S_k_0_k_fu_47/mac_muladd_8s_8s_19s_19_4_1_U1/pe_r4_0_mac_muladd_8s_8s_19s_19_4_1_DSP48_0_U/p_reg_reg.
DSP Report: operator u/grp_pe_r4_0_Pipeline_l_S_k_0_k_fu_47/mac_muladd_8s_8s_19s_19_4_1_U1/pe_r4_0_mac_muladd_8s_8s_19s_19_4_1_DSP48_0_U/p is absorbed into DSP u/grp_pe_r4_0_Pipeline_l_S_k_0_k_fu_47/mac_muladd_8s_8s_19s_19_4_1_U1/pe_r4_0_mac_muladd_8s_8s_19s_19_4_1_DSP48_0_U/p_reg_reg.
DSP Report: operator u/grp_pe_r4_0_Pipeline_l_S_k_0_k_fu_47/mac_muladd_8s_8s_19s_19_4_1_U1/pe_r4_0_mac_muladd_8s_8s_19s_19_4_1_DSP48_0_U/m is absorbed into DSP u/grp_pe_r4_0_Pipeline_l_S_k_0_k_fu_47/mac_muladd_8s_8s_19s_19_4_1_U1/pe_r4_0_mac_muladd_8s_8s_19s_19_4_1_DSP48_0_U/p_reg_reg.
WARNING: [Synth 8-3936] Found unconnected internal register 'u/grp_pe_r4_0_Pipeline_l_S_k_0_k_fu_47/mac_muladd_8s_8s_19s_19_4_1_U1/pe_r4_0_mac_muladd_8s_8s_19s_19_4_1_DSP48_0_U/p_reg_reg' and it is trimmed from '46' to '19' bits. [/scratch/hc676/agentstudy/trials/z-ai_glm-5_3__spmw/build/sim/pe_r4_0_mac_muladd_8s_8s_19s_19_4_1.v:41]
WARNING: [Synth 8-3936] Found unconnected internal register 'u/grp_pe_r4_0_Pipeline_l_S_k_0_k_fu_47/mac_muladd_8s_8s_19s_19_4_1_U1/pe_r4_0_mac_muladd_8s_8s_19s_19_4_1_DSP48_0_U/m_reg_reg' and it is trimmed from '45' to '19' bits. [/scratch/hc676/agentstudy/trials/z-ai_glm-5_3__spmw/build/sim/pe_r4_0_mac_muladd_8s_8s_19s_19_4_1.v:34]
WARNING: [Synth 8-3936] Found unconnected internal register 'u/grp_pe_r4_0_Pipeline_l_S_k_0_k_fu_47/mac_muladd_8s_8s_19s_19_4_1_U1/pe_r4_0_mac_muladd_8s_8s_19s_19_4_1_DSP48_0_U/a_reg_reg' and it is trimmed from '27' to '19' bits. [/scratch/hc676/agentstudy/trials/z-ai_glm-5_3__spmw/build/sim/pe_r4_0_mac_muladd_8s_8s_19s_19_4_1.v:33]
DSP Report: Generating DSP u/grp_pe_r4_0_Pipeline_l_S_k_0_k_fu_47/mac_muladd_8s_8s_19s_19_4_1_U1/pe_r4_0_mac_muladd_8s_8s_19s_19_4_1_DSP48_0_U/p_reg_reg, operation Mode is: (P or C)+(A2*B2)'.
DSP Report: register u/grp_pe_r4_0_Pipeline_l_S_k_0_k_fu_47/mac_muladd_8s_8s_19s_19_4_1_U1/pe_r4_0_mac_muladd_8s_8s_19s_19_4_1_DSP48_0_U/b_reg_reg is absorbed into DSP u/grp_pe_r4_0_Pipeline_l_S_k_0_k_fu_47/mac_muladd_8s_8s_19s_19_4_1_U1/pe_r4_0_mac_muladd_8s_8s_19s_19_4_1_DSP48_0_U/p_reg_reg.
DSP Report: register u/grp_pe_r4_0_Pipeline_l_S_k_0_k_fu_47/mac_muladd_8s_8s_19s_19_4_1_U1/pe_r4_0_mac_muladd_8s_8s_19s_19_4_1_DSP48_0_U/a_reg_reg is absorbed into DSP u/grp_pe_r4_0_Pipeline_l_S_k_0_k_fu_47/mac_muladd_8s_8s_19s_19_4_1_U1/pe_r4_0_mac_muladd_8s_8s_19s_19_4_1_DSP48_0_U/p_reg_reg.
DSP Report: register u/grp_pe_r4_0_Pipeline_l_S_k_0_k_fu_47/mac_muladd_8s_8s_19s_19_4_1_U1/pe_r4_0_mac_muladd_8s_8s_19s_19_4_1_DSP48_0_U/p_reg_reg is absorbed into DSP u/grp_pe_r4_0_Pipeline_l_S_k_0_k_fu_47/mac_muladd_8s_8s_19s_19_4_1_U1/pe_r4_0_mac_muladd_8s_8s_19s_19_4_1_DSP48_0_U/p_reg_reg.
DSP Report: register u/grp_pe_r4_0_Pipeline_l_S_k_0_k_fu_47/mac_muladd_8s_8s_19s_19_4_1_U1/pe_r4_0_mac_muladd_8s_8s_19s_19_4_1_DSP48_0_U/m_reg_reg is absorbed into DSP u/grp_pe_r4_0_Pipeline_l_S_k_0_k_fu_47/mac_muladd_8s_8s_19s_19_4_1_U1/pe_r4_0_mac_muladd_8s_8s_19s_19_4_1_DSP48_0_U/p_reg_reg.
DSP Report: operator u/grp_pe_r4_0_Pipeline_l_S_k_0_k_fu_47/mac_muladd_8s_8s_19s_19_4_1_U1/pe_r4_0_mac_muladd_8s_8s_19s_19_4_1_DSP48_0_U/p is absorbed into DSP u/grp_pe_r4_0_Pipeline_l_S_k_0_k_fu_47/mac_muladd_8s_8s_19s_19_4_1_U1/pe_r4_0_mac_muladd_8s_8s_19s_19_4_1_DSP48_0_U/p_reg_reg.
DSP Report: operator u/grp_pe_r4_0_Pipeline_l_S_k_0_k_fu_47/mac_muladd_8s_8s_19s_19_4_1_U1/pe_r4_0_mac_muladd_8s_8s_19s_19_4_1_DSP48_0_U/m is absorbed into DSP u/grp_pe_r4_0_Pipeline_l_S_k_0_k_fu_47/mac_muladd_8s_8s_19s_19_4_1_U1/pe_r4_0_mac_muladd_8s_8s_19s_19_4_1_DSP48_0_U/p_reg_reg.
WARNING: [Synth 8-3936] Found unconnected internal register 'u/grp_pe_r0_0_Pipeline_VITIS_LOOP_57_2_fu_81/mac_muladd_8s_8s_32s_32_4_1_U9/pe_r0_0_mac_muladd_8s_8s_32s_32_4_1_DSP48_0_U/p_reg_reg' and it is trimmed from '46' to '32' bits. [/scratch/hc676/agentstudy/trials/z-ai_glm-5_3__spmw/build/sim/pe_r0_0_mac_muladd_8s_8s_32s_32_4_1.v:41]
WARNING: [Synth 8-3936] Found unconnected internal register 'u/grp_pe_r0_0_Pipeline_VITIS_LOOP_32_1_fu_67/mac_muladd_8s_8s_32s_32_4_1_U1/pe_r0_0_mac_muladd_8s_8s_32s_32_4_1_DSP48_0_U/p_reg_reg' and it is trimmed from '46' to '32' bits. [/scratch/hc676/agentstudy/trials/z-ai_glm-5_3__spmw/build/sim/pe_r0_0_mac_muladd_8s_8s_32s_32_4_1.v:41]
WARNING: [Synth 8-3936] Found unconnected internal register 'u/grp_pe_r0_0_Pipeline_VITIS_LOOP_32_1_fu_67/mac_muladd_8s_8s_32s_32_4_1_U1/pe_r0_0_mac_muladd_8s_8s_32s_32_4_1_DSP48_0_U/m_reg_reg' and it is trimmed from '45' to '32' bits. [/scratch/hc676/agentstudy/trials/z-ai_glm-5_3__spmw/build/sim/pe_r0_0_mac_muladd_8s_8s_32s_32_4_1.v:34]
WARNING: [Synth 8-3936] Found unconnected internal register 'u/grp_pe_r0_0_Pipeline_VITIS_LOOP_57_2_fu_81/mac_muladd_8s_8s_32s_32_4_1_U9/pe_r0_0_mac_muladd_8s_8s_32s_32_4_1_DSP48_0_U/m_reg_reg' and it is trimmed from '45' to '32' bits. [/scratch/hc676/agentstudy/trials/z-ai_glm-5_3__spmw/build/sim/pe_r0_0_mac_muladd_8s_8s_32s_32_4_1.v:34]
DSP Report: Generating DSP u/grp_pe_r0_0_Pipeline_VITIS_LOOP_57_2_fu_81/mac_muladd_8s_8s_32s_32_4_1_U9/pe_r0_0_mac_muladd_8s_8s_32s_32_4_1_DSP48_0_U/p_reg_reg, operation Mode is: (P or C)+(A2*B2)'.
DSP Report: register u/grp_pe_r0_0_Pipeline_VITIS_LOOP_57_2_fu_81/mac_muladd_8s_8s_32s_32_4_1_U9/pe_r0_0_mac_muladd_8s_8s_32s_32_4_1_DSP48_0_U/b_reg_reg is absorbed into DSP u/grp_pe_r0_0_Pipeline_VITIS_LOOP_57_2_fu_81/mac_muladd_8s_8s_32s_32_4_1_U9/pe_r0_0_mac_muladd_8s_8s_32s_32_4_1_DSP48_0_U/p_reg_reg.
DSP Report: register u/grp_pe_r0_0_Pipeline_VITIS_LOOP_57_2_fu_81/mac_muladd_8s_8s_32s_32_4_1_U9/pe_r0_0_mac_muladd_8s_8s_32s_32_4_1_DSP48_0_U/a_reg_reg is absorbed into DSP u/grp_pe_r0_0_Pipeline_VITIS_LOOP_57_2_fu_81/mac_muladd_8s_8s_32s_32_4_1_U9/pe_r0_0_mac_muladd_8s_8s_32s_32_4_1_DSP48_0_U/p_reg_reg.
DSP Report: register u/grp_pe_r0_0_Pipeline_VITIS_LOOP_57_2_fu_81/mac_muladd_8s_8s_32s_32_4_1_U9/pe_r0_0_mac_muladd_8s_8s_32s_32_4_1_DSP48_0_U/p_reg_reg is absorbed into DSP u/grp_pe_r0_0_Pipeline_VITIS_LOOP_57_2_fu_81/mac_muladd_8s_8s_32s_32_4_1_U9/pe_r0_0_mac_muladd_8s_8s_32s_32_4_1_DSP48_0_U/p_reg_reg.
DSP Report: register u/grp_pe_r0_0_Pipeline_VITIS_LOOP_57_2_fu_81/mac_muladd_8s_8s_32s_32_4_1_U9/pe_r0_0_mac_muladd_8s_8s_32s_32_4_1_DSP48_0_U/m_reg_reg is absorbed into DSP u/grp_pe_r0_0_Pipeline_VITIS_LOOP_57_2_fu_81/mac_muladd_8s_8s_32s_32_4_1_U9/pe_r0_0_mac_muladd_8s_8s_32s_32_4_1_DSP48_0_U/p_reg_reg.
DSP Report: operator u/grp_pe_r0_0_Pipeline_VITIS_LOOP_57_2_fu_81/mac_muladd_8s_8s_32s_32_4_1_U9/pe_r0_0_mac_muladd_8s_8s_32s_32_4_1_DSP48_0_U/p is absorbed into DSP u/grp_pe_r0_0_Pipeline_VITIS_LOOP_57_2_fu_81/mac_muladd_8s_8s_32s_32_4_1_U9/pe_r0_0_mac_muladd_8s_8s_32s_32_4_1_DSP48_0_U/p_reg_reg.
DSP Report: operator u/grp_pe_r0_0_Pipeline_VITIS_LOOP_57_2_fu_81/mac_muladd_8s_8s_32s_32_4_1_U9/pe_r0_0_mac_muladd_8s_8s_32s_32_4_1_DSP48_0_U/m is absorbed into DSP u/grp_pe_r0_0_Pipeline_VITIS_LOOP_57_2_fu_81/mac_muladd_8s_8s_32s_32_4_1_U9/pe_r0_0_mac_muladd_8s_8s_32s_32_4_1_DSP48_0_U/p_reg_reg.
DSP Report: Generating DSP u/grp_pe_r0_0_Pipeline_VITIS_LOOP_32_1_fu_67/mac_muladd_8s_8s_32s_32_4_1_U1/pe_r0_0_mac_muladd_8s_8s_32s_32_4_1_DSP48_0_U/p_reg_reg, operation Mode is: (P or C)+(A2*B2)'.
DSP Report: register u/grp_pe_r0_0_Pipeline_VITIS_LOOP_32_1_fu_67/mac_muladd_8s_8s_32s_32_4_1_U1/pe_r0_0_mac_muladd_8s_8s_32s_32_4_1_DSP48_0_U/b_reg_reg is absorbed into DSP u/grp_pe_r0_0_Pipeline_VITIS_LOOP_32_1_fu_67/mac_muladd_8s_8s_32s_32_4_1_U1/pe_r0_0_mac_muladd_8s_8s_32s_32_4_1_DSP48_0_U/p_reg_reg.
DSP Report: register u/grp_pe_r0_0_Pipeline_VITIS_LOOP_32_1_fu_67/mac_muladd_8s_8s_32s_32_4_1_U1/pe_r0_0_mac_muladd_8s_8s_32s_32_4_1_DSP48_0_U/a_reg_reg is absorbed into DSP u/grp_pe_r0_0_Pipeline_VITIS_LOOP_32_1_fu_67/mac_muladd_8s_8s_32s_32_4_1_U1/pe_r0_0_mac_muladd_8s_8s_32s_32_4_1_DSP48_0_U/p_reg_reg.
DSP Report: register u/grp_pe_r0_0_Pipeline_VITIS_LOOP_32_1_fu_67/mac_muladd_8s_8s_32s_32_4_1_U1/pe_r0_0_mac_muladd_8s_8s_32s_32_4_1_DSP48_0_U/p_reg_reg is absorbed into DSP u/grp_pe_r0_0_Pipeline_VITIS_LOOP_32_1_fu_67/mac_muladd_8s_8s_32s_32_4_1_U1/pe_r0_0_mac_muladd_8s_8s_32s_32_4_1_DSP48_0_U/p_reg_reg.
DSP Report: register u/grp_pe_r0_0_Pipeline_VITIS_LOOP_32_1_fu_67/mac_muladd_8s_8s_32s_32_4_1_U1/pe_r0_0_mac_muladd_8s_8s_32s_32_4_1_DSP48_0_U/m_reg_reg is absorbed into DSP u/grp_pe_r0_0_Pipeline_VITIS_LOOP_32_1_fu_67/mac_muladd_8s_8s_32s_32_4_1_U1/pe_r0_0_mac_muladd_8s_8s_32s_32_4_1_DSP48_0_U/p_reg_reg.
DSP Report: operator u/grp_pe_r0_0_Pipeline_VITIS_LOOP_32_1_fu_67/mac_muladd_8s_8s_32s_32_4_1_U1/pe_r0_0_mac_muladd_8s_8s_32s_32_4_1_DSP48_0_U/p is absorbed into DSP u/grp_pe_r0_0_Pipeline_VITIS_LOOP_32_1_fu_67/mac_muladd_8s_8s_32s_32_4_1_U1/pe_r0_0_mac_muladd_8s_8s_32s_32_4_1_DSP48_0_U/p_reg_reg.
DSP Report: operator u/grp_pe_r0_0_Pipeline_VITIS_LOOP_32_1_fu_67/mac_muladd_8s_8s_32s_32_4_1_U1/pe_r0_0_mac_muladd_8s_8s_32s_32_4_1_DSP48_0_U/m is absorbed into DSP u/grp_pe_r0_0_Pipeline_VITIS_LOOP_32_1_fu_67/mac_muladd_8s_8s_32s_32_4_1_U1/pe_r0_0_mac_muladd_8s_8s_32s_32_4_1_DSP48_0_U/p_reg_reg.
WARNING: [Synth 8-3936] Found unconnected internal register 'u/grp_pe_r3_0_Pipeline_l_S_k_1_k1_fu_71/mac_muladd_8s_8s_19s_19_4_1_U1/pe_r3_0_mac_muladd_8s_8s_19s_19_4_1_DSP48_0_U/p_reg_reg' and it is trimmed from '46' to '19' bits. [/scratch/hc676/agentstudy/trials/z-ai_glm-5_3__spmw/build/sim/pe_r3_0_mac_muladd_8s_8s_19s_19_4_1.v:41]
WARNING: [Synth 8-3936] Found unconnected internal register 'u/grp_pe_r3_0_Pipeline_l_S_k_1_k1_fu_71/mac_muladd_8s_8s_19s_19_4_1_U1/pe_r3_0_mac_muladd_8s_8s_19s_19_4_1_DSP48_0_U/m_reg_reg' and it is trimmed from '45' to '19' bits. [/scratch/hc676/agentstudy/trials/z-ai_glm-5_3__spmw/build/sim/pe_r3_0_mac_muladd_8s_8s_19s_19_4_1.v:34]
WARNING: [Synth 8-3936] Found unconnected internal register 'u/grp_pe_r3_0_Pipeline_l_S_k_1_k1_fu_71/mac_muladd_8s_8s_19s_19_4_1_U1/pe_r3_0_mac_muladd_8s_8s_19s_19_4_1_DSP48_0_U/a_reg_reg' and it is trimmed from '27' to '19' bits. [/scratch/hc676/agentstudy/trials/z-ai_glm-5_3__spmw/build/sim/pe_r3_0_mac_muladd_8s_8s_19s_19_4_1.v:33]
DSP Report: Generating DSP u/v16_reg_123_reg, operation Mode is: (A*B)'.
DSP Report: register u/v16_reg_123_reg is absorbed into DSP u/v16_reg_123_reg.
DSP Report: operator u/mul_8s_8s_16_1_1_U10/tmp_product is absorbed into DSP u/v16_reg_123_reg.
DSP Report: Generating DSP u/grp_pe_r3_0_Pipeline_l_S_k_1_k1_fu_71/mac_muladd_8s_8s_19s_19_4_1_U1/pe_r3_0_mac_muladd_8s_8s_19s_19_4_1_DSP48_0_U/p_reg_reg, operation Mode is: (P or C)+(A2*B2)'.
DSP Report: register u/grp_pe_r3_0_Pipeline_l_S_k_1_k1_fu_71/mac_muladd_8s_8s_19s_19_4_1_U1/pe_r3_0_mac_muladd_8s_8s_19s_19_4_1_DSP48_0_U/b_reg_reg is absorbed into DSP u/grp_pe_r3_0_Pipeline_l_S_k_1_k1_fu_71/mac_muladd_8s_8s_19s_19_4_1_U1/pe_r3_0_mac_muladd_8s_8s_19s_19_4_1_DSP48_0_U/p_reg_reg.
DSP Report: register u/grp_pe_r3_0_Pipeline_l_S_k_1_k1_fu_71/mac_muladd_8s_8s_19s_19_4_1_U1/pe_r3_0_mac_muladd_8s_8s_19s_19_4_1_DSP48_0_U/a_reg_reg is absorbed into DSP u/grp_pe_r3_0_Pipeline_l_S_k_1_k1_fu_71/mac_muladd_8s_8s_19s_19_4_1_U1/pe_r3_0_mac_muladd_8s_8s_19s_19_4_1_DSP48_0_U/p_reg_reg.
DSP Report: register u/grp_pe_r3_0_Pipeline_l_S_k_1_k1_fu_71/mac_muladd_8s_8s_19s_19_4_1_U1/pe_r3_0_mac_muladd_8s_8s_19s_19_4_1_DSP48_0_U/p_reg_reg is absorbed into DSP u/grp_pe_r3_0_Pipeline_l_S_k_1_k1_fu_71/mac_muladd_8s_8s_19s_19_4_1_U1/pe_r3_0_mac_muladd_8s_8s_19s_19_4_1_DSP48_0_U/p_reg_reg.
DSP Report: register u/grp_pe_r3_0_Pipeline_l_S_k_1_k1_fu_71/mac_muladd_8s_8s_19s_19_4_1_U1/pe_r3_0_mac_muladd_8s_8s_19s_19_4_1_DSP48_0_U/m_reg_reg is absorbed into DSP u/grp_pe_r3_0_Pipeline_l_S_k_1_k1_fu_71/mac_muladd_8s_8s_19s_19_4_1_U1/pe_r3_0_mac_muladd_8s_8s_19s_19_4_1_DSP48_0_U/p_reg_reg.
DSP Report: operator u/grp_pe_r3_0_Pipeline_l_S_k_1_k1_fu_71/mac_muladd_8s_8s_19s_19_4_1_U1/pe_r3_0_mac_muladd_8s_8s_19s_19_4_1_DSP48_0_U/p is absorbed into DSP u/grp_pe_r3_0_Pipeline_l_S_k_1_k1_fu_71/mac_muladd_8s_8s_19s_19_4_1_U1/pe_r3_0_mac_muladd_8s_8s_19s_19_4_1_DSP48_0_U/p_reg_reg.
DSP Report: operator u/grp_pe_r3_0_Pipeline_l_S_k_1_k1_fu_71/mac_muladd_8s_8s_19s_19_4_1_U1/pe_r3_0_mac_muladd_8s_8s_19s_19_4_1_DSP48_0_U/m is absorbed into DSP u/grp_pe_r3_0_Pipeline_l_S_k_1_k1_fu_71/mac_muladd_8s_8s_19s_19_4_1_U1/pe_r3_0_mac_muladd_8s_8s_19s_19_4_1_DSP48_0_U/p_reg_reg.
WARNING: [Synth 8-3936] Found unconnected internal register 'u/grp_pe_r3_0_Pipeline_l_S_k_1_k1_fu_71/mac_muladd_8s_8s_19s_19_4_1_U1/pe_r3_0_mac_muladd_8s_8s_19s_19_4_1_DSP48_0_U/p_reg_reg' and it is trimmed from '46' to '19' bits. [/scratch/hc676/agentstudy/trials/z-ai_glm-5_3__spmw/build/sim/pe_r3_0_mac_muladd_8s_8s_19s_19_4_1.v:41]
WARNING: [Synth 8-3936] Found unconnected internal register 'u/grp_pe_r3_0_Pipeline_l_S_k_1_k1_fu_71/mac_muladd_8s_8s_19s_19_4_1_U1/pe_r3_0_mac_muladd_8s_8s_19s_19_4_1_DSP48_0_U/m_reg_reg' and it is trimmed from '45' to '19' bits. [/scratch/hc676/agentstudy/trials/z-ai_glm-5_3__spmw/build/sim/pe_r3_0_mac_muladd_8s_8s_19s_19_4_1.v:34]
WARNING: [Synth 8-3936] Found unconnected internal register 'u/grp_pe_r3_0_Pipeline_l_S_k_1_k1_fu_71/mac_muladd_8s_8s_19s_19_4_1_U1/pe_r3_0_mac_muladd_8s_8s_19s_19_4_1_DSP48_0_U/a_reg_reg' and it is trimmed from '27' to '19' bits. [/scratch/hc676/agentstudy/trials/z-ai_glm-5_3__spmw/build/sim/pe_r3_0_mac_muladd_8s_8s_19s_19_4_1.v:33]
DSP Report: Generating DSP u/v16_reg_123_reg, operation Mode is: (A*B)'.
DSP Report: register u/v16_reg_123_reg is absorbed into DSP u/v16_reg_123_reg.
DSP Report: operator u/mul_8s_8s_16_1_1_U10/tmp_product is absorbed into DSP u/v16_reg_123_reg.
DSP Report: Generating DSP u/grp_pe_r3_0_Pipeline_l_S_k_1_k1_fu_71/mac_muladd_8s_8s_19s_19_4_1_U1/pe_r3_0_mac_muladd_8s_8s_19s_19_4_1_DSP48_0_U/p_reg_reg, operation Mode is: (P or C)+(A2*B2)'.
DSP Report: register u/grp_pe_r3_0_Pipeline_l_S_k_1_k1_fu_71/mac_muladd_8s_8s_19s_19_4_1_U1/pe_r3_0_mac_muladd_8s_8s_19s_19_4_1_DSP48_0_U/b_reg_reg is absorbed into DSP u/grp_pe_r3_0_Pipeline_l_S_k_1_k1_fu_71/mac_muladd_8s_8s_19s_19_4_1_U1/pe_r3_0_mac_muladd_8s_8s_19s_19_4_1_DSP48_0_U/p_reg_reg.
DSP Report: register u/grp_pe_r3_0_Pipeline_l_S_k_1_k1_fu_71/mac_muladd_8s_8s_19s_19_4_1_U1/pe_r3_0_mac_muladd_8s_8s_19s_19_4_1_DSP48_0_U/a_reg_reg is absorbed into DSP u/grp_pe_r3_0_Pipeline_l_S_k_1_k1_fu_71/mac_muladd_8s_8s_19s_19_4_1_U1/pe_r3_0_mac_muladd_8s_8s_19s_19_4_1_DSP48_0_U/p_reg_reg.
DSP Report: register u/grp_pe_r3_0_Pipeline_l_S_k_1_k1_fu_71/mac_muladd_8s_8s_19s_19_4_1_U1/pe_r3_0_mac_muladd_8s_8s_19s_19_4_1_DSP48_0_U/p_reg_reg is absorbed into DSP u/grp_pe_r3_0_Pipeline_l_S_k_1_k1_fu_71/mac_muladd_8s_8s_19s_19_4_1_U1/pe_r3_0_mac_muladd_8s_8s_19s_19_4_1_DSP48_0_U/p_reg_reg.
DSP Report: register u/grp_pe_r3_0_Pipeline_l_S_k_1_k1_fu_71/mac_muladd_8s_8s_19s_19_4_1_U1/pe_r3_0_mac_muladd_8s_8s_19s_19_4_1_DSP48_0_U/m_reg_reg is absorbed into DSP u/grp_pe_r3_0_Pipeline_l_S_k_1_k1_fu_71/mac_muladd_8s_8s_19s_19_4_1_U1/pe_r3_0_mac_muladd_8s_8s_19s_19_4_1_DSP48_0_U/p_reg_reg.
DSP Report: operator u/grp_pe_r3_0_Pipeline_l_S_k_1_k1_fu_71/mac_muladd_8s_8s_19s_19_4_1_U1/pe_r3_0_mac_muladd_8s_8s_19s_19_4_1_DSP48_0_U/p is absorbed into DSP u/grp_pe_r3_0_Pipeline_l_S_k_1_k1_fu_71/mac_muladd_8s_8s_19s_19_4_1_U1/pe_r3_0_mac_muladd_8s_8s_19s_19_4_1_DSP48_0_U/p_reg_reg.
DSP Report: operator u/grp_pe_r3_0_Pipeline_l_S_k_1_k1_fu_71/mac_muladd_8s_8s_19s_19_4_1_U1/pe_r3_0_mac_muladd_8s_8s_19s_19_4_1_DSP48_0_U/m is absorbed into DSP u/grp_pe_r3_0_Pipeline_l_S_k_1_k1_fu_71/mac_muladd_8s_8s_19s_19_4_1_U1/pe_r3_0_mac_muladd_8s_8s_19s_19_4_1_DSP48_0_U/p_reg_reg.
WARNING: [Synth 8-3936] Found unconnected internal register 'u/grp_pe_r3_0_Pipeline_l_S_k_1_k1_fu_71/mac_muladd_8s_8s_19s_19_4_1_U1/pe_r3_0_mac_muladd_8s_8s_19s_19_4_1_DSP48_0_U/p_reg_reg' and it is trimmed from '46' to '19' bits. [/scratch/hc676/agentstudy/trials/z-ai_glm-5_3__spmw/build/sim/pe_r3_0_mac_muladd_8s_8s_19s_19_4_1.v:41]
WARNING: [Synth 8-3936] Found unconnected internal register 'u/grp_pe_r3_0_Pipeline_l_S_k_1_k1_fu_71/mac_muladd_8s_8s_19s_19_4_1_U1/pe_r3_0_mac_muladd_8s_8s_19s_19_4_1_DSP48_0_U/m_reg_reg' and it is trimmed from '45' to '19' bits. [/scratch/hc676/agentstudy/trials/z-ai_glm-5_3__spmw/build/sim/pe_r3_0_mac_muladd_8s_8s_19s_19_4_1.v:34]
WARNING: [Synth 8-3936] Found unconnected internal register 'u/grp_pe_r3_0_Pipeline_l_S_k_1_k1_fu_71/mac_muladd_8s_8s_19s_19_4_1_U1/pe_r3_0_mac_muladd_8s_8s_19s_19_4_1_DSP48_0_U/a_reg_reg' and it is trimmed from '27' to '19' bits. [/scratch/hc676/agentstudy/trials/z-ai_glm-5_3__spmw/build/sim/pe_r3_0_mac_muladd_8s_8s_19s_19_4_1.v:33]
DSP Report: Generating DSP u/v16_reg_123_reg, operation Mode is: (A*B)'.
DSP Report: register u/v16_reg_123_reg is absorbed into DSP u/v16_reg_123_reg.
DSP Report: operator u/mul_8s_8s_16_1_1_U10/tmp_product is absorbed into DSP u/v16_reg_123_reg.
DSP Report: Generating DSP u/grp_pe_r3_0_Pipeline_l_S_k_1_k1_fu_71/mac_muladd_8s_8s_19s_19_4_1_U1/pe_r3_0_mac_muladd_8s_8s_19s_19_4_1_DSP48_0_U/p_reg_reg, operation Mode is: (P or C)+(A2*B2)'.
DSP Report: register u/grp_pe_r3_0_Pipeline_l_S_k_1_k1_fu_71/mac_muladd_8s_8s_19s_19_4_1_U1/pe_r3_0_mac_muladd_8s_8s_19s_19_4_1_DSP48_0_U/b_reg_reg is absorbed into DSP u/grp_pe_r3_0_Pipeline_l_S_k_1_k1_fu_71/mac_muladd_8s_8s_19s_19_4_1_U1/pe_r3_0_mac_muladd_8s_8s_19s_19_4_1_DSP48_0_U/p_reg_reg.
DSP Report: register u/grp_pe_r3_0_Pipeline_l_S_k_1_k1_fu_71/mac_muladd_8s_8s_19s_19_4_1_U1/pe_r3_0_mac_muladd_8s_8s_19s_19_4_1_DSP48_0_U/a_reg_reg is absorbed into DSP u/grp_pe_r3_0_Pipeline_l_S_k_1_k1_fu_71/mac_muladd_8s_8s_19s_19_4_1_U1/pe_r3_0_mac_muladd_8s_8s_19s_19_4_1_DSP48_0_U/p_reg_reg.
DSP Report: register u/grp_pe_r3_0_Pipeline_l_S_k_1_k1_fu_71/mac_muladd_8s_8s_19s_19_4_1_U1/pe_r3_0_mac_muladd_8s_8s_19s_19_4_1_DSP48_0_U/p_reg_reg is absorbed into DSP u/grp_pe_r3_0_Pipeline_l_S_k_1_k1_fu_71/mac_muladd_8s_8s_19s_19_4_1_U1/pe_r3_0_mac_muladd_8s_8s_19s_19_4_1_DSP48_0_U/p_reg_reg.
DSP Report: register u/grp_pe_r3_0_Pipeline_l_S_k_1_k1_fu_71/mac_muladd_8s_8s_19s_19_4_1_U1/pe_r3_0_mac_muladd_8s_8s_19s_19_4_1_DSP48_0_U/m_reg_reg is absorbed into DSP u/grp_pe_r3_0_Pipeline_l_S_k_1_k1_fu_71/mac_muladd_8s_8s_19s_19_4_1_U1/pe_r3_0_mac_muladd_8s_8s_19s_19_4_1_DSP48_0_U/p_reg_reg.
DSP Report: operator u/grp_pe_r3_0_Pipeline_l_S_k_1_k1_fu_71/mac_muladd_8s_8s_19s_19_4_1_U1/pe_r3_0_mac_muladd_8s_8s_19s_19_4_1_DSP48_0_U/p is absorbed into DSP u/grp_pe_r3_0_Pipeline_l_S_k_1_k1_fu_71/mac_muladd_8s_8s_19s_19_4_1_U1/pe_r3_0_mac_muladd_8s_8s_19s_19_4_1_DSP48_0_U/p_reg_reg.
DSP Report: operator u/grp_pe_r3_0_Pipeline_l_S_k_1_k1_fu_71/mac_muladd_8s_8s_19s_19_4_1_U1/pe_r3_0_mac_muladd_8s_8s_19s_19_4_1_DSP48_0_U/m is absorbed into DSP u/grp_pe_r3_0_Pipeline_l_S_k_1_k1_fu_71/mac_muladd_8s_8s_19s_19_4_1_U1/pe_r3_0_mac_muladd_8s_8s_19s_19_4_1_DSP48_0_U/p_reg_reg.
WARNING: [Synth 8-3936] Found unconnected internal register 'u/grp_pe_r3_0_Pipeline_l_S_k_1_k1_fu_71/mac_muladd_8s_8s_19s_19_4_1_U1/pe_r3_0_mac_muladd_8s_8s_19s_19_4_1_DSP48_0_U/p_reg_reg' and it is trimmed from '46' to '19' bits. [/scratch/hc676/agentstudy/trials/z-ai_glm-5_3__spmw/build/sim/pe_r3_0_mac_muladd_8s_8s_19s_19_4_1.v:41]
WARNING: [Synth 8-3936] Found unconnected internal register 'u/grp_pe_r3_0_Pipeline_l_S_k_1_k1_fu_71/mac_muladd_8s_8s_19s_19_4_1_U1/pe_r3_0_mac_muladd_8s_8s_19s_19_4_1_DSP48_0_U/m_reg_reg' and it is trimmed from '45' to '19' bits. [/scratch/hc676/agentstudy/trials/z-ai_glm-5_3__spmw/build/sim/pe_r3_0_mac_muladd_8s_8s_19s_19_4_1.v:34]
WARNING: [Synth 8-3936] Found unconnected internal register 'u/grp_pe_r3_0_Pipeline_l_S_k_1_k1_fu_71/mac_muladd_8s_8s_19s_19_4_1_U1/pe_r3_0_mac_muladd_8s_8s_19s_19_4_1_DSP48_0_U/a_reg_reg' and it is trimmed from '27' to '19' bits. [/scratch/hc676/agentstudy/trials/z-ai_glm-5_3__spmw/build/sim/pe_r3_0_mac_muladd_8s_8s_19s_19_4_1.v:33]
DSP Report: Generating DSP u/v16_reg_123_reg, operation Mode is: (A*B)'.
DSP Report: register u/v16_reg_123_reg is absorbed into DSP u/v16_reg_123_reg.
DSP Report: operator u/mul_8s_8s_16_1_1_U10/tmp_product is absorbed into DSP u/v16_reg_123_reg.
DSP Report: Generating DSP u/grp_pe_r3_0_Pipeline_l_S_k_1_k1_fu_71/mac_muladd_8s_8s_19s_19_4_1_U1/pe_r3_0_mac_muladd_8s_8s_19s_19_4_1_DSP48_0_U/p_reg_reg, operation Mode is: (P or C)+(A2*B2)'.
DSP Report: register u/grp_pe_r3_0_Pipeline_l_S_k_1_k1_fu_71/mac_muladd_8s_8s_19s_19_4_1_U1/pe_r3_0_mac_muladd_8s_8s_19s_19_4_1_DSP48_0_U/b_reg_reg is absorbed into DSP u/grp_pe_r3_0_Pipeline_l_S_k_1_k1_fu_71/mac_muladd_8s_8s_19s_19_4_1_U1/pe_r3_0_mac_muladd_8s_8s_19s_19_4_1_DSP48_0_U/p_reg_reg.
DSP Report: register u/grp_pe_r3_0_Pipeline_l_S_k_1_k1_fu_71/mac_muladd_8s_8s_19s_19_4_1_U1/pe_r3_0_mac_muladd_8s_8s_19s_19_4_1_DSP48_0_U/a_reg_reg is absorbed into DSP u/grp_pe_r3_0_Pipeline_l_S_k_1_k1_fu_71/mac_muladd_8s_8s_19s_19_4_1_U1/pe_r3_0_mac_muladd_8s_8s_19s_19_4_1_DSP48_0_U/p_reg_reg.
DSP Report: register u/grp_pe_r3_0_Pipeline_l_S_k_1_k1_fu_71/mac_muladd_8s_8s_19s_19_4_1_U1/pe_r3_0_mac_muladd_8s_8s_19s_19_4_1_DSP48_0_U/p_reg_reg is absorbed into DSP u/grp_pe_r3_0_Pipeline_l_S_k_1_k1_fu_71/mac_muladd_8s_8s_19s_19_4_1_U1/pe_r3_0_mac_muladd_8s_8s_19s_19_4_1_DSP48_0_U/p_reg_reg.
DSP Report: register u/grp_pe_r3_0_Pipeline_l_S_k_1_k1_fu_71/mac_muladd_8s_8s_19s_19_4_1_U1/pe_r3_0_mac_muladd_8s_8s_19s_19_4_1_DSP48_0_U/m_reg_reg is absorbed into DSP u/grp_pe_r3_0_Pipeline_l_S_k_1_k1_fu_71/mac_muladd_8s_8s_19s_19_4_1_U1/pe_r3_0_mac_muladd_8s_8s_19s_19_4_1_DSP48_0_U/p_reg_reg.
DSP Report: operator u/grp_pe_r3_0_Pipeline_l_S_k_1_k1_fu_71/mac_muladd_8s_8s_19s_19_4_1_U1/pe_r3_0_mac_muladd_8s_8s_19s_19_4_1_DSP48_0_U/p is absorbed into DSP u/grp_pe_r3_0_Pipeline_l_S_k_1_k1_fu_71/mac_muladd_8s_8s_19s_19_4_1_U1/pe_r3_0_mac_muladd_8s_8s_19s_19_4_1_DSP48_0_U/p_reg_reg.
DSP Report: operator u/grp_pe_r3_0_Pipeline_l_S_k_1_k1_fu_71/mac_muladd_8s_8s_19s_19_4_1_U1/pe_r3_0_mac_muladd_8s_8s_19s_19_4_1_DSP48_0_U/m is absorbed into DSP u/grp_pe_r3_0_Pipeline_l_S_k_1_k1_fu_71/mac_muladd_8s_8s_19s_19_4_1_U1/pe_r3_0_mac_muladd_8s_8s_19s_19_4_1_DSP48_0_U/p_reg_reg.
WARNING: [Synth 8-3936] Found unconnected internal register 'u/grp_pe_r0_0_Pipeline_VITIS_LOOP_57_2_fu_81/mac_muladd_8s_8s_32s_32_4_1_U9/pe_r0_0_mac_muladd_8s_8s_32s_32_4_1_DSP48_0_U/p_reg_reg' and it is trimmed from '46' to '32' bits. [/scratch/hc676/agentstudy/trials/z-ai_glm-5_3__spmw/build/sim/pe_r0_0_mac_muladd_8s_8s_32s_32_4_1.v:41]
WARNING: [Synth 8-3936] Found unconnected internal register 'u/grp_pe_r0_0_Pipeline_VITIS_LOOP_32_1_fu_67/mac_muladd_8s_8s_32s_32_4_1_U1/pe_r0_0_mac_muladd_8s_8s_32s_32_4_1_DSP48_0_U/p_reg_reg' and it is trimmed from '46' to '32' bits. [/scratch/hc676/agentstudy/trials/z-ai_glm-5_3__spmw/build/sim/pe_r0_0_mac_muladd_8s_8s_32s_32_4_1.v:41]
WARNING: [Synth 8-3936] Found unconnected internal register 'u/grp_pe_r0_0_Pipeline_VITIS_LOOP_32_1_fu_67/mac_muladd_8s_8s_32s_32_4_1_U1/pe_r0_0_mac_muladd_8s_8s_32s_32_4_1_DSP48_0_U/m_reg_reg' and it is trimmed from '45' to '32' bits. [/scratch/hc676/agentstudy/trials/z-ai_glm-5_3__spmw/build/sim/pe_r0_0_mac_muladd_8s_8s_32s_32_4_1.v:34]
WARNING: [Synth 8-3936] Found unconnected internal register 'u/grp_pe_r0_0_Pipeline_VITIS_LOOP_57_2_fu_81/mac_muladd_8s_8s_32s_32_4_1_U9/pe_r0_0_mac_muladd_8s_8s_32s_32_4_1_DSP48_0_U/m_reg_reg' and it is trimmed from '45' to '32' bits. [/scratch/hc676/agentstudy/trials/z-ai_glm-5_3__spmw/build/sim/pe_r0_0_mac_muladd_8s_8s_32s_32_4_1.v:34]
DSP Report: Generating DSP u/grp_pe_r0_0_Pipeline_VITIS_LOOP_57_2_fu_81/mac_muladd_8s_8s_32s_32_4_1_U9/pe_r0_0_mac_muladd_8s_8s_32s_32_4_1_DSP48_0_U/p_reg_reg, operation Mode is: (P or C)+(A2*B2)'.
DSP Report: register u/grp_pe_r0_0_Pipeline_VITIS_LOOP_57_2_fu_81/mac_muladd_8s_8s_32s_32_4_1_U9/pe_r0_0_mac_muladd_8s_8s_32s_32_4_1_DSP48_0_U/b_reg_reg is absorbed into DSP u/grp_pe_r0_0_Pipeline_VITIS_LOOP_57_2_fu_81/mac_muladd_8s_8s_32s_32_4_1_U9/pe_r0_0_mac_muladd_8s_8s_32s_32_4_1_DSP48_0_U/p_reg_reg.
DSP Report: register u/grp_pe_r0_0_Pipeline_VITIS_LOOP_57_2_fu_81/mac_muladd_8s_8s_32s_32_4_1_U9/pe_r0_0_mac_muladd_8s_8s_32s_32_4_1_DSP48_0_U/a_reg_reg is absorbed into DSP u/grp_pe_r0_0_Pipeline_VITIS_LOOP_57_2_fu_81/mac_muladd_8s_8s_32s_32_4_1_U9/pe_r0_0_mac_muladd_8s_8s_32s_32_4_1_DSP48_0_U/p_reg_reg.
DSP Report: register u/grp_pe_r0_0_Pipeline_VITIS_LOOP_57_2_fu_81/mac_muladd_8s_8s_32s_32_4_1_U9/pe_r0_0_mac_muladd_8s_8s_32s_32_4_1_DSP48_0_U/p_reg_reg is absorbed into DSP u/grp_pe_r0_0_Pipeline_VITIS_LOOP_57_2_fu_81/mac_muladd_8s_8s_32s_32_4_1_U9/pe_r0_0_mac_muladd_8s_8s_32s_32_4_1_DSP48_0_U/p_reg_reg.
DSP Report: register u/grp_pe_r0_0_Pipeline_VITIS_LOOP_57_2_fu_81/mac_muladd_8s_8s_32s_32_4_1_U9/pe_r0_0_mac_muladd_8s_8s_32s_32_4_1_DSP48_0_U/m_reg_reg is absorbed into DSP u/grp_pe_r0_0_Pipeline_VITIS_LOOP_57_2_fu_81/mac_muladd_8s_8s_32s_32_4_1_U9/pe_r0_0_mac_muladd_8s_8s_32s_32_4_1_DSP48_0_U/p_reg_reg.
DSP Report: operator u/grp_pe_r0_0_Pipeline_VITIS_LOOP_57_2_fu_81/mac_muladd_8s_8s_32s_32_4_1_U9/pe_r0_0_mac_muladd_8s_8s_32s_32_4_1_DSP48_0_U/p is absorbed into DSP u/grp_pe_r0_0_Pipeline_VITIS_LOOP_57_2_fu_81/mac_muladd_8s_8s_32s_32_4_1_U9/pe_r0_0_mac_muladd_8s_8s_32s_32_4_1_DSP48_0_U/p_reg_reg.
DSP Report: operator u/grp_pe_r0_0_Pipeline_VITIS_LOOP_57_2_fu_81/mac_muladd_8s_8s_32s_32_4_1_U9/pe_r0_0_mac_muladd_8s_8s_32s_32_4_1_DSP48_0_U/m is absorbed into DSP u/grp_pe_r0_0_Pipeline_VITIS_LOOP_57_2_fu_81/mac_muladd_8s_8s_32s_32_4_1_U9/pe_r0_0_mac_muladd_8s_8s_32s_32_4_1_DSP48_0_U/p_reg_reg.
DSP Report: Generating DSP u/grp_pe_r0_0_Pipeline_VITIS_LOOP_32_1_fu_67/mac_muladd_8s_8s_32s_32_4_1_U1/pe_r0_0_mac_muladd_8s_8s_32s_32_4_1_DSP48_0_U/p_reg_reg, operation Mode is: (P or C)+(A2*B2)'.
DSP Report: register u/grp_pe_r0_0_Pipeline_VITIS_LOOP_32_1_fu_67/mac_muladd_8s_8s_32s_32_4_1_U1/pe_r0_0_mac_muladd_8s_8s_32s_32_4_1_DSP48_0_U/b_reg_reg is absorbed into DSP u/grp_pe_r0_0_Pipeline_VITIS_LOOP_32_1_fu_67/mac_muladd_8s_8s_32s_32_4_1_U1/pe_r0_0_mac_muladd_8s_8s_32s_32_4_1_DSP48_0_U/p_reg_reg.
DSP Report: register u/grp_pe_r0_0_Pipeline_VITIS_LOOP_32_1_fu_67/mac_muladd_8s_8s_32s_32_4_1_U1/pe_r0_0_mac_muladd_8s_8s_32s_32_4_1_DSP48_0_U/a_reg_reg is absorbed into DSP u/grp_pe_r0_0_Pipeline_VITIS_LOOP_32_1_fu_67/mac_muladd_8s_8s_32s_32_4_1_U1/pe_r0_0_mac_muladd_8s_8s_32s_32_4_1_DSP48_0_U/p_reg_reg.
DSP Report: register u/grp_pe_r0_0_Pipeline_VITIS_LOOP_32_1_fu_67/mac_muladd_8s_8s_32s_32_4_1_U1/pe_r0_0_mac_muladd_8s_8s_32s_32_4_1_DSP48_0_U/p_reg_reg is absorbed into DSP u/grp_pe_r0_0_Pipeline_VITIS_LOOP_32_1_fu_67/mac_muladd_8s_8s_32s_32_4_1_U1/pe_r0_0_mac_muladd_8s_8s_32s_32_4_1_DSP48_0_U/p_reg_reg.
DSP Report: register u/grp_pe_r0_0_Pipeline_VITIS_LOOP_32_1_fu_67/mac_muladd_8s_8s_32s_32_4_1_U1/pe_r0_0_mac_muladd_8s_8s_32s_32_4_1_DSP48_0_U/m_reg_reg is absorbed into DSP u/grp_pe_r0_0_Pipeline_VITIS_LOOP_32_1_fu_67/mac_muladd_8s_8s_32s_32_4_1_U1/pe_r0_0_mac_muladd_8s_8s_32s_32_4_1_DSP48_0_U/p_reg_reg.
DSP Report: operator u/grp_pe_r0_0_Pipeline_VITIS_LOOP_32_1_fu_67/mac_muladd_8s_8s_32s_32_4_1_U1/pe_r0_0_mac_muladd_8s_8s_32s_32_4_1_DSP48_0_U/p is absorbed into DSP u/grp_pe_r0_0_Pipeline_VITIS_LOOP_32_1_fu_67/mac_muladd_8s_8s_32s_32_4_1_U1/pe_r0_0_mac_muladd_8s_8s_32s_32_4_1_DSP48_0_U/p_reg_reg.
DSP Report: operator u/grp_pe_r0_0_Pipeline_VITIS_LOOP_32_1_fu_67/mac_muladd_8s_8s_32s_32_4_1_U1/pe_r0_0_mac_muladd_8s_8s_32s_32_4_1_DSP48_0_U/m is absorbed into DSP u/grp_pe_r0_0_Pipeline_VITIS_LOOP_32_1_fu_67/mac_muladd_8s_8s_32s_32_4_1_U1/pe_r0_0_mac_muladd_8s_8s_32s_32_4_1_DSP48_0_U/p_reg_reg.
WARNING: [Synth 8-3936] Found unconnected internal register 'u/grp_pe_r0_0_Pipeline_VITIS_LOOP_57_2_fu_81/mac_muladd_8s_8s_32s_32_4_1_U9/pe_r0_0_mac_muladd_8s_8s_32s_32_4_1_DSP48_0_U/p_reg_reg' and it is trimmed from '46' to '32' bits. [/scratch/hc676/agentstudy/trials/z-ai_glm-5_3__spmw/build/sim/pe_r0_0_mac_muladd_8s_8s_32s_32_4_1.v:41]
WARNING: [Synth 8-3936] Found unconnected internal register 'u/grp_pe_r0_0_Pipeline_VITIS_LOOP_32_1_fu_67/mac_muladd_8s_8s_32s_32_4_1_U1/pe_r0_0_mac_muladd_8s_8s_32s_32_4_1_DSP48_0_U/p_reg_reg' and it is trimmed from '46' to '32' bits. [/scratch/hc676/agentstudy/trials/z-ai_glm-5_3__spmw/build/sim/pe_r0_0_mac_muladd_8s_8s_32s_32_4_1.v:41]
WARNING: [Synth 8-3936] Found unconnected internal register 'u/grp_pe_r0_0_Pipeline_VITIS_LOOP_32_1_fu_67/mac_muladd_8s_8s_32s_32_4_1_U1/pe_r0_0_mac_muladd_8s_8s_32s_32_4_1_DSP48_0_U/m_reg_reg' and it is trimmed from '45' to '32' bits. [/scratch/hc676/agentstudy/trials/z-ai_glm-5_3__spmw/build/sim/pe_r0_0_mac_muladd_8s_8s_32s_32_4_1.v:34]
WARNING: [Synth 8-3936] Found unconnected internal register 'u/grp_pe_r0_0_Pipeline_VITIS_LOOP_57_2_fu_81/mac_muladd_8s_8s_32s_32_4_1_U9/pe_r0_0_mac_muladd_8s_8s_32s_32_4_1_DSP48_0_U/m_reg_reg' and it is trimmed from '45' to '32' bits. [/scratch/hc676/agentstudy/trials/z-ai_glm-5_3__spmw/build/sim/pe_r0_0_mac_muladd_8s_8s_32s_32_4_1.v:34]
DSP Report: Generating DSP u/grp_pe_r0_0_Pipeline_VITIS_LOOP_57_2_fu_81/mac_muladd_8s_8s_32s_32_4_1_U9/pe_r0_0_mac_muladd_8s_8s_32s_32_4_1_DSP48_0_U/p_reg_reg, operation Mode is: (P or C)+(A2*B2)'.
DSP Report: register u/grp_pe_r0_0_Pipeline_VITIS_LOOP_57_2_fu_81/mac_muladd_8s_8s_32s_32_4_1_U9/pe_r0_0_mac_muladd_8s_8s_32s_32_4_1_DSP48_0_U/b_reg_reg is absorbed into DSP u/grp_pe_r0_0_Pipeline_VITIS_LOOP_57_2_fu_81/mac_muladd_8s_8s_32s_32_4_1_U9/pe_r0_0_mac_muladd_8s_8s_32s_32_4_1_DSP48_0_U/p_reg_reg.
DSP Report: register u/grp_pe_r0_0_Pipeline_VITIS_LOOP_57_2_fu_81/mac_muladd_8s_8s_32s_32_4_1_U9/pe_r0_0_mac_muladd_8s_8s_32s_32_4_1_DSP48_0_U/a_reg_reg is absorbed into DSP u/grp_pe_r0_0_Pipeline_VITIS_LOOP_57_2_fu_81/mac_muladd_8s_8s_32s_32_4_1_U9/pe_r0_0_mac_muladd_8s_8s_32s_32_4_1_DSP48_0_U/p_reg_reg.
DSP Report: register u/grp_pe_r0_0_Pipeline_VITIS_LOOP_57_2_fu_81/mac_muladd_8s_8s_32s_32_4_1_U9/pe_r0_0_mac_muladd_8s_8s_32s_32_4_1_DSP48_0_U/p_reg_reg is absorbed into DSP u/grp_pe_r0_0_Pipeline_VITIS_LOOP_57_2_fu_81/mac_muladd_8s_8s_32s_32_4_1_U9/pe_r0_0_mac_muladd_8s_8s_32s_32_4_1_DSP48_0_U/p_reg_reg.
DSP Report: register u/grp_pe_r0_0_Pipeline_VITIS_LOOP_57_2_fu_81/mac_muladd_8s_8s_32s_32_4_1_U9/pe_r0_0_mac_muladd_8s_8s_32s_32_4_1_DSP48_0_U/m_reg_reg is absorbed into DSP u/grp_pe_r0_0_Pipeline_VITIS_LOOP_57_2_fu_81/mac_muladd_8s_8s_32s_32_4_1_U9/pe_r0_0_mac_muladd_8s_8s_32s_32_4_1_DSP48_0_U/p_reg_reg.
DSP Report: operator u/grp_pe_r0_0_Pipeline_VITIS_LOOP_57_2_fu_81/mac_muladd_8s_8s_32s_32_4_1_U9/pe_r0_0_mac_muladd_8s_8s_32s_32_4_1_DSP48_0_U/p is absorbed into DSP u/grp_pe_r0_0_Pipeline_VITIS_LOOP_57_2_fu_81/mac_muladd_8s_8s_32s_32_4_1_U9/pe_r0_0_mac_muladd_8s_8s_32s_32_4_1_DSP48_0_U/p_reg_reg.
DSP Report: operator u/grp_pe_r0_0_Pipeline_VITIS_LOOP_57_2_fu_81/mac_muladd_8s_8s_32s_32_4_1_U9/pe_r0_0_mac_muladd_8s_8s_32s_32_4_1_DSP48_0_U/m is absorbed into DSP u/grp_pe_r0_0_Pipeline_VITIS_LOOP_57_2_fu_81/mac_muladd_8s_8s_32s_32_4_1_U9/pe_r0_0_mac_muladd_8s_8s_32s_32_4_1_DSP48_0_U/p_reg_reg.
DSP Report: Generating DSP u/grp_pe_r0_0_Pipeline_VITIS_LOOP_32_1_fu_67/mac_muladd_8s_8s_32s_32_4_1_U1/pe_r0_0_mac_muladd_8s_8s_32s_32_4_1_DSP48_0_U/p_reg_reg, operation Mode is: (P or C)+(A2*B2)'.
DSP Report: register u/grp_pe_r0_0_Pipeline_VITIS_LOOP_32_1_fu_67/mac_muladd_8s_8s_32s_32_4_1_U1/pe_r0_0_mac_muladd_8s_8s_32s_32_4_1_DSP48_0_U/b_reg_reg is absorbed into DSP u/grp_pe_r0_0_Pipeline_VITIS_LOOP_32_1_fu_67/mac_muladd_8s_8s_32s_32_4_1_U1/pe_r0_0_mac_muladd_8s_8s_32s_32_4_1_DSP48_0_U/p_reg_reg.
DSP Report: register u/grp_pe_r0_0_Pipeline_VITIS_LOOP_32_1_fu_67/mac_muladd_8s_8s_32s_32_4_1_U1/pe_r0_0_mac_muladd_8s_8s_32s_32_4_1_DSP48_0_U/a_reg_reg is absorbed into DSP u/grp_pe_r0_0_Pipeline_VITIS_LOOP_32_1_fu_67/mac_muladd_8s_8s_32s_32_4_1_U1/pe_r0_0_mac_muladd_8s_8s_32s_32_4_1_DSP48_0_U/p_reg_reg.
DSP Report: register u/grp_pe_r0_0_Pipeline_VITIS_LOOP_32_1_fu_67/mac_muladd_8s_8s_32s_32_4_1_U1/pe_r0_0_mac_muladd_8s_8s_32s_32_4_1_DSP48_0_U/p_reg_reg is absorbed into DSP u/grp_pe_r0_0_Pipeline_VITIS_LOOP_32_1_fu_67/mac_muladd_8s_8s_32s_32_4_1_U1/pe_r0_0_mac_muladd_8s_8s_32s_32_4_1_DSP48_0_U/p_reg_reg.
DSP Report: register u/grp_pe_r0_0_Pipeline_VITIS_LOOP_32_1_fu_67/mac_muladd_8s_8s_32s_32_4_1_U1/pe_r0_0_mac_muladd_8s_8s_32s_32_4_1_DSP48_0_U/m_reg_reg is absorbed into DSP u/grp_pe_r0_0_Pipeline_VITIS_LOOP_32_1_fu_67/mac_muladd_8s_8s_32s_32_4_1_U1/pe_r0_0_mac_muladd_8s_8s_32s_32_4_1_DSP48_0_U/p_reg_reg.
DSP Report: operator u/grp_pe_r0_0_Pipeline_VITIS_LOOP_32_1_fu_67/mac_muladd_8s_8s_32s_32_4_1_U1/pe_r0_0_mac_muladd_8s_8s_32s_32_4_1_DSP48_0_U/p is absorbed into DSP u/grp_pe_r0_0_Pipeline_VITIS_LOOP_32_1_fu_67/mac_muladd_8s_8s_32s_32_4_1_U1/pe_r0_0_mac_muladd_8s_8s_32s_32_4_1_DSP48_0_U/p_reg_reg.
DSP Report: operator u/grp_pe_r0_0_Pipeline_VITIS_LOOP_32_1_fu_67/mac_muladd_8s_8s_32s_32_4_1_U1/pe_r0_0_mac_muladd_8s_8s_32s_32_4_1_DSP48_0_U/m is absorbed into DSP u/grp_pe_r0_0_Pipeline_VITIS_LOOP_32_1_fu_67/mac_muladd_8s_8s_32s_32_4_1_U1/pe_r0_0_mac_muladd_8s_8s_32s_32_4_1_DSP48_0_U/p_reg_reg.
WARNING: [Synth 8-3936] Found unconnected internal register 'u/grp_pe_r0_0_Pipeline_VITIS_LOOP_57_2_fu_81/mac_muladd_8s_8s_32s_32_4_1_U9/pe_r0_0_mac_muladd_8s_8s_32s_32_4_1_DSP48_0_U/p_reg_reg' and it is trimmed from '46' to '32' bits. [/scratch/hc676/agentstudy/trials/z-ai_glm-5_3__spmw/build/sim/pe_r0_0_mac_muladd_8s_8s_32s_32_4_1.v:41]
WARNING: [Synth 8-3936] Found unconnected internal register 'u/grp_pe_r0_0_Pipeline_VITIS_LOOP_32_1_fu_67/mac_muladd_8s_8s_32s_32_4_1_U1/pe_r0_0_mac_muladd_8s_8s_32s_32_4_1_DSP48_0_U/p_reg_reg' and it is trimmed from '46' to '32' bits. [/scratch/hc676/agentstudy/trials/z-ai_glm-5_3__spmw/build/sim/pe_r0_0_mac_muladd_8s_8s_32s_32_4_1.v:41]
WARNING: [Synth 8-3936] Found unconnected internal register 'u/grp_pe_r0_0_Pipeline_VITIS_LOOP_32_1_fu_67/mac_muladd_8s_8s_32s_32_4_1_U1/pe_r0_0_mac_muladd_8s_8s_32s_32_4_1_DSP48_0_U/m_reg_reg' and it is trimmed from '45' to '32' bits. [/scratch/hc676/agentstudy/trials/z-ai_glm-5_3__spmw/build/sim/pe_r0_0_mac_muladd_8s_8s_32s_32_4_1.v:34]
WARNING: [Synth 8-3936] Found unconnected internal register 'u/grp_pe_r0_0_Pipeline_VITIS_LOOP_57_2_fu_81/mac_muladd_8s_8s_32s_32_4_1_U9/pe_r0_0_mac_muladd_8s_8s_32s_32_4_1_DSP48_0_U/m_reg_reg' and it is trimmed from '45' to '32' bits. [/scratch/hc676/agentstudy/trials/z-ai_glm-5_3__spmw/build/sim/pe_r0_0_mac_muladd_8s_8s_32s_32_4_1.v:34]
DSP Report: Generating DSP u/grp_pe_r0_0_Pipeline_VITIS_LOOP_57_2_fu_81/mac_muladd_8s_8s_32s_32_4_1_U9/pe_r0_0_mac_muladd_8s_8s_32s_32_4_1_DSP48_0_U/p_reg_reg, operation Mode is: (P or C)+(A2*B2)'.
DSP Report: register u/grp_pe_r0_0_Pipeline_VITIS_LOOP_57_2_fu_81/mac_muladd_8s_8s_32s_32_4_1_U9/pe_r0_0_mac_muladd_8s_8s_32s_32_4_1_DSP48_0_U/b_reg_reg is absorbed into DSP u/grp_pe_r0_0_Pipeline_VITIS_LOOP_57_2_fu_81/mac_muladd_8s_8s_32s_32_4_1_U9/pe_r0_0_mac_muladd_8s_8s_32s_32_4_1_DSP48_0_U/p_reg_reg.
DSP Report: register u/grp_pe_r0_0_Pipeline_VITIS_LOOP_57_2_fu_81/mac_muladd_8s_8s_32s_32_4_1_U9/pe_r0_0_mac_muladd_8s_8s_32s_32_4_1_DSP48_0_U/a_reg_reg is absorbed into DSP u/grp_pe_r0_0_Pipeline_VITIS_LOOP_57_2_fu_81/mac_muladd_8s_8s_32s_32_4_1_U9/pe_r0_0_mac_muladd_8s_8s_32s_32_4_1_DSP48_0_U/p_reg_reg.
DSP Report: register u/grp_pe_r0_0_Pipeline_VITIS_LOOP_57_2_fu_81/mac_muladd_8s_8s_32s_32_4_1_U9/pe_r0_0_mac_muladd_8s_8s_32s_32_4_1_DSP48_0_U/p_reg_reg is absorbed into DSP u/grp_pe_r0_0_Pipeline_VITIS_LOOP_57_2_fu_81/mac_muladd_8s_8s_32s_32_4_1_U9/pe_r0_0_mac_muladd_8s_8s_32s_32_4_1_DSP48_0_U/p_reg_reg.
DSP Report: register u/grp_pe_r0_0_Pipeline_VITIS_LOOP_57_2_fu_81/mac_muladd_8s_8s_32s_32_4_1_U9/pe_r0_0_mac_muladd_8s_8s_32s_32_4_1_DSP48_0_U/m_reg_reg is absorbed into DSP u/grp_pe_r0_0_Pipeline_VITIS_LOOP_57_2_fu_81/mac_muladd_8s_8s_32s_32_4_1_U9/pe_r0_0_mac_muladd_8s_8s_32s_32_4_1_DSP48_0_U/p_reg_reg.
DSP Report: operator u/grp_pe_r0_0_Pipeline_VITIS_LOOP_57_2_fu_81/mac_muladd_8s_8s_32s_32_4_1_U9/pe_r0_0_mac_muladd_8s_8s_32s_32_4_1_DSP48_0_U/p is absorbed into DSP u/grp_pe_r0_0_Pipeline_VITIS_LOOP_57_2_fu_81/mac_muladd_8s_8s_32s_32_4_1_U9/pe_r0_0_mac_muladd_8s_8s_32s_32_4_1_DSP48_0_U/p_reg_reg.
DSP Report: operator u/grp_pe_r0_0_Pipeline_VITIS_LOOP_57_2_fu_81/mac_muladd_8s_8s_32s_32_4_1_U9/pe_r0_0_mac_muladd_8s_8s_32s_32_4_1_DSP48_0_U/m is absorbed into DSP u/grp_pe_r0_0_Pipeline_VITIS_LOOP_57_2_fu_81/mac_muladd_8s_8s_32s_32_4_1_U9/pe_r0_0_mac_muladd_8s_8s_32s_32_4_1_DSP48_0_U/p_reg_reg.
DSP Report: Generating DSP u/grp_pe_r0_0_Pipeline_VITIS_LOOP_32_1_fu_67/mac_muladd_8s_8s_32s_32_4_1_U1/pe_r0_0_mac_muladd_8s_8s_32s_32_4_1_DSP48_0_U/p_reg_reg, operation Mode is: (P or C)+(A2*B2)'.
DSP Report: register u/grp_pe_r0_0_Pipeline_VITIS_LOOP_32_1_fu_67/mac_muladd_8s_8s_32s_32_4_1_U1/pe_r0_0_mac_muladd_8s_8s_32s_32_4_1_DSP48_0_U/b_reg_reg is absorbed into DSP u/grp_pe_r0_0_Pipeline_VITIS_LOOP_32_1_fu_67/mac_muladd_8s_8s_32s_32_4_1_U1/pe_r0_0_mac_muladd_8s_8s_32s_32_4_1_DSP48_0_U/p_reg_reg.
DSP Report: register u/grp_pe_r0_0_Pipeline_VITIS_LOOP_32_1_fu_67/mac_muladd_8s_8s_32s_32_4_1_U1/pe_r0_0_mac_muladd_8s_8s_32s_32_4_1_DSP48_0_U/a_reg_reg is absorbed into DSP u/grp_pe_r0_0_Pipeline_VITIS_LOOP_32_1_fu_67/mac_muladd_8s_8s_32s_32_4_1_U1/pe_r0_0_mac_muladd_8s_8s_32s_32_4_1_DSP48_0_U/p_reg_reg.
DSP Report: register u/grp_pe_r0_0_Pipeline_VITIS_LOOP_32_1_fu_67/mac_muladd_8s_8s_32s_32_4_1_U1/pe_r0_0_mac_muladd_8s_8s_32s_32_4_1_DSP48_0_U/p_reg_reg is absorbed into DSP u/grp_pe_r0_0_Pipeline_VITIS_LOOP_32_1_fu_67/mac_muladd_8s_8s_32s_32_4_1_U1/pe_r0_0_mac_muladd_8s_8s_32s_32_4_1_DSP48_0_U/p_reg_reg.
DSP Report: register u/grp_pe_r0_0_Pipeline_VITIS_LOOP_32_1_fu_67/mac_muladd_8s_8s_32s_32_4_1_U1/pe_r0_0_mac_muladd_8s_8s_32s_32_4_1_DSP48_0_U/m_reg_reg is absorbed into DSP u/grp_pe_r0_0_Pipeline_VITIS_LOOP_32_1_fu_67/mac_muladd_8s_8s_32s_32_4_1_U1/pe_r0_0_mac_muladd_8s_8s_32s_32_4_1_DSP48_0_U/p_reg_reg.
DSP Report: operator u/grp_pe_r0_0_Pipeline_VITIS_LOOP_32_1_fu_67/mac_muladd_8s_8s_32s_32_4_1_U1/pe_r0_0_mac_muladd_8s_8s_32s_32_4_1_DSP48_0_U/p is absorbed into DSP u/grp_pe_r0_0_Pipeline_VITIS_LOOP_32_1_fu_67/mac_muladd_8s_8s_32s_32_4_1_U1/pe_r0_0_mac_muladd_8s_8s_32s_32_4_1_DSP48_0_U/p_reg_reg.
DSP Report: operator u/grp_pe_r0_0_Pipeline_VITIS_LOOP_32_1_fu_67/mac_muladd_8s_8s_32s_32_4_1_U1/pe_r0_0_mac_muladd_8s_8s_32s_32_4_1_DSP48_0_U/m is absorbed into DSP u/grp_pe_r0_0_Pipeline_VITIS_LOOP_32_1_fu_67/mac_muladd_8s_8s_32s_32_4_1_U1/pe_r0_0_mac_muladd_8s_8s_32s_32_4_1_DSP48_0_U/p_reg_reg.
WARNING: [Synth 8-3936] Found unconnected internal register 'u/grp_pe_r0_0_Pipeline_VITIS_LOOP_57_2_fu_81/mac_muladd_8s_8s_32s_32_4_1_U9/pe_r0_0_mac_muladd_8s_8s_32s_32_4_1_DSP48_0_U/p_reg_reg' and it is trimmed from '46' to '32' bits. [/scratch/hc676/agentstudy/trials/z-ai_glm-5_3__spmw/build/sim/pe_r0_0_mac_muladd_8s_8s_32s_32_4_1.v:41]
WARNING: [Synth 8-3936] Found unconnected internal register 'u/grp_pe_r0_0_Pipeline_VITIS_LOOP_32_1_fu_67/mac_muladd_8s_8s_32s_32_4_1_U1/pe_r0_0_mac_muladd_8s_8s_32s_32_4_1_DSP48_0_U/p_reg_reg' and it is trimmed from '46' to '32' bits. [/scratch/hc676/agentstudy/trials/z-ai_glm-5_3__spmw/build/sim/pe_r0_0_mac_muladd_8s_8s_32s_32_4_1.v:41]
WARNING: [Synth 8-3936] Found unconnected internal register 'u/grp_pe_r0_0_Pipeline_VITIS_LOOP_32_1_fu_67/mac_muladd_8s_8s_32s_32_4_1_U1/pe_r0_0_mac_muladd_8s_8s_32s_32_4_1_DSP48_0_U/m_reg_reg' and it is trimmed from '45' to '32' bits. [/scratch/hc676/agentstudy/trials/z-ai_glm-5_3__spmw/build/sim/pe_r0_0_mac_muladd_8s_8s_32s_32_4_1.v:34]
WARNING: [Synth 8-3936] Found unconnected internal register 'u/grp_pe_r0_0_Pipeline_VITIS_LOOP_57_2_fu_81/mac_muladd_8s_8s_32s_32_4_1_U9/pe_r0_0_mac_muladd_8s_8s_32s_32_4_1_DSP48_0_U/m_reg_reg' and it is trimmed from '45' to '32' bits. [/scratch/hc676/agentstudy/trials/z-ai_glm-5_3__spmw/build/sim/pe_r0_0_mac_muladd_8s_8s_32s_32_4_1.v:34]
DSP Report: Generating DSP u/grp_pe_r0_0_Pipeline_VITIS_LOOP_57_2_fu_81/mac_muladd_8s_8s_32s_32_4_1_U9/pe_r0_0_mac_muladd_8s_8s_32s_32_4_1_DSP48_0_U/p_reg_reg, operation Mode is: (P or C)+(A2*B2)'.
DSP Report: register u/grp_pe_r0_0_Pipeline_VITIS_LOOP_57_2_fu_81/mac_muladd_8s_8s_32s_32_4_1_U9/pe_r0_0_mac_muladd_8s_8s_32s_32_4_1_DSP48_0_U/b_reg_reg is absorbed into DSP u/grp_pe_r0_0_Pipeline_VITIS_LOOP_57_2_fu_81/mac_muladd_8s_8s_32s_32_4_1_U9/pe_r0_0_mac_muladd_8s_8s_32s_32_4_1_DSP48_0_U/p_reg_reg.
DSP Report: register u/grp_pe_r0_0_Pipeline_VITIS_LOOP_57_2_fu_81/mac_muladd_8s_8s_32s_32_4_1_U9/pe_r0_0_mac_muladd_8s_8s_32s_32_4_1_DSP48_0_U/a_reg_reg is absorbed into DSP u/grp_pe_r0_0_Pipeline_VITIS_LOOP_57_2_fu_81/mac_muladd_8s_8s_32s_32_4_1_U9/pe_r0_0_mac_muladd_8s_8s_32s_32_4_1_DSP48_0_U/p_reg_reg.
DSP Report: register u/grp_pe_r0_0_Pipeline_VITIS_LOOP_57_2_fu_81/mac_muladd_8s_8s_32s_32_4_1_U9/pe_r0_0_mac_muladd_8s_8s_32s_32_4_1_DSP48_0_U/p_reg_reg is absorbed into DSP u/grp_pe_r0_0_Pipeline_VITIS_LOOP_57_2_fu_81/mac_muladd_8s_8s_32s_32_4_1_U9/pe_r0_0_mac_muladd_8s_8s_32s_32_4_1_DSP48_0_U/p_reg_reg.
DSP Report: register u/grp_pe_r0_0_Pipeline_VITIS_LOOP_57_2_fu_81/mac_muladd_8s_8s_32s_32_4_1_U9/pe_r0_0_mac_muladd_8s_8s_32s_32_4_1_DSP48_0_U/m_reg_reg is absorbed into DSP u/grp_pe_r0_0_Pipeline_VITIS_LOOP_57_2_fu_81/mac_muladd_8s_8s_32s_32_4_1_U9/pe_r0_0_mac_muladd_8s_8s_32s_32_4_1_DSP48_0_U/p_reg_reg.
DSP Report: operator u/grp_pe_r0_0_Pipeline_VITIS_LOOP_57_2_fu_81/mac_muladd_8s_8s_32s_32_4_1_U9/pe_r0_0_mac_muladd_8s_8s_32s_32_4_1_DSP48_0_U/p is absorbed into DSP u/grp_pe_r0_0_Pipeline_VITIS_LOOP_57_2_fu_81/mac_muladd_8s_8s_32s_32_4_1_U9/pe_r0_0_mac_muladd_8s_8s_32s_32_4_1_DSP48_0_U/p_reg_reg.
DSP Report: operator u/grp_pe_r0_0_Pipeline_VITIS_LOOP_57_2_fu_81/mac_muladd_8s_8s_32s_32_4_1_U9/pe_r0_0_mac_muladd_8s_8s_32s_32_4_1_DSP48_0_U/m is absorbed into DSP u/grp_pe_r0_0_Pipeline_VITIS_LOOP_57_2_fu_81/mac_muladd_8s_8s_32s_32_4_1_U9/pe_r0_0_mac_muladd_8s_8s_32s_32_4_1_DSP48_0_U/p_reg_reg.
DSP Report: Generating DSP u/grp_pe_r0_0_Pipeline_VITIS_LOOP_32_1_fu_67/mac_muladd_8s_8s_32s_32_4_1_U1/pe_r0_0_mac_muladd_8s_8s_32s_32_4_1_DSP48_0_U/p_reg_reg, operation Mode is: (P or C)+(A2*B2)'.
DSP Report: register u/grp_pe_r0_0_Pipeline_VITIS_LOOP_32_1_fu_67/mac_muladd_8s_8s_32s_32_4_1_U1/pe_r0_0_mac_muladd_8s_8s_32s_32_4_1_DSP48_0_U/b_reg_reg is absorbed into DSP u/grp_pe_r0_0_Pipeline_VITIS_LOOP_32_1_fu_67/mac_muladd_8s_8s_32s_32_4_1_U1/pe_r0_0_mac_muladd_8s_8s_32s_32_4_1_DSP48_0_U/p_reg_reg.
DSP Report: register u/grp_pe_r0_0_Pipeline_VITIS_LOOP_32_1_fu_67/mac_muladd_8s_8s_32s_32_4_1_U1/pe_r0_0_mac_muladd_8s_8s_32s_32_4_1_DSP48_0_U/a_reg_reg is absorbed into DSP u/grp_pe_r0_0_Pipeline_VITIS_LOOP_32_1_fu_67/mac_muladd_8s_8s_32s_32_4_1_U1/pe_r0_0_mac_muladd_8s_8s_32s_32_4_1_DSP48_0_U/p_reg_reg.
DSP Report: register u/grp_pe_r0_0_Pipeline_VITIS_LOOP_32_1_fu_67/mac_muladd_8s_8s_32s_32_4_1_U1/pe_r0_0_mac_muladd_8s_8s_32s_32_4_1_DSP48_0_U/p_reg_reg is absorbed into DSP u/grp_pe_r0_0_Pipeline_VITIS_LOOP_32_1_fu_67/mac_muladd_8s_8s_32s_32_4_1_U1/pe_r0_0_mac_muladd_8s_8s_32s_32_4_1_DSP48_0_U/p_reg_reg.
DSP Report: register u/grp_pe_r0_0_Pipeline_VITIS_LOOP_32_1_fu_67/mac_muladd_8s_8s_32s_32_4_1_U1/pe_r0_0_mac_muladd_8s_8s_32s_32_4_1_DSP48_0_U/m_reg_reg is absorbed into DSP u/grp_pe_r0_0_Pipeline_VITIS_LOOP_32_1_fu_67/mac_muladd_8s_8s_32s_32_4_1_U1/pe_r0_0_mac_muladd_8s_8s_32s_32_4_1_DSP48_0_U/p_reg_reg.
DSP Report: operator u/grp_pe_r0_0_Pipeline_VITIS_LOOP_32_1_fu_67/mac_muladd_8s_8s_32s_32_4_1_U1/pe_r0_0_mac_muladd_8s_8s_32s_32_4_1_DSP48_0_U/p is absorbed into DSP u/grp_pe_r0_0_Pipeline_VITIS_LOOP_32_1_fu_67/mac_muladd_8s_8s_32s_32_4_1_U1/pe_r0_0_mac_muladd_8s_8s_32s_32_4_1_DSP48_0_U/p_reg_reg.
DSP Report: operator u/grp_pe_r0_0_Pipeline_VITIS_LOOP_32_1_fu_67/mac_muladd_8s_8s_32s_32_4_1_U1/pe_r0_0_mac_muladd_8s_8s_32s_32_4_1_DSP48_0_U/m is absorbed into DSP u/grp_pe_r0_0_Pipeline_VITIS_LOOP_32_1_fu_67/mac_muladd_8s_8s_32s_32_4_1_U1/pe_r0_0_mac_muladd_8s_8s_32s_32_4_1_DSP48_0_U/p_reg_reg.
WARNING: [Synth 8-3936] Found unconnected internal register 'u/grp_pe_r0_0_Pipeline_VITIS_LOOP_57_2_fu_81/mac_muladd_8s_8s_32s_32_4_1_U9/pe_r0_0_mac_muladd_8s_8s_32s_32_4_1_DSP48_0_U/p_reg_reg' and it is trimmed from '46' to '32' bits. [/scratch/hc676/agentstudy/trials/z-ai_glm-5_3__spmw/build/sim/pe_r0_0_mac_muladd_8s_8s_32s_32_4_1.v:41]
WARNING: [Synth 8-3936] Found unconnected internal register 'u/grp_pe_r0_0_Pipeline_VITIS_LOOP_32_1_fu_67/mac_muladd_8s_8s_32s_32_4_1_U1/pe_r0_0_mac_muladd_8s_8s_32s_32_4_1_DSP48_0_U/p_reg_reg' and it is trimmed from '46' to '32' bits. [/scratch/hc676/agentstudy/trials/z-ai_glm-5_3__spmw/build/sim/pe_r0_0_mac_muladd_8s_8s_32s_32_4_1.v:41]
WARNING: [Synth 8-3936] Found unconnected internal register 'u/grp_pe_r0_0_Pipeline_VITIS_LOOP_32_1_fu_67/mac_muladd_8s_8s_32s_32_4_1_U1/pe_r0_0_mac_muladd_8s_8s_32s_32_4_1_DSP48_0_U/m_reg_reg' and it is trimmed from '45' to '32' bits. [/scratch/hc676/agentstudy/trials/z-ai_glm-5_3__spmw/build/sim/pe_r0_0_mac_muladd_8s_8s_32s_32_4_1.v:34]
WARNING: [Synth 8-3936] Found unconnected internal register 'u/grp_pe_r0_0_Pipeline_VITIS_LOOP_57_2_fu_81/mac_muladd_8s_8s_32s_32_4_1_U9/pe_r0_0_mac_muladd_8s_8s_32s_32_4_1_DSP48_0_U/m_reg_reg' and it is trimmed from '45' to '32' bits. [/scratch/hc676/agentstudy/trials/z-ai_glm-5_3__spmw/build/sim/pe_r0_0_mac_muladd_8s_8s_32s_32_4_1.v:34]
DSP Report: Generating DSP u/grp_pe_r0_0_Pipeline_VITIS_LOOP_57_2_fu_81/mac_muladd_8s_8s_32s_32_4_1_U9/pe_r0_0_mac_muladd_8s_8s_32s_32_4_1_DSP48_0_U/p_reg_reg, operation Mode is: (P or C)+(A2*B2)'.
DSP Report: register u/grp_pe_r0_0_Pipeline_VITIS_LOOP_57_2_fu_81/mac_muladd_8s_8s_32s_32_4_1_U9/pe_r0_0_mac_muladd_8s_8s_32s_32_4_1_DSP48_0_U/b_reg_reg is absorbed into DSP u/grp_pe_r0_0_Pipeline_VITIS_LOOP_57_2_fu_81/mac_muladd_8s_8s_32s_32_4_1_U9/pe_r0_0_mac_muladd_8s_8s_32s_32_4_1_DSP48_0_U/p_reg_reg.
DSP Report: register u/grp_pe_r0_0_Pipeline_VITIS_LOOP_57_2_fu_81/mac_muladd_8s_8s_32s_32_4_1_U9/pe_r0_0_mac_muladd_8s_8s_32s_32_4_1_DSP48_0_U/a_reg_reg is absorbed into DSP u/grp_pe_r0_0_Pipeline_VITIS_LOOP_57_2_fu_81/mac_muladd_8s_8s_32s_32_4_1_U9/pe_r0_0_mac_muladd_8s_8s_32s_32_4_1_DSP48_0_U/p_reg_reg.
DSP Report: register u/grp_pe_r0_0_Pipeline_VITIS_LOOP_57_2_fu_81/mac_muladd_8s_8s_32s_32_4_1_U9/pe_r0_0_mac_muladd_8s_8s_32s_32_4_1_DSP48_0_U/p_reg_reg is absorbed into DSP u/grp_pe_r0_0_Pipeline_VITIS_LOOP_57_2_fu_81/mac_muladd_8s_8s_32s_32_4_1_U9/pe_r0_0_mac_muladd_8s_8s_32s_32_4_1_DSP48_0_U/p_reg_reg.
DSP Report: register u/grp_pe_r0_0_Pipeline_VITIS_LOOP_57_2_fu_81/mac_muladd_8s_8s_32s_32_4_1_U9/pe_r0_0_mac_muladd_8s_8s_32s_32_4_1_DSP48_0_U/m_reg_reg is absorbed into DSP u/grp_pe_r0_0_Pipeline_VITIS_LOOP_57_2_fu_81/mac_muladd_8s_8s_32s_32_4_1_U9/pe_r0_0_mac_muladd_8s_8s_32s_32_4_1_DSP48_0_U/p_reg_reg.
DSP Report: operator u/grp_pe_r0_0_Pipeline_VITIS_LOOP_57_2_fu_81/mac_muladd_8s_8s_32s_32_4_1_U9/pe_r0_0_mac_muladd_8s_8s_32s_32_4_1_DSP48_0_U/p is absorbed into DSP u/grp_pe_r0_0_Pipeline_VITIS_LOOP_57_2_fu_81/mac_muladd_8s_8s_32s_32_4_1_U9/pe_r0_0_mac_muladd_8s_8s_32s_32_4_1_DSP48_0_U/p_reg_reg.
DSP Report: operator u/grp_pe_r0_0_Pipeline_VITIS_LOOP_57_2_fu_81/mac_muladd_8s_8s_32s_32_4_1_U9/pe_r0_0_mac_muladd_8s_8s_32s_32_4_1_DSP48_0_U/m is absorbed into DSP u/grp_pe_r0_0_Pipeline_VITIS_LOOP_57_2_fu_81/mac_muladd_8s_8s_32s_32_4_1_U9/pe_r0_0_mac_muladd_8s_8s_32s_32_4_1_DSP48_0_U/p_reg_reg.
DSP Report: Generating DSP u/grp_pe_r0_0_Pipeline_VITIS_LOOP_32_1_fu_67/mac_muladd_8s_8s_32s_32_4_1_U1/pe_r0_0_mac_muladd_8s_8s_32s_32_4_1_DSP48_0_U/p_reg_reg, operation Mode is: (P or C)+(A2*B2)'.
DSP Report: register u/grp_pe_r0_0_Pipeline_VITIS_LOOP_32_1_fu_67/mac_muladd_8s_8s_32s_32_4_1_U1/pe_r0_0_mac_muladd_8s_8s_32s_32_4_1_DSP48_0_U/b_reg_reg is absorbed into DSP u/grp_pe_r0_0_Pipeline_VITIS_LOOP_32_1_fu_67/mac_muladd_8s_8s_32s_32_4_1_U1/pe_r0_0_mac_muladd_8s_8s_32s_32_4_1_DSP48_0_U/p_reg_reg.
DSP Report: register u/grp_pe_r0_0_Pipeline_VITIS_LOOP_32_1_fu_67/mac_muladd_8s_8s_32s_32_4_1_U1/pe_r0_0_mac_muladd_8s_8s_32s_32_4_1_DSP48_0_U/a_reg_reg is absorbed into DSP u/grp_pe_r0_0_Pipeline_VITIS_LOOP_32_1_fu_67/mac_muladd_8s_8s_32s_32_4_1_U1/pe_r0_0_mac_muladd_8s_8s_32s_32_4_1_DSP48_0_U/p_reg_reg.
DSP Report: register u/grp_pe_r0_0_Pipeline_VITIS_LOOP_32_1_fu_67/mac_muladd_8s_8s_32s_32_4_1_U1/pe_r0_0_mac_muladd_8s_8s_32s_32_4_1_DSP48_0_U/p_reg_reg is absorbed into DSP u/grp_pe_r0_0_Pipeline_VITIS_LOOP_32_1_fu_67/mac_muladd_8s_8s_32s_32_4_1_U1/pe_r0_0_mac_muladd_8s_8s_32s_32_4_1_DSP48_0_U/p_reg_reg.
DSP Report: register u/grp_pe_r0_0_Pipeline_VITIS_LOOP_32_1_fu_67/mac_muladd_8s_8s_32s_32_4_1_U1/pe_r0_0_mac_muladd_8s_8s_32s_32_4_1_DSP48_0_U/m_reg_reg is absorbed into DSP u/grp_pe_r0_0_Pipeline_VITIS_LOOP_32_1_fu_67/mac_muladd_8s_8s_32s_32_4_1_U1/pe_r0_0_mac_muladd_8s_8s_32s_32_4_1_DSP48_0_U/p_reg_reg.
DSP Report: operator u/grp_pe_r0_0_Pipeline_VITIS_LOOP_32_1_fu_67/mac_muladd_8s_8s_32s_32_4_1_U1/pe_r0_0_mac_muladd_8s_8s_32s_32_4_1_DSP48_0_U/p is absorbed into DSP u/grp_pe_r0_0_Pipeline_VITIS_LOOP_32_1_fu_67/mac_muladd_8s_8s_32s_32_4_1_U1/pe_r0_0_mac_muladd_8s_8s_32s_32_4_1_DSP48_0_U/p_reg_reg.
DSP Report: operator u/grp_pe_r0_0_Pipeline_VITIS_LOOP_32_1_fu_67/mac_muladd_8s_8s_32s_32_4_1_U1/pe_r0_0_mac_muladd_8s_8s_32s_32_4_1_DSP48_0_U/m is absorbed into DSP u/grp_pe_r0_0_Pipeline_VITIS_LOOP_32_1_fu_67/mac_muladd_8s_8s_32s_32_4_1_U1/pe_r0_0_mac_muladd_8s_8s_32s_32_4_1_DSP48_0_U/p_reg_reg.
WARNING: [Synth 8-3936] Found unconnected internal register 'u/grp_pe_r0_0_Pipeline_VITIS_LOOP_57_2_fu_81/mac_muladd_8s_8s_32s_32_4_1_U9/pe_r0_0_mac_muladd_8s_8s_32s_32_4_1_DSP48_0_U/p_reg_reg' and it is trimmed from '46' to '32' bits. [/scratch/hc676/agentstudy/trials/z-ai_glm-5_3__spmw/build/sim/pe_r0_0_mac_muladd_8s_8s_32s_32_4_1.v:41]
WARNING: [Synth 8-3936] Found unconnected internal register 'u/grp_pe_r0_0_Pipeline_VITIS_LOOP_32_1_fu_67/mac_muladd_8s_8s_32s_32_4_1_U1/pe_r0_0_mac_muladd_8s_8s_32s_32_4_1_DSP48_0_U/p_reg_reg' and it is trimmed from '46' to '32' bits. [/scratch/hc676/agentstudy/trials/z-ai_glm-5_3__spmw/build/sim/pe_r0_0_mac_muladd_8s_8s_32s_32_4_1.v:41]
WARNING: [Synth 8-3936] Found unconnected internal register 'u/grp_pe_r0_0_Pipeline_VITIS_LOOP_32_1_fu_67/mac_muladd_8s_8s_32s_32_4_1_U1/pe_r0_0_mac_muladd_8s_8s_32s_32_4_1_DSP48_0_U/m_reg_reg' and it is trimmed from '45' to '32' bits. [/scratch/hc676/agentstudy/trials/z-ai_glm-5_3__spmw/build/sim/pe_r0_0_mac_muladd_8s_8s_32s_32_4_1.v:34]
WARNING: [Synth 8-3936] Found unconnected internal register 'u/grp_pe_r0_0_Pipeline_VITIS_LOOP_57_2_fu_81/mac_muladd_8s_8s_32s_32_4_1_U9/pe_r0_0_mac_muladd_8s_8s_32s_32_4_1_DSP48_0_U/m_reg_reg' and it is trimmed from '45' to '32' bits. [/scratch/hc676/agentstudy/trials/z-ai_glm-5_3__spmw/build/sim/pe_r0_0_mac_muladd_8s_8s_32s_32_4_1.v:34]
DSP Report: Generating DSP u/grp_pe_r0_0_Pipeline_VITIS_LOOP_57_2_fu_81/mac_muladd_8s_8s_32s_32_4_1_U9/pe_r0_0_mac_muladd_8s_8s_32s_32_4_1_DSP48_0_U/p_reg_reg, operation Mode is: (P or C)+(A2*B2)'.
DSP Report: register u/grp_pe_r0_0_Pipeline_VITIS_LOOP_57_2_fu_81/mac_muladd_8s_8s_32s_32_4_1_U9/pe_r0_0_mac_muladd_8s_8s_32s_32_4_1_DSP48_0_U/b_reg_reg is absorbed into DSP u/grp_pe_r0_0_Pipeline_VITIS_LOOP_57_2_fu_81/mac_muladd_8s_8s_32s_32_4_1_U9/pe_r0_0_mac_muladd_8s_8s_32s_32_4_1_DSP48_0_U/p_reg_reg.
DSP Report: register u/grp_pe_r0_0_Pipeline_VITIS_LOOP_57_2_fu_81/mac_muladd_8s_8s_32s_32_4_1_U9/pe_r0_0_mac_muladd_8s_8s_32s_32_4_1_DSP48_0_U/a_reg_reg is absorbed into DSP u/grp_pe_r0_0_Pipeline_VITIS_LOOP_57_2_fu_81/mac_muladd_8s_8s_32s_32_4_1_U9/pe_r0_0_mac_muladd_8s_8s_32s_32_4_1_DSP48_0_U/p_reg_reg.
DSP Report: register u/grp_pe_r0_0_Pipeline_VITIS_LOOP_57_2_fu_81/mac_muladd_8s_8s_32s_32_4_1_U9/pe_r0_0_mac_muladd_8s_8s_32s_32_4_1_DSP48_0_U/p_reg_reg is absorbed into DSP u/grp_pe_r0_0_Pipeline_VITIS_LOOP_57_2_fu_81/mac_muladd_8s_8s_32s_32_4_1_U9/pe_r0_0_mac_muladd_8s_8s_32s_32_4_1_DSP48_0_U/p_reg_reg.
DSP Report: register u/grp_pe_r0_0_Pipeline_VITIS_LOOP_57_2_fu_81/mac_muladd_8s_8s_32s_32_4_1_U9/pe_r0_0_mac_muladd_8s_8s_32s_32_4_1_DSP48_0_U/m_reg_reg is absorbed into DSP u/grp_pe_r0_0_Pipeline_VITIS_LOOP_57_2_fu_81/mac_muladd_8s_8s_32s_32_4_1_U9/pe_r0_0_mac_muladd_8s_8s_32s_32_4_1_DSP48_0_U/p_reg_reg.
DSP Report: operator u/grp_pe_r0_0_Pipeline_VITIS_LOOP_57_2_fu_81/mac_muladd_8s_8s_32s_32_4_1_U9/pe_r0_0_mac_muladd_8s_8s_32s_32_4_1_DSP48_0_U/p is absorbed into DSP u/grp_pe_r0_0_Pipeline_VITIS_LOOP_57_2_fu_81/mac_muladd_8s_8s_32s_32_4_1_U9/pe_r0_0_mac_muladd_8s_8s_32s_32_4_1_DSP48_0_U/p_reg_reg.
DSP Report: operator u/grp_pe_r0_0_Pipeline_VITIS_LOOP_57_2_fu_81/mac_muladd_8s_8s_32s_32_4_1_U9/pe_r0_0_mac_muladd_8s_8s_32s_32_4_1_DSP48_0_U/m is absorbed into DSP u/grp_pe_r0_0_Pipeline_VITIS_LOOP_57_2_fu_81/mac_muladd_8s_8s_32s_32_4_1_U9/pe_r0_0_mac_muladd_8s_8s_32s_32_4_1_DSP48_0_U/p_reg_reg.
DSP Report: Generating DSP u/grp_pe_r0_0_Pipeline_VITIS_LOOP_32_1_fu_67/mac_muladd_8s_8s_32s_32_4_1_U1/pe_r0_0_mac_muladd_8s_8s_32s_32_4_1_DSP48_0_U/p_reg_reg, operation Mode is: (P or C)+(A2*B2)'.
DSP Report: register u/grp_pe_r0_0_Pipeline_VITIS_LOOP_32_1_fu_67/mac_muladd_8s_8s_32s_32_4_1_U1/pe_r0_0_mac_muladd_8s_8s_32s_32_4_1_DSP48_0_U/b_reg_reg is absorbed into DSP u/grp_pe_r0_0_Pipeline_VITIS_LOOP_32_1_fu_67/mac_muladd_8s_8s_32s_32_4_1_U1/pe_r0_0_mac_muladd_8s_8s_32s_32_4_1_DSP48_0_U/p_reg_reg.
DSP Report: register u/grp_pe_r0_0_Pipeline_VITIS_LOOP_32_1_fu_67/mac_muladd_8s_8s_32s_32_4_1_U1/pe_r0_0_mac_muladd_8s_8s_32s_32_4_1_DSP48_0_U/a_reg_reg is absorbed into DSP u/grp_pe_r0_0_Pipeline_VITIS_LOOP_32_1_fu_67/mac_muladd_8s_8s_32s_32_4_1_U1/pe_r0_0_mac_muladd_8s_8s_32s_32_4_1_DSP48_0_U/p_reg_reg.
DSP Report: register u/grp_pe_r0_0_Pipeline_VITIS_LOOP_32_1_fu_67/mac_muladd_8s_8s_32s_32_4_1_U1/pe_r0_0_mac_muladd_8s_8s_32s_32_4_1_DSP48_0_U/p_reg_reg is absorbed into DSP u/grp_pe_r0_0_Pipeline_VITIS_LOOP_32_1_fu_67/mac_muladd_8s_8s_32s_32_4_1_U1/pe_r0_0_mac_muladd_8s_8s_32s_32_4_1_DSP48_0_U/p_reg_reg.
DSP Report: register u/grp_pe_r0_0_Pipeline_VITIS_LOOP_32_1_fu_67/mac_muladd_8s_8s_32s_32_4_1_U1/pe_r0_0_mac_muladd_8s_8s_32s_32_4_1_DSP48_0_U/m_reg_reg is absorbed into DSP u/grp_pe_r0_0_Pipeline_VITIS_LOOP_32_1_fu_67/mac_muladd_8s_8s_32s_32_4_1_U1/pe_r0_0_mac_muladd_8s_8s_32s_32_4_1_DSP48_0_U/p_reg_reg.
DSP Report: operator u/grp_pe_r0_0_Pipeline_VITIS_LOOP_32_1_fu_67/mac_muladd_8s_8s_32s_32_4_1_U1/pe_r0_0_mac_muladd_8s_8s_32s_32_4_1_DSP48_0_U/p is absorbed into DSP u/grp_pe_r0_0_Pipeline_VITIS_LOOP_32_1_fu_67/mac_muladd_8s_8s_32s_32_4_1_U1/pe_r0_0_mac_muladd_8s_8s_32s_32_4_1_DSP48_0_U/p_reg_reg.
DSP Report: operator u/grp_pe_r0_0_Pipeline_VITIS_LOOP_32_1_fu_67/mac_muladd_8s_8s_32s_32_4_1_U1/pe_r0_0_mac_muladd_8s_8s_32s_32_4_1_DSP48_0_U/m is absorbed into DSP u/grp_pe_r0_0_Pipeline_VITIS_LOOP_32_1_fu_67/mac_muladd_8s_8s_32s_32_4_1_U1/pe_r0_0_mac_muladd_8s_8s_32s_32_4_1_DSP48_0_U/p_reg_reg.
WARNING: [Synth 8-3936] Found unconnected internal register 'u/grp_pe_r0_0_Pipeline_VITIS_LOOP_57_2_fu_81/mac_muladd_8s_8s_32s_32_4_1_U9/pe_r0_0_mac_muladd_8s_8s_32s_32_4_1_DSP48_0_U/p_reg_reg' and it is trimmed from '46' to '32' bits. [/scratch/hc676/agentstudy/trials/z-ai_glm-5_3__spmw/build/sim/pe_r0_0_mac_muladd_8s_8s_32s_32_4_1.v:41]
WARNING: [Synth 8-3936] Found unconnected internal register 'u/grp_pe_r0_0_Pipeline_VITIS_LOOP_32_1_fu_67/mac_muladd_8s_8s_32s_32_4_1_U1/pe_r0_0_mac_muladd_8s_8s_32s_32_4_1_DSP48_0_U/p_reg_reg' and it is trimmed from '46' to '32' bits. [/scratch/hc676/agentstudy/trials/z-ai_glm-5_3__spmw/build/sim/pe_r0_0_mac_muladd_8s_8s_32s_32_4_1.v:41]
WARNING: [Synth 8-3936] Found unconnected internal register 'u/grp_pe_r0_0_Pipeline_VITIS_LOOP_32_1_fu_67/mac_muladd_8s_8s_32s_32_4_1_U1/pe_r0_0_mac_muladd_8s_8s_32s_32_4_1_DSP48_0_U/m_reg_reg' and it is trimmed from '45' to '32' bits. [/scratch/hc676/agentstudy/trials/z-ai_glm-5_3__spmw/build/sim/pe_r0_0_mac_muladd_8s_8s_32s_32_4_1.v:34]
WARNING: [Synth 8-3936] Found unconnected internal register 'u/grp_pe_r0_0_Pipeline_VITIS_LOOP_57_2_fu_81/mac_muladd_8s_8s_32s_32_4_1_U9/pe_r0_0_mac_muladd_8s_8s_32s_32_4_1_DSP48_0_U/m_reg_reg' and it is trimmed from '45' to '32' bits. [/scratch/hc676/agentstudy/trials/z-ai_glm-5_3__spmw/build/sim/pe_r0_0_mac_muladd_8s_8s_32s_32_4_1.v:34]
DSP Report: Generating DSP u/grp_pe_r0_0_Pipeline_VITIS_LOOP_57_2_fu_81/mac_muladd_8s_8s_32s_32_4_1_U9/pe_r0_0_mac_muladd_8s_8s_32s_32_4_1_DSP48_0_U/p_reg_reg, operation Mode is: (P or C)+(A2*B2)'.
DSP Report: register u/grp_pe_r0_0_Pipeline_VITIS_LOOP_57_2_fu_81/mac_muladd_8s_8s_32s_32_4_1_U9/pe_r0_0_mac_muladd_8s_8s_32s_32_4_1_DSP48_0_U/b_reg_reg is absorbed into DSP u/grp_pe_r0_0_Pipeline_VITIS_LOOP_57_2_fu_81/mac_muladd_8s_8s_32s_32_4_1_U9/pe_r0_0_mac_muladd_8s_8s_32s_32_4_1_DSP48_0_U/p_reg_reg.
DSP Report: register u/grp_pe_r0_0_Pipeline_VITIS_LOOP_57_2_fu_81/mac_muladd_8s_8s_32s_32_4_1_U9/pe_r0_0_mac_muladd_8s_8s_32s_32_4_1_DSP48_0_U/a_reg_reg is absorbed into DSP u/grp_pe_r0_0_Pipeline_VITIS_LOOP_57_2_fu_81/mac_muladd_8s_8s_32s_32_4_1_U9/pe_r0_0_mac_muladd_8s_8s_32s_32_4_1_DSP48_0_U/p_reg_reg.
DSP Report: register u/grp_pe_r0_0_Pipeline_VITIS_LOOP_57_2_fu_81/mac_muladd_8s_8s_32s_32_4_1_U9/pe_r0_0_mac_muladd_8s_8s_32s_32_4_1_DSP48_0_U/p_reg_reg is absorbed into DSP u/grp_pe_r0_0_Pipeline_VITIS_LOOP_57_2_fu_81/mac_muladd_8s_8s_32s_32_4_1_U9/pe_r0_0_mac_muladd_8s_8s_32s_32_4_1_DSP48_0_U/p_reg_reg.
DSP Report: register u/grp_pe_r0_0_Pipeline_VITIS_LOOP_57_2_fu_81/mac_muladd_8s_8s_32s_32_4_1_U9/pe_r0_0_mac_muladd_8s_8s_32s_32_4_1_DSP48_0_U/m_reg_reg is absorbed into DSP u/grp_pe_r0_0_Pipeline_VITIS_LOOP_57_2_fu_81/mac_muladd_8s_8s_32s_32_4_1_U9/pe_r0_0_mac_muladd_8s_8s_32s_32_4_1_DSP48_0_U/p_reg_reg.
DSP Report: operator u/grp_pe_r0_0_Pipeline_VITIS_LOOP_57_2_fu_81/mac_muladd_8s_8s_32s_32_4_1_U9/pe_r0_0_mac_muladd_8s_8s_32s_32_4_1_DSP48_0_U/p is absorbed into DSP u/grp_pe_r0_0_Pipeline_VITIS_LOOP_57_2_fu_81/mac_muladd_8s_8s_32s_32_4_1_U9/pe_r0_0_mac_muladd_8s_8s_32s_32_4_1_DSP48_0_U/p_reg_reg.
DSP Report: operator u/grp_pe_r0_0_Pipeline_VITIS_LOOP_57_2_fu_81/mac_muladd_8s_8s_32s_32_4_1_U9/pe_r0_0_mac_muladd_8s_8s_32s_32_4_1_DSP48_0_U/m is absorbed into DSP u/grp_pe_r0_0_Pipeline_VITIS_LOOP_57_2_fu_81/mac_muladd_8s_8s_32s_32_4_1_U9/pe_r0_0_mac_muladd_8s_8s_32s_32_4_1_DSP48_0_U/p_reg_reg.
DSP Report: Generating DSP u/grp_pe_r0_0_Pipeline_VITIS_LOOP_32_1_fu_67/mac_muladd_8s_8s_32s_32_4_1_U1/pe_r0_0_mac_muladd_8s_8s_32s_32_4_1_DSP48_0_U/p_reg_reg, operation Mode is: (P or C)+(A2*B2)'.
DSP Report: register u/grp_pe_r0_0_Pipeline_VITIS_LOOP_32_1_fu_67/mac_muladd_8s_8s_32s_32_4_1_U1/pe_r0_0_mac_muladd_8s_8s_32s_32_4_1_DSP48_0_U/b_reg_reg is absorbed into DSP u/grp_pe_r0_0_Pipeline_VITIS_LOOP_32_1_fu_67/mac_muladd_8s_8s_32s_32_4_1_U1/pe_r0_0_mac_muladd_8s_8s_32s_32_4_1_DSP48_0_U/p_reg_reg.
DSP Report: register u/grp_pe_r0_0_Pipeline_VITIS_LOOP_32_1_fu_67/mac_muladd_8s_8s_32s_32_4_1_U1/pe_r0_0_mac_muladd_8s_8s_32s_32_4_1_DSP48_0_U/a_reg_reg is absorbed into DSP u/grp_pe_r0_0_Pipeline_VITIS_LOOP_32_1_fu_67/mac_muladd_8s_8s_32s_32_4_1_U1/pe_r0_0_mac_muladd_8s_8s_32s_32_4_1_DSP48_0_U/p_reg_reg.
DSP Report: register u/grp_pe_r0_0_Pipeline_VITIS_LOOP_32_1_fu_67/mac_muladd_8s_8s_32s_32_4_1_U1/pe_r0_0_mac_muladd_8s_8s_32s_32_4_1_DSP48_0_U/p_reg_reg is absorbed into DSP u/grp_pe_r0_0_Pipeline_VITIS_LOOP_32_1_fu_67/mac_muladd_8s_8s_32s_32_4_1_U1/pe_r0_0_mac_muladd_8s_8s_32s_32_4_1_DSP48_0_U/p_reg_reg.
DSP Report: register u/grp_pe_r0_0_Pipeline_VITIS_LOOP_32_1_fu_67/mac_muladd_8s_8s_32s_32_4_1_U1/pe_r0_0_mac_muladd_8s_8s_32s_32_4_1_DSP48_0_U/m_reg_reg is absorbed into DSP u/grp_pe_r0_0_Pipeline_VITIS_LOOP_32_1_fu_67/mac_muladd_8s_8s_32s_32_4_1_U1/pe_r0_0_mac_muladd_8s_8s_32s_32_4_1_DSP48_0_U/p_reg_reg.
DSP Report: operator u/grp_pe_r0_0_Pipeline_VITIS_LOOP_32_1_fu_67/mac_muladd_8s_8s_32s_32_4_1_U1/pe_r0_0_mac_muladd_8s_8s_32s_32_4_1_DSP48_0_U/p is absorbed into DSP u/grp_pe_r0_0_Pipeline_VITIS_LOOP_32_1_fu_67/mac_muladd_8s_8s_32s_32_4_1_U1/pe_r0_0_mac_muladd_8s_8s_32s_32_4_1_DSP48_0_U/p_reg_reg.
DSP Report: operator u/grp_pe_r0_0_Pipeline_VITIS_LOOP_32_1_fu_67/mac_muladd_8s_8s_32s_32_4_1_U1/pe_r0_0_mac_muladd_8s_8s_32s_32_4_1_DSP48_0_U/m is absorbed into DSP u/grp_pe_r0_0_Pipeline_VITIS_LOOP_32_1_fu_67/mac_muladd_8s_8s_32s_32_4_1_U1/pe_r0_0_mac_muladd_8s_8s_32s_32_4_1_DSP48_0_U/p_reg_reg.
WARNING: [Synth 8-3936] Found unconnected internal register 'u/grp_pe_r1_0_Pipeline_VITIS_LOOP_54_2_fu_77/mac_muladd_8s_8s_32s_32_4_1_U8/pe_r1_0_mac_muladd_8s_8s_32s_32_4_1_DSP48_0_U/p_reg_reg' and it is trimmed from '46' to '32' bits. [/scratch/hc676/agentstudy/trials/z-ai_glm-5_3__spmw/build/sim/pe_r1_0_mac_muladd_8s_8s_32s_32_4_1.v:41]
WARNING: [Synth 8-3936] Found unconnected internal register 'u/grp_pe_r1_0_Pipeline_VITIS_LOOP_31_1_fu_65/mac_muladd_8s_8s_32s_32_4_1_U1/pe_r1_0_mac_muladd_8s_8s_32s_32_4_1_DSP48_0_U/p_reg_reg' and it is trimmed from '46' to '32' bits. [/scratch/hc676/agentstudy/trials/z-ai_glm-5_3__spmw/build/sim/pe_r1_0_mac_muladd_8s_8s_32s_32_4_1.v:41]
WARNING: [Synth 8-3936] Found unconnected internal register 'u/grp_pe_r1_0_Pipeline_VITIS_LOOP_31_1_fu_65/mac_muladd_8s_8s_32s_32_4_1_U1/pe_r1_0_mac_muladd_8s_8s_32s_32_4_1_DSP48_0_U/m_reg_reg' and it is trimmed from '45' to '32' bits. [/scratch/hc676/agentstudy/trials/z-ai_glm-5_3__spmw/build/sim/pe_r1_0_mac_muladd_8s_8s_32s_32_4_1.v:34]
WARNING: [Synth 8-3936] Found unconnected internal register 'u/grp_pe_r1_0_Pipeline_VITIS_LOOP_54_2_fu_77/mac_muladd_8s_8s_32s_32_4_1_U8/pe_r1_0_mac_muladd_8s_8s_32s_32_4_1_DSP48_0_U/m_reg_reg' and it is trimmed from '45' to '32' bits. [/scratch/hc676/agentstudy/trials/z-ai_glm-5_3__spmw/build/sim/pe_r1_0_mac_muladd_8s_8s_32s_32_4_1.v:34]
DSP Report: Generating DSP u/grp_pe_r1_0_Pipeline_VITIS_LOOP_54_2_fu_77/mac_muladd_8s_8s_32s_32_4_1_U8/pe_r1_0_mac_muladd_8s_8s_32s_32_4_1_DSP48_0_U/p_reg_reg, operation Mode is: (P or C)+(A2*B2)'.
DSP Report: register u/grp_pe_r1_0_Pipeline_VITIS_LOOP_54_2_fu_77/mac_muladd_8s_8s_32s_32_4_1_U8/pe_r1_0_mac_muladd_8s_8s_32s_32_4_1_DSP48_0_U/b_reg_reg is absorbed into DSP u/grp_pe_r1_0_Pipeline_VITIS_LOOP_54_2_fu_77/mac_muladd_8s_8s_32s_32_4_1_U8/pe_r1_0_mac_muladd_8s_8s_32s_32_4_1_DSP48_0_U/p_reg_reg.
DSP Report: register u/grp_pe_r1_0_Pipeline_VITIS_LOOP_54_2_fu_77/mac_muladd_8s_8s_32s_32_4_1_U8/pe_r1_0_mac_muladd_8s_8s_32s_32_4_1_DSP48_0_U/a_reg_reg is absorbed into DSP u/grp_pe_r1_0_Pipeline_VITIS_LOOP_54_2_fu_77/mac_muladd_8s_8s_32s_32_4_1_U8/pe_r1_0_mac_muladd_8s_8s_32s_32_4_1_DSP48_0_U/p_reg_reg.
DSP Report: register u/grp_pe_r1_0_Pipeline_VITIS_LOOP_54_2_fu_77/mac_muladd_8s_8s_32s_32_4_1_U8/pe_r1_0_mac_muladd_8s_8s_32s_32_4_1_DSP48_0_U/p_reg_reg is absorbed into DSP u/grp_pe_r1_0_Pipeline_VITIS_LOOP_54_2_fu_77/mac_muladd_8s_8s_32s_32_4_1_U8/pe_r1_0_mac_muladd_8s_8s_32s_32_4_1_DSP48_0_U/p_reg_reg.
DSP Report: register u/grp_pe_r1_0_Pipeline_VITIS_LOOP_54_2_fu_77/mac_muladd_8s_8s_32s_32_4_1_U8/pe_r1_0_mac_muladd_8s_8s_32s_32_4_1_DSP48_0_U/m_reg_reg is absorbed into DSP u/grp_pe_r1_0_Pipeline_VITIS_LOOP_54_2_fu_77/mac_muladd_8s_8s_32s_32_4_1_U8/pe_r1_0_mac_muladd_8s_8s_32s_32_4_1_DSP48_0_U/p_reg_reg.
DSP Report: operator u/grp_pe_r1_0_Pipeline_VITIS_LOOP_54_2_fu_77/mac_muladd_8s_8s_32s_32_4_1_U8/pe_r1_0_mac_muladd_8s_8s_32s_32_4_1_DSP48_0_U/p is absorbed into DSP u/grp_pe_r1_0_Pipeline_VITIS_LOOP_54_2_fu_77/mac_muladd_8s_8s_32s_32_4_1_U8/pe_r1_0_mac_muladd_8s_8s_32s_32_4_1_DSP48_0_U/p_reg_reg.
DSP Report: operator u/grp_pe_r1_0_Pipeline_VITIS_LOOP_54_2_fu_77/mac_muladd_8s_8s_32s_32_4_1_U8/pe_r1_0_mac_muladd_8s_8s_32s_32_4_1_DSP48_0_U/m is absorbed into DSP u/grp_pe_r1_0_Pipeline_VITIS_LOOP_54_2_fu_77/mac_muladd_8s_8s_32s_32_4_1_U8/pe_r1_0_mac_muladd_8s_8s_32s_32_4_1_DSP48_0_U/p_reg_reg.
DSP Report: Generating DSP u/grp_pe_r1_0_Pipeline_VITIS_LOOP_31_1_fu_65/mac_muladd_8s_8s_32s_32_4_1_U1/pe_r1_0_mac_muladd_8s_8s_32s_32_4_1_DSP48_0_U/p_reg_reg, operation Mode is: (P or C)+(A2*B2)'.
DSP Report: register u/grp_pe_r1_0_Pipeline_VITIS_LOOP_31_1_fu_65/mac_muladd_8s_8s_32s_32_4_1_U1/pe_r1_0_mac_muladd_8s_8s_32s_32_4_1_DSP48_0_U/b_reg_reg is absorbed into DSP u/grp_pe_r1_0_Pipeline_VITIS_LOOP_31_1_fu_65/mac_muladd_8s_8s_32s_32_4_1_U1/pe_r1_0_mac_muladd_8s_8s_32s_32_4_1_DSP48_0_U/p_reg_reg.
DSP Report: register u/grp_pe_r1_0_Pipeline_VITIS_LOOP_31_1_fu_65/mac_muladd_8s_8s_32s_32_4_1_U1/pe_r1_0_mac_muladd_8s_8s_32s_32_4_1_DSP48_0_U/a_reg_reg is absorbed into DSP u/grp_pe_r1_0_Pipeline_VITIS_LOOP_31_1_fu_65/mac_muladd_8s_8s_32s_32_4_1_U1/pe_r1_0_mac_muladd_8s_8s_32s_32_4_1_DSP48_0_U/p_reg_reg.
DSP Report: register u/grp_pe_r1_0_Pipeline_VITIS_LOOP_31_1_fu_65/mac_muladd_8s_8s_32s_32_4_1_U1/pe_r1_0_mac_muladd_8s_8s_32s_32_4_1_DSP48_0_U/p_reg_reg is absorbed into DSP u/grp_pe_r1_0_Pipeline_VITIS_LOOP_31_1_fu_65/mac_muladd_8s_8s_32s_32_4_1_U1/pe_r1_0_mac_muladd_8s_8s_32s_32_4_1_DSP48_0_U/p_reg_reg.
DSP Report: register u/grp_pe_r1_0_Pipeline_VITIS_LOOP_31_1_fu_65/mac_muladd_8s_8s_32s_32_4_1_U1/pe_r1_0_mac_muladd_8s_8s_32s_32_4_1_DSP48_0_U/m_reg_reg is absorbed into DSP u/grp_pe_r1_0_Pipeline_VITIS_LOOP_31_1_fu_65/mac_muladd_8s_8s_32s_32_4_1_U1/pe_r1_0_mac_muladd_8s_8s_32s_32_4_1_DSP48_0_U/p_reg_reg.
DSP Report: operator u/grp_pe_r1_0_Pipeline_VITIS_LOOP_31_1_fu_65/mac_muladd_8s_8s_32s_32_4_1_U1/pe_r1_0_mac_muladd_8s_8s_32s_32_4_1_DSP48_0_U/p is absorbed into DSP u/grp_pe_r1_0_Pipeline_VITIS_LOOP_31_1_fu_65/mac_muladd_8s_8s_32s_32_4_1_U1/pe_r1_0_mac_muladd_8s_8s_32s_32_4_1_DSP48_0_U/p_reg_reg.
DSP Report: operator u/grp_pe_r1_0_Pipeline_VITIS_LOOP_31_1_fu_65/mac_muladd_8s_8s_32s_32_4_1_U1/pe_r1_0_mac_muladd_8s_8s_32s_32_4_1_DSP48_0_U/m is absorbed into DSP u/grp_pe_r1_0_Pipeline_VITIS_LOOP_31_1_fu_65/mac_muladd_8s_8s_32s_32_4_1_U1/pe_r1_0_mac_muladd_8s_8s_32s_32_4_1_DSP48_0_U/p_reg_reg.
WARNING: [Synth 8-3936] Found unconnected internal register 'u/grp_pe_r1_0_Pipeline_VITIS_LOOP_54_2_fu_77/mac_muladd_8s_8s_32s_32_4_1_U8/pe_r1_0_mac_muladd_8s_8s_32s_32_4_1_DSP48_0_U/p_reg_reg' and it is trimmed from '46' to '32' bits. [/scratch/hc676/agentstudy/trials/z-ai_glm-5_3__spmw/build/sim/pe_r1_0_mac_muladd_8s_8s_32s_32_4_1.v:41]
WARNING: [Synth 8-3936] Found unconnected internal register 'u/grp_pe_r1_0_Pipeline_VITIS_LOOP_31_1_fu_65/mac_muladd_8s_8s_32s_32_4_1_U1/pe_r1_0_mac_muladd_8s_8s_32s_32_4_1_DSP48_0_U/p_reg_reg' and it is trimmed from '46' to '32' bits. [/scratch/hc676/agentstudy/trials/z-ai_glm-5_3__spmw/build/sim/pe_r1_0_mac_muladd_8s_8s_32s_32_4_1.v:41]
WARNING: [Synth 8-3936] Found unconnected internal register 'u/grp_pe_r1_0_Pipeline_VITIS_LOOP_31_1_fu_65/mac_muladd_8s_8s_32s_32_4_1_U1/pe_r1_0_mac_muladd_8s_8s_32s_32_4_1_DSP48_0_U/m_reg_reg' and it is trimmed from '45' to '32' bits. [/scratch/hc676/agentstudy/trials/z-ai_glm-5_3__spmw/build/sim/pe_r1_0_mac_muladd_8s_8s_32s_32_4_1.v:34]
WARNING: [Synth 8-3936] Found unconnected internal register 'u/grp_pe_r1_0_Pipeline_VITIS_LOOP_54_2_fu_77/mac_muladd_8s_8s_32s_32_4_1_U8/pe_r1_0_mac_muladd_8s_8s_32s_32_4_1_DSP48_0_U/m_reg_reg' and it is trimmed from '45' to '32' bits. [/scratch/hc676/agentstudy/trials/z-ai_glm-5_3__spmw/build/sim/pe_r1_0_mac_muladd_8s_8s_32s_32_4_1.v:34]
DSP Report: Generating DSP u/grp_pe_r1_0_Pipeline_VITIS_LOOP_54_2_fu_77/mac_muladd_8s_8s_32s_32_4_1_U8/pe_r1_0_mac_muladd_8s_8s_32s_32_4_1_DSP48_0_U/p_reg_reg, operation Mode is: (P or C)+(A2*B2)'.
DSP Report: register u/grp_pe_r1_0_Pipeline_VITIS_LOOP_54_2_fu_77/mac_muladd_8s_8s_32s_32_4_1_U8/pe_r1_0_mac_muladd_8s_8s_32s_32_4_1_DSP48_0_U/b_reg_reg is absorbed into DSP u/grp_pe_r1_0_Pipeline_VITIS_LOOP_54_2_fu_77/mac_muladd_8s_8s_32s_32_4_1_U8/pe_r1_0_mac_muladd_8s_8s_32s_32_4_1_DSP48_0_U/p_reg_reg.
DSP Report: register u/grp_pe_r1_0_Pipeline_VITIS_LOOP_54_2_fu_77/mac_muladd_8s_8s_32s_32_4_1_U8/pe_r1_0_mac_muladd_8s_8s_32s_32_4_1_DSP48_0_U/a_reg_reg is absorbed into DSP u/grp_pe_r1_0_Pipeline_VITIS_LOOP_54_2_fu_77/mac_muladd_8s_8s_32s_32_4_1_U8/pe_r1_0_mac_muladd_8s_8s_32s_32_4_1_DSP48_0_U/p_reg_reg.
DSP Report: register u/grp_pe_r1_0_Pipeline_VITIS_LOOP_54_2_fu_77/mac_muladd_8s_8s_32s_32_4_1_U8/pe_r1_0_mac_muladd_8s_8s_32s_32_4_1_DSP48_0_U/p_reg_reg is absorbed into DSP u/grp_pe_r1_0_Pipeline_VITIS_LOOP_54_2_fu_77/mac_muladd_8s_8s_32s_32_4_1_U8/pe_r1_0_mac_muladd_8s_8s_32s_32_4_1_DSP48_0_U/p_reg_reg.
DSP Report: register u/grp_pe_r1_0_Pipeline_VITIS_LOOP_54_2_fu_77/mac_muladd_8s_8s_32s_32_4_1_U8/pe_r1_0_mac_muladd_8s_8s_32s_32_4_1_DSP48_0_U/m_reg_reg is absorbed into DSP u/grp_pe_r1_0_Pipeline_VITIS_LOOP_54_2_fu_77/mac_muladd_8s_8s_32s_32_4_1_U8/pe_r1_0_mac_muladd_8s_8s_32s_32_4_1_DSP48_0_U/p_reg_reg.
DSP Report: operator u/grp_pe_r1_0_Pipeline_VITIS_LOOP_54_2_fu_77/mac_muladd_8s_8s_32s_32_4_1_U8/pe_r1_0_mac_muladd_8s_8s_32s_32_4_1_DSP48_0_U/p is absorbed into DSP u/grp_pe_r1_0_Pipeline_VITIS_LOOP_54_2_fu_77/mac_muladd_8s_8s_32s_32_4_1_U8/pe_r1_0_mac_muladd_8s_8s_32s_32_4_1_DSP48_0_U/p_reg_reg.
DSP Report: operator u/grp_pe_r1_0_Pipeline_VITIS_LOOP_54_2_fu_77/mac_muladd_8s_8s_32s_32_4_1_U8/pe_r1_0_mac_muladd_8s_8s_32s_32_4_1_DSP48_0_U/m is absorbed into DSP u/grp_pe_r1_0_Pipeline_VITIS_LOOP_54_2_fu_77/mac_muladd_8s_8s_32s_32_4_1_U8/pe_r1_0_mac_muladd_8s_8s_32s_32_4_1_DSP48_0_U/p_reg_reg.
DSP Report: Generating DSP u/grp_pe_r1_0_Pipeline_VITIS_LOOP_31_1_fu_65/mac_muladd_8s_8s_32s_32_4_1_U1/pe_r1_0_mac_muladd_8s_8s_32s_32_4_1_DSP48_0_U/p_reg_reg, operation Mode is: (P or C)+(A2*B2)'.
DSP Report: register u/grp_pe_r1_0_Pipeline_VITIS_LOOP_31_1_fu_65/mac_muladd_8s_8s_32s_32_4_1_U1/pe_r1_0_mac_muladd_8s_8s_32s_32_4_1_DSP48_0_U/b_reg_reg is absorbed into DSP u/grp_pe_r1_0_Pipeline_VITIS_LOOP_31_1_fu_65/mac_muladd_8s_8s_32s_32_4_1_U1/pe_r1_0_mac_muladd_8s_8s_32s_32_4_1_DSP48_0_U/p_reg_reg.
DSP Report: register u/grp_pe_r1_0_Pipeline_VITIS_LOOP_31_1_fu_65/mac_muladd_8s_8s_32s_32_4_1_U1/pe_r1_0_mac_muladd_8s_8s_32s_32_4_1_DSP48_0_U/a_reg_reg is absorbed into DSP u/grp_pe_r1_0_Pipeline_VITIS_LOOP_31_1_fu_65/mac_muladd_8s_8s_32s_32_4_1_U1/pe_r1_0_mac_muladd_8s_8s_32s_32_4_1_DSP48_0_U/p_reg_reg.
DSP Report: register u/grp_pe_r1_0_Pipeline_VITIS_LOOP_31_1_fu_65/mac_muladd_8s_8s_32s_32_4_1_U1/pe_r1_0_mac_muladd_8s_8s_32s_32_4_1_DSP48_0_U/p_reg_reg is absorbed into DSP u/grp_pe_r1_0_Pipeline_VITIS_LOOP_31_1_fu_65/mac_muladd_8s_8s_32s_32_4_1_U1/pe_r1_0_mac_muladd_8s_8s_32s_32_4_1_DSP48_0_U/p_reg_reg.
DSP Report: register u/grp_pe_r1_0_Pipeline_VITIS_LOOP_31_1_fu_65/mac_muladd_8s_8s_32s_32_4_1_U1/pe_r1_0_mac_muladd_8s_8s_32s_32_4_1_DSP48_0_U/m_reg_reg is absorbed into DSP u/grp_pe_r1_0_Pipeline_VITIS_LOOP_31_1_fu_65/mac_muladd_8s_8s_32s_32_4_1_U1/pe_r1_0_mac_muladd_8s_8s_32s_32_4_1_DSP48_0_U/p_reg_reg.
DSP Report: operator u/grp_pe_r1_0_Pipeline_VITIS_LOOP_31_1_fu_65/mac_muladd_8s_8s_32s_32_4_1_U1/pe_r1_0_mac_muladd_8s_8s_32s_32_4_1_DSP48_0_U/p is absorbed into DSP u/grp_pe_r1_0_Pipeline_VITIS_LOOP_31_1_fu_65/mac_muladd_8s_8s_32s_32_4_1_U1/pe_r1_0_mac_muladd_8s_8s_32s_32_4_1_DSP48_0_U/p_reg_reg.
DSP Report: operator u/grp_pe_r1_0_Pipeline_VITIS_LOOP_31_1_fu_65/mac_muladd_8s_8s_32s_32_4_1_U1/pe_r1_0_mac_muladd_8s_8s_32s_32_4_1_DSP48_0_U/m is absorbed into DSP u/grp_pe_r1_0_Pipeline_VITIS_LOOP_31_1_fu_65/mac_muladd_8s_8s_32s_32_4_1_U1/pe_r1_0_mac_muladd_8s_8s_32s_32_4_1_DSP48_0_U/p_reg_reg.
WARNING: [Synth 8-3936] Found unconnected internal register 'u/grp_pe_r1_0_Pipeline_VITIS_LOOP_54_2_fu_77/mac_muladd_8s_8s_32s_32_4_1_U8/pe_r1_0_mac_muladd_8s_8s_32s_32_4_1_DSP48_0_U/p_reg_reg' and it is trimmed from '46' to '32' bits. [/scratch/hc676/agentstudy/trials/z-ai_glm-5_3__spmw/build/sim/pe_r1_0_mac_muladd_8s_8s_32s_32_4_1.v:41]
WARNING: [Synth 8-3936] Found unconnected internal register 'u/grp_pe_r1_0_Pipeline_VITIS_LOOP_31_1_fu_65/mac_muladd_8s_8s_32s_32_4_1_U1/pe_r1_0_mac_muladd_8s_8s_32s_32_4_1_DSP48_0_U/p_reg_reg' and it is trimmed from '46' to '32' bits. [/scratch/hc676/agentstudy/trials/z-ai_glm-5_3__spmw/build/sim/pe_r1_0_mac_muladd_8s_8s_32s_32_4_1.v:41]
WARNING: [Synth 8-3936] Found unconnected internal register 'u/grp_pe_r1_0_Pipeline_VITIS_LOOP_31_1_fu_65/mac_muladd_8s_8s_32s_32_4_1_U1/pe_r1_0_mac_muladd_8s_8s_32s_32_4_1_DSP48_0_U/m_reg_reg' and it is trimmed from '45' to '32' bits. [/scratch/hc676/agentstudy/trials/z-ai_glm-5_3__spmw/build/sim/pe_r1_0_mac_muladd_8s_8s_32s_32_4_1.v:34]
WARNING: [Synth 8-3936] Found unconnected internal register 'u/grp_pe_r1_0_Pipeline_VITIS_LOOP_54_2_fu_77/mac_muladd_8s_8s_32s_32_4_1_U8/pe_r1_0_mac_muladd_8s_8s_32s_32_4_1_DSP48_0_U/m_reg_reg' and it is trimmed from '45' to '32' bits. [/scratch/hc676/agentstudy/trials/z-ai_glm-5_3__spmw/build/sim/pe_r1_0_mac_muladd_8s_8s_32s_32_4_1.v:34]
DSP Report: Generating DSP u/grp_pe_r1_0_Pipeline_VITIS_LOOP_54_2_fu_77/mac_muladd_8s_8s_32s_32_4_1_U8/pe_r1_0_mac_muladd_8s_8s_32s_32_4_1_DSP48_0_U/p_reg_reg, operation Mode is: (P or C)+(A2*B2)'.
DSP Report: register u/grp_pe_r1_0_Pipeline_VITIS_LOOP_54_2_fu_77/mac_muladd_8s_8s_32s_32_4_1_U8/pe_r1_0_mac_muladd_8s_8s_32s_32_4_1_DSP48_0_U/b_reg_reg is absorbed into DSP u/grp_pe_r1_0_Pipeline_VITIS_LOOP_54_2_fu_77/mac_muladd_8s_8s_32s_32_4_1_U8/pe_r1_0_mac_muladd_8s_8s_32s_32_4_1_DSP48_0_U/p_reg_reg.
DSP Report: register u/grp_pe_r1_0_Pipeline_VITIS_LOOP_54_2_fu_77/mac_muladd_8s_8s_32s_32_4_1_U8/pe_r1_0_mac_muladd_8s_8s_32s_32_4_1_DSP48_0_U/a_reg_reg is absorbed into DSP u/grp_pe_r1_0_Pipeline_VITIS_LOOP_54_2_fu_77/mac_muladd_8s_8s_32s_32_4_1_U8/pe_r1_0_mac_muladd_8s_8s_32s_32_4_1_DSP48_0_U/p_reg_reg.
DSP Report: register u/grp_pe_r1_0_Pipeline_VITIS_LOOP_54_2_fu_77/mac_muladd_8s_8s_32s_32_4_1_U8/pe_r1_0_mac_muladd_8s_8s_32s_32_4_1_DSP48_0_U/p_reg_reg is absorbed into DSP u/grp_pe_r1_0_Pipeline_VITIS_LOOP_54_2_fu_77/mac_muladd_8s_8s_32s_32_4_1_U8/pe_r1_0_mac_muladd_8s_8s_32s_32_4_1_DSP48_0_U/p_reg_reg.
DSP Report: register u/grp_pe_r1_0_Pipeline_VITIS_LOOP_54_2_fu_77/mac_muladd_8s_8s_32s_32_4_1_U8/pe_r1_0_mac_muladd_8s_8s_32s_32_4_1_DSP48_0_U/m_reg_reg is absorbed into DSP u/grp_pe_r1_0_Pipeline_VITIS_LOOP_54_2_fu_77/mac_muladd_8s_8s_32s_32_4_1_U8/pe_r1_0_mac_muladd_8s_8s_32s_32_4_1_DSP48_0_U/p_reg_reg.
DSP Report: operator u/grp_pe_r1_0_Pipeline_VITIS_LOOP_54_2_fu_77/mac_muladd_8s_8s_32s_32_4_1_U8/pe_r1_0_mac_muladd_8s_8s_32s_32_4_1_DSP48_0_U/p is absorbed into DSP u/grp_pe_r1_0_Pipeline_VITIS_LOOP_54_2_fu_77/mac_muladd_8s_8s_32s_32_4_1_U8/pe_r1_0_mac_muladd_8s_8s_32s_32_4_1_DSP48_0_U/p_reg_reg.
DSP Report: operator u/grp_pe_r1_0_Pipeline_VITIS_LOOP_54_2_fu_77/mac_muladd_8s_8s_32s_32_4_1_U8/pe_r1_0_mac_muladd_8s_8s_32s_32_4_1_DSP48_0_U/m is absorbed into DSP u/grp_pe_r1_0_Pipeline_VITIS_LOOP_54_2_fu_77/mac_muladd_8s_8s_32s_32_4_1_U8/pe_r1_0_mac_muladd_8s_8s_32s_32_4_1_DSP48_0_U/p_reg_reg.
DSP Report: Generating DSP u/grp_pe_r1_0_Pipeline_VITIS_LOOP_31_1_fu_65/mac_muladd_8s_8s_32s_32_4_1_U1/pe_r1_0_mac_muladd_8s_8s_32s_32_4_1_DSP48_0_U/p_reg_reg, operation Mode is: (P or C)+(A2*B2)'.
DSP Report: register u/grp_pe_r1_0_Pipeline_VITIS_LOOP_31_1_fu_65/mac_muladd_8s_8s_32s_32_4_1_U1/pe_r1_0_mac_muladd_8s_8s_32s_32_4_1_DSP48_0_U/b_reg_reg is absorbed into DSP u/grp_pe_r1_0_Pipeline_VITIS_LOOP_31_1_fu_65/mac_muladd_8s_8s_32s_32_4_1_U1/pe_r1_0_mac_muladd_8s_8s_32s_32_4_1_DSP48_0_U/p_reg_reg.
DSP Report: register u/grp_pe_r1_0_Pipeline_VITIS_LOOP_31_1_fu_65/mac_muladd_8s_8s_32s_32_4_1_U1/pe_r1_0_mac_muladd_8s_8s_32s_32_4_1_DSP48_0_U/a_reg_reg is absorbed into DSP u/grp_pe_r1_0_Pipeline_VITIS_LOOP_31_1_fu_65/mac_muladd_8s_8s_32s_32_4_1_U1/pe_r1_0_mac_muladd_8s_8s_32s_32_4_1_DSP48_0_U/p_reg_reg.
DSP Report: register u/grp_pe_r1_0_Pipeline_VITIS_LOOP_31_1_fu_65/mac_muladd_8s_8s_32s_32_4_1_U1/pe_r1_0_mac_muladd_8s_8s_32s_32_4_1_DSP48_0_U/p_reg_reg is absorbed into DSP u/grp_pe_r1_0_Pipeline_VITIS_LOOP_31_1_fu_65/mac_muladd_8s_8s_32s_32_4_1_U1/pe_r1_0_mac_muladd_8s_8s_32s_32_4_1_DSP48_0_U/p_reg_reg.
DSP Report: register u/grp_pe_r1_0_Pipeline_VITIS_LOOP_31_1_fu_65/mac_muladd_8s_8s_32s_32_4_1_U1/pe_r1_0_mac_muladd_8s_8s_32s_32_4_1_DSP48_0_U/m_reg_reg is absorbed into DSP u/grp_pe_r1_0_Pipeline_VITIS_LOOP_31_1_fu_65/mac_muladd_8s_8s_32s_32_4_1_U1/pe_r1_0_mac_muladd_8s_8s_32s_32_4_1_DSP48_0_U/p_reg_reg.
DSP Report: operator u/grp_pe_r1_0_Pipeline_VITIS_LOOP_31_1_fu_65/mac_muladd_8s_8s_32s_32_4_1_U1/pe_r1_0_mac_muladd_8s_8s_32s_32_4_1_DSP48_0_U/p is absorbed into DSP u/grp_pe_r1_0_Pipeline_VITIS_LOOP_31_1_fu_65/mac_muladd_8s_8s_32s_32_4_1_U1/pe_r1_0_mac_muladd_8s_8s_32s_32_4_1_DSP48_0_U/p_reg_reg.
DSP Report: operator u/grp_pe_r1_0_Pipeline_VITIS_LOOP_31_1_fu_65/mac_muladd_8s_8s_32s_32_4_1_U1/pe_r1_0_mac_muladd_8s_8s_32s_32_4_1_DSP48_0_U/m is absorbed into DSP u/grp_pe_r1_0_Pipeline_VITIS_LOOP_31_1_fu_65/mac_muladd_8s_8s_32s_32_4_1_U1/pe_r1_0_mac_muladd_8s_8s_32s_32_4_1_DSP48_0_U/p_reg_reg.
WARNING: [Synth 8-3936] Found unconnected internal register 'u/grp_pe_r1_0_Pipeline_VITIS_LOOP_54_2_fu_77/mac_muladd_8s_8s_32s_32_4_1_U8/pe_r1_0_mac_muladd_8s_8s_32s_32_4_1_DSP48_0_U/p_reg_reg' and it is trimmed from '46' to '32' bits. [/scratch/hc676/agentstudy/trials/z-ai_glm-5_3__spmw/build/sim/pe_r1_0_mac_muladd_8s_8s_32s_32_4_1.v:41]
WARNING: [Synth 8-3936] Found unconnected internal register 'u/grp_pe_r1_0_Pipeline_VITIS_LOOP_31_1_fu_65/mac_muladd_8s_8s_32s_32_4_1_U1/pe_r1_0_mac_muladd_8s_8s_32s_32_4_1_DSP48_0_U/p_reg_reg' and it is trimmed from '46' to '32' bits. [/scratch/hc676/agentstudy/trials/z-ai_glm-5_3__spmw/build/sim/pe_r1_0_mac_muladd_8s_8s_32s_32_4_1.v:41]
WARNING: [Synth 8-3936] Found unconnected internal register 'u/grp_pe_r1_0_Pipeline_VITIS_LOOP_31_1_fu_65/mac_muladd_8s_8s_32s_32_4_1_U1/pe_r1_0_mac_muladd_8s_8s_32s_32_4_1_DSP48_0_U/m_reg_reg' and it is trimmed from '45' to '32' bits. [/scratch/hc676/agentstudy/trials/z-ai_glm-5_3__spmw/build/sim/pe_r1_0_mac_muladd_8s_8s_32s_32_4_1.v:34]
WARNING: [Synth 8-3936] Found unconnected internal register 'u/grp_pe_r1_0_Pipeline_VITIS_LOOP_54_2_fu_77/mac_muladd_8s_8s_32s_32_4_1_U8/pe_r1_0_mac_muladd_8s_8s_32s_32_4_1_DSP48_0_U/m_reg_reg' and it is trimmed from '45' to '32' bits. [/scratch/hc676/agentstudy/trials/z-ai_glm-5_3__spmw/build/sim/pe_r1_0_mac_muladd_8s_8s_32s_32_4_1.v:34]
DSP Report: Generating DSP u/grp_pe_r1_0_Pipeline_VITIS_LOOP_54_2_fu_77/mac_muladd_8s_8s_32s_32_4_1_U8/pe_r1_0_mac_muladd_8s_8s_32s_32_4_1_DSP48_0_U/p_reg_reg, operation Mode is: (P or C)+(A2*B2)'.
DSP Report: register u/grp_pe_r1_0_Pipeline_VITIS_LOOP_54_2_fu_77/mac_muladd_8s_8s_32s_32_4_1_U8/pe_r1_0_mac_muladd_8s_8s_32s_32_4_1_DSP48_0_U/b_reg_reg is absorbed into DSP u/grp_pe_r1_0_Pipeline_VITIS_LOOP_54_2_fu_77/mac_muladd_8s_8s_32s_32_4_1_U8/pe_r1_0_mac_muladd_8s_8s_32s_32_4_1_DSP48_0_U/p_reg_reg.
DSP Report: register u/grp_pe_r1_0_Pipeline_VITIS_LOOP_54_2_fu_77/mac_muladd_8s_8s_32s_32_4_1_U8/pe_r1_0_mac_muladd_8s_8s_32s_32_4_1_DSP48_0_U/a_reg_reg is absorbed into DSP u/grp_pe_r1_0_Pipeline_VITIS_LOOP_54_2_fu_77/mac_muladd_8s_8s_32s_32_4_1_U8/pe_r1_0_mac_muladd_8s_8s_32s_32_4_1_DSP48_0_U/p_reg_reg.
DSP Report: register u/grp_pe_r1_0_Pipeline_VITIS_LOOP_54_2_fu_77/mac_muladd_8s_8s_32s_32_4_1_U8/pe_r1_0_mac_muladd_8s_8s_32s_32_4_1_DSP48_0_U/p_reg_reg is absorbed into DSP u/grp_pe_r1_0_Pipeline_VITIS_LOOP_54_2_fu_77/mac_muladd_8s_8s_32s_32_4_1_U8/pe_r1_0_mac_muladd_8s_8s_32s_32_4_1_DSP48_0_U/p_reg_reg.
DSP Report: register u/grp_pe_r1_0_Pipeline_VITIS_LOOP_54_2_fu_77/mac_muladd_8s_8s_32s_32_4_1_U8/pe_r1_0_mac_muladd_8s_8s_32s_32_4_1_DSP48_0_U/m_reg_reg is absorbed into DSP u/grp_pe_r1_0_Pipeline_VITIS_LOOP_54_2_fu_77/mac_muladd_8s_8s_32s_32_4_1_U8/pe_r1_0_mac_muladd_8s_8s_32s_32_4_1_DSP48_0_U/p_reg_reg.
DSP Report: operator u/grp_pe_r1_0_Pipeline_VITIS_LOOP_54_2_fu_77/mac_muladd_8s_8s_32s_32_4_1_U8/pe_r1_0_mac_muladd_8s_8s_32s_32_4_1_DSP48_0_U/p is absorbed into DSP u/grp_pe_r1_0_Pipeline_VITIS_LOOP_54_2_fu_77/mac_muladd_8s_8s_32s_32_4_1_U8/pe_r1_0_mac_muladd_8s_8s_32s_32_4_1_DSP48_0_U/p_reg_reg.
DSP Report: operator u/grp_pe_r1_0_Pipeline_VITIS_LOOP_54_2_fu_77/mac_muladd_8s_8s_32s_32_4_1_U8/pe_r1_0_mac_muladd_8s_8s_32s_32_4_1_DSP48_0_U/m is absorbed into DSP u/grp_pe_r1_0_Pipeline_VITIS_LOOP_54_2_fu_77/mac_muladd_8s_8s_32s_32_4_1_U8/pe_r1_0_mac_muladd_8s_8s_32s_32_4_1_DSP48_0_U/p_reg_reg.
DSP Report: Generating DSP u/grp_pe_r1_0_Pipeline_VITIS_LOOP_31_1_fu_65/mac_muladd_8s_8s_32s_32_4_1_U1/pe_r1_0_mac_muladd_8s_8s_32s_32_4_1_DSP48_0_U/p_reg_reg, operation Mode is: (P or C)+(A2*B2)'.
DSP Report: register u/grp_pe_r1_0_Pipeline_VITIS_LOOP_31_1_fu_65/mac_muladd_8s_8s_32s_32_4_1_U1/pe_r1_0_mac_muladd_8s_8s_32s_32_4_1_DSP48_0_U/b_reg_reg is absorbed into DSP u/grp_pe_r1_0_Pipeline_VITIS_LOOP_31_1_fu_65/mac_muladd_8s_8s_32s_32_4_1_U1/pe_r1_0_mac_muladd_8s_8s_32s_32_4_1_DSP48_0_U/p_reg_reg.
DSP Report: register u/grp_pe_r1_0_Pipeline_VITIS_LOOP_31_1_fu_65/mac_muladd_8s_8s_32s_32_4_1_U1/pe_r1_0_mac_muladd_8s_8s_32s_32_4_1_DSP48_0_U/a_reg_reg is absorbed into DSP u/grp_pe_r1_0_Pipeline_VITIS_LOOP_31_1_fu_65/mac_muladd_8s_8s_32s_32_4_1_U1/pe_r1_0_mac_muladd_8s_8s_32s_32_4_1_DSP48_0_U/p_reg_reg.
DSP Report: register u/grp_pe_r1_0_Pipeline_VITIS_LOOP_31_1_fu_65/mac_muladd_8s_8s_32s_32_4_1_U1/pe_r1_0_mac_muladd_8s_8s_32s_32_4_1_DSP48_0_U/p_reg_reg is absorbed into DSP u/grp_pe_r1_0_Pipeline_VITIS_LOOP_31_1_fu_65/mac_muladd_8s_8s_32s_32_4_1_U1/pe_r1_0_mac_muladd_8s_8s_32s_32_4_1_DSP48_0_U/p_reg_reg.
DSP Report: register u/grp_pe_r1_0_Pipeline_VITIS_LOOP_31_1_fu_65/mac_muladd_8s_8s_32s_32_4_1_U1/pe_r1_0_mac_muladd_8s_8s_32s_32_4_1_DSP48_0_U/m_reg_reg is absorbed into DSP u/grp_pe_r1_0_Pipeline_VITIS_LOOP_31_1_fu_65/mac_muladd_8s_8s_32s_32_4_1_U1/pe_r1_0_mac_muladd_8s_8s_32s_32_4_1_DSP48_0_U/p_reg_reg.
DSP Report: operator u/grp_pe_r1_0_Pipeline_VITIS_LOOP_31_1_fu_65/mac_muladd_8s_8s_32s_32_4_1_U1/pe_r1_0_mac_muladd_8s_8s_32s_32_4_1_DSP48_0_U/p is absorbed into DSP u/grp_pe_r1_0_Pipeline_VITIS_LOOP_31_1_fu_65/mac_muladd_8s_8s_32s_32_4_1_U1/pe_r1_0_mac_muladd_8s_8s_32s_32_4_1_DSP48_0_U/p_reg_reg.
DSP Report: operator u/grp_pe_r1_0_Pipeline_VITIS_LOOP_31_1_fu_65/mac_muladd_8s_8s_32s_32_4_1_U1/pe_r1_0_mac_muladd_8s_8s_32s_32_4_1_DSP48_0_U/m is absorbed into DSP u/grp_pe_r1_0_Pipeline_VITIS_LOOP_31_1_fu_65/mac_muladd_8s_8s_32s_32_4_1_U1/pe_r1_0_mac_muladd_8s_8s_32s_32_4_1_DSP48_0_U/p_reg_reg.
WARNING: [Synth 8-3936] Found unconnected internal register 'u/grp_pe_r1_0_Pipeline_VITIS_LOOP_54_2_fu_77/mac_muladd_8s_8s_32s_32_4_1_U8/pe_r1_0_mac_muladd_8s_8s_32s_32_4_1_DSP48_0_U/p_reg_reg' and it is trimmed from '46' to '32' bits. [/scratch/hc676/agentstudy/trials/z-ai_glm-5_3__spmw/build/sim/pe_r1_0_mac_muladd_8s_8s_32s_32_4_1.v:41]
WARNING: [Synth 8-3936] Found unconnected internal register 'u/grp_pe_r1_0_Pipeline_VITIS_LOOP_31_1_fu_65/mac_muladd_8s_8s_32s_32_4_1_U1/pe_r1_0_mac_muladd_8s_8s_32s_32_4_1_DSP48_0_U/p_reg_reg' and it is trimmed from '46' to '32' bits. [/scratch/hc676/agentstudy/trials/z-ai_glm-5_3__spmw/build/sim/pe_r1_0_mac_muladd_8s_8s_32s_32_4_1.v:41]
WARNING: [Synth 8-3936] Found unconnected internal register 'u/grp_pe_r1_0_Pipeline_VITIS_LOOP_31_1_fu_65/mac_muladd_8s_8s_32s_32_4_1_U1/pe_r1_0_mac_muladd_8s_8s_32s_32_4_1_DSP48_0_U/m_reg_reg' and it is trimmed from '45' to '32' bits. [/scratch/hc676/agentstudy/trials/z-ai_glm-5_3__spmw/build/sim/pe_r1_0_mac_muladd_8s_8s_32s_32_4_1.v:34]
WARNING: [Synth 8-3936] Found unconnected internal register 'u/grp_pe_r1_0_Pipeline_VITIS_LOOP_54_2_fu_77/mac_muladd_8s_8s_32s_32_4_1_U8/pe_r1_0_mac_muladd_8s_8s_32s_32_4_1_DSP48_0_U/m_reg_reg' and it is trimmed from '45' to '32' bits. [/scratch/hc676/agentstudy/trials/z-ai_glm-5_3__spmw/build/sim/pe_r1_0_mac_muladd_8s_8s_32s_32_4_1.v:34]
DSP Report: Generating DSP u/grp_pe_r1_0_Pipeline_VITIS_LOOP_54_2_fu_77/mac_muladd_8s_8s_32s_32_4_1_U8/pe_r1_0_mac_muladd_8s_8s_32s_32_4_1_DSP48_0_U/p_reg_reg, operation Mode is: (P or C)+(A2*B2)'.
DSP Report: register u/grp_pe_r1_0_Pipeline_VITIS_LOOP_54_2_fu_77/mac_muladd_8s_8s_32s_32_4_1_U8/pe_r1_0_mac_muladd_8s_8s_32s_32_4_1_DSP48_0_U/b_reg_reg is absorbed into DSP u/grp_pe_r1_0_Pipeline_VITIS_LOOP_54_2_fu_77/mac_muladd_8s_8s_32s_32_4_1_U8/pe_r1_0_mac_muladd_8s_8s_32s_32_4_1_DSP48_0_U/p_reg_reg.
DSP Report: register u/grp_pe_r1_0_Pipeline_VITIS_LOOP_54_2_fu_77/mac_muladd_8s_8s_32s_32_4_1_U8/pe_r1_0_mac_muladd_8s_8s_32s_32_4_1_DSP48_0_U/a_reg_reg is absorbed into DSP u/grp_pe_r1_0_Pipeline_VITIS_LOOP_54_2_fu_77/mac_muladd_8s_8s_32s_32_4_1_U8/pe_r1_0_mac_muladd_8s_8s_32s_32_4_1_DSP48_0_U/p_reg_reg.
DSP Report: register u/grp_pe_r1_0_Pipeline_VITIS_LOOP_54_2_fu_77/mac_muladd_8s_8s_32s_32_4_1_U8/pe_r1_0_mac_muladd_8s_8s_32s_32_4_1_DSP48_0_U/p_reg_reg is absorbed into DSP u/grp_pe_r1_0_Pipeline_VITIS_LOOP_54_2_fu_77/mac_muladd_8s_8s_32s_32_4_1_U8/pe_r1_0_mac_muladd_8s_8s_32s_32_4_1_DSP48_0_U/p_reg_reg.
DSP Report: register u/grp_pe_r1_0_Pipeline_VITIS_LOOP_54_2_fu_77/mac_muladd_8s_8s_32s_32_4_1_U8/pe_r1_0_mac_muladd_8s_8s_32s_32_4_1_DSP48_0_U/m_reg_reg is absorbed into DSP u/grp_pe_r1_0_Pipeline_VITIS_LOOP_54_2_fu_77/mac_muladd_8s_8s_32s_32_4_1_U8/pe_r1_0_mac_muladd_8s_8s_32s_32_4_1_DSP48_0_U/p_reg_reg.
DSP Report: operator u/grp_pe_r1_0_Pipeline_VITIS_LOOP_54_2_fu_77/mac_muladd_8s_8s_32s_32_4_1_U8/pe_r1_0_mac_muladd_8s_8s_32s_32_4_1_DSP48_0_U/p is absorbed into DSP u/grp_pe_r1_0_Pipeline_VITIS_LOOP_54_2_fu_77/mac_muladd_8s_8s_32s_32_4_1_U8/pe_r1_0_mac_muladd_8s_8s_32s_32_4_1_DSP48_0_U/p_reg_reg.
DSP Report: operator u/grp_pe_r1_0_Pipeline_VITIS_LOOP_54_2_fu_77/mac_muladd_8s_8s_32s_32_4_1_U8/pe_r1_0_mac_muladd_8s_8s_32s_32_4_1_DSP48_0_U/m is absorbed into DSP u/grp_pe_r1_0_Pipeline_VITIS_LOOP_54_2_fu_77/mac_muladd_8s_8s_32s_32_4_1_U8/pe_r1_0_mac_muladd_8s_8s_32s_32_4_1_DSP48_0_U/p_reg_reg.
DSP Report: Generating DSP u/grp_pe_r1_0_Pipeline_VITIS_LOOP_31_1_fu_65/mac_muladd_8s_8s_32s_32_4_1_U1/pe_r1_0_mac_muladd_8s_8s_32s_32_4_1_DSP48_0_U/p_reg_reg, operation Mode is: (P or C)+(A2*B2)'.
DSP Report: register u/grp_pe_r1_0_Pipeline_VITIS_LOOP_31_1_fu_65/mac_muladd_8s_8s_32s_32_4_1_U1/pe_r1_0_mac_muladd_8s_8s_32s_32_4_1_DSP48_0_U/b_reg_reg is absorbed into DSP u/grp_pe_r1_0_Pipeline_VITIS_LOOP_31_1_fu_65/mac_muladd_8s_8s_32s_32_4_1_U1/pe_r1_0_mac_muladd_8s_8s_32s_32_4_1_DSP48_0_U/p_reg_reg.
DSP Report: register u/grp_pe_r1_0_Pipeline_VITIS_LOOP_31_1_fu_65/mac_muladd_8s_8s_32s_32_4_1_U1/pe_r1_0_mac_muladd_8s_8s_32s_32_4_1_DSP48_0_U/a_reg_reg is absorbed into DSP u/grp_pe_r1_0_Pipeline_VITIS_LOOP_31_1_fu_65/mac_muladd_8s_8s_32s_32_4_1_U1/pe_r1_0_mac_muladd_8s_8s_32s_32_4_1_DSP48_0_U/p_reg_reg.
DSP Report: register u/grp_pe_r1_0_Pipeline_VITIS_LOOP_31_1_fu_65/mac_muladd_8s_8s_32s_32_4_1_U1/pe_r1_0_mac_muladd_8s_8s_32s_32_4_1_DSP48_0_U/p_reg_reg is absorbed into DSP u/grp_pe_r1_0_Pipeline_VITIS_LOOP_31_1_fu_65/mac_muladd_8s_8s_32s_32_4_1_U1/pe_r1_0_mac_muladd_8s_8s_32s_32_4_1_DSP48_0_U/p_reg_reg.
DSP Report: register u/grp_pe_r1_0_Pipeline_VITIS_LOOP_31_1_fu_65/mac_muladd_8s_8s_32s_32_4_1_U1/pe_r1_0_mac_muladd_8s_8s_32s_32_4_1_DSP48_0_U/m_reg_reg is absorbed into DSP u/grp_pe_r1_0_Pipeline_VITIS_LOOP_31_1_fu_65/mac_muladd_8s_8s_32s_32_4_1_U1/pe_r1_0_mac_muladd_8s_8s_32s_32_4_1_DSP48_0_U/p_reg_reg.
DSP Report: operator u/grp_pe_r1_0_Pipeline_VITIS_LOOP_31_1_fu_65/mac_muladd_8s_8s_32s_32_4_1_U1/pe_r1_0_mac_muladd_8s_8s_32s_32_4_1_DSP48_0_U/p is absorbed into DSP u/grp_pe_r1_0_Pipeline_VITIS_LOOP_31_1_fu_65/mac_muladd_8s_8s_32s_32_4_1_U1/pe_r1_0_mac_muladd_8s_8s_32s_32_4_1_DSP48_0_U/p_reg_reg.
DSP Report: operator u/grp_pe_r1_0_Pipeline_VITIS_LOOP_31_1_fu_65/mac_muladd_8s_8s_32s_32_4_1_U1/pe_r1_0_mac_muladd_8s_8s_32s_32_4_1_DSP48_0_U/m is absorbed into DSP u/grp_pe_r1_0_Pipeline_VITIS_LOOP_31_1_fu_65/mac_muladd_8s_8s_32s_32_4_1_U1/pe_r1_0_mac_muladd_8s_8s_32s_32_4_1_DSP48_0_U/p_reg_reg.
WARNING: [Synth 8-3936] Found unconnected internal register 'u/grp_pe_r0_0_Pipeline_VITIS_LOOP_57_2_fu_81/mac_muladd_8s_8s_32s_32_4_1_U9/pe_r0_0_mac_muladd_8s_8s_32s_32_4_1_DSP48_0_U/p_reg_reg' and it is trimmed from '46' to '32' bits. [/scratch/hc676/agentstudy/trials/z-ai_glm-5_3__spmw/build/sim/pe_r0_0_mac_muladd_8s_8s_32s_32_4_1.v:41]
WARNING: [Synth 8-3936] Found unconnected internal register 'u/grp_pe_r0_0_Pipeline_VITIS_LOOP_32_1_fu_67/mac_muladd_8s_8s_32s_32_4_1_U1/pe_r0_0_mac_muladd_8s_8s_32s_32_4_1_DSP48_0_U/p_reg_reg' and it is trimmed from '46' to '32' bits. [/scratch/hc676/agentstudy/trials/z-ai_glm-5_3__spmw/build/sim/pe_r0_0_mac_muladd_8s_8s_32s_32_4_1.v:41]
WARNING: [Synth 8-3936] Found unconnected internal register 'u/grp_pe_r0_0_Pipeline_VITIS_LOOP_32_1_fu_67/mac_muladd_8s_8s_32s_32_4_1_U1/pe_r0_0_mac_muladd_8s_8s_32s_32_4_1_DSP48_0_U/m_reg_reg' and it is trimmed from '45' to '32' bits. [/scratch/hc676/agentstudy/trials/z-ai_glm-5_3__spmw/build/sim/pe_r0_0_mac_muladd_8s_8s_32s_32_4_1.v:34]
WARNING: [Synth 8-3936] Found unconnected internal register 'u/grp_pe_r0_0_Pipeline_VITIS_LOOP_57_2_fu_81/mac_muladd_8s_8s_32s_32_4_1_U9/pe_r0_0_mac_muladd_8s_8s_32s_32_4_1_DSP48_0_U/m_reg_reg' and it is trimmed from '45' to '32' bits. [/scratch/hc676/agentstudy/trials/z-ai_glm-5_3__spmw/build/sim/pe_r0_0_mac_muladd_8s_8s_32s_32_4_1.v:34]
DSP Report: Generating DSP u/grp_pe_r0_0_Pipeline_VITIS_LOOP_57_2_fu_81/mac_muladd_8s_8s_32s_32_4_1_U9/pe_r0_0_mac_muladd_8s_8s_32s_32_4_1_DSP48_0_U/p_reg_reg, operation Mode is: (P or C)+(A2*B2)'.
DSP Report: register u/grp_pe_r0_0_Pipeline_VITIS_LOOP_57_2_fu_81/mac_muladd_8s_8s_32s_32_4_1_U9/pe_r0_0_mac_muladd_8s_8s_32s_32_4_1_DSP48_0_U/b_reg_reg is absorbed into DSP u/grp_pe_r0_0_Pipeline_VITIS_LOOP_57_2_fu_81/mac_muladd_8s_8s_32s_32_4_1_U9/pe_r0_0_mac_muladd_8s_8s_32s_32_4_1_DSP48_0_U/p_reg_reg.
DSP Report: register u/grp_pe_r0_0_Pipeline_VITIS_LOOP_57_2_fu_81/mac_muladd_8s_8s_32s_32_4_1_U9/pe_r0_0_mac_muladd_8s_8s_32s_32_4_1_DSP48_0_U/a_reg_reg is absorbed into DSP u/grp_pe_r0_0_Pipeline_VITIS_LOOP_57_2_fu_81/mac_muladd_8s_8s_32s_32_4_1_U9/pe_r0_0_mac_muladd_8s_8s_32s_32_4_1_DSP48_0_U/p_reg_reg.
DSP Report: register u/grp_pe_r0_0_Pipeline_VITIS_LOOP_57_2_fu_81/mac_muladd_8s_8s_32s_32_4_1_U9/pe_r0_0_mac_muladd_8s_8s_32s_32_4_1_DSP48_0_U/p_reg_reg is absorbed into DSP u/grp_pe_r0_0_Pipeline_VITIS_LOOP_57_2_fu_81/mac_muladd_8s_8s_32s_32_4_1_U9/pe_r0_0_mac_muladd_8s_8s_32s_32_4_1_DSP48_0_U/p_reg_reg.
DSP Report: register u/grp_pe_r0_0_Pipeline_VITIS_LOOP_57_2_fu_81/mac_muladd_8s_8s_32s_32_4_1_U9/pe_r0_0_mac_muladd_8s_8s_32s_32_4_1_DSP48_0_U/m_reg_reg is absorbed into DSP u/grp_pe_r0_0_Pipeline_VITIS_LOOP_57_2_fu_81/mac_muladd_8s_8s_32s_32_4_1_U9/pe_r0_0_mac_muladd_8s_8s_32s_32_4_1_DSP48_0_U/p_reg_reg.
DSP Report: operator u/grp_pe_r0_0_Pipeline_VITIS_LOOP_57_2_fu_81/mac_muladd_8s_8s_32s_32_4_1_U9/pe_r0_0_mac_muladd_8s_8s_32s_32_4_1_DSP48_0_U/p is absorbed into DSP u/grp_pe_r0_0_Pipeline_VITIS_LOOP_57_2_fu_81/mac_muladd_8s_8s_32s_32_4_1_U9/pe_r0_0_mac_muladd_8s_8s_32s_32_4_1_DSP48_0_U/p_reg_reg.
DSP Report: operator u/grp_pe_r0_0_Pipeline_VITIS_LOOP_57_2_fu_81/mac_muladd_8s_8s_32s_32_4_1_U9/pe_r0_0_mac_muladd_8s_8s_32s_32_4_1_DSP48_0_U/m is absorbed into DSP u/grp_pe_r0_0_Pipeline_VITIS_LOOP_57_2_fu_81/mac_muladd_8s_8s_32s_32_4_1_U9/pe_r0_0_mac_muladd_8s_8s_32s_32_4_1_DSP48_0_U/p_reg_reg.
DSP Report: Generating DSP u/grp_pe_r0_0_Pipeline_VITIS_LOOP_32_1_fu_67/mac_muladd_8s_8s_32s_32_4_1_U1/pe_r0_0_mac_muladd_8s_8s_32s_32_4_1_DSP48_0_U/p_reg_reg, operation Mode is: (P or C)+(A2*B2)'.
DSP Report: register u/grp_pe_r0_0_Pipeline_VITIS_LOOP_32_1_fu_67/mac_muladd_8s_8s_32s_32_4_1_U1/pe_r0_0_mac_muladd_8s_8s_32s_32_4_1_DSP48_0_U/b_reg_reg is absorbed into DSP u/grp_pe_r0_0_Pipeline_VITIS_LOOP_32_1_fu_67/mac_muladd_8s_8s_32s_32_4_1_U1/pe_r0_0_mac_muladd_8s_8s_32s_32_4_1_DSP48_0_U/p_reg_reg.
DSP Report: register u/grp_pe_r0_0_Pipeline_VITIS_LOOP_32_1_fu_67/mac_muladd_8s_8s_32s_32_4_1_U1/pe_r0_0_mac_muladd_8s_8s_32s_32_4_1_DSP48_0_U/a_reg_reg is absorbed into DSP u/grp_pe_r0_0_Pipeline_VITIS_LOOP_32_1_fu_67/mac_muladd_8s_8s_32s_32_4_1_U1/pe_r0_0_mac_muladd_8s_8s_32s_32_4_1_DSP48_0_U/p_reg_reg.
DSP Report: register u/grp_pe_r0_0_Pipeline_VITIS_LOOP_32_1_fu_67/mac_muladd_8s_8s_32s_32_4_1_U1/pe_r0_0_mac_muladd_8s_8s_32s_32_4_1_DSP48_0_U/p_reg_reg is absorbed into DSP u/grp_pe_r0_0_Pipeline_VITIS_LOOP_32_1_fu_67/mac_muladd_8s_8s_32s_32_4_1_U1/pe_r0_0_mac_muladd_8s_8s_32s_32_4_1_DSP48_0_U/p_reg_reg.
DSP Report: register u/grp_pe_r0_0_Pipeline_VITIS_LOOP_32_1_fu_67/mac_muladd_8s_8s_32s_32_4_1_U1/pe_r0_0_mac_muladd_8s_8s_32s_32_4_1_DSP48_0_U/m_reg_reg is absorbed into DSP u/grp_pe_r0_0_Pipeline_VITIS_LOOP_32_1_fu_67/mac_muladd_8s_8s_32s_32_4_1_U1/pe_r0_0_mac_muladd_8s_8s_32s_32_4_1_DSP48_0_U/p_reg_reg.
DSP Report: operator u/grp_pe_r0_0_Pipeline_VITIS_LOOP_32_1_fu_67/mac_muladd_8s_8s_32s_32_4_1_U1/pe_r0_0_mac_muladd_8s_8s_32s_32_4_1_DSP48_0_U/p is absorbed into DSP u/grp_pe_r0_0_Pipeline_VITIS_LOOP_32_1_fu_67/mac_muladd_8s_8s_32s_32_4_1_U1/pe_r0_0_mac_muladd_8s_8s_32s_32_4_1_DSP48_0_U/p_reg_reg.
DSP Report: operator u/grp_pe_r0_0_Pipeline_VITIS_LOOP_32_1_fu_67/mac_muladd_8s_8s_32s_32_4_1_U1/pe_r0_0_mac_muladd_8s_8s_32s_32_4_1_DSP48_0_U/m is absorbed into DSP u/grp_pe_r0_0_Pipeline_VITIS_LOOP_32_1_fu_67/mac_muladd_8s_8s_32s_32_4_1_U1/pe_r0_0_mac_muladd_8s_8s_32s_32_4_1_DSP48_0_U/p_reg_reg.
WARNING: [Synth 8-3936] Found unconnected internal register 'u/grp_pe_r0_0_Pipeline_VITIS_LOOP_57_2_fu_81/mac_muladd_8s_8s_32s_32_4_1_U9/pe_r0_0_mac_muladd_8s_8s_32s_32_4_1_DSP48_0_U/p_reg_reg' and it is trimmed from '46' to '32' bits. [/scratch/hc676/agentstudy/trials/z-ai_glm-5_3__spmw/build/sim/pe_r0_0_mac_muladd_8s_8s_32s_32_4_1.v:41]
WARNING: [Synth 8-3936] Found unconnected internal register 'u/grp_pe_r0_0_Pipeline_VITIS_LOOP_32_1_fu_67/mac_muladd_8s_8s_32s_32_4_1_U1/pe_r0_0_mac_muladd_8s_8s_32s_32_4_1_DSP48_0_U/p_reg_reg' and it is trimmed from '46' to '32' bits. [/scratch/hc676/agentstudy/trials/z-ai_glm-5_3__spmw/build/sim/pe_r0_0_mac_muladd_8s_8s_32s_32_4_1.v:41]
WARNING: [Synth 8-3936] Found unconnected internal register 'u/grp_pe_r0_0_Pipeline_VITIS_LOOP_32_1_fu_67/mac_muladd_8s_8s_32s_32_4_1_U1/pe_r0_0_mac_muladd_8s_8s_32s_32_4_1_DSP48_0_U/m_reg_reg' and it is trimmed from '45' to '32' bits. [/scratch/hc676/agentstudy/trials/z-ai_glm-5_3__spmw/build/sim/pe_r0_0_mac_muladd_8s_8s_32s_32_4_1.v:34]
WARNING: [Synth 8-3936] Found unconnected internal register 'u/grp_pe_r0_0_Pipeline_VITIS_LOOP_57_2_fu_81/mac_muladd_8s_8s_32s_32_4_1_U9/pe_r0_0_mac_muladd_8s_8s_32s_32_4_1_DSP48_0_U/m_reg_reg' and it is trimmed from '45' to '32' bits. [/scratch/hc676/agentstudy/trials/z-ai_glm-5_3__spmw/build/sim/pe_r0_0_mac_muladd_8s_8s_32s_32_4_1.v:34]
DSP Report: Generating DSP u/grp_pe_r0_0_Pipeline_VITIS_LOOP_57_2_fu_81/mac_muladd_8s_8s_32s_32_4_1_U9/pe_r0_0_mac_muladd_8s_8s_32s_32_4_1_DSP48_0_U/p_reg_reg, operation Mode is: (P or C)+(A2*B2)'.
DSP Report: register u/grp_pe_r0_0_Pipeline_VITIS_LOOP_57_2_fu_81/mac_muladd_8s_8s_32s_32_4_1_U9/pe_r0_0_mac_muladd_8s_8s_32s_32_4_1_DSP48_0_U/b_reg_reg is absorbed into DSP u/grp_pe_r0_0_Pipeline_VITIS_LOOP_57_2_fu_81/mac_muladd_8s_8s_32s_32_4_1_U9/pe_r0_0_mac_muladd_8s_8s_32s_32_4_1_DSP48_0_U/p_reg_reg.
DSP Report: register u/grp_pe_r0_0_Pipeline_VITIS_LOOP_57_2_fu_81/mac_muladd_8s_8s_32s_32_4_1_U9/pe_r0_0_mac_muladd_8s_8s_32s_32_4_1_DSP48_0_U/a_reg_reg is absorbed into DSP u/grp_pe_r0_0_Pipeline_VITIS_LOOP_57_2_fu_81/mac_muladd_8s_8s_32s_32_4_1_U9/pe_r0_0_mac_muladd_8s_8s_32s_32_4_1_DSP48_0_U/p_reg_reg.
DSP Report: register u/grp_pe_r0_0_Pipeline_VITIS_LOOP_57_2_fu_81/mac_muladd_8s_8s_32s_32_4_1_U9/pe_r0_0_mac_muladd_8s_8s_32s_32_4_1_DSP48_0_U/p_reg_reg is absorbed into DSP u/grp_pe_r0_0_Pipeline_VITIS_LOOP_57_2_fu_81/mac_muladd_8s_8s_32s_32_4_1_U9/pe_r0_0_mac_muladd_8s_8s_32s_32_4_1_DSP48_0_U/p_reg_reg.
DSP Report: register u/grp_pe_r0_0_Pipeline_VITIS_LOOP_57_2_fu_81/mac_muladd_8s_8s_32s_32_4_1_U9/pe_r0_0_mac_muladd_8s_8s_32s_32_4_1_DSP48_0_U/m_reg_reg is absorbed into DSP u/grp_pe_r0_0_Pipeline_VITIS_LOOP_57_2_fu_81/mac_muladd_8s_8s_32s_32_4_1_U9/pe_r0_0_mac_muladd_8s_8s_32s_32_4_1_DSP48_0_U/p_reg_reg.
DSP Report: operator u/grp_pe_r0_0_Pipeline_VITIS_LOOP_57_2_fu_81/mac_muladd_8s_8s_32s_32_4_1_U9/pe_r0_0_mac_muladd_8s_8s_32s_32_4_1_DSP48_0_U/p is absorbed into DSP u/grp_pe_r0_0_Pipeline_VITIS_LOOP_57_2_fu_81/mac_muladd_8s_8s_32s_32_4_1_U9/pe_r0_0_mac_muladd_8s_8s_32s_32_4_1_DSP48_0_U/p_reg_reg.
DSP Report: operator u/grp_pe_r0_0_Pipeline_VITIS_LOOP_57_2_fu_81/mac_muladd_8s_8s_32s_32_4_1_U9/pe_r0_0_mac_muladd_8s_8s_32s_32_4_1_DSP48_0_U/m is absorbed into DSP u/grp_pe_r0_0_Pipeline_VITIS_LOOP_57_2_fu_81/mac_muladd_8s_8s_32s_32_4_1_U9/pe_r0_0_mac_muladd_8s_8s_32s_32_4_1_DSP48_0_U/p_reg_reg.
DSP Report: Generating DSP u/grp_pe_r0_0_Pipeline_VITIS_LOOP_32_1_fu_67/mac_muladd_8s_8s_32s_32_4_1_U1/pe_r0_0_mac_muladd_8s_8s_32s_32_4_1_DSP48_0_U/p_reg_reg, operation Mode is: (P or C)+(A2*B2)'.
DSP Report: register u/grp_pe_r0_0_Pipeline_VITIS_LOOP_32_1_fu_67/mac_muladd_8s_8s_32s_32_4_1_U1/pe_r0_0_mac_muladd_8s_8s_32s_32_4_1_DSP48_0_U/b_reg_reg is absorbed into DSP u/grp_pe_r0_0_Pipeline_VITIS_LOOP_32_1_fu_67/mac_muladd_8s_8s_32s_32_4_1_U1/pe_r0_0_mac_muladd_8s_8s_32s_32_4_1_DSP48_0_U/p_reg_reg.
DSP Report: register u/grp_pe_r0_0_Pipeline_VITIS_LOOP_32_1_fu_67/mac_muladd_8s_8s_32s_32_4_1_U1/pe_r0_0_mac_muladd_8s_8s_32s_32_4_1_DSP48_0_U/a_reg_reg is absorbed into DSP u/grp_pe_r0_0_Pipeline_VITIS_LOOP_32_1_fu_67/mac_muladd_8s_8s_32s_32_4_1_U1/pe_r0_0_mac_muladd_8s_8s_32s_32_4_1_DSP48_0_U/p_reg_reg.
DSP Report: register u/grp_pe_r0_0_Pipeline_VITIS_LOOP_32_1_fu_67/mac_muladd_8s_8s_32s_32_4_1_U1/pe_r0_0_mac_muladd_8s_8s_32s_32_4_1_DSP48_0_U/p_reg_reg is absorbed into DSP u/grp_pe_r0_0_Pipeline_VITIS_LOOP_32_1_fu_67/mac_muladd_8s_8s_32s_32_4_1_U1/pe_r0_0_mac_muladd_8s_8s_32s_32_4_1_DSP48_0_U/p_reg_reg.
DSP Report: register u/grp_pe_r0_0_Pipeline_VITIS_LOOP_32_1_fu_67/mac_muladd_8s_8s_32s_32_4_1_U1/pe_r0_0_mac_muladd_8s_8s_32s_32_4_1_DSP48_0_U/m_reg_reg is absorbed into DSP u/grp_pe_r0_0_Pipeline_VITIS_LOOP_32_1_fu_67/mac_muladd_8s_8s_32s_32_4_1_U1/pe_r0_0_mac_muladd_8s_8s_32s_32_4_1_DSP48_0_U/p_reg_reg.
DSP Report: operator u/grp_pe_r0_0_Pipeline_VITIS_LOOP_32_1_fu_67/mac_muladd_8s_8s_32s_32_4_1_U1/pe_r0_0_mac_muladd_8s_8s_32s_32_4_1_DSP48_0_U/p is absorbed into DSP u/grp_pe_r0_0_Pipeline_VITIS_LOOP_32_1_fu_67/mac_muladd_8s_8s_32s_32_4_1_U1/pe_r0_0_mac_muladd_8s_8s_32s_32_4_1_DSP48_0_U/p_reg_reg.
DSP Report: operator u/grp_pe_r0_0_Pipeline_VITIS_LOOP_32_1_fu_67/mac_muladd_8s_8s_32s_32_4_1_U1/pe_r0_0_mac_muladd_8s_8s_32s_32_4_1_DSP48_0_U/m is absorbed into DSP u/grp_pe_r0_0_Pipeline_VITIS_LOOP_32_1_fu_67/mac_muladd_8s_8s_32s_32_4_1_U1/pe_r0_0_mac_muladd_8s_8s_32s_32_4_1_DSP48_0_U/p_reg_reg.
WARNING: [Synth 8-3936] Found unconnected internal register 'u/grp_pe_r0_0_Pipeline_VITIS_LOOP_57_2_fu_81/mac_muladd_8s_8s_32s_32_4_1_U9/pe_r0_0_mac_muladd_8s_8s_32s_32_4_1_DSP48_0_U/p_reg_reg' and it is trimmed from '46' to '32' bits. [/scratch/hc676/agentstudy/trials/z-ai_glm-5_3__spmw/build/sim/pe_r0_0_mac_muladd_8s_8s_32s_32_4_1.v:41]
WARNING: [Synth 8-3936] Found unconnected internal register 'u/grp_pe_r0_0_Pipeline_VITIS_LOOP_32_1_fu_67/mac_muladd_8s_8s_32s_32_4_1_U1/pe_r0_0_mac_muladd_8s_8s_32s_32_4_1_DSP48_0_U/p_reg_reg' and it is trimmed from '46' to '32' bits. [/scratch/hc676/agentstudy/trials/z-ai_glm-5_3__spmw/build/sim/pe_r0_0_mac_muladd_8s_8s_32s_32_4_1.v:41]
WARNING: [Synth 8-3936] Found unconnected internal register 'u/grp_pe_r0_0_Pipeline_VITIS_LOOP_32_1_fu_67/mac_muladd_8s_8s_32s_32_4_1_U1/pe_r0_0_mac_muladd_8s_8s_32s_32_4_1_DSP48_0_U/m_reg_reg' and it is trimmed from '45' to '32' bits. [/scratch/hc676/agentstudy/trials/z-ai_glm-5_3__spmw/build/sim/pe_r0_0_mac_muladd_8s_8s_32s_32_4_1.v:34]
WARNING: [Synth 8-3936] Found unconnected internal register 'u/grp_pe_r0_0_Pipeline_VITIS_LOOP_57_2_fu_81/mac_muladd_8s_8s_32s_32_4_1_U9/pe_r0_0_mac_muladd_8s_8s_32s_32_4_1_DSP48_0_U/m_reg_reg' and it is trimmed from '45' to '32' bits. [/scratch/hc676/agentstudy/trials/z-ai_glm-5_3__spmw/build/sim/pe_r0_0_mac_muladd_8s_8s_32s_32_4_1.v:34]
DSP Report: Generating DSP u/grp_pe_r0_0_Pipeline_VITIS_LOOP_57_2_fu_81/mac_muladd_8s_8s_32s_32_4_1_U9/pe_r0_0_mac_muladd_8s_8s_32s_32_4_1_DSP48_0_U/p_reg_reg, operation Mode is: (P or C)+(A2*B2)'.
DSP Report: register u/grp_pe_r0_0_Pipeline_VITIS_LOOP_57_2_fu_81/mac_muladd_8s_8s_32s_32_4_1_U9/pe_r0_0_mac_muladd_8s_8s_32s_32_4_1_DSP48_0_U/b_reg_reg is absorbed into DSP u/grp_pe_r0_0_Pipeline_VITIS_LOOP_57_2_fu_81/mac_muladd_8s_8s_32s_32_4_1_U9/pe_r0_0_mac_muladd_8s_8s_32s_32_4_1_DSP48_0_U/p_reg_reg.
DSP Report: register u/grp_pe_r0_0_Pipeline_VITIS_LOOP_57_2_fu_81/mac_muladd_8s_8s_32s_32_4_1_U9/pe_r0_0_mac_muladd_8s_8s_32s_32_4_1_DSP48_0_U/a_reg_reg is absorbed into DSP u/grp_pe_r0_0_Pipeline_VITIS_LOOP_57_2_fu_81/mac_muladd_8s_8s_32s_32_4_1_U9/pe_r0_0_mac_muladd_8s_8s_32s_32_4_1_DSP48_0_U/p_reg_reg.
DSP Report: register u/grp_pe_r0_0_Pipeline_VITIS_LOOP_57_2_fu_81/mac_muladd_8s_8s_32s_32_4_1_U9/pe_r0_0_mac_muladd_8s_8s_32s_32_4_1_DSP48_0_U/p_reg_reg is absorbed into DSP u/grp_pe_r0_0_Pipeline_VITIS_LOOP_57_2_fu_81/mac_muladd_8s_8s_32s_32_4_1_U9/pe_r0_0_mac_muladd_8s_8s_32s_32_4_1_DSP48_0_U/p_reg_reg.
DSP Report: register u/grp_pe_r0_0_Pipeline_VITIS_LOOP_57_2_fu_81/mac_muladd_8s_8s_32s_32_4_1_U9/pe_r0_0_mac_muladd_8s_8s_32s_32_4_1_DSP48_0_U/m_reg_reg is absorbed into DSP u/grp_pe_r0_0_Pipeline_VITIS_LOOP_57_2_fu_81/mac_muladd_8s_8s_32s_32_4_1_U9/pe_r0_0_mac_muladd_8s_8s_32s_32_4_1_DSP48_0_U/p_reg_reg.
DSP Report: operator u/grp_pe_r0_0_Pipeline_VITIS_LOOP_57_2_fu_81/mac_muladd_8s_8s_32s_32_4_1_U9/pe_r0_0_mac_muladd_8s_8s_32s_32_4_1_DSP48_0_U/p is absorbed into DSP u/grp_pe_r0_0_Pipeline_VITIS_LOOP_57_2_fu_81/mac_muladd_8s_8s_32s_32_4_1_U9/pe_r0_0_mac_muladd_8s_8s_32s_32_4_1_DSP48_0_U/p_reg_reg.
DSP Report: operator u/grp_pe_r0_0_Pipeline_VITIS_LOOP_57_2_fu_81/mac_muladd_8s_8s_32s_32_4_1_U9/pe_r0_0_mac_muladd_8s_8s_32s_32_4_1_DSP48_0_U/m is absorbed into DSP u/grp_pe_r0_0_Pipeline_VITIS_LOOP_57_2_fu_81/mac_muladd_8s_8s_32s_32_4_1_U9/pe_r0_0_mac_muladd_8s_8s_32s_32_4_1_DSP48_0_U/p_reg_reg.
DSP Report: Generating DSP u/grp_pe_r0_0_Pipeline_VITIS_LOOP_32_1_fu_67/mac_muladd_8s_8s_32s_32_4_1_U1/pe_r0_0_mac_muladd_8s_8s_32s_32_4_1_DSP48_0_U/p_reg_reg, operation Mode is: (P or C)+(A2*B2)'.
DSP Report: register u/grp_pe_r0_0_Pipeline_VITIS_LOOP_32_1_fu_67/mac_muladd_8s_8s_32s_32_4_1_U1/pe_r0_0_mac_muladd_8s_8s_32s_32_4_1_DSP48_0_U/b_reg_reg is absorbed into DSP u/grp_pe_r0_0_Pipeline_VITIS_LOOP_32_1_fu_67/mac_muladd_8s_8s_32s_32_4_1_U1/pe_r0_0_mac_muladd_8s_8s_32s_32_4_1_DSP48_0_U/p_reg_reg.
DSP Report: register u/grp_pe_r0_0_Pipeline_VITIS_LOOP_32_1_fu_67/mac_muladd_8s_8s_32s_32_4_1_U1/pe_r0_0_mac_muladd_8s_8s_32s_32_4_1_DSP48_0_U/a_reg_reg is absorbed into DSP u/grp_pe_r0_0_Pipeline_VITIS_LOOP_32_1_fu_67/mac_muladd_8s_8s_32s_32_4_1_U1/pe_r0_0_mac_muladd_8s_8s_32s_32_4_1_DSP48_0_U/p_reg_reg.
DSP Report: register u/grp_pe_r0_0_Pipeline_VITIS_LOOP_32_1_fu_67/mac_muladd_8s_8s_32s_32_4_1_U1/pe_r0_0_mac_muladd_8s_8s_32s_32_4_1_DSP48_0_U/p_reg_reg is absorbed into DSP u/grp_pe_r0_0_Pipeline_VITIS_LOOP_32_1_fu_67/mac_muladd_8s_8s_32s_32_4_1_U1/pe_r0_0_mac_muladd_8s_8s_32s_32_4_1_DSP48_0_U/p_reg_reg.
DSP Report: register u/grp_pe_r0_0_Pipeline_VITIS_LOOP_32_1_fu_67/mac_muladd_8s_8s_32s_32_4_1_U1/pe_r0_0_mac_muladd_8s_8s_32s_32_4_1_DSP48_0_U/m_reg_reg is absorbed into DSP u/grp_pe_r0_0_Pipeline_VITIS_LOOP_32_1_fu_67/mac_muladd_8s_8s_32s_32_4_1_U1/pe_r0_0_mac_muladd_8s_8s_32s_32_4_1_DSP48_0_U/p_reg_reg.
DSP Report: operator u/grp_pe_r0_0_Pipeline_VITIS_LOOP_32_1_fu_67/mac_muladd_8s_8s_32s_32_4_1_U1/pe_r0_0_mac_muladd_8s_8s_32s_32_4_1_DSP48_0_U/p is absorbed into DSP u/grp_pe_r0_0_Pipeline_VITIS_LOOP_32_1_fu_67/mac_muladd_8s_8s_32s_32_4_1_U1/pe_r0_0_mac_muladd_8s_8s_32s_32_4_1_DSP48_0_U/p_reg_reg.
DSP Report: operator u/grp_pe_r0_0_Pipeline_VITIS_LOOP_32_1_fu_67/mac_muladd_8s_8s_32s_32_4_1_U1/pe_r0_0_mac_muladd_8s_8s_32s_32_4_1_DSP48_0_U/m is absorbed into DSP u/grp_pe_r0_0_Pipeline_VITIS_LOOP_32_1_fu_67/mac_muladd_8s_8s_32s_32_4_1_U1/pe_r0_0_mac_muladd_8s_8s_32s_32_4_1_DSP48_0_U/p_reg_reg.
WARNING: [Synth 8-3936] Found unconnected internal register 'u/grp_pe_r0_0_Pipeline_VITIS_LOOP_57_2_fu_81/mac_muladd_8s_8s_32s_32_4_1_U9/pe_r0_0_mac_muladd_8s_8s_32s_32_4_1_DSP48_0_U/p_reg_reg' and it is trimmed from '46' to '32' bits. [/scratch/hc676/agentstudy/trials/z-ai_glm-5_3__spmw/build/sim/pe_r0_0_mac_muladd_8s_8s_32s_32_4_1.v:41]
WARNING: [Synth 8-3936] Found unconnected internal register 'u/grp_pe_r0_0_Pipeline_VITIS_LOOP_32_1_fu_67/mac_muladd_8s_8s_32s_32_4_1_U1/pe_r0_0_mac_muladd_8s_8s_32s_32_4_1_DSP48_0_U/p_reg_reg' and it is trimmed from '46' to '32' bits. [/scratch/hc676/agentstudy/trials/z-ai_glm-5_3__spmw/build/sim/pe_r0_0_mac_muladd_8s_8s_32s_32_4_1.v:41]
WARNING: [Synth 8-3936] Found unconnected internal register 'u/grp_pe_r0_0_Pipeline_VITIS_LOOP_32_1_fu_67/mac_muladd_8s_8s_32s_32_4_1_U1/pe_r0_0_mac_muladd_8s_8s_32s_32_4_1_DSP48_0_U/m_reg_reg' and it is trimmed from '45' to '32' bits. [/scratch/hc676/agentstudy/trials/z-ai_glm-5_3__spmw/build/sim/pe_r0_0_mac_muladd_8s_8s_32s_32_4_1.v:34]
WARNING: [Synth 8-3936] Found unconnected internal register 'u/grp_pe_r0_0_Pipeline_VITIS_LOOP_57_2_fu_81/mac_muladd_8s_8s_32s_32_4_1_U9/pe_r0_0_mac_muladd_8s_8s_32s_32_4_1_DSP48_0_U/m_reg_reg' and it is trimmed from '45' to '32' bits. [/scratch/hc676/agentstudy/trials/z-ai_glm-5_3__spmw/build/sim/pe_r0_0_mac_muladd_8s_8s_32s_32_4_1.v:34]
DSP Report: Generating DSP u/grp_pe_r0_0_Pipeline_VITIS_LOOP_57_2_fu_81/mac_muladd_8s_8s_32s_32_4_1_U9/pe_r0_0_mac_muladd_8s_8s_32s_32_4_1_DSP48_0_U/p_reg_reg, operation Mode is: (P or C)+(A2*B2)'.
DSP Report: register u/grp_pe_r0_0_Pipeline_VITIS_LOOP_57_2_fu_81/mac_muladd_8s_8s_32s_32_4_1_U9/pe_r0_0_mac_muladd_8s_8s_32s_32_4_1_DSP48_0_U/b_reg_reg is absorbed into DSP u/grp_pe_r0_0_Pipeline_VITIS_LOOP_57_2_fu_81/mac_muladd_8s_8s_32s_32_4_1_U9/pe_r0_0_mac_muladd_8s_8s_32s_32_4_1_DSP48_0_U/p_reg_reg.
DSP Report: register u/grp_pe_r0_0_Pipeline_VITIS_LOOP_57_2_fu_81/mac_muladd_8s_8s_32s_32_4_1_U9/pe_r0_0_mac_muladd_8s_8s_32s_32_4_1_DSP48_0_U/a_reg_reg is absorbed into DSP u/grp_pe_r0_0_Pipeline_VITIS_LOOP_57_2_fu_81/mac_muladd_8s_8s_32s_32_4_1_U9/pe_r0_0_mac_muladd_8s_8s_32s_32_4_1_DSP48_0_U/p_reg_reg.
DSP Report: register u/grp_pe_r0_0_Pipeline_VITIS_LOOP_57_2_fu_81/mac_muladd_8s_8s_32s_32_4_1_U9/pe_r0_0_mac_muladd_8s_8s_32s_32_4_1_DSP48_0_U/p_reg_reg is absorbed into DSP u/grp_pe_r0_0_Pipeline_VITIS_LOOP_57_2_fu_81/mac_muladd_8s_8s_32s_32_4_1_U9/pe_r0_0_mac_muladd_8s_8s_32s_32_4_1_DSP48_0_U/p_reg_reg.
DSP Report: register u/grp_pe_r0_0_Pipeline_VITIS_LOOP_57_2_fu_81/mac_muladd_8s_8s_32s_32_4_1_U9/pe_r0_0_mac_muladd_8s_8s_32s_32_4_1_DSP48_0_U/m_reg_reg is absorbed into DSP u/grp_pe_r0_0_Pipeline_VITIS_LOOP_57_2_fu_81/mac_muladd_8s_8s_32s_32_4_1_U9/pe_r0_0_mac_muladd_8s_8s_32s_32_4_1_DSP48_0_U/p_reg_reg.
DSP Report: operator u/grp_pe_r0_0_Pipeline_VITIS_LOOP_57_2_fu_81/mac_muladd_8s_8s_32s_32_4_1_U9/pe_r0_0_mac_muladd_8s_8s_32s_32_4_1_DSP48_0_U/p is absorbed into DSP u/grp_pe_r0_0_Pipeline_VITIS_LOOP_57_2_fu_81/mac_muladd_8s_8s_32s_32_4_1_U9/pe_r0_0_mac_muladd_8s_8s_32s_32_4_1_DSP48_0_U/p_reg_reg.
DSP Report: operator u/grp_pe_r0_0_Pipeline_VITIS_LOOP_57_2_fu_81/mac_muladd_8s_8s_32s_32_4_1_U9/pe_r0_0_mac_muladd_8s_8s_32s_32_4_1_DSP48_0_U/m is absorbed into DSP u/grp_pe_r0_0_Pipeline_VITIS_LOOP_57_2_fu_81/mac_muladd_8s_8s_32s_32_4_1_U9/pe_r0_0_mac_muladd_8s_8s_32s_32_4_1_DSP48_0_U/p_reg_reg.
DSP Report: Generating DSP u/grp_pe_r0_0_Pipeline_VITIS_LOOP_32_1_fu_67/mac_muladd_8s_8s_32s_32_4_1_U1/pe_r0_0_mac_muladd_8s_8s_32s_32_4_1_DSP48_0_U/p_reg_reg, operation Mode is: (P or C)+(A2*B2)'.
DSP Report: register u/grp_pe_r0_0_Pipeline_VITIS_LOOP_32_1_fu_67/mac_muladd_8s_8s_32s_32_4_1_U1/pe_r0_0_mac_muladd_8s_8s_32s_32_4_1_DSP48_0_U/b_reg_reg is absorbed into DSP u/grp_pe_r0_0_Pipeline_VITIS_LOOP_32_1_fu_67/mac_muladd_8s_8s_32s_32_4_1_U1/pe_r0_0_mac_muladd_8s_8s_32s_32_4_1_DSP48_0_U/p_reg_reg.
DSP Report: register u/grp_pe_r0_0_Pipeline_VITIS_LOOP_32_1_fu_67/mac_muladd_8s_8s_32s_32_4_1_U1/pe_r0_0_mac_muladd_8s_8s_32s_32_4_1_DSP48_0_U/a_reg_reg is absorbed into DSP u/grp_pe_r0_0_Pipeline_VITIS_LOOP_32_1_fu_67/mac_muladd_8s_8s_32s_32_4_1_U1/pe_r0_0_mac_muladd_8s_8s_32s_32_4_1_DSP48_0_U/p_reg_reg.
DSP Report: register u/grp_pe_r0_0_Pipeline_VITIS_LOOP_32_1_fu_67/mac_muladd_8s_8s_32s_32_4_1_U1/pe_r0_0_mac_muladd_8s_8s_32s_32_4_1_DSP48_0_U/p_reg_reg is absorbed into DSP u/grp_pe_r0_0_Pipeline_VITIS_LOOP_32_1_fu_67/mac_muladd_8s_8s_32s_32_4_1_U1/pe_r0_0_mac_muladd_8s_8s_32s_32_4_1_DSP48_0_U/p_reg_reg.
DSP Report: register u/grp_pe_r0_0_Pipeline_VITIS_LOOP_32_1_fu_67/mac_muladd_8s_8s_32s_32_4_1_U1/pe_r0_0_mac_muladd_8s_8s_32s_32_4_1_DSP48_0_U/m_reg_reg is absorbed into DSP u/grp_pe_r0_0_Pipeline_VITIS_LOOP_32_1_fu_67/mac_muladd_8s_8s_32s_32_4_1_U1/pe_r0_0_mac_muladd_8s_8s_32s_32_4_1_DSP48_0_U/p_reg_reg.
DSP Report: operator u/grp_pe_r0_0_Pipeline_VITIS_LOOP_32_1_fu_67/mac_muladd_8s_8s_32s_32_4_1_U1/pe_r0_0_mac_muladd_8s_8s_32s_32_4_1_DSP48_0_U/p is absorbed into DSP u/grp_pe_r0_0_Pipeline_VITIS_LOOP_32_1_fu_67/mac_muladd_8s_8s_32s_32_4_1_U1/pe_r0_0_mac_muladd_8s_8s_32s_32_4_1_DSP48_0_U/p_reg_reg.
DSP Report: operator u/grp_pe_r0_0_Pipeline_VITIS_LOOP_32_1_fu_67/mac_muladd_8s_8s_32s_32_4_1_U1/pe_r0_0_mac_muladd_8s_8s_32s_32_4_1_DSP48_0_U/m is absorbed into DSP u/grp_pe_r0_0_Pipeline_VITIS_LOOP_32_1_fu_67/mac_muladd_8s_8s_32s_32_4_1_U1/pe_r0_0_mac_muladd_8s_8s_32s_32_4_1_DSP48_0_U/p_reg_reg.
WARNING: [Synth 8-3936] Found unconnected internal register 'u/grp_pe_r0_0_Pipeline_VITIS_LOOP_57_2_fu_81/mac_muladd_8s_8s_32s_32_4_1_U9/pe_r0_0_mac_muladd_8s_8s_32s_32_4_1_DSP48_0_U/p_reg_reg' and it is trimmed from '46' to '32' bits. [/scratch/hc676/agentstudy/trials/z-ai_glm-5_3__spmw/build/sim/pe_r0_0_mac_muladd_8s_8s_32s_32_4_1.v:41]
WARNING: [Synth 8-3936] Found unconnected internal register 'u/grp_pe_r0_0_Pipeline_VITIS_LOOP_32_1_fu_67/mac_muladd_8s_8s_32s_32_4_1_U1/pe_r0_0_mac_muladd_8s_8s_32s_32_4_1_DSP48_0_U/p_reg_reg' and it is trimmed from '46' to '32' bits. [/scratch/hc676/agentstudy/trials/z-ai_glm-5_3__spmw/build/sim/pe_r0_0_mac_muladd_8s_8s_32s_32_4_1.v:41]
WARNING: [Synth 8-3936] Found unconnected internal register 'u/grp_pe_r0_0_Pipeline_VITIS_LOOP_32_1_fu_67/mac_muladd_8s_8s_32s_32_4_1_U1/pe_r0_0_mac_muladd_8s_8s_32s_32_4_1_DSP48_0_U/m_reg_reg' and it is trimmed from '45' to '32' bits. [/scratch/hc676/agentstudy/trials/z-ai_glm-5_3__spmw/build/sim/pe_r0_0_mac_muladd_8s_8s_32s_32_4_1.v:34]
WARNING: [Synth 8-3936] Found unconnected internal register 'u/grp_pe_r0_0_Pipeline_VITIS_LOOP_57_2_fu_81/mac_muladd_8s_8s_32s_32_4_1_U9/pe_r0_0_mac_muladd_8s_8s_32s_32_4_1_DSP48_0_U/m_reg_reg' and it is trimmed from '45' to '32' bits. [/scratch/hc676/agentstudy/trials/z-ai_glm-5_3__spmw/build/sim/pe_r0_0_mac_muladd_8s_8s_32s_32_4_1.v:34]
DSP Report: Generating DSP u/grp_pe_r0_0_Pipeline_VITIS_LOOP_57_2_fu_81/mac_muladd_8s_8s_32s_32_4_1_U9/pe_r0_0_mac_muladd_8s_8s_32s_32_4_1_DSP48_0_U/p_reg_reg, operation Mode is: (P or C)+(A2*B2)'.
DSP Report: register u/grp_pe_r0_0_Pipeline_VITIS_LOOP_57_2_fu_81/mac_muladd_8s_8s_32s_32_4_1_U9/pe_r0_0_mac_muladd_8s_8s_32s_32_4_1_DSP48_0_U/b_reg_reg is absorbed into DSP u/grp_pe_r0_0_Pipeline_VITIS_LOOP_57_2_fu_81/mac_muladd_8s_8s_32s_32_4_1_U9/pe_r0_0_mac_muladd_8s_8s_32s_32_4_1_DSP48_0_U/p_reg_reg.
DSP Report: register u/grp_pe_r0_0_Pipeline_VITIS_LOOP_57_2_fu_81/mac_muladd_8s_8s_32s_32_4_1_U9/pe_r0_0_mac_muladd_8s_8s_32s_32_4_1_DSP48_0_U/a_reg_reg is absorbed into DSP u/grp_pe_r0_0_Pipeline_VITIS_LOOP_57_2_fu_81/mac_muladd_8s_8s_32s_32_4_1_U9/pe_r0_0_mac_muladd_8s_8s_32s_32_4_1_DSP48_0_U/p_reg_reg.
DSP Report: register u/grp_pe_r0_0_Pipeline_VITIS_LOOP_57_2_fu_81/mac_muladd_8s_8s_32s_32_4_1_U9/pe_r0_0_mac_muladd_8s_8s_32s_32_4_1_DSP48_0_U/p_reg_reg is absorbed into DSP u/grp_pe_r0_0_Pipeline_VITIS_LOOP_57_2_fu_81/mac_muladd_8s_8s_32s_32_4_1_U9/pe_r0_0_mac_muladd_8s_8s_32s_32_4_1_DSP48_0_U/p_reg_reg.
DSP Report: register u/grp_pe_r0_0_Pipeline_VITIS_LOOP_57_2_fu_81/mac_muladd_8s_8s_32s_32_4_1_U9/pe_r0_0_mac_muladd_8s_8s_32s_32_4_1_DSP48_0_U/m_reg_reg is absorbed into DSP u/grp_pe_r0_0_Pipeline_VITIS_LOOP_57_2_fu_81/mac_muladd_8s_8s_32s_32_4_1_U9/pe_r0_0_mac_muladd_8s_8s_32s_32_4_1_DSP48_0_U/p_reg_reg.
DSP Report: operator u/grp_pe_r0_0_Pipeline_VITIS_LOOP_57_2_fu_81/mac_muladd_8s_8s_32s_32_4_1_U9/pe_r0_0_mac_muladd_8s_8s_32s_32_4_1_DSP48_0_U/p is absorbed into DSP u/grp_pe_r0_0_Pipeline_VITIS_LOOP_57_2_fu_81/mac_muladd_8s_8s_32s_32_4_1_U9/pe_r0_0_mac_muladd_8s_8s_32s_32_4_1_DSP48_0_U/p_reg_reg.
DSP Report: operator u/grp_pe_r0_0_Pipeline_VITIS_LOOP_57_2_fu_81/mac_muladd_8s_8s_32s_32_4_1_U9/pe_r0_0_mac_muladd_8s_8s_32s_32_4_1_DSP48_0_U/m is absorbed into DSP u/grp_pe_r0_0_Pipeline_VITIS_LOOP_57_2_fu_81/mac_muladd_8s_8s_32s_32_4_1_U9/pe_r0_0_mac_muladd_8s_8s_32s_32_4_1_DSP48_0_U/p_reg_reg.
DSP Report: Generating DSP u/grp_pe_r0_0_Pipeline_VITIS_LOOP_32_1_fu_67/mac_muladd_8s_8s_32s_32_4_1_U1/pe_r0_0_mac_muladd_8s_8s_32s_32_4_1_DSP48_0_U/p_reg_reg, operation Mode is: (P or C)+(A2*B2)'.
DSP Report: register u/grp_pe_r0_0_Pipeline_VITIS_LOOP_32_1_fu_67/mac_muladd_8s_8s_32s_32_4_1_U1/pe_r0_0_mac_muladd_8s_8s_32s_32_4_1_DSP48_0_U/b_reg_reg is absorbed into DSP u/grp_pe_r0_0_Pipeline_VITIS_LOOP_32_1_fu_67/mac_muladd_8s_8s_32s_32_4_1_U1/pe_r0_0_mac_muladd_8s_8s_32s_32_4_1_DSP48_0_U/p_reg_reg.
DSP Report: register u/grp_pe_r0_0_Pipeline_VITIS_LOOP_32_1_fu_67/mac_muladd_8s_8s_32s_32_4_1_U1/pe_r0_0_mac_muladd_8s_8s_32s_32_4_1_DSP48_0_U/a_reg_reg is absorbed into DSP u/grp_pe_r0_0_Pipeline_VITIS_LOOP_32_1_fu_67/mac_muladd_8s_8s_32s_32_4_1_U1/pe_r0_0_mac_muladd_8s_8s_32s_32_4_1_DSP48_0_U/p_reg_reg.
DSP Report: register u/grp_pe_r0_0_Pipeline_VITIS_LOOP_32_1_fu_67/mac_muladd_8s_8s_32s_32_4_1_U1/pe_r0_0_mac_muladd_8s_8s_32s_32_4_1_DSP48_0_U/p_reg_reg is absorbed into DSP u/grp_pe_r0_0_Pipeline_VITIS_LOOP_32_1_fu_67/mac_muladd_8s_8s_32s_32_4_1_U1/pe_r0_0_mac_muladd_8s_8s_32s_32_4_1_DSP48_0_U/p_reg_reg.
DSP Report: register u/grp_pe_r0_0_Pipeline_VITIS_LOOP_32_1_fu_67/mac_muladd_8s_8s_32s_32_4_1_U1/pe_r0_0_mac_muladd_8s_8s_32s_32_4_1_DSP48_0_U/m_reg_reg is absorbed into DSP u/grp_pe_r0_0_Pipeline_VITIS_LOOP_32_1_fu_67/mac_muladd_8s_8s_32s_32_4_1_U1/pe_r0_0_mac_muladd_8s_8s_32s_32_4_1_DSP48_0_U/p_reg_reg.
DSP Report: operator u/grp_pe_r0_0_Pipeline_VITIS_LOOP_32_1_fu_67/mac_muladd_8s_8s_32s_32_4_1_U1/pe_r0_0_mac_muladd_8s_8s_32s_32_4_1_DSP48_0_U/p is absorbed into DSP u/grp_pe_r0_0_Pipeline_VITIS_LOOP_32_1_fu_67/mac_muladd_8s_8s_32s_32_4_1_U1/pe_r0_0_mac_muladd_8s_8s_32s_32_4_1_DSP48_0_U/p_reg_reg.
DSP Report: operator u/grp_pe_r0_0_Pipeline_VITIS_LOOP_32_1_fu_67/mac_muladd_8s_8s_32s_32_4_1_U1/pe_r0_0_mac_muladd_8s_8s_32s_32_4_1_DSP48_0_U/m is absorbed into DSP u/grp_pe_r0_0_Pipeline_VITIS_LOOP_32_1_fu_67/mac_muladd_8s_8s_32s_32_4_1_U1/pe_r0_0_mac_muladd_8s_8s_32s_32_4_1_DSP48_0_U/p_reg_reg.
WARNING: [Synth 8-3936] Found unconnected internal register 'u/grp_pe_r0_0_Pipeline_VITIS_LOOP_57_2_fu_81/mac_muladd_8s_8s_32s_32_4_1_U9/pe_r0_0_mac_muladd_8s_8s_32s_32_4_1_DSP48_0_U/p_reg_reg' and it is trimmed from '46' to '32' bits. [/scratch/hc676/agentstudy/trials/z-ai_glm-5_3__spmw/build/sim/pe_r0_0_mac_muladd_8s_8s_32s_32_4_1.v:41]
WARNING: [Synth 8-3936] Found unconnected internal register 'u/grp_pe_r0_0_Pipeline_VITIS_LOOP_32_1_fu_67/mac_muladd_8s_8s_32s_32_4_1_U1/pe_r0_0_mac_muladd_8s_8s_32s_32_4_1_DSP48_0_U/p_reg_reg' and it is trimmed from '46' to '32' bits. [/scratch/hc676/agentstudy/trials/z-ai_glm-5_3__spmw/build/sim/pe_r0_0_mac_muladd_8s_8s_32s_32_4_1.v:41]
INFO: [Common 17-14] Message 'Synth 8-3936' appears 100 times and further instances of the messages will be disabled. Use the Tcl command set_msg_config to change the current settings.
DSP Report: Generating DSP u/grp_pe_r0_0_Pipeline_VITIS_LOOP_57_2_fu_81/mac_muladd_8s_8s_32s_32_4_1_U9/pe_r0_0_mac_muladd_8s_8s_32s_32_4_1_DSP48_0_U/p_reg_reg, operation Mode is: (P or C)+(A2*B2)'.
DSP Report: register u/grp_pe_r0_0_Pipeline_VITIS_LOOP_57_2_fu_81/mac_muladd_8s_8s_32s_32_4_1_U9/pe_r0_0_mac_muladd_8s_8s_32s_32_4_1_DSP48_0_U/b_reg_reg is absorbed into DSP u/grp_pe_r0_0_Pipeline_VITIS_LOOP_57_2_fu_81/mac_muladd_8s_8s_32s_32_4_1_U9/pe_r0_0_mac_muladd_8s_8s_32s_32_4_1_DSP48_0_U/p_reg_reg.
DSP Report: register u/grp_pe_r0_0_Pipeline_VITIS_LOOP_57_2_fu_81/mac_muladd_8s_8s_32s_32_4_1_U9/pe_r0_0_mac_muladd_8s_8s_32s_32_4_1_DSP48_0_U/a_reg_reg is absorbed into DSP u/grp_pe_r0_0_Pipeline_VITIS_LOOP_57_2_fu_81/mac_muladd_8s_8s_32s_32_4_1_U9/pe_r0_0_mac_muladd_8s_8s_32s_32_4_1_DSP48_0_U/p_reg_reg.
DSP Report: register u/grp_pe_r0_0_Pipeline_VITIS_LOOP_57_2_fu_81/mac_muladd_8s_8s_32s_32_4_1_U9/pe_r0_0_mac_muladd_8s_8s_32s_32_4_1_DSP48_0_U/p_reg_reg is absorbed into DSP u/grp_pe_r0_0_Pipeline_VITIS_LOOP_57_2_fu_81/mac_muladd_8s_8s_32s_32_4_1_U9/pe_r0_0_mac_muladd_8s_8s_32s_32_4_1_DSP48_0_U/p_reg_reg.
DSP Report: register u/grp_pe_r0_0_Pipeline_VITIS_LOOP_57_2_fu_81/mac_muladd_8s_8s_32s_32_4_1_U9/pe_r0_0_mac_muladd_8s_8s_32s_32_4_1_DSP48_0_U/m_reg_reg is absorbed into DSP u/grp_pe_r0_0_Pipeline_VITIS_LOOP_57_2_fu_81/mac_muladd_8s_8s_32s_32_4_1_U9/pe_r0_0_mac_muladd_8s_8s_32s_32_4_1_DSP48_0_U/p_reg_reg.
DSP Report: operator u/grp_pe_r0_0_Pipeline_VITIS_LOOP_57_2_fu_81/mac_muladd_8s_8s_32s_32_4_1_U9/pe_r0_0_mac_muladd_8s_8s_32s_32_4_1_DSP48_0_U/p is absorbed into DSP u/grp_pe_r0_0_Pipeline_VITIS_LOOP_57_2_fu_81/mac_muladd_8s_8s_32s_32_4_1_U9/pe_r0_0_mac_muladd_8s_8s_32s_32_4_1_DSP48_0_U/p_reg_reg.
DSP Report: operator u/grp_pe_r0_0_Pipeline_VITIS_LOOP_57_2_fu_81/mac_muladd_8s_8s_32s_32_4_1_U9/pe_r0_0_mac_muladd_8s_8s_32s_32_4_1_DSP48_0_U/m is absorbed into DSP u/grp_pe_r0_0_Pipeline_VITIS_LOOP_57_2_fu_81/mac_muladd_8s_8s_32s_32_4_1_U9/pe_r0_0_mac_muladd_8s_8s_32s_32_4_1_DSP48_0_U/p_reg_reg.
DSP Report: Generating DSP u/grp_pe_r0_0_Pipeline_VITIS_LOOP_32_1_fu_67/mac_muladd_8s_8s_32s_32_4_1_U1/pe_r0_0_mac_muladd_8s_8s_32s_32_4_1_DSP48_0_U/p_reg_reg, operation Mode is: (P or C)+(A2*B2)'.
DSP Report: register u/grp_pe_r0_0_Pipeline_VITIS_LOOP_32_1_fu_67/mac_muladd_8s_8s_32s_32_4_1_U1/pe_r0_0_mac_muladd_8s_8s_32s_32_4_1_DSP48_0_U/b_reg_reg is absorbed into DSP u/grp_pe_r0_0_Pipeline_VITIS_LOOP_32_1_fu_67/mac_muladd_8s_8s_32s_32_4_1_U1/pe_r0_0_mac_muladd_8s_8s_32s_32_4_1_DSP48_0_U/p_reg_reg.
DSP Report: register u/grp_pe_r0_0_Pipeline_VITIS_LOOP_32_1_fu_67/mac_muladd_8s_8s_32s_32_4_1_U1/pe_r0_0_mac_muladd_8s_8s_32s_32_4_1_DSP48_0_U/a_reg_reg is absorbed into DSP u/grp_pe_r0_0_Pipeline_VITIS_LOOP_32_1_fu_67/mac_muladd_8s_8s_32s_32_4_1_U1/pe_r0_0_mac_muladd_8s_8s_32s_32_4_1_DSP48_0_U/p_reg_reg.
DSP Report: register u/grp_pe_r0_0_Pipeline_VITIS_LOOP_32_1_fu_67/mac_muladd_8s_8s_32s_32_4_1_U1/pe_r0_0_mac_muladd_8s_8s_32s_32_4_1_DSP48_0_U/p_reg_reg is absorbed into DSP u/grp_pe_r0_0_Pipeline_VITIS_LOOP_32_1_fu_67/mac_muladd_8s_8s_32s_32_4_1_U1/pe_r0_0_mac_muladd_8s_8s_32s_32_4_1_DSP48_0_U/p_reg_reg.
DSP Report: register u/grp_pe_r0_0_Pipeline_VITIS_LOOP_32_1_fu_67/mac_muladd_8s_8s_32s_32_4_1_U1/pe_r0_0_mac_muladd_8s_8s_32s_32_4_1_DSP48_0_U/m_reg_reg is absorbed into DSP u/grp_pe_r0_0_Pipeline_VITIS_LOOP_32_1_fu_67/mac_muladd_8s_8s_32s_32_4_1_U1/pe_r0_0_mac_muladd_8s_8s_32s_32_4_1_DSP48_0_U/p_reg_reg.
DSP Report: operator u/grp_pe_r0_0_Pipeline_VITIS_LOOP_32_1_fu_67/mac_muladd_8s_8s_32s_32_4_1_U1/pe_r0_0_mac_muladd_8s_8s_32s_32_4_1_DSP48_0_U/p is absorbed into DSP u/grp_pe_r0_0_Pipeline_VITIS_LOOP_32_1_fu_67/mac_muladd_8s_8s_32s_32_4_1_U1/pe_r0_0_mac_muladd_8s_8s_32s_32_4_1_DSP48_0_U/p_reg_reg.
DSP Report: operator u/grp_pe_r0_0_Pipeline_VITIS_LOOP_32_1_fu_67/mac_muladd_8s_8s_32s_32_4_1_U1/pe_r0_0_mac_muladd_8s_8s_32s_32_4_1_DSP48_0_U/m is absorbed into DSP u/grp_pe_r0_0_Pipeline_VITIS_LOOP_32_1_fu_67/mac_muladd_8s_8s_32s_32_4_1_U1/pe_r0_0_mac_muladd_8s_8s_32s_32_4_1_DSP48_0_U/p_reg_reg.
DSP Report: Generating DSP u/grp_pe_r0_0_Pipeline_VITIS_LOOP_57_2_fu_81/mac_muladd_8s_8s_32s_32_4_1_U9/pe_r0_0_mac_muladd_8s_8s_32s_32_4_1_DSP48_0_U/p_reg_reg, operation Mode is: (P or C)+(A2*B2)'.
DSP Report: register u/grp_pe_r0_0_Pipeline_VITIS_LOOP_57_2_fu_81/mac_muladd_8s_8s_32s_32_4_1_U9/pe_r0_0_mac_muladd_8s_8s_32s_32_4_1_DSP48_0_U/b_reg_reg is absorbed into DSP u/grp_pe_r0_0_Pipeline_VITIS_LOOP_57_2_fu_81/mac_muladd_8s_8s_32s_32_4_1_U9/pe_r0_0_mac_muladd_8s_8s_32s_32_4_1_DSP48_0_U/p_reg_reg.
DSP Report: register u/grp_pe_r0_0_Pipeline_VITIS_LOOP_57_2_fu_81/mac_muladd_8s_8s_32s_32_4_1_U9/pe_r0_0_mac_muladd_8s_8s_32s_32_4_1_DSP48_0_U/a_reg_reg is absorbed into DSP u/grp_pe_r0_0_Pipeline_VITIS_LOOP_57_2_fu_81/mac_muladd_8s_8s_32s_32_4_1_U9/pe_r0_0_mac_muladd_8s_8s_32s_32_4_1_DSP48_0_U/p_reg_reg.
DSP Report: register u/grp_pe_r0_0_Pipeline_VITIS_LOOP_57_2_fu_81/mac_muladd_8s_8s_32s_32_4_1_U9/pe_r0_0_mac_muladd_8s_8s_32s_32_4_1_DSP48_0_U/p_reg_reg is absorbed into DSP u/grp_pe_r0_0_Pipeline_VITIS_LOOP_57_2_fu_81/mac_muladd_8s_8s_32s_32_4_1_U9/pe_r0_0_mac_muladd_8s_8s_32s_32_4_1_DSP48_0_U/p_reg_reg.
DSP Report: register u/grp_pe_r0_0_Pipeline_VITIS_LOOP_57_2_fu_81/mac_muladd_8s_8s_32s_32_4_1_U9/pe_r0_0_mac_muladd_8s_8s_32s_32_4_1_DSP48_0_U/m_reg_reg is absorbed into DSP u/grp_pe_r0_0_Pipeline_VITIS_LOOP_57_2_fu_81/mac_muladd_8s_8s_32s_32_4_1_U9/pe_r0_0_mac_muladd_8s_8s_32s_32_4_1_DSP48_0_U/p_reg_reg.
DSP Report: operator u/grp_pe_r0_0_Pipeline_VITIS_LOOP_57_2_fu_81/mac_muladd_8s_8s_32s_32_4_1_U9/pe_r0_0_mac_muladd_8s_8s_32s_32_4_1_DSP48_0_U/p is absorbed into DSP u/grp_pe_r0_0_Pipeline_VITIS_LOOP_57_2_fu_81/mac_muladd_8s_8s_32s_32_4_1_U9/pe_r0_0_mac_muladd_8s_8s_32s_32_4_1_DSP48_0_U/p_reg_reg.
DSP Report: operator u/grp_pe_r0_0_Pipeline_VITIS_LOOP_57_2_fu_81/mac_muladd_8s_8s_32s_32_4_1_U9/pe_r0_0_mac_muladd_8s_8s_32s_32_4_1_DSP48_0_U/m is absorbed into DSP u/grp_pe_r0_0_Pipeline_VITIS_LOOP_57_2_fu_81/mac_muladd_8s_8s_32s_32_4_1_U9/pe_r0_0_mac_muladd_8s_8s_32s_32_4_1_DSP48_0_U/p_reg_reg.
DSP Report: Generating DSP u/grp_pe_r0_0_Pipeline_VITIS_LOOP_32_1_fu_67/mac_muladd_8s_8s_32s_32_4_1_U1/pe_r0_0_mac_muladd_8s_8s_32s_32_4_1_DSP48_0_U/p_reg_reg, operation Mode is: (P or C)+(A2*B2)'.
DSP Report: register u/grp_pe_r0_0_Pipeline_VITIS_LOOP_32_1_fu_67/mac_muladd_8s_8s_32s_32_4_1_U1/pe_r0_0_mac_muladd_8s_8s_32s_32_4_1_DSP48_0_U/b_reg_reg is absorbed into DSP u/grp_pe_r0_0_Pipeline_VITIS_LOOP_32_1_fu_67/mac_muladd_8s_8s_32s_32_4_1_U1/pe_r0_0_mac_muladd_8s_8s_32s_32_4_1_DSP48_0_U/p_reg_reg.
DSP Report: register u/grp_pe_r0_0_Pipeline_VITIS_LOOP_32_1_fu_67/mac_muladd_8s_8s_32s_32_4_1_U1/pe_r0_0_mac_muladd_8s_8s_32s_32_4_1_DSP48_0_U/a_reg_reg is absorbed into DSP u/grp_pe_r0_0_Pipeline_VITIS_LOOP_32_1_fu_67/mac_muladd_8s_8s_32s_32_4_1_U1/pe_r0_0_mac_muladd_8s_8s_32s_32_4_1_DSP48_0_U/p_reg_reg.
DSP Report: register u/grp_pe_r0_0_Pipeline_VITIS_LOOP_32_1_fu_67/mac_muladd_8s_8s_32s_32_4_1_U1/pe_r0_0_mac_muladd_8s_8s_32s_32_4_1_DSP48_0_U/p_reg_reg is absorbed into DSP u/grp_pe_r0_0_Pipeline_VITIS_LOOP_32_1_fu_67/mac_muladd_8s_8s_32s_32_4_1_U1/pe_r0_0_mac_muladd_8s_8s_32s_32_4_1_DSP48_0_U/p_reg_reg.
DSP Report: register u/grp_pe_r0_0_Pipeline_VITIS_LOOP_32_1_fu_67/mac_muladd_8s_8s_32s_32_4_1_U1/pe_r0_0_mac_muladd_8s_8s_32s_32_4_1_DSP48_0_U/m_reg_reg is absorbed into DSP u/grp_pe_r0_0_Pipeline_VITIS_LOOP_32_1_fu_67/mac_muladd_8s_8s_32s_32_4_1_U1/pe_r0_0_mac_muladd_8s_8s_32s_32_4_1_DSP48_0_U/p_reg_reg.
DSP Report: operator u/grp_pe_r0_0_Pipeline_VITIS_LOOP_32_1_fu_67/mac_muladd_8s_8s_32s_32_4_1_U1/pe_r0_0_mac_muladd_8s_8s_32s_32_4_1_DSP48_0_U/p is absorbed into DSP u/grp_pe_r0_0_Pipeline_VITIS_LOOP_32_1_fu_67/mac_muladd_8s_8s_32s_32_4_1_U1/pe_r0_0_mac_muladd_8s_8s_32s_32_4_1_DSP48_0_U/p_reg_reg.
DSP Report: operator u/grp_pe_r0_0_Pipeline_VITIS_LOOP_32_1_fu_67/mac_muladd_8s_8s_32s_32_4_1_U1/pe_r0_0_mac_muladd_8s_8s_32s_32_4_1_DSP48_0_U/m is absorbed into DSP u/grp_pe_r0_0_Pipeline_VITIS_LOOP_32_1_fu_67/mac_muladd_8s_8s_32s_32_4_1_U1/pe_r0_0_mac_muladd_8s_8s_32s_32_4_1_DSP48_0_U/p_reg_reg.
DSP Report: Generating DSP u/grp_pe_r0_0_Pipeline_VITIS_LOOP_57_2_fu_81/mac_muladd_8s_8s_32s_32_4_1_U9/pe_r0_0_mac_muladd_8s_8s_32s_32_4_1_DSP48_0_U/p_reg_reg, operation Mode is: (P or C)+(A2*B2)'.
DSP Report: register u/grp_pe_r0_0_Pipeline_VITIS_LOOP_57_2_fu_81/mac_muladd_8s_8s_32s_32_4_1_U9/pe_r0_0_mac_muladd_8s_8s_32s_32_4_1_DSP48_0_U/b_reg_reg is absorbed into DSP u/grp_pe_r0_0_Pipeline_VITIS_LOOP_57_2_fu_81/mac_muladd_8s_8s_32s_32_4_1_U9/pe_r0_0_mac_muladd_8s_8s_32s_32_4_1_DSP48_0_U/p_reg_reg.
DSP Report: register u/grp_pe_r0_0_Pipeline_VITIS_LOOP_57_2_fu_81/mac_muladd_8s_8s_32s_32_4_1_U9/pe_r0_0_mac_muladd_8s_8s_32s_32_4_1_DSP48_0_U/a_reg_reg is absorbed into DSP u/grp_pe_r0_0_Pipeline_VITIS_LOOP_57_2_fu_81/mac_muladd_8s_8s_32s_32_4_1_U9/pe_r0_0_mac_muladd_8s_8s_32s_32_4_1_DSP48_0_U/p_reg_reg.
DSP Report: register u/grp_pe_r0_0_Pipeline_VITIS_LOOP_57_2_fu_81/mac_muladd_8s_8s_32s_32_4_1_U9/pe_r0_0_mac_muladd_8s_8s_32s_32_4_1_DSP48_0_U/p_reg_reg is absorbed into DSP u/grp_pe_r0_0_Pipeline_VITIS_LOOP_57_2_fu_81/mac_muladd_8s_8s_32s_32_4_1_U9/pe_r0_0_mac_muladd_8s_8s_32s_32_4_1_DSP48_0_U/p_reg_reg.
DSP Report: register u/grp_pe_r0_0_Pipeline_VITIS_LOOP_57_2_fu_81/mac_muladd_8s_8s_32s_32_4_1_U9/pe_r0_0_mac_muladd_8s_8s_32s_32_4_1_DSP48_0_U/m_reg_reg is absorbed into DSP u/grp_pe_r0_0_Pipeline_VITIS_LOOP_57_2_fu_81/mac_muladd_8s_8s_32s_32_4_1_U9/pe_r0_0_mac_muladd_8s_8s_32s_32_4_1_DSP48_0_U/p_reg_reg.
DSP Report: operator u/grp_pe_r0_0_Pipeline_VITIS_LOOP_57_2_fu_81/mac_muladd_8s_8s_32s_32_4_1_U9/pe_r0_0_mac_muladd_8s_8s_32s_32_4_1_DSP48_0_U/p is absorbed into DSP u/grp_pe_r0_0_Pipeline_VITIS_LOOP_57_2_fu_81/mac_muladd_8s_8s_32s_32_4_1_U9/pe_r0_0_mac_muladd_8s_8s_32s_32_4_1_DSP48_0_U/p_reg_reg.
DSP Report: operator u/grp_pe_r0_0_Pipeline_VITIS_LOOP_57_2_fu_81/mac_muladd_8s_8s_32s_32_4_1_U9/pe_r0_0_mac_muladd_8s_8s_32s_32_4_1_DSP48_0_U/m is absorbed into DSP u/grp_pe_r0_0_Pipeline_VITIS_LOOP_57_2_fu_81/mac_muladd_8s_8s_32s_32_4_1_U9/pe_r0_0_mac_muladd_8s_8s_32s_32_4_1_DSP48_0_U/p_reg_reg.
DSP Report: Generating DSP u/grp_pe_r0_0_Pipeline_VITIS_LOOP_32_1_fu_67/mac_muladd_8s_8s_32s_32_4_1_U1/pe_r0_0_mac_muladd_8s_8s_32s_32_4_1_DSP48_0_U/p_reg_reg, operation Mode is: (P or C)+(A2*B2)'.
DSP Report: register u/grp_pe_r0_0_Pipeline_VITIS_LOOP_32_1_fu_67/mac_muladd_8s_8s_32s_32_4_1_U1/pe_r0_0_mac_muladd_8s_8s_32s_32_4_1_DSP48_0_U/b_reg_reg is absorbed into DSP u/grp_pe_r0_0_Pipeline_VITIS_LOOP_32_1_fu_67/mac_muladd_8s_8s_32s_32_4_1_U1/pe_r0_0_mac_muladd_8s_8s_32s_32_4_1_DSP48_0_U/p_reg_reg.
DSP Report: register u/grp_pe_r0_0_Pipeline_VITIS_LOOP_32_1_fu_67/mac_muladd_8s_8s_32s_32_4_1_U1/pe_r0_0_mac_muladd_8s_8s_32s_32_4_1_DSP48_0_U/a_reg_reg is absorbed into DSP u/grp_pe_r0_0_Pipeline_VITIS_LOOP_32_1_fu_67/mac_muladd_8s_8s_32s_32_4_1_U1/pe_r0_0_mac_muladd_8s_8s_32s_32_4_1_DSP48_0_U/p_reg_reg.
DSP Report: register u/grp_pe_r0_0_Pipeline_VITIS_LOOP_32_1_fu_67/mac_muladd_8s_8s_32s_32_4_1_U1/pe_r0_0_mac_muladd_8s_8s_32s_32_4_1_DSP48_0_U/p_reg_reg is absorbed into DSP u/grp_pe_r0_0_Pipeline_VITIS_LOOP_32_1_fu_67/mac_muladd_8s_8s_32s_32_4_1_U1/pe_r0_0_mac_muladd_8s_8s_32s_32_4_1_DSP48_0_U/p_reg_reg.
DSP Report: register u/grp_pe_r0_0_Pipeline_VITIS_LOOP_32_1_fu_67/mac_muladd_8s_8s_32s_32_4_1_U1/pe_r0_0_mac_muladd_8s_8s_32s_32_4_1_DSP48_0_U/m_reg_reg is absorbed into DSP u/grp_pe_r0_0_Pipeline_VITIS_LOOP_32_1_fu_67/mac_muladd_8s_8s_32s_32_4_1_U1/pe_r0_0_mac_muladd_8s_8s_32s_32_4_1_DSP48_0_U/p_reg_reg.
DSP Report: operator u/grp_pe_r0_0_Pipeline_VITIS_LOOP_32_1_fu_67/mac_muladd_8s_8s_32s_32_4_1_U1/pe_r0_0_mac_muladd_8s_8s_32s_32_4_1_DSP48_0_U/p is absorbed into DSP u/grp_pe_r0_0_Pipeline_VITIS_LOOP_32_1_fu_67/mac_muladd_8s_8s_32s_32_4_1_U1/pe_r0_0_mac_muladd_8s_8s_32s_32_4_1_DSP48_0_U/p_reg_reg.
DSP Report: operator u/grp_pe_r0_0_Pipeline_VITIS_LOOP_32_1_fu_67/mac_muladd_8s_8s_32s_32_4_1_U1/pe_r0_0_mac_muladd_8s_8s_32s_32_4_1_DSP48_0_U/m is absorbed into DSP u/grp_pe_r0_0_Pipeline_VITIS_LOOP_32_1_fu_67/mac_muladd_8s_8s_32s_32_4_1_U1/pe_r0_0_mac_muladd_8s_8s_32s_32_4_1_DSP48_0_U/p_reg_reg.
DSP Report: Generating DSP u/grp_pe_r0_0_Pipeline_VITIS_LOOP_57_2_fu_81/mac_muladd_8s_8s_32s_32_4_1_U9/pe_r0_0_mac_muladd_8s_8s_32s_32_4_1_DSP48_0_U/p_reg_reg, operation Mode is: (P or C)+(A2*B2)'.
DSP Report: register u/grp_pe_r0_0_Pipeline_VITIS_LOOP_57_2_fu_81/mac_muladd_8s_8s_32s_32_4_1_U9/pe_r0_0_mac_muladd_8s_8s_32s_32_4_1_DSP48_0_U/b_reg_reg is absorbed into DSP u/grp_pe_r0_0_Pipeline_VITIS_LOOP_57_2_fu_81/mac_muladd_8s_8s_32s_32_4_1_U9/pe_r0_0_mac_muladd_8s_8s_32s_32_4_1_DSP48_0_U/p_reg_reg.
DSP Report: register u/grp_pe_r0_0_Pipeline_VITIS_LOOP_57_2_fu_81/mac_muladd_8s_8s_32s_32_4_1_U9/pe_r0_0_mac_muladd_8s_8s_32s_32_4_1_DSP48_0_U/a_reg_reg is absorbed into DSP u/grp_pe_r0_0_Pipeline_VITIS_LOOP_57_2_fu_81/mac_muladd_8s_8s_32s_32_4_1_U9/pe_r0_0_mac_muladd_8s_8s_32s_32_4_1_DSP48_0_U/p_reg_reg.
DSP Report: register u/grp_pe_r0_0_Pipeline_VITIS_LOOP_57_2_fu_81/mac_muladd_8s_8s_32s_32_4_1_U9/pe_r0_0_mac_muladd_8s_8s_32s_32_4_1_DSP48_0_U/p_reg_reg is absorbed into DSP u/grp_pe_r0_0_Pipeline_VITIS_LOOP_57_2_fu_81/mac_muladd_8s_8s_32s_32_4_1_U9/pe_r0_0_mac_muladd_8s_8s_32s_32_4_1_DSP48_0_U/p_reg_reg.
DSP Report: register u/grp_pe_r0_0_Pipeline_VITIS_LOOP_57_2_fu_81/mac_muladd_8s_8s_32s_32_4_1_U9/pe_r0_0_mac_muladd_8s_8s_32s_32_4_1_DSP48_0_U/m_reg_reg is absorbed into DSP u/grp_pe_r0_0_Pipeline_VITIS_LOOP_57_2_fu_81/mac_muladd_8s_8s_32s_32_4_1_U9/pe_r0_0_mac_muladd_8s_8s_32s_32_4_1_DSP48_0_U/p_reg_reg.
DSP Report: operator u/grp_pe_r0_0_Pipeline_VITIS_LOOP_57_2_fu_81/mac_muladd_8s_8s_32s_32_4_1_U9/pe_r0_0_mac_muladd_8s_8s_32s_32_4_1_DSP48_0_U/p is absorbed into DSP u/grp_pe_r0_0_Pipeline_VITIS_LOOP_57_2_fu_81/mac_muladd_8s_8s_32s_32_4_1_U9/pe_r0_0_mac_muladd_8s_8s_32s_32_4_1_DSP48_0_U/p_reg_reg.
DSP Report: operator u/grp_pe_r0_0_Pipeline_VITIS_LOOP_57_2_fu_81/mac_muladd_8s_8s_32s_32_4_1_U9/pe_r0_0_mac_muladd_8s_8s_32s_32_4_1_DSP48_0_U/m is absorbed into DSP u/grp_pe_r0_0_Pipeline_VITIS_LOOP_57_2_fu_81/mac_muladd_8s_8s_32s_32_4_1_U9/pe_r0_0_mac_muladd_8s_8s_32s_32_4_1_DSP48_0_U/p_reg_reg.
DSP Report: Generating DSP u/grp_pe_r0_0_Pipeline_VITIS_LOOP_32_1_fu_67/mac_muladd_8s_8s_32s_32_4_1_U1/pe_r0_0_mac_muladd_8s_8s_32s_32_4_1_DSP48_0_U/p_reg_reg, operation Mode is: (P or C)+(A2*B2)'.
DSP Report: register u/grp_pe_r0_0_Pipeline_VITIS_LOOP_32_1_fu_67/mac_muladd_8s_8s_32s_32_4_1_U1/pe_r0_0_mac_muladd_8s_8s_32s_32_4_1_DSP48_0_U/b_reg_reg is absorbed into DSP u/grp_pe_r0_0_Pipeline_VITIS_LOOP_32_1_fu_67/mac_muladd_8s_8s_32s_32_4_1_U1/pe_r0_0_mac_muladd_8s_8s_32s_32_4_1_DSP48_0_U/p_reg_reg.
DSP Report: register u/grp_pe_r0_0_Pipeline_VITIS_LOOP_32_1_fu_67/mac_muladd_8s_8s_32s_32_4_1_U1/pe_r0_0_mac_muladd_8s_8s_32s_32_4_1_DSP48_0_U/a_reg_reg is absorbed into DSP u/grp_pe_r0_0_Pipeline_VITIS_LOOP_32_1_fu_67/mac_muladd_8s_8s_32s_32_4_1_U1/pe_r0_0_mac_muladd_8s_8s_32s_32_4_1_DSP48_0_U/p_reg_reg.
DSP Report: register u/grp_pe_r0_0_Pipeline_VITIS_LOOP_32_1_fu_67/mac_muladd_8s_8s_32s_32_4_1_U1/pe_r0_0_mac_muladd_8s_8s_32s_32_4_1_DSP48_0_U/p_reg_reg is absorbed into DSP u/grp_pe_r0_0_Pipeline_VITIS_LOOP_32_1_fu_67/mac_muladd_8s_8s_32s_32_4_1_U1/pe_r0_0_mac_muladd_8s_8s_32s_32_4_1_DSP48_0_U/p_reg_reg.
DSP Report: register u/grp_pe_r0_0_Pipeline_VITIS_LOOP_32_1_fu_67/mac_muladd_8s_8s_32s_32_4_1_U1/pe_r0_0_mac_muladd_8s_8s_32s_32_4_1_DSP48_0_U/m_reg_reg is absorbed into DSP u/grp_pe_r0_0_Pipeline_VITIS_LOOP_32_1_fu_67/mac_muladd_8s_8s_32s_32_4_1_U1/pe_r0_0_mac_muladd_8s_8s_32s_32_4_1_DSP48_0_U/p_reg_reg.
DSP Report: operator u/grp_pe_r0_0_Pipeline_VITIS_LOOP_32_1_fu_67/mac_muladd_8s_8s_32s_32_4_1_U1/pe_r0_0_mac_muladd_8s_8s_32s_32_4_1_DSP48_0_U/p is absorbed into DSP u/grp_pe_r0_0_Pipeline_VITIS_LOOP_32_1_fu_67/mac_muladd_8s_8s_32s_32_4_1_U1/pe_r0_0_mac_muladd_8s_8s_32s_32_4_1_DSP48_0_U/p_reg_reg.
DSP Report: operator u/grp_pe_r0_0_Pipeline_VITIS_LOOP_32_1_fu_67/mac_muladd_8s_8s_32s_32_4_1_U1/pe_r0_0_mac_muladd_8s_8s_32s_32_4_1_DSP48_0_U/m is absorbed into DSP u/grp_pe_r0_0_Pipeline_VITIS_LOOP_32_1_fu_67/mac_muladd_8s_8s_32s_32_4_1_U1/pe_r0_0_mac_muladd_8s_8s_32s_32_4_1_DSP48_0_U/p_reg_reg.
DSP Report: Generating DSP u/grp_pe_r0_0_Pipeline_VITIS_LOOP_57_2_fu_81/mac_muladd_8s_8s_32s_32_4_1_U9/pe_r0_0_mac_muladd_8s_8s_32s_32_4_1_DSP48_0_U/p_reg_reg, operation Mode is: (P or C)+(A2*B2)'.
DSP Report: register u/grp_pe_r0_0_Pipeline_VITIS_LOOP_57_2_fu_81/mac_muladd_8s_8s_32s_32_4_1_U9/pe_r0_0_mac_muladd_8s_8s_32s_32_4_1_DSP48_0_U/b_reg_reg is absorbed into DSP u/grp_pe_r0_0_Pipeline_VITIS_LOOP_57_2_fu_81/mac_muladd_8s_8s_32s_32_4_1_U9/pe_r0_0_mac_muladd_8s_8s_32s_32_4_1_DSP48_0_U/p_reg_reg.
DSP Report: register u/grp_pe_r0_0_Pipeline_VITIS_LOOP_57_2_fu_81/mac_muladd_8s_8s_32s_32_4_1_U9/pe_r0_0_mac_muladd_8s_8s_32s_32_4_1_DSP48_0_U/a_reg_reg is absorbed into DSP u/grp_pe_r0_0_Pipeline_VITIS_LOOP_57_2_fu_81/mac_muladd_8s_8s_32s_32_4_1_U9/pe_r0_0_mac_muladd_8s_8s_32s_32_4_1_DSP48_0_U/p_reg_reg.
DSP Report: register u/grp_pe_r0_0_Pipeline_VITIS_LOOP_57_2_fu_81/mac_muladd_8s_8s_32s_32_4_1_U9/pe_r0_0_mac_muladd_8s_8s_32s_32_4_1_DSP48_0_U/p_reg_reg is absorbed into DSP u/grp_pe_r0_0_Pipeline_VITIS_LOOP_57_2_fu_81/mac_muladd_8s_8s_32s_32_4_1_U9/pe_r0_0_mac_muladd_8s_8s_32s_32_4_1_DSP48_0_U/p_reg_reg.
DSP Report: register u/grp_pe_r0_0_Pipeline_VITIS_LOOP_57_2_fu_81/mac_muladd_8s_8s_32s_32_4_1_U9/pe_r0_0_mac_muladd_8s_8s_32s_32_4_1_DSP48_0_U/m_reg_reg is absorbed into DSP u/grp_pe_r0_0_Pipeline_VITIS_LOOP_57_2_fu_81/mac_muladd_8s_8s_32s_32_4_1_U9/pe_r0_0_mac_muladd_8s_8s_32s_32_4_1_DSP48_0_U/p_reg_reg.
DSP Report: operator u/grp_pe_r0_0_Pipeline_VITIS_LOOP_57_2_fu_81/mac_muladd_8s_8s_32s_32_4_1_U9/pe_r0_0_mac_muladd_8s_8s_32s_32_4_1_DSP48_0_U/p is absorbed into DSP u/grp_pe_r0_0_Pipeline_VITIS_LOOP_57_2_fu_81/mac_muladd_8s_8s_32s_32_4_1_U9/pe_r0_0_mac_muladd_8s_8s_32s_32_4_1_DSP48_0_U/p_reg_reg.
DSP Report: operator u/grp_pe_r0_0_Pipeline_VITIS_LOOP_57_2_fu_81/mac_muladd_8s_8s_32s_32_4_1_U9/pe_r0_0_mac_muladd_8s_8s_32s_32_4_1_DSP48_0_U/m is absorbed into DSP u/grp_pe_r0_0_Pipeline_VITIS_LOOP_57_2_fu_81/mac_muladd_8s_8s_32s_32_4_1_U9/pe_r0_0_mac_muladd_8s_8s_32s_32_4_1_DSP48_0_U/p_reg_reg.
DSP Report: Generating DSP u/grp_pe_r0_0_Pipeline_VITIS_LOOP_32_1_fu_67/mac_muladd_8s_8s_32s_32_4_1_U1/pe_r0_0_mac_muladd_8s_8s_32s_32_4_1_DSP48_0_U/p_reg_reg, operation Mode is: (P or C)+(A2*B2)'.
DSP Report: register u/grp_pe_r0_0_Pipeline_VITIS_LOOP_32_1_fu_67/mac_muladd_8s_8s_32s_32_4_1_U1/pe_r0_0_mac_muladd_8s_8s_32s_32_4_1_DSP48_0_U/b_reg_reg is absorbed into DSP u/grp_pe_r0_0_Pipeline_VITIS_LOOP_32_1_fu_67/mac_muladd_8s_8s_32s_32_4_1_U1/pe_r0_0_mac_muladd_8s_8s_32s_32_4_1_DSP48_0_U/p_reg_reg.
DSP Report: register u/grp_pe_r0_0_Pipeline_VITIS_LOOP_32_1_fu_67/mac_muladd_8s_8s_32s_32_4_1_U1/pe_r0_0_mac_muladd_8s_8s_32s_32_4_1_DSP48_0_U/a_reg_reg is absorbed into DSP u/grp_pe_r0_0_Pipeline_VITIS_LOOP_32_1_fu_67/mac_muladd_8s_8s_32s_32_4_1_U1/pe_r0_0_mac_muladd_8s_8s_32s_32_4_1_DSP48_0_U/p_reg_reg.
DSP Report: register u/grp_pe_r0_0_Pipeline_VITIS_LOOP_32_1_fu_67/mac_muladd_8s_8s_32s_32_4_1_U1/pe_r0_0_mac_muladd_8s_8s_32s_32_4_1_DSP48_0_U/p_reg_reg is absorbed into DSP u/grp_pe_r0_0_Pipeline_VITIS_LOOP_32_1_fu_67/mac_muladd_8s_8s_32s_32_4_1_U1/pe_r0_0_mac_muladd_8s_8s_32s_32_4_1_DSP48_0_U/p_reg_reg.
DSP Report: register u/grp_pe_r0_0_Pipeline_VITIS_LOOP_32_1_fu_67/mac_muladd_8s_8s_32s_32_4_1_U1/pe_r0_0_mac_muladd_8s_8s_32s_32_4_1_DSP48_0_U/m_reg_reg is absorbed into DSP u/grp_pe_r0_0_Pipeline_VITIS_LOOP_32_1_fu_67/mac_muladd_8s_8s_32s_32_4_1_U1/pe_r0_0_mac_muladd_8s_8s_32s_32_4_1_DSP48_0_U/p_reg_reg.
DSP Report: operator u/grp_pe_r0_0_Pipeline_VITIS_LOOP_32_1_fu_67/mac_muladd_8s_8s_32s_32_4_1_U1/pe_r0_0_mac_muladd_8s_8s_32s_32_4_1_DSP48_0_U/p is absorbed into DSP u/grp_pe_r0_0_Pipeline_VITIS_LOOP_32_1_fu_67/mac_muladd_8s_8s_32s_32_4_1_U1/pe_r0_0_mac_muladd_8s_8s_32s_32_4_1_DSP48_0_U/p_reg_reg.
DSP Report: operator u/grp_pe_r0_0_Pipeline_VITIS_LOOP_32_1_fu_67/mac_muladd_8s_8s_32s_32_4_1_U1/pe_r0_0_mac_muladd_8s_8s_32s_32_4_1_DSP48_0_U/m is absorbed into DSP u/grp_pe_r0_0_Pipeline_VITIS_LOOP_32_1_fu_67/mac_muladd_8s_8s_32s_32_4_1_U1/pe_r0_0_mac_muladd_8s_8s_32s_32_4_1_DSP48_0_U/p_reg_reg.
DSP Report: Generating DSP u/grp_pe_r0_0_Pipeline_VITIS_LOOP_57_2_fu_81/mac_muladd_8s_8s_32s_32_4_1_U9/pe_r0_0_mac_muladd_8s_8s_32s_32_4_1_DSP48_0_U/p_reg_reg, operation Mode is: (P or C)+(A2*B2)'.
DSP Report: register u/grp_pe_r0_0_Pipeline_VITIS_LOOP_57_2_fu_81/mac_muladd_8s_8s_32s_32_4_1_U9/pe_r0_0_mac_muladd_8s_8s_32s_32_4_1_DSP48_0_U/b_reg_reg is absorbed into DSP u/grp_pe_r0_0_Pipeline_VITIS_LOOP_57_2_fu_81/mac_muladd_8s_8s_32s_32_4_1_U9/pe_r0_0_mac_muladd_8s_8s_32s_32_4_1_DSP48_0_U/p_reg_reg.
DSP Report: register u/grp_pe_r0_0_Pipeline_VITIS_LOOP_57_2_fu_81/mac_muladd_8s_8s_32s_32_4_1_U9/pe_r0_0_mac_muladd_8s_8s_32s_32_4_1_DSP48_0_U/a_reg_reg is absorbed into DSP u/grp_pe_r0_0_Pipeline_VITIS_LOOP_57_2_fu_81/mac_muladd_8s_8s_32s_32_4_1_U9/pe_r0_0_mac_muladd_8s_8s_32s_32_4_1_DSP48_0_U/p_reg_reg.
DSP Report: register u/grp_pe_r0_0_Pipeline_VITIS_LOOP_57_2_fu_81/mac_muladd_8s_8s_32s_32_4_1_U9/pe_r0_0_mac_muladd_8s_8s_32s_32_4_1_DSP48_0_U/p_reg_reg is absorbed into DSP u/grp_pe_r0_0_Pipeline_VITIS_LOOP_57_2_fu_81/mac_muladd_8s_8s_32s_32_4_1_U9/pe_r0_0_mac_muladd_8s_8s_32s_32_4_1_DSP48_0_U/p_reg_reg.
DSP Report: register u/grp_pe_r0_0_Pipeline_VITIS_LOOP_57_2_fu_81/mac_muladd_8s_8s_32s_32_4_1_U9/pe_r0_0_mac_muladd_8s_8s_32s_32_4_1_DSP48_0_U/m_reg_reg is absorbed into DSP u/grp_pe_r0_0_Pipeline_VITIS_LOOP_57_2_fu_81/mac_muladd_8s_8s_32s_32_4_1_U9/pe_r0_0_mac_muladd_8s_8s_32s_32_4_1_DSP48_0_U/p_reg_reg.
DSP Report: operator u/grp_pe_r0_0_Pipeline_VITIS_LOOP_57_2_fu_81/mac_muladd_8s_8s_32s_32_4_1_U9/pe_r0_0_mac_muladd_8s_8s_32s_32_4_1_DSP48_0_U/p is absorbed into DSP u/grp_pe_r0_0_Pipeline_VITIS_LOOP_57_2_fu_81/mac_muladd_8s_8s_32s_32_4_1_U9/pe_r0_0_mac_muladd_8s_8s_32s_32_4_1_DSP48_0_U/p_reg_reg.
DSP Report: operator u/grp_pe_r0_0_Pipeline_VITIS_LOOP_57_2_fu_81/mac_muladd_8s_8s_32s_32_4_1_U9/pe_r0_0_mac_muladd_8s_8s_32s_32_4_1_DSP48_0_U/m is absorbed into DSP u/grp_pe_r0_0_Pipeline_VITIS_LOOP_57_2_fu_81/mac_muladd_8s_8s_32s_32_4_1_U9/pe_r0_0_mac_muladd_8s_8s_32s_32_4_1_DSP48_0_U/p_reg_reg.
DSP Report: Generating DSP u/grp_pe_r0_0_Pipeline_VITIS_LOOP_32_1_fu_67/mac_muladd_8s_8s_32s_32_4_1_U1/pe_r0_0_mac_muladd_8s_8s_32s_32_4_1_DSP48_0_U/p_reg_reg, operation Mode is: (P or C)+(A2*B2)'.
DSP Report: register u/grp_pe_r0_0_Pipeline_VITIS_LOOP_32_1_fu_67/mac_muladd_8s_8s_32s_32_4_1_U1/pe_r0_0_mac_muladd_8s_8s_32s_32_4_1_DSP48_0_U/b_reg_reg is absorbed into DSP u/grp_pe_r0_0_Pipeline_VITIS_LOOP_32_1_fu_67/mac_muladd_8s_8s_32s_32_4_1_U1/pe_r0_0_mac_muladd_8s_8s_32s_32_4_1_DSP48_0_U/p_reg_reg.
DSP Report: register u/grp_pe_r0_0_Pipeline_VITIS_LOOP_32_1_fu_67/mac_muladd_8s_8s_32s_32_4_1_U1/pe_r0_0_mac_muladd_8s_8s_32s_32_4_1_DSP48_0_U/a_reg_reg is absorbed into DSP u/grp_pe_r0_0_Pipeline_VITIS_LOOP_32_1_fu_67/mac_muladd_8s_8s_32s_32_4_1_U1/pe_r0_0_mac_muladd_8s_8s_32s_32_4_1_DSP48_0_U/p_reg_reg.
DSP Report: register u/grp_pe_r0_0_Pipeline_VITIS_LOOP_32_1_fu_67/mac_muladd_8s_8s_32s_32_4_1_U1/pe_r0_0_mac_muladd_8s_8s_32s_32_4_1_DSP48_0_U/p_reg_reg is absorbed into DSP u/grp_pe_r0_0_Pipeline_VITIS_LOOP_32_1_fu_67/mac_muladd_8s_8s_32s_32_4_1_U1/pe_r0_0_mac_muladd_8s_8s_32s_32_4_1_DSP48_0_U/p_reg_reg.
DSP Report: register u/grp_pe_r0_0_Pipeline_VITIS_LOOP_32_1_fu_67/mac_muladd_8s_8s_32s_32_4_1_U1/pe_r0_0_mac_muladd_8s_8s_32s_32_4_1_DSP48_0_U/m_reg_reg is absorbed into DSP u/grp_pe_r0_0_Pipeline_VITIS_LOOP_32_1_fu_67/mac_muladd_8s_8s_32s_32_4_1_U1/pe_r0_0_mac_muladd_8s_8s_32s_32_4_1_DSP48_0_U/p_reg_reg.
DSP Report: operator u/grp_pe_r0_0_Pipeline_VITIS_LOOP_32_1_fu_67/mac_muladd_8s_8s_32s_32_4_1_U1/pe_r0_0_mac_muladd_8s_8s_32s_32_4_1_DSP48_0_U/p is absorbed into DSP u/grp_pe_r0_0_Pipeline_VITIS_LOOP_32_1_fu_67/mac_muladd_8s_8s_32s_32_4_1_U1/pe_r0_0_mac_muladd_8s_8s_32s_32_4_1_DSP48_0_U/p_reg_reg.
DSP Report: operator u/grp_pe_r0_0_Pipeline_VITIS_LOOP_32_1_fu_67/mac_muladd_8s_8s_32s_32_4_1_U1/pe_r0_0_mac_muladd_8s_8s_32s_32_4_1_DSP48_0_U/m is absorbed into DSP u/grp_pe_r0_0_Pipeline_VITIS_LOOP_32_1_fu_67/mac_muladd_8s_8s_32s_32_4_1_U1/pe_r0_0_mac_muladd_8s_8s_32s_32_4_1_DSP48_0_U/p_reg_reg.
DSP Report: Generating DSP u/grp_pe_r0_0_Pipeline_VITIS_LOOP_57_2_fu_81/mac_muladd_8s_8s_32s_32_4_1_U9/pe_r0_0_mac_muladd_8s_8s_32s_32_4_1_DSP48_0_U/p_reg_reg, operation Mode is: (P or C)+(A2*B2)'.
DSP Report: register u/grp_pe_r0_0_Pipeline_VITIS_LOOP_57_2_fu_81/mac_muladd_8s_8s_32s_32_4_1_U9/pe_r0_0_mac_muladd_8s_8s_32s_32_4_1_DSP48_0_U/b_reg_reg is absorbed into DSP u/grp_pe_r0_0_Pipeline_VITIS_LOOP_57_2_fu_81/mac_muladd_8s_8s_32s_32_4_1_U9/pe_r0_0_mac_muladd_8s_8s_32s_32_4_1_DSP48_0_U/p_reg_reg.
DSP Report: register u/grp_pe_r0_0_Pipeline_VITIS_LOOP_57_2_fu_81/mac_muladd_8s_8s_32s_32_4_1_U9/pe_r0_0_mac_muladd_8s_8s_32s_32_4_1_DSP48_0_U/a_reg_reg is absorbed into DSP u/grp_pe_r0_0_Pipeline_VITIS_LOOP_57_2_fu_81/mac_muladd_8s_8s_32s_32_4_1_U9/pe_r0_0_mac_muladd_8s_8s_32s_32_4_1_DSP48_0_U/p_reg_reg.
DSP Report: register u/grp_pe_r0_0_Pipeline_VITIS_LOOP_57_2_fu_81/mac_muladd_8s_8s_32s_32_4_1_U9/pe_r0_0_mac_muladd_8s_8s_32s_32_4_1_DSP48_0_U/p_reg_reg is absorbed into DSP u/grp_pe_r0_0_Pipeline_VITIS_LOOP_57_2_fu_81/mac_muladd_8s_8s_32s_32_4_1_U9/pe_r0_0_mac_muladd_8s_8s_32s_32_4_1_DSP48_0_U/p_reg_reg.
DSP Report: register u/grp_pe_r0_0_Pipeline_VITIS_LOOP_57_2_fu_81/mac_muladd_8s_8s_32s_32_4_1_U9/pe_r0_0_mac_muladd_8s_8s_32s_32_4_1_DSP48_0_U/m_reg_reg is absorbed into DSP u/grp_pe_r0_0_Pipeline_VITIS_LOOP_57_2_fu_81/mac_muladd_8s_8s_32s_32_4_1_U9/pe_r0_0_mac_muladd_8s_8s_32s_32_4_1_DSP48_0_U/p_reg_reg.
DSP Report: operator u/grp_pe_r0_0_Pipeline_VITIS_LOOP_57_2_fu_81/mac_muladd_8s_8s_32s_32_4_1_U9/pe_r0_0_mac_muladd_8s_8s_32s_32_4_1_DSP48_0_U/p is absorbed into DSP u/grp_pe_r0_0_Pipeline_VITIS_LOOP_57_2_fu_81/mac_muladd_8s_8s_32s_32_4_1_U9/pe_r0_0_mac_muladd_8s_8s_32s_32_4_1_DSP48_0_U/p_reg_reg.
DSP Report: operator u/grp_pe_r0_0_Pipeline_VITIS_LOOP_57_2_fu_81/mac_muladd_8s_8s_32s_32_4_1_U9/pe_r0_0_mac_muladd_8s_8s_32s_32_4_1_DSP48_0_U/m is absorbed into DSP u/grp_pe_r0_0_Pipeline_VITIS_LOOP_57_2_fu_81/mac_muladd_8s_8s_32s_32_4_1_U9/pe_r0_0_mac_muladd_8s_8s_32s_32_4_1_DSP48_0_U/p_reg_reg.
DSP Report: Generating DSP u/grp_pe_r0_0_Pipeline_VITIS_LOOP_32_1_fu_67/mac_muladd_8s_8s_32s_32_4_1_U1/pe_r0_0_mac_muladd_8s_8s_32s_32_4_1_DSP48_0_U/p_reg_reg, operation Mode is: (P or C)+(A2*B2)'.
DSP Report: register u/grp_pe_r0_0_Pipeline_VITIS_LOOP_32_1_fu_67/mac_muladd_8s_8s_32s_32_4_1_U1/pe_r0_0_mac_muladd_8s_8s_32s_32_4_1_DSP48_0_U/b_reg_reg is absorbed into DSP u/grp_pe_r0_0_Pipeline_VITIS_LOOP_32_1_fu_67/mac_muladd_8s_8s_32s_32_4_1_U1/pe_r0_0_mac_muladd_8s_8s_32s_32_4_1_DSP48_0_U/p_reg_reg.
DSP Report: register u/grp_pe_r0_0_Pipeline_VITIS_LOOP_32_1_fu_67/mac_muladd_8s_8s_32s_32_4_1_U1/pe_r0_0_mac_muladd_8s_8s_32s_32_4_1_DSP48_0_U/a_reg_reg is absorbed into DSP u/grp_pe_r0_0_Pipeline_VITIS_LOOP_32_1_fu_67/mac_muladd_8s_8s_32s_32_4_1_U1/pe_r0_0_mac_muladd_8s_8s_32s_32_4_1_DSP48_0_U/p_reg_reg.
DSP Report: register u/grp_pe_r0_0_Pipeline_VITIS_LOOP_32_1_fu_67/mac_muladd_8s_8s_32s_32_4_1_U1/pe_r0_0_mac_muladd_8s_8s_32s_32_4_1_DSP48_0_U/p_reg_reg is absorbed into DSP u/grp_pe_r0_0_Pipeline_VITIS_LOOP_32_1_fu_67/mac_muladd_8s_8s_32s_32_4_1_U1/pe_r0_0_mac_muladd_8s_8s_32s_32_4_1_DSP48_0_U/p_reg_reg.
DSP Report: register u/grp_pe_r0_0_Pipeline_VITIS_LOOP_32_1_fu_67/mac_muladd_8s_8s_32s_32_4_1_U1/pe_r0_0_mac_muladd_8s_8s_32s_32_4_1_DSP48_0_U/m_reg_reg is absorbed into DSP u/grp_pe_r0_0_Pipeline_VITIS_LOOP_32_1_fu_67/mac_muladd_8s_8s_32s_32_4_1_U1/pe_r0_0_mac_muladd_8s_8s_32s_32_4_1_DSP48_0_U/p_reg_reg.
DSP Report: operator u/grp_pe_r0_0_Pipeline_VITIS_LOOP_32_1_fu_67/mac_muladd_8s_8s_32s_32_4_1_U1/pe_r0_0_mac_muladd_8s_8s_32s_32_4_1_DSP48_0_U/p is absorbed into DSP u/grp_pe_r0_0_Pipeline_VITIS_LOOP_32_1_fu_67/mac_muladd_8s_8s_32s_32_4_1_U1/pe_r0_0_mac_muladd_8s_8s_32s_32_4_1_DSP48_0_U/p_reg_reg.
DSP Report: operator u/grp_pe_r0_0_Pipeline_VITIS_LOOP_32_1_fu_67/mac_muladd_8s_8s_32s_32_4_1_U1/pe_r0_0_mac_muladd_8s_8s_32s_32_4_1_DSP48_0_U/m is absorbed into DSP u/grp_pe_r0_0_Pipeline_VITIS_LOOP_32_1_fu_67/mac_muladd_8s_8s_32s_32_4_1_U1/pe_r0_0_mac_muladd_8s_8s_32s_32_4_1_DSP48_0_U/p_reg_reg.
DSP Report: Generating DSP u/grp_pe_r0_0_Pipeline_VITIS_LOOP_57_2_fu_81/mac_muladd_8s_8s_32s_32_4_1_U9/pe_r0_0_mac_muladd_8s_8s_32s_32_4_1_DSP48_0_U/p_reg_reg, operation Mode is: (P or C)+(A2*B2)'.
DSP Report: register u/grp_pe_r0_0_Pipeline_VITIS_LOOP_57_2_fu_81/mac_muladd_8s_8s_32s_32_4_1_U9/pe_r0_0_mac_muladd_8s_8s_32s_32_4_1_DSP48_0_U/b_reg_reg is absorbed into DSP u/grp_pe_r0_0_Pipeline_VITIS_LOOP_57_2_fu_81/mac_muladd_8s_8s_32s_32_4_1_U9/pe_r0_0_mac_muladd_8s_8s_32s_32_4_1_DSP48_0_U/p_reg_reg.
DSP Report: register u/grp_pe_r0_0_Pipeline_VITIS_LOOP_57_2_fu_81/mac_muladd_8s_8s_32s_32_4_1_U9/pe_r0_0_mac_muladd_8s_8s_32s_32_4_1_DSP48_0_U/a_reg_reg is absorbed into DSP u/grp_pe_r0_0_Pipeline_VITIS_LOOP_57_2_fu_81/mac_muladd_8s_8s_32s_32_4_1_U9/pe_r0_0_mac_muladd_8s_8s_32s_32_4_1_DSP48_0_U/p_reg_reg.
DSP Report: register u/grp_pe_r0_0_Pipeline_VITIS_LOOP_57_2_fu_81/mac_muladd_8s_8s_32s_32_4_1_U9/pe_r0_0_mac_muladd_8s_8s_32s_32_4_1_DSP48_0_U/p_reg_reg is absorbed into DSP u/grp_pe_r0_0_Pipeline_VITIS_LOOP_57_2_fu_81/mac_muladd_8s_8s_32s_32_4_1_U9/pe_r0_0_mac_muladd_8s_8s_32s_32_4_1_DSP48_0_U/p_reg_reg.
DSP Report: register u/grp_pe_r0_0_Pipeline_VITIS_LOOP_57_2_fu_81/mac_muladd_8s_8s_32s_32_4_1_U9/pe_r0_0_mac_muladd_8s_8s_32s_32_4_1_DSP48_0_U/m_reg_reg is absorbed into DSP u/grp_pe_r0_0_Pipeline_VITIS_LOOP_57_2_fu_81/mac_muladd_8s_8s_32s_32_4_1_U9/pe_r0_0_mac_muladd_8s_8s_32s_32_4_1_DSP48_0_U/p_reg_reg.
DSP Report: operator u/grp_pe_r0_0_Pipeline_VITIS_LOOP_57_2_fu_81/mac_muladd_8s_8s_32s_32_4_1_U9/pe_r0_0_mac_muladd_8s_8s_32s_32_4_1_DSP48_0_U/p is absorbed into DSP u/grp_pe_r0_0_Pipeline_VITIS_LOOP_57_2_fu_81/mac_muladd_8s_8s_32s_32_4_1_U9/pe_r0_0_mac_muladd_8s_8s_32s_32_4_1_DSP48_0_U/p_reg_reg.
DSP Report: operator u/grp_pe_r0_0_Pipeline_VITIS_LOOP_57_2_fu_81/mac_muladd_8s_8s_32s_32_4_1_U9/pe_r0_0_mac_muladd_8s_8s_32s_32_4_1_DSP48_0_U/m is absorbed into DSP u/grp_pe_r0_0_Pipeline_VITIS_LOOP_57_2_fu_81/mac_muladd_8s_8s_32s_32_4_1_U9/pe_r0_0_mac_muladd_8s_8s_32s_32_4_1_DSP48_0_U/p_reg_reg.
DSP Report: Generating DSP u/grp_pe_r0_0_Pipeline_VITIS_LOOP_32_1_fu_67/mac_muladd_8s_8s_32s_32_4_1_U1/pe_r0_0_mac_muladd_8s_8s_32s_32_4_1_DSP48_0_U/p_reg_reg, operation Mode is: (P or C)+(A2*B2)'.
DSP Report: register u/grp_pe_r0_0_Pipeline_VITIS_LOOP_32_1_fu_67/mac_muladd_8s_8s_32s_32_4_1_U1/pe_r0_0_mac_muladd_8s_8s_32s_32_4_1_DSP48_0_U/b_reg_reg is absorbed into DSP u/grp_pe_r0_0_Pipeline_VITIS_LOOP_32_1_fu_67/mac_muladd_8s_8s_32s_32_4_1_U1/pe_r0_0_mac_muladd_8s_8s_32s_32_4_1_DSP48_0_U/p_reg_reg.
DSP Report: register u/grp_pe_r0_0_Pipeline_VITIS_LOOP_32_1_fu_67/mac_muladd_8s_8s_32s_32_4_1_U1/pe_r0_0_mac_muladd_8s_8s_32s_32_4_1_DSP48_0_U/a_reg_reg is absorbed into DSP u/grp_pe_r0_0_Pipeline_VITIS_LOOP_32_1_fu_67/mac_muladd_8s_8s_32s_32_4_1_U1/pe_r0_0_mac_muladd_8s_8s_32s_32_4_1_DSP48_0_U/p_reg_reg.
DSP Report: register u/grp_pe_r0_0_Pipeline_VITIS_LOOP_32_1_fu_67/mac_muladd_8s_8s_32s_32_4_1_U1/pe_r0_0_mac_muladd_8s_8s_32s_32_4_1_DSP48_0_U/p_reg_reg is absorbed into DSP u/grp_pe_r0_0_Pipeline_VITIS_LOOP_32_1_fu_67/mac_muladd_8s_8s_32s_32_4_1_U1/pe_r0_0_mac_muladd_8s_8s_32s_32_4_1_DSP48_0_U/p_reg_reg.
DSP Report: register u/grp_pe_r0_0_Pipeline_VITIS_LOOP_32_1_fu_67/mac_muladd_8s_8s_32s_32_4_1_U1/pe_r0_0_mac_muladd_8s_8s_32s_32_4_1_DSP48_0_U/m_reg_reg is absorbed into DSP u/grp_pe_r0_0_Pipeline_VITIS_LOOP_32_1_fu_67/mac_muladd_8s_8s_32s_32_4_1_U1/pe_r0_0_mac_muladd_8s_8s_32s_32_4_1_DSP48_0_U/p_reg_reg.
DSP Report: operator u/grp_pe_r0_0_Pipeline_VITIS_LOOP_32_1_fu_67/mac_muladd_8s_8s_32s_32_4_1_U1/pe_r0_0_mac_muladd_8s_8s_32s_32_4_1_DSP48_0_U/p is absorbed into DSP u/grp_pe_r0_0_Pipeline_VITIS_LOOP_32_1_fu_67/mac_muladd_8s_8s_32s_32_4_1_U1/pe_r0_0_mac_muladd_8s_8s_32s_32_4_1_DSP48_0_U/p_reg_reg.
DSP Report: operator u/grp_pe_r0_0_Pipeline_VITIS_LOOP_32_1_fu_67/mac_muladd_8s_8s_32s_32_4_1_U1/pe_r0_0_mac_muladd_8s_8s_32s_32_4_1_DSP48_0_U/m is absorbed into DSP u/grp_pe_r0_0_Pipeline_VITIS_LOOP_32_1_fu_67/mac_muladd_8s_8s_32s_32_4_1_U1/pe_r0_0_mac_muladd_8s_8s_32s_32_4_1_DSP48_0_U/p_reg_reg.
DSP Report: Generating DSP u/grp_pe_r1_0_Pipeline_VITIS_LOOP_54_2_fu_77/mac_muladd_8s_8s_32s_32_4_1_U8/pe_r1_0_mac_muladd_8s_8s_32s_32_4_1_DSP48_0_U/p_reg_reg, operation Mode is: (P or C)+(A2*B2)'.
DSP Report: register u/grp_pe_r1_0_Pipeline_VITIS_LOOP_54_2_fu_77/mac_muladd_8s_8s_32s_32_4_1_U8/pe_r1_0_mac_muladd_8s_8s_32s_32_4_1_DSP48_0_U/b_reg_reg is absorbed into DSP u/grp_pe_r1_0_Pipeline_VITIS_LOOP_54_2_fu_77/mac_muladd_8s_8s_32s_32_4_1_U8/pe_r1_0_mac_muladd_8s_8s_32s_32_4_1_DSP48_0_U/p_reg_reg.
DSP Report: register u/grp_pe_r1_0_Pipeline_VITIS_LOOP_54_2_fu_77/mac_muladd_8s_8s_32s_32_4_1_U8/pe_r1_0_mac_muladd_8s_8s_32s_32_4_1_DSP48_0_U/a_reg_reg is absorbed into DSP u/grp_pe_r1_0_Pipeline_VITIS_LOOP_54_2_fu_77/mac_muladd_8s_8s_32s_32_4_1_U8/pe_r1_0_mac_muladd_8s_8s_32s_32_4_1_DSP48_0_U/p_reg_reg.
DSP Report: register u/grp_pe_r1_0_Pipeline_VITIS_LOOP_54_2_fu_77/mac_muladd_8s_8s_32s_32_4_1_U8/pe_r1_0_mac_muladd_8s_8s_32s_32_4_1_DSP48_0_U/p_reg_reg is absorbed into DSP u/grp_pe_r1_0_Pipeline_VITIS_LOOP_54_2_fu_77/mac_muladd_8s_8s_32s_32_4_1_U8/pe_r1_0_mac_muladd_8s_8s_32s_32_4_1_DSP48_0_U/p_reg_reg.
DSP Report: register u/grp_pe_r1_0_Pipeline_VITIS_LOOP_54_2_fu_77/mac_muladd_8s_8s_32s_32_4_1_U8/pe_r1_0_mac_muladd_8s_8s_32s_32_4_1_DSP48_0_U/m_reg_reg is absorbed into DSP u/grp_pe_r1_0_Pipeline_VITIS_LOOP_54_2_fu_77/mac_muladd_8s_8s_32s_32_4_1_U8/pe_r1_0_mac_muladd_8s_8s_32s_32_4_1_DSP48_0_U/p_reg_reg.
DSP Report: operator u/grp_pe_r1_0_Pipeline_VITIS_LOOP_54_2_fu_77/mac_muladd_8s_8s_32s_32_4_1_U8/pe_r1_0_mac_muladd_8s_8s_32s_32_4_1_DSP48_0_U/p is absorbed into DSP u/grp_pe_r1_0_Pipeline_VITIS_LOOP_54_2_fu_77/mac_muladd_8s_8s_32s_32_4_1_U8/pe_r1_0_mac_muladd_8s_8s_32s_32_4_1_DSP48_0_U/p_reg_reg.
DSP Report: operator u/grp_pe_r1_0_Pipeline_VITIS_LOOP_54_2_fu_77/mac_muladd_8s_8s_32s_32_4_1_U8/pe_r1_0_mac_muladd_8s_8s_32s_32_4_1_DSP48_0_U/m is absorbed into DSP u/grp_pe_r1_0_Pipeline_VITIS_LOOP_54_2_fu_77/mac_muladd_8s_8s_32s_32_4_1_U8/pe_r1_0_mac_muladd_8s_8s_32s_32_4_1_DSP48_0_U/p_reg_reg.
DSP Report: Generating DSP u/grp_pe_r1_0_Pipeline_VITIS_LOOP_31_1_fu_65/mac_muladd_8s_8s_32s_32_4_1_U1/pe_r1_0_mac_muladd_8s_8s_32s_32_4_1_DSP48_0_U/p_reg_reg, operation Mode is: (P or C)+(A2*B2)'.
DSP Report: register u/grp_pe_r1_0_Pipeline_VITIS_LOOP_31_1_fu_65/mac_muladd_8s_8s_32s_32_4_1_U1/pe_r1_0_mac_muladd_8s_8s_32s_32_4_1_DSP48_0_U/b_reg_reg is absorbed into DSP u/grp_pe_r1_0_Pipeline_VITIS_LOOP_31_1_fu_65/mac_muladd_8s_8s_32s_32_4_1_U1/pe_r1_0_mac_muladd_8s_8s_32s_32_4_1_DSP48_0_U/p_reg_reg.
DSP Report: register u/grp_pe_r1_0_Pipeline_VITIS_LOOP_31_1_fu_65/mac_muladd_8s_8s_32s_32_4_1_U1/pe_r1_0_mac_muladd_8s_8s_32s_32_4_1_DSP48_0_U/a_reg_reg is absorbed into DSP u/grp_pe_r1_0_Pipeline_VITIS_LOOP_31_1_fu_65/mac_muladd_8s_8s_32s_32_4_1_U1/pe_r1_0_mac_muladd_8s_8s_32s_32_4_1_DSP48_0_U/p_reg_reg.
DSP Report: register u/grp_pe_r1_0_Pipeline_VITIS_LOOP_31_1_fu_65/mac_muladd_8s_8s_32s_32_4_1_U1/pe_r1_0_mac_muladd_8s_8s_32s_32_4_1_DSP48_0_U/p_reg_reg is absorbed into DSP u/grp_pe_r1_0_Pipeline_VITIS_LOOP_31_1_fu_65/mac_muladd_8s_8s_32s_32_4_1_U1/pe_r1_0_mac_muladd_8s_8s_32s_32_4_1_DSP48_0_U/p_reg_reg.
DSP Report: register u/grp_pe_r1_0_Pipeline_VITIS_LOOP_31_1_fu_65/mac_muladd_8s_8s_32s_32_4_1_U1/pe_r1_0_mac_muladd_8s_8s_32s_32_4_1_DSP48_0_U/m_reg_reg is absorbed into DSP u/grp_pe_r1_0_Pipeline_VITIS_LOOP_31_1_fu_65/mac_muladd_8s_8s_32s_32_4_1_U1/pe_r1_0_mac_muladd_8s_8s_32s_32_4_1_DSP48_0_U/p_reg_reg.
DSP Report: operator u/grp_pe_r1_0_Pipeline_VITIS_LOOP_31_1_fu_65/mac_muladd_8s_8s_32s_32_4_1_U1/pe_r1_0_mac_muladd_8s_8s_32s_32_4_1_DSP48_0_U/p is absorbed into DSP u/grp_pe_r1_0_Pipeline_VITIS_LOOP_31_1_fu_65/mac_muladd_8s_8s_32s_32_4_1_U1/pe_r1_0_mac_muladd_8s_8s_32s_32_4_1_DSP48_0_U/p_reg_reg.
DSP Report: operator u/grp_pe_r1_0_Pipeline_VITIS_LOOP_31_1_fu_65/mac_muladd_8s_8s_32s_32_4_1_U1/pe_r1_0_mac_muladd_8s_8s_32s_32_4_1_DSP48_0_U/m is absorbed into DSP u/grp_pe_r1_0_Pipeline_VITIS_LOOP_31_1_fu_65/mac_muladd_8s_8s_32s_32_4_1_U1/pe_r1_0_mac_muladd_8s_8s_32s_32_4_1_DSP48_0_U/p_reg_reg.
DSP Report: Generating DSP u/grp_pe_r4_0_Pipeline_l_S_k_0_k_fu_47/mac_muladd_8s_8s_19s_19_4_1_U1/pe_r4_0_mac_muladd_8s_8s_19s_19_4_1_DSP48_0_U/p_reg_reg, operation Mode is: (P or C)+(A2*B2)'.
DSP Report: register u/grp_pe_r4_0_Pipeline_l_S_k_0_k_fu_47/mac_muladd_8s_8s_19s_19_4_1_U1/pe_r4_0_mac_muladd_8s_8s_19s_19_4_1_DSP48_0_U/b_reg_reg is absorbed into DSP u/grp_pe_r4_0_Pipeline_l_S_k_0_k_fu_47/mac_muladd_8s_8s_19s_19_4_1_U1/pe_r4_0_mac_muladd_8s_8s_19s_19_4_1_DSP48_0_U/p_reg_reg.
DSP Report: register u/grp_pe_r4_0_Pipeline_l_S_k_0_k_fu_47/mac_muladd_8s_8s_19s_19_4_1_U1/pe_r4_0_mac_muladd_8s_8s_19s_19_4_1_DSP48_0_U/a_reg_reg is absorbed into DSP u/grp_pe_r4_0_Pipeline_l_S_k_0_k_fu_47/mac_muladd_8s_8s_19s_19_4_1_U1/pe_r4_0_mac_muladd_8s_8s_19s_19_4_1_DSP48_0_U/p_reg_reg.
DSP Report: register u/grp_pe_r4_0_Pipeline_l_S_k_0_k_fu_47/mac_muladd_8s_8s_19s_19_4_1_U1/pe_r4_0_mac_muladd_8s_8s_19s_19_4_1_DSP48_0_U/p_reg_reg is absorbed into DSP u/grp_pe_r4_0_Pipeline_l_S_k_0_k_fu_47/mac_muladd_8s_8s_19s_19_4_1_U1/pe_r4_0_mac_muladd_8s_8s_19s_19_4_1_DSP48_0_U/p_reg_reg.
DSP Report: register u/grp_pe_r4_0_Pipeline_l_S_k_0_k_fu_47/mac_muladd_8s_8s_19s_19_4_1_U1/pe_r4_0_mac_muladd_8s_8s_19s_19_4_1_DSP48_0_U/m_reg_reg is absorbed into DSP u/grp_pe_r4_0_Pipeline_l_S_k_0_k_fu_47/mac_muladd_8s_8s_19s_19_4_1_U1/pe_r4_0_mac_muladd_8s_8s_19s_19_4_1_DSP48_0_U/p_reg_reg.
DSP Report: operator u/grp_pe_r4_0_Pipeline_l_S_k_0_k_fu_47/mac_muladd_8s_8s_19s_19_4_1_U1/pe_r4_0_mac_muladd_8s_8s_19s_19_4_1_DSP48_0_U/p is absorbed into DSP u/grp_pe_r4_0_Pipeline_l_S_k_0_k_fu_47/mac_muladd_8s_8s_19s_19_4_1_U1/pe_r4_0_mac_muladd_8s_8s_19s_19_4_1_DSP48_0_U/p_reg_reg.
DSP Report: operator u/grp_pe_r4_0_Pipeline_l_S_k_0_k_fu_47/mac_muladd_8s_8s_19s_19_4_1_U1/pe_r4_0_mac_muladd_8s_8s_19s_19_4_1_DSP48_0_U/m is absorbed into DSP u/grp_pe_r4_0_Pipeline_l_S_k_0_k_fu_47/mac_muladd_8s_8s_19s_19_4_1_U1/pe_r4_0_mac_muladd_8s_8s_19s_19_4_1_DSP48_0_U/p_reg_reg.
DSP Report: Generating DSP u/grp_pe_r4_0_Pipeline_l_S_k_0_k_fu_47/mac_muladd_8s_8s_19s_19_4_1_U1/pe_r4_0_mac_muladd_8s_8s_19s_19_4_1_DSP48_0_U/p_reg_reg, operation Mode is: (P or C)+(A2*B2)'.
DSP Report: register u/grp_pe_r4_0_Pipeline_l_S_k_0_k_fu_47/mac_muladd_8s_8s_19s_19_4_1_U1/pe_r4_0_mac_muladd_8s_8s_19s_19_4_1_DSP48_0_U/b_reg_reg is absorbed into DSP u/grp_pe_r4_0_Pipeline_l_S_k_0_k_fu_47/mac_muladd_8s_8s_19s_19_4_1_U1/pe_r4_0_mac_muladd_8s_8s_19s_19_4_1_DSP48_0_U/p_reg_reg.
DSP Report: register u/grp_pe_r4_0_Pipeline_l_S_k_0_k_fu_47/mac_muladd_8s_8s_19s_19_4_1_U1/pe_r4_0_mac_muladd_8s_8s_19s_19_4_1_DSP48_0_U/a_reg_reg is absorbed into DSP u/grp_pe_r4_0_Pipeline_l_S_k_0_k_fu_47/mac_muladd_8s_8s_19s_19_4_1_U1/pe_r4_0_mac_muladd_8s_8s_19s_19_4_1_DSP48_0_U/p_reg_reg.
DSP Report: register u/grp_pe_r4_0_Pipeline_l_S_k_0_k_fu_47/mac_muladd_8s_8s_19s_19_4_1_U1/pe_r4_0_mac_muladd_8s_8s_19s_19_4_1_DSP48_0_U/p_reg_reg is absorbed into DSP u/grp_pe_r4_0_Pipeline_l_S_k_0_k_fu_47/mac_muladd_8s_8s_19s_19_4_1_U1/pe_r4_0_mac_muladd_8s_8s_19s_19_4_1_DSP48_0_U/p_reg_reg.
DSP Report: register u/grp_pe_r4_0_Pipeline_l_S_k_0_k_fu_47/mac_muladd_8s_8s_19s_19_4_1_U1/pe_r4_0_mac_muladd_8s_8s_19s_19_4_1_DSP48_0_U/m_reg_reg is absorbed into DSP u/grp_pe_r4_0_Pipeline_l_S_k_0_k_fu_47/mac_muladd_8s_8s_19s_19_4_1_U1/pe_r4_0_mac_muladd_8s_8s_19s_19_4_1_DSP48_0_U/p_reg_reg.
DSP Report: operator u/grp_pe_r4_0_Pipeline_l_S_k_0_k_fu_47/mac_muladd_8s_8s_19s_19_4_1_U1/pe_r4_0_mac_muladd_8s_8s_19s_19_4_1_DSP48_0_U/p is absorbed into DSP u/grp_pe_r4_0_Pipeline_l_S_k_0_k_fu_47/mac_muladd_8s_8s_19s_19_4_1_U1/pe_r4_0_mac_muladd_8s_8s_19s_19_4_1_DSP48_0_U/p_reg_reg.
DSP Report: operator u/grp_pe_r4_0_Pipeline_l_S_k_0_k_fu_47/mac_muladd_8s_8s_19s_19_4_1_U1/pe_r4_0_mac_muladd_8s_8s_19s_19_4_1_DSP48_0_U/m is absorbed into DSP u/grp_pe_r4_0_Pipeline_l_S_k_0_k_fu_47/mac_muladd_8s_8s_19s_19_4_1_U1/pe_r4_0_mac_muladd_8s_8s_19s_19_4_1_DSP48_0_U/p_reg_reg.
DSP Report: Generating DSP u/v15_reg_109_reg, operation Mode is: (A*B)'.
DSP Report: register u/v15_reg_109_reg is absorbed into DSP u/v15_reg_109_reg.
DSP Report: operator u/mul_8s_8s_16_1_1_U9/tmp_product is absorbed into DSP u/v15_reg_109_reg.
DSP Report: Generating DSP u/grp_pe_r5_0_Pipeline_l_S_k_1_k1_fu_59/mac_muladd_8s_8s_19s_19_4_1_U1/pe_r5_0_mac_muladd_8s_8s_19s_19_4_1_DSP48_0_U/p_reg_reg, operation Mode is: (P or C)+(A2*B2)'.
DSP Report: register u/grp_pe_r5_0_Pipeline_l_S_k_1_k1_fu_59/mac_muladd_8s_8s_19s_19_4_1_U1/pe_r5_0_mac_muladd_8s_8s_19s_19_4_1_DSP48_0_U/b_reg_reg is absorbed into DSP u/grp_pe_r5_0_Pipeline_l_S_k_1_k1_fu_59/mac_muladd_8s_8s_19s_19_4_1_U1/pe_r5_0_mac_muladd_8s_8s_19s_19_4_1_DSP48_0_U/p_reg_reg.
DSP Report: register u/grp_pe_r5_0_Pipeline_l_S_k_1_k1_fu_59/mac_muladd_8s_8s_19s_19_4_1_U1/pe_r5_0_mac_muladd_8s_8s_19s_19_4_1_DSP48_0_U/a_reg_reg is absorbed into DSP u/grp_pe_r5_0_Pipeline_l_S_k_1_k1_fu_59/mac_muladd_8s_8s_19s_19_4_1_U1/pe_r5_0_mac_muladd_8s_8s_19s_19_4_1_DSP48_0_U/p_reg_reg.
DSP Report: register u/grp_pe_r5_0_Pipeline_l_S_k_1_k1_fu_59/mac_muladd_8s_8s_19s_19_4_1_U1/pe_r5_0_mac_muladd_8s_8s_19s_19_4_1_DSP48_0_U/p_reg_reg is absorbed into DSP u/grp_pe_r5_0_Pipeline_l_S_k_1_k1_fu_59/mac_muladd_8s_8s_19s_19_4_1_U1/pe_r5_0_mac_muladd_8s_8s_19s_19_4_1_DSP48_0_U/p_reg_reg.
DSP Report: register u/grp_pe_r5_0_Pipeline_l_S_k_1_k1_fu_59/mac_muladd_8s_8s_19s_19_4_1_U1/pe_r5_0_mac_muladd_8s_8s_19s_19_4_1_DSP48_0_U/m_reg_reg is absorbed into DSP u/grp_pe_r5_0_Pipeline_l_S_k_1_k1_fu_59/mac_muladd_8s_8s_19s_19_4_1_U1/pe_r5_0_mac_muladd_8s_8s_19s_19_4_1_DSP48_0_U/p_reg_reg.
DSP Report: operator u/grp_pe_r5_0_Pipeline_l_S_k_1_k1_fu_59/mac_muladd_8s_8s_19s_19_4_1_U1/pe_r5_0_mac_muladd_8s_8s_19s_19_4_1_DSP48_0_U/p is absorbed into DSP u/grp_pe_r5_0_Pipeline_l_S_k_1_k1_fu_59/mac_muladd_8s_8s_19s_19_4_1_U1/pe_r5_0_mac_muladd_8s_8s_19s_19_4_1_DSP48_0_U/p_reg_reg.
DSP Report: operator u/grp_pe_r5_0_Pipeline_l_S_k_1_k1_fu_59/mac_muladd_8s_8s_19s_19_4_1_U1/pe_r5_0_mac_muladd_8s_8s_19s_19_4_1_DSP48_0_U/m is absorbed into DSP u/grp_pe_r5_0_Pipeline_l_S_k_1_k1_fu_59/mac_muladd_8s_8s_19s_19_4_1_U1/pe_r5_0_mac_muladd_8s_8s_19s_19_4_1_DSP48_0_U/p_reg_reg.
DSP Report: Generating DSP u/grp_pe_r0_0_Pipeline_VITIS_LOOP_57_2_fu_81/mac_muladd_8s_8s_32s_32_4_1_U9/pe_r0_0_mac_muladd_8s_8s_32s_32_4_1_DSP48_0_U/p_reg_reg, operation Mode is: (P or C)+(A2*B2)'.
DSP Report: register u/grp_pe_r0_0_Pipeline_VITIS_LOOP_57_2_fu_81/mac_muladd_8s_8s_32s_32_4_1_U9/pe_r0_0_mac_muladd_8s_8s_32s_32_4_1_DSP48_0_U/b_reg_reg is absorbed into DSP u/grp_pe_r0_0_Pipeline_VITIS_LOOP_57_2_fu_81/mac_muladd_8s_8s_32s_32_4_1_U9/pe_r0_0_mac_muladd_8s_8s_32s_32_4_1_DSP48_0_U/p_reg_reg.
DSP Report: register u/grp_pe_r0_0_Pipeline_VITIS_LOOP_57_2_fu_81/mac_muladd_8s_8s_32s_32_4_1_U9/pe_r0_0_mac_muladd_8s_8s_32s_32_4_1_DSP48_0_U/a_reg_reg is absorbed into DSP u/grp_pe_r0_0_Pipeline_VITIS_LOOP_57_2_fu_81/mac_muladd_8s_8s_32s_32_4_1_U9/pe_r0_0_mac_muladd_8s_8s_32s_32_4_1_DSP48_0_U/p_reg_reg.
DSP Report: register u/grp_pe_r0_0_Pipeline_VITIS_LOOP_57_2_fu_81/mac_muladd_8s_8s_32s_32_4_1_U9/pe_r0_0_mac_muladd_8s_8s_32s_32_4_1_DSP48_0_U/p_reg_reg is absorbed into DSP u/grp_pe_r0_0_Pipeline_VITIS_LOOP_57_2_fu_81/mac_muladd_8s_8s_32s_32_4_1_U9/pe_r0_0_mac_muladd_8s_8s_32s_32_4_1_DSP48_0_U/p_reg_reg.
DSP Report: register u/grp_pe_r0_0_Pipeline_VITIS_LOOP_57_2_fu_81/mac_muladd_8s_8s_32s_32_4_1_U9/pe_r0_0_mac_muladd_8s_8s_32s_32_4_1_DSP48_0_U/m_reg_reg is absorbed into DSP u/grp_pe_r0_0_Pipeline_VITIS_LOOP_57_2_fu_81/mac_muladd_8s_8s_32s_32_4_1_U9/pe_r0_0_mac_muladd_8s_8s_32s_32_4_1_DSP48_0_U/p_reg_reg.
DSP Report: operator u/grp_pe_r0_0_Pipeline_VITIS_LOOP_57_2_fu_81/mac_muladd_8s_8s_32s_32_4_1_U9/pe_r0_0_mac_muladd_8s_8s_32s_32_4_1_DSP48_0_U/p is absorbed into DSP u/grp_pe_r0_0_Pipeline_VITIS_LOOP_57_2_fu_81/mac_muladd_8s_8s_32s_32_4_1_U9/pe_r0_0_mac_muladd_8s_8s_32s_32_4_1_DSP48_0_U/p_reg_reg.
DSP Report: operator u/grp_pe_r0_0_Pipeline_VITIS_LOOP_57_2_fu_81/mac_muladd_8s_8s_32s_32_4_1_U9/pe_r0_0_mac_muladd_8s_8s_32s_32_4_1_DSP48_0_U/m is absorbed into DSP u/grp_pe_r0_0_Pipeline_VITIS_LOOP_57_2_fu_81/mac_muladd_8s_8s_32s_32_4_1_U9/pe_r0_0_mac_muladd_8s_8s_32s_32_4_1_DSP48_0_U/p_reg_reg.
DSP Report: Generating DSP u/grp_pe_r0_0_Pipeline_VITIS_LOOP_32_1_fu_67/mac_muladd_8s_8s_32s_32_4_1_U1/pe_r0_0_mac_muladd_8s_8s_32s_32_4_1_DSP48_0_U/p_reg_reg, operation Mode is: (P or C)+(A2*B2)'.
DSP Report: register u/grp_pe_r0_0_Pipeline_VITIS_LOOP_32_1_fu_67/mac_muladd_8s_8s_32s_32_4_1_U1/pe_r0_0_mac_muladd_8s_8s_32s_32_4_1_DSP48_0_U/b_reg_reg is absorbed into DSP u/grp_pe_r0_0_Pipeline_VITIS_LOOP_32_1_fu_67/mac_muladd_8s_8s_32s_32_4_1_U1/pe_r0_0_mac_muladd_8s_8s_32s_32_4_1_DSP48_0_U/p_reg_reg.
DSP Report: register u/grp_pe_r0_0_Pipeline_VITIS_LOOP_32_1_fu_67/mac_muladd_8s_8s_32s_32_4_1_U1/pe_r0_0_mac_muladd_8s_8s_32s_32_4_1_DSP48_0_U/a_reg_reg is absorbed into DSP u/grp_pe_r0_0_Pipeline_VITIS_LOOP_32_1_fu_67/mac_muladd_8s_8s_32s_32_4_1_U1/pe_r0_0_mac_muladd_8s_8s_32s_32_4_1_DSP48_0_U/p_reg_reg.
DSP Report: register u/grp_pe_r0_0_Pipeline_VITIS_LOOP_32_1_fu_67/mac_muladd_8s_8s_32s_32_4_1_U1/pe_r0_0_mac_muladd_8s_8s_32s_32_4_1_DSP48_0_U/p_reg_reg is absorbed into DSP u/grp_pe_r0_0_Pipeline_VITIS_LOOP_32_1_fu_67/mac_muladd_8s_8s_32s_32_4_1_U1/pe_r0_0_mac_muladd_8s_8s_32s_32_4_1_DSP48_0_U/p_reg_reg.
DSP Report: register u/grp_pe_r0_0_Pipeline_VITIS_LOOP_32_1_fu_67/mac_muladd_8s_8s_32s_32_4_1_U1/pe_r0_0_mac_muladd_8s_8s_32s_32_4_1_DSP48_0_U/m_reg_reg is absorbed into DSP u/grp_pe_r0_0_Pipeline_VITIS_LOOP_32_1_fu_67/mac_muladd_8s_8s_32s_32_4_1_U1/pe_r0_0_mac_muladd_8s_8s_32s_32_4_1_DSP48_0_U/p_reg_reg.
DSP Report: operator u/grp_pe_r0_0_Pipeline_VITIS_LOOP_32_1_fu_67/mac_muladd_8s_8s_32s_32_4_1_U1/pe_r0_0_mac_muladd_8s_8s_32s_32_4_1_DSP48_0_U/p is absorbed into DSP u/grp_pe_r0_0_Pipeline_VITIS_LOOP_32_1_fu_67/mac_muladd_8s_8s_32s_32_4_1_U1/pe_r0_0_mac_muladd_8s_8s_32s_32_4_1_DSP48_0_U/p_reg_reg.
DSP Report: operator u/grp_pe_r0_0_Pipeline_VITIS_LOOP_32_1_fu_67/mac_muladd_8s_8s_32s_32_4_1_U1/pe_r0_0_mac_muladd_8s_8s_32s_32_4_1_DSP48_0_U/m is absorbed into DSP u/grp_pe_r0_0_Pipeline_VITIS_LOOP_32_1_fu_67/mac_muladd_8s_8s_32s_32_4_1_U1/pe_r0_0_mac_muladd_8s_8s_32s_32_4_1_DSP48_0_U/p_reg_reg.
DSP Report: Generating DSP u/v16_reg_123_reg, operation Mode is: (A*B)'.
DSP Report: register u/v16_reg_123_reg is absorbed into DSP u/v16_reg_123_reg.
DSP Report: operator u/mul_8s_8s_16_1_1_U10/tmp_product is absorbed into DSP u/v16_reg_123_reg.
DSP Report: Generating DSP u/grp_pe_r6_0_Pipeline_l_S_k_1_k1_fu_71/mac_muladd_8s_8s_19s_19_4_1_U1/pe_r6_0_mac_muladd_8s_8s_19s_19_4_1_DSP48_0_U/p_reg_reg, operation Mode is: (P or C)+(A2*B2)'.
DSP Report: register u/grp_pe_r6_0_Pipeline_l_S_k_1_k1_fu_71/mac_muladd_8s_8s_19s_19_4_1_U1/pe_r6_0_mac_muladd_8s_8s_19s_19_4_1_DSP48_0_U/b_reg_reg is absorbed into DSP u/grp_pe_r6_0_Pipeline_l_S_k_1_k1_fu_71/mac_muladd_8s_8s_19s_19_4_1_U1/pe_r6_0_mac_muladd_8s_8s_19s_19_4_1_DSP48_0_U/p_reg_reg.
DSP Report: register u/grp_pe_r6_0_Pipeline_l_S_k_1_k1_fu_71/mac_muladd_8s_8s_19s_19_4_1_U1/pe_r6_0_mac_muladd_8s_8s_19s_19_4_1_DSP48_0_U/a_reg_reg is absorbed into DSP u/grp_pe_r6_0_Pipeline_l_S_k_1_k1_fu_71/mac_muladd_8s_8s_19s_19_4_1_U1/pe_r6_0_mac_muladd_8s_8s_19s_19_4_1_DSP48_0_U/p_reg_reg.
DSP Report: register u/grp_pe_r6_0_Pipeline_l_S_k_1_k1_fu_71/mac_muladd_8s_8s_19s_19_4_1_U1/pe_r6_0_mac_muladd_8s_8s_19s_19_4_1_DSP48_0_U/p_reg_reg is absorbed into DSP u/grp_pe_r6_0_Pipeline_l_S_k_1_k1_fu_71/mac_muladd_8s_8s_19s_19_4_1_U1/pe_r6_0_mac_muladd_8s_8s_19s_19_4_1_DSP48_0_U/p_reg_reg.
DSP Report: register u/grp_pe_r6_0_Pipeline_l_S_k_1_k1_fu_71/mac_muladd_8s_8s_19s_19_4_1_U1/pe_r6_0_mac_muladd_8s_8s_19s_19_4_1_DSP48_0_U/m_reg_reg is absorbed into DSP u/grp_pe_r6_0_Pipeline_l_S_k_1_k1_fu_71/mac_muladd_8s_8s_19s_19_4_1_U1/pe_r6_0_mac_muladd_8s_8s_19s_19_4_1_DSP48_0_U/p_reg_reg.
DSP Report: operator u/grp_pe_r6_0_Pipeline_l_S_k_1_k1_fu_71/mac_muladd_8s_8s_19s_19_4_1_U1/pe_r6_0_mac_muladd_8s_8s_19s_19_4_1_DSP48_0_U/p is absorbed into DSP u/grp_pe_r6_0_Pipeline_l_S_k_1_k1_fu_71/mac_muladd_8s_8s_19s_19_4_1_U1/pe_r6_0_mac_muladd_8s_8s_19s_19_4_1_DSP48_0_U/p_reg_reg.
DSP Report: operator u/grp_pe_r6_0_Pipeline_l_S_k_1_k1_fu_71/mac_muladd_8s_8s_19s_19_4_1_U1/pe_r6_0_mac_muladd_8s_8s_19s_19_4_1_DSP48_0_U/m is absorbed into DSP u/grp_pe_r6_0_Pipeline_l_S_k_1_k1_fu_71/mac_muladd_8s_8s_19s_19_4_1_U1/pe_r6_0_mac_muladd_8s_8s_19s_19_4_1_DSP48_0_U/p_reg_reg.
DSP Report: Generating DSP u/grp_pe_r7_0_Pipeline_l_S_k_0_k_fu_45/mac_muladd_8s_8s_19s_19_4_1_U1/pe_r7_0_mac_muladd_8s_8s_19s_19_4_1_DSP48_0_U/p_reg_reg, operation Mode is: (P or C)+(A2*B2)'.
DSP Report: register u/grp_pe_r7_0_Pipeline_l_S_k_0_k_fu_45/mac_muladd_8s_8s_19s_19_4_1_U1/pe_r7_0_mac_muladd_8s_8s_19s_19_4_1_DSP48_0_U/b_reg_reg is absorbed into DSP u/grp_pe_r7_0_Pipeline_l_S_k_0_k_fu_45/mac_muladd_8s_8s_19s_19_4_1_U1/pe_r7_0_mac_muladd_8s_8s_19s_19_4_1_DSP48_0_U/p_reg_reg.
DSP Report: register u/grp_pe_r7_0_Pipeline_l_S_k_0_k_fu_45/mac_muladd_8s_8s_19s_19_4_1_U1/pe_r7_0_mac_muladd_8s_8s_19s_19_4_1_DSP48_0_U/a_reg_reg is absorbed into DSP u/grp_pe_r7_0_Pipeline_l_S_k_0_k_fu_45/mac_muladd_8s_8s_19s_19_4_1_U1/pe_r7_0_mac_muladd_8s_8s_19s_19_4_1_DSP48_0_U/p_reg_reg.
DSP Report: register u/grp_pe_r7_0_Pipeline_l_S_k_0_k_fu_45/mac_muladd_8s_8s_19s_19_4_1_U1/pe_r7_0_mac_muladd_8s_8s_19s_19_4_1_DSP48_0_U/p_reg_reg is absorbed into DSP u/grp_pe_r7_0_Pipeline_l_S_k_0_k_fu_45/mac_muladd_8s_8s_19s_19_4_1_U1/pe_r7_0_mac_muladd_8s_8s_19s_19_4_1_DSP48_0_U/p_reg_reg.
DSP Report: register u/grp_pe_r7_0_Pipeline_l_S_k_0_k_fu_45/mac_muladd_8s_8s_19s_19_4_1_U1/pe_r7_0_mac_muladd_8s_8s_19s_19_4_1_DSP48_0_U/m_reg_reg is absorbed into DSP u/grp_pe_r7_0_Pipeline_l_S_k_0_k_fu_45/mac_muladd_8s_8s_19s_19_4_1_U1/pe_r7_0_mac_muladd_8s_8s_19s_19_4_1_DSP48_0_U/p_reg_reg.
DSP Report: operator u/grp_pe_r7_0_Pipeline_l_S_k_0_k_fu_45/mac_muladd_8s_8s_19s_19_4_1_U1/pe_r7_0_mac_muladd_8s_8s_19s_19_4_1_DSP48_0_U/p is absorbed into DSP u/grp_pe_r7_0_Pipeline_l_S_k_0_k_fu_45/mac_muladd_8s_8s_19s_19_4_1_U1/pe_r7_0_mac_muladd_8s_8s_19s_19_4_1_DSP48_0_U/p_reg_reg.
DSP Report: operator u/grp_pe_r7_0_Pipeline_l_S_k_0_k_fu_45/mac_muladd_8s_8s_19s_19_4_1_U1/pe_r7_0_mac_muladd_8s_8s_19s_19_4_1_DSP48_0_U/m is absorbed into DSP u/grp_pe_r7_0_Pipeline_l_S_k_0_k_fu_45/mac_muladd_8s_8s_19s_19_4_1_U1/pe_r7_0_mac_muladd_8s_8s_19s_19_4_1_DSP48_0_U/p_reg_reg.
DSP Report: Generating DSP u/v16_reg_123_reg, operation Mode is: (A*B)'.
DSP Report: register u/v16_reg_123_reg is absorbed into DSP u/v16_reg_123_reg.
DSP Report: operator u/mul_8s_8s_16_1_1_U10/tmp_product is absorbed into DSP u/v16_reg_123_reg.
DSP Report: Generating DSP u/grp_pe_r3_0_Pipeline_l_S_k_1_k1_fu_71/mac_muladd_8s_8s_19s_19_4_1_U1/pe_r3_0_mac_muladd_8s_8s_19s_19_4_1_DSP48_0_U/p_reg_reg, operation Mode is: (P or C)+(A2*B2)'.
DSP Report: register u/grp_pe_r3_0_Pipeline_l_S_k_1_k1_fu_71/mac_muladd_8s_8s_19s_19_4_1_U1/pe_r3_0_mac_muladd_8s_8s_19s_19_4_1_DSP48_0_U/b_reg_reg is absorbed into DSP u/grp_pe_r3_0_Pipeline_l_S_k_1_k1_fu_71/mac_muladd_8s_8s_19s_19_4_1_U1/pe_r3_0_mac_muladd_8s_8s_19s_19_4_1_DSP48_0_U/p_reg_reg.
DSP Report: register u/grp_pe_r3_0_Pipeline_l_S_k_1_k1_fu_71/mac_muladd_8s_8s_19s_19_4_1_U1/pe_r3_0_mac_muladd_8s_8s_19s_19_4_1_DSP48_0_U/a_reg_reg is absorbed into DSP u/grp_pe_r3_0_Pipeline_l_S_k_1_k1_fu_71/mac_muladd_8s_8s_19s_19_4_1_U1/pe_r3_0_mac_muladd_8s_8s_19s_19_4_1_DSP48_0_U/p_reg_reg.
DSP Report: register u/grp_pe_r3_0_Pipeline_l_S_k_1_k1_fu_71/mac_muladd_8s_8s_19s_19_4_1_U1/pe_r3_0_mac_muladd_8s_8s_19s_19_4_1_DSP48_0_U/p_reg_reg is absorbed into DSP u/grp_pe_r3_0_Pipeline_l_S_k_1_k1_fu_71/mac_muladd_8s_8s_19s_19_4_1_U1/pe_r3_0_mac_muladd_8s_8s_19s_19_4_1_DSP48_0_U/p_reg_reg.
DSP Report: register u/grp_pe_r3_0_Pipeline_l_S_k_1_k1_fu_71/mac_muladd_8s_8s_19s_19_4_1_U1/pe_r3_0_mac_muladd_8s_8s_19s_19_4_1_DSP48_0_U/m_reg_reg is absorbed into DSP u/grp_pe_r3_0_Pipeline_l_S_k_1_k1_fu_71/mac_muladd_8s_8s_19s_19_4_1_U1/pe_r3_0_mac_muladd_8s_8s_19s_19_4_1_DSP48_0_U/p_reg_reg.
DSP Report: operator u/grp_pe_r3_0_Pipeline_l_S_k_1_k1_fu_71/mac_muladd_8s_8s_19s_19_4_1_U1/pe_r3_0_mac_muladd_8s_8s_19s_19_4_1_DSP48_0_U/p is absorbed into DSP u/grp_pe_r3_0_Pipeline_l_S_k_1_k1_fu_71/mac_muladd_8s_8s_19s_19_4_1_U1/pe_r3_0_mac_muladd_8s_8s_19s_19_4_1_DSP48_0_U/p_reg_reg.
DSP Report: operator u/grp_pe_r3_0_Pipeline_l_S_k_1_k1_fu_71/mac_muladd_8s_8s_19s_19_4_1_U1/pe_r3_0_mac_muladd_8s_8s_19s_19_4_1_DSP48_0_U/m is absorbed into DSP u/grp_pe_r3_0_Pipeline_l_S_k_1_k1_fu_71/mac_muladd_8s_8s_19s_19_4_1_U1/pe_r3_0_mac_muladd_8s_8s_19s_19_4_1_DSP48_0_U/p_reg_reg.
DSP Report: Generating DSP u/v16_reg_123_reg, operation Mode is: (A*B)'.
DSP Report: register u/v16_reg_123_reg is absorbed into DSP u/v16_reg_123_reg.
DSP Report: operator u/mul_8s_8s_16_1_1_U10/tmp_product is absorbed into DSP u/v16_reg_123_reg.
DSP Report: Generating DSP u/grp_pe_r3_0_Pipeline_l_S_k_1_k1_fu_71/mac_muladd_8s_8s_19s_19_4_1_U1/pe_r3_0_mac_muladd_8s_8s_19s_19_4_1_DSP48_0_U/p_reg_reg, operation Mode is: (P or C)+(A2*B2)'.
DSP Report: register u/grp_pe_r3_0_Pipeline_l_S_k_1_k1_fu_71/mac_muladd_8s_8s_19s_19_4_1_U1/pe_r3_0_mac_muladd_8s_8s_19s_19_4_1_DSP48_0_U/b_reg_reg is absorbed into DSP u/grp_pe_r3_0_Pipeline_l_S_k_1_k1_fu_71/mac_muladd_8s_8s_19s_19_4_1_U1/pe_r3_0_mac_muladd_8s_8s_19s_19_4_1_DSP48_0_U/p_reg_reg.
DSP Report: register u/grp_pe_r3_0_Pipeline_l_S_k_1_k1_fu_71/mac_muladd_8s_8s_19s_19_4_1_U1/pe_r3_0_mac_muladd_8s_8s_19s_19_4_1_DSP48_0_U/a_reg_reg is absorbed into DSP u/grp_pe_r3_0_Pipeline_l_S_k_1_k1_fu_71/mac_muladd_8s_8s_19s_19_4_1_U1/pe_r3_0_mac_muladd_8s_8s_19s_19_4_1_DSP48_0_U/p_reg_reg.
DSP Report: register u/grp_pe_r3_0_Pipeline_l_S_k_1_k1_fu_71/mac_muladd_8s_8s_19s_19_4_1_U1/pe_r3_0_mac_muladd_8s_8s_19s_19_4_1_DSP48_0_U/p_reg_reg is absorbed into DSP u/grp_pe_r3_0_Pipeline_l_S_k_1_k1_fu_71/mac_muladd_8s_8s_19s_19_4_1_U1/pe_r3_0_mac_muladd_8s_8s_19s_19_4_1_DSP48_0_U/p_reg_reg.
DSP Report: register u/grp_pe_r3_0_Pipeline_l_S_k_1_k1_fu_71/mac_muladd_8s_8s_19s_19_4_1_U1/pe_r3_0_mac_muladd_8s_8s_19s_19_4_1_DSP48_0_U/m_reg_reg is absorbed into DSP u/grp_pe_r3_0_Pipeline_l_S_k_1_k1_fu_71/mac_muladd_8s_8s_19s_19_4_1_U1/pe_r3_0_mac_muladd_8s_8s_19s_19_4_1_DSP48_0_U/p_reg_reg.
DSP Report: operator u/grp_pe_r3_0_Pipeline_l_S_k_1_k1_fu_71/mac_muladd_8s_8s_19s_19_4_1_U1/pe_r3_0_mac_muladd_8s_8s_19s_19_4_1_DSP48_0_U/p is absorbed into DSP u/grp_pe_r3_0_Pipeline_l_S_k_1_k1_fu_71/mac_muladd_8s_8s_19s_19_4_1_U1/pe_r3_0_mac_muladd_8s_8s_19s_19_4_1_DSP48_0_U/p_reg_reg.
DSP Report: operator u/grp_pe_r3_0_Pipeline_l_S_k_1_k1_fu_71/mac_muladd_8s_8s_19s_19_4_1_U1/pe_r3_0_mac_muladd_8s_8s_19s_19_4_1_DSP48_0_U/m is absorbed into DSP u/grp_pe_r3_0_Pipeline_l_S_k_1_k1_fu_71/mac_muladd_8s_8s_19s_19_4_1_U1/pe_r3_0_mac_muladd_8s_8s_19s_19_4_1_DSP48_0_U/p_reg_reg.
DSP Report: Generating DSP u/grp_pe_r4_0_Pipeline_l_S_k_0_k_fu_47/mac_muladd_8s_8s_19s_19_4_1_U1/pe_r4_0_mac_muladd_8s_8s_19s_19_4_1_DSP48_0_U/p_reg_reg, operation Mode is: (P or C)+(A2*B2)'.
DSP Report: register u/grp_pe_r4_0_Pipeline_l_S_k_0_k_fu_47/mac_muladd_8s_8s_19s_19_4_1_U1/pe_r4_0_mac_muladd_8s_8s_19s_19_4_1_DSP48_0_U/b_reg_reg is absorbed into DSP u/grp_pe_r4_0_Pipeline_l_S_k_0_k_fu_47/mac_muladd_8s_8s_19s_19_4_1_U1/pe_r4_0_mac_muladd_8s_8s_19s_19_4_1_DSP48_0_U/p_reg_reg.
DSP Report: register u/grp_pe_r4_0_Pipeline_l_S_k_0_k_fu_47/mac_muladd_8s_8s_19s_19_4_1_U1/pe_r4_0_mac_muladd_8s_8s_19s_19_4_1_DSP48_0_U/a_reg_reg is absorbed into DSP u/grp_pe_r4_0_Pipeline_l_S_k_0_k_fu_47/mac_muladd_8s_8s_19s_19_4_1_U1/pe_r4_0_mac_muladd_8s_8s_19s_19_4_1_DSP48_0_U/p_reg_reg.
DSP Report: register u/grp_pe_r4_0_Pipeline_l_S_k_0_k_fu_47/mac_muladd_8s_8s_19s_19_4_1_U1/pe_r4_0_mac_muladd_8s_8s_19s_19_4_1_DSP48_0_U/p_reg_reg is absorbed into DSP u/grp_pe_r4_0_Pipeline_l_S_k_0_k_fu_47/mac_muladd_8s_8s_19s_19_4_1_U1/pe_r4_0_mac_muladd_8s_8s_19s_19_4_1_DSP48_0_U/p_reg_reg.
DSP Report: register u/grp_pe_r4_0_Pipeline_l_S_k_0_k_fu_47/mac_muladd_8s_8s_19s_19_4_1_U1/pe_r4_0_mac_muladd_8s_8s_19s_19_4_1_DSP48_0_U/m_reg_reg is absorbed into DSP u/grp_pe_r4_0_Pipeline_l_S_k_0_k_fu_47/mac_muladd_8s_8s_19s_19_4_1_U1/pe_r4_0_mac_muladd_8s_8s_19s_19_4_1_DSP48_0_U/p_reg_reg.
DSP Report: operator u/grp_pe_r4_0_Pipeline_l_S_k_0_k_fu_47/mac_muladd_8s_8s_19s_19_4_1_U1/pe_r4_0_mac_muladd_8s_8s_19s_19_4_1_DSP48_0_U/p is absorbed into DSP u/grp_pe_r4_0_Pipeline_l_S_k_0_k_fu_47/mac_muladd_8s_8s_19s_19_4_1_U1/pe_r4_0_mac_muladd_8s_8s_19s_19_4_1_DSP48_0_U/p_reg_reg.
DSP Report: operator u/grp_pe_r4_0_Pipeline_l_S_k_0_k_fu_47/mac_muladd_8s_8s_19s_19_4_1_U1/pe_r4_0_mac_muladd_8s_8s_19s_19_4_1_DSP48_0_U/m is absorbed into DSP u/grp_pe_r4_0_Pipeline_l_S_k_0_k_fu_47/mac_muladd_8s_8s_19s_19_4_1_U1/pe_r4_0_mac_muladd_8s_8s_19s_19_4_1_DSP48_0_U/p_reg_reg.
DSP Report: Generating DSP u/grp_pe_r0_0_Pipeline_VITIS_LOOP_57_2_fu_81/mac_muladd_8s_8s_32s_32_4_1_U9/pe_r0_0_mac_muladd_8s_8s_32s_32_4_1_DSP48_0_U/p_reg_reg, operation Mode is: (P or C)+(A2*B2)'.
DSP Report: register u/grp_pe_r0_0_Pipeline_VITIS_LOOP_57_2_fu_81/mac_muladd_8s_8s_32s_32_4_1_U9/pe_r0_0_mac_muladd_8s_8s_32s_32_4_1_DSP48_0_U/b_reg_reg is absorbed into DSP u/grp_pe_r0_0_Pipeline_VITIS_LOOP_57_2_fu_81/mac_muladd_8s_8s_32s_32_4_1_U9/pe_r0_0_mac_muladd_8s_8s_32s_32_4_1_DSP48_0_U/p_reg_reg.
DSP Report: register u/grp_pe_r0_0_Pipeline_VITIS_LOOP_57_2_fu_81/mac_muladd_8s_8s_32s_32_4_1_U9/pe_r0_0_mac_muladd_8s_8s_32s_32_4_1_DSP48_0_U/a_reg_reg is absorbed into DSP u/grp_pe_r0_0_Pipeline_VITIS_LOOP_57_2_fu_81/mac_muladd_8s_8s_32s_32_4_1_U9/pe_r0_0_mac_muladd_8s_8s_32s_32_4_1_DSP48_0_U/p_reg_reg.
DSP Report: register u/grp_pe_r0_0_Pipeline_VITIS_LOOP_57_2_fu_81/mac_muladd_8s_8s_32s_32_4_1_U9/pe_r0_0_mac_muladd_8s_8s_32s_32_4_1_DSP48_0_U/p_reg_reg is absorbed into DSP u/grp_pe_r0_0_Pipeline_VITIS_LOOP_57_2_fu_81/mac_muladd_8s_8s_32s_32_4_1_U9/pe_r0_0_mac_muladd_8s_8s_32s_32_4_1_DSP48_0_U/p_reg_reg.
DSP Report: register u/grp_pe_r0_0_Pipeline_VITIS_LOOP_57_2_fu_81/mac_muladd_8s_8s_32s_32_4_1_U9/pe_r0_0_mac_muladd_8s_8s_32s_32_4_1_DSP48_0_U/m_reg_reg is absorbed into DSP u/grp_pe_r0_0_Pipeline_VITIS_LOOP_57_2_fu_81/mac_muladd_8s_8s_32s_32_4_1_U9/pe_r0_0_mac_muladd_8s_8s_32s_32_4_1_DSP48_0_U/p_reg_reg.
DSP Report: operator u/grp_pe_r0_0_Pipeline_VITIS_LOOP_57_2_fu_81/mac_muladd_8s_8s_32s_32_4_1_U9/pe_r0_0_mac_muladd_8s_8s_32s_32_4_1_DSP48_0_U/p is absorbed into DSP u/grp_pe_r0_0_Pipeline_VITIS_LOOP_57_2_fu_81/mac_muladd_8s_8s_32s_32_4_1_U9/pe_r0_0_mac_muladd_8s_8s_32s_32_4_1_DSP48_0_U/p_reg_reg.
DSP Report: operator u/grp_pe_r0_0_Pipeline_VITIS_LOOP_57_2_fu_81/mac_muladd_8s_8s_32s_32_4_1_U9/pe_r0_0_mac_muladd_8s_8s_32s_32_4_1_DSP48_0_U/m is absorbed into DSP u/grp_pe_r0_0_Pipeline_VITIS_LOOP_57_2_fu_81/mac_muladd_8s_8s_32s_32_4_1_U9/pe_r0_0_mac_muladd_8s_8s_32s_32_4_1_DSP48_0_U/p_reg_reg.
DSP Report: Generating DSP u/grp_pe_r0_0_Pipeline_VITIS_LOOP_32_1_fu_67/mac_muladd_8s_8s_32s_32_4_1_U1/pe_r0_0_mac_muladd_8s_8s_32s_32_4_1_DSP48_0_U/p_reg_reg, operation Mode is: (P or C)+(A2*B2)'.
DSP Report: register u/grp_pe_r0_0_Pipeline_VITIS_LOOP_32_1_fu_67/mac_muladd_8s_8s_32s_32_4_1_U1/pe_r0_0_mac_muladd_8s_8s_32s_32_4_1_DSP48_0_U/b_reg_reg is absorbed into DSP u/grp_pe_r0_0_Pipeline_VITIS_LOOP_32_1_fu_67/mac_muladd_8s_8s_32s_32_4_1_U1/pe_r0_0_mac_muladd_8s_8s_32s_32_4_1_DSP48_0_U/p_reg_reg.
DSP Report: register u/grp_pe_r0_0_Pipeline_VITIS_LOOP_32_1_fu_67/mac_muladd_8s_8s_32s_32_4_1_U1/pe_r0_0_mac_muladd_8s_8s_32s_32_4_1_DSP48_0_U/a_reg_reg is absorbed into DSP u/grp_pe_r0_0_Pipeline_VITIS_LOOP_32_1_fu_67/mac_muladd_8s_8s_32s_32_4_1_U1/pe_r0_0_mac_muladd_8s_8s_32s_32_4_1_DSP48_0_U/p_reg_reg.
DSP Report: register u/grp_pe_r0_0_Pipeline_VITIS_LOOP_32_1_fu_67/mac_muladd_8s_8s_32s_32_4_1_U1/pe_r0_0_mac_muladd_8s_8s_32s_32_4_1_DSP48_0_U/p_reg_reg is absorbed into DSP u/grp_pe_r0_0_Pipeline_VITIS_LOOP_32_1_fu_67/mac_muladd_8s_8s_32s_32_4_1_U1/pe_r0_0_mac_muladd_8s_8s_32s_32_4_1_DSP48_0_U/p_reg_reg.
DSP Report: register u/grp_pe_r0_0_Pipeline_VITIS_LOOP_32_1_fu_67/mac_muladd_8s_8s_32s_32_4_1_U1/pe_r0_0_mac_muladd_8s_8s_32s_32_4_1_DSP48_0_U/m_reg_reg is absorbed into DSP u/grp_pe_r0_0_Pipeline_VITIS_LOOP_32_1_fu_67/mac_muladd_8s_8s_32s_32_4_1_U1/pe_r0_0_mac_muladd_8s_8s_32s_32_4_1_DSP48_0_U/p_reg_reg.
DSP Report: operator u/grp_pe_r0_0_Pipeline_VITIS_LOOP_32_1_fu_67/mac_muladd_8s_8s_32s_32_4_1_U1/pe_r0_0_mac_muladd_8s_8s_32s_32_4_1_DSP48_0_U/p is absorbed into DSP u/grp_pe_r0_0_Pipeline_VITIS_LOOP_32_1_fu_67/mac_muladd_8s_8s_32s_32_4_1_U1/pe_r0_0_mac_muladd_8s_8s_32s_32_4_1_DSP48_0_U/p_reg_reg.
DSP Report: operator u/grp_pe_r0_0_Pipeline_VITIS_LOOP_32_1_fu_67/mac_muladd_8s_8s_32s_32_4_1_U1/pe_r0_0_mac_muladd_8s_8s_32s_32_4_1_DSP48_0_U/m is absorbed into DSP u/grp_pe_r0_0_Pipeline_VITIS_LOOP_32_1_fu_67/mac_muladd_8s_8s_32s_32_4_1_U1/pe_r0_0_mac_muladd_8s_8s_32s_32_4_1_DSP48_0_U/p_reg_reg.
DSP Report: Generating DSP u/grp_pe_r0_0_Pipeline_VITIS_LOOP_57_2_fu_81/mac_muladd_8s_8s_32s_32_4_1_U9/pe_r0_0_mac_muladd_8s_8s_32s_32_4_1_DSP48_0_U/p_reg_reg, operation Mode is: (P or C)+(A2*B2)'.
DSP Report: register u/grp_pe_r0_0_Pipeline_VITIS_LOOP_57_2_fu_81/mac_muladd_8s_8s_32s_32_4_1_U9/pe_r0_0_mac_muladd_8s_8s_32s_32_4_1_DSP48_0_U/b_reg_reg is absorbed into DSP u/grp_pe_r0_0_Pipeline_VITIS_LOOP_57_2_fu_81/mac_muladd_8s_8s_32s_32_4_1_U9/pe_r0_0_mac_muladd_8s_8s_32s_32_4_1_DSP48_0_U/p_reg_reg.
DSP Report: register u/grp_pe_r0_0_Pipeline_VITIS_LOOP_57_2_fu_81/mac_muladd_8s_8s_32s_32_4_1_U9/pe_r0_0_mac_muladd_8s_8s_32s_32_4_1_DSP48_0_U/a_reg_reg is absorbed into DSP u/grp_pe_r0_0_Pipeline_VITIS_LOOP_57_2_fu_81/mac_muladd_8s_8s_32s_32_4_1_U9/pe_r0_0_mac_muladd_8s_8s_32s_32_4_1_DSP48_0_U/p_reg_reg.
DSP Report: register u/grp_pe_r0_0_Pipeline_VITIS_LOOP_57_2_fu_81/mac_muladd_8s_8s_32s_32_4_1_U9/pe_r0_0_mac_muladd_8s_8s_32s_32_4_1_DSP48_0_U/p_reg_reg is absorbed into DSP u/grp_pe_r0_0_Pipeline_VITIS_LOOP_57_2_fu_81/mac_muladd_8s_8s_32s_32_4_1_U9/pe_r0_0_mac_muladd_8s_8s_32s_32_4_1_DSP48_0_U/p_reg_reg.
DSP Report: register u/grp_pe_r0_0_Pipeline_VITIS_LOOP_57_2_fu_81/mac_muladd_8s_8s_32s_32_4_1_U9/pe_r0_0_mac_muladd_8s_8s_32s_32_4_1_DSP48_0_U/m_reg_reg is absorbed into DSP u/grp_pe_r0_0_Pipeline_VITIS_LOOP_57_2_fu_81/mac_muladd_8s_8s_32s_32_4_1_U9/pe_r0_0_mac_muladd_8s_8s_32s_32_4_1_DSP48_0_U/p_reg_reg.
DSP Report: operator u/grp_pe_r0_0_Pipeline_VITIS_LOOP_57_2_fu_81/mac_muladd_8s_8s_32s_32_4_1_U9/pe_r0_0_mac_muladd_8s_8s_32s_32_4_1_DSP48_0_U/p is absorbed into DSP u/grp_pe_r0_0_Pipeline_VITIS_LOOP_57_2_fu_81/mac_muladd_8s_8s_32s_32_4_1_U9/pe_r0_0_mac_muladd_8s_8s_32s_32_4_1_DSP48_0_U/p_reg_reg.
DSP Report: operator u/grp_pe_r0_0_Pipeline_VITIS_LOOP_57_2_fu_81/mac_muladd_8s_8s_32s_32_4_1_U9/pe_r0_0_mac_muladd_8s_8s_32s_32_4_1_DSP48_0_U/m is absorbed into DSP u/grp_pe_r0_0_Pipeline_VITIS_LOOP_57_2_fu_81/mac_muladd_8s_8s_32s_32_4_1_U9/pe_r0_0_mac_muladd_8s_8s_32s_32_4_1_DSP48_0_U/p_reg_reg.
DSP Report: Generating DSP u/grp_pe_r0_0_Pipeline_VITIS_LOOP_32_1_fu_67/mac_muladd_8s_8s_32s_32_4_1_U1/pe_r0_0_mac_muladd_8s_8s_32s_32_4_1_DSP48_0_U/p_reg_reg, operation Mode is: (P or C)+(A2*B2)'.
DSP Report: register u/grp_pe_r0_0_Pipeline_VITIS_LOOP_32_1_fu_67/mac_muladd_8s_8s_32s_32_4_1_U1/pe_r0_0_mac_muladd_8s_8s_32s_32_4_1_DSP48_0_U/b_reg_reg is absorbed into DSP u/grp_pe_r0_0_Pipeline_VITIS_LOOP_32_1_fu_67/mac_muladd_8s_8s_32s_32_4_1_U1/pe_r0_0_mac_muladd_8s_8s_32s_32_4_1_DSP48_0_U/p_reg_reg.
DSP Report: register u/grp_pe_r0_0_Pipeline_VITIS_LOOP_32_1_fu_67/mac_muladd_8s_8s_32s_32_4_1_U1/pe_r0_0_mac_muladd_8s_8s_32s_32_4_1_DSP48_0_U/a_reg_reg is absorbed into DSP u/grp_pe_r0_0_Pipeline_VITIS_LOOP_32_1_fu_67/mac_muladd_8s_8s_32s_32_4_1_U1/pe_r0_0_mac_muladd_8s_8s_32s_32_4_1_DSP48_0_U/p_reg_reg.
DSP Report: register u/grp_pe_r0_0_Pipeline_VITIS_LOOP_32_1_fu_67/mac_muladd_8s_8s_32s_32_4_1_U1/pe_r0_0_mac_muladd_8s_8s_32s_32_4_1_DSP48_0_U/p_reg_reg is absorbed into DSP u/grp_pe_r0_0_Pipeline_VITIS_LOOP_32_1_fu_67/mac_muladd_8s_8s_32s_32_4_1_U1/pe_r0_0_mac_muladd_8s_8s_32s_32_4_1_DSP48_0_U/p_reg_reg.
DSP Report: register u/grp_pe_r0_0_Pipeline_VITIS_LOOP_32_1_fu_67/mac_muladd_8s_8s_32s_32_4_1_U1/pe_r0_0_mac_muladd_8s_8s_32s_32_4_1_DSP48_0_U/m_reg_reg is absorbed into DSP u/grp_pe_r0_0_Pipeline_VITIS_LOOP_32_1_fu_67/mac_muladd_8s_8s_32s_32_4_1_U1/pe_r0_0_mac_muladd_8s_8s_32s_32_4_1_DSP48_0_U/p_reg_reg.
DSP Report: operator u/grp_pe_r0_0_Pipeline_VITIS_LOOP_32_1_fu_67/mac_muladd_8s_8s_32s_32_4_1_U1/pe_r0_0_mac_muladd_8s_8s_32s_32_4_1_DSP48_0_U/p is absorbed into DSP u/grp_pe_r0_0_Pipeline_VITIS_LOOP_32_1_fu_67/mac_muladd_8s_8s_32s_32_4_1_U1/pe_r0_0_mac_muladd_8s_8s_32s_32_4_1_DSP48_0_U/p_reg_reg.
DSP Report: operator u/grp_pe_r0_0_Pipeline_VITIS_LOOP_32_1_fu_67/mac_muladd_8s_8s_32s_32_4_1_U1/pe_r0_0_mac_muladd_8s_8s_32s_32_4_1_DSP48_0_U/m is absorbed into DSP u/grp_pe_r0_0_Pipeline_VITIS_LOOP_32_1_fu_67/mac_muladd_8s_8s_32s_32_4_1_U1/pe_r0_0_mac_muladd_8s_8s_32s_32_4_1_DSP48_0_U/p_reg_reg.
DSP Report: Generating DSP u/grp_pe_r0_0_Pipeline_VITIS_LOOP_57_2_fu_81/mac_muladd_8s_8s_32s_32_4_1_U9/pe_r0_0_mac_muladd_8s_8s_32s_32_4_1_DSP48_0_U/p_reg_reg, operation Mode is: (P or C)+(A2*B2)'.
DSP Report: register u/grp_pe_r0_0_Pipeline_VITIS_LOOP_57_2_fu_81/mac_muladd_8s_8s_32s_32_4_1_U9/pe_r0_0_mac_muladd_8s_8s_32s_32_4_1_DSP48_0_U/b_reg_reg is absorbed into DSP u/grp_pe_r0_0_Pipeline_VITIS_LOOP_57_2_fu_81/mac_muladd_8s_8s_32s_32_4_1_U9/pe_r0_0_mac_muladd_8s_8s_32s_32_4_1_DSP48_0_U/p_reg_reg.
DSP Report: register u/grp_pe_r0_0_Pipeline_VITIS_LOOP_57_2_fu_81/mac_muladd_8s_8s_32s_32_4_1_U9/pe_r0_0_mac_muladd_8s_8s_32s_32_4_1_DSP48_0_U/a_reg_reg is absorbed into DSP u/grp_pe_r0_0_Pipeline_VITIS_LOOP_57_2_fu_81/mac_muladd_8s_8s_32s_32_4_1_U9/pe_r0_0_mac_muladd_8s_8s_32s_32_4_1_DSP48_0_U/p_reg_reg.
DSP Report: register u/grp_pe_r0_0_Pipeline_VITIS_LOOP_57_2_fu_81/mac_muladd_8s_8s_32s_32_4_1_U9/pe_r0_0_mac_muladd_8s_8s_32s_32_4_1_DSP48_0_U/p_reg_reg is absorbed into DSP u/grp_pe_r0_0_Pipeline_VITIS_LOOP_57_2_fu_81/mac_muladd_8s_8s_32s_32_4_1_U9/pe_r0_0_mac_muladd_8s_8s_32s_32_4_1_DSP48_0_U/p_reg_reg.
DSP Report: register u/grp_pe_r0_0_Pipeline_VITIS_LOOP_57_2_fu_81/mac_muladd_8s_8s_32s_32_4_1_U9/pe_r0_0_mac_muladd_8s_8s_32s_32_4_1_DSP48_0_U/m_reg_reg is absorbed into DSP u/grp_pe_r0_0_Pipeline_VITIS_LOOP_57_2_fu_81/mac_muladd_8s_8s_32s_32_4_1_U9/pe_r0_0_mac_muladd_8s_8s_32s_32_4_1_DSP48_0_U/p_reg_reg.
DSP Report: operator u/grp_pe_r0_0_Pipeline_VITIS_LOOP_57_2_fu_81/mac_muladd_8s_8s_32s_32_4_1_U9/pe_r0_0_mac_muladd_8s_8s_32s_32_4_1_DSP48_0_U/p is absorbed into DSP u/grp_pe_r0_0_Pipeline_VITIS_LOOP_57_2_fu_81/mac_muladd_8s_8s_32s_32_4_1_U9/pe_r0_0_mac_muladd_8s_8s_32s_32_4_1_DSP48_0_U/p_reg_reg.
DSP Report: operator u/grp_pe_r0_0_Pipeline_VITIS_LOOP_57_2_fu_81/mac_muladd_8s_8s_32s_32_4_1_U9/pe_r0_0_mac_muladd_8s_8s_32s_32_4_1_DSP48_0_U/m is absorbed into DSP u/grp_pe_r0_0_Pipeline_VITIS_LOOP_57_2_fu_81/mac_muladd_8s_8s_32s_32_4_1_U9/pe_r0_0_mac_muladd_8s_8s_32s_32_4_1_DSP48_0_U/p_reg_reg.
DSP Report: Generating DSP u/grp_pe_r0_0_Pipeline_VITIS_LOOP_32_1_fu_67/mac_muladd_8s_8s_32s_32_4_1_U1/pe_r0_0_mac_muladd_8s_8s_32s_32_4_1_DSP48_0_U/p_reg_reg, operation Mode is: (P or C)+(A2*B2)'.
DSP Report: register u/grp_pe_r0_0_Pipeline_VITIS_LOOP_32_1_fu_67/mac_muladd_8s_8s_32s_32_4_1_U1/pe_r0_0_mac_muladd_8s_8s_32s_32_4_1_DSP48_0_U/b_reg_reg is absorbed into DSP u/grp_pe_r0_0_Pipeline_VITIS_LOOP_32_1_fu_67/mac_muladd_8s_8s_32s_32_4_1_U1/pe_r0_0_mac_muladd_8s_8s_32s_32_4_1_DSP48_0_U/p_reg_reg.
DSP Report: register u/grp_pe_r0_0_Pipeline_VITIS_LOOP_32_1_fu_67/mac_muladd_8s_8s_32s_32_4_1_U1/pe_r0_0_mac_muladd_8s_8s_32s_32_4_1_DSP48_0_U/a_reg_reg is absorbed into DSP u/grp_pe_r0_0_Pipeline_VITIS_LOOP_32_1_fu_67/mac_muladd_8s_8s_32s_32_4_1_U1/pe_r0_0_mac_muladd_8s_8s_32s_32_4_1_DSP48_0_U/p_reg_reg.
DSP Report: register u/grp_pe_r0_0_Pipeline_VITIS_LOOP_32_1_fu_67/mac_muladd_8s_8s_32s_32_4_1_U1/pe_r0_0_mac_muladd_8s_8s_32s_32_4_1_DSP48_0_U/p_reg_reg is absorbed into DSP u/grp_pe_r0_0_Pipeline_VITIS_LOOP_32_1_fu_67/mac_muladd_8s_8s_32s_32_4_1_U1/pe_r0_0_mac_muladd_8s_8s_32s_32_4_1_DSP48_0_U/p_reg_reg.
DSP Report: register u/grp_pe_r0_0_Pipeline_VITIS_LOOP_32_1_fu_67/mac_muladd_8s_8s_32s_32_4_1_U1/pe_r0_0_mac_muladd_8s_8s_32s_32_4_1_DSP48_0_U/m_reg_reg is absorbed into DSP u/grp_pe_r0_0_Pipeline_VITIS_LOOP_32_1_fu_67/mac_muladd_8s_8s_32s_32_4_1_U1/pe_r0_0_mac_muladd_8s_8s_32s_32_4_1_DSP48_0_U/p_reg_reg.
DSP Report: operator u/grp_pe_r0_0_Pipeline_VITIS_LOOP_32_1_fu_67/mac_muladd_8s_8s_32s_32_4_1_U1/pe_r0_0_mac_muladd_8s_8s_32s_32_4_1_DSP48_0_U/p is absorbed into DSP u/grp_pe_r0_0_Pipeline_VITIS_LOOP_32_1_fu_67/mac_muladd_8s_8s_32s_32_4_1_U1/pe_r0_0_mac_muladd_8s_8s_32s_32_4_1_DSP48_0_U/p_reg_reg.
DSP Report: operator u/grp_pe_r0_0_Pipeline_VITIS_LOOP_32_1_fu_67/mac_muladd_8s_8s_32s_32_4_1_U1/pe_r0_0_mac_muladd_8s_8s_32s_32_4_1_DSP48_0_U/m is absorbed into DSP u/grp_pe_r0_0_Pipeline_VITIS_LOOP_32_1_fu_67/mac_muladd_8s_8s_32s_32_4_1_U1/pe_r0_0_mac_muladd_8s_8s_32s_32_4_1_DSP48_0_U/p_reg_reg.
DSP Report: Generating DSP u/grp_pe_r0_0_Pipeline_VITIS_LOOP_57_2_fu_81/mac_muladd_8s_8s_32s_32_4_1_U9/pe_r0_0_mac_muladd_8s_8s_32s_32_4_1_DSP48_0_U/p_reg_reg, operation Mode is: (P or C)+(A2*B2)'.
DSP Report: register u/grp_pe_r0_0_Pipeline_VITIS_LOOP_57_2_fu_81/mac_muladd_8s_8s_32s_32_4_1_U9/pe_r0_0_mac_muladd_8s_8s_32s_32_4_1_DSP48_0_U/b_reg_reg is absorbed into DSP u/grp_pe_r0_0_Pipeline_VITIS_LOOP_57_2_fu_81/mac_muladd_8s_8s_32s_32_4_1_U9/pe_r0_0_mac_muladd_8s_8s_32s_32_4_1_DSP48_0_U/p_reg_reg.
DSP Report: register u/grp_pe_r0_0_Pipeline_VITIS_LOOP_57_2_fu_81/mac_muladd_8s_8s_32s_32_4_1_U9/pe_r0_0_mac_muladd_8s_8s_32s_32_4_1_DSP48_0_U/a_reg_reg is absorbed into DSP u/grp_pe_r0_0_Pipeline_VITIS_LOOP_57_2_fu_81/mac_muladd_8s_8s_32s_32_4_1_U9/pe_r0_0_mac_muladd_8s_8s_32s_32_4_1_DSP48_0_U/p_reg_reg.
DSP Report: register u/grp_pe_r0_0_Pipeline_VITIS_LOOP_57_2_fu_81/mac_muladd_8s_8s_32s_32_4_1_U9/pe_r0_0_mac_muladd_8s_8s_32s_32_4_1_DSP48_0_U/p_reg_reg is absorbed into DSP u/grp_pe_r0_0_Pipeline_VITIS_LOOP_57_2_fu_81/mac_muladd_8s_8s_32s_32_4_1_U9/pe_r0_0_mac_muladd_8s_8s_32s_32_4_1_DSP48_0_U/p_reg_reg.
DSP Report: register u/grp_pe_r0_0_Pipeline_VITIS_LOOP_57_2_fu_81/mac_muladd_8s_8s_32s_32_4_1_U9/pe_r0_0_mac_muladd_8s_8s_32s_32_4_1_DSP48_0_U/m_reg_reg is absorbed into DSP u/grp_pe_r0_0_Pipeline_VITIS_LOOP_57_2_fu_81/mac_muladd_8s_8s_32s_32_4_1_U9/pe_r0_0_mac_muladd_8s_8s_32s_32_4_1_DSP48_0_U/p_reg_reg.
DSP Report: operator u/grp_pe_r0_0_Pipeline_VITIS_LOOP_57_2_fu_81/mac_muladd_8s_8s_32s_32_4_1_U9/pe_r0_0_mac_muladd_8s_8s_32s_32_4_1_DSP48_0_U/p is absorbed into DSP u/grp_pe_r0_0_Pipeline_VITIS_LOOP_57_2_fu_81/mac_muladd_8s_8s_32s_32_4_1_U9/pe_r0_0_mac_muladd_8s_8s_32s_32_4_1_DSP48_0_U/p_reg_reg.
DSP Report: operator u/grp_pe_r0_0_Pipeline_VITIS_LOOP_57_2_fu_81/mac_muladd_8s_8s_32s_32_4_1_U9/pe_r0_0_mac_muladd_8s_8s_32s_32_4_1_DSP48_0_U/m is absorbed into DSP u/grp_pe_r0_0_Pipeline_VITIS_LOOP_57_2_fu_81/mac_muladd_8s_8s_32s_32_4_1_U9/pe_r0_0_mac_muladd_8s_8s_32s_32_4_1_DSP48_0_U/p_reg_reg.
DSP Report: Generating DSP u/grp_pe_r0_0_Pipeline_VITIS_LOOP_32_1_fu_67/mac_muladd_8s_8s_32s_32_4_1_U1/pe_r0_0_mac_muladd_8s_8s_32s_32_4_1_DSP48_0_U/p_reg_reg, operation Mode is: (P or C)+(A2*B2)'.
DSP Report: register u/grp_pe_r0_0_Pipeline_VITIS_LOOP_32_1_fu_67/mac_muladd_8s_8s_32s_32_4_1_U1/pe_r0_0_mac_muladd_8s_8s_32s_32_4_1_DSP48_0_U/b_reg_reg is absorbed into DSP u/grp_pe_r0_0_Pipeline_VITIS_LOOP_32_1_fu_67/mac_muladd_8s_8s_32s_32_4_1_U1/pe_r0_0_mac_muladd_8s_8s_32s_32_4_1_DSP48_0_U/p_reg_reg.
DSP Report: register u/grp_pe_r0_0_Pipeline_VITIS_LOOP_32_1_fu_67/mac_muladd_8s_8s_32s_32_4_1_U1/pe_r0_0_mac_muladd_8s_8s_32s_32_4_1_DSP48_0_U/a_reg_reg is absorbed into DSP u/grp_pe_r0_0_Pipeline_VITIS_LOOP_32_1_fu_67/mac_muladd_8s_8s_32s_32_4_1_U1/pe_r0_0_mac_muladd_8s_8s_32s_32_4_1_DSP48_0_U/p_reg_reg.
DSP Report: register u/grp_pe_r0_0_Pipeline_VITIS_LOOP_32_1_fu_67/mac_muladd_8s_8s_32s_32_4_1_U1/pe_r0_0_mac_muladd_8s_8s_32s_32_4_1_DSP48_0_U/p_reg_reg is absorbed into DSP u/grp_pe_r0_0_Pipeline_VITIS_LOOP_32_1_fu_67/mac_muladd_8s_8s_32s_32_4_1_U1/pe_r0_0_mac_muladd_8s_8s_32s_32_4_1_DSP48_0_U/p_reg_reg.
DSP Report: register u/grp_pe_r0_0_Pipeline_VITIS_LOOP_32_1_fu_67/mac_muladd_8s_8s_32s_32_4_1_U1/pe_r0_0_mac_muladd_8s_8s_32s_32_4_1_DSP48_0_U/m_reg_reg is absorbed into DSP u/grp_pe_r0_0_Pipeline_VITIS_LOOP_32_1_fu_67/mac_muladd_8s_8s_32s_32_4_1_U1/pe_r0_0_mac_muladd_8s_8s_32s_32_4_1_DSP48_0_U/p_reg_reg.
DSP Report: operator u/grp_pe_r0_0_Pipeline_VITIS_LOOP_32_1_fu_67/mac_muladd_8s_8s_32s_32_4_1_U1/pe_r0_0_mac_muladd_8s_8s_32s_32_4_1_DSP48_0_U/p is absorbed into DSP u/grp_pe_r0_0_Pipeline_VITIS_LOOP_32_1_fu_67/mac_muladd_8s_8s_32s_32_4_1_U1/pe_r0_0_mac_muladd_8s_8s_32s_32_4_1_DSP48_0_U/p_reg_reg.
DSP Report: operator u/grp_pe_r0_0_Pipeline_VITIS_LOOP_32_1_fu_67/mac_muladd_8s_8s_32s_32_4_1_U1/pe_r0_0_mac_muladd_8s_8s_32s_32_4_1_DSP48_0_U/m is absorbed into DSP u/grp_pe_r0_0_Pipeline_VITIS_LOOP_32_1_fu_67/mac_muladd_8s_8s_32s_32_4_1_U1/pe_r0_0_mac_muladd_8s_8s_32s_32_4_1_DSP48_0_U/p_reg_reg.
DSP Report: Generating DSP u/grp_pe_r0_0_Pipeline_VITIS_LOOP_57_2_fu_81/mac_muladd_8s_8s_32s_32_4_1_U9/pe_r0_0_mac_muladd_8s_8s_32s_32_4_1_DSP48_0_U/p_reg_reg, operation Mode is: (P or C)+(A2*B2)'.
DSP Report: register u/grp_pe_r0_0_Pipeline_VITIS_LOOP_57_2_fu_81/mac_muladd_8s_8s_32s_32_4_1_U9/pe_r0_0_mac_muladd_8s_8s_32s_32_4_1_DSP48_0_U/b_reg_reg is absorbed into DSP u/grp_pe_r0_0_Pipeline_VITIS_LOOP_57_2_fu_81/mac_muladd_8s_8s_32s_32_4_1_U9/pe_r0_0_mac_muladd_8s_8s_32s_32_4_1_DSP48_0_U/p_reg_reg.
DSP Report: register u/grp_pe_r0_0_Pipeline_VITIS_LOOP_57_2_fu_81/mac_muladd_8s_8s_32s_32_4_1_U9/pe_r0_0_mac_muladd_8s_8s_32s_32_4_1_DSP48_0_U/a_reg_reg is absorbed into DSP u/grp_pe_r0_0_Pipeline_VITIS_LOOP_57_2_fu_81/mac_muladd_8s_8s_32s_32_4_1_U9/pe_r0_0_mac_muladd_8s_8s_32s_32_4_1_DSP48_0_U/p_reg_reg.
DSP Report: register u/grp_pe_r0_0_Pipeline_VITIS_LOOP_57_2_fu_81/mac_muladd_8s_8s_32s_32_4_1_U9/pe_r0_0_mac_muladd_8s_8s_32s_32_4_1_DSP48_0_U/p_reg_reg is absorbed into DSP u/grp_pe_r0_0_Pipeline_VITIS_LOOP_57_2_fu_81/mac_muladd_8s_8s_32s_32_4_1_U9/pe_r0_0_mac_muladd_8s_8s_32s_32_4_1_DSP48_0_U/p_reg_reg.
DSP Report: register u/grp_pe_r0_0_Pipeline_VITIS_LOOP_57_2_fu_81/mac_muladd_8s_8s_32s_32_4_1_U9/pe_r0_0_mac_muladd_8s_8s_32s_32_4_1_DSP48_0_U/m_reg_reg is absorbed into DSP u/grp_pe_r0_0_Pipeline_VITIS_LOOP_57_2_fu_81/mac_muladd_8s_8s_32s_32_4_1_U9/pe_r0_0_mac_muladd_8s_8s_32s_32_4_1_DSP48_0_U/p_reg_reg.
DSP Report: operator u/grp_pe_r0_0_Pipeline_VITIS_LOOP_57_2_fu_81/mac_muladd_8s_8s_32s_32_4_1_U9/pe_r0_0_mac_muladd_8s_8s_32s_32_4_1_DSP48_0_U/p is absorbed into DSP u/grp_pe_r0_0_Pipeline_VITIS_LOOP_57_2_fu_81/mac_muladd_8s_8s_32s_32_4_1_U9/pe_r0_0_mac_muladd_8s_8s_32s_32_4_1_DSP48_0_U/p_reg_reg.
DSP Report: operator u/grp_pe_r0_0_Pipeline_VITIS_LOOP_57_2_fu_81/mac_muladd_8s_8s_32s_32_4_1_U9/pe_r0_0_mac_muladd_8s_8s_32s_32_4_1_DSP48_0_U/m is absorbed into DSP u/grp_pe_r0_0_Pipeline_VITIS_LOOP_57_2_fu_81/mac_muladd_8s_8s_32s_32_4_1_U9/pe_r0_0_mac_muladd_8s_8s_32s_32_4_1_DSP48_0_U/p_reg_reg.
DSP Report: Generating DSP u/grp_pe_r0_0_Pipeline_VITIS_LOOP_32_1_fu_67/mac_muladd_8s_8s_32s_32_4_1_U1/pe_r0_0_mac_muladd_8s_8s_32s_32_4_1_DSP48_0_U/p_reg_reg, operation Mode is: (P or C)+(A2*B2)'.
DSP Report: register u/grp_pe_r0_0_Pipeline_VITIS_LOOP_32_1_fu_67/mac_muladd_8s_8s_32s_32_4_1_U1/pe_r0_0_mac_muladd_8s_8s_32s_32_4_1_DSP48_0_U/b_reg_reg is absorbed into DSP u/grp_pe_r0_0_Pipeline_VITIS_LOOP_32_1_fu_67/mac_muladd_8s_8s_32s_32_4_1_U1/pe_r0_0_mac_muladd_8s_8s_32s_32_4_1_DSP48_0_U/p_reg_reg.
DSP Report: register u/grp_pe_r0_0_Pipeline_VITIS_LOOP_32_1_fu_67/mac_muladd_8s_8s_32s_32_4_1_U1/pe_r0_0_mac_muladd_8s_8s_32s_32_4_1_DSP48_0_U/a_reg_reg is absorbed into DSP u/grp_pe_r0_0_Pipeline_VITIS_LOOP_32_1_fu_67/mac_muladd_8s_8s_32s_32_4_1_U1/pe_r0_0_mac_muladd_8s_8s_32s_32_4_1_DSP48_0_U/p_reg_reg.
DSP Report: register u/grp_pe_r0_0_Pipeline_VITIS_LOOP_32_1_fu_67/mac_muladd_8s_8s_32s_32_4_1_U1/pe_r0_0_mac_muladd_8s_8s_32s_32_4_1_DSP48_0_U/p_reg_reg is absorbed into DSP u/grp_pe_r0_0_Pipeline_VITIS_LOOP_32_1_fu_67/mac_muladd_8s_8s_32s_32_4_1_U1/pe_r0_0_mac_muladd_8s_8s_32s_32_4_1_DSP48_0_U/p_reg_reg.
DSP Report: register u/grp_pe_r0_0_Pipeline_VITIS_LOOP_32_1_fu_67/mac_muladd_8s_8s_32s_32_4_1_U1/pe_r0_0_mac_muladd_8s_8s_32s_32_4_1_DSP48_0_U/m_reg_reg is absorbed into DSP u/grp_pe_r0_0_Pipeline_VITIS_LOOP_32_1_fu_67/mac_muladd_8s_8s_32s_32_4_1_U1/pe_r0_0_mac_muladd_8s_8s_32s_32_4_1_DSP48_0_U/p_reg_reg.
DSP Report: operator u/grp_pe_r0_0_Pipeline_VITIS_LOOP_32_1_fu_67/mac_muladd_8s_8s_32s_32_4_1_U1/pe_r0_0_mac_muladd_8s_8s_32s_32_4_1_DSP48_0_U/p is absorbed into DSP u/grp_pe_r0_0_Pipeline_VITIS_LOOP_32_1_fu_67/mac_muladd_8s_8s_32s_32_4_1_U1/pe_r0_0_mac_muladd_8s_8s_32s_32_4_1_DSP48_0_U/p_reg_reg.
DSP Report: operator u/grp_pe_r0_0_Pipeline_VITIS_LOOP_32_1_fu_67/mac_muladd_8s_8s_32s_32_4_1_U1/pe_r0_0_mac_muladd_8s_8s_32s_32_4_1_DSP48_0_U/m is absorbed into DSP u/grp_pe_r0_0_Pipeline_VITIS_LOOP_32_1_fu_67/mac_muladd_8s_8s_32s_32_4_1_U1/pe_r0_0_mac_muladd_8s_8s_32s_32_4_1_DSP48_0_U/p_reg_reg.
DSP Report: Generating DSP u/grp_pe_r0_0_Pipeline_VITIS_LOOP_57_2_fu_81/mac_muladd_8s_8s_32s_32_4_1_U9/pe_r0_0_mac_muladd_8s_8s_32s_32_4_1_DSP48_0_U/p_reg_reg, operation Mode is: (P or C)+(A2*B2)'.
DSP Report: register u/grp_pe_r0_0_Pipeline_VITIS_LOOP_57_2_fu_81/mac_muladd_8s_8s_32s_32_4_1_U9/pe_r0_0_mac_muladd_8s_8s_32s_32_4_1_DSP48_0_U/b_reg_reg is absorbed into DSP u/grp_pe_r0_0_Pipeline_VITIS_LOOP_57_2_fu_81/mac_muladd_8s_8s_32s_32_4_1_U9/pe_r0_0_mac_muladd_8s_8s_32s_32_4_1_DSP48_0_U/p_reg_reg.
DSP Report: register u/grp_pe_r0_0_Pipeline_VITIS_LOOP_57_2_fu_81/mac_muladd_8s_8s_32s_32_4_1_U9/pe_r0_0_mac_muladd_8s_8s_32s_32_4_1_DSP48_0_U/a_reg_reg is absorbed into DSP u/grp_pe_r0_0_Pipeline_VITIS_LOOP_57_2_fu_81/mac_muladd_8s_8s_32s_32_4_1_U9/pe_r0_0_mac_muladd_8s_8s_32s_32_4_1_DSP48_0_U/p_reg_reg.
DSP Report: register u/grp_pe_r0_0_Pipeline_VITIS_LOOP_57_2_fu_81/mac_muladd_8s_8s_32s_32_4_1_U9/pe_r0_0_mac_muladd_8s_8s_32s_32_4_1_DSP48_0_U/p_reg_reg is absorbed into DSP u/grp_pe_r0_0_Pipeline_VITIS_LOOP_57_2_fu_81/mac_muladd_8s_8s_32s_32_4_1_U9/pe_r0_0_mac_muladd_8s_8s_32s_32_4_1_DSP48_0_U/p_reg_reg.
DSP Report: register u/grp_pe_r0_0_Pipeline_VITIS_LOOP_57_2_fu_81/mac_muladd_8s_8s_32s_32_4_1_U9/pe_r0_0_mac_muladd_8s_8s_32s_32_4_1_DSP48_0_U/m_reg_reg is absorbed into DSP u/grp_pe_r0_0_Pipeline_VITIS_LOOP_57_2_fu_81/mac_muladd_8s_8s_32s_32_4_1_U9/pe_r0_0_mac_muladd_8s_8s_32s_32_4_1_DSP48_0_U/p_reg_reg.
DSP Report: operator u/grp_pe_r0_0_Pipeline_VITIS_LOOP_57_2_fu_81/mac_muladd_8s_8s_32s_32_4_1_U9/pe_r0_0_mac_muladd_8s_8s_32s_32_4_1_DSP48_0_U/p is absorbed into DSP u/grp_pe_r0_0_Pipeline_VITIS_LOOP_57_2_fu_81/mac_muladd_8s_8s_32s_32_4_1_U9/pe_r0_0_mac_muladd_8s_8s_32s_32_4_1_DSP48_0_U/p_reg_reg.
DSP Report: operator u/grp_pe_r0_0_Pipeline_VITIS_LOOP_57_2_fu_81/mac_muladd_8s_8s_32s_32_4_1_U9/pe_r0_0_mac_muladd_8s_8s_32s_32_4_1_DSP48_0_U/m is absorbed into DSP u/grp_pe_r0_0_Pipeline_VITIS_LOOP_57_2_fu_81/mac_muladd_8s_8s_32s_32_4_1_U9/pe_r0_0_mac_muladd_8s_8s_32s_32_4_1_DSP48_0_U/p_reg_reg.
DSP Report: Generating DSP u/grp_pe_r0_0_Pipeline_VITIS_LOOP_32_1_fu_67/mac_muladd_8s_8s_32s_32_4_1_U1/pe_r0_0_mac_muladd_8s_8s_32s_32_4_1_DSP48_0_U/p_reg_reg, operation Mode is: (P or C)+(A2*B2)'.
DSP Report: register u/grp_pe_r0_0_Pipeline_VITIS_LOOP_32_1_fu_67/mac_muladd_8s_8s_32s_32_4_1_U1/pe_r0_0_mac_muladd_8s_8s_32s_32_4_1_DSP48_0_U/b_reg_reg is absorbed into DSP u/grp_pe_r0_0_Pipeline_VITIS_LOOP_32_1_fu_67/mac_muladd_8s_8s_32s_32_4_1_U1/pe_r0_0_mac_muladd_8s_8s_32s_32_4_1_DSP48_0_U/p_reg_reg.
DSP Report: register u/grp_pe_r0_0_Pipeline_VITIS_LOOP_32_1_fu_67/mac_muladd_8s_8s_32s_32_4_1_U1/pe_r0_0_mac_muladd_8s_8s_32s_32_4_1_DSP48_0_U/a_reg_reg is absorbed into DSP u/grp_pe_r0_0_Pipeline_VITIS_LOOP_32_1_fu_67/mac_muladd_8s_8s_32s_32_4_1_U1/pe_r0_0_mac_muladd_8s_8s_32s_32_4_1_DSP48_0_U/p_reg_reg.
DSP Report: register u/grp_pe_r0_0_Pipeline_VITIS_LOOP_32_1_fu_67/mac_muladd_8s_8s_32s_32_4_1_U1/pe_r0_0_mac_muladd_8s_8s_32s_32_4_1_DSP48_0_U/p_reg_reg is absorbed into DSP u/grp_pe_r0_0_Pipeline_VITIS_LOOP_32_1_fu_67/mac_muladd_8s_8s_32s_32_4_1_U1/pe_r0_0_mac_muladd_8s_8s_32s_32_4_1_DSP48_0_U/p_reg_reg.
DSP Report: register u/grp_pe_r0_0_Pipeline_VITIS_LOOP_32_1_fu_67/mac_muladd_8s_8s_32s_32_4_1_U1/pe_r0_0_mac_muladd_8s_8s_32s_32_4_1_DSP48_0_U/m_reg_reg is absorbed into DSP u/grp_pe_r0_0_Pipeline_VITIS_LOOP_32_1_fu_67/mac_muladd_8s_8s_32s_32_4_1_U1/pe_r0_0_mac_muladd_8s_8s_32s_32_4_1_DSP48_0_U/p_reg_reg.
DSP Report: operator u/grp_pe_r0_0_Pipeline_VITIS_LOOP_32_1_fu_67/mac_muladd_8s_8s_32s_32_4_1_U1/pe_r0_0_mac_muladd_8s_8s_32s_32_4_1_DSP48_0_U/p is absorbed into DSP u/grp_pe_r0_0_Pipeline_VITIS_LOOP_32_1_fu_67/mac_muladd_8s_8s_32s_32_4_1_U1/pe_r0_0_mac_muladd_8s_8s_32s_32_4_1_DSP48_0_U/p_reg_reg.
DSP Report: operator u/grp_pe_r0_0_Pipeline_VITIS_LOOP_32_1_fu_67/mac_muladd_8s_8s_32s_32_4_1_U1/pe_r0_0_mac_muladd_8s_8s_32s_32_4_1_DSP48_0_U/m is absorbed into DSP u/grp_pe_r0_0_Pipeline_VITIS_LOOP_32_1_fu_67/mac_muladd_8s_8s_32s_32_4_1_U1/pe_r0_0_mac_muladd_8s_8s_32s_32_4_1_DSP48_0_U/p_reg_reg.
DSP Report: Generating DSP u/grp_pe_r0_0_Pipeline_VITIS_LOOP_57_2_fu_81/mac_muladd_8s_8s_32s_32_4_1_U9/pe_r0_0_mac_muladd_8s_8s_32s_32_4_1_DSP48_0_U/p_reg_reg, operation Mode is: (P or C)+(A2*B2)'.
DSP Report: register u/grp_pe_r0_0_Pipeline_VITIS_LOOP_57_2_fu_81/mac_muladd_8s_8s_32s_32_4_1_U9/pe_r0_0_mac_muladd_8s_8s_32s_32_4_1_DSP48_0_U/b_reg_reg is absorbed into DSP u/grp_pe_r0_0_Pipeline_VITIS_LOOP_57_2_fu_81/mac_muladd_8s_8s_32s_32_4_1_U9/pe_r0_0_mac_muladd_8s_8s_32s_32_4_1_DSP48_0_U/p_reg_reg.
DSP Report: register u/grp_pe_r0_0_Pipeline_VITIS_LOOP_57_2_fu_81/mac_muladd_8s_8s_32s_32_4_1_U9/pe_r0_0_mac_muladd_8s_8s_32s_32_4_1_DSP48_0_U/a_reg_reg is absorbed into DSP u/grp_pe_r0_0_Pipeline_VITIS_LOOP_57_2_fu_81/mac_muladd_8s_8s_32s_32_4_1_U9/pe_r0_0_mac_muladd_8s_8s_32s_32_4_1_DSP48_0_U/p_reg_reg.
DSP Report: register u/grp_pe_r0_0_Pipeline_VITIS_LOOP_57_2_fu_81/mac_muladd_8s_8s_32s_32_4_1_U9/pe_r0_0_mac_muladd_8s_8s_32s_32_4_1_DSP48_0_U/p_reg_reg is absorbed into DSP u/grp_pe_r0_0_Pipeline_VITIS_LOOP_57_2_fu_81/mac_muladd_8s_8s_32s_32_4_1_U9/pe_r0_0_mac_muladd_8s_8s_32s_32_4_1_DSP48_0_U/p_reg_reg.
DSP Report: register u/grp_pe_r0_0_Pipeline_VITIS_LOOP_57_2_fu_81/mac_muladd_8s_8s_32s_32_4_1_U9/pe_r0_0_mac_muladd_8s_8s_32s_32_4_1_DSP48_0_U/m_reg_reg is absorbed into DSP u/grp_pe_r0_0_Pipeline_VITIS_LOOP_57_2_fu_81/mac_muladd_8s_8s_32s_32_4_1_U9/pe_r0_0_mac_muladd_8s_8s_32s_32_4_1_DSP48_0_U/p_reg_reg.
DSP Report: operator u/grp_pe_r0_0_Pipeline_VITIS_LOOP_57_2_fu_81/mac_muladd_8s_8s_32s_32_4_1_U9/pe_r0_0_mac_muladd_8s_8s_32s_32_4_1_DSP48_0_U/p is absorbed into DSP u/grp_pe_r0_0_Pipeline_VITIS_LOOP_57_2_fu_81/mac_muladd_8s_8s_32s_32_4_1_U9/pe_r0_0_mac_muladd_8s_8s_32s_32_4_1_DSP48_0_U/p_reg_reg.
DSP Report: operator u/grp_pe_r0_0_Pipeline_VITIS_LOOP_57_2_fu_81/mac_muladd_8s_8s_32s_32_4_1_U9/pe_r0_0_mac_muladd_8s_8s_32s_32_4_1_DSP48_0_U/m is absorbed into DSP u/grp_pe_r0_0_Pipeline_VITIS_LOOP_57_2_fu_81/mac_muladd_8s_8s_32s_32_4_1_U9/pe_r0_0_mac_muladd_8s_8s_32s_32_4_1_DSP48_0_U/p_reg_reg.
DSP Report: Generating DSP u/grp_pe_r0_0_Pipeline_VITIS_LOOP_32_1_fu_67/mac_muladd_8s_8s_32s_32_4_1_U1/pe_r0_0_mac_muladd_8s_8s_32s_32_4_1_DSP48_0_U/p_reg_reg, operation Mode is: (P or C)+(A2*B2)'.
DSP Report: register u/grp_pe_r0_0_Pipeline_VITIS_LOOP_32_1_fu_67/mac_muladd_8s_8s_32s_32_4_1_U1/pe_r0_0_mac_muladd_8s_8s_32s_32_4_1_DSP48_0_U/b_reg_reg is absorbed into DSP u/grp_pe_r0_0_Pipeline_VITIS_LOOP_32_1_fu_67/mac_muladd_8s_8s_32s_32_4_1_U1/pe_r0_0_mac_muladd_8s_8s_32s_32_4_1_DSP48_0_U/p_reg_reg.
DSP Report: register u/grp_pe_r0_0_Pipeline_VITIS_LOOP_32_1_fu_67/mac_muladd_8s_8s_32s_32_4_1_U1/pe_r0_0_mac_muladd_8s_8s_32s_32_4_1_DSP48_0_U/a_reg_reg is absorbed into DSP u/grp_pe_r0_0_Pipeline_VITIS_LOOP_32_1_fu_67/mac_muladd_8s_8s_32s_32_4_1_U1/pe_r0_0_mac_muladd_8s_8s_32s_32_4_1_DSP48_0_U/p_reg_reg.
DSP Report: register u/grp_pe_r0_0_Pipeline_VITIS_LOOP_32_1_fu_67/mac_muladd_8s_8s_32s_32_4_1_U1/pe_r0_0_mac_muladd_8s_8s_32s_32_4_1_DSP48_0_U/p_reg_reg is absorbed into DSP u/grp_pe_r0_0_Pipeline_VITIS_LOOP_32_1_fu_67/mac_muladd_8s_8s_32s_32_4_1_U1/pe_r0_0_mac_muladd_8s_8s_32s_32_4_1_DSP48_0_U/p_reg_reg.
DSP Report: register u/grp_pe_r0_0_Pipeline_VITIS_LOOP_32_1_fu_67/mac_muladd_8s_8s_32s_32_4_1_U1/pe_r0_0_mac_muladd_8s_8s_32s_32_4_1_DSP48_0_U/m_reg_reg is absorbed into DSP u/grp_pe_r0_0_Pipeline_VITIS_LOOP_32_1_fu_67/mac_muladd_8s_8s_32s_32_4_1_U1/pe_r0_0_mac_muladd_8s_8s_32s_32_4_1_DSP48_0_U/p_reg_reg.
DSP Report: operator u/grp_pe_r0_0_Pipeline_VITIS_LOOP_32_1_fu_67/mac_muladd_8s_8s_32s_32_4_1_U1/pe_r0_0_mac_muladd_8s_8s_32s_32_4_1_DSP48_0_U/p is absorbed into DSP u/grp_pe_r0_0_Pipeline_VITIS_LOOP_32_1_fu_67/mac_muladd_8s_8s_32s_32_4_1_U1/pe_r0_0_mac_muladd_8s_8s_32s_32_4_1_DSP48_0_U/p_reg_reg.
DSP Report: operator u/grp_pe_r0_0_Pipeline_VITIS_LOOP_32_1_fu_67/mac_muladd_8s_8s_32s_32_4_1_U1/pe_r0_0_mac_muladd_8s_8s_32s_32_4_1_DSP48_0_U/m is absorbed into DSP u/grp_pe_r0_0_Pipeline_VITIS_LOOP_32_1_fu_67/mac_muladd_8s_8s_32s_32_4_1_U1/pe_r0_0_mac_muladd_8s_8s_32s_32_4_1_DSP48_0_U/p_reg_reg.
DSP Report: Generating DSP u/grp_pe_r0_0_Pipeline_VITIS_LOOP_57_2_fu_81/mac_muladd_8s_8s_32s_32_4_1_U9/pe_r0_0_mac_muladd_8s_8s_32s_32_4_1_DSP48_0_U/p_reg_reg, operation Mode is: (P or C)+(A2*B2)'.
DSP Report: register u/grp_pe_r0_0_Pipeline_VITIS_LOOP_57_2_fu_81/mac_muladd_8s_8s_32s_32_4_1_U9/pe_r0_0_mac_muladd_8s_8s_32s_32_4_1_DSP48_0_U/b_reg_reg is absorbed into DSP u/grp_pe_r0_0_Pipeline_VITIS_LOOP_57_2_fu_81/mac_muladd_8s_8s_32s_32_4_1_U9/pe_r0_0_mac_muladd_8s_8s_32s_32_4_1_DSP48_0_U/p_reg_reg.
DSP Report: register u/grp_pe_r0_0_Pipeline_VITIS_LOOP_57_2_fu_81/mac_muladd_8s_8s_32s_32_4_1_U9/pe_r0_0_mac_muladd_8s_8s_32s_32_4_1_DSP48_0_U/a_reg_reg is absorbed into DSP u/grp_pe_r0_0_Pipeline_VITIS_LOOP_57_2_fu_81/mac_muladd_8s_8s_32s_32_4_1_U9/pe_r0_0_mac_muladd_8s_8s_32s_32_4_1_DSP48_0_U/p_reg_reg.
DSP Report: register u/grp_pe_r0_0_Pipeline_VITIS_LOOP_57_2_fu_81/mac_muladd_8s_8s_32s_32_4_1_U9/pe_r0_0_mac_muladd_8s_8s_32s_32_4_1_DSP48_0_U/p_reg_reg is absorbed into DSP u/grp_pe_r0_0_Pipeline_VITIS_LOOP_57_2_fu_81/mac_muladd_8s_8s_32s_32_4_1_U9/pe_r0_0_mac_muladd_8s_8s_32s_32_4_1_DSP48_0_U/p_reg_reg.
DSP Report: register u/grp_pe_r0_0_Pipeline_VITIS_LOOP_57_2_fu_81/mac_muladd_8s_8s_32s_32_4_1_U9/pe_r0_0_mac_muladd_8s_8s_32s_32_4_1_DSP48_0_U/m_reg_reg is absorbed into DSP u/grp_pe_r0_0_Pipeline_VITIS_LOOP_57_2_fu_81/mac_muladd_8s_8s_32s_32_4_1_U9/pe_r0_0_mac_muladd_8s_8s_32s_32_4_1_DSP48_0_U/p_reg_reg.
DSP Report: operator u/grp_pe_r0_0_Pipeline_VITIS_LOOP_57_2_fu_81/mac_muladd_8s_8s_32s_32_4_1_U9/pe_r0_0_mac_muladd_8s_8s_32s_32_4_1_DSP48_0_U/p is absorbed into DSP u/grp_pe_r0_0_Pipeline_VITIS_LOOP_57_2_fu_81/mac_muladd_8s_8s_32s_32_4_1_U9/pe_r0_0_mac_muladd_8s_8s_32s_32_4_1_DSP48_0_U/p_reg_reg.
DSP Report: operator u/grp_pe_r0_0_Pipeline_VITIS_LOOP_57_2_fu_81/mac_muladd_8s_8s_32s_32_4_1_U9/pe_r0_0_mac_muladd_8s_8s_32s_32_4_1_DSP48_0_U/m is absorbed into DSP u/grp_pe_r0_0_Pipeline_VITIS_LOOP_57_2_fu_81/mac_muladd_8s_8s_32s_32_4_1_U9/pe_r0_0_mac_muladd_8s_8s_32s_32_4_1_DSP48_0_U/p_reg_reg.
DSP Report: Generating DSP u/grp_pe_r0_0_Pipeline_VITIS_LOOP_32_1_fu_67/mac_muladd_8s_8s_32s_32_4_1_U1/pe_r0_0_mac_muladd_8s_8s_32s_32_4_1_DSP48_0_U/p_reg_reg, operation Mode is: (P or C)+(A2*B2)'.
DSP Report: register u/grp_pe_r0_0_Pipeline_VITIS_LOOP_32_1_fu_67/mac_muladd_8s_8s_32s_32_4_1_U1/pe_r0_0_mac_muladd_8s_8s_32s_32_4_1_DSP48_0_U/b_reg_reg is absorbed into DSP u/grp_pe_r0_0_Pipeline_VITIS_LOOP_32_1_fu_67/mac_muladd_8s_8s_32s_32_4_1_U1/pe_r0_0_mac_muladd_8s_8s_32s_32_4_1_DSP48_0_U/p_reg_reg.
DSP Report: register u/grp_pe_r0_0_Pipeline_VITIS_LOOP_32_1_fu_67/mac_muladd_8s_8s_32s_32_4_1_U1/pe_r0_0_mac_muladd_8s_8s_32s_32_4_1_DSP48_0_U/a_reg_reg is absorbed into DSP u/grp_pe_r0_0_Pipeline_VITIS_LOOP_32_1_fu_67/mac_muladd_8s_8s_32s_32_4_1_U1/pe_r0_0_mac_muladd_8s_8s_32s_32_4_1_DSP48_0_U/p_reg_reg.
DSP Report: register u/grp_pe_r0_0_Pipeline_VITIS_LOOP_32_1_fu_67/mac_muladd_8s_8s_32s_32_4_1_U1/pe_r0_0_mac_muladd_8s_8s_32s_32_4_1_DSP48_0_U/p_reg_reg is absorbed into DSP u/grp_pe_r0_0_Pipeline_VITIS_LOOP_32_1_fu_67/mac_muladd_8s_8s_32s_32_4_1_U1/pe_r0_0_mac_muladd_8s_8s_32s_32_4_1_DSP48_0_U/p_reg_reg.
DSP Report: register u/grp_pe_r0_0_Pipeline_VITIS_LOOP_32_1_fu_67/mac_muladd_8s_8s_32s_32_4_1_U1/pe_r0_0_mac_muladd_8s_8s_32s_32_4_1_DSP48_0_U/m_reg_reg is absorbed into DSP u/grp_pe_r0_0_Pipeline_VITIS_LOOP_32_1_fu_67/mac_muladd_8s_8s_32s_32_4_1_U1/pe_r0_0_mac_muladd_8s_8s_32s_32_4_1_DSP48_0_U/p_reg_reg.
DSP Report: operator u/grp_pe_r0_0_Pipeline_VITIS_LOOP_32_1_fu_67/mac_muladd_8s_8s_32s_32_4_1_U1/pe_r0_0_mac_muladd_8s_8s_32s_32_4_1_DSP48_0_U/p is absorbed into DSP u/grp_pe_r0_0_Pipeline_VITIS_LOOP_32_1_fu_67/mac_muladd_8s_8s_32s_32_4_1_U1/pe_r0_0_mac_muladd_8s_8s_32s_32_4_1_DSP48_0_U/p_reg_reg.
DSP Report: operator u/grp_pe_r0_0_Pipeline_VITIS_LOOP_32_1_fu_67/mac_muladd_8s_8s_32s_32_4_1_U1/pe_r0_0_mac_muladd_8s_8s_32s_32_4_1_DSP48_0_U/m is absorbed into DSP u/grp_pe_r0_0_Pipeline_VITIS_LOOP_32_1_fu_67/mac_muladd_8s_8s_32s_32_4_1_U1/pe_r0_0_mac_muladd_8s_8s_32s_32_4_1_DSP48_0_U/p_reg_reg.
DSP Report: Generating DSP u/grp_pe_r0_0_Pipeline_VITIS_LOOP_57_2_fu_81/mac_muladd_8s_8s_32s_32_4_1_U9/pe_r0_0_mac_muladd_8s_8s_32s_32_4_1_DSP48_0_U/p_reg_reg, operation Mode is: (P or C)+(A2*B2)'.
DSP Report: register u/grp_pe_r0_0_Pipeline_VITIS_LOOP_57_2_fu_81/mac_muladd_8s_8s_32s_32_4_1_U9/pe_r0_0_mac_muladd_8s_8s_32s_32_4_1_DSP48_0_U/b_reg_reg is absorbed into DSP u/grp_pe_r0_0_Pipeline_VITIS_LOOP_57_2_fu_81/mac_muladd_8s_8s_32s_32_4_1_U9/pe_r0_0_mac_muladd_8s_8s_32s_32_4_1_DSP48_0_U/p_reg_reg.
DSP Report: register u/grp_pe_r0_0_Pipeline_VITIS_LOOP_57_2_fu_81/mac_muladd_8s_8s_32s_32_4_1_U9/pe_r0_0_mac_muladd_8s_8s_32s_32_4_1_DSP48_0_U/a_reg_reg is absorbed into DSP u/grp_pe_r0_0_Pipeline_VITIS_LOOP_57_2_fu_81/mac_muladd_8s_8s_32s_32_4_1_U9/pe_r0_0_mac_muladd_8s_8s_32s_32_4_1_DSP48_0_U/p_reg_reg.
DSP Report: register u/grp_pe_r0_0_Pipeline_VITIS_LOOP_57_2_fu_81/mac_muladd_8s_8s_32s_32_4_1_U9/pe_r0_0_mac_muladd_8s_8s_32s_32_4_1_DSP48_0_U/p_reg_reg is absorbed into DSP u/grp_pe_r0_0_Pipeline_VITIS_LOOP_57_2_fu_81/mac_muladd_8s_8s_32s_32_4_1_U9/pe_r0_0_mac_muladd_8s_8s_32s_32_4_1_DSP48_0_U/p_reg_reg.
DSP Report: register u/grp_pe_r0_0_Pipeline_VITIS_LOOP_57_2_fu_81/mac_muladd_8s_8s_32s_32_4_1_U9/pe_r0_0_mac_muladd_8s_8s_32s_32_4_1_DSP48_0_U/m_reg_reg is absorbed into DSP u/grp_pe_r0_0_Pipeline_VITIS_LOOP_57_2_fu_81/mac_muladd_8s_8s_32s_32_4_1_U9/pe_r0_0_mac_muladd_8s_8s_32s_32_4_1_DSP48_0_U/p_reg_reg.
DSP Report: operator u/grp_pe_r0_0_Pipeline_VITIS_LOOP_57_2_fu_81/mac_muladd_8s_8s_32s_32_4_1_U9/pe_r0_0_mac_muladd_8s_8s_32s_32_4_1_DSP48_0_U/p is absorbed into DSP u/grp_pe_r0_0_Pipeline_VITIS_LOOP_57_2_fu_81/mac_muladd_8s_8s_32s_32_4_1_U9/pe_r0_0_mac_muladd_8s_8s_32s_32_4_1_DSP48_0_U/p_reg_reg.
DSP Report: operator u/grp_pe_r0_0_Pipeline_VITIS_LOOP_57_2_fu_81/mac_muladd_8s_8s_32s_32_4_1_U9/pe_r0_0_mac_muladd_8s_8s_32s_32_4_1_DSP48_0_U/m is absorbed into DSP u/grp_pe_r0_0_Pipeline_VITIS_LOOP_57_2_fu_81/mac_muladd_8s_8s_32s_32_4_1_U9/pe_r0_0_mac_muladd_8s_8s_32s_32_4_1_DSP48_0_U/p_reg_reg.
DSP Report: Generating DSP u/grp_pe_r0_0_Pipeline_VITIS_LOOP_32_1_fu_67/mac_muladd_8s_8s_32s_32_4_1_U1/pe_r0_0_mac_muladd_8s_8s_32s_32_4_1_DSP48_0_U/p_reg_reg, operation Mode is: (P or C)+(A2*B2)'.
DSP Report: register u/grp_pe_r0_0_Pipeline_VITIS_LOOP_32_1_fu_67/mac_muladd_8s_8s_32s_32_4_1_U1/pe_r0_0_mac_muladd_8s_8s_32s_32_4_1_DSP48_0_U/b_reg_reg is absorbed into DSP u/grp_pe_r0_0_Pipeline_VITIS_LOOP_32_1_fu_67/mac_muladd_8s_8s_32s_32_4_1_U1/pe_r0_0_mac_muladd_8s_8s_32s_32_4_1_DSP48_0_U/p_reg_reg.
DSP Report: register u/grp_pe_r0_0_Pipeline_VITIS_LOOP_32_1_fu_67/mac_muladd_8s_8s_32s_32_4_1_U1/pe_r0_0_mac_muladd_8s_8s_32s_32_4_1_DSP48_0_U/a_reg_reg is absorbed into DSP u/grp_pe_r0_0_Pipeline_VITIS_LOOP_32_1_fu_67/mac_muladd_8s_8s_32s_32_4_1_U1/pe_r0_0_mac_muladd_8s_8s_32s_32_4_1_DSP48_0_U/p_reg_reg.
DSP Report: register u/grp_pe_r0_0_Pipeline_VITIS_LOOP_32_1_fu_67/mac_muladd_8s_8s_32s_32_4_1_U1/pe_r0_0_mac_muladd_8s_8s_32s_32_4_1_DSP48_0_U/p_reg_reg is absorbed into DSP u/grp_pe_r0_0_Pipeline_VITIS_LOOP_32_1_fu_67/mac_muladd_8s_8s_32s_32_4_1_U1/pe_r0_0_mac_muladd_8s_8s_32s_32_4_1_DSP48_0_U/p_reg_reg.
DSP Report: register u/grp_pe_r0_0_Pipeline_VITIS_LOOP_32_1_fu_67/mac_muladd_8s_8s_32s_32_4_1_U1/pe_r0_0_mac_muladd_8s_8s_32s_32_4_1_DSP48_0_U/m_reg_reg is absorbed into DSP u/grp_pe_r0_0_Pipeline_VITIS_LOOP_32_1_fu_67/mac_muladd_8s_8s_32s_32_4_1_U1/pe_r0_0_mac_muladd_8s_8s_32s_32_4_1_DSP48_0_U/p_reg_reg.
DSP Report: operator u/grp_pe_r0_0_Pipeline_VITIS_LOOP_32_1_fu_67/mac_muladd_8s_8s_32s_32_4_1_U1/pe_r0_0_mac_muladd_8s_8s_32s_32_4_1_DSP48_0_U/p is absorbed into DSP u/grp_pe_r0_0_Pipeline_VITIS_LOOP_32_1_fu_67/mac_muladd_8s_8s_32s_32_4_1_U1/pe_r0_0_mac_muladd_8s_8s_32s_32_4_1_DSP48_0_U/p_reg_reg.
DSP Report: operator u/grp_pe_r0_0_Pipeline_VITIS_LOOP_32_1_fu_67/mac_muladd_8s_8s_32s_32_4_1_U1/pe_r0_0_mac_muladd_8s_8s_32s_32_4_1_DSP48_0_U/m is absorbed into DSP u/grp_pe_r0_0_Pipeline_VITIS_LOOP_32_1_fu_67/mac_muladd_8s_8s_32s_32_4_1_U1/pe_r0_0_mac_muladd_8s_8s_32s_32_4_1_DSP48_0_U/p_reg_reg.
DSP Report: Generating DSP u/grp_pe_r0_0_Pipeline_VITIS_LOOP_57_2_fu_81/mac_muladd_8s_8s_32s_32_4_1_U9/pe_r0_0_mac_muladd_8s_8s_32s_32_4_1_DSP48_0_U/p_reg_reg, operation Mode is: (P or C)+(A2*B2)'.
DSP Report: register u/grp_pe_r0_0_Pipeline_VITIS_LOOP_57_2_fu_81/mac_muladd_8s_8s_32s_32_4_1_U9/pe_r0_0_mac_muladd_8s_8s_32s_32_4_1_DSP48_0_U/b_reg_reg is absorbed into DSP u/grp_pe_r0_0_Pipeline_VITIS_LOOP_57_2_fu_81/mac_muladd_8s_8s_32s_32_4_1_U9/pe_r0_0_mac_muladd_8s_8s_32s_32_4_1_DSP48_0_U/p_reg_reg.
DSP Report: register u/grp_pe_r0_0_Pipeline_VITIS_LOOP_57_2_fu_81/mac_muladd_8s_8s_32s_32_4_1_U9/pe_r0_0_mac_muladd_8s_8s_32s_32_4_1_DSP48_0_U/a_reg_reg is absorbed into DSP u/grp_pe_r0_0_Pipeline_VITIS_LOOP_57_2_fu_81/mac_muladd_8s_8s_32s_32_4_1_U9/pe_r0_0_mac_muladd_8s_8s_32s_32_4_1_DSP48_0_U/p_reg_reg.
DSP Report: register u/grp_pe_r0_0_Pipeline_VITIS_LOOP_57_2_fu_81/mac_muladd_8s_8s_32s_32_4_1_U9/pe_r0_0_mac_muladd_8s_8s_32s_32_4_1_DSP48_0_U/p_reg_reg is absorbed into DSP u/grp_pe_r0_0_Pipeline_VITIS_LOOP_57_2_fu_81/mac_muladd_8s_8s_32s_32_4_1_U9/pe_r0_0_mac_muladd_8s_8s_32s_32_4_1_DSP48_0_U/p_reg_reg.
DSP Report: register u/grp_pe_r0_0_Pipeline_VITIS_LOOP_57_2_fu_81/mac_muladd_8s_8s_32s_32_4_1_U9/pe_r0_0_mac_muladd_8s_8s_32s_32_4_1_DSP48_0_U/m_reg_reg is absorbed into DSP u/grp_pe_r0_0_Pipeline_VITIS_LOOP_57_2_fu_81/mac_muladd_8s_8s_32s_32_4_1_U9/pe_r0_0_mac_muladd_8s_8s_32s_32_4_1_DSP48_0_U/p_reg_reg.
DSP Report: operator u/grp_pe_r0_0_Pipeline_VITIS_LOOP_57_2_fu_81/mac_muladd_8s_8s_32s_32_4_1_U9/pe_r0_0_mac_muladd_8s_8s_32s_32_4_1_DSP48_0_U/p is absorbed into DSP u/grp_pe_r0_0_Pipeline_VITIS_LOOP_57_2_fu_81/mac_muladd_8s_8s_32s_32_4_1_U9/pe_r0_0_mac_muladd_8s_8s_32s_32_4_1_DSP48_0_U/p_reg_reg.
DSP Report: operator u/grp_pe_r0_0_Pipeline_VITIS_LOOP_57_2_fu_81/mac_muladd_8s_8s_32s_32_4_1_U9/pe_r0_0_mac_muladd_8s_8s_32s_32_4_1_DSP48_0_U/m is absorbed into DSP u/grp_pe_r0_0_Pipeline_VITIS_LOOP_57_2_fu_81/mac_muladd_8s_8s_32s_32_4_1_U9/pe_r0_0_mac_muladd_8s_8s_32s_32_4_1_DSP48_0_U/p_reg_reg.
DSP Report: Generating DSP u/grp_pe_r0_0_Pipeline_VITIS_LOOP_32_1_fu_67/mac_muladd_8s_8s_32s_32_4_1_U1/pe_r0_0_mac_muladd_8s_8s_32s_32_4_1_DSP48_0_U/p_reg_reg, operation Mode is: (P or C)+(A2*B2)'.
DSP Report: register u/grp_pe_r0_0_Pipeline_VITIS_LOOP_32_1_fu_67/mac_muladd_8s_8s_32s_32_4_1_U1/pe_r0_0_mac_muladd_8s_8s_32s_32_4_1_DSP48_0_U/b_reg_reg is absorbed into DSP u/grp_pe_r0_0_Pipeline_VITIS_LOOP_32_1_fu_67/mac_muladd_8s_8s_32s_32_4_1_U1/pe_r0_0_mac_muladd_8s_8s_32s_32_4_1_DSP48_0_U/p_reg_reg.
DSP Report: register u/grp_pe_r0_0_Pipeline_VITIS_LOOP_32_1_fu_67/mac_muladd_8s_8s_32s_32_4_1_U1/pe_r0_0_mac_muladd_8s_8s_32s_32_4_1_DSP48_0_U/a_reg_reg is absorbed into DSP u/grp_pe_r0_0_Pipeline_VITIS_LOOP_32_1_fu_67/mac_muladd_8s_8s_32s_32_4_1_U1/pe_r0_0_mac_muladd_8s_8s_32s_32_4_1_DSP48_0_U/p_reg_reg.
DSP Report: register u/grp_pe_r0_0_Pipeline_VITIS_LOOP_32_1_fu_67/mac_muladd_8s_8s_32s_32_4_1_U1/pe_r0_0_mac_muladd_8s_8s_32s_32_4_1_DSP48_0_U/p_reg_reg is absorbed into DSP u/grp_pe_r0_0_Pipeline_VITIS_LOOP_32_1_fu_67/mac_muladd_8s_8s_32s_32_4_1_U1/pe_r0_0_mac_muladd_8s_8s_32s_32_4_1_DSP48_0_U/p_reg_reg.
DSP Report: register u/grp_pe_r0_0_Pipeline_VITIS_LOOP_32_1_fu_67/mac_muladd_8s_8s_32s_32_4_1_U1/pe_r0_0_mac_muladd_8s_8s_32s_32_4_1_DSP48_0_U/m_reg_reg is absorbed into DSP u/grp_pe_r0_0_Pipeline_VITIS_LOOP_32_1_fu_67/mac_muladd_8s_8s_32s_32_4_1_U1/pe_r0_0_mac_muladd_8s_8s_32s_32_4_1_DSP48_0_U/p_reg_reg.
DSP Report: operator u/grp_pe_r0_0_Pipeline_VITIS_LOOP_32_1_fu_67/mac_muladd_8s_8s_32s_32_4_1_U1/pe_r0_0_mac_muladd_8s_8s_32s_32_4_1_DSP48_0_U/p is absorbed into DSP u/grp_pe_r0_0_Pipeline_VITIS_LOOP_32_1_fu_67/mac_muladd_8s_8s_32s_32_4_1_U1/pe_r0_0_mac_muladd_8s_8s_32s_32_4_1_DSP48_0_U/p_reg_reg.
DSP Report: operator u/grp_pe_r0_0_Pipeline_VITIS_LOOP_32_1_fu_67/mac_muladd_8s_8s_32s_32_4_1_U1/pe_r0_0_mac_muladd_8s_8s_32s_32_4_1_DSP48_0_U/m is absorbed into DSP u/grp_pe_r0_0_Pipeline_VITIS_LOOP_32_1_fu_67/mac_muladd_8s_8s_32s_32_4_1_U1/pe_r0_0_mac_muladd_8s_8s_32s_32_4_1_DSP48_0_U/p_reg_reg.
DSP Report: Generating DSP u/grp_pe_r0_0_Pipeline_VITIS_LOOP_57_2_fu_81/mac_muladd_8s_8s_32s_32_4_1_U9/pe_r0_0_mac_muladd_8s_8s_32s_32_4_1_DSP48_0_U/p_reg_reg, operation Mode is: (P or C)+(A2*B2)'.
DSP Report: register u/grp_pe_r0_0_Pipeline_VITIS_LOOP_57_2_fu_81/mac_muladd_8s_8s_32s_32_4_1_U9/pe_r0_0_mac_muladd_8s_8s_32s_32_4_1_DSP48_0_U/b_reg_reg is absorbed into DSP u/grp_pe_r0_0_Pipeline_VITIS_LOOP_57_2_fu_81/mac_muladd_8s_8s_32s_32_4_1_U9/pe_r0_0_mac_muladd_8s_8s_32s_32_4_1_DSP48_0_U/p_reg_reg.
DSP Report: register u/grp_pe_r0_0_Pipeline_VITIS_LOOP_57_2_fu_81/mac_muladd_8s_8s_32s_32_4_1_U9/pe_r0_0_mac_muladd_8s_8s_32s_32_4_1_DSP48_0_U/a_reg_reg is absorbed into DSP u/grp_pe_r0_0_Pipeline_VITIS_LOOP_57_2_fu_81/mac_muladd_8s_8s_32s_32_4_1_U9/pe_r0_0_mac_muladd_8s_8s_32s_32_4_1_DSP48_0_U/p_reg_reg.
DSP Report: register u/grp_pe_r0_0_Pipeline_VITIS_LOOP_57_2_fu_81/mac_muladd_8s_8s_32s_32_4_1_U9/pe_r0_0_mac_muladd_8s_8s_32s_32_4_1_DSP48_0_U/p_reg_reg is absorbed into DSP u/grp_pe_r0_0_Pipeline_VITIS_LOOP_57_2_fu_81/mac_muladd_8s_8s_32s_32_4_1_U9/pe_r0_0_mac_muladd_8s_8s_32s_32_4_1_DSP48_0_U/p_reg_reg.
DSP Report: register u/grp_pe_r0_0_Pipeline_VITIS_LOOP_57_2_fu_81/mac_muladd_8s_8s_32s_32_4_1_U9/pe_r0_0_mac_muladd_8s_8s_32s_32_4_1_DSP48_0_U/m_reg_reg is absorbed into DSP u/grp_pe_r0_0_Pipeline_VITIS_LOOP_57_2_fu_81/mac_muladd_8s_8s_32s_32_4_1_U9/pe_r0_0_mac_muladd_8s_8s_32s_32_4_1_DSP48_0_U/p_reg_reg.
DSP Report: operator u/grp_pe_r0_0_Pipeline_VITIS_LOOP_57_2_fu_81/mac_muladd_8s_8s_32s_32_4_1_U9/pe_r0_0_mac_muladd_8s_8s_32s_32_4_1_DSP48_0_U/p is absorbed into DSP u/grp_pe_r0_0_Pipeline_VITIS_LOOP_57_2_fu_81/mac_muladd_8s_8s_32s_32_4_1_U9/pe_r0_0_mac_muladd_8s_8s_32s_32_4_1_DSP48_0_U/p_reg_reg.
DSP Report: operator u/grp_pe_r0_0_Pipeline_VITIS_LOOP_57_2_fu_81/mac_muladd_8s_8s_32s_32_4_1_U9/pe_r0_0_mac_muladd_8s_8s_32s_32_4_1_DSP48_0_U/m is absorbed into DSP u/grp_pe_r0_0_Pipeline_VITIS_LOOP_57_2_fu_81/mac_muladd_8s_8s_32s_32_4_1_U9/pe_r0_0_mac_muladd_8s_8s_32s_32_4_1_DSP48_0_U/p_reg_reg.
DSP Report: Generating DSP u/grp_pe_r0_0_Pipeline_VITIS_LOOP_32_1_fu_67/mac_muladd_8s_8s_32s_32_4_1_U1/pe_r0_0_mac_muladd_8s_8s_32s_32_4_1_DSP48_0_U/p_reg_reg, operation Mode is: (P or C)+(A2*B2)'.
DSP Report: register u/grp_pe_r0_0_Pipeline_VITIS_LOOP_32_1_fu_67/mac_muladd_8s_8s_32s_32_4_1_U1/pe_r0_0_mac_muladd_8s_8s_32s_32_4_1_DSP48_0_U/b_reg_reg is absorbed into DSP u/grp_pe_r0_0_Pipeline_VITIS_LOOP_32_1_fu_67/mac_muladd_8s_8s_32s_32_4_1_U1/pe_r0_0_mac_muladd_8s_8s_32s_32_4_1_DSP48_0_U/p_reg_reg.
DSP Report: register u/grp_pe_r0_0_Pipeline_VITIS_LOOP_32_1_fu_67/mac_muladd_8s_8s_32s_32_4_1_U1/pe_r0_0_mac_muladd_8s_8s_32s_32_4_1_DSP48_0_U/a_reg_reg is absorbed into DSP u/grp_pe_r0_0_Pipeline_VITIS_LOOP_32_1_fu_67/mac_muladd_8s_8s_32s_32_4_1_U1/pe_r0_0_mac_muladd_8s_8s_32s_32_4_1_DSP48_0_U/p_reg_reg.
DSP Report: register u/grp_pe_r0_0_Pipeline_VITIS_LOOP_32_1_fu_67/mac_muladd_8s_8s_32s_32_4_1_U1/pe_r0_0_mac_muladd_8s_8s_32s_32_4_1_DSP48_0_U/p_reg_reg is absorbed into DSP u/grp_pe_r0_0_Pipeline_VITIS_LOOP_32_1_fu_67/mac_muladd_8s_8s_32s_32_4_1_U1/pe_r0_0_mac_muladd_8s_8s_32s_32_4_1_DSP48_0_U/p_reg_reg.
DSP Report: register u/grp_pe_r0_0_Pipeline_VITIS_LOOP_32_1_fu_67/mac_muladd_8s_8s_32s_32_4_1_U1/pe_r0_0_mac_muladd_8s_8s_32s_32_4_1_DSP48_0_U/m_reg_reg is absorbed into DSP u/grp_pe_r0_0_Pipeline_VITIS_LOOP_32_1_fu_67/mac_muladd_8s_8s_32s_32_4_1_U1/pe_r0_0_mac_muladd_8s_8s_32s_32_4_1_DSP48_0_U/p_reg_reg.
DSP Report: operator u/grp_pe_r0_0_Pipeline_VITIS_LOOP_32_1_fu_67/mac_muladd_8s_8s_32s_32_4_1_U1/pe_r0_0_mac_muladd_8s_8s_32s_32_4_1_DSP48_0_U/p is absorbed into DSP u/grp_pe_r0_0_Pipeline_VITIS_LOOP_32_1_fu_67/mac_muladd_8s_8s_32s_32_4_1_U1/pe_r0_0_mac_muladd_8s_8s_32s_32_4_1_DSP48_0_U/p_reg_reg.
DSP Report: operator u/grp_pe_r0_0_Pipeline_VITIS_LOOP_32_1_fu_67/mac_muladd_8s_8s_32s_32_4_1_U1/pe_r0_0_mac_muladd_8s_8s_32s_32_4_1_DSP48_0_U/m is absorbed into DSP u/grp_pe_r0_0_Pipeline_VITIS_LOOP_32_1_fu_67/mac_muladd_8s_8s_32s_32_4_1_U1/pe_r0_0_mac_muladd_8s_8s_32s_32_4_1_DSP48_0_U/p_reg_reg.
DSP Report: Generating DSP u/grp_pe_r0_0_Pipeline_VITIS_LOOP_57_2_fu_81/mac_muladd_8s_8s_32s_32_4_1_U9/pe_r0_0_mac_muladd_8s_8s_32s_32_4_1_DSP48_0_U/p_reg_reg, operation Mode is: (P or C)+(A2*B2)'.
DSP Report: register u/grp_pe_r0_0_Pipeline_VITIS_LOOP_57_2_fu_81/mac_muladd_8s_8s_32s_32_4_1_U9/pe_r0_0_mac_muladd_8s_8s_32s_32_4_1_DSP48_0_U/b_reg_reg is absorbed into DSP u/grp_pe_r0_0_Pipeline_VITIS_LOOP_57_2_fu_81/mac_muladd_8s_8s_32s_32_4_1_U9/pe_r0_0_mac_muladd_8s_8s_32s_32_4_1_DSP48_0_U/p_reg_reg.
DSP Report: register u/grp_pe_r0_0_Pipeline_VITIS_LOOP_57_2_fu_81/mac_muladd_8s_8s_32s_32_4_1_U9/pe_r0_0_mac_muladd_8s_8s_32s_32_4_1_DSP48_0_U/a_reg_reg is absorbed into DSP u/grp_pe_r0_0_Pipeline_VITIS_LOOP_57_2_fu_81/mac_muladd_8s_8s_32s_32_4_1_U9/pe_r0_0_mac_muladd_8s_8s_32s_32_4_1_DSP48_0_U/p_reg_reg.
DSP Report: register u/grp_pe_r0_0_Pipeline_VITIS_LOOP_57_2_fu_81/mac_muladd_8s_8s_32s_32_4_1_U9/pe_r0_0_mac_muladd_8s_8s_32s_32_4_1_DSP48_0_U/p_reg_reg is absorbed into DSP u/grp_pe_r0_0_Pipeline_VITIS_LOOP_57_2_fu_81/mac_muladd_8s_8s_32s_32_4_1_U9/pe_r0_0_mac_muladd_8s_8s_32s_32_4_1_DSP48_0_U/p_reg_reg.
DSP Report: register u/grp_pe_r0_0_Pipeline_VITIS_LOOP_57_2_fu_81/mac_muladd_8s_8s_32s_32_4_1_U9/pe_r0_0_mac_muladd_8s_8s_32s_32_4_1_DSP48_0_U/m_reg_reg is absorbed into DSP u/grp_pe_r0_0_Pipeline_VITIS_LOOP_57_2_fu_81/mac_muladd_8s_8s_32s_32_4_1_U9/pe_r0_0_mac_muladd_8s_8s_32s_32_4_1_DSP48_0_U/p_reg_reg.
DSP Report: operator u/grp_pe_r0_0_Pipeline_VITIS_LOOP_57_2_fu_81/mac_muladd_8s_8s_32s_32_4_1_U9/pe_r0_0_mac_muladd_8s_8s_32s_32_4_1_DSP48_0_U/p is absorbed into DSP u/grp_pe_r0_0_Pipeline_VITIS_LOOP_57_2_fu_81/mac_muladd_8s_8s_32s_32_4_1_U9/pe_r0_0_mac_muladd_8s_8s_32s_32_4_1_DSP48_0_U/p_reg_reg.
DSP Report: operator u/grp_pe_r0_0_Pipeline_VITIS_LOOP_57_2_fu_81/mac_muladd_8s_8s_32s_32_4_1_U9/pe_r0_0_mac_muladd_8s_8s_32s_32_4_1_DSP48_0_U/m is absorbed into DSP u/grp_pe_r0_0_Pipeline_VITIS_LOOP_57_2_fu_81/mac_muladd_8s_8s_32s_32_4_1_U9/pe_r0_0_mac_muladd_8s_8s_32s_32_4_1_DSP48_0_U/p_reg_reg.
DSP Report: Generating DSP u/grp_pe_r0_0_Pipeline_VITIS_LOOP_32_1_fu_67/mac_muladd_8s_8s_32s_32_4_1_U1/pe_r0_0_mac_muladd_8s_8s_32s_32_4_1_DSP48_0_U/p_reg_reg, operation Mode is: (P or C)+(A2*B2)'.
DSP Report: register u/grp_pe_r0_0_Pipeline_VITIS_LOOP_32_1_fu_67/mac_muladd_8s_8s_32s_32_4_1_U1/pe_r0_0_mac_muladd_8s_8s_32s_32_4_1_DSP48_0_U/b_reg_reg is absorbed into DSP u/grp_pe_r0_0_Pipeline_VITIS_LOOP_32_1_fu_67/mac_muladd_8s_8s_32s_32_4_1_U1/pe_r0_0_mac_muladd_8s_8s_32s_32_4_1_DSP48_0_U/p_reg_reg.
DSP Report: register u/grp_pe_r0_0_Pipeline_VITIS_LOOP_32_1_fu_67/mac_muladd_8s_8s_32s_32_4_1_U1/pe_r0_0_mac_muladd_8s_8s_32s_32_4_1_DSP48_0_U/a_reg_reg is absorbed into DSP u/grp_pe_r0_0_Pipeline_VITIS_LOOP_32_1_fu_67/mac_muladd_8s_8s_32s_32_4_1_U1/pe_r0_0_mac_muladd_8s_8s_32s_32_4_1_DSP48_0_U/p_reg_reg.
DSP Report: register u/grp_pe_r0_0_Pipeline_VITIS_LOOP_32_1_fu_67/mac_muladd_8s_8s_32s_32_4_1_U1/pe_r0_0_mac_muladd_8s_8s_32s_32_4_1_DSP48_0_U/p_reg_reg is absorbed into DSP u/grp_pe_r0_0_Pipeline_VITIS_LOOP_32_1_fu_67/mac_muladd_8s_8s_32s_32_4_1_U1/pe_r0_0_mac_muladd_8s_8s_32s_32_4_1_DSP48_0_U/p_reg_reg.
DSP Report: register u/grp_pe_r0_0_Pipeline_VITIS_LOOP_32_1_fu_67/mac_muladd_8s_8s_32s_32_4_1_U1/pe_r0_0_mac_muladd_8s_8s_32s_32_4_1_DSP48_0_U/m_reg_reg is absorbed into DSP u/grp_pe_r0_0_Pipeline_VITIS_LOOP_32_1_fu_67/mac_muladd_8s_8s_32s_32_4_1_U1/pe_r0_0_mac_muladd_8s_8s_32s_32_4_1_DSP48_0_U/p_reg_reg.
DSP Report: operator u/grp_pe_r0_0_Pipeline_VITIS_LOOP_32_1_fu_67/mac_muladd_8s_8s_32s_32_4_1_U1/pe_r0_0_mac_muladd_8s_8s_32s_32_4_1_DSP48_0_U/p is absorbed into DSP u/grp_pe_r0_0_Pipeline_VITIS_LOOP_32_1_fu_67/mac_muladd_8s_8s_32s_32_4_1_U1/pe_r0_0_mac_muladd_8s_8s_32s_32_4_1_DSP48_0_U/p_reg_reg.
DSP Report: operator u/grp_pe_r0_0_Pipeline_VITIS_LOOP_32_1_fu_67/mac_muladd_8s_8s_32s_32_4_1_U1/pe_r0_0_mac_muladd_8s_8s_32s_32_4_1_DSP48_0_U/m is absorbed into DSP u/grp_pe_r0_0_Pipeline_VITIS_LOOP_32_1_fu_67/mac_muladd_8s_8s_32s_32_4_1_U1/pe_r0_0_mac_muladd_8s_8s_32s_32_4_1_DSP48_0_U/p_reg_reg.
DSP Report: Generating DSP u/grp_pe_r2_0_Pipeline_VITIS_LOOP_57_2_fu_81/mac_muladd_8s_8s_32s_32_4_1_U9/pe_r2_0_mac_muladd_8s_8s_32s_32_4_1_DSP48_0_U/p_reg_reg, operation Mode is: (P or C)+(A2*B2)'.
DSP Report: register u/grp_pe_r2_0_Pipeline_VITIS_LOOP_57_2_fu_81/mac_muladd_8s_8s_32s_32_4_1_U9/pe_r2_0_mac_muladd_8s_8s_32s_32_4_1_DSP48_0_U/b_reg_reg is absorbed into DSP u/grp_pe_r2_0_Pipeline_VITIS_LOOP_57_2_fu_81/mac_muladd_8s_8s_32s_32_4_1_U9/pe_r2_0_mac_muladd_8s_8s_32s_32_4_1_DSP48_0_U/p_reg_reg.
DSP Report: register u/grp_pe_r2_0_Pipeline_VITIS_LOOP_57_2_fu_81/mac_muladd_8s_8s_32s_32_4_1_U9/pe_r2_0_mac_muladd_8s_8s_32s_32_4_1_DSP48_0_U/a_reg_reg is absorbed into DSP u/grp_pe_r2_0_Pipeline_VITIS_LOOP_57_2_fu_81/mac_muladd_8s_8s_32s_32_4_1_U9/pe_r2_0_mac_muladd_8s_8s_32s_32_4_1_DSP48_0_U/p_reg_reg.
DSP Report: register u/grp_pe_r2_0_Pipeline_VITIS_LOOP_57_2_fu_81/mac_muladd_8s_8s_32s_32_4_1_U9/pe_r2_0_mac_muladd_8s_8s_32s_32_4_1_DSP48_0_U/p_reg_reg is absorbed into DSP u/grp_pe_r2_0_Pipeline_VITIS_LOOP_57_2_fu_81/mac_muladd_8s_8s_32s_32_4_1_U9/pe_r2_0_mac_muladd_8s_8s_32s_32_4_1_DSP48_0_U/p_reg_reg.
DSP Report: register u/grp_pe_r2_0_Pipeline_VITIS_LOOP_57_2_fu_81/mac_muladd_8s_8s_32s_32_4_1_U9/pe_r2_0_mac_muladd_8s_8s_32s_32_4_1_DSP48_0_U/m_reg_reg is absorbed into DSP u/grp_pe_r2_0_Pipeline_VITIS_LOOP_57_2_fu_81/mac_muladd_8s_8s_32s_32_4_1_U9/pe_r2_0_mac_muladd_8s_8s_32s_32_4_1_DSP48_0_U/p_reg_reg.
DSP Report: operator u/grp_pe_r2_0_Pipeline_VITIS_LOOP_57_2_fu_81/mac_muladd_8s_8s_32s_32_4_1_U9/pe_r2_0_mac_muladd_8s_8s_32s_32_4_1_DSP48_0_U/p is absorbed into DSP u/grp_pe_r2_0_Pipeline_VITIS_LOOP_57_2_fu_81/mac_muladd_8s_8s_32s_32_4_1_U9/pe_r2_0_mac_muladd_8s_8s_32s_32_4_1_DSP48_0_U/p_reg_reg.
DSP Report: operator u/grp_pe_r2_0_Pipeline_VITIS_LOOP_57_2_fu_81/mac_muladd_8s_8s_32s_32_4_1_U9/pe_r2_0_mac_muladd_8s_8s_32s_32_4_1_DSP48_0_U/m is absorbed into DSP u/grp_pe_r2_0_Pipeline_VITIS_LOOP_57_2_fu_81/mac_muladd_8s_8s_32s_32_4_1_U9/pe_r2_0_mac_muladd_8s_8s_32s_32_4_1_DSP48_0_U/p_reg_reg.
DSP Report: Generating DSP u/grp_pe_r2_0_Pipeline_VITIS_LOOP_32_1_fu_67/mac_muladd_8s_8s_32s_32_4_1_U1/pe_r2_0_mac_muladd_8s_8s_32s_32_4_1_DSP48_0_U/p_reg_reg, operation Mode is: (P or C)+(A2*B2)'.
DSP Report: register u/grp_pe_r2_0_Pipeline_VITIS_LOOP_32_1_fu_67/mac_muladd_8s_8s_32s_32_4_1_U1/pe_r2_0_mac_muladd_8s_8s_32s_32_4_1_DSP48_0_U/b_reg_reg is absorbed into DSP u/grp_pe_r2_0_Pipeline_VITIS_LOOP_32_1_fu_67/mac_muladd_8s_8s_32s_32_4_1_U1/pe_r2_0_mac_muladd_8s_8s_32s_32_4_1_DSP48_0_U/p_reg_reg.
DSP Report: register u/grp_pe_r2_0_Pipeline_VITIS_LOOP_32_1_fu_67/mac_muladd_8s_8s_32s_32_4_1_U1/pe_r2_0_mac_muladd_8s_8s_32s_32_4_1_DSP48_0_U/a_reg_reg is absorbed into DSP u/grp_pe_r2_0_Pipeline_VITIS_LOOP_32_1_fu_67/mac_muladd_8s_8s_32s_32_4_1_U1/pe_r2_0_mac_muladd_8s_8s_32s_32_4_1_DSP48_0_U/p_reg_reg.
DSP Report: register u/grp_pe_r2_0_Pipeline_VITIS_LOOP_32_1_fu_67/mac_muladd_8s_8s_32s_32_4_1_U1/pe_r2_0_mac_muladd_8s_8s_32s_32_4_1_DSP48_0_U/p_reg_reg is absorbed into DSP u/grp_pe_r2_0_Pipeline_VITIS_LOOP_32_1_fu_67/mac_muladd_8s_8s_32s_32_4_1_U1/pe_r2_0_mac_muladd_8s_8s_32s_32_4_1_DSP48_0_U/p_reg_reg.
DSP Report: register u/grp_pe_r2_0_Pipeline_VITIS_LOOP_32_1_fu_67/mac_muladd_8s_8s_32s_32_4_1_U1/pe_r2_0_mac_muladd_8s_8s_32s_32_4_1_DSP48_0_U/m_reg_reg is absorbed into DSP u/grp_pe_r2_0_Pipeline_VITIS_LOOP_32_1_fu_67/mac_muladd_8s_8s_32s_32_4_1_U1/pe_r2_0_mac_muladd_8s_8s_32s_32_4_1_DSP48_0_U/p_reg_reg.
DSP Report: operator u/grp_pe_r2_0_Pipeline_VITIS_LOOP_32_1_fu_67/mac_muladd_8s_8s_32s_32_4_1_U1/pe_r2_0_mac_muladd_8s_8s_32s_32_4_1_DSP48_0_U/p is absorbed into DSP u/grp_pe_r2_0_Pipeline_VITIS_LOOP_32_1_fu_67/mac_muladd_8s_8s_32s_32_4_1_U1/pe_r2_0_mac_muladd_8s_8s_32s_32_4_1_DSP48_0_U/p_reg_reg.
DSP Report: operator u/grp_pe_r2_0_Pipeline_VITIS_LOOP_32_1_fu_67/mac_muladd_8s_8s_32s_32_4_1_U1/pe_r2_0_mac_muladd_8s_8s_32s_32_4_1_DSP48_0_U/m is absorbed into DSP u/grp_pe_r2_0_Pipeline_VITIS_LOOP_32_1_fu_67/mac_muladd_8s_8s_32s_32_4_1_U1/pe_r2_0_mac_muladd_8s_8s_32s_32_4_1_DSP48_0_U/p_reg_reg.
DSP Report: Generating DSP u/grp_pe_r2_0_Pipeline_VITIS_LOOP_57_2_fu_81/mac_muladd_8s_8s_32s_32_4_1_U9/pe_r2_0_mac_muladd_8s_8s_32s_32_4_1_DSP48_0_U/p_reg_reg, operation Mode is: (P or C)+(A2*B2)'.
DSP Report: register u/grp_pe_r2_0_Pipeline_VITIS_LOOP_57_2_fu_81/mac_muladd_8s_8s_32s_32_4_1_U9/pe_r2_0_mac_muladd_8s_8s_32s_32_4_1_DSP48_0_U/b_reg_reg is absorbed into DSP u/grp_pe_r2_0_Pipeline_VITIS_LOOP_57_2_fu_81/mac_muladd_8s_8s_32s_32_4_1_U9/pe_r2_0_mac_muladd_8s_8s_32s_32_4_1_DSP48_0_U/p_reg_reg.
DSP Report: register u/grp_pe_r2_0_Pipeline_VITIS_LOOP_57_2_fu_81/mac_muladd_8s_8s_32s_32_4_1_U9/pe_r2_0_mac_muladd_8s_8s_32s_32_4_1_DSP48_0_U/a_reg_reg is absorbed into DSP u/grp_pe_r2_0_Pipeline_VITIS_LOOP_57_2_fu_81/mac_muladd_8s_8s_32s_32_4_1_U9/pe_r2_0_mac_muladd_8s_8s_32s_32_4_1_DSP48_0_U/p_reg_reg.
DSP Report: register u/grp_pe_r2_0_Pipeline_VITIS_LOOP_57_2_fu_81/mac_muladd_8s_8s_32s_32_4_1_U9/pe_r2_0_mac_muladd_8s_8s_32s_32_4_1_DSP48_0_U/p_reg_reg is absorbed into DSP u/grp_pe_r2_0_Pipeline_VITIS_LOOP_57_2_fu_81/mac_muladd_8s_8s_32s_32_4_1_U9/pe_r2_0_mac_muladd_8s_8s_32s_32_4_1_DSP48_0_U/p_reg_reg.
DSP Report: register u/grp_pe_r2_0_Pipeline_VITIS_LOOP_57_2_fu_81/mac_muladd_8s_8s_32s_32_4_1_U9/pe_r2_0_mac_muladd_8s_8s_32s_32_4_1_DSP48_0_U/m_reg_reg is absorbed into DSP u/grp_pe_r2_0_Pipeline_VITIS_LOOP_57_2_fu_81/mac_muladd_8s_8s_32s_32_4_1_U9/pe_r2_0_mac_muladd_8s_8s_32s_32_4_1_DSP48_0_U/p_reg_reg.
DSP Report: operator u/grp_pe_r2_0_Pipeline_VITIS_LOOP_57_2_fu_81/mac_muladd_8s_8s_32s_32_4_1_U9/pe_r2_0_mac_muladd_8s_8s_32s_32_4_1_DSP48_0_U/p is absorbed into DSP u/grp_pe_r2_0_Pipeline_VITIS_LOOP_57_2_fu_81/mac_muladd_8s_8s_32s_32_4_1_U9/pe_r2_0_mac_muladd_8s_8s_32s_32_4_1_DSP48_0_U/p_reg_reg.
DSP Report: operator u/grp_pe_r2_0_Pipeline_VITIS_LOOP_57_2_fu_81/mac_muladd_8s_8s_32s_32_4_1_U9/pe_r2_0_mac_muladd_8s_8s_32s_32_4_1_DSP48_0_U/m is absorbed into DSP u/grp_pe_r2_0_Pipeline_VITIS_LOOP_57_2_fu_81/mac_muladd_8s_8s_32s_32_4_1_U9/pe_r2_0_mac_muladd_8s_8s_32s_32_4_1_DSP48_0_U/p_reg_reg.
DSP Report: Generating DSP u/grp_pe_r2_0_Pipeline_VITIS_LOOP_32_1_fu_67/mac_muladd_8s_8s_32s_32_4_1_U1/pe_r2_0_mac_muladd_8s_8s_32s_32_4_1_DSP48_0_U/p_reg_reg, operation Mode is: (P or C)+(A2*B2)'.
DSP Report: register u/grp_pe_r2_0_Pipeline_VITIS_LOOP_32_1_fu_67/mac_muladd_8s_8s_32s_32_4_1_U1/pe_r2_0_mac_muladd_8s_8s_32s_32_4_1_DSP48_0_U/b_reg_reg is absorbed into DSP u/grp_pe_r2_0_Pipeline_VITIS_LOOP_32_1_fu_67/mac_muladd_8s_8s_32s_32_4_1_U1/pe_r2_0_mac_muladd_8s_8s_32s_32_4_1_DSP48_0_U/p_reg_reg.
DSP Report: register u/grp_pe_r2_0_Pipeline_VITIS_LOOP_32_1_fu_67/mac_muladd_8s_8s_32s_32_4_1_U1/pe_r2_0_mac_muladd_8s_8s_32s_32_4_1_DSP48_0_U/a_reg_reg is absorbed into DSP u/grp_pe_r2_0_Pipeline_VITIS_LOOP_32_1_fu_67/mac_muladd_8s_8s_32s_32_4_1_U1/pe_r2_0_mac_muladd_8s_8s_32s_32_4_1_DSP48_0_U/p_reg_reg.
DSP Report: register u/grp_pe_r2_0_Pipeline_VITIS_LOOP_32_1_fu_67/mac_muladd_8s_8s_32s_32_4_1_U1/pe_r2_0_mac_muladd_8s_8s_32s_32_4_1_DSP48_0_U/p_reg_reg is absorbed into DSP u/grp_pe_r2_0_Pipeline_VITIS_LOOP_32_1_fu_67/mac_muladd_8s_8s_32s_32_4_1_U1/pe_r2_0_mac_muladd_8s_8s_32s_32_4_1_DSP48_0_U/p_reg_reg.
DSP Report: register u/grp_pe_r2_0_Pipeline_VITIS_LOOP_32_1_fu_67/mac_muladd_8s_8s_32s_32_4_1_U1/pe_r2_0_mac_muladd_8s_8s_32s_32_4_1_DSP48_0_U/m_reg_reg is absorbed into DSP u/grp_pe_r2_0_Pipeline_VITIS_LOOP_32_1_fu_67/mac_muladd_8s_8s_32s_32_4_1_U1/pe_r2_0_mac_muladd_8s_8s_32s_32_4_1_DSP48_0_U/p_reg_reg.
DSP Report: operator u/grp_pe_r2_0_Pipeline_VITIS_LOOP_32_1_fu_67/mac_muladd_8s_8s_32s_32_4_1_U1/pe_r2_0_mac_muladd_8s_8s_32s_32_4_1_DSP48_0_U/p is absorbed into DSP u/grp_pe_r2_0_Pipeline_VITIS_LOOP_32_1_fu_67/mac_muladd_8s_8s_32s_32_4_1_U1/pe_r2_0_mac_muladd_8s_8s_32s_32_4_1_DSP48_0_U/p_reg_reg.
DSP Report: operator u/grp_pe_r2_0_Pipeline_VITIS_LOOP_32_1_fu_67/mac_muladd_8s_8s_32s_32_4_1_U1/pe_r2_0_mac_muladd_8s_8s_32s_32_4_1_DSP48_0_U/m is absorbed into DSP u/grp_pe_r2_0_Pipeline_VITIS_LOOP_32_1_fu_67/mac_muladd_8s_8s_32s_32_4_1_U1/pe_r2_0_mac_muladd_8s_8s_32s_32_4_1_DSP48_0_U/p_reg_reg.
DSP Report: Generating DSP u/grp_pe_r2_0_Pipeline_VITIS_LOOP_57_2_fu_81/mac_muladd_8s_8s_32s_32_4_1_U9/pe_r2_0_mac_muladd_8s_8s_32s_32_4_1_DSP48_0_U/p_reg_reg, operation Mode is: (P or C)+(A2*B2)'.
DSP Report: register u/grp_pe_r2_0_Pipeline_VITIS_LOOP_57_2_fu_81/mac_muladd_8s_8s_32s_32_4_1_U9/pe_r2_0_mac_muladd_8s_8s_32s_32_4_1_DSP48_0_U/b_reg_reg is absorbed into DSP u/grp_pe_r2_0_Pipeline_VITIS_LOOP_57_2_fu_81/mac_muladd_8s_8s_32s_32_4_1_U9/pe_r2_0_mac_muladd_8s_8s_32s_32_4_1_DSP48_0_U/p_reg_reg.
DSP Report: register u/grp_pe_r2_0_Pipeline_VITIS_LOOP_57_2_fu_81/mac_muladd_8s_8s_32s_32_4_1_U9/pe_r2_0_mac_muladd_8s_8s_32s_32_4_1_DSP48_0_U/a_reg_reg is absorbed into DSP u/grp_pe_r2_0_Pipeline_VITIS_LOOP_57_2_fu_81/mac_muladd_8s_8s_32s_32_4_1_U9/pe_r2_0_mac_muladd_8s_8s_32s_32_4_1_DSP48_0_U/p_reg_reg.
DSP Report: register u/grp_pe_r2_0_Pipeline_VITIS_LOOP_57_2_fu_81/mac_muladd_8s_8s_32s_32_4_1_U9/pe_r2_0_mac_muladd_8s_8s_32s_32_4_1_DSP48_0_U/p_reg_reg is absorbed into DSP u/grp_pe_r2_0_Pipeline_VITIS_LOOP_57_2_fu_81/mac_muladd_8s_8s_32s_32_4_1_U9/pe_r2_0_mac_muladd_8s_8s_32s_32_4_1_DSP48_0_U/p_reg_reg.
DSP Report: register u/grp_pe_r2_0_Pipeline_VITIS_LOOP_57_2_fu_81/mac_muladd_8s_8s_32s_32_4_1_U9/pe_r2_0_mac_muladd_8s_8s_32s_32_4_1_DSP48_0_U/m_reg_reg is absorbed into DSP u/grp_pe_r2_0_Pipeline_VITIS_LOOP_57_2_fu_81/mac_muladd_8s_8s_32s_32_4_1_U9/pe_r2_0_mac_muladd_8s_8s_32s_32_4_1_DSP48_0_U/p_reg_reg.
DSP Report: operator u/grp_pe_r2_0_Pipeline_VITIS_LOOP_57_2_fu_81/mac_muladd_8s_8s_32s_32_4_1_U9/pe_r2_0_mac_muladd_8s_8s_32s_32_4_1_DSP48_0_U/p is absorbed into DSP u/grp_pe_r2_0_Pipeline_VITIS_LOOP_57_2_fu_81/mac_muladd_8s_8s_32s_32_4_1_U9/pe_r2_0_mac_muladd_8s_8s_32s_32_4_1_DSP48_0_U/p_reg_reg.
DSP Report: operator u/grp_pe_r2_0_Pipeline_VITIS_LOOP_57_2_fu_81/mac_muladd_8s_8s_32s_32_4_1_U9/pe_r2_0_mac_muladd_8s_8s_32s_32_4_1_DSP48_0_U/m is absorbed into DSP u/grp_pe_r2_0_Pipeline_VITIS_LOOP_57_2_fu_81/mac_muladd_8s_8s_32s_32_4_1_U9/pe_r2_0_mac_muladd_8s_8s_32s_32_4_1_DSP48_0_U/p_reg_reg.
DSP Report: Generating DSP u/grp_pe_r2_0_Pipeline_VITIS_LOOP_32_1_fu_67/mac_muladd_8s_8s_32s_32_4_1_U1/pe_r2_0_mac_muladd_8s_8s_32s_32_4_1_DSP48_0_U/p_reg_reg, operation Mode is: (P or C)+(A2*B2)'.
DSP Report: register u/grp_pe_r2_0_Pipeline_VITIS_LOOP_32_1_fu_67/mac_muladd_8s_8s_32s_32_4_1_U1/pe_r2_0_mac_muladd_8s_8s_32s_32_4_1_DSP48_0_U/b_reg_reg is absorbed into DSP u/grp_pe_r2_0_Pipeline_VITIS_LOOP_32_1_fu_67/mac_muladd_8s_8s_32s_32_4_1_U1/pe_r2_0_mac_muladd_8s_8s_32s_32_4_1_DSP48_0_U/p_reg_reg.
DSP Report: register u/grp_pe_r2_0_Pipeline_VITIS_LOOP_32_1_fu_67/mac_muladd_8s_8s_32s_32_4_1_U1/pe_r2_0_mac_muladd_8s_8s_32s_32_4_1_DSP48_0_U/a_reg_reg is absorbed into DSP u/grp_pe_r2_0_Pipeline_VITIS_LOOP_32_1_fu_67/mac_muladd_8s_8s_32s_32_4_1_U1/pe_r2_0_mac_muladd_8s_8s_32s_32_4_1_DSP48_0_U/p_reg_reg.
DSP Report: register u/grp_pe_r2_0_Pipeline_VITIS_LOOP_32_1_fu_67/mac_muladd_8s_8s_32s_32_4_1_U1/pe_r2_0_mac_muladd_8s_8s_32s_32_4_1_DSP48_0_U/p_reg_reg is absorbed into DSP u/grp_pe_r2_0_Pipeline_VITIS_LOOP_32_1_fu_67/mac_muladd_8s_8s_32s_32_4_1_U1/pe_r2_0_mac_muladd_8s_8s_32s_32_4_1_DSP48_0_U/p_reg_reg.
DSP Report: register u/grp_pe_r2_0_Pipeline_VITIS_LOOP_32_1_fu_67/mac_muladd_8s_8s_32s_32_4_1_U1/pe_r2_0_mac_muladd_8s_8s_32s_32_4_1_DSP48_0_U/m_reg_reg is absorbed into DSP u/grp_pe_r2_0_Pipeline_VITIS_LOOP_32_1_fu_67/mac_muladd_8s_8s_32s_32_4_1_U1/pe_r2_0_mac_muladd_8s_8s_32s_32_4_1_DSP48_0_U/p_reg_reg.
DSP Report: operator u/grp_pe_r2_0_Pipeline_VITIS_LOOP_32_1_fu_67/mac_muladd_8s_8s_32s_32_4_1_U1/pe_r2_0_mac_muladd_8s_8s_32s_32_4_1_DSP48_0_U/p is absorbed into DSP u/grp_pe_r2_0_Pipeline_VITIS_LOOP_32_1_fu_67/mac_muladd_8s_8s_32s_32_4_1_U1/pe_r2_0_mac_muladd_8s_8s_32s_32_4_1_DSP48_0_U/p_reg_reg.
DSP Report: operator u/grp_pe_r2_0_Pipeline_VITIS_LOOP_32_1_fu_67/mac_muladd_8s_8s_32s_32_4_1_U1/pe_r2_0_mac_muladd_8s_8s_32s_32_4_1_DSP48_0_U/m is absorbed into DSP u/grp_pe_r2_0_Pipeline_VITIS_LOOP_32_1_fu_67/mac_muladd_8s_8s_32s_32_4_1_U1/pe_r2_0_mac_muladd_8s_8s_32s_32_4_1_DSP48_0_U/p_reg_reg.
DSP Report: Generating DSP u/grp_pe_r2_0_Pipeline_VITIS_LOOP_57_2_fu_81/mac_muladd_8s_8s_32s_32_4_1_U9/pe_r2_0_mac_muladd_8s_8s_32s_32_4_1_DSP48_0_U/p_reg_reg, operation Mode is: (P or C)+(A2*B2)'.
DSP Report: register u/grp_pe_r2_0_Pipeline_VITIS_LOOP_57_2_fu_81/mac_muladd_8s_8s_32s_32_4_1_U9/pe_r2_0_mac_muladd_8s_8s_32s_32_4_1_DSP48_0_U/b_reg_reg is absorbed into DSP u/grp_pe_r2_0_Pipeline_VITIS_LOOP_57_2_fu_81/mac_muladd_8s_8s_32s_32_4_1_U9/pe_r2_0_mac_muladd_8s_8s_32s_32_4_1_DSP48_0_U/p_reg_reg.
DSP Report: register u/grp_pe_r2_0_Pipeline_VITIS_LOOP_57_2_fu_81/mac_muladd_8s_8s_32s_32_4_1_U9/pe_r2_0_mac_muladd_8s_8s_32s_32_4_1_DSP48_0_U/a_reg_reg is absorbed into DSP u/grp_pe_r2_0_Pipeline_VITIS_LOOP_57_2_fu_81/mac_muladd_8s_8s_32s_32_4_1_U9/pe_r2_0_mac_muladd_8s_8s_32s_32_4_1_DSP48_0_U/p_reg_reg.
DSP Report: register u/grp_pe_r2_0_Pipeline_VITIS_LOOP_57_2_fu_81/mac_muladd_8s_8s_32s_32_4_1_U9/pe_r2_0_mac_muladd_8s_8s_32s_32_4_1_DSP48_0_U/p_reg_reg is absorbed into DSP u/grp_pe_r2_0_Pipeline_VITIS_LOOP_57_2_fu_81/mac_muladd_8s_8s_32s_32_4_1_U9/pe_r2_0_mac_muladd_8s_8s_32s_32_4_1_DSP48_0_U/p_reg_reg.
DSP Report: register u/grp_pe_r2_0_Pipeline_VITIS_LOOP_57_2_fu_81/mac_muladd_8s_8s_32s_32_4_1_U9/pe_r2_0_mac_muladd_8s_8s_32s_32_4_1_DSP48_0_U/m_reg_reg is absorbed into DSP u/grp_pe_r2_0_Pipeline_VITIS_LOOP_57_2_fu_81/mac_muladd_8s_8s_32s_32_4_1_U9/pe_r2_0_mac_muladd_8s_8s_32s_32_4_1_DSP48_0_U/p_reg_reg.
DSP Report: operator u/grp_pe_r2_0_Pipeline_VITIS_LOOP_57_2_fu_81/mac_muladd_8s_8s_32s_32_4_1_U9/pe_r2_0_mac_muladd_8s_8s_32s_32_4_1_DSP48_0_U/p is absorbed into DSP u/grp_pe_r2_0_Pipeline_VITIS_LOOP_57_2_fu_81/mac_muladd_8s_8s_32s_32_4_1_U9/pe_r2_0_mac_muladd_8s_8s_32s_32_4_1_DSP48_0_U/p_reg_reg.
DSP Report: operator u/grp_pe_r2_0_Pipeline_VITIS_LOOP_57_2_fu_81/mac_muladd_8s_8s_32s_32_4_1_U9/pe_r2_0_mac_muladd_8s_8s_32s_32_4_1_DSP48_0_U/m is absorbed into DSP u/grp_pe_r2_0_Pipeline_VITIS_LOOP_57_2_fu_81/mac_muladd_8s_8s_32s_32_4_1_U9/pe_r2_0_mac_muladd_8s_8s_32s_32_4_1_DSP48_0_U/p_reg_reg.
DSP Report: Generating DSP u/grp_pe_r2_0_Pipeline_VITIS_LOOP_32_1_fu_67/mac_muladd_8s_8s_32s_32_4_1_U1/pe_r2_0_mac_muladd_8s_8s_32s_32_4_1_DSP48_0_U/p_reg_reg, operation Mode is: (P or C)+(A2*B2)'.
DSP Report: register u/grp_pe_r2_0_Pipeline_VITIS_LOOP_32_1_fu_67/mac_muladd_8s_8s_32s_32_4_1_U1/pe_r2_0_mac_muladd_8s_8s_32s_32_4_1_DSP48_0_U/b_reg_reg is absorbed into DSP u/grp_pe_r2_0_Pipeline_VITIS_LOOP_32_1_fu_67/mac_muladd_8s_8s_32s_32_4_1_U1/pe_r2_0_mac_muladd_8s_8s_32s_32_4_1_DSP48_0_U/p_reg_reg.
DSP Report: register u/grp_pe_r2_0_Pipeline_VITIS_LOOP_32_1_fu_67/mac_muladd_8s_8s_32s_32_4_1_U1/pe_r2_0_mac_muladd_8s_8s_32s_32_4_1_DSP48_0_U/a_reg_reg is absorbed into DSP u/grp_pe_r2_0_Pipeline_VITIS_LOOP_32_1_fu_67/mac_muladd_8s_8s_32s_32_4_1_U1/pe_r2_0_mac_muladd_8s_8s_32s_32_4_1_DSP48_0_U/p_reg_reg.
DSP Report: register u/grp_pe_r2_0_Pipeline_VITIS_LOOP_32_1_fu_67/mac_muladd_8s_8s_32s_32_4_1_U1/pe_r2_0_mac_muladd_8s_8s_32s_32_4_1_DSP48_0_U/p_reg_reg is absorbed into DSP u/grp_pe_r2_0_Pipeline_VITIS_LOOP_32_1_fu_67/mac_muladd_8s_8s_32s_32_4_1_U1/pe_r2_0_mac_muladd_8s_8s_32s_32_4_1_DSP48_0_U/p_reg_reg.
DSP Report: register u/grp_pe_r2_0_Pipeline_VITIS_LOOP_32_1_fu_67/mac_muladd_8s_8s_32s_32_4_1_U1/pe_r2_0_mac_muladd_8s_8s_32s_32_4_1_DSP48_0_U/m_reg_reg is absorbed into DSP u/grp_pe_r2_0_Pipeline_VITIS_LOOP_32_1_fu_67/mac_muladd_8s_8s_32s_32_4_1_U1/pe_r2_0_mac_muladd_8s_8s_32s_32_4_1_DSP48_0_U/p_reg_reg.
DSP Report: operator u/grp_pe_r2_0_Pipeline_VITIS_LOOP_32_1_fu_67/mac_muladd_8s_8s_32s_32_4_1_U1/pe_r2_0_mac_muladd_8s_8s_32s_32_4_1_DSP48_0_U/p is absorbed into DSP u/grp_pe_r2_0_Pipeline_VITIS_LOOP_32_1_fu_67/mac_muladd_8s_8s_32s_32_4_1_U1/pe_r2_0_mac_muladd_8s_8s_32s_32_4_1_DSP48_0_U/p_reg_reg.
DSP Report: operator u/grp_pe_r2_0_Pipeline_VITIS_LOOP_32_1_fu_67/mac_muladd_8s_8s_32s_32_4_1_U1/pe_r2_0_mac_muladd_8s_8s_32s_32_4_1_DSP48_0_U/m is absorbed into DSP u/grp_pe_r2_0_Pipeline_VITIS_LOOP_32_1_fu_67/mac_muladd_8s_8s_32s_32_4_1_U1/pe_r2_0_mac_muladd_8s_8s_32s_32_4_1_DSP48_0_U/p_reg_reg.
DSP Report: Generating DSP u/grp_pe_r2_0_Pipeline_VITIS_LOOP_57_2_fu_81/mac_muladd_8s_8s_32s_32_4_1_U9/pe_r2_0_mac_muladd_8s_8s_32s_32_4_1_DSP48_0_U/p_reg_reg, operation Mode is: (P or C)+(A2*B2)'.
DSP Report: register u/grp_pe_r2_0_Pipeline_VITIS_LOOP_57_2_fu_81/mac_muladd_8s_8s_32s_32_4_1_U9/pe_r2_0_mac_muladd_8s_8s_32s_32_4_1_DSP48_0_U/b_reg_reg is absorbed into DSP u/grp_pe_r2_0_Pipeline_VITIS_LOOP_57_2_fu_81/mac_muladd_8s_8s_32s_32_4_1_U9/pe_r2_0_mac_muladd_8s_8s_32s_32_4_1_DSP48_0_U/p_reg_reg.
DSP Report: register u/grp_pe_r2_0_Pipeline_VITIS_LOOP_57_2_fu_81/mac_muladd_8s_8s_32s_32_4_1_U9/pe_r2_0_mac_muladd_8s_8s_32s_32_4_1_DSP48_0_U/a_reg_reg is absorbed into DSP u/grp_pe_r2_0_Pipeline_VITIS_LOOP_57_2_fu_81/mac_muladd_8s_8s_32s_32_4_1_U9/pe_r2_0_mac_muladd_8s_8s_32s_32_4_1_DSP48_0_U/p_reg_reg.
DSP Report: register u/grp_pe_r2_0_Pipeline_VITIS_LOOP_57_2_fu_81/mac_muladd_8s_8s_32s_32_4_1_U9/pe_r2_0_mac_muladd_8s_8s_32s_32_4_1_DSP48_0_U/p_reg_reg is absorbed into DSP u/grp_pe_r2_0_Pipeline_VITIS_LOOP_57_2_fu_81/mac_muladd_8s_8s_32s_32_4_1_U9/pe_r2_0_mac_muladd_8s_8s_32s_32_4_1_DSP48_0_U/p_reg_reg.
DSP Report: register u/grp_pe_r2_0_Pipeline_VITIS_LOOP_57_2_fu_81/mac_muladd_8s_8s_32s_32_4_1_U9/pe_r2_0_mac_muladd_8s_8s_32s_32_4_1_DSP48_0_U/m_reg_reg is absorbed into DSP u/grp_pe_r2_0_Pipeline_VITIS_LOOP_57_2_fu_81/mac_muladd_8s_8s_32s_32_4_1_U9/pe_r2_0_mac_muladd_8s_8s_32s_32_4_1_DSP48_0_U/p_reg_reg.
DSP Report: operator u/grp_pe_r2_0_Pipeline_VITIS_LOOP_57_2_fu_81/mac_muladd_8s_8s_32s_32_4_1_U9/pe_r2_0_mac_muladd_8s_8s_32s_32_4_1_DSP48_0_U/p is absorbed into DSP u/grp_pe_r2_0_Pipeline_VITIS_LOOP_57_2_fu_81/mac_muladd_8s_8s_32s_32_4_1_U9/pe_r2_0_mac_muladd_8s_8s_32s_32_4_1_DSP48_0_U/p_reg_reg.
DSP Report: operator u/grp_pe_r2_0_Pipeline_VITIS_LOOP_57_2_fu_81/mac_muladd_8s_8s_32s_32_4_1_U9/pe_r2_0_mac_muladd_8s_8s_32s_32_4_1_DSP48_0_U/m is absorbed into DSP u/grp_pe_r2_0_Pipeline_VITIS_LOOP_57_2_fu_81/mac_muladd_8s_8s_32s_32_4_1_U9/pe_r2_0_mac_muladd_8s_8s_32s_32_4_1_DSP48_0_U/p_reg_reg.
DSP Report: Generating DSP u/grp_pe_r2_0_Pipeline_VITIS_LOOP_32_1_fu_67/mac_muladd_8s_8s_32s_32_4_1_U1/pe_r2_0_mac_muladd_8s_8s_32s_32_4_1_DSP48_0_U/p_reg_reg, operation Mode is: (P or C)+(A2*B2)'.
DSP Report: register u/grp_pe_r2_0_Pipeline_VITIS_LOOP_32_1_fu_67/mac_muladd_8s_8s_32s_32_4_1_U1/pe_r2_0_mac_muladd_8s_8s_32s_32_4_1_DSP48_0_U/b_reg_reg is absorbed into DSP u/grp_pe_r2_0_Pipeline_VITIS_LOOP_32_1_fu_67/mac_muladd_8s_8s_32s_32_4_1_U1/pe_r2_0_mac_muladd_8s_8s_32s_32_4_1_DSP48_0_U/p_reg_reg.
DSP Report: register u/grp_pe_r2_0_Pipeline_VITIS_LOOP_32_1_fu_67/mac_muladd_8s_8s_32s_32_4_1_U1/pe_r2_0_mac_muladd_8s_8s_32s_32_4_1_DSP48_0_U/a_reg_reg is absorbed into DSP u/grp_pe_r2_0_Pipeline_VITIS_LOOP_32_1_fu_67/mac_muladd_8s_8s_32s_32_4_1_U1/pe_r2_0_mac_muladd_8s_8s_32s_32_4_1_DSP48_0_U/p_reg_reg.
DSP Report: register u/grp_pe_r2_0_Pipeline_VITIS_LOOP_32_1_fu_67/mac_muladd_8s_8s_32s_32_4_1_U1/pe_r2_0_mac_muladd_8s_8s_32s_32_4_1_DSP48_0_U/p_reg_reg is absorbed into DSP u/grp_pe_r2_0_Pipeline_VITIS_LOOP_32_1_fu_67/mac_muladd_8s_8s_32s_32_4_1_U1/pe_r2_0_mac_muladd_8s_8s_32s_32_4_1_DSP48_0_U/p_reg_reg.
DSP Report: register u/grp_pe_r2_0_Pipeline_VITIS_LOOP_32_1_fu_67/mac_muladd_8s_8s_32s_32_4_1_U1/pe_r2_0_mac_muladd_8s_8s_32s_32_4_1_DSP48_0_U/m_reg_reg is absorbed into DSP u/grp_pe_r2_0_Pipeline_VITIS_LOOP_32_1_fu_67/mac_muladd_8s_8s_32s_32_4_1_U1/pe_r2_0_mac_muladd_8s_8s_32s_32_4_1_DSP48_0_U/p_reg_reg.
DSP Report: operator u/grp_pe_r2_0_Pipeline_VITIS_LOOP_32_1_fu_67/mac_muladd_8s_8s_32s_32_4_1_U1/pe_r2_0_mac_muladd_8s_8s_32s_32_4_1_DSP48_0_U/p is absorbed into DSP u/grp_pe_r2_0_Pipeline_VITIS_LOOP_32_1_fu_67/mac_muladd_8s_8s_32s_32_4_1_U1/pe_r2_0_mac_muladd_8s_8s_32s_32_4_1_DSP48_0_U/p_reg_reg.
DSP Report: operator u/grp_pe_r2_0_Pipeline_VITIS_LOOP_32_1_fu_67/mac_muladd_8s_8s_32s_32_4_1_U1/pe_r2_0_mac_muladd_8s_8s_32s_32_4_1_DSP48_0_U/m is absorbed into DSP u/grp_pe_r2_0_Pipeline_VITIS_LOOP_32_1_fu_67/mac_muladd_8s_8s_32s_32_4_1_U1/pe_r2_0_mac_muladd_8s_8s_32s_32_4_1_DSP48_0_U/p_reg_reg.
DSP Report: Generating DSP u/grp_pe_r2_0_Pipeline_VITIS_LOOP_57_2_fu_81/mac_muladd_8s_8s_32s_32_4_1_U9/pe_r2_0_mac_muladd_8s_8s_32s_32_4_1_DSP48_0_U/p_reg_reg, operation Mode is: (P or C)+(A2*B2)'.
DSP Report: register u/grp_pe_r2_0_Pipeline_VITIS_LOOP_57_2_fu_81/mac_muladd_8s_8s_32s_32_4_1_U9/pe_r2_0_mac_muladd_8s_8s_32s_32_4_1_DSP48_0_U/b_reg_reg is absorbed into DSP u/grp_pe_r2_0_Pipeline_VITIS_LOOP_57_2_fu_81/mac_muladd_8s_8s_32s_32_4_1_U9/pe_r2_0_mac_muladd_8s_8s_32s_32_4_1_DSP48_0_U/p_reg_reg.
DSP Report: register u/grp_pe_r2_0_Pipeline_VITIS_LOOP_57_2_fu_81/mac_muladd_8s_8s_32s_32_4_1_U9/pe_r2_0_mac_muladd_8s_8s_32s_32_4_1_DSP48_0_U/a_reg_reg is absorbed into DSP u/grp_pe_r2_0_Pipeline_VITIS_LOOP_57_2_fu_81/mac_muladd_8s_8s_32s_32_4_1_U9/pe_r2_0_mac_muladd_8s_8s_32s_32_4_1_DSP48_0_U/p_reg_reg.
DSP Report: register u/grp_pe_r2_0_Pipeline_VITIS_LOOP_57_2_fu_81/mac_muladd_8s_8s_32s_32_4_1_U9/pe_r2_0_mac_muladd_8s_8s_32s_32_4_1_DSP48_0_U/p_reg_reg is absorbed into DSP u/grp_pe_r2_0_Pipeline_VITIS_LOOP_57_2_fu_81/mac_muladd_8s_8s_32s_32_4_1_U9/pe_r2_0_mac_muladd_8s_8s_32s_32_4_1_DSP48_0_U/p_reg_reg.
DSP Report: register u/grp_pe_r2_0_Pipeline_VITIS_LOOP_57_2_fu_81/mac_muladd_8s_8s_32s_32_4_1_U9/pe_r2_0_mac_muladd_8s_8s_32s_32_4_1_DSP48_0_U/m_reg_reg is absorbed into DSP u/grp_pe_r2_0_Pipeline_VITIS_LOOP_57_2_fu_81/mac_muladd_8s_8s_32s_32_4_1_U9/pe_r2_0_mac_muladd_8s_8s_32s_32_4_1_DSP48_0_U/p_reg_reg.
DSP Report: operator u/grp_pe_r2_0_Pipeline_VITIS_LOOP_57_2_fu_81/mac_muladd_8s_8s_32s_32_4_1_U9/pe_r2_0_mac_muladd_8s_8s_32s_32_4_1_DSP48_0_U/p is absorbed into DSP u/grp_pe_r2_0_Pipeline_VITIS_LOOP_57_2_fu_81/mac_muladd_8s_8s_32s_32_4_1_U9/pe_r2_0_mac_muladd_8s_8s_32s_32_4_1_DSP48_0_U/p_reg_reg.
DSP Report: operator u/grp_pe_r2_0_Pipeline_VITIS_LOOP_57_2_fu_81/mac_muladd_8s_8s_32s_32_4_1_U9/pe_r2_0_mac_muladd_8s_8s_32s_32_4_1_DSP48_0_U/m is absorbed into DSP u/grp_pe_r2_0_Pipeline_VITIS_LOOP_57_2_fu_81/mac_muladd_8s_8s_32s_32_4_1_U9/pe_r2_0_mac_muladd_8s_8s_32s_32_4_1_DSP48_0_U/p_reg_reg.
DSP Report: Generating DSP u/grp_pe_r2_0_Pipeline_VITIS_LOOP_32_1_fu_67/mac_muladd_8s_8s_32s_32_4_1_U1/pe_r2_0_mac_muladd_8s_8s_32s_32_4_1_DSP48_0_U/p_reg_reg, operation Mode is: (P or C)+(A2*B2)'.
DSP Report: register u/grp_pe_r2_0_Pipeline_VITIS_LOOP_32_1_fu_67/mac_muladd_8s_8s_32s_32_4_1_U1/pe_r2_0_mac_muladd_8s_8s_32s_32_4_1_DSP48_0_U/b_reg_reg is absorbed into DSP u/grp_pe_r2_0_Pipeline_VITIS_LOOP_32_1_fu_67/mac_muladd_8s_8s_32s_32_4_1_U1/pe_r2_0_mac_muladd_8s_8s_32s_32_4_1_DSP48_0_U/p_reg_reg.
DSP Report: register u/grp_pe_r2_0_Pipeline_VITIS_LOOP_32_1_fu_67/mac_muladd_8s_8s_32s_32_4_1_U1/pe_r2_0_mac_muladd_8s_8s_32s_32_4_1_DSP48_0_U/a_reg_reg is absorbed into DSP u/grp_pe_r2_0_Pipeline_VITIS_LOOP_32_1_fu_67/mac_muladd_8s_8s_32s_32_4_1_U1/pe_r2_0_mac_muladd_8s_8s_32s_32_4_1_DSP48_0_U/p_reg_reg.
DSP Report: register u/grp_pe_r2_0_Pipeline_VITIS_LOOP_32_1_fu_67/mac_muladd_8s_8s_32s_32_4_1_U1/pe_r2_0_mac_muladd_8s_8s_32s_32_4_1_DSP48_0_U/p_reg_reg is absorbed into DSP u/grp_pe_r2_0_Pipeline_VITIS_LOOP_32_1_fu_67/mac_muladd_8s_8s_32s_32_4_1_U1/pe_r2_0_mac_muladd_8s_8s_32s_32_4_1_DSP48_0_U/p_reg_reg.
DSP Report: register u/grp_pe_r2_0_Pipeline_VITIS_LOOP_32_1_fu_67/mac_muladd_8s_8s_32s_32_4_1_U1/pe_r2_0_mac_muladd_8s_8s_32s_32_4_1_DSP48_0_U/m_reg_reg is absorbed into DSP u/grp_pe_r2_0_Pipeline_VITIS_LOOP_32_1_fu_67/mac_muladd_8s_8s_32s_32_4_1_U1/pe_r2_0_mac_muladd_8s_8s_32s_32_4_1_DSP48_0_U/p_reg_reg.
DSP Report: operator u/grp_pe_r2_0_Pipeline_VITIS_LOOP_32_1_fu_67/mac_muladd_8s_8s_32s_32_4_1_U1/pe_r2_0_mac_muladd_8s_8s_32s_32_4_1_DSP48_0_U/p is absorbed into DSP u/grp_pe_r2_0_Pipeline_VITIS_LOOP_32_1_fu_67/mac_muladd_8s_8s_32s_32_4_1_U1/pe_r2_0_mac_muladd_8s_8s_32s_32_4_1_DSP48_0_U/p_reg_reg.
DSP Report: operator u/grp_pe_r2_0_Pipeline_VITIS_LOOP_32_1_fu_67/mac_muladd_8s_8s_32s_32_4_1_U1/pe_r2_0_mac_muladd_8s_8s_32s_32_4_1_DSP48_0_U/m is absorbed into DSP u/grp_pe_r2_0_Pipeline_VITIS_LOOP_32_1_fu_67/mac_muladd_8s_8s_32s_32_4_1_U1/pe_r2_0_mac_muladd_8s_8s_32s_32_4_1_DSP48_0_U/p_reg_reg.
DSP Report: Generating DSP u/grp_pe_r4_0_Pipeline_l_S_k_0_k_fu_47/mac_muladd_8s_8s_19s_19_4_1_U1/pe_r4_0_mac_muladd_8s_8s_19s_19_4_1_DSP48_0_U/p_reg_reg, operation Mode is: (P or C)+(A2*B2)'.
DSP Report: register u/grp_pe_r4_0_Pipeline_l_S_k_0_k_fu_47/mac_muladd_8s_8s_19s_19_4_1_U1/pe_r4_0_mac_muladd_8s_8s_19s_19_4_1_DSP48_0_U/b_reg_reg is absorbed into DSP u/grp_pe_r4_0_Pipeline_l_S_k_0_k_fu_47/mac_muladd_8s_8s_19s_19_4_1_U1/pe_r4_0_mac_muladd_8s_8s_19s_19_4_1_DSP48_0_U/p_reg_reg.
DSP Report: register u/grp_pe_r4_0_Pipeline_l_S_k_0_k_fu_47/mac_muladd_8s_8s_19s_19_4_1_U1/pe_r4_0_mac_muladd_8s_8s_19s_19_4_1_DSP48_0_U/a_reg_reg is absorbed into DSP u/grp_pe_r4_0_Pipeline_l_S_k_0_k_fu_47/mac_muladd_8s_8s_19s_19_4_1_U1/pe_r4_0_mac_muladd_8s_8s_19s_19_4_1_DSP48_0_U/p_reg_reg.
DSP Report: register u/grp_pe_r4_0_Pipeline_l_S_k_0_k_fu_47/mac_muladd_8s_8s_19s_19_4_1_U1/pe_r4_0_mac_muladd_8s_8s_19s_19_4_1_DSP48_0_U/p_reg_reg is absorbed into DSP u/grp_pe_r4_0_Pipeline_l_S_k_0_k_fu_47/mac_muladd_8s_8s_19s_19_4_1_U1/pe_r4_0_mac_muladd_8s_8s_19s_19_4_1_DSP48_0_U/p_reg_reg.
DSP Report: register u/grp_pe_r4_0_Pipeline_l_S_k_0_k_fu_47/mac_muladd_8s_8s_19s_19_4_1_U1/pe_r4_0_mac_muladd_8s_8s_19s_19_4_1_DSP48_0_U/m_reg_reg is absorbed into DSP u/grp_pe_r4_0_Pipeline_l_S_k_0_k_fu_47/mac_muladd_8s_8s_19s_19_4_1_U1/pe_r4_0_mac_muladd_8s_8s_19s_19_4_1_DSP48_0_U/p_reg_reg.
DSP Report: operator u/grp_pe_r4_0_Pipeline_l_S_k_0_k_fu_47/mac_muladd_8s_8s_19s_19_4_1_U1/pe_r4_0_mac_muladd_8s_8s_19s_19_4_1_DSP48_0_U/p is absorbed into DSP u/grp_pe_r4_0_Pipeline_l_S_k_0_k_fu_47/mac_muladd_8s_8s_19s_19_4_1_U1/pe_r4_0_mac_muladd_8s_8s_19s_19_4_1_DSP48_0_U/p_reg_reg.
DSP Report: operator u/grp_pe_r4_0_Pipeline_l_S_k_0_k_fu_47/mac_muladd_8s_8s_19s_19_4_1_U1/pe_r4_0_mac_muladd_8s_8s_19s_19_4_1_DSP48_0_U/m is absorbed into DSP u/grp_pe_r4_0_Pipeline_l_S_k_0_k_fu_47/mac_muladd_8s_8s_19s_19_4_1_U1/pe_r4_0_mac_muladd_8s_8s_19s_19_4_1_DSP48_0_U/p_reg_reg.
DSP Report: Generating DSP u/grp_pe_r8_0_Pipeline_l_S_k_0_k_fu_47/mac_muladd_8s_8s_19s_19_4_1_U1/pe_r8_0_mac_muladd_8s_8s_19s_19_4_1_DSP48_0_U/p_reg_reg, operation Mode is: (P or C)+(A2*B2)'.
DSP Report: register u/grp_pe_r8_0_Pipeline_l_S_k_0_k_fu_47/mac_muladd_8s_8s_19s_19_4_1_U1/pe_r8_0_mac_muladd_8s_8s_19s_19_4_1_DSP48_0_U/b_reg_reg is absorbed into DSP u/grp_pe_r8_0_Pipeline_l_S_k_0_k_fu_47/mac_muladd_8s_8s_19s_19_4_1_U1/pe_r8_0_mac_muladd_8s_8s_19s_19_4_1_DSP48_0_U/p_reg_reg.
DSP Report: register u/grp_pe_r8_0_Pipeline_l_S_k_0_k_fu_47/mac_muladd_8s_8s_19s_19_4_1_U1/pe_r8_0_mac_muladd_8s_8s_19s_19_4_1_DSP48_0_U/a_reg_reg is absorbed into DSP u/grp_pe_r8_0_Pipeline_l_S_k_0_k_fu_47/mac_muladd_8s_8s_19s_19_4_1_U1/pe_r8_0_mac_muladd_8s_8s_19s_19_4_1_DSP48_0_U/p_reg_reg.
DSP Report: register u/grp_pe_r8_0_Pipeline_l_S_k_0_k_fu_47/mac_muladd_8s_8s_19s_19_4_1_U1/pe_r8_0_mac_muladd_8s_8s_19s_19_4_1_DSP48_0_U/p_reg_reg is absorbed into DSP u/grp_pe_r8_0_Pipeline_l_S_k_0_k_fu_47/mac_muladd_8s_8s_19s_19_4_1_U1/pe_r8_0_mac_muladd_8s_8s_19s_19_4_1_DSP48_0_U/p_reg_reg.
DSP Report: register u/grp_pe_r8_0_Pipeline_l_S_k_0_k_fu_47/mac_muladd_8s_8s_19s_19_4_1_U1/pe_r8_0_mac_muladd_8s_8s_19s_19_4_1_DSP48_0_U/m_reg_reg is absorbed into DSP u/grp_pe_r8_0_Pipeline_l_S_k_0_k_fu_47/mac_muladd_8s_8s_19s_19_4_1_U1/pe_r8_0_mac_muladd_8s_8s_19s_19_4_1_DSP48_0_U/p_reg_reg.
DSP Report: operator u/grp_pe_r8_0_Pipeline_l_S_k_0_k_fu_47/mac_muladd_8s_8s_19s_19_4_1_U1/pe_r8_0_mac_muladd_8s_8s_19s_19_4_1_DSP48_0_U/p is absorbed into DSP u/grp_pe_r8_0_Pipeline_l_S_k_0_k_fu_47/mac_muladd_8s_8s_19s_19_4_1_U1/pe_r8_0_mac_muladd_8s_8s_19s_19_4_1_DSP48_0_U/p_reg_reg.
DSP Report: operator u/grp_pe_r8_0_Pipeline_l_S_k_0_k_fu_47/mac_muladd_8s_8s_19s_19_4_1_U1/pe_r8_0_mac_muladd_8s_8s_19s_19_4_1_DSP48_0_U/m is absorbed into DSP u/grp_pe_r8_0_Pipeline_l_S_k_0_k_fu_47/mac_muladd_8s_8s_19s_19_4_1_U1/pe_r8_0_mac_muladd_8s_8s_19s_19_4_1_DSP48_0_U/p_reg_reg.
---------------------------------------------------------------------------------
Finished Cross Boundary and Area Optimization : Time (s): cpu = 00:01:03 ; elapsed = 00:01:05 . Memory (MB): peak = 3590.105 ; gain = 674.594 ; free physical = 91119 ; free virtual = 173453
---------------------------------------------------------------------------------
 Sort Area is spmw_top__GB0 u/grp_pe_r0_0_Pipeline_VITIS_LOOP_32_1_fu_67/mac_muladd_8s_8s_32s_32_4_1_U1/pe_r0_0_mac_muladd_8s_8s_32s_32_4_1_DSP48_0_U/p_reg_reg_0 : 0 0 : 791 791 : Used 1 time 100
 Sort Area is spmw_top__GB0 u/grp_pe_r0_0_Pipeline_VITIS_LOOP_32_1_fu_67/mac_muladd_8s_8s_32s_32_4_1_U1/pe_r0_0_mac_muladd_8s_8s_32s_32_4_1_DSP48_0_U/p_reg_reg_13 : 0 0 : 791 791 : Used 1 time 100
 Sort Area is spmw_top__GB0 u/grp_pe_r0_0_Pipeline_VITIS_LOOP_32_1_fu_67/mac_muladd_8s_8s_32s_32_4_1_U1/pe_r0_0_mac_muladd_8s_8s_32s_32_4_1_DSP48_0_U/p_reg_reg_15 : 0 0 : 791 791 : Used 1 time 100
 Sort Area is spmw_top__GB0 u/grp_pe_r0_0_Pipeline_VITIS_LOOP_32_1_fu_67/mac_muladd_8s_8s_32s_32_4_1_U1/pe_r0_0_mac_muladd_8s_8s_32s_32_4_1_DSP48_0_U/p_reg_reg_17 : 0 0 : 791 791 : Used 1 time 100
 Sort Area is spmw_top__GB0 u/grp_pe_r0_0_Pipeline_VITIS_LOOP_32_1_fu_67/mac_muladd_8s_8s_32s_32_4_1_U1/pe_r0_0_mac_muladd_8s_8s_32s_32_4_1_DSP48_0_U/p_reg_reg_19 : 0 0 : 791 791 : Used 1 time 100
 Sort Area is spmw_top__GB0 u/grp_pe_r0_0_Pipeline_VITIS_LOOP_32_1_fu_67/mac_muladd_8s_8s_32s_32_4_1_U1/pe_r0_0_mac_muladd_8s_8s_32s_32_4_1_DSP48_0_U/p_reg_reg_1b : 0 0 : 791 791 : Used 1 time 100
 Sort Area is spmw_top__GB0 u/grp_pe_r0_0_Pipeline_VITIS_LOOP_32_1_fu_67/mac_muladd_8s_8s_32s_32_4_1_U1/pe_r0_0_mac_muladd_8s_8s_32s_32_4_1_DSP48_0_U/p_reg_reg_1d : 0 0 : 791 791 : Used 1 time 100
 Sort Area is spmw_top__GB0 u/grp_pe_r0_0_Pipeline_VITIS_LOOP_32_1_fu_67/mac_muladd_8s_8s_32s_32_4_1_U1/pe_r0_0_mac_muladd_8s_8s_32s_32_4_1_DSP48_0_U/p_reg_reg_1f : 0 0 : 791 791 : Used 1 time 100
 Sort Area is spmw_top__GB0 u/grp_pe_r0_0_Pipeline_VITIS_LOOP_32_1_fu_67/mac_muladd_8s_8s_32s_32_4_1_U1/pe_r0_0_mac_muladd_8s_8s_32s_32_4_1_DSP48_0_U/p_reg_reg_2b : 0 0 : 791 791 : Used 1 time 100
 Sort Area is spmw_top__GB0 u/grp_pe_r0_0_Pipeline_VITIS_LOOP_32_1_fu_67/mac_muladd_8s_8s_32s_32_4_1_U1/pe_r0_0_mac_muladd_8s_8s_32s_32_4_1_DSP48_0_U/p_reg_reg_2d : 0 0 : 791 791 : Used 1 time 100
 Sort Area is spmw_top__GB1 u/grp_pe_r0_0_Pipeline_VITIS_LOOP_32_1_fu_67/mac_muladd_8s_8s_32s_32_4_1_U1/pe_r0_0_mac_muladd_8s_8s_32s_32_4_1_DSP48_0_U/p_reg_reg_2f : 0 0 : 791 791 : Used 1 time 100
 Sort Area is spmw_top__GB0 u/grp_pe_r0_0_Pipeline_VITIS_LOOP_32_1_fu_67/mac_muladd_8s_8s_32s_32_4_1_U1/pe_r0_0_mac_muladd_8s_8s_32s_32_4_1_DSP48_0_U/p_reg_reg_3 : 0 0 : 791 791 : Used 1 time 100
 Sort Area is spmw_top__GB1 u/grp_pe_r0_0_Pipeline_VITIS_LOOP_32_1_fu_67/mac_muladd_8s_8s_32s_32_4_1_U1/pe_r0_0_mac_muladd_8s_8s_32s_32_4_1_DSP48_0_U/p_reg_reg_31 : 0 0 : 791 791 : Used 1 time 100
 Sort Area is spmw_top__GB1 u/grp_pe_r0_0_Pipeline_VITIS_LOOP_32_1_fu_67/mac_muladd_8s_8s_32s_32_4_1_U1/pe_r0_0_mac_muladd_8s_8s_32s_32_4_1_DSP48_0_U/p_reg_reg_33 : 0 0 : 791 791 : Used 1 time 100
 Sort Area is spmw_top__GB1 u/grp_pe_r0_0_Pipeline_VITIS_LOOP_32_1_fu_67/mac_muladd_8s_8s_32s_32_4_1_U1/pe_r0_0_mac_muladd_8s_8s_32s_32_4_1_DSP48_0_U/p_reg_reg_35 : 0 0 : 791 791 : Used 1 time 100
 Sort Area is spmw_top__GB1 u/grp_pe_r0_0_Pipeline_VITIS_LOOP_32_1_fu_67/mac_muladd_8s_8s_32s_32_4_1_U1/pe_r0_0_mac_muladd_8s_8s_32s_32_4_1_DSP48_0_U/p_reg_reg_37 : 0 0 : 791 791 : Used 1 time 100
 Sort Area is spmw_top__GB1 u/grp_pe_r0_0_Pipeline_VITIS_LOOP_32_1_fu_67/mac_muladd_8s_8s_32s_32_4_1_U1/pe_r0_0_mac_muladd_8s_8s_32s_32_4_1_DSP48_0_U/p_reg_reg_39 : 0 0 : 791 791 : Used 1 time 100
 Sort Area is spmw_top__GB1 u/grp_pe_r0_0_Pipeline_VITIS_LOOP_32_1_fu_67/mac_muladd_8s_8s_32s_32_4_1_U1/pe_r0_0_mac_muladd_8s_8s_32s_32_4_1_DSP48_0_U/p_reg_reg_3b : 0 0 : 791 791 : Used 1 time 100
 Sort Area is spmw_top__GB1 u/grp_pe_r0_0_Pipeline_VITIS_LOOP_32_1_fu_67/mac_muladd_8s_8s_32s_32_4_1_U1/pe_r0_0_mac_muladd_8s_8s_32s_32_4_1_DSP48_0_U/p_reg_reg_3d : 0 0 : 791 791 : Used 1 time 100
 Sort Area is spmw_top__GB1 u/grp_pe_r0_0_Pipeline_VITIS_LOOP_32_1_fu_67/mac_muladd_8s_8s_32s_32_4_1_U1/pe_r0_0_mac_muladd_8s_8s_32s_32_4_1_DSP48_0_U/p_reg_reg_3f : 0 0 : 791 791 : Used 1 time 100
 Sort Area is spmw_top__GB1 u/grp_pe_r0_0_Pipeline_VITIS_LOOP_32_1_fu_67/mac_muladd_8s_8s_32s_32_4_1_U1/pe_r0_0_mac_muladd_8s_8s_32s_32_4_1_DSP48_0_U/p_reg_reg_41 : 0 0 : 791 791 : Used 1 time 100
 Sort Area is spmw_top__GB1 u/grp_pe_r0_0_Pipeline_VITIS_LOOP_32_1_fu_67/mac_muladd_8s_8s_32s_32_4_1_U1/pe_r0_0_mac_muladd_8s_8s_32s_32_4_1_DSP48_0_U/p_reg_reg_43 : 0 0 : 791 791 : Used 1 time 100
 Sort Area is spmw_top__GB1 u/grp_pe_r0_0_Pipeline_VITIS_LOOP_32_1_fu_67/mac_muladd_8s_8s_32s_32_4_1_U1/pe_r0_0_mac_muladd_8s_8s_32s_32_4_1_DSP48_0_U/p_reg_reg_4b : 0 0 : 791 791 : Used 1 time 100
 Sort Area is spmw_top__GB2 u/grp_pe_r0_0_Pipeline_VITIS_LOOP_32_1_fu_67/mac_muladd_8s_8s_32s_32_4_1_U1/pe_r0_0_mac_muladd_8s_8s_32s_32_4_1_DSP48_0_U/p_reg_reg_55 : 0 0 : 791 791 : Used 1 time 100
 Sort Area is spmw_top__GB2 u/grp_pe_r0_0_Pipeline_VITIS_LOOP_32_1_fu_67/mac_muladd_8s_8s_32s_32_4_1_U1/pe_r0_0_mac_muladd_8s_8s_32s_32_4_1_DSP48_0_U/p_reg_reg_57 : 0 0 : 791 791 : Used 1 time 100
 Sort Area is spmw_top__GB2 u/grp_pe_r0_0_Pipeline_VITIS_LOOP_32_1_fu_67/mac_muladd_8s_8s_32s_32_4_1_U1/pe_r0_0_mac_muladd_8s_8s_32s_32_4_1_DSP48_0_U/p_reg_reg_59 : 0 0 : 791 791 : Used 1 time 100
 Sort Area is spmw_top__GB2 u/grp_pe_r0_0_Pipeline_VITIS_LOOP_32_1_fu_67/mac_muladd_8s_8s_32s_32_4_1_U1/pe_r0_0_mac_muladd_8s_8s_32s_32_4_1_DSP48_0_U/p_reg_reg_5b : 0 0 : 791 791 : Used 1 time 100
 Sort Area is spmw_top__GB2 u/grp_pe_r0_0_Pipeline_VITIS_LOOP_32_1_fu_67/mac_muladd_8s_8s_32s_32_4_1_U1/pe_r0_0_mac_muladd_8s_8s_32s_32_4_1_DSP48_0_U/p_reg_reg_5d : 0 0 : 791 791 : Used 1 time 100
 Sort Area is spmw_top__GB2 u/grp_pe_r0_0_Pipeline_VITIS_LOOP_32_1_fu_67/mac_muladd_8s_8s_32s_32_4_1_U1/pe_r0_0_mac_muladd_8s_8s_32s_32_4_1_DSP48_0_U/p_reg_reg_5f : 0 0 : 791 791 : Used 1 time 100
 Sort Area is spmw_top__GB2 u/grp_pe_r0_0_Pipeline_VITIS_LOOP_32_1_fu_67/mac_muladd_8s_8s_32s_32_4_1_U1/pe_r0_0_mac_muladd_8s_8s_32s_32_4_1_DSP48_0_U/p_reg_reg_61 : 0 0 : 791 791 : Used 1 time 100
 Sort Area is spmw_top__GB2 u/grp_pe_r0_0_Pipeline_VITIS_LOOP_32_1_fu_67/mac_muladd_8s_8s_32s_32_4_1_U1/pe_r0_0_mac_muladd_8s_8s_32s_32_4_1_DSP48_0_U/p_reg_reg_63 : 0 0 : 791 791 : Used 1 time 100
 Sort Area is spmw_top__GB3 u/grp_pe_r0_0_Pipeline_VITIS_LOOP_32_1_fu_67/mac_muladd_8s_8s_32s_32_4_1_U1/pe_r0_0_mac_muladd_8s_8s_32s_32_4_1_DSP48_0_U/p_reg_reg_65 : 0 0 : 791 791 : Used 1 time 100
 Sort Area is spmw_top__GB3 u/grp_pe_r0_0_Pipeline_VITIS_LOOP_32_1_fu_67/mac_muladd_8s_8s_32s_32_4_1_U1/pe_r0_0_mac_muladd_8s_8s_32s_32_4_1_DSP48_0_U/p_reg_reg_67 : 0 0 : 791 791 : Used 1 time 100
 Sort Area is spmw_top__GB3 u/grp_pe_r0_0_Pipeline_VITIS_LOOP_32_1_fu_67/mac_muladd_8s_8s_32s_32_4_1_U1/pe_r0_0_mac_muladd_8s_8s_32s_32_4_1_DSP48_0_U/p_reg_reg_69 : 0 0 : 791 791 : Used 1 time 100
 Sort Area is spmw_top__GB3 u/grp_pe_r0_0_Pipeline_VITIS_LOOP_32_1_fu_67/mac_muladd_8s_8s_32s_32_4_1_U1/pe_r0_0_mac_muladd_8s_8s_32s_32_4_1_DSP48_0_U/p_reg_reg_6b : 0 0 : 791 791 : Used 1 time 100
 Sort Area is spmw_top__GB0 u/grp_pe_r0_0_Pipeline_VITIS_LOOP_32_1_fu_67/mac_muladd_8s_8s_32s_32_4_1_U1/pe_r0_0_mac_muladd_8s_8s_32s_32_4_1_DSP48_0_U/p_reg_reg_8 : 0 0 : 791 791 : Used 1 time 100
 Sort Area is spmw_top__GB0 u/grp_pe_r0_0_Pipeline_VITIS_LOOP_57_2_fu_81/mac_muladd_8s_8s_32s_32_4_1_U9/pe_r0_0_mac_muladd_8s_8s_32s_32_4_1_DSP48_0_U/p_reg_reg_14 : 0 0 : 791 791 : Used 1 time 100
 Sort Area is spmw_top__GB0 u/grp_pe_r0_0_Pipeline_VITIS_LOOP_57_2_fu_81/mac_muladd_8s_8s_32s_32_4_1_U9/pe_r0_0_mac_muladd_8s_8s_32s_32_4_1_DSP48_0_U/p_reg_reg_16 : 0 0 : 791 791 : Used 1 time 100
 Sort Area is spmw_top__GB0 u/grp_pe_r0_0_Pipeline_VITIS_LOOP_57_2_fu_81/mac_muladd_8s_8s_32s_32_4_1_U9/pe_r0_0_mac_muladd_8s_8s_32s_32_4_1_DSP48_0_U/p_reg_reg_18 : 0 0 : 791 791 : Used 1 time 100
 Sort Area is spmw_top__GB0 u/grp_pe_r0_0_Pipeline_VITIS_LOOP_57_2_fu_81/mac_muladd_8s_8s_32s_32_4_1_U9/pe_r0_0_mac_muladd_8s_8s_32s_32_4_1_DSP48_0_U/p_reg_reg_1a : 0 0 : 791 791 : Used 1 time 100
 Sort Area is spmw_top__GB0 u/grp_pe_r0_0_Pipeline_VITIS_LOOP_57_2_fu_81/mac_muladd_8s_8s_32s_32_4_1_U9/pe_r0_0_mac_muladd_8s_8s_32s_32_4_1_DSP48_0_U/p_reg_reg_1c : 0 0 : 791 791 : Used 1 time 100
 Sort Area is spmw_top__GB0 u/grp_pe_r0_0_Pipeline_VITIS_LOOP_57_2_fu_81/mac_muladd_8s_8s_32s_32_4_1_U9/pe_r0_0_mac_muladd_8s_8s_32s_32_4_1_DSP48_0_U/p_reg_reg_1e : 0 0 : 791 791 : Used 1 time 100
 Sort Area is spmw_top__GB0 u/grp_pe_r0_0_Pipeline_VITIS_LOOP_57_2_fu_81/mac_muladd_8s_8s_32s_32_4_1_U9/pe_r0_0_mac_muladd_8s_8s_32s_32_4_1_DSP48_0_U/p_reg_reg_2 : 0 0 : 791 791 : Used 1 time 100
 Sort Area is spmw_top__GB0 u/grp_pe_r0_0_Pipeline_VITIS_LOOP_57_2_fu_81/mac_muladd_8s_8s_32s_32_4_1_U9/pe_r0_0_mac_muladd_8s_8s_32s_32_4_1_DSP48_0_U/p_reg_reg_20 : 0 0 : 791 791 : Used 1 time 100
 Sort Area is spmw_top__GB0 u/grp_pe_r0_0_Pipeline_VITIS_LOOP_57_2_fu_81/mac_muladd_8s_8s_32s_32_4_1_U9/pe_r0_0_mac_muladd_8s_8s_32s_32_4_1_DSP48_0_U/p_reg_reg_2c : 0 0 : 791 791 : Used 1 time 100
 Sort Area is spmw_top__GB0 u/grp_pe_r0_0_Pipeline_VITIS_LOOP_57_2_fu_81/mac_muladd_8s_8s_32s_32_4_1_U9/pe_r0_0_mac_muladd_8s_8s_32s_32_4_1_DSP48_0_U/p_reg_reg_2e : 0 0 : 791 791 : Used 1 time 100
 Sort Area is spmw_top__GB1 u/grp_pe_r0_0_Pipeline_VITIS_LOOP_57_2_fu_81/mac_muladd_8s_8s_32s_32_4_1_U9/pe_r0_0_mac_muladd_8s_8s_32s_32_4_1_DSP48_0_U/p_reg_reg_30 : 0 0 : 791 791 : Used 1 time 100
 Sort Area is spmw_top__GB1 u/grp_pe_r0_0_Pipeline_VITIS_LOOP_57_2_fu_81/mac_muladd_8s_8s_32s_32_4_1_U9/pe_r0_0_mac_muladd_8s_8s_32s_32_4_1_DSP48_0_U/p_reg_reg_32 : 0 0 : 791 791 : Used 1 time 100
 Sort Area is spmw_top__GB1 u/grp_pe_r0_0_Pipeline_VITIS_LOOP_57_2_fu_81/mac_muladd_8s_8s_32s_32_4_1_U9/pe_r0_0_mac_muladd_8s_8s_32s_32_4_1_DSP48_0_U/p_reg_reg_34 : 0 0 : 791 791 : Used 1 time 100
 Sort Area is spmw_top__GB1 u/grp_pe_r0_0_Pipeline_VITIS_LOOP_57_2_fu_81/mac_muladd_8s_8s_32s_32_4_1_U9/pe_r0_0_mac_muladd_8s_8s_32s_32_4_1_DSP48_0_U/p_reg_reg_36 : 0 0 : 791 791 : Used 1 time 100
 Sort Area is spmw_top__GB1 u/grp_pe_r0_0_Pipeline_VITIS_LOOP_57_2_fu_81/mac_muladd_8s_8s_32s_32_4_1_U9/pe_r0_0_mac_muladd_8s_8s_32s_32_4_1_DSP48_0_U/p_reg_reg_38 : 0 0 : 791 791 : Used 1 time 100
 Sort Area is spmw_top__GB1 u/grp_pe_r0_0_Pipeline_VITIS_LOOP_57_2_fu_81/mac_muladd_8s_8s_32s_32_4_1_U9/pe_r0_0_mac_muladd_8s_8s_32s_32_4_1_DSP48_0_U/p_reg_reg_3a : 0 0 : 791 791 : Used 1 time 100
 Sort Area is spmw_top__GB1 u/grp_pe_r0_0_Pipeline_VITIS_LOOP_57_2_fu_81/mac_muladd_8s_8s_32s_32_4_1_U9/pe_r0_0_mac_muladd_8s_8s_32s_32_4_1_DSP48_0_U/p_reg_reg_3c : 0 0 : 791 791 : Used 1 time 100
 Sort Area is spmw_top__GB1 u/grp_pe_r0_0_Pipeline_VITIS_LOOP_57_2_fu_81/mac_muladd_8s_8s_32s_32_4_1_U9/pe_r0_0_mac_muladd_8s_8s_32s_32_4_1_DSP48_0_U/p_reg_reg_3e : 0 0 : 791 791 : Used 1 time 100
 Sort Area is spmw_top__GB0 u/grp_pe_r0_0_Pipeline_VITIS_LOOP_57_2_fu_81/mac_muladd_8s_8s_32s_32_4_1_U9/pe_r0_0_mac_muladd_8s_8s_32s_32_4_1_DSP48_0_U/p_reg_reg_4 : 0 0 : 791 791 : Used 1 time 100
 Sort Area is spmw_top__GB1 u/grp_pe_r0_0_Pipeline_VITIS_LOOP_57_2_fu_81/mac_muladd_8s_8s_32s_32_4_1_U9/pe_r0_0_mac_muladd_8s_8s_32s_32_4_1_DSP48_0_U/p_reg_reg_40 : 0 0 : 791 791 : Used 1 time 100
 Sort Area is spmw_top__GB1 u/grp_pe_r0_0_Pipeline_VITIS_LOOP_57_2_fu_81/mac_muladd_8s_8s_32s_32_4_1_U9/pe_r0_0_mac_muladd_8s_8s_32s_32_4_1_DSP48_0_U/p_reg_reg_42 : 0 0 : 791 791 : Used 1 time 100
 Sort Area is spmw_top__GB1 u/grp_pe_r0_0_Pipeline_VITIS_LOOP_57_2_fu_81/mac_muladd_8s_8s_32s_32_4_1_U9/pe_r0_0_mac_muladd_8s_8s_32s_32_4_1_DSP48_0_U/p_reg_reg_44 : 0 0 : 791 791 : Used 1 time 100
 Sort Area is spmw_top__GB1 u/grp_pe_r0_0_Pipeline_VITIS_LOOP_57_2_fu_81/mac_muladd_8s_8s_32s_32_4_1_U9/pe_r0_0_mac_muladd_8s_8s_32s_32_4_1_DSP48_0_U/p_reg_reg_4c : 0 0 : 791 791 : Used 1 time 100
 Sort Area is spmw_top__GB2 u/grp_pe_r0_0_Pipeline_VITIS_LOOP_57_2_fu_81/mac_muladd_8s_8s_32s_32_4_1_U9/pe_r0_0_mac_muladd_8s_8s_32s_32_4_1_DSP48_0_U/p_reg_reg_56 : 0 0 : 791 791 : Used 1 time 100
 Sort Area is spmw_top__GB2 u/grp_pe_r0_0_Pipeline_VITIS_LOOP_57_2_fu_81/mac_muladd_8s_8s_32s_32_4_1_U9/pe_r0_0_mac_muladd_8s_8s_32s_32_4_1_DSP48_0_U/p_reg_reg_58 : 0 0 : 791 791 : Used 1 time 100
 Sort Area is spmw_top__GB2 u/grp_pe_r0_0_Pipeline_VITIS_LOOP_57_2_fu_81/mac_muladd_8s_8s_32s_32_4_1_U9/pe_r0_0_mac_muladd_8s_8s_32s_32_4_1_DSP48_0_U/p_reg_reg_5a : 0 0 : 791 791 : Used 1 time 100
 Sort Area is spmw_top__GB2 u/grp_pe_r0_0_Pipeline_VITIS_LOOP_57_2_fu_81/mac_muladd_8s_8s_32s_32_4_1_U9/pe_r0_0_mac_muladd_8s_8s_32s_32_4_1_DSP48_0_U/p_reg_reg_5c : 0 0 : 791 791 : Used 1 time 100
 Sort Area is spmw_top__GB2 u/grp_pe_r0_0_Pipeline_VITIS_LOOP_57_2_fu_81/mac_muladd_8s_8s_32s_32_4_1_U9/pe_r0_0_mac_muladd_8s_8s_32s_32_4_1_DSP48_0_U/p_reg_reg_5e : 0 0 : 791 791 : Used 1 time 100
 Sort Area is spmw_top__GB2 u/grp_pe_r0_0_Pipeline_VITIS_LOOP_57_2_fu_81/mac_muladd_8s_8s_32s_32_4_1_U9/pe_r0_0_mac_muladd_8s_8s_32s_32_4_1_DSP48_0_U/p_reg_reg_60 : 0 0 : 791 791 : Used 1 time 100
 Sort Area is spmw_top__GB2 u/grp_pe_r0_0_Pipeline_VITIS_LOOP_57_2_fu_81/mac_muladd_8s_8s_32s_32_4_1_U9/pe_r0_0_mac_muladd_8s_8s_32s_32_4_1_DSP48_0_U/p_reg_reg_62 : 0 0 : 791 791 : Used 1 time 100
 Sort Area is spmw_top__GB2 u/grp_pe_r0_0_Pipeline_VITIS_LOOP_57_2_fu_81/mac_muladd_8s_8s_32s_32_4_1_U9/pe_r0_0_mac_muladd_8s_8s_32s_32_4_1_DSP48_0_U/p_reg_reg_64 : 0 0 : 791 791 : Used 1 time 100
 Sort Area is spmw_top__GB3 u/grp_pe_r0_0_Pipeline_VITIS_LOOP_57_2_fu_81/mac_muladd_8s_8s_32s_32_4_1_U9/pe_r0_0_mac_muladd_8s_8s_32s_32_4_1_DSP48_0_U/p_reg_reg_66 : 0 0 : 791 791 : Used 1 time 100
 Sort Area is spmw_top__GB3 u/grp_pe_r0_0_Pipeline_VITIS_LOOP_57_2_fu_81/mac_muladd_8s_8s_32s_32_4_1_U9/pe_r0_0_mac_muladd_8s_8s_32s_32_4_1_DSP48_0_U/p_reg_reg_68 : 0 0 : 791 791 : Used 1 time 100
 Sort Area is spmw_top__GB3 u/grp_pe_r0_0_Pipeline_VITIS_LOOP_57_2_fu_81/mac_muladd_8s_8s_32s_32_4_1_U9/pe_r0_0_mac_muladd_8s_8s_32s_32_4_1_DSP48_0_U/p_reg_reg_6a : 0 0 : 791 791 : Used 1 time 100
 Sort Area is spmw_top__GB3 u/grp_pe_r0_0_Pipeline_VITIS_LOOP_57_2_fu_81/mac_muladd_8s_8s_32s_32_4_1_U9/pe_r0_0_mac_muladd_8s_8s_32s_32_4_1_DSP48_0_U/p_reg_reg_6c : 0 0 : 791 791 : Used 1 time 100
 Sort Area is spmw_top__GB0 u/grp_pe_r0_0_Pipeline_VITIS_LOOP_57_2_fu_81/mac_muladd_8s_8s_32s_32_4_1_U9/pe_r0_0_mac_muladd_8s_8s_32s_32_4_1_DSP48_0_U/p_reg_reg_9 : 0 0 : 791 791 : Used 1 time 100
 Sort Area is spmw_top__GB0 u/grp_pe_r1_0_Pipeline_VITIS_LOOP_31_1_fu_65/mac_muladd_8s_8s_32s_32_4_1_U1/pe_r1_0_mac_muladd_8s_8s_32s_32_4_1_DSP48_0_U/p_reg_reg_21 : 0 0 : 791 791 : Used 1 time 100
 Sort Area is spmw_top__GB0 u/grp_pe_r1_0_Pipeline_VITIS_LOOP_31_1_fu_65/mac_muladd_8s_8s_32s_32_4_1_U1/pe_r1_0_mac_muladd_8s_8s_32s_32_4_1_DSP48_0_U/p_reg_reg_23 : 0 0 : 791 791 : Used 1 time 100
 Sort Area is spmw_top__GB0 u/grp_pe_r1_0_Pipeline_VITIS_LOOP_31_1_fu_65/mac_muladd_8s_8s_32s_32_4_1_U1/pe_r1_0_mac_muladd_8s_8s_32s_32_4_1_DSP48_0_U/p_reg_reg_25 : 0 0 : 791 791 : Used 1 time 100
 Sort Area is spmw_top__GB0 u/grp_pe_r1_0_Pipeline_VITIS_LOOP_31_1_fu_65/mac_muladd_8s_8s_32s_32_4_1_U1/pe_r1_0_mac_muladd_8s_8s_32s_32_4_1_DSP48_0_U/p_reg_reg_27 : 0 0 : 791 791 : Used 1 time 100
 Sort Area is spmw_top__GB0 u/grp_pe_r1_0_Pipeline_VITIS_LOOP_31_1_fu_65/mac_muladd_8s_8s_32s_32_4_1_U1/pe_r1_0_mac_muladd_8s_8s_32s_32_4_1_DSP48_0_U/p_reg_reg_29 : 0 0 : 791 791 : Used 1 time 100
 Sort Area is spmw_top__GB1 u/grp_pe_r1_0_Pipeline_VITIS_LOOP_31_1_fu_65/mac_muladd_8s_8s_32s_32_4_1_U1/pe_r1_0_mac_muladd_8s_8s_32s_32_4_1_DSP48_0_U/p_reg_reg_45 : 0 0 : 791 791 : Used 1 time 100
 Sort Area is spmw_top__GB0 u/grp_pe_r1_0_Pipeline_VITIS_LOOP_54_2_fu_77/mac_muladd_8s_8s_32s_32_4_1_U8/pe_r1_0_mac_muladd_8s_8s_32s_32_4_1_DSP48_0_U/p_reg_reg_22 : 0 0 : 791 791 : Used 1 time 100
 Sort Area is spmw_top__GB0 u/grp_pe_r1_0_Pipeline_VITIS_LOOP_54_2_fu_77/mac_muladd_8s_8s_32s_32_4_1_U8/pe_r1_0_mac_muladd_8s_8s_32s_32_4_1_DSP48_0_U/p_reg_reg_24 : 0 0 : 791 791 : Used 1 time 100
 Sort Area is spmw_top__GB0 u/grp_pe_r1_0_Pipeline_VITIS_LOOP_54_2_fu_77/mac_muladd_8s_8s_32s_32_4_1_U8/pe_r1_0_mac_muladd_8s_8s_32s_32_4_1_DSP48_0_U/p_reg_reg_26 : 0 0 : 791 791 : Used 1 time 100
 Sort Area is spmw_top__GB0 u/grp_pe_r1_0_Pipeline_VITIS_LOOP_54_2_fu_77/mac_muladd_8s_8s_32s_32_4_1_U8/pe_r1_0_mac_muladd_8s_8s_32s_32_4_1_DSP48_0_U/p_reg_reg_28 : 0 0 : 791 791 : Used 1 time 100
 Sort Area is spmw_top__GB0 u/grp_pe_r1_0_Pipeline_VITIS_LOOP_54_2_fu_77/mac_muladd_8s_8s_32s_32_4_1_U8/pe_r1_0_mac_muladd_8s_8s_32s_32_4_1_DSP48_0_U/p_reg_reg_2a : 0 0 : 791 791 : Used 1 time 100
 Sort Area is spmw_top__GB1 u/grp_pe_r1_0_Pipeline_VITIS_LOOP_54_2_fu_77/mac_muladd_8s_8s_32s_32_4_1_U8/pe_r1_0_mac_muladd_8s_8s_32s_32_4_1_DSP48_0_U/p_reg_reg_46 : 0 0 : 791 791 : Used 1 time 100
 Sort Area is spmw_top__GB3 u/grp_pe_r2_0_Pipeline_VITIS_LOOP_32_1_fu_67/mac_muladd_8s_8s_32s_32_4_1_U1/pe_r2_0_mac_muladd_8s_8s_32s_32_4_1_DSP48_0_U/p_reg_reg_6d : 0 0 : 791 791 : Used 1 time 100
 Sort Area is spmw_top__GB3 u/grp_pe_r2_0_Pipeline_VITIS_LOOP_32_1_fu_67/mac_muladd_8s_8s_32s_32_4_1_U1/pe_r2_0_mac_muladd_8s_8s_32s_32_4_1_DSP48_0_U/p_reg_reg_6f : 0 0 : 791 791 : Used 1 time 100
 Sort Area is spmw_top__GB3 u/grp_pe_r2_0_Pipeline_VITIS_LOOP_32_1_fu_67/mac_muladd_8s_8s_32s_32_4_1_U1/pe_r2_0_mac_muladd_8s_8s_32s_32_4_1_DSP48_0_U/p_reg_reg_71 : 0 0 : 791 791 : Used 1 time 100
 Sort Area is spmw_top__GB3 u/grp_pe_r2_0_Pipeline_VITIS_LOOP_32_1_fu_67/mac_muladd_8s_8s_32s_32_4_1_U1/pe_r2_0_mac_muladd_8s_8s_32s_32_4_1_DSP48_0_U/p_reg_reg_73 : 0 0 : 791 791 : Used 1 time 100
 Sort Area is spmw_top__GB3 u/grp_pe_r2_0_Pipeline_VITIS_LOOP_32_1_fu_67/mac_muladd_8s_8s_32s_32_4_1_U1/pe_r2_0_mac_muladd_8s_8s_32s_32_4_1_DSP48_0_U/p_reg_reg_75 : 0 0 : 791 791 : Used 1 time 100
 Sort Area is spmw_top__GB3 u/grp_pe_r2_0_Pipeline_VITIS_LOOP_32_1_fu_67/mac_muladd_8s_8s_32s_32_4_1_U1/pe_r2_0_mac_muladd_8s_8s_32s_32_4_1_DSP48_0_U/p_reg_reg_77 : 0 0 : 791 791 : Used 1 time 100
 Sort Area is spmw_top__GB3 u/grp_pe_r2_0_Pipeline_VITIS_LOOP_57_2_fu_81/mac_muladd_8s_8s_32s_32_4_1_U9/pe_r2_0_mac_muladd_8s_8s_32s_32_4_1_DSP48_0_U/p_reg_reg_6e : 0 0 : 791 791 : Used 1 time 100
 Sort Area is spmw_top__GB3 u/grp_pe_r2_0_Pipeline_VITIS_LOOP_57_2_fu_81/mac_muladd_8s_8s_32s_32_4_1_U9/pe_r2_0_mac_muladd_8s_8s_32s_32_4_1_DSP48_0_U/p_reg_reg_70 : 0 0 : 791 791 : Used 1 time 100
 Sort Area is spmw_top__GB3 u/grp_pe_r2_0_Pipeline_VITIS_LOOP_57_2_fu_81/mac_muladd_8s_8s_32s_32_4_1_U9/pe_r2_0_mac_muladd_8s_8s_32s_32_4_1_DSP48_0_U/p_reg_reg_72 : 0 0 : 791 791 : Used 1 time 100
 Sort Area is spmw_top__GB3 u/grp_pe_r2_0_Pipeline_VITIS_LOOP_57_2_fu_81/mac_muladd_8s_8s_32s_32_4_1_U9/pe_r2_0_mac_muladd_8s_8s_32s_32_4_1_DSP48_0_U/p_reg_reg_74 : 0 0 : 791 791 : Used 1 time 100
 Sort Area is spmw_top__GB3 u/grp_pe_r2_0_Pipeline_VITIS_LOOP_57_2_fu_81/mac_muladd_8s_8s_32s_32_4_1_U9/pe_r2_0_mac_muladd_8s_8s_32s_32_4_1_DSP48_0_U/p_reg_reg_76 : 0 0 : 791 791 : Used 1 time 100
 Sort Area is spmw_top__GB3 u/grp_pe_r2_0_Pipeline_VITIS_LOOP_57_2_fu_81/mac_muladd_8s_8s_32s_32_4_1_U9/pe_r2_0_mac_muladd_8s_8s_32s_32_4_1_DSP48_0_U/p_reg_reg_78 : 0 0 : 791 791 : Used 1 time 100
 Sort Area is spmw_top__GB0 u/grp_pe_r3_0_Pipeline_l_S_k_1_k1_fu_71/mac_muladd_8s_8s_19s_19_4_1_U1/pe_r3_0_mac_muladd_8s_8s_19s_19_4_1_DSP48_0_U/p_reg_reg_11 : 0 0 : 713 713 : Used 1 time 100
 Sort Area is spmw_top__GB2 u/grp_pe_r3_0_Pipeline_l_S_k_1_k1_fu_71/mac_muladd_8s_8s_19s_19_4_1_U1/pe_r3_0_mac_muladd_8s_8s_19s_19_4_1_DSP48_0_U/p_reg_reg_50 : 0 0 : 713 713 : Used 1 time 100
 Sort Area is spmw_top__GB2 u/grp_pe_r3_0_Pipeline_l_S_k_1_k1_fu_71/mac_muladd_8s_8s_19s_19_4_1_U1/pe_r3_0_mac_muladd_8s_8s_19s_19_4_1_DSP48_0_U/p_reg_reg_52 : 0 0 : 713 713 : Used 1 time 100
 Sort Area is spmw_top__GB0 u/grp_pe_r3_0_Pipeline_l_S_k_1_k1_fu_71/mac_muladd_8s_8s_19s_19_4_1_U1/pe_r3_0_mac_muladd_8s_8s_19s_19_4_1_DSP48_0_U/p_reg_reg_a : 0 0 : 713 713 : Used 1 time 100
 Sort Area is spmw_top__GB0 u/grp_pe_r3_0_Pipeline_l_S_k_1_k1_fu_71/mac_muladd_8s_8s_19s_19_4_1_U1/pe_r3_0_mac_muladd_8s_8s_19s_19_4_1_DSP48_0_U/p_reg_reg_d : 0 0 : 713 713 : Used 1 time 100
 Sort Area is spmw_top__GB0 u/grp_pe_r3_0_Pipeline_l_S_k_1_k1_fu_71/mac_muladd_8s_8s_19s_19_4_1_U1/pe_r3_0_mac_muladd_8s_8s_19s_19_4_1_DSP48_0_U/p_reg_reg_f : 0 0 : 713 713 : Used 1 time 100
 Sort Area is spmw_top__GB1 u/grp_pe_r4_0_Pipeline_l_S_k_0_k_fu_47/mac_muladd_8s_8s_19s_19_4_1_U1/pe_r4_0_mac_muladd_8s_8s_19s_19_4_1_DSP48_0_U/p_reg_reg_47 : 0 0 : 713 713 : Used 1 time 100
 Sort Area is spmw_top__GB1 u/grp_pe_r4_0_Pipeline_l_S_k_0_k_fu_47/mac_muladd_8s_8s_19s_19_4_1_U1/pe_r4_0_mac_muladd_8s_8s_19s_19_4_1_DSP48_0_U/p_reg_reg_48 : 0 0 : 713 713 : Used 1 time 100
 Sort Area is spmw_top__GB0 u/grp_pe_r4_0_Pipeline_l_S_k_0_k_fu_47/mac_muladd_8s_8s_19s_19_4_1_U1/pe_r4_0_mac_muladd_8s_8s_19s_19_4_1_DSP48_0_U/p_reg_reg_5 : 0 0 : 713 713 : Used 1 time 100
 Sort Area is spmw_top__GB2 u/grp_pe_r4_0_Pipeline_l_S_k_0_k_fu_47/mac_muladd_8s_8s_19s_19_4_1_U1/pe_r4_0_mac_muladd_8s_8s_19s_19_4_1_DSP48_0_U/p_reg_reg_54 : 0 0 : 713 713 : Used 1 time 100
 Sort Area is spmw_top__GB0 u/grp_pe_r4_0_Pipeline_l_S_k_0_k_fu_47/mac_muladd_8s_8s_19s_19_4_1_U1/pe_r4_0_mac_muladd_8s_8s_19s_19_4_1_DSP48_0_U/p_reg_reg_7 : 0 0 : 713 713 : Used 1 time 100
 Sort Area is spmw_top__GB3 u/grp_pe_r4_0_Pipeline_l_S_k_0_k_fu_47/mac_muladd_8s_8s_19s_19_4_1_U1/pe_r4_0_mac_muladd_8s_8s_19s_19_4_1_DSP48_0_U/p_reg_reg_79 : 0 0 : 713 713 : Used 1 time 100
 Sort Area is spmw_top__GB1 u/grp_pe_r5_0_Pipeline_l_S_k_1_k1_fu_59/mac_muladd_8s_8s_19s_19_4_1_U1/pe_r5_0_mac_muladd_8s_8s_19s_19_4_1_DSP48_0_U/p_reg_reg_49 : 0 0 : 713 713 : Used 1 time 100
 Sort Area is spmw_top__GB1 u/grp_pe_r6_0_Pipeline_l_S_k_1_k1_fu_71/mac_muladd_8s_8s_19s_19_4_1_U1/pe_r6_0_mac_muladd_8s_8s_19s_19_4_1_DSP48_0_U/p_reg_reg_4d : 0 0 : 713 713 : Used 1 time 100
 Sort Area is spmw_top__GB1 u/grp_pe_r7_0_Pipeline_l_S_k_0_k_fu_45/mac_muladd_8s_8s_19s_19_4_1_U1/pe_r7_0_mac_muladd_8s_8s_19s_19_4_1_DSP48_0_U/p_reg_reg_4f : 0 0 : 713 713 : Used 1 time 100
 Sort Area is spmw_top__GB3 u/grp_pe_r8_0_Pipeline_l_S_k_0_k_fu_47/mac_muladd_8s_8s_19s_19_4_1_U1/pe_r8_0_mac_muladd_8s_8s_19s_19_4_1_DSP48_0_U/p_reg_reg_7a : 0 0 : 713 713 : Used 1 time 100
 Sort Area is spmw_top__GB1 u/v15_reg_109_reg_4a : 0 0 : 470 470 : Used 1 time 100
 Sort Area is spmw_top__GB0 u/v16_reg_123_reg_10 : 0 0 : 470 470 : Used 1 time 100
 Sort Area is spmw_top__GB0 u/v16_reg_123_reg_12 : 0 0 : 470 470 : Used 1 time 100
 Sort Area is spmw_top__GB1 u/v16_reg_123_reg_4e : 0 0 : 470 470 : Used 1 time 100
 Sort Area is spmw_top__GB2 u/v16_reg_123_reg_51 : 0 0 : 470 470 : Used 1 time 100
 Sort Area is spmw_top__GB2 u/v16_reg_123_reg_53 : 0 0 : 470 470 : Used 1 time 100
 Sort Area is spmw_top__GB0 u/v16_reg_123_reg_b : 0 0 : 470 470 : Used 1 time 100
 Sort Area is spmw_top__GB0 u/v16_reg_123_reg_e : 0 0 : 470 470 : Used 1 time 100
---------------------------------------------------------------------------------
Start ROM, RAM, DSP, Shift Register and Retiming Reporting
---------------------------------------------------------------------------------

DSP: Preliminary Mapping Report (see note below. The ' indicates corresponding REG is set)
+--------------------------------------------+-------------------+--------+--------+--------+--------+--------+------+------+------+------+-------+------+------+
|Module Name                                 | DSP Mapping       | A Size | B Size | C Size | D Size | P Size | AREG | BREG | CREG | DREG | ADREG | MREG | PREG | 
+--------------------------------------------+-------------------+--------+--------+--------+--------+--------+------+------+------+------+-------+------+------+
|pe_r0_0_mac_muladd_8s_8s_32s_32_4_1_DSP48_0 | (P or C)+(A2*B2)' | 9      | 9      | 32     | -      | 32     | 1    | 1    | 0    | -    | -     | 1    | 1    | 
|pe_r0_0_mac_muladd_8s_8s_32s_32_4_1_DSP48_0 | (P or C)+(A2*B2)' | 9      | 9      | 32     | -      | 32     | 1    | 1    | 0    | -    | -     | 1    | 1    | 
|pe_r0_0_mac_muladd_8s_8s_32s_32_4_1_DSP48_0 | (P or C)+(A2*B2)' | 9      | 9      | 32     | -      | 32     | 1    | 1    | 0    | -    | -     | 1    | 1    | 
|pe_r0_0_mac_muladd_8s_8s_32s_32_4_1_DSP48_0 | (P or C)+(A2*B2)' | 9      | 9      | 32     | -      | 32     | 1    | 1    | 0    | -    | -     | 1    | 1    | 
|pe_r4_0_mac_muladd_8s_8s_19s_19_4_1_DSP48_0 | (P or C)+(A2*B2)' | 9      | 9      | 19     | -      | 19     | 1    | 1    | 0    | -    | -     | 1    | 1    | 
|pe_r4_0_mac_muladd_8s_8s_19s_19_4_1_DSP48_0 | (P or C)+(A2*B2)' | 9      | 9      | 19     | -      | 19     | 1    | 1    | 0    | -    | -     | 1    | 1    | 
|pe_r0_0_mac_muladd_8s_8s_32s_32_4_1_DSP48_0 | (P or C)+(A2*B2)' | 9      | 9      | 32     | -      | 32     | 1    | 1    | 0    | -    | -     | 1    | 1    | 
|pe_r0_0_mac_muladd_8s_8s_32s_32_4_1_DSP48_0 | (P or C)+(A2*B2)' | 9      | 9      | 32     | -      | 32     | 1    | 1    | 0    | -    | -     | 1    | 1    | 
|pe_r3                                       | (A*B)'            | 8      | 8      | -      | -      | 16     | 0    | 0    | -    | -    | -     | 1    | 0    | 
|pe_r3_0_mac_muladd_8s_8s_19s_19_4_1_DSP48_0 | (P or C)+(A2*B2)' | 9      | 9      | 19     | -      | 19     | 1    | 1    | 0    | -    | -     | 1    | 1    | 
|pe_r3                                       | (A*B)'            | 8      | 8      | -      | -      | 16     | 0    | 0    | -    | -    | -     | 1    | 0    | 
|pe_r3_0_mac_muladd_8s_8s_19s_19_4_1_DSP48_0 | (P or C)+(A2*B2)' | 9      | 9      | 19     | -      | 19     | 1    | 1    | 0    | -    | -     | 1    | 1    | 
|pe_r3                                       | (A*B)'            | 8      | 8      | -      | -      | 16     | 0    | 0    | -    | -    | -     | 1    | 0    | 
|pe_r3_0_mac_muladd_8s_8s_19s_19_4_1_DSP48_0 | (P or C)+(A2*B2)' | 9      | 9      | 19     | -      | 19     | 1    | 1    | 0    | -    | -     | 1    | 1    | 
|pe_r3                                       | (A*B)'            | 8      | 8      | -      | -      | 16     | 0    | 0    | -    | -    | -     | 1    | 0    | 
|pe_r3_0_mac_muladd_8s_8s_19s_19_4_1_DSP48_0 | (P or C)+(A2*B2)' | 9      | 9      | 19     | -      | 19     | 1    | 1    | 0    | -    | -     | 1    | 1    | 
|pe_r0_0_mac_muladd_8s_8s_32s_32_4_1_DSP48_0 | (P or C)+(A2*B2)' | 9      | 9      | 32     | -      | 32     | 1    | 1    | 0    | -    | -     | 1    | 1    | 
|pe_r0_0_mac_muladd_8s_8s_32s_32_4_1_DSP48_0 | (P or C)+(A2*B2)' | 9      | 9      | 32     | -      | 32     | 1    | 1    | 0    | -    | -     | 1    | 1    | 
|pe_r0_0_mac_muladd_8s_8s_32s_32_4_1_DSP48_0 | (P or C)+(A2*B2)' | 9      | 9      | 32     | -      | 32     | 1    | 1    | 0    | -    | -     | 1    | 1    | 
|pe_r0_0_mac_muladd_8s_8s_32s_32_4_1_DSP48_0 | (P or C)+(A2*B2)' | 9      | 9      | 32     | -      | 32     | 1    | 1    | 0    | -    | -     | 1    | 1    | 
|pe_r0_0_mac_muladd_8s_8s_32s_32_4_1_DSP48_0 | (P or C)+(A2*B2)' | 9      | 9      | 32     | -      | 32     | 1    | 1    | 0    | -    | -     | 1    | 1    | 
|pe_r0_0_mac_muladd_8s_8s_32s_32_4_1_DSP48_0 | (P or C)+(A2*B2)' | 9      | 9      | 32     | -      | 32     | 1    | 1    | 0    | -    | -     | 1    | 1    | 
|pe_r0_0_mac_muladd_8s_8s_32s_32_4_1_DSP48_0 | (P or C)+(A2*B2)' | 9      | 9      | 32     | -      | 32     | 1    | 1    | 0    | -    | -     | 1    | 1    | 
|pe_r0_0_mac_muladd_8s_8s_32s_32_4_1_DSP48_0 | (P or C)+(A2*B2)' | 9      | 9      | 32     | -      | 32     | 1    | 1    | 0    | -    | -     | 1    | 1    | 
|pe_r0_0_mac_muladd_8s_8s_32s_32_4_1_DSP48_0 | (P or C)+(A2*B2)' | 9      | 9      | 32     | -      | 32     | 1    | 1    | 0    | -    | -     | 1    | 1    | 
|pe_r0_0_mac_muladd_8s_8s_32s_32_4_1_DSP48_0 | (P or C)+(A2*B2)' | 9      | 9      | 32     | -      | 32     | 1    | 1    | 0    | -    | -     | 1    | 1    | 
|pe_r0_0_mac_muladd_8s_8s_32s_32_4_1_DSP48_0 | (P or C)+(A2*B2)' | 9      | 9      | 32     | -      | 32     | 1    | 1    | 0    | -    | -     | 1    | 1    | 
|pe_r0_0_mac_muladd_8s_8s_32s_32_4_1_DSP48_0 | (P or C)+(A2*B2)' | 9      | 9      | 32     | -      | 32     | 1    | 1    | 0    | -    | -     | 1    | 1    | 
|pe_r0_0_mac_muladd_8s_8s_32s_32_4_1_DSP48_0 | (P or C)+(A2*B2)' | 9      | 9      | 32     | -      | 32     | 1    | 1    | 0    | -    | -     | 1    | 1    | 
|pe_r0_0_mac_muladd_8s_8s_32s_32_4_1_DSP48_0 | (P or C)+(A2*B2)' | 9      | 9      | 32     | -      | 32     | 1    | 1    | 0    | -    | -     | 1    | 1    | 
|pe_r1_0_mac_muladd_8s_8s_32s_32_4_1_DSP48_0 | (P or C)+(A2*B2)' | 9      | 9      | 32     | -      | 32     | 1    | 1    | 0    | -    | -     | 1    | 1    | 
|pe_r1_0_mac_muladd_8s_8s_32s_32_4_1_DSP48_0 | (P or C)+(A2*B2)' | 9      | 9      | 32     | -      | 32     | 1    | 1    | 0    | -    | -     | 1    | 1    | 
|pe_r1_0_mac_muladd_8s_8s_32s_32_4_1_DSP48_0 | (P or C)+(A2*B2)' | 9      | 9      | 32     | -      | 32     | 1    | 1    | 0    | -    | -     | 1    | 1    | 
|pe_r1_0_mac_muladd_8s_8s_32s_32_4_1_DSP48_0 | (P or C)+(A2*B2)' | 9      | 9      | 32     | -      | 32     | 1    | 1    | 0    | -    | -     | 1    | 1    | 
|pe_r1_0_mac_muladd_8s_8s_32s_32_4_1_DSP48_0 | (P or C)+(A2*B2)' | 9      | 9      | 32     | -      | 32     | 1    | 1    | 0    | -    | -     | 1    | 1    | 
|pe_r1_0_mac_muladd_8s_8s_32s_32_4_1_DSP48_0 | (P or C)+(A2*B2)' | 9      | 9      | 32     | -      | 32     | 1    | 1    | 0    | -    | -     | 1    | 1    | 
|pe_r1_0_mac_muladd_8s_8s_32s_32_4_1_DSP48_0 | (P or C)+(A2*B2)' | 9      | 9      | 32     | -      | 32     | 1    | 1    | 0    | -    | -     | 1    | 1    | 
|pe_r1_0_mac_muladd_8s_8s_32s_32_4_1_DSP48_0 | (P or C)+(A2*B2)' | 9      | 9      | 32     | -      | 32     | 1    | 1    | 0    | -    | -     | 1    | 1    | 
|pe_r1_0_mac_muladd_8s_8s_32s_32_4_1_DSP48_0 | (P or C)+(A2*B2)' | 9      | 9      | 32     | -      | 32     | 1    | 1    | 0    | -    | -     | 1    | 1    | 
|pe_r1_0_mac_muladd_8s_8s_32s_32_4_1_DSP48_0 | (P or C)+(A2*B2)' | 9      | 9      | 32     | -      | 32     | 1    | 1    | 0    | -    | -     | 1    | 1    | 
|pe_r0_0_mac_muladd_8s_8s_32s_32_4_1_DSP48_0 | (P or C)+(A2*B2)' | 9      | 9      | 32     | -      | 32     | 1    | 1    | 0    | -    | -     | 1    | 1    | 
|pe_r0_0_mac_muladd_8s_8s_32s_32_4_1_DSP48_0 | (P or C)+(A2*B2)' | 9      | 9      | 32     | -      | 32     | 1    | 1    | 0    | -    | -     | 1    | 1    | 
|pe_r0_0_mac_muladd_8s_8s_32s_32_4_1_DSP48_0 | (P or C)+(A2*B2)' | 9      | 9      | 32     | -      | 32     | 1    | 1    | 0    | -    | -     | 1    | 1    | 
|pe_r0_0_mac_muladd_8s_8s_32s_32_4_1_DSP48_0 | (P or C)+(A2*B2)' | 9      | 9      | 32     | -      | 32     | 1    | 1    | 0    | -    | -     | 1    | 1    | 
|pe_r0_0_mac_muladd_8s_8s_32s_32_4_1_DSP48_0 | (P or C)+(A2*B2)' | 9      | 9      | 32     | -      | 32     | 1    | 1    | 0    | -    | -     | 1    | 1    | 
|pe_r0_0_mac_muladd_8s_8s_32s_32_4_1_DSP48_0 | (P or C)+(A2*B2)' | 9      | 9      | 32     | -      | 32     | 1    | 1    | 0    | -    | -     | 1    | 1    | 
|pe_r0_0_mac_muladd_8s_8s_32s_32_4_1_DSP48_0 | (P or C)+(A2*B2)' | 9      | 9      | 32     | -      | 32     | 1    | 1    | 0    | -    | -     | 1    | 1    | 
|pe_r0_0_mac_muladd_8s_8s_32s_32_4_1_DSP48_0 | (P or C)+(A2*B2)' | 9      | 9      | 32     | -      | 32     | 1    | 1    | 0    | -    | -     | 1    | 1    | 
|pe_r0_0_mac_muladd_8s_8s_32s_32_4_1_DSP48_0 | (P or C)+(A2*B2)' | 9      | 9      | 32     | -      | 32     | 1    | 1    | 0    | -    | -     | 1    | 1    | 
|pe_r0_0_mac_muladd_8s_8s_32s_32_4_1_DSP48_0 | (P or C)+(A2*B2)' | 9      | 9      | 32     | -      | 32     | 1    | 1    | 0    | -    | -     | 1    | 1    | 
|pe_r0_0_mac_muladd_8s_8s_32s_32_4_1_DSP48_0 | (P or C)+(A2*B2)' | 9      | 9      | 32     | -      | 32     | 1    | 1    | 0    | -    | -     | 1    | 1    | 
|pe_r0_0_mac_muladd_8s_8s_32s_32_4_1_DSP48_0 | (P or C)+(A2*B2)' | 9      | 9      | 32     | -      | 32     | 1    | 1    | 0    | -    | -     | 1    | 1    | 
|pe_r0_0_mac_muladd_8s_8s_32s_32_4_1_DSP48_0 | (P or C)+(A2*B2)' | 9      | 9      | 32     | -      | 32     | 1    | 1    | 0    | -    | -     | 1    | 1    | 
|pe_r0_0_mac_muladd_8s_8s_32s_32_4_1_DSP48_0 | (P or C)+(A2*B2)' | 9      | 9      | 32     | -      | 32     | 1    | 1    | 0    | -    | -     | 1    | 1    | 
|pe_r0_0_mac_muladd_8s_8s_32s_32_4_1_DSP48_0 | (P or C)+(A2*B2)' | 9      | 9      | 32     | -      | 32     | 1    | 1    | 0    | -    | -     | 1    | 1    | 
|pe_r0_0_mac_muladd_8s_8s_32s_32_4_1_DSP48_0 | (P or C)+(A2*B2)' | 9      | 9      | 32     | -      | 32     | 1    | 1    | 0    | -    | -     | 1    | 1    | 
|pe_r0_0_mac_muladd_8s_8s_32s_32_4_1_DSP48_0 | (P or C)+(A2*B2)' | 9      | 9      | 32     | -      | 32     | 1    | 1    | 0    | -    | -     | 1    | 1    | 
|pe_r0_0_mac_muladd_8s_8s_32s_32_4_1_DSP48_0 | (P or C)+(A2*B2)' | 9      | 9      | 32     | -      | 32     | 1    | 1    | 0    | -    | -     | 1    | 1    | 
|pe_r0_0_mac_muladd_8s_8s_32s_32_4_1_DSP48_0 | (P or C)+(A2*B2)' | 9      | 9      | 32     | -      | 32     | 1    | 1    | 0    | -    | -     | 1    | 1    | 
|pe_r0_0_mac_muladd_8s_8s_32s_32_4_1_DSP48_0 | (P or C)+(A2*B2)' | 9      | 9      | 32     | -      | 32     | 1    | 1    | 0    | -    | -     | 1    | 1    | 
|pe_r0_0_mac_muladd_8s_8s_32s_32_4_1_DSP48_0 | (P or C)+(A2*B2)' | 9      | 9      | 32     | -      | 32     | 1    | 1    | 0    | -    | -     | 1    | 1    | 
|pe_r0_0_mac_muladd_8s_8s_32s_32_4_1_DSP48_0 | (P or C)+(A2*B2)' | 9      | 9      | 32     | -      | 32     | 1    | 1    | 0    | -    | -     | 1    | 1    | 
|pe_r0_0_mac_muladd_8s_8s_32s_32_4_1_DSP48_0 | (P or C)+(A2*B2)' | 9      | 9      | 32     | -      | 32     | 1    | 1    | 0    | -    | -     | 1    | 1    | 
|pe_r0_0_mac_muladd_8s_8s_32s_32_4_1_DSP48_0 | (P or C)+(A2*B2)' | 9      | 9      | 32     | -      | 32     | 1    | 1    | 0    | -    | -     | 1    | 1    | 
|pe_r0_0_mac_muladd_8s_8s_32s_32_4_1_DSP48_0 | (P or C)+(A2*B2)' | 9      | 9      | 32     | -      | 32     | 1    | 1    | 0    | -    | -     | 1    | 1    | 
|pe_r0_0_mac_muladd_8s_8s_32s_32_4_1_DSP48_0 | (P or C)+(A2*B2)' | 9      | 9      | 32     | -      | 32     | 1    | 1    | 0    | -    | -     | 1    | 1    | 
|pe_r1_0_mac_muladd_8s_8s_32s_32_4_1_DSP48_0 | (P or C)+(A2*B2)' | 9      | 9      | 32     | -      | 32     | 1    | 1    | 0    | -    | -     | 1    | 1    | 
|pe_r1_0_mac_muladd_8s_8s_32s_32_4_1_DSP48_0 | (P or C)+(A2*B2)' | 9      | 9      | 32     | -      | 32     | 1    | 1    | 0    | -    | -     | 1    | 1    | 
|pe_r4_0_mac_muladd_8s_8s_19s_19_4_1_DSP48_0 | (P or C)+(A2*B2)' | 9      | 9      | 19     | -      | 19     | 1    | 1    | 0    | -    | -     | 1    | 1    | 
|pe_r4_0_mac_muladd_8s_8s_19s_19_4_1_DSP48_0 | (P or C)+(A2*B2)' | 9      | 9      | 19     | -      | 19     | 1    | 1    | 0    | -    | -     | 1    | 1    | 
|pe_r5                                       | (A*B)'            | 8      | 8      | -      | -      | 16     | 0    | 0    | -    | -    | -     | 1    | 0    | 
|pe_r5_0_mac_muladd_8s_8s_19s_19_4_1_DSP48_0 | (P or C)+(A2*B2)' | 9      | 9      | 19     | -      | 19     | 1    | 1    | 0    | -    | -     | 1    | 1    | 
|pe_r0_0_mac_muladd_8s_8s_32s_32_4_1_DSP48_0 | (P or C)+(A2*B2)' | 9      | 9      | 32     | -      | 32     | 1    | 1    | 0    | -    | -     | 1    | 1    | 
|pe_r0_0_mac_muladd_8s_8s_32s_32_4_1_DSP48_0 | (P or C)+(A2*B2)' | 9      | 9      | 32     | -      | 32     | 1    | 1    | 0    | -    | -     | 1    | 1    | 
|pe_r6                                       | (A*B)'            | 8      | 8      | -      | -      | 16     | 0    | 0    | -    | -    | -     | 1    | 0    | 
|pe_r6_0_mac_muladd_8s_8s_19s_19_4_1_DSP48_0 | (P or C)+(A2*B2)' | 9      | 9      | 19     | -      | 19     | 1    | 1    | 0    | -    | -     | 1    | 1    | 
|pe_r7_0_mac_muladd_8s_8s_19s_19_4_1_DSP48_0 | (P or C)+(A2*B2)' | 9      | 9      | 19     | -      | 19     | 1    | 1    | 0    | -    | -     | 1    | 1    | 
|pe_r3                                       | (A*B)'            | 8      | 8      | -      | -      | 16     | 0    | 0    | -    | -    | -     | 1    | 0    | 
|pe_r3_0_mac_muladd_8s_8s_19s_19_4_1_DSP48_0 | (P or C)+(A2*B2)' | 9      | 9      | 19     | -      | 19     | 1    | 1    | 0    | -    | -     | 1    | 1    | 
|pe_r3                                       | (A*B)'            | 8      | 8      | -      | -      | 16     | 0    | 0    | -    | -    | -     | 1    | 0    | 
|pe_r3_0_mac_muladd_8s_8s_19s_19_4_1_DSP48_0 | (P or C)+(A2*B2)' | 9      | 9      | 19     | -      | 19     | 1    | 1    | 0    | -    | -     | 1    | 1    | 
|pe_r4_0_mac_muladd_8s_8s_19s_19_4_1_DSP48_0 | (P or C)+(A2*B2)' | 9      | 9      | 19     | -      | 19     | 1    | 1    | 0    | -    | -     | 1    | 1    | 
|pe_r0_0_mac_muladd_8s_8s_32s_32_4_1_DSP48_0 | (P or C)+(A2*B2)' | 9      | 9      | 32     | -      | 32     | 1    | 1    | 0    | -    | -     | 1    | 1    | 
|pe_r0_0_mac_muladd_8s_8s_32s_32_4_1_DSP48_0 | (P or C)+(A2*B2)' | 9      | 9      | 32     | -      | 32     | 1    | 1    | 0    | -    | -     | 1    | 1    | 
|pe_r0_0_mac_muladd_8s_8s_32s_32_4_1_DSP48_0 | (P or C)+(A2*B2)' | 9      | 9      | 32     | -      | 32     | 1    | 1    | 0    | -    | -     | 1    | 1    | 
|pe_r0_0_mac_muladd_8s_8s_32s_32_4_1_DSP48_0 | (P or C)+(A2*B2)' | 9      | 9      | 32     | -      | 32     | 1    | 1    | 0    | -    | -     | 1    | 1    | 
|pe_r0_0_mac_muladd_8s_8s_32s_32_4_1_DSP48_0 | (P or C)+(A2*B2)' | 9      | 9      | 32     | -      | 32     | 1    | 1    | 0    | -    | -     | 1    | 1    | 
|pe_r0_0_mac_muladd_8s_8s_32s_32_4_1_DSP48_0 | (P or C)+(A2*B2)' | 9      | 9      | 32     | -      | 32     | 1    | 1    | 0    | -    | -     | 1    | 1    | 
|pe_r0_0_mac_muladd_8s_8s_32s_32_4_1_DSP48_0 | (P or C)+(A2*B2)' | 9      | 9      | 32     | -      | 32     | 1    | 1    | 0    | -    | -     | 1    | 1    | 
|pe_r0_0_mac_muladd_8s_8s_32s_32_4_1_DSP48_0 | (P or C)+(A2*B2)' | 9      | 9      | 32     | -      | 32     | 1    | 1    | 0    | -    | -     | 1    | 1    | 
|pe_r0_0_mac_muladd_8s_8s_32s_32_4_1_DSP48_0 | (P or C)+(A2*B2)' | 9      | 9      | 32     | -      | 32     | 1    | 1    | 0    | -    | -     | 1    | 1    | 
|pe_r0_0_mac_muladd_8s_8s_32s_32_4_1_DSP48_0 | (P or C)+(A2*B2)' | 9      | 9      | 32     | -      | 32     | 1    | 1    | 0    | -    | -     | 1    | 1    | 
|pe_r0_0_mac_muladd_8s_8s_32s_32_4_1_DSP48_0 | (P or C)+(A2*B2)' | 9      | 9      | 32     | -      | 32     | 1    | 1    | 0    | -    | -     | 1    | 1    | 
|pe_r0_0_mac_muladd_8s_8s_32s_32_4_1_DSP48_0 | (P or C)+(A2*B2)' | 9      | 9      | 32     | -      | 32     | 1    | 1    | 0    | -    | -     | 1    | 1    | 
|pe_r0_0_mac_muladd_8s_8s_32s_32_4_1_DSP48_0 | (P or C)+(A2*B2)' | 9      | 9      | 32     | -      | 32     | 1    | 1    | 0    | -    | -     | 1    | 1    | 
|pe_r0_0_mac_muladd_8s_8s_32s_32_4_1_DSP48_0 | (P or C)+(A2*B2)' | 9      | 9      | 32     | -      | 32     | 1    | 1    | 0    | -    | -     | 1    | 1    | 
|pe_r0_0_mac_muladd_8s_8s_32s_32_4_1_DSP48_0 | (P or C)+(A2*B2)' | 9      | 9      | 32     | -      | 32     | 1    | 1    | 0    | -    | -     | 1    | 1    | 
|pe_r0_0_mac_muladd_8s_8s_32s_32_4_1_DSP48_0 | (P or C)+(A2*B2)' | 9      | 9      | 32     | -      | 32     | 1    | 1    | 0    | -    | -     | 1    | 1    | 
|pe_r0_0_mac_muladd_8s_8s_32s_32_4_1_DSP48_0 | (P or C)+(A2*B2)' | 9      | 9      | 32     | -      | 32     | 1    | 1    | 0    | -    | -     | 1    | 1    | 
|pe_r0_0_mac_muladd_8s_8s_32s_32_4_1_DSP48_0 | (P or C)+(A2*B2)' | 9      | 9      | 32     | -      | 32     | 1    | 1    | 0    | -    | -     | 1    | 1    | 
|pe_r0_0_mac_muladd_8s_8s_32s_32_4_1_DSP48_0 | (P or C)+(A2*B2)' | 9      | 9      | 32     | -      | 32     | 1    | 1    | 0    | -    | -     | 1    | 1    | 
|pe_r0_0_mac_muladd_8s_8s_32s_32_4_1_DSP48_0 | (P or C)+(A2*B2)' | 9      | 9      | 32     | -      | 32     | 1    | 1    | 0    | -    | -     | 1    | 1    | 
|pe_r0_0_mac_muladd_8s_8s_32s_32_4_1_DSP48_0 | (P or C)+(A2*B2)' | 9      | 9      | 32     | -      | 32     | 1    | 1    | 0    | -    | -     | 1    | 1    | 
|pe_r0_0_mac_muladd_8s_8s_32s_32_4_1_DSP48_0 | (P or C)+(A2*B2)' | 9      | 9      | 32     | -      | 32     | 1    | 1    | 0    | -    | -     | 1    | 1    | 
|pe_r0_0_mac_muladd_8s_8s_32s_32_4_1_DSP48_0 | (P or C)+(A2*B2)' | 9      | 9      | 32     | -      | 32     | 1    | 1    | 0    | -    | -     | 1    | 1    | 
|pe_r0_0_mac_muladd_8s_8s_32s_32_4_1_DSP48_0 | (P or C)+(A2*B2)' | 9      | 9      | 32     | -      | 32     | 1    | 1    | 0    | -    | -     | 1    | 1    | 
|pe_r2_0_mac_muladd_8s_8s_32s_32_4_1_DSP48_0 | (P or C)+(A2*B2)' | 9      | 9      | 32     | -      | 32     | 1    | 1    | 0    | -    | -     | 1    | 1    | 
|pe_r2_0_mac_muladd_8s_8s_32s_32_4_1_DSP48_0 | (P or C)+(A2*B2)' | 9      | 9      | 32     | -      | 32     | 1    | 1    | 0    | -    | -     | 1    | 1    | 
|pe_r2_0_mac_muladd_8s_8s_32s_32_4_1_DSP48_0 | (P or C)+(A2*B2)' | 9      | 9      | 32     | -      | 32     | 1    | 1    | 0    | -    | -     | 1    | 1    | 
|pe_r2_0_mac_muladd_8s_8s_32s_32_4_1_DSP48_0 | (P or C)+(A2*B2)' | 9      | 9      | 32     | -      | 32     | 1    | 1    | 0    | -    | -     | 1    | 1    | 
|pe_r2_0_mac_muladd_8s_8s_32s_32_4_1_DSP48_0 | (P or C)+(A2*B2)' | 9      | 9      | 32     | -      | 32     | 1    | 1    | 0    | -    | -     | 1    | 1    | 
|pe_r2_0_mac_muladd_8s_8s_32s_32_4_1_DSP48_0 | (P or C)+(A2*B2)' | 9      | 9      | 32     | -      | 32     | 1    | 1    | 0    | -    | -     | 1    | 1    | 
|pe_r2_0_mac_muladd_8s_8s_32s_32_4_1_DSP48_0 | (P or C)+(A2*B2)' | 9      | 9      | 32     | -      | 32     | 1    | 1    | 0    | -    | -     | 1    | 1    | 
|pe_r2_0_mac_muladd_8s_8s_32s_32_4_1_DSP48_0 | (P or C)+(A2*B2)' | 9      | 9      | 32     | -      | 32     | 1    | 1    | 0    | -    | -     | 1    | 1    | 
|pe_r2_0_mac_muladd_8s_8s_32s_32_4_1_DSP48_0 | (P or C)+(A2*B2)' | 9      | 9      | 32     | -      | 32     | 1    | 1    | 0    | -    | -     | 1    | 1    | 
|pe_r2_0_mac_muladd_8s_8s_32s_32_4_1_DSP48_0 | (P or C)+(A2*B2)' | 9      | 9      | 32     | -      | 32     | 1    | 1    | 0    | -    | -     | 1    | 1    | 
|pe_r2_0_mac_muladd_8s_8s_32s_32_4_1_DSP48_0 | (P or C)+(A2*B2)' | 9      | 9      | 32     | -      | 32     | 1    | 1    | 0    | -    | -     | 1    | 1    | 
|pe_r2_0_mac_muladd_8s_8s_32s_32_4_1_DSP48_0 | (P or C)+(A2*B2)' | 9      | 9      | 32     | -      | 32     | 1    | 1    | 0    | -    | -     | 1    | 1    | 
|pe_r4_0_mac_muladd_8s_8s_19s_19_4_1_DSP48_0 | (P or C)+(A2*B2)' | 9      | 9      | 19     | -      | 19     | 1    | 1    | 0    | -    | -     | 1    | 1    | 
|pe_r8_0_mac_muladd_8s_8s_19s_19_4_1_DSP48_0 | (P or C)+(A2*B2)' | 9      | 9      | 19     | -      | 19     | 1    | 1    | 0    | -    | -     | 1    | 1    | 
+--------------------------------------------+-------------------+--------+--------+--------+--------+--------+------+------+------+------+-------+------+------+

Note: The table above is a preliminary report that shows the DSPs inferred at the current stage of the synthesis flow. Some DSP may be reimplemented as non DSP primitives later in the synthesis flow. Multiple instantiated DSPs are reported only once.
---------------------------------------------------------------------------------
Finished ROM, RAM, DSP, Shift Register and Retiming Reporting
---------------------------------------------------------------------------------
---------------------------------------------------------------------------------
Start Applying XDC Timing Constraints
---------------------------------------------------------------------------------
---------------------------------------------------------------------------------
Finished Applying XDC Timing Constraints : Time (s): cpu = 00:01:14 ; elapsed = 00:01:16 . Memory (MB): peak = 3964.195 ; gain = 1048.684 ; free physical = 89790 ; free virtual = 171981
---------------------------------------------------------------------------------
---------------------------------------------------------------------------------
Start Timing Optimization
---------------------------------------------------------------------------------
---------------------------------------------------------------------------------
Finished Timing Optimization : Time (s): cpu = 00:01:14 ; elapsed = 00:01:16 . Memory (MB): peak = 3964.195 ; gain = 1048.684 ; free physical = 89779 ; free virtual = 171970
---------------------------------------------------------------------------------
---------------------------------------------------------------------------------
Start Technology Mapping
---------------------------------------------------------------------------------
---------------------------------------------------------------------------------
Finished Technology Mapping : Time (s): cpu = 00:01:21 ; elapsed = 00:01:23 . Memory (MB): peak = 4008.758 ; gain = 1093.246 ; free physical = 86528 ; free virtual = 168759
---------------------------------------------------------------------------------
---------------------------------------------------------------------------------
Start IO Insertion
---------------------------------------------------------------------------------
---------------------------------------------------------------------------------
Start Flattening Before IO Insertion
---------------------------------------------------------------------------------
---------------------------------------------------------------------------------
Finished Flattening Before IO Insertion
---------------------------------------------------------------------------------
---------------------------------------------------------------------------------
Start Final Netlist Cleanup
---------------------------------------------------------------------------------
---------------------------------------------------------------------------------
Finished Final Netlist Cleanup
---------------------------------------------------------------------------------
---------------------------------------------------------------------------------
Finished IO Insertion : Time (s): cpu = 00:01:27 ; elapsed = 00:01:29 . Memory (MB): peak = 4020.164 ; gain = 1104.652 ; free physical = 89350 ; free virtual = 171595
---------------------------------------------------------------------------------
---------------------------------------------------------------------------------
Start Renaming Generated Instances
---------------------------------------------------------------------------------
---------------------------------------------------------------------------------
Finished Renaming Generated Instances : Time (s): cpu = 00:01:27 ; elapsed = 00:01:29 . Memory (MB): peak = 4020.164 ; gain = 1104.652 ; free physical = 89347 ; free virtual = 171592
---------------------------------------------------------------------------------
---------------------------------------------------------------------------------
Start Rebuilding User Hierarchy
---------------------------------------------------------------------------------
---------------------------------------------------------------------------------
Finished Rebuilding User Hierarchy : Time (s): cpu = 00:01:32 ; elapsed = 00:01:34 . Memory (MB): peak = 4020.164 ; gain = 1104.652 ; free physical = 89215 ; free virtual = 171476
---------------------------------------------------------------------------------
---------------------------------------------------------------------------------
Start Renaming Generated Ports
---------------------------------------------------------------------------------
---------------------------------------------------------------------------------
Finished Renaming Generated Ports : Time (s): cpu = 00:01:32 ; elapsed = 00:01:34 . Memory (MB): peak = 4020.164 ; gain = 1104.652 ; free physical = 88403 ; free virtual = 170664
---------------------------------------------------------------------------------
---------------------------------------------------------------------------------
Start Handling Custom Attributes
---------------------------------------------------------------------------------
---------------------------------------------------------------------------------
Finished Handling Custom Attributes : Time (s): cpu = 00:01:33 ; elapsed = 00:01:35 . Memory (MB): peak = 4020.164 ; gain = 1104.652 ; free physical = 87694 ; free virtual = 169954
---------------------------------------------------------------------------------
---------------------------------------------------------------------------------
Start Renaming Generated Nets
---------------------------------------------------------------------------------
---------------------------------------------------------------------------------
Finished Renaming Generated Nets : Time (s): cpu = 00:01:33 ; elapsed = 00:01:35 . Memory (MB): peak = 4020.164 ; gain = 1104.652 ; free physical = 87689 ; free virtual = 169950
---------------------------------------------------------------------------------
---------------------------------------------------------------------------------
Start ROM, RAM, DSP, Shift Register and Retiming Reporting
---------------------------------------------------------------------------------

Static Shift Register Report:
+------------+---------------------------------------------------------------------------------------------------+--------+-------+--------------+--------------------+-------------------+--------+---------+
|Module Name | RTL Name                                                                                          | Length | Width | Reset Signal | Pull out first Reg | Pull out last Reg | SRL16E | SRLC32E | 
+------------+---------------------------------------------------------------------------------------------------+--------+-------+--------------+--------------------+-------------------+--------+---------+
|dut_norm    | dut/u_pe_r0_4_5/u/grp_pe_r0_0_Pipeline_VITIS_LOOP_32_1_fu_67/ap_loop_exit_ready_pp0_iter3_reg_reg | 3      | 1     | NO           | NO                 | YES               | 1      | 0       | 
|dut_norm    | dut/u_pe_r0_4_5/u/grp_pe_r0_0_Pipeline_VITIS_LOOP_57_2_fu_81/ap_loop_exit_ready_pp0_iter3_reg_reg | 3      | 1     | NO           | NO                 | YES               | 1      | 0       | 
|dut_norm    | dut/u_pe_r0_4_6/u/grp_pe_r0_0_Pipeline_VITIS_LOOP_32_1_fu_67/ap_loop_exit_ready_pp0_iter3_reg_reg | 3      | 1     | NO           | NO                 | YES               | 1      | 0       | 
|dut_norm    | dut/u_pe_r0_4_6/u/grp_pe_r0_0_Pipeline_VITIS_LOOP_57_2_fu_81/ap_loop_exit_ready_pp0_iter3_reg_reg | 3      | 1     | NO           | NO                 | YES               | 1      | 0       | 
|dut_norm    | dut/u_pe_r4_4_0/u/grp_pe_r4_0_Pipeline_l_S_k_0_k_fu_47/ap_loop_exit_ready_pp0_iter3_reg_reg       | 3      | 1     | NO           | NO                 | YES               | 1      | 0       | 
|dut_norm    | dut/u_pe_r4_3_0/u/grp_pe_r4_0_Pipeline_l_S_k_0_k_fu_47/ap_loop_exit_ready_pp0_iter3_reg_reg       | 3      | 1     | NO           | NO                 | YES               | 1      | 0       | 
|dut_norm    | dut/u_pe_r0_3_1/u/grp_pe_r0_0_Pipeline_VITIS_LOOP_32_1_fu_67/ap_loop_exit_ready_pp0_iter3_reg_reg | 3      | 1     | NO           | NO                 | YES               | 1      | 0       | 
|dut_norm    | dut/u_pe_r0_3_1/u/grp_pe_r0_0_Pipeline_VITIS_LOOP_57_2_fu_81/ap_loop_exit_ready_pp0_iter3_reg_reg | 3      | 1     | NO           | NO                 | YES               | 1      | 0       | 
|dut_norm    | dut/u_pe_r3_6_7/u/grp_pe_r3_0_Pipeline_l_S_k_1_k1_fu_71/ap_loop_exit_ready_pp0_iter3_reg_reg      | 3      | 1     | NO           | NO                 | YES               | 1      | 0       | 
|dut_norm    | dut/u_pe_r3_5_7/u/grp_pe_r3_0_Pipeline_l_S_k_1_k1_fu_71/ap_loop_exit_ready_pp0_iter3_reg_reg      | 3      | 1     | NO           | NO                 | YES               | 1      | 0       | 
|dut_norm    | dut/u_pe_r3_4_7/u/grp_pe_r3_0_Pipeline_l_S_k_1_k1_fu_71/ap_loop_exit_ready_pp0_iter3_reg_reg      | 3      | 1     | NO           | NO                 | YES               | 1      | 0       | 
|dut_norm    | dut/u_pe_r3_3_7/u/grp_pe_r3_0_Pipeline_l_S_k_1_k1_fu_71/ap_loop_exit_ready_pp0_iter3_reg_reg      | 3      | 1     | NO           | NO                 | YES               | 1      | 0       | 
|dut_norm    | dut/u_pe_r0_4_4/u/grp_pe_r0_0_Pipeline_VITIS_LOOP_32_1_fu_67/ap_loop_exit_ready_pp0_iter3_reg_reg | 3      | 1     | NO           | NO                 | YES               | 1      | 0       | 
|dut_norm    | dut/u_pe_r0_4_4/u/grp_pe_r0_0_Pipeline_VITIS_LOOP_57_2_fu_81/ap_loop_exit_ready_pp0_iter3_reg_reg | 3      | 1     | NO           | NO                 | YES               | 1      | 0       | 
|dut_norm    | dut/u_pe_r0_4_3/u/grp_pe_r0_0_Pipeline_VITIS_LOOP_32_1_fu_67/ap_loop_exit_ready_pp0_iter3_reg_reg | 3      | 1     | NO           | NO                 | YES               | 1      | 0       | 
|dut_norm    | dut/u_pe_r0_4_3/u/grp_pe_r0_0_Pipeline_VITIS_LOOP_57_2_fu_81/ap_loop_exit_ready_pp0_iter3_reg_reg | 3      | 1     | NO           | NO                 | YES               | 1      | 0       | 
|dut_norm    | dut/u_pe_r0_4_2/u/grp_pe_r0_0_Pipeline_VITIS_LOOP_32_1_fu_67/ap_loop_exit_ready_pp0_iter3_reg_reg | 3      | 1     | NO           | NO                 | YES               | 1      | 0       | 
|dut_norm    | dut/u_pe_r0_4_2/u/grp_pe_r0_0_Pipeline_VITIS_LOOP_57_2_fu_81/ap_loop_exit_ready_pp0_iter3_reg_reg | 3      | 1     | NO           | NO                 | YES               | 1      | 0       | 
|dut_norm    | dut/u_pe_r0_4_1/u/grp_pe_r0_0_Pipeline_VITIS_LOOP_32_1_fu_67/ap_loop_exit_ready_pp0_iter3_reg_reg | 3      | 1     | NO           | NO                 | YES               | 1      | 0       | 
|dut_norm    | dut/u_pe_r0_4_1/u/grp_pe_r0_0_Pipeline_VITIS_LOOP_57_2_fu_81/ap_loop_exit_ready_pp0_iter3_reg_reg | 3      | 1     | NO           | NO                 | YES               | 1      | 0       | 
|dut_norm    | dut/u_pe_r0_3_6/u/grp_pe_r0_0_Pipeline_VITIS_LOOP_32_1_fu_67/ap_loop_exit_ready_pp0_iter3_reg_reg | 3      | 1     | NO           | NO                 | YES               | 1      | 0       | 
|dut_norm    | dut/u_pe_r0_3_6/u/grp_pe_r0_0_Pipeline_VITIS_LOOP_57_2_fu_81/ap_loop_exit_ready_pp0_iter3_reg_reg | 3      | 1     | NO           | NO                 | YES               | 1      | 0       | 
|dut_norm    | dut/u_pe_r0_3_5/u/grp_pe_r0_0_Pipeline_VITIS_LOOP_32_1_fu_67/ap_loop_exit_ready_pp0_iter3_reg_reg | 3      | 1     | NO           | NO                 | YES               | 1      | 0       | 
|dut_norm    | dut/u_pe_r0_3_5/u/grp_pe_r0_0_Pipeline_VITIS_LOOP_57_2_fu_81/ap_loop_exit_ready_pp0_iter3_reg_reg | 3      | 1     | NO           | NO                 | YES               | 1      | 0       | 
|dut_norm    | dut/u_pe_r0_3_4/u/grp_pe_r0_0_Pipeline_VITIS_LOOP_32_1_fu_67/ap_loop_exit_ready_pp0_iter3_reg_reg | 3      | 1     | NO           | NO                 | YES               | 1      | 0       | 
|dut_norm    | dut/u_pe_r0_3_4/u/grp_pe_r0_0_Pipeline_VITIS_LOOP_57_2_fu_81/ap_loop_exit_ready_pp0_iter3_reg_reg | 3      | 1     | NO           | NO                 | YES               | 1      | 0       | 
|dut_norm    | dut/u_pe_r1_7_6/u/grp_pe_r1_0_Pipeline_VITIS_LOOP_31_1_fu_65/ap_loop_exit_ready_pp0_iter3_reg_reg | 3      | 1     | NO           | NO                 | YES               | 1      | 0       | 
|dut_norm    | dut/u_pe_r1_7_6/u/grp_pe_r1_0_Pipeline_VITIS_LOOP_54_2_fu_77/ap_loop_exit_ready_pp0_iter3_reg_reg | 3      | 1     | NO           | NO                 | YES               | 1      | 0       | 
|dut_norm    | dut/u_pe_r1_7_5/u/grp_pe_r1_0_Pipeline_VITIS_LOOP_31_1_fu_65/ap_loop_exit_ready_pp0_iter3_reg_reg | 3      | 1     | NO           | NO                 | YES               | 1      | 0       | 
|dut_norm    | dut/u_pe_r1_7_5/u/grp_pe_r1_0_Pipeline_VITIS_LOOP_54_2_fu_77/ap_loop_exit_ready_pp0_iter3_reg_reg | 3      | 1     | NO           | NO                 | YES               | 1      | 0       | 
|dut_norm    | dut/u_pe_r1_7_4/u/grp_pe_r1_0_Pipeline_VITIS_LOOP_31_1_fu_65/ap_loop_exit_ready_pp0_iter3_reg_reg | 3      | 1     | NO           | NO                 | YES               | 1      | 0       | 
|dut_norm    | dut/u_pe_r1_7_4/u/grp_pe_r1_0_Pipeline_VITIS_LOOP_54_2_fu_77/ap_loop_exit_ready_pp0_iter3_reg_reg | 3      | 1     | NO           | NO                 | YES               | 1      | 0       | 
|dut_norm    | dut/u_pe_r1_7_3/u/grp_pe_r1_0_Pipeline_VITIS_LOOP_31_1_fu_65/ap_loop_exit_ready_pp0_iter3_reg_reg | 3      | 1     | NO           | NO                 | YES               | 1      | 0       | 
|dut_norm    | dut/u_pe_r1_7_3/u/grp_pe_r1_0_Pipeline_VITIS_LOOP_54_2_fu_77/ap_loop_exit_ready_pp0_iter3_reg_reg | 3      | 1     | NO           | NO                 | YES               | 1      | 0       | 
|dut_norm    | dut/u_pe_r1_7_2/u/grp_pe_r1_0_Pipeline_VITIS_LOOP_31_1_fu_65/ap_loop_exit_ready_pp0_iter3_reg_reg | 3      | 1     | NO           | NO                 | YES               | 1      | 0       | 
|dut_norm    | dut/u_pe_r1_7_2/u/grp_pe_r1_0_Pipeline_VITIS_LOOP_54_2_fu_77/ap_loop_exit_ready_pp0_iter3_reg_reg | 3      | 1     | NO           | NO                 | YES               | 1      | 0       | 
|dut_norm    | dut/u_pe_r0_3_3/u/grp_pe_r0_0_Pipeline_VITIS_LOOP_32_1_fu_67/ap_loop_exit_ready_pp0_iter3_reg_reg | 3      | 1     | NO           | NO                 | YES               | 1      | 0       | 
|dut_norm    | dut/u_pe_r0_3_3/u/grp_pe_r0_0_Pipeline_VITIS_LOOP_57_2_fu_81/ap_loop_exit_ready_pp0_iter3_reg_reg | 3      | 1     | NO           | NO                 | YES               | 1      | 0       | 
|dut_norm    | dut/u_pe_r0_3_2/u/grp_pe_r0_0_Pipeline_VITIS_LOOP_32_1_fu_67/ap_loop_exit_ready_pp0_iter3_reg_reg | 3      | 1     | NO           | NO                 | YES               | 1      | 0       | 
|dut_norm    | dut/u_pe_r0_3_2/u/grp_pe_r0_0_Pipeline_VITIS_LOOP_57_2_fu_81/ap_loop_exit_ready_pp0_iter3_reg_reg | 3      | 1     | NO           | NO                 | YES               | 1      | 0       | 
|dut_norm    | dut/u_pe_r0_6_6/u/grp_pe_r0_0_Pipeline_VITIS_LOOP_32_1_fu_67/ap_loop_exit_ready_pp0_iter3_reg_reg | 3      | 1     | NO           | NO                 | YES               | 1      | 0       | 
|dut_norm    | dut/u_pe_r0_6_6/u/grp_pe_r0_0_Pipeline_VITIS_LOOP_57_2_fu_81/ap_loop_exit_ready_pp0_iter3_reg_reg | 3      | 1     | NO           | NO                 | YES               | 1      | 0       | 
|dut_norm    | dut/u_pe_r0_6_5/u/grp_pe_r0_0_Pipeline_VITIS_LOOP_32_1_fu_67/ap_loop_exit_ready_pp0_iter3_reg_reg | 3      | 1     | NO           | NO                 | YES               | 1      | 0       | 
|dut_norm    | dut/u_pe_r0_6_5/u/grp_pe_r0_0_Pipeline_VITIS_LOOP_57_2_fu_81/ap_loop_exit_ready_pp0_iter3_reg_reg | 3      | 1     | NO           | NO                 | YES               | 1      | 0       | 
|dut_norm    | dut/u_pe_r0_6_4/u/grp_pe_r0_0_Pipeline_VITIS_LOOP_32_1_fu_67/ap_loop_exit_ready_pp0_iter3_reg_reg | 3      | 1     | NO           | NO                 | YES               | 1      | 0       | 
|dut_norm    | dut/u_pe_r0_6_4/u/grp_pe_r0_0_Pipeline_VITIS_LOOP_57_2_fu_81/ap_loop_exit_ready_pp0_iter3_reg_reg | 3      | 1     | NO           | NO                 | YES               | 1      | 0       | 
|dut_norm    | dut/u_pe_r0_6_3/u/grp_pe_r0_0_Pipeline_VITIS_LOOP_32_1_fu_67/ap_loop_exit_ready_pp0_iter3_reg_reg | 3      | 1     | NO           | NO                 | YES               | 1      | 0       | 
|dut_norm    | dut/u_pe_r0_6_3/u/grp_pe_r0_0_Pipeline_VITIS_LOOP_57_2_fu_81/ap_loop_exit_ready_pp0_iter3_reg_reg | 3      | 1     | NO           | NO                 | YES               | 1      | 0       | 
|dut_norm    | dut/u_pe_r0_6_2/u/grp_pe_r0_0_Pipeline_VITIS_LOOP_32_1_fu_67/ap_loop_exit_ready_pp0_iter3_reg_reg | 3      | 1     | NO           | NO                 | YES               | 1      | 0       | 
|dut_norm    | dut/u_pe_r0_6_2/u/grp_pe_r0_0_Pipeline_VITIS_LOOP_57_2_fu_81/ap_loop_exit_ready_pp0_iter3_reg_reg | 3      | 1     | NO           | NO                 | YES               | 1      | 0       | 
|dut_norm    | dut/u_pe_r0_6_1/u/grp_pe_r0_0_Pipeline_VITIS_LOOP_32_1_fu_67/ap_loop_exit_ready_pp0_iter3_reg_reg | 3      | 1     | NO           | NO                 | YES               | 1      | 0       | 
|dut_norm    | dut/u_pe_r0_6_1/u/grp_pe_r0_0_Pipeline_VITIS_LOOP_57_2_fu_81/ap_loop_exit_ready_pp0_iter3_reg_reg | 3      | 1     | NO           | NO                 | YES               | 1      | 0       | 
|dut_norm    | dut/u_pe_r0_5_6/u/grp_pe_r0_0_Pipeline_VITIS_LOOP_32_1_fu_67/ap_loop_exit_ready_pp0_iter3_reg_reg | 3      | 1     | NO           | NO                 | YES               | 1      | 0       | 
|dut_norm    | dut/u_pe_r0_5_6/u/grp_pe_r0_0_Pipeline_VITIS_LOOP_57_2_fu_81/ap_loop_exit_ready_pp0_iter3_reg_reg | 3      | 1     | NO           | NO                 | YES               | 1      | 0       | 
|dut_norm    | dut/u_pe_r0_5_5/u/grp_pe_r0_0_Pipeline_VITIS_LOOP_32_1_fu_67/ap_loop_exit_ready_pp0_iter3_reg_reg | 3      | 1     | NO           | NO                 | YES               | 1      | 0       | 
|dut_norm    | dut/u_pe_r0_5_5/u/grp_pe_r0_0_Pipeline_VITIS_LOOP_57_2_fu_81/ap_loop_exit_ready_pp0_iter3_reg_reg | 3      | 1     | NO           | NO                 | YES               | 1      | 0       | 
|dut_norm    | dut/u_pe_r0_5_4/u/grp_pe_r0_0_Pipeline_VITIS_LOOP_32_1_fu_67/ap_loop_exit_ready_pp0_iter3_reg_reg | 3      | 1     | NO           | NO                 | YES               | 1      | 0       | 
|dut_norm    | dut/u_pe_r0_5_4/u/grp_pe_r0_0_Pipeline_VITIS_LOOP_57_2_fu_81/ap_loop_exit_ready_pp0_iter3_reg_reg | 3      | 1     | NO           | NO                 | YES               | 1      | 0       | 
|dut_norm    | dut/u_pe_r0_5_3/u/grp_pe_r0_0_Pipeline_VITIS_LOOP_32_1_fu_67/ap_loop_exit_ready_pp0_iter3_reg_reg | 3      | 1     | NO           | NO                 | YES               | 1      | 0       | 
|dut_norm    | dut/u_pe_r0_5_3/u/grp_pe_r0_0_Pipeline_VITIS_LOOP_57_2_fu_81/ap_loop_exit_ready_pp0_iter3_reg_reg | 3      | 1     | NO           | NO                 | YES               | 1      | 0       | 
|dut_norm    | dut/u_pe_r0_5_2/u/grp_pe_r0_0_Pipeline_VITIS_LOOP_32_1_fu_67/ap_loop_exit_ready_pp0_iter3_reg_reg | 3      | 1     | NO           | NO                 | YES               | 1      | 0       | 
|dut_norm    | dut/u_pe_r0_5_2/u/grp_pe_r0_0_Pipeline_VITIS_LOOP_57_2_fu_81/ap_loop_exit_ready_pp0_iter3_reg_reg | 3      | 1     | NO           | NO                 | YES               | 1      | 0       | 
|dut_norm    | dut/u_pe_r1_7_1/u/grp_pe_r1_0_Pipeline_VITIS_LOOP_31_1_fu_65/ap_loop_exit_ready_pp0_iter3_reg_reg | 3      | 1     | NO           | NO                 | YES               | 1      | 0       | 
|dut_norm    | dut/u_pe_r1_7_1/u/grp_pe_r1_0_Pipeline_VITIS_LOOP_54_2_fu_77/ap_loop_exit_ready_pp0_iter3_reg_reg | 3      | 1     | NO           | NO                 | YES               | 1      | 0       | 
|dut_norm    | dut/u_pe_r4_5_0/u/grp_pe_r4_0_Pipeline_l_S_k_0_k_fu_47/ap_loop_exit_ready_pp0_iter3_reg_reg       | 3      | 1     | NO           | NO                 | YES               | 1      | 0       | 
|dut_norm    | dut/u_pe_r4_6_0/u/grp_pe_r4_0_Pipeline_l_S_k_0_k_fu_47/ap_loop_exit_ready_pp0_iter3_reg_reg       | 3      | 1     | NO           | NO                 | YES               | 1      | 0       | 
|dut_norm    | dut/u_pe_r5_7_7/u/grp_pe_r5_0_Pipeline_l_S_k_1_k1_fu_59/ap_loop_exit_ready_pp0_iter3_reg_reg      | 3      | 1     | NO           | NO                 | YES               | 1      | 0       | 
|dut_norm    | dut/u_pe_r0_5_1/u/grp_pe_r0_0_Pipeline_VITIS_LOOP_32_1_fu_67/ap_loop_exit_ready_pp0_iter3_reg_reg | 3      | 1     | NO           | NO                 | YES               | 1      | 0       | 
|dut_norm    | dut/u_pe_r0_5_1/u/grp_pe_r0_0_Pipeline_VITIS_LOOP_57_2_fu_81/ap_loop_exit_ready_pp0_iter3_reg_reg | 3      | 1     | NO           | NO                 | YES               | 1      | 0       | 
|dut_norm    | dut/u_pe_r6_0_7/u/grp_pe_r6_0_Pipeline_l_S_k_1_k1_fu_71/ap_loop_exit_ready_pp0_iter3_reg_reg      | 3      | 1     | NO           | NO                 | YES               | 1      | 0       | 
|dut_norm    | dut/u_pe_r7_7_0/u/grp_pe_r7_0_Pipeline_l_S_k_0_k_fu_45/ap_loop_exit_ready_pp0_iter3_reg_reg       | 3      | 1     | NO           | NO                 | YES               | 1      | 0       | 
|dut_norm    | dut/u_pe_r3_1_7/u/grp_pe_r3_0_Pipeline_l_S_k_1_k1_fu_71/ap_loop_exit_ready_pp0_iter3_reg_reg      | 3      | 1     | NO           | NO                 | YES               | 1      | 0       | 
|dut_norm    | dut/u_pe_r3_2_7/u/grp_pe_r3_0_Pipeline_l_S_k_1_k1_fu_71/ap_loop_exit_ready_pp0_iter3_reg_reg      | 3      | 1     | NO           | NO                 | YES               | 1      | 0       | 
|dut_norm    | dut/u_pe_r4_2_0/u/grp_pe_r4_0_Pipeline_l_S_k_0_k_fu_47/ap_loop_exit_ready_pp0_iter3_reg_reg       | 3      | 1     | NO           | NO                 | YES               | 1      | 0       | 
|dut_norm    | dut/u_pe_r0_2_6/u/grp_pe_r0_0_Pipeline_VITIS_LOOP_32_1_fu_67/ap_loop_exit_ready_pp0_iter3_reg_reg | 3      | 1     | NO           | NO                 | YES               | 1      | 0       | 
|dut_norm    | dut/u_pe_r0_2_6/u/grp_pe_r0_0_Pipeline_VITIS_LOOP_57_2_fu_81/ap_loop_exit_ready_pp0_iter3_reg_reg | 3      | 1     | NO           | NO                 | YES               | 1      | 0       | 
|dut_norm    | dut/u_pe_r0_2_5/u/grp_pe_r0_0_Pipeline_VITIS_LOOP_32_1_fu_67/ap_loop_exit_ready_pp0_iter3_reg_reg | 3      | 1     | NO           | NO                 | YES               | 1      | 0       | 
|dut_norm    | dut/u_pe_r0_2_5/u/grp_pe_r0_0_Pipeline_VITIS_LOOP_57_2_fu_81/ap_loop_exit_ready_pp0_iter3_reg_reg | 3      | 1     | NO           | NO                 | YES               | 1      | 0       | 
|dut_norm    | dut/u_pe_r0_2_4/u/grp_pe_r0_0_Pipeline_VITIS_LOOP_32_1_fu_67/ap_loop_exit_ready_pp0_iter3_reg_reg | 3      | 1     | NO           | NO                 | YES               | 1      | 0       | 
|dut_norm    | dut/u_pe_r0_2_4/u/grp_pe_r0_0_Pipeline_VITIS_LOOP_57_2_fu_81/ap_loop_exit_ready_pp0_iter3_reg_reg | 3      | 1     | NO           | NO                 | YES               | 1      | 0       | 
|dut_norm    | dut/u_pe_r0_1_5/u/grp_pe_r0_0_Pipeline_VITIS_LOOP_32_1_fu_67/ap_loop_exit_ready_pp0_iter3_reg_reg | 3      | 1     | NO           | NO                 | YES               | 1      | 0       | 
|dut_norm    | dut/u_pe_r0_1_5/u/grp_pe_r0_0_Pipeline_VITIS_LOOP_57_2_fu_81/ap_loop_exit_ready_pp0_iter3_reg_reg | 3      | 1     | NO           | NO                 | YES               | 1      | 0       | 
|dut_norm    | dut/u_pe_r0_1_6/u/grp_pe_r0_0_Pipeline_VITIS_LOOP_32_1_fu_67/ap_loop_exit_ready_pp0_iter3_reg_reg | 3      | 1     | NO           | NO                 | YES               | 1      | 0       | 
|dut_norm    | dut/u_pe_r0_1_6/u/grp_pe_r0_0_Pipeline_VITIS_LOOP_57_2_fu_81/ap_loop_exit_ready_pp0_iter3_reg_reg | 3      | 1     | NO           | NO                 | YES               | 1      | 0       | 
|dut_norm    | dut/u_pe_r0_2_1/u/grp_pe_r0_0_Pipeline_VITIS_LOOP_32_1_fu_67/ap_loop_exit_ready_pp0_iter3_reg_reg | 3      | 1     | NO           | NO                 | YES               | 1      | 0       | 
|dut_norm    | dut/u_pe_r0_2_1/u/grp_pe_r0_0_Pipeline_VITIS_LOOP_57_2_fu_81/ap_loop_exit_ready_pp0_iter3_reg_reg | 3      | 1     | NO           | NO                 | YES               | 1      | 0       | 
|dut_norm    | dut/u_pe_r0_2_2/u/grp_pe_r0_0_Pipeline_VITIS_LOOP_32_1_fu_67/ap_loop_exit_ready_pp0_iter3_reg_reg | 3      | 1     | NO           | NO                 | YES               | 1      | 0       | 
|dut_norm    | dut/u_pe_r0_2_2/u/grp_pe_r0_0_Pipeline_VITIS_LOOP_57_2_fu_81/ap_loop_exit_ready_pp0_iter3_reg_reg | 3      | 1     | NO           | NO                 | YES               | 1      | 0       | 
|dut_norm    | dut/u_pe_r0_2_3/u/grp_pe_r0_0_Pipeline_VITIS_LOOP_32_1_fu_67/ap_loop_exit_ready_pp0_iter3_reg_reg | 3      | 1     | NO           | NO                 | YES               | 1      | 0       | 
|dut_norm    | dut/u_pe_r0_2_3/u/grp_pe_r0_0_Pipeline_VITIS_LOOP_57_2_fu_81/ap_loop_exit_ready_pp0_iter3_reg_reg | 3      | 1     | NO           | NO                 | YES               | 1      | 0       | 
|dut_norm    | dut/u_pe_r0_1_4/u/grp_pe_r0_0_Pipeline_VITIS_LOOP_32_1_fu_67/ap_loop_exit_ready_pp0_iter3_reg_reg | 3      | 1     | NO           | NO                 | YES               | 1      | 0       | 
|dut_norm    | dut/u_pe_r0_1_4/u/grp_pe_r0_0_Pipeline_VITIS_LOOP_57_2_fu_81/ap_loop_exit_ready_pp0_iter3_reg_reg | 3      | 1     | NO           | NO                 | YES               | 1      | 0       | 
|dut_norm    | dut/u_pe_r0_1_3/u/grp_pe_r0_0_Pipeline_VITIS_LOOP_32_1_fu_67/ap_loop_exit_ready_pp0_iter3_reg_reg | 3      | 1     | NO           | NO                 | YES               | 1      | 0       | 
|dut_norm    | dut/u_pe_r0_1_3/u/grp_pe_r0_0_Pipeline_VITIS_LOOP_57_2_fu_81/ap_loop_exit_ready_pp0_iter3_reg_reg | 3      | 1     | NO           | NO                 | YES               | 1      | 0       | 
|dut_norm    | dut/u_pe_r0_1_2/u/grp_pe_r0_0_Pipeline_VITIS_LOOP_32_1_fu_67/ap_loop_exit_ready_pp0_iter3_reg_reg | 3      | 1     | NO           | NO                 | YES               | 1      | 0       | 
|dut_norm    | dut/u_pe_r0_1_2/u/grp_pe_r0_0_Pipeline_VITIS_LOOP_57_2_fu_81/ap_loop_exit_ready_pp0_iter3_reg_reg | 3      | 1     | NO           | NO                 | YES               | 1      | 0       | 
|dut_norm    | dut/u_pe_r0_1_1/u/grp_pe_r0_0_Pipeline_VITIS_LOOP_32_1_fu_67/ap_loop_exit_ready_pp0_iter3_reg_reg | 3      | 1     | NO           | NO                 | YES               | 1      | 0       | 
|dut_norm    | dut/u_pe_r0_1_1/u/grp_pe_r0_0_Pipeline_VITIS_LOOP_57_2_fu_81/ap_loop_exit_ready_pp0_iter3_reg_reg | 3      | 1     | NO           | NO                 | YES               | 1      | 0       | 
|dut_norm    | dut/u_pe_r2_0_1/u/grp_pe_r2_0_Pipeline_VITIS_LOOP_32_1_fu_67/ap_loop_exit_ready_pp0_iter3_reg_reg | 3      | 1     | NO           | NO                 | YES               | 1      | 0       | 
|dut_norm    | dut/u_pe_r2_0_1/u/grp_pe_r2_0_Pipeline_VITIS_LOOP_57_2_fu_81/ap_loop_exit_ready_pp0_iter3_reg_reg | 3      | 1     | NO           | NO                 | YES               | 1      | 0       | 
|dut_norm    | dut/u_pe_r2_0_2/u/grp_pe_r2_0_Pipeline_VITIS_LOOP_32_1_fu_67/ap_loop_exit_ready_pp0_iter3_reg_reg | 3      | 1     | NO           | NO                 | YES               | 1      | 0       | 
|dut_norm    | dut/u_pe_r2_0_2/u/grp_pe_r2_0_Pipeline_VITIS_LOOP_57_2_fu_81/ap_loop_exit_ready_pp0_iter3_reg_reg | 3      | 1     | NO           | NO                 | YES               | 1      | 0       | 
|dut_norm    | dut/u_pe_r2_0_3/u/grp_pe_r2_0_Pipeline_VITIS_LOOP_32_1_fu_67/ap_loop_exit_ready_pp0_iter3_reg_reg | 3      | 1     | NO           | NO                 | YES               | 1      | 0       | 
|dut_norm    | dut/u_pe_r2_0_3/u/grp_pe_r2_0_Pipeline_VITIS_LOOP_57_2_fu_81/ap_loop_exit_ready_pp0_iter3_reg_reg | 3      | 1     | NO           | NO                 | YES               | 1      | 0       | 
|dut_norm    | dut/u_pe_r2_0_4/u/grp_pe_r2_0_Pipeline_VITIS_LOOP_32_1_fu_67/ap_loop_exit_ready_pp0_iter3_reg_reg | 3      | 1     | NO           | NO                 | YES               | 1      | 0       | 
|dut_norm    | dut/u_pe_r2_0_4/u/grp_pe_r2_0_Pipeline_VITIS_LOOP_57_2_fu_81/ap_loop_exit_ready_pp0_iter3_reg_reg | 3      | 1     | NO           | NO                 | YES               | 1      | 0       | 
|dut_norm    | dut/u_pe_r2_0_5/u/grp_pe_r2_0_Pipeline_VITIS_LOOP_32_1_fu_67/ap_loop_exit_ready_pp0_iter3_reg_reg | 3      | 1     | NO           | NO                 | YES               | 1      | 0       | 
|dut_norm    | dut/u_pe_r2_0_5/u/grp_pe_r2_0_Pipeline_VITIS_LOOP_57_2_fu_81/ap_loop_exit_ready_pp0_iter3_reg_reg | 3      | 1     | NO           | NO                 | YES               | 1      | 0       | 
|dut_norm    | dut/u_pe_r2_0_6/u/grp_pe_r2_0_Pipeline_VITIS_LOOP_32_1_fu_67/ap_loop_exit_ready_pp0_iter3_reg_reg | 3      | 1     | NO           | NO                 | YES               | 1      | 0       | 
|dut_norm    | dut/u_pe_r2_0_6/u/grp_pe_r2_0_Pipeline_VITIS_LOOP_57_2_fu_81/ap_loop_exit_ready_pp0_iter3_reg_reg | 3      | 1     | NO           | NO                 | YES               | 1      | 0       | 
|dut_norm    | dut/u_pe_r4_1_0/u/grp_pe_r4_0_Pipeline_l_S_k_0_k_fu_47/ap_loop_exit_ready_pp0_iter3_reg_reg       | 3      | 1     | NO           | NO                 | YES               | 1      | 0       | 
|dut_norm    | dut/u_pe_r8_0_0/u/grp_pe_r8_0_Pipeline_l_S_k_0_k_fu_47/ap_loop_exit_ready_pp0_iter3_reg_reg       | 3      | 1     | NO           | NO                 | YES               | 1      | 0       | 
+------------+---------------------------------------------------------------------------------------------------+--------+-------+--------------+--------------------+-------------------+--------+---------+

---------------------------------------------------------------------------------
Finished ROM, RAM, DSP, Shift Register and Retiming Reporting
---------------------------------------------------------------------------------
---------------------------------------------------------------------------------
Start Writing Synthesis Report
---------------------------------------------------------------------------------

DSP Final Report (the ' indicates corresponding REG is set)
+--------------------------------------------+-------------+--------+--------+--------+--------+--------+------+------+------+------+-------+------+------+
|Module Name                                 | DSP Mapping | A Size | B Size | C Size | D Size | P Size | AREG | BREG | CREG | DREG | ADREG | MREG | PREG | 
+--------------------------------------------+-------------+--------+--------+--------+--------+--------+------+------+------+------+-------+------+------+
|pe_r0_0_mac_muladd_8s_8s_32s_32_4_1_DSP48_0 | Dynamic     | -      | -      | -      | -      | 32     | -    | -    | -    | -    | -     | 1    | 1    | 
|pe_r0_0_mac_muladd_8s_8s_32s_32_4_1_DSP48_0 | Dynamic     | -      | -      | -      | -      | 32     | -    | -    | -    | -    | -     | 1    | 1    | 
|pe_r0_0_mac_muladd_8s_8s_32s_32_4_1_DSP48_0 | Dynamic     | -      | -      | -      | -      | 32     | -    | -    | -    | -    | -     | 1    | 1    | 
|pe_r0_0_mac_muladd_8s_8s_32s_32_4_1_DSP48_0 | Dynamic     | -      | -      | -      | -      | 32     | -    | -    | -    | -    | -     | 1    | 1    | 
|pe_r0_0_mac_muladd_8s_8s_32s_32_4_1_DSP48_0 | Dynamic     | -      | -      | -      | -      | 32     | -    | -    | -    | -    | -     | 1    | 1    | 
|pe_r0_0_mac_muladd_8s_8s_32s_32_4_1_DSP48_0 | Dynamic     | -      | -      | -      | -      | 32     | -    | -    | -    | -    | -     | 1    | 1    | 
|pe_r0_0_mac_muladd_8s_8s_32s_32_4_1_DSP48_0 | Dynamic     | -      | -      | -      | -      | 32     | -    | -    | -    | -    | -     | 1    | 1    | 
|pe_r0_0_mac_muladd_8s_8s_32s_32_4_1_DSP48_0 | Dynamic     | -      | -      | -      | -      | 32     | -    | -    | -    | -    | -     | 1    | 1    | 
|pe_r0_0_mac_muladd_8s_8s_32s_32_4_1_DSP48_0 | Dynamic     | -      | -      | -      | -      | 32     | -    | -    | -    | -    | -     | 1    | 1    | 
|pe_r0_0_mac_muladd_8s_8s_32s_32_4_1_DSP48_0 | Dynamic     | -      | -      | -      | -      | 32     | -    | -    | -    | -    | -     | 1    | 1    | 
|pe_r0_0_mac_muladd_8s_8s_32s_32_4_1_DSP48_0 | Dynamic     | -      | -      | -      | -      | 32     | -    | -    | -    | -    | -     | 1    | 1    | 
|pe_r0_0_mac_muladd_8s_8s_32s_32_4_1_DSP48_0 | Dynamic     | -      | -      | -      | -      | 32     | -    | -    | -    | -    | -     | 1    | 1    | 
|pe_r0_0_mac_muladd_8s_8s_32s_32_4_1_DSP48_0 | Dynamic     | -      | -      | -      | -      | 32     | -    | -    | -    | -    | -     | 1    | 1    | 
|pe_r0_0_mac_muladd_8s_8s_32s_32_4_1_DSP48_0 | Dynamic     | -      | -      | -      | -      | 32     | -    | -    | -    | -    | -     | 1    | 1    | 
|pe_r0_0_mac_muladd_8s_8s_32s_32_4_1_DSP48_0 | Dynamic     | -      | -      | -      | -      | 32     | -    | -    | -    | -    | -     | 1    | 1    | 
|pe_r0_0_mac_muladd_8s_8s_32s_32_4_1_DSP48_0 | Dynamic     | -      | -      | -      | -      | 32     | -    | -    | -    | -    | -     | 1    | 1    | 
|pe_r0_0_mac_muladd_8s_8s_32s_32_4_1_DSP48_0 | Dynamic     | -      | -      | -      | -      | 32     | -    | -    | -    | -    | -     | 1    | 1    | 
|pe_r0_0_mac_muladd_8s_8s_32s_32_4_1_DSP48_0 | Dynamic     | -      | -      | -      | -      | 32     | -    | -    | -    | -    | -     | 1    | 1    | 
|pe_r0_0_mac_muladd_8s_8s_32s_32_4_1_DSP48_0 | Dynamic     | -      | -      | -      | -      | 32     | -    | -    | -    | -    | -     | 1    | 1    | 
|pe_r0_0_mac_muladd_8s_8s_32s_32_4_1_DSP48_0 | Dynamic     | -      | -      | -      | -      | 32     | -    | -    | -    | -    | -     | 1    | 1    | 
|pe_r0_0_mac_muladd_8s_8s_32s_32_4_1_DSP48_0 | Dynamic     | -      | -      | -      | -      | 32     | -    | -    | -    | -    | -     | 1    | 1    | 
|pe_r0_0_mac_muladd_8s_8s_32s_32_4_1_DSP48_0 | Dynamic     | -      | -      | -      | -      | 32     | -    | -    | -    | -    | -     | 1    | 1    | 
|pe_r0_0_mac_muladd_8s_8s_32s_32_4_1_DSP48_0 | Dynamic     | -      | -      | -      | -      | 32     | -    | -    | -    | -    | -     | 1    | 1    | 
|pe_r0_0_mac_muladd_8s_8s_32s_32_4_1_DSP48_0 | Dynamic     | -      | -      | -      | -      | 32     | -    | -    | -    | -    | -     | 1    | 1    | 
|pe_r0_0_mac_muladd_8s_8s_32s_32_4_1_DSP48_0 | Dynamic     | -      | -      | -      | -      | 32     | -    | -    | -    | -    | -     | 1    | 1    | 
|pe_r0_0_mac_muladd_8s_8s_32s_32_4_1_DSP48_0 | Dynamic     | -      | -      | -      | -      | 32     | -    | -    | -    | -    | -     | 1    | 1    | 
|pe_r0_0_mac_muladd_8s_8s_32s_32_4_1_DSP48_0 | Dynamic     | -      | -      | -      | -      | 32     | -    | -    | -    | -    | -     | 1    | 1    | 
|pe_r0_0_mac_muladd_8s_8s_32s_32_4_1_DSP48_0 | Dynamic     | -      | -      | -      | -      | 32     | -    | -    | -    | -    | -     | 1    | 1    | 
|pe_r0_0_mac_muladd_8s_8s_32s_32_4_1_DSP48_0 | Dynamic     | -      | -      | -      | -      | 32     | -    | -    | -    | -    | -     | 1    | 1    | 
|pe_r0_0_mac_muladd_8s_8s_32s_32_4_1_DSP48_0 | Dynamic     | -      | -      | -      | -      | 32     | -    | -    | -    | -    | -     | 1    | 1    | 
|pe_r0_0_mac_muladd_8s_8s_32s_32_4_1_DSP48_0 | Dynamic     | -      | -      | -      | -      | 32     | -    | -    | -    | -    | -     | 1    | 1    | 
|pe_r0_0_mac_muladd_8s_8s_32s_32_4_1_DSP48_0 | Dynamic     | -      | -      | -      | -      | 32     | -    | -    | -    | -    | -     | 1    | 1    | 
|pe_r0_0_mac_muladd_8s_8s_32s_32_4_1_DSP48_0 | Dynamic     | -      | -      | -      | -      | 32     | -    | -    | -    | -    | -     | 1    | 1    | 
|pe_r0_0_mac_muladd_8s_8s_32s_32_4_1_DSP48_0 | Dynamic     | -      | -      | -      | -      | 32     | -    | -    | -    | -    | -     | 1    | 1    | 
|pe_r0_0_mac_muladd_8s_8s_32s_32_4_1_DSP48_0 | Dynamic     | -      | -      | -      | -      | 32     | -    | -    | -    | -    | -     | 1    | 1    | 
|pe_r0_0_mac_muladd_8s_8s_32s_32_4_1_DSP48_0 | Dynamic     | -      | -      | -      | -      | 32     | -    | -    | -    | -    | -     | 1    | 1    | 
|pe_r0_0_mac_muladd_8s_8s_32s_32_4_1_DSP48_0 | Dynamic     | -      | -      | -      | -      | 32     | -    | -    | -    | -    | -     | 1    | 1    | 
|pe_r0_0_mac_muladd_8s_8s_32s_32_4_1_DSP48_0 | Dynamic     | -      | -      | -      | -      | 32     | -    | -    | -    | -    | -     | 1    | 1    | 
|pe_r0_0_mac_muladd_8s_8s_32s_32_4_1_DSP48_0 | Dynamic     | -      | -      | -      | -      | 32     | -    | -    | -    | -    | -     | 1    | 1    | 
|pe_r0_0_mac_muladd_8s_8s_32s_32_4_1_DSP48_0 | Dynamic     | -      | -      | -      | -      | 32     | -    | -    | -    | -    | -     | 1    | 1    | 
|pe_r0_0_mac_muladd_8s_8s_32s_32_4_1_DSP48_0 | Dynamic     | -      | -      | -      | -      | 32     | -    | -    | -    | -    | -     | 1    | 1    | 
|pe_r0_0_mac_muladd_8s_8s_32s_32_4_1_DSP48_0 | Dynamic     | -      | -      | -      | -      | 32     | -    | -    | -    | -    | -     | 1    | 1    | 
|pe_r0_0_mac_muladd_8s_8s_32s_32_4_1_DSP48_0 | Dynamic     | -      | -      | -      | -      | 32     | -    | -    | -    | -    | -     | 1    | 1    | 
|pe_r0_0_mac_muladd_8s_8s_32s_32_4_1_DSP48_0 | Dynamic     | -      | -      | -      | -      | 32     | -    | -    | -    | -    | -     | 1    | 1    | 
|pe_r0_0_mac_muladd_8s_8s_32s_32_4_1_DSP48_0 | Dynamic     | -      | -      | -      | -      | 32     | -    | -    | -    | -    | -     | 1    | 1    | 
|pe_r0_0_mac_muladd_8s_8s_32s_32_4_1_DSP48_0 | Dynamic     | -      | -      | -      | -      | 32     | -    | -    | -    | -    | -     | 1    | 1    | 
|pe_r0_0_mac_muladd_8s_8s_32s_32_4_1_DSP48_0 | Dynamic     | -      | -      | -      | -      | 32     | -    | -    | -    | -    | -     | 1    | 1    | 
|pe_r0_0_mac_muladd_8s_8s_32s_32_4_1_DSP48_0 | Dynamic     | -      | -      | -      | -      | 32     | -    | -    | -    | -    | -     | 1    | 1    | 
|pe_r0_0_mac_muladd_8s_8s_32s_32_4_1_DSP48_0 | Dynamic     | -      | -      | -      | -      | 32     | -    | -    | -    | -    | -     | 1    | 1    | 
|pe_r0_0_mac_muladd_8s_8s_32s_32_4_1_DSP48_0 | Dynamic     | -      | -      | -      | -      | 32     | -    | -    | -    | -    | -     | 1    | 1    | 
|pe_r0_0_mac_muladd_8s_8s_32s_32_4_1_DSP48_0 | Dynamic     | -      | -      | -      | -      | 32     | -    | -    | -    | -    | -     | 1    | 1    | 
|pe_r0_0_mac_muladd_8s_8s_32s_32_4_1_DSP48_0 | Dynamic     | -      | -      | -      | -      | 32     | -    | -    | -    | -    | -     | 1    | 1    | 
|pe_r0_0_mac_muladd_8s_8s_32s_32_4_1_DSP48_0 | Dynamic     | -      | -      | -      | -      | 32     | -    | -    | -    | -    | -     | 1    | 1    | 
|pe_r0_0_mac_muladd_8s_8s_32s_32_4_1_DSP48_0 | Dynamic     | -      | -      | -      | -      | 32     | -    | -    | -    | -    | -     | 1    | 1    | 
|pe_r0_0_mac_muladd_8s_8s_32s_32_4_1_DSP48_0 | Dynamic     | -      | -      | -      | -      | 32     | -    | -    | -    | -    | -     | 1    | 1    | 
|pe_r0_0_mac_muladd_8s_8s_32s_32_4_1_DSP48_0 | Dynamic     | -      | -      | -      | -      | 32     | -    | -    | -    | -    | -     | 1    | 1    | 
|pe_r0_0_mac_muladd_8s_8s_32s_32_4_1_DSP48_0 | Dynamic     | -      | -      | -      | -      | 32     | -    | -    | -    | -    | -     | 1    | 1    | 
|pe_r0_0_mac_muladd_8s_8s_32s_32_4_1_DSP48_0 | Dynamic     | -      | -      | -      | -      | 32     | -    | -    | -    | -    | -     | 1    | 1    | 
|pe_r0_0_mac_muladd_8s_8s_32s_32_4_1_DSP48_0 | Dynamic     | -      | -      | -      | -      | 32     | -    | -    | -    | -    | -     | 1    | 1    | 
|pe_r0_0_mac_muladd_8s_8s_32s_32_4_1_DSP48_0 | Dynamic     | -      | -      | -      | -      | 32     | -    | -    | -    | -    | -     | 1    | 1    | 
|pe_r0_0_mac_muladd_8s_8s_32s_32_4_1_DSP48_0 | Dynamic     | -      | -      | -      | -      | 32     | -    | -    | -    | -    | -     | 1    | 1    | 
|pe_r0_0_mac_muladd_8s_8s_32s_32_4_1_DSP48_0 | Dynamic     | -      | -      | -      | -      | 32     | -    | -    | -    | -    | -     | 1    | 1    | 
|pe_r0_0_mac_muladd_8s_8s_32s_32_4_1_DSP48_0 | Dynamic     | -      | -      | -      | -      | 32     | -    | -    | -    | -    | -     | 1    | 1    | 
|pe_r0_0_mac_muladd_8s_8s_32s_32_4_1_DSP48_0 | Dynamic     | -      | -      | -      | -      | 32     | -    | -    | -    | -    | -     | 1    | 1    | 
|pe_r0_0_mac_muladd_8s_8s_32s_32_4_1_DSP48_0 | Dynamic     | -      | -      | -      | -      | 32     | -    | -    | -    | -    | -     | 1    | 1    | 
|pe_r0_0_mac_muladd_8s_8s_32s_32_4_1_DSP48_0 | Dynamic     | -      | -      | -      | -      | 32     | -    | -    | -    | -    | -     | 1    | 1    | 
|pe_r0_0_mac_muladd_8s_8s_32s_32_4_1_DSP48_0 | Dynamic     | -      | -      | -      | -      | 32     | -    | -    | -    | -    | -     | 1    | 1    | 
|pe_r0_0_mac_muladd_8s_8s_32s_32_4_1_DSP48_0 | Dynamic     | -      | -      | -      | -      | 32     | -    | -    | -    | -    | -     | 1    | 1    | 
|pe_r0_0_mac_muladd_8s_8s_32s_32_4_1_DSP48_0 | Dynamic     | -      | -      | -      | -      | 32     | -    | -    | -    | -    | -     | 1    | 1    | 
|pe_r0_0_mac_muladd_8s_8s_32s_32_4_1_DSP48_0 | Dynamic     | -      | -      | -      | -      | 32     | -    | -    | -    | -    | -     | 1    | 1    | 
|pe_r0_0_mac_muladd_8s_8s_32s_32_4_1_DSP48_0 | Dynamic     | -      | -      | -      | -      | 32     | -    | -    | -    | -    | -     | 1    | 1    | 
|pe_r0_0_mac_muladd_8s_8s_32s_32_4_1_DSP48_0 | Dynamic     | -      | -      | -      | -      | 32     | -    | -    | -    | -    | -     | 1    | 1    | 
|pe_r1_0_mac_muladd_8s_8s_32s_32_4_1_DSP48_0 | Dynamic     | -      | -      | -      | -      | 32     | -    | -    | -    | -    | -     | 1    | 1    | 
|pe_r1_0_mac_muladd_8s_8s_32s_32_4_1_DSP48_0 | Dynamic     | -      | -      | -      | -      | 32     | -    | -    | -    | -    | -     | 1    | 1    | 
|pe_r1_0_mac_muladd_8s_8s_32s_32_4_1_DSP48_0 | Dynamic     | -      | -      | -      | -      | 32     | -    | -    | -    | -    | -     | 1    | 1    | 
|pe_r1_0_mac_muladd_8s_8s_32s_32_4_1_DSP48_0 | Dynamic     | -      | -      | -      | -      | 32     | -    | -    | -    | -    | -     | 1    | 1    | 
|pe_r1_0_mac_muladd_8s_8s_32s_32_4_1_DSP48_0 | Dynamic     | -      | -      | -      | -      | 32     | -    | -    | -    | -    | -     | 1    | 1    | 
|pe_r1_0_mac_muladd_8s_8s_32s_32_4_1_DSP48_0 | Dynamic     | -      | -      | -      | -      | 32     | -    | -    | -    | -    | -     | 1    | 1    | 
|pe_r1_0_mac_muladd_8s_8s_32s_32_4_1_DSP48_0 | Dynamic     | -      | -      | -      | -      | 32     | -    | -    | -    | -    | -     | 1    | 1    | 
|pe_r1_0_mac_muladd_8s_8s_32s_32_4_1_DSP48_0 | Dynamic     | -      | -      | -      | -      | 32     | -    | -    | -    | -    | -     | 1    | 1    | 
|pe_r1_0_mac_muladd_8s_8s_32s_32_4_1_DSP48_0 | Dynamic     | -      | -      | -      | -      | 32     | -    | -    | -    | -    | -     | 1    | 1    | 
|pe_r1_0_mac_muladd_8s_8s_32s_32_4_1_DSP48_0 | Dynamic     | -      | -      | -      | -      | 32     | -    | -    | -    | -    | -     | 1    | 1    | 
|pe_r1_0_mac_muladd_8s_8s_32s_32_4_1_DSP48_0 | Dynamic     | -      | -      | -      | -      | 32     | -    | -    | -    | -    | -     | 1    | 1    | 
|pe_r1_0_mac_muladd_8s_8s_32s_32_4_1_DSP48_0 | Dynamic     | -      | -      | -      | -      | 32     | -    | -    | -    | -    | -     | 1    | 1    | 
|pe_r2_0_mac_muladd_8s_8s_32s_32_4_1_DSP48_0 | Dynamic     | -      | -      | -      | -      | 32     | -    | -    | -    | -    | -     | 1    | 1    | 
|pe_r2_0_mac_muladd_8s_8s_32s_32_4_1_DSP48_0 | Dynamic     | -      | -      | -      | -      | 32     | -    | -    | -    | -    | -     | 1    | 1    | 
|pe_r2_0_mac_muladd_8s_8s_32s_32_4_1_DSP48_0 | Dynamic     | -      | -      | -      | -      | 32     | -    | -    | -    | -    | -     | 1    | 1    | 
|pe_r2_0_mac_muladd_8s_8s_32s_32_4_1_DSP48_0 | Dynamic     | -      | -      | -      | -      | 32     | -    | -    | -    | -    | -     | 1    | 1    | 
|pe_r2_0_mac_muladd_8s_8s_32s_32_4_1_DSP48_0 | Dynamic     | -      | -      | -      | -      | 32     | -    | -    | -    | -    | -     | 1    | 1    | 
|pe_r2_0_mac_muladd_8s_8s_32s_32_4_1_DSP48_0 | Dynamic     | -      | -      | -      | -      | 32     | -    | -    | -    | -    | -     | 1    | 1    | 
|pe_r2_0_mac_muladd_8s_8s_32s_32_4_1_DSP48_0 | Dynamic     | -      | -      | -      | -      | 32     | -    | -    | -    | -    | -     | 1    | 1    | 
|pe_r2_0_mac_muladd_8s_8s_32s_32_4_1_DSP48_0 | Dynamic     | -      | -      | -      | -      | 32     | -    | -    | -    | -    | -     | 1    | 1    | 
|pe_r2_0_mac_muladd_8s_8s_32s_32_4_1_DSP48_0 | Dynamic     | -      | -      | -      | -      | 32     | -    | -    | -    | -    | -     | 1    | 1    | 
|pe_r2_0_mac_muladd_8s_8s_32s_32_4_1_DSP48_0 | Dynamic     | -      | -      | -      | -      | 32     | -    | -    | -    | -    | -     | 1    | 1    | 
|pe_r2_0_mac_muladd_8s_8s_32s_32_4_1_DSP48_0 | Dynamic     | -      | -      | -      | -      | 32     | -    | -    | -    | -    | -     | 1    | 1    | 
|pe_r2_0_mac_muladd_8s_8s_32s_32_4_1_DSP48_0 | Dynamic     | -      | -      | -      | -      | 32     | -    | -    | -    | -    | -     | 1    | 1    | 
|pe_r3                                       | (A''*B'')'  | 30     | 18     | -      | -      | 16     | 2    | 2    | -    | -    | -     | 0    | 1    | 
|pe_r3_0_mac_muladd_8s_8s_19s_19_4_1_DSP48_0 | Dynamic     | -      | -      | -      | -      | 19     | -    | -    | -    | -    | -     | 1    | 1    | 
|pe_r3                                       | (A''*B'')'  | 30     | 18     | -      | -      | 16     | 2    | 2    | -    | -    | -     | 0    | 1    | 
|pe_r3_0_mac_muladd_8s_8s_19s_19_4_1_DSP48_0 | Dynamic     | -      | -      | -      | -      | 19     | -    | -    | -    | -    | -     | 1    | 1    | 
|pe_r3                                       | (A''*B'')'  | 30     | 18     | -      | -      | 16     | 2    | 2    | -    | -    | -     | 0    | 1    | 
|pe_r3_0_mac_muladd_8s_8s_19s_19_4_1_DSP48_0 | Dynamic     | -      | -      | -      | -      | 19     | -    | -    | -    | -    | -     | 1    | 1    | 
|pe_r3                                       | (A''*B'')'  | 30     | 18     | -      | -      | 16     | 2    | 2    | -    | -    | -     | 0    | 1    | 
|pe_r3_0_mac_muladd_8s_8s_19s_19_4_1_DSP48_0 | Dynamic     | -      | -      | -      | -      | 19     | -    | -    | -    | -    | -     | 1    | 1    | 
|pe_r3                                       | (A''*B'')'  | 30     | 18     | -      | -      | 16     | 2    | 2    | -    | -    | -     | 0    | 1    | 
|pe_r3_0_mac_muladd_8s_8s_19s_19_4_1_DSP48_0 | Dynamic     | -      | -      | -      | -      | 19     | -    | -    | -    | -    | -     | 1    | 1    | 
|pe_r3                                       | (A''*B'')'  | 30     | 18     | -      | -      | 16     | 2    | 2    | -    | -    | -     | 0    | 1    | 
|pe_r3_0_mac_muladd_8s_8s_19s_19_4_1_DSP48_0 | Dynamic     | -      | -      | -      | -      | 19     | -    | -    | -    | -    | -     | 1    | 1    | 
|pe_r4_0_mac_muladd_8s_8s_19s_19_4_1_DSP48_0 | Dynamic     | -      | -      | -      | -      | 19     | -    | -    | -    | -    | -     | 1    | 1    | 
|pe_r4_0_mac_muladd_8s_8s_19s_19_4_1_DSP48_0 | Dynamic     | -      | -      | -      | -      | 19     | -    | -    | -    | -    | -     | 1    | 1    | 
|pe_r4_0_mac_muladd_8s_8s_19s_19_4_1_DSP48_0 | Dynamic     | -      | -      | -      | -      | 19     | -    | -    | -    | -    | -     | 1    | 1    | 
|pe_r4_0_mac_muladd_8s_8s_19s_19_4_1_DSP48_0 | Dynamic     | -      | -      | -      | -      | 19     | -    | -    | -    | -    | -     | 1    | 1    | 
|pe_r4_0_mac_muladd_8s_8s_19s_19_4_1_DSP48_0 | Dynamic     | -      | -      | -      | -      | 19     | -    | -    | -    | -    | -     | 1    | 1    | 
|pe_r4_0_mac_muladd_8s_8s_19s_19_4_1_DSP48_0 | Dynamic     | -      | -      | -      | -      | 19     | -    | -    | -    | -    | -     | 1    | 1    | 
|pe_r5                                       | (A''*B'')'  | 30     | 18     | -      | -      | 16     | 2    | 2    | -    | -    | -     | 0    | 1    | 
|pe_r5_0_mac_muladd_8s_8s_19s_19_4_1_DSP48_0 | Dynamic     | -      | -      | -      | -      | 19     | -    | -    | -    | -    | -     | 1    | 1    | 
|pe_r6                                       | (A'*B'')'   | 30     | 18     | -      | -      | 16     | 1    | 2    | -    | -    | -     | 0    | 1    | 
|pe_r6_0_mac_muladd_8s_8s_19s_19_4_1_DSP48_0 | Dynamic     | -      | -      | -      | -      | 19     | -    | -    | -    | -    | -     | 1    | 1    | 
|pe_r7_0_mac_muladd_8s_8s_19s_19_4_1_DSP48_0 | Dynamic     | -      | -      | -      | -      | 19     | -    | -    | -    | -    | -     | 1    | 1    | 
|pe_r8_0_mac_muladd_8s_8s_19s_19_4_1_DSP48_0 | Dynamic     | -      | -      | -      | -      | 19     | -    | -    | -    | -    | -     | 1    | 1    | 
+--------------------------------------------+-------------+--------+--------+--------+--------+--------+------+------+------+------+-------+------+------+


Report BlackBoxes: 
+-+--------------+----------+
| |BlackBox name |Instances |
+-+--------------+----------+
+-+--------------+----------+

Report Cell Usage: 
+------+----------------+------+
|      |Cell            |Count |
+------+----------------+------+
|1     |CARRY8          |   576|
|2     |DSP_ALU         |   120|
|4     |DSP_A_B_DATA    |   120|
|8     |DSP_C_DATA      |   120|
|10    |DSP_MULTIPLIER  |   120|
|11    |DSP_M_DATA      |   120|
|13    |DSP_OUTPUT      |   120|
|14    |DSP_PREADD      |   120|
|15    |DSP_PREADD_DATA |   120|
|16    |LUT1            |   113|
|17    |LUT2            |   369|
|18    |LUT3            |  4730|
|19    |LUT4            |  5381|
|20    |LUT5            |  2116|
|21    |LUT6            |   651|
|22    |SRL16E          |   112|
|23    |FDRE            | 12904|
|24    |FDSE            |   176|
+------+----------------+------+
---------------------------------------------------------------------------------
Finished Writing Synthesis Report : Time (s): cpu = 00:01:33 ; elapsed = 00:01:35 . Memory (MB): peak = 4020.164 ; gain = 1104.652 ; free physical = 87689 ; free virtual = 169950
---------------------------------------------------------------------------------
Synthesis finished with 0 errors, 0 critical warnings and 241 warnings.
Synthesis Optimization Runtime : Time (s): cpu = 00:01:24 ; elapsed = 00:01:28 . Memory (MB): peak = 4020.164 ; gain = 957.586 ; free physical = 87689 ; free virtual = 169950
Synthesis Optimization Complete : Time (s): cpu = 00:01:33 ; elapsed = 00:01:35 . Memory (MB): peak = 4020.172 ; gain = 1104.652 ; free physical = 87689 ; free virtual = 169950
INFO: [Project 1-571] Translating synthesized netlist
Netlist sorting complete. Time (s): cpu = 00:00:00.49 ; elapsed = 00:00:00.48 . Memory (MB): peak = 4031.133 ; gain = 0.000 ; free physical = 88007 ; free virtual = 170271
INFO: [Netlist 29-17] Analyzing 696 Unisim elements for replacement
INFO: [Netlist 29-28] Unisim Transformation completed in 1 CPU seconds
INFO: [Project 1-570] Preparing netlist for logic optimization
INFO: [Opt 31-138] Pushed 0 inverter(s) to 0 load pin(s).
Netlist sorting complete. Time (s): cpu = 00:00:00.01 ; elapsed = 00:00:00 . Memory (MB): peak = 4176.898 ; gain = 0.000 ; free physical = 87775 ; free virtual = 170065
INFO: [Project 1-111] Unisim Transformation Summary:
  A total of 120 instances were transformed.
  DSP48E2 => DSP48E2 (DSP_ALU, DSP_A_B_DATA, DSP_C_DATA, DSP_MULTIPLIER, DSP_M_DATA, DSP_OUTPUT, DSP_PREADD, DSP_PREADD_DATA): 120 instances

Synth Design complete | Checksum: c2e16688
INFO: [Common 17-83] Releasing license: Synthesis
205 Infos, 206 Warnings, 0 Critical Warnings and 0 Errors encountered.
synth_design completed successfully
synth_design: Time (s): cpu = 00:01:56 ; elapsed = 00:02:15 . Memory (MB): peak = 4176.934 ; gain = 2617.141 ; free physical = 87732 ; free virtual = 170024
INFO: [Common 17-2834] synth_design peak Physical Memory [PSS] (MB): overall = 3257.018; main = 3040.759; forked = 334.600
INFO: [Common 17-2834] synth_design peak Virtual Memory [VSS] (MB): overall = 5636.477; main = 4176.902; forked = 1616.309
# create_clock -period 3.333 -name ap_clk [get_ports ap_clk]
create_clock: Time (s): cpu = 00:00:05 ; elapsed = 00:00:05 . Memory (MB): peak = 4176.934 ; gain = 0.000 ; free physical = 87414 ; free virtual = 169712
# opt_design
Command: opt_design
Attempting to get a license for feature 'Implementation' and/or device 'xcu280'
INFO: [Common 17-349] Got license for feature 'Implementation' and/or device 'xcu280'
Running DRC as a precondition to command opt_design

Starting DRC Task
INFO: [DRC 23-27] Running DRC with 8 threads
INFO: [Project 1-461] DRC finished with 0 Errors
INFO: [Project 1-462] Please refer to the DRC report (report_drc) for more information.

Time (s): cpu = 00:00:03 ; elapsed = 00:00:01 . Memory (MB): peak = 4240.930 ; gain = 63.996 ; free physical = 87408 ; free virtual = 169708

Starting Cache Timing Information Task
INFO: [Timing 38-35] Done setting XDC timing constraints.
Ending Cache Timing Information Task | Checksum: 1b4b027cb

Time (s): cpu = 00:00:16 ; elapsed = 00:00:03 . Memory (MB): peak = 4325.742 ; gain = 84.812 ; free physical = 87326 ; free virtual = 169630

Starting Logic Optimization Task

Phase 1 Initialization

Phase 1.1 Core Generation And Design Setup
Phase 1.1 Core Generation And Design Setup | Checksum: 1b4b027cb

Time (s): cpu = 00:00:00.01 ; elapsed = 00:00:00.01 . Memory (MB): peak = 4450.727 ; gain = 0.000 ; free physical = 87190 ; free virtual = 169501

Phase 1.2 Setup Constraints And Sort Netlist
Phase 1.2 Setup Constraints And Sort Netlist | Checksum: 1b4b027cb

Time (s): cpu = 00:00:00.02 ; elapsed = 00:00:00.02 . Memory (MB): peak = 4450.727 ; gain = 0.000 ; free physical = 87190 ; free virtual = 169501
Phase 1 Initialization | Checksum: 1b4b027cb

Time (s): cpu = 00:00:00.02 ; elapsed = 00:00:00.02 . Memory (MB): peak = 4450.727 ; gain = 0.000 ; free physical = 87190 ; free virtual = 169501

Phase 2 Timer Update And Timing Data Collection

Phase 2.1 Timer Update
Phase 2.1 Timer Update | Checksum: 1b4b027cb

Time (s): cpu = 00:00:06 ; elapsed = 00:00:01 . Memory (MB): peak = 4450.727 ; gain = 0.000 ; free physical = 87161 ; free virtual = 169473

Phase 2.2 Timing Data Collection
Phase 2.2 Timing Data Collection | Checksum: 1b4b027cb

Time (s): cpu = 00:00:06 ; elapsed = 00:00:01 . Memory (MB): peak = 4450.727 ; gain = 0.000 ; free physical = 87156 ; free virtual = 169469
Phase 2 Timer Update And Timing Data Collection | Checksum: 1b4b027cb

Time (s): cpu = 00:00:06 ; elapsed = 00:00:01 . Memory (MB): peak = 4450.727 ; gain = 0.000 ; free physical = 87156 ; free virtual = 169469

Phase 3 Retarget
INFO: [Opt 31-138] Pushed 113 inverter(s) to 1408 load pin(s).
INFO: [Opt 31-49] Retargeted 0 cell(s).
Phase 3 Retarget | Checksum: eed2180f

Time (s): cpu = 00:00:07 ; elapsed = 00:00:02 . Memory (MB): peak = 4450.727 ; gain = 0.000 ; free physical = 87182 ; free virtual = 169495
Retarget | Checksum: eed2180f
INFO: [Opt 31-389] Phase Retarget created 0 cells and removed 113 cells

Phase 4 Constant propagation
INFO: [Opt 31-138] Pushed 0 inverter(s) to 0 load pin(s).
Phase 4 Constant propagation | Checksum: eed2180f

Time (s): cpu = 00:00:07 ; elapsed = 00:00:03 . Memory (MB): peak = 4450.727 ; gain = 0.000 ; free physical = 87181 ; free virtual = 169495
Constant propagation | Checksum: eed2180f
INFO: [Opt 31-389] Phase Constant propagation created 0 cells and removed 0 cells

Phase 5 Sweep
Phase 5 Sweep | Checksum: 663ad0f9

Time (s): cpu = 00:00:10 ; elapsed = 00:00:05 . Memory (MB): peak = 4450.727 ; gain = 0.000 ; free physical = 87121 ; free virtual = 169436
Sweep | Checksum: 663ad0f9
INFO: [Opt 31-389] Phase Sweep created 0 cells and removed 0 cells

Phase 6 BUFG optimization
INFO: [Opt 31-1077] Phase BUFG optimization inserted 0 global clock buffer(s) for CLOCK_LOW_FANOUT.
Phase 6 BUFG optimization | Checksum: 663ad0f9

Time (s): cpu = 00:00:10 ; elapsed = 00:00:05 . Memory (MB): peak = 4482.742 ; gain = 32.016 ; free physical = 87117 ; free virtual = 169431
BUFG optimization | Checksum: 663ad0f9
INFO: [Opt 31-662] Phase BUFG optimization created 0 cells of which 0 are BUFGs and removed 0 cells.

Phase 7 Shift Register Optimization
INFO: [Opt 31-1064] SRL Remap converted 0 SRLs to 0 registers and converted 0 registers of register chains to 0 SRLs
Phase 7 Shift Register Optimization | Checksum: 663ad0f9

Time (s): cpu = 00:00:10 ; elapsed = 00:00:05 . Memory (MB): peak = 4482.742 ; gain = 32.016 ; free physical = 87116 ; free virtual = 169431
Shift Register Optimization | Checksum: 663ad0f9
INFO: [Opt 31-389] Phase Shift Register Optimization created 0 cells and removed 0 cells

Phase 8 Post Processing Netlist
Phase 8 Post Processing Netlist | Checksum: 663ad0f9

Time (s): cpu = 00:00:10 ; elapsed = 00:00:06 . Memory (MB): peak = 4482.742 ; gain = 32.016 ; free physical = 87105 ; free virtual = 169420
Post Processing Netlist | Checksum: 663ad0f9
INFO: [Opt 31-389] Phase Post Processing Netlist created 0 cells and removed 0 cells

Phase 9 Finalization

Phase 9.1 Finalizing Design Cores and Updating Shapes
Phase 9.1 Finalizing Design Cores and Updating Shapes | Checksum: bab6e6da

Time (s): cpu = 00:00:11 ; elapsed = 00:00:06 . Memory (MB): peak = 4482.742 ; gain = 32.016 ; free physical = 87048 ; free virtual = 169368

Phase 9.2 Verifying Netlist Connectivity

Starting Connectivity Check Task

Time (s): cpu = 00:00:00.06 ; elapsed = 00:00:00.06 . Memory (MB): peak = 4482.742 ; gain = 0.000 ; free physical = 87066 ; free virtual = 169389
Phase 9.2 Verifying Netlist Connectivity | Checksum: bab6e6da

Time (s): cpu = 00:00:11 ; elapsed = 00:00:06 . Memory (MB): peak = 4482.742 ; gain = 32.016 ; free physical = 87066 ; free virtual = 169388
Phase 9 Finalization | Checksum: bab6e6da

Time (s): cpu = 00:00:11 ; elapsed = 00:00:06 . Memory (MB): peak = 4482.742 ; gain = 32.016 ; free physical = 87066 ; free virtual = 169388
Opt_design Change Summary
=========================


-------------------------------------------------------------------------------------------------------------------------
|  Phase                        |  #Cells created  |  #Cells Removed  |  #Constrained objects preventing optimizations  |
-------------------------------------------------------------------------------------------------------------------------
|  Retarget                     |               0  |             113  |                                              0  |
|  Constant propagation         |               0  |               0  |                                              0  |
|  Sweep                        |               0  |               0  |                                              0  |
|  BUFG optimization            |               0  |               0  |                                              0  |
|  Shift Register Optimization  |               0  |               0  |                                              0  |
|  Post Processing Netlist      |               0  |               0  |                                              0  |
-------------------------------------------------------------------------------------------------------------------------


Ending Logic Optimization Task | Checksum: bab6e6da

Time (s): cpu = 00:00:11 ; elapsed = 00:00:06 . Memory (MB): peak = 4482.742 ; gain = 32.016 ; free physical = 87065 ; free virtual = 169388
INFO: [Constraints 18-11670] Building netlist checker database with flags, 0x8
Done building netlist checker database: Time (s): cpu = 00:00:00.03 ; elapsed = 00:00:00.03 . Memory (MB): peak = 4482.742 ; gain = 0.000 ; free physical = 87061 ; free virtual = 169388

Starting Power Optimization Task
INFO: [Pwropt 34-132] Skipping clock gating for clocks with a period < 2.00 ns.
Ending Power Optimization Task | Checksum: bab6e6da

Time (s): cpu = 00:00:00.03 ; elapsed = 00:00:00.03 . Memory (MB): peak = 4482.742 ; gain = 0.000 ; free physical = 87051 ; free virtual = 169384

Starting Final Cleanup Task
Ending Final Cleanup Task | Checksum: bab6e6da

Time (s): cpu = 00:00:00 ; elapsed = 00:00:00 . Memory (MB): peak = 4482.742 ; gain = 0.000 ; free physical = 87051 ; free virtual = 169384

Starting Netlist Obfuscation Task
Netlist sorting complete. Time (s): cpu = 00:00:00.01 ; elapsed = 00:00:00 . Memory (MB): peak = 4482.742 ; gain = 0.000 ; free physical = 87050 ; free virtual = 169384
Ending Netlist Obfuscation Task | Checksum: bab6e6da

Time (s): cpu = 00:00:00.01 ; elapsed = 00:00:00.01 . Memory (MB): peak = 4482.742 ; gain = 0.000 ; free physical = 87050 ; free virtual = 169383
INFO: [Common 17-83] Releasing license: Implementation
19 Infos, 0 Warnings, 0 Critical Warnings and 0 Errors encountered.
opt_design completed successfully
opt_design: Time (s): cpu = 00:00:33 ; elapsed = 00:00:14 . Memory (MB): peak = 4482.742 ; gain = 305.809 ; free physical = 87049 ; free virtual = 169383
# place_design
Command: place_design
Attempting to get a license for feature 'Implementation' and/or device 'xcu280'
INFO: [Common 17-349] Got license for feature 'Implementation' and/or device 'xcu280'
INFO: [Common 17-83] Releasing license: Implementation
INFO: [DRC 23-27] Running DRC with 8 threads
INFO: [Vivado_Tcl 4-198] DRC finished with 0 Errors
INFO: [Vivado_Tcl 4-199] Please refer to the DRC report (report_drc) for more information.
Running DRC as a precondition to command place_design
INFO: [DRC 23-27] Running DRC with 8 threads
INFO: [Vivado_Tcl 4-198] DRC finished with 0 Errors
INFO: [Vivado_Tcl 4-199] Please refer to the DRC report (report_drc) for more information.
INFO: [Place 30-611] Multithreading enabled for place_design using a maximum of 8 CPUs

Starting Placer Task

Phase 1 Placer Initialization

Phase 1.1 Placer Initialization Netlist Sorting
Netlist sorting complete. Time (s): cpu = 00:00:00.01 ; elapsed = 00:00:00 . Memory (MB): peak = 4514.758 ; gain = 0.000 ; free physical = 87024 ; free virtual = 169360
Phase 1.1 Placer Initialization Netlist Sorting | Checksum: 02a29993

Time (s): cpu = 00:00:00.02 ; elapsed = 00:00:00.01 . Memory (MB): peak = 4514.758 ; gain = 0.000 ; free physical = 87024 ; free virtual = 169360
Netlist sorting complete. Time (s): cpu = 00:00:00.01 ; elapsed = 00:00:00 . Memory (MB): peak = 4514.758 ; gain = 0.000 ; free physical = 87024 ; free virtual = 169360

Phase 1.2 IO Placement/ Clock Placement/ Build Placer Device
INFO: [Timing 38-35] Done setting XDC timing constraints.
Phase 1.2 IO Placement/ Clock Placement/ Build Placer Device | Checksum: cc92c584

Time (s): cpu = 00:00:45 ; elapsed = 00:00:34 . Memory (MB): peak = 4904.047 ; gain = 389.289 ; free physical = 82592 ; free virtual = 164976

Phase 1.3 Build Placer Netlist Model
Phase 1.3 Build Placer Netlist Model | Checksum: 15ff7f88c

Time (s): cpu = 00:01:07 ; elapsed = 00:00:44 . Memory (MB): peak = 5322.910 ; gain = 808.152 ; free physical = 86407 ; free virtual = 168760

Phase 1.4 Constrain Clocks/Macros
Phase 1.4 Constrain Clocks/Macros | Checksum: 15ff7f88c

Time (s): cpu = 00:01:07 ; elapsed = 00:00:44 . Memory (MB): peak = 5322.910 ; gain = 808.152 ; free physical = 86423 ; free virtual = 168775
Phase 1 Placer Initialization | Checksum: 15ff7f88c

Time (s): cpu = 00:01:07 ; elapsed = 00:00:44 . Memory (MB): peak = 5322.910 ; gain = 808.152 ; free physical = 86463 ; free virtual = 168815

Phase 2 Global Placement

Phase 2.1 Floorplanning

Phase 2.1.1 Partition Driven Placement

Phase 2.1.1.1 PBP: Partition Driven Placement
Phase 2.1.1.1 PBP: Partition Driven Placement | Checksum: e567785b

Time (s): cpu = 00:01:23 ; elapsed = 00:00:51 . Memory (MB): peak = 5322.910 ; gain = 808.152 ; free physical = 88380 ; free virtual = 170744

Phase 2.1.1.2 PBP: Clock Region Placement
INFO: [Place 30-3164] Check ILP status : ILP-based clock placer is skipped.
Phase 2.1.1.2 PBP: Clock Region Placement | Checksum: e567785b

Time (s): cpu = 00:01:24 ; elapsed = 00:00:51 . Memory (MB): peak = 5322.910 ; gain = 808.152 ; free physical = 88365 ; free virtual = 170730

Phase 2.1.1.3 PBP: Compute Congestion
Phase 2.1.1.3 PBP: Compute Congestion | Checksum: e567785b

Time (s): cpu = 00:01:59 ; elapsed = 00:01:03 . Memory (MB): peak = 5702.895 ; gain = 1188.137 ; free physical = 87192 ; free virtual = 169574

Phase 2.1.1.4 PBP: UpdateTiming
Phase 2.1.1.4 PBP: UpdateTiming | Checksum: ded59a64

Time (s): cpu = 00:02:02 ; elapsed = 00:01:04 . Memory (MB): peak = 5734.910 ; gain = 1220.152 ; free physical = 87121 ; free virtual = 169503

Phase 2.1.1.5 PBP: Add part constraints
Phase 2.1.1.5 PBP: Add part constraints | Checksum: ded59a64

Time (s): cpu = 00:02:02 ; elapsed = 00:01:04 . Memory (MB): peak = 5734.910 ; gain = 1220.152 ; free physical = 87120 ; free virtual = 169503
Phase 2.1.1 Partition Driven Placement | Checksum: ded59a64

Time (s): cpu = 00:02:02 ; elapsed = 00:01:04 . Memory (MB): peak = 5734.910 ; gain = 1220.152 ; free physical = 87119 ; free virtual = 169502
Phase 2.1 Floorplanning | Checksum: 15516d886

Time (s): cpu = 00:02:02 ; elapsed = 00:01:04 . Memory (MB): peak = 5734.910 ; gain = 1220.152 ; free physical = 87116 ; free virtual = 169499

Phase 2.2 Physical Synthesis After Floorplan
INFO: [Physopt 32-670] No setup violation found.  PSIP Post Floorplan SLR Replication was not performed.
Netlist sorting complete. Time (s): cpu = 00:00:00.01 ; elapsed = 00:00:00.01 . Memory (MB): peak = 5734.910 ; gain = 0.000 ; free physical = 87105 ; free virtual = 169488

Summary of Physical Synthesis Optimizations
============================================


-----------------------------------------------------------------------------------------------------------------------------------------------
|  Optimization                         |  Added Cells  |  Removed Cells  |  Optimized Cells/Nets  |  Dont Touch  |  Iterations  |  Elapsed   |
-----------------------------------------------------------------------------------------------------------------------------------------------
|  PSIP Post Floorplan SLR Replication  |            0  |              0  |                     0  |           0  |           0  |  00:00:00  |
|  Total                                |            0  |              0  |                     0  |           0  |           0  |  00:00:00  |
-----------------------------------------------------------------------------------------------------------------------------------------------


Phase 2.2 Physical Synthesis After Floorplan | Checksum: 15516d886

Time (s): cpu = 00:02:02 ; elapsed = 00:01:04 . Memory (MB): peak = 5734.910 ; gain = 1220.152 ; free physical = 87103 ; free virtual = 169486

Phase 2.3 Update Timing before SLR Path Opt
Phase 2.3 Update Timing before SLR Path Opt | Checksum: 15516d886

Time (s): cpu = 00:02:02 ; elapsed = 00:01:04 . Memory (MB): peak = 5734.910 ; gain = 1220.152 ; free physical = 87102 ; free virtual = 169485

Phase 2.4 Post-Processing in Floorplanning
Phase 2.4 Post-Processing in Floorplanning | Checksum: 15516d886

Time (s): cpu = 00:02:02 ; elapsed = 00:01:04 . Memory (MB): peak = 5734.910 ; gain = 1220.152 ; free physical = 87099 ; free virtual = 169482

Phase 2.5 Global Placement Core

Phase 2.5.1 UpdateTiming Before Physical Synthesis
Phase 2.5.1 UpdateTiming Before Physical Synthesis | Checksum: 218bf6f57

Time (s): cpu = 00:03:53 ; elapsed = 00:01:51 . Memory (MB): peak = 6324.941 ; gain = 1810.184 ; free physical = 86217 ; free virtual = 168710

Phase 2.5.2 Physical Synthesis In Placer
INFO: [Physopt 32-1035] Found 0 LUTNM shape to break, 1833 LUT instances to create LUTNM shape
INFO: [Physopt 32-1044] Break lutnm for timing: one critical 0, two critical 0, total 0, new lutff created 0
INFO: [Physopt 32-1138] End 1 Pass. Optimized 221 nets or LUTs. Breaked 0 LUT, combined 221 existing LUTs and moved 0 existing LUT
INFO: [Physopt 32-69] No nets found for rewiring optimization.
INFO: [Physopt 32-661] Optimized 0 net.  Re-placed 0 instance.
INFO: [Physopt 32-775] End 1 Pass. Optimized 0 net or cell. Created 0 new cell, deleted 0 existing cell and moved 0 existing cell
INFO: [Physopt 32-65] No nets found for high-fanout optimization.
INFO: [Physopt 32-232] Optimized 0 net. Created 0 new instance.
INFO: [Physopt 32-775] End 1 Pass. Optimized 0 net or cell. Created 0 new cell, deleted 0 existing cell and moved 0 existing cell
INFO: [Physopt 32-670] No setup violation found.  DSP Register Optimization was not performed.
INFO: [Physopt 32-670] No setup violation found.  Shift Register to Pipeline Optimization was not performed.
INFO: [Physopt 32-670] No setup violation found.  Shift Register Optimization was not performed.
INFO: [Physopt 32-670] No setup violation found.  BRAM Register Optimization was not performed.
INFO: [Physopt 32-670] No setup violation found.  URAM Register Optimization was not performed.
INFO: [Physopt 32-949] No candidate nets found for dynamic/static region interface net replication
INFO: [Physopt 32-775] End 1 Pass. Optimized 0 net or cell. Created 0 new cell, deleted 0 existing cell and moved 0 existing cell
Netlist sorting complete. Time (s): cpu = 00:00:00 ; elapsed = 00:00:00 . Memory (MB): peak = 6324.941 ; gain = 0.000 ; free physical = 86087 ; free virtual = 168593

Summary of Physical Synthesis Optimizations
============================================


-----------------------------------------------------------------------------------------------------------------------------------------------------------
|  Optimization                                     |  Added Cells  |  Removed Cells  |  Optimized Cells/Nets  |  Dont Touch  |  Iterations  |  Elapsed   |
-----------------------------------------------------------------------------------------------------------------------------------------------------------
|  LUT Combining                                    |            0  |            221  |                   221  |           0  |           1  |  00:00:01  |
|  Retime                                           |            0  |              0  |                     0  |           0  |           1  |  00:00:00  |
|  Equivalent Driver Rewiring                       |            0  |              0  |                     0  |           0  |           1  |  00:00:00  |
|  Very High Fanout                                 |            0  |              0  |                     0  |           0  |           1  |  00:00:00  |
|  DSP Register                                     |            0  |              0  |                     0  |           0  |           0  |  00:00:00  |
|  Shift Register to Pipeline                       |            0  |              0  |                     0  |           0  |           0  |  00:00:00  |
|  Shift Register                                   |            0  |              0  |                     0  |           0  |           0  |  00:00:00  |
|  BRAM Register                                    |            0  |              0  |                     0  |           0  |           0  |  00:00:00  |
|  URAM Register                                    |            0  |              0  |                     0  |           0  |           0  |  00:00:00  |
|  Dynamic/Static Region Interface Net Replication  |            0  |              0  |                     0  |           0  |           1  |  00:00:00  |
|  Total                                            |            0  |            221  |                   221  |           0  |           5  |  00:00:01  |
-----------------------------------------------------------------------------------------------------------------------------------------------------------


Phase 2.5.2 Physical Synthesis In Placer | Checksum: 249a70508

Time (s): cpu = 00:03:59 ; elapsed = 00:01:55 . Memory (MB): peak = 6324.941 ; gain = 1810.184 ; free physical = 86296 ; free virtual = 168804
Phase 2.5 Global Placement Core | Checksum: 16925e757

Time (s): cpu = 00:05:15 ; elapsed = 00:02:21 . Memory (MB): peak = 6324.941 ; gain = 1810.184 ; free physical = 84457 ; free virtual = 166973
Phase 2 Global Placement | Checksum: 16925e757

Time (s): cpu = 00:05:15 ; elapsed = 00:02:21 . Memory (MB): peak = 6324.941 ; gain = 1810.184 ; free physical = 84433 ; free virtual = 166949

Phase 3 Detail Placement

Phase 3.1 Commit Multi Column Macros
Phase 3.1 Commit Multi Column Macros | Checksum: 15d2e8efa

Time (s): cpu = 00:05:52 ; elapsed = 00:02:34 . Memory (MB): peak = 6324.941 ; gain = 1810.184 ; free physical = 84024 ; free virtual = 166574

Phase 3.2 Commit Most Macros & LUTRAMs
Phase 3.2 Commit Most Macros & LUTRAMs | Checksum: 2457fd8da

Time (s): cpu = 00:05:57 ; elapsed = 00:02:36 . Memory (MB): peak = 6324.941 ; gain = 1810.184 ; free physical = 83153 ; free virtual = 165702

Phase 3.3 Small Shape DP

Phase 3.3.1 Small Shape Clustering
Phase 3.3.1 Small Shape Clustering | Checksum: 1f46e0009

Time (s): cpu = 00:06:33 ; elapsed = 00:02:48 . Memory (MB): peak = 6324.941 ; gain = 1810.184 ; free physical = 90188 ; free virtual = 172738

Phase 3.3.2 Slice Area Swap

Phase 3.3.2.1 Slice Area Swap Initial
Phase 3.3.2.1 Slice Area Swap Initial | Checksum: 23edee148

Time (s): cpu = 00:06:35 ; elapsed = 00:02:49 . Memory (MB): peak = 6324.941 ; gain = 1810.184 ; free physical = 90104 ; free virtual = 172654
Phase 3.3.2 Slice Area Swap | Checksum: 165761cf3

Time (s): cpu = 00:06:36 ; elapsed = 00:02:51 . Memory (MB): peak = 6324.941 ; gain = 1810.184 ; free physical = 89790 ; free virtual = 172340
Phase 3.3 Small Shape DP | Checksum: 1310013af

Time (s): cpu = 00:06:42 ; elapsed = 00:02:53 . Memory (MB): peak = 6324.941 ; gain = 1810.184 ; free physical = 89384 ; free virtual = 171934

Phase 3.4 Re-assign LUT pins
Phase 3.4 Re-assign LUT pins | Checksum: 141451032

Time (s): cpu = 00:06:44 ; elapsed = 00:02:54 . Memory (MB): peak = 6324.941 ; gain = 1810.184 ; free physical = 88381 ; free virtual = 170931

Phase 3.5 Pipeline Register Optimization
Phase 3.5 Pipeline Register Optimization | Checksum: 1e3aae6ec

Time (s): cpu = 00:06:44 ; elapsed = 00:02:55 . Memory (MB): peak = 6324.941 ; gain = 1810.184 ; free physical = 87936 ; free virtual = 170486
Phase 3 Detail Placement | Checksum: 1e3aae6ec

Time (s): cpu = 00:06:44 ; elapsed = 00:02:55 . Memory (MB): peak = 6324.941 ; gain = 1810.184 ; free physical = 87867 ; free virtual = 170417

Phase 4 Post Placement Optimization and Clean-Up

Phase 4.1 Post Commit Optimization
INFO: [Timing 38-35] Done setting XDC timing constraints.

Phase 4.1.1 Post Placement Optimization
Post Placement Optimization Initialization | Checksum: 12c218c9a

Phase 4.1.1.1 BUFG Insertion

Starting Physical Synthesis Task

Phase 1 Physical Synthesis Initialization
INFO: [Physopt 32-721] Multithreading enabled for phys_opt_design using a maximum of 8 CPUs
INFO: [Physopt 32-619] Estimated Timing Summary | WNS=0.773 | TNS=0.000 |
Phase 1 Physical Synthesis Initialization | Checksum: 194bb6c45

Time (s): cpu = 00:00:03 ; elapsed = 00:00:00.87 . Memory (MB): peak = 6324.941 ; gain = 0.000 ; free physical = 84408 ; free virtual = 166979
INFO: [Place 46-56] BUFG insertion identified 0 candidate nets. Inserted BUFG: 0, Replicated BUFG Driver: 0, Skipped due to Placement/Routing Conflicts: 0, Skipped due to Timing Degradation: 0, Skipped due to netlist editing failed: 0.
Ending Physical Synthesis Task | Checksum: 194bb6c45

Time (s): cpu = 00:00:04 ; elapsed = 00:00:01 . Memory (MB): peak = 6324.941 ; gain = 0.000 ; free physical = 84374 ; free virtual = 166945
Phase 4.1.1.1 BUFG Insertion | Checksum: 12c218c9a

Time (s): cpu = 00:07:48 ; elapsed = 00:03:15 . Memory (MB): peak = 6324.941 ; gain = 1810.184 ; free physical = 84347 ; free virtual = 166919

Phase 4.1.1.2 BUFG Replication
INFO: [Place 46-63] BUFG replication identified 0 candidate nets: Replicated nets: 0, Replicated BUFGs: 0, Replicated BUFG Driver: 0, moved BUFGs: 0, Skipped due to Placement / Routing Conflict: 0, Skipped due to Timing: 0, Skipped due to constraints: 0
Phase 4.1.1.2 BUFG Replication | Checksum: 12c218c9a

Time (s): cpu = 00:07:49 ; elapsed = 00:03:15 . Memory (MB): peak = 6324.941 ; gain = 1810.184 ; free physical = 84322 ; free virtual = 166893

Phase 4.1.1.3 Post Placement Timing Optimization
INFO: [Place 30-746] Post Placement Timing Summary WNS=0.773. For the most accurate timing information please run report_timing.
Phase 4.1.1.3 Post Placement Timing Optimization | Checksum: 1765aabf7

Time (s): cpu = 00:07:50 ; elapsed = 00:03:16 . Memory (MB): peak = 6324.941 ; gain = 1810.184 ; free physical = 84277 ; free virtual = 166851

Phase 4.1.1.4 Replication
INFO: [Place 46-19] Post Replication Timing Summary WNS=0.773. For the most accurate timing information please run report_timing.
Phase 4.1.1.4 Replication | Checksum: 1765aabf7

Time (s): cpu = 00:07:51 ; elapsed = 00:03:16 . Memory (MB): peak = 6324.941 ; gain = 1810.184 ; free physical = 84269 ; free virtual = 166849

Time (s): cpu = 00:07:51 ; elapsed = 00:03:16 . Memory (MB): peak = 6324.941 ; gain = 1810.184 ; free physical = 84278 ; free virtual = 166858
Phase 4.1 Post Commit Optimization | Checksum: 1765aabf7

Time (s): cpu = 00:07:51 ; elapsed = 00:03:16 . Memory (MB): peak = 6324.941 ; gain = 1810.184 ; free physical = 84279 ; free virtual = 166859

Phase 4.2 Post Placement Cleanup
Phase 4.2 Post Placement Cleanup | Checksum: 1765aabf7

Time (s): cpu = 00:09:00 ; elapsed = 00:04:01 . Memory (MB): peak = 6324.941 ; gain = 1810.184 ; free physical = 80645 ; free virtual = 163063

Phase 4.3 Placer Reporting

Phase 4.3.1 Print Estimated Congestion
INFO: [Place 30-612] Post-Placement Estimated Congestion 
 ________________________________________________________________________
|           | Global Congestion | Long Congestion   | Short Congestion  |
| Direction | Region Size       | Region Size       | Region Size       |
|___________|___________________|___________________|___________________|
|      North|                1x1|                1x1|                1x1|
|___________|___________________|___________________|___________________|
|      South|                1x1|                1x1|                1x1|
|___________|___________________|___________________|___________________|
|       East|                1x1|                1x1|                1x1|
|___________|___________________|___________________|___________________|
|       West|                1x1|                1x1|                1x1|
|___________|___________________|___________________|___________________|

SLR0:
 ________________________________________________________________________
|           | Global Congestion | Long Congestion   | Short Congestion  |
| Direction | Region Size       | Region Size       | Region Size       |
|___________|___________________|___________________|___________________|
|      North|                1x1|                1x1|                1x1|
|___________|___________________|___________________|___________________|
|      South|                1x1|                1x1|                1x1|
|___________|___________________|___________________|___________________|
|       East|                1x1|                1x1|                1x1|
|___________|___________________|___________________|___________________|
|       West|                1x1|                1x1|                1x1|
|___________|___________________|___________________|___________________|

SLR1:
 ________________________________________________________________________
|           | Global Congestion | Long Congestion   | Short Congestion  |
| Direction | Region Size       | Region Size       | Region Size       |
|___________|___________________|___________________|___________________|
|      North|                1x1|                1x1|                1x1|
|___________|___________________|___________________|___________________|
|      South|                1x1|                1x1|                1x1|
|___________|___________________|___________________|___________________|
|       East|                1x1|                1x1|                1x1|
|___________|___________________|___________________|___________________|
|       West|                1x1|                1x1|                1x1|
|___________|___________________|___________________|___________________|

SLR2:
 ________________________________________________________________________
|           | Global Congestion | Long Congestion   | Short Congestion  |
| Direction | Region Size       | Region Size       | Region Size       |
|___________|___________________|___________________|___________________|
|      North|                1x1|                1x1|                1x1|
|___________|___________________|___________________|___________________|
|      South|                1x1|                1x1|                1x1|
|___________|___________________|___________________|___________________|
|       East|                1x1|                1x1|                1x1|
|___________|___________________|___________________|___________________|
|       West|                1x1|                1x1|                1x1|
|___________|___________________|___________________|___________________|

Phase 4.3.1 Print Estimated Congestion | Checksum: 1765aabf7

Time (s): cpu = 00:09:00 ; elapsed = 00:04:02 . Memory (MB): peak = 6324.941 ; gain = 1810.184 ; free physical = 80618 ; free virtual = 163063
Phase 4.3 Placer Reporting | Checksum: 1765aabf7

Time (s): cpu = 00:09:01 ; elapsed = 00:04:02 . Memory (MB): peak = 6324.941 ; gain = 1810.184 ; free physical = 80619 ; free virtual = 163037

Phase 4.4 Final Placement Cleanup
Netlist sorting complete. Time (s): cpu = 00:00:00 ; elapsed = 00:00:00 . Memory (MB): peak = 6324.941 ; gain = 0.000 ; free physical = 80619 ; free virtual = 163037

Time (s): cpu = 00:09:01 ; elapsed = 00:04:02 . Memory (MB): peak = 6324.941 ; gain = 1810.184 ; free physical = 80619 ; free virtual = 163037
Phase 4 Post Placement Optimization and Clean-Up | Checksum: 1d426a59b

Time (s): cpu = 00:09:01 ; elapsed = 00:04:02 . Memory (MB): peak = 6324.941 ; gain = 1810.184 ; free physical = 80639 ; free virtual = 163057
Ending Placer Task | Checksum: 13a7318a2

Time (s): cpu = 00:09:01 ; elapsed = 00:04:03 . Memory (MB): peak = 6324.941 ; gain = 1810.184 ; free physical = 80639 ; free virtual = 163057
36 Infos, 0 Warnings, 0 Critical Warnings and 0 Errors encountered.
place_design completed successfully
place_design: Time (s): cpu = 00:09:07 ; elapsed = 00:04:04 . Memory (MB): peak = 6324.941 ; gain = 1842.199 ; free physical = 80638 ; free virtual = 163056
# phys_opt_design
Command: phys_opt_design
Attempting to get a license for feature 'Implementation' and/or device 'xcu280'
INFO: [Common 17-349] Got license for feature 'Implementation' and/or device 'xcu280'

Starting Initial Update Timing Task
WARNING: [Timing 38-242] The property HD.CLK_SRC of clock port "ap_clk" is not set. In out-of-context mode, this prevents timing estimation for clock delay/skew
Resolution: Set the HD.CLK_SRC property of the out-of-context port to the location of the clock buffer instance in the top-level design

Time (s): cpu = 00:00:13 ; elapsed = 00:00:03 . Memory (MB): peak = 6324.941 ; gain = 0.000 ; free physical = 78375 ; free virtual = 160795
INFO: [Vivado_Tcl 4-383] Design worst setup slack (WNS) is greater than or equal to 0.000 ns. Skipping all physical synthesis optimizations.
INFO: [Vivado_Tcl 4-232] No setup violation found. The netlist was not modified.
INFO: [Common 17-83] Releasing license: Implementation
4 Infos, 1 Warnings, 0 Critical Warnings and 0 Errors encountered.
phys_opt_design completed successfully
# route_design
Command: route_design
Attempting to get a license for feature 'Implementation' and/or device 'xcu280'
INFO: [Common 17-349] Got license for feature 'Implementation' and/or device 'xcu280'
Running DRC as a precondition to command route_design
INFO: [DRC 23-27] Running DRC with 8 threads
INFO: [Vivado_Tcl 4-198] DRC finished with 0 Errors
INFO: [Vivado_Tcl 4-199] Please refer to the DRC report (report_drc) for more information.


Starting Routing Task
INFO: [Route 35-254] Multithreading enabled for route_design using a maximum of 8 CPUs

Phase 1 Build RT Design
Checksum: PlaceDB: 6ccf9188 ConstDB: 0 ShapeSum: cda3871a RouteDB: 0
Nodegraph reading from file.  Time (s): cpu = 00:00:02 ; elapsed = 00:00:02 . Memory (MB): peak = 6388.973 ; gain = 0.000 ; free physical = 95957 ; free virtual = 178391
WARNING: [Route 35-197] Clock port "ap_clk" does not have an associated HD.CLK_SRC. Without this constraint, timing analysis may not be accurate and upstream checks cannot be done to ensure correct clock placement.
WARNING: [Route 35-198] Port "ap_rst_n" does not have an associated HD.PARTPIN_LOCS, which will prevent the partial routing of the signal "ap_rst_n". Without this partial route, timing analysis to/from this port will not be accurate, and no routing information for this port can be exported.
WARNING: [Route 35-198] Port "c_out_7_full_n" does not have an associated HD.PARTPIN_LOCS, which will prevent the partial routing of the signal "c_out_7_full_n". Without this partial route, timing analysis to/from this port will not be accurate, and no routing information for this port can be exported.
WARNING: [Route 35-198] Port "a_in_7_empty_n" does not have an associated HD.PARTPIN_LOCS, which will prevent the partial routing of the signal "a_in_7_empty_n". Without this partial route, timing analysis to/from this port will not be accurate, and no routing information for this port can be exported.
WARNING: [Route 35-198] Port "a_in_7_dout[7]" does not have an associated HD.PARTPIN_LOCS, which will prevent the partial routing of the signal "a_in_7_dout[7]". Without this partial route, timing analysis to/from this port will not be accurate, and no routing information for this port can be exported.
WARNING: [Route 35-198] Port "a_in_7_dout[6]" does not have an associated HD.PARTPIN_LOCS, which will prevent the partial routing of the signal "a_in_7_dout[6]". Without this partial route, timing analysis to/from this port will not be accurate, and no routing information for this port can be exported.
WARNING: [Route 35-198] Port "a_in_7_dout[5]" does not have an associated HD.PARTPIN_LOCS, which will prevent the partial routing of the signal "a_in_7_dout[5]". Without this partial route, timing analysis to/from this port will not be accurate, and no routing information for this port can be exported.
WARNING: [Route 35-198] Port "a_in_7_dout[4]" does not have an associated HD.PARTPIN_LOCS, which will prevent the partial routing of the signal "a_in_7_dout[4]". Without this partial route, timing analysis to/from this port will not be accurate, and no routing information for this port can be exported.
WARNING: [Route 35-198] Port "a_in_7_dout[3]" does not have an associated HD.PARTPIN_LOCS, which will prevent the partial routing of the signal "a_in_7_dout[3]". Without this partial route, timing analysis to/from this port will not be accurate, and no routing information for this port can be exported.
WARNING: [Route 35-198] Port "a_in_7_dout[2]" does not have an associated HD.PARTPIN_LOCS, which will prevent the partial routing of the signal "a_in_7_dout[2]". Without this partial route, timing analysis to/from this port will not be accurate, and no routing information for this port can be exported.
WARNING: [Route 35-198] Port "a_in_7_dout[1]" does not have an associated HD.PARTPIN_LOCS, which will prevent the partial routing of the signal "a_in_7_dout[1]". Without this partial route, timing analysis to/from this port will not be accurate, and no routing information for this port can be exported.
WARNING: [Route 35-198] Port "a_in_7_dout[0]" does not have an associated HD.PARTPIN_LOCS, which will prevent the partial routing of the signal "a_in_7_dout[0]". Without this partial route, timing analysis to/from this port will not be accurate, and no routing information for this port can be exported.
WARNING: [Route 35-198] Port "c_out_6_full_n" does not have an associated HD.PARTPIN_LOCS, which will prevent the partial routing of the signal "c_out_6_full_n". Without this partial route, timing analysis to/from this port will not be accurate, and no routing information for this port can be exported.
WARNING: [Route 35-198] Port "a_in_6_dout[3]" does not have an associated HD.PARTPIN_LOCS, which will prevent the partial routing of the signal "a_in_6_dout[3]". Without this partial route, timing analysis to/from this port will not be accurate, and no routing information for this port can be exported.
WARNING: [Route 35-198] Port "a_in_6_dout[2]" does not have an associated HD.PARTPIN_LOCS, which will prevent the partial routing of the signal "a_in_6_dout[2]". Without this partial route, timing analysis to/from this port will not be accurate, and no routing information for this port can be exported.
WARNING: [Route 35-198] Port "a_in_6_dout[1]" does not have an associated HD.PARTPIN_LOCS, which will prevent the partial routing of the signal "a_in_6_dout[1]". Without this partial route, timing analysis to/from this port will not be accurate, and no routing information for this port can be exported.
WARNING: [Route 35-198] Port "a_in_6_dout[0]" does not have an associated HD.PARTPIN_LOCS, which will prevent the partial routing of the signal "a_in_6_dout[0]". Without this partial route, timing analysis to/from this port will not be accurate, and no routing information for this port can be exported.
WARNING: [Route 35-198] Port "a_in_6_dout[7]" does not have an associated HD.PARTPIN_LOCS, which will prevent the partial routing of the signal "a_in_6_dout[7]". Without this partial route, timing analysis to/from this port will not be accurate, and no routing information for this port can be exported.
WARNING: [Route 35-198] Port "a_in_6_dout[6]" does not have an associated HD.PARTPIN_LOCS, which will prevent the partial routing of the signal "a_in_6_dout[6]". Without this partial route, timing analysis to/from this port will not be accurate, and no routing information for this port can be exported.
WARNING: [Route 35-198] Port "a_in_6_dout[5]" does not have an associated HD.PARTPIN_LOCS, which will prevent the partial routing of the signal "a_in_6_dout[5]". Without this partial route, timing analysis to/from this port will not be accurate, and no routing information for this port can be exported.
WARNING: [Route 35-198] Port "a_in_6_dout[4]" does not have an associated HD.PARTPIN_LOCS, which will prevent the partial routing of the signal "a_in_6_dout[4]". Without this partial route, timing analysis to/from this port will not be accurate, and no routing information for this port can be exported.
WARNING: [Route 35-198] Port "a_in_6_empty_n" does not have an associated HD.PARTPIN_LOCS, which will prevent the partial routing of the signal "a_in_6_empty_n". Without this partial route, timing analysis to/from this port will not be accurate, and no routing information for this port can be exported.
WARNING: [Route 35-198] Port "a_in_5_empty_n" does not have an associated HD.PARTPIN_LOCS, which will prevent the partial routing of the signal "a_in_5_empty_n". Without this partial route, timing analysis to/from this port will not be accurate, and no routing information for this port can be exported.
WARNING: [Route 35-198] Port "a_in_5_dout[7]" does not have an associated HD.PARTPIN_LOCS, which will prevent the partial routing of the signal "a_in_5_dout[7]". Without this partial route, timing analysis to/from this port will not be accurate, and no routing information for this port can be exported.
WARNING: [Route 35-198] Port "a_in_5_dout[6]" does not have an associated HD.PARTPIN_LOCS, which will prevent the partial routing of the signal "a_in_5_dout[6]". Without this partial route, timing analysis to/from this port will not be accurate, and no routing information for this port can be exported.
WARNING: [Route 35-198] Port "a_in_5_dout[5]" does not have an associated HD.PARTPIN_LOCS, which will prevent the partial routing of the signal "a_in_5_dout[5]". Without this partial route, timing analysis to/from this port will not be accurate, and no routing information for this port can be exported.
WARNING: [Route 35-198] Port "a_in_5_dout[4]" does not have an associated HD.PARTPIN_LOCS, which will prevent the partial routing of the signal "a_in_5_dout[4]". Without this partial route, timing analysis to/from this port will not be accurate, and no routing information for this port can be exported.
WARNING: [Route 35-198] Port "a_in_5_dout[3]" does not have an associated HD.PARTPIN_LOCS, which will prevent the partial routing of the signal "a_in_5_dout[3]". Without this partial route, timing analysis to/from this port will not be accurate, and no routing information for this port can be exported.
WARNING: [Route 35-198] Port "a_in_5_dout[2]" does not have an associated HD.PARTPIN_LOCS, which will prevent the partial routing of the signal "a_in_5_dout[2]". Without this partial route, timing analysis to/from this port will not be accurate, and no routing information for this port can be exported.
WARNING: [Route 35-198] Port "a_in_5_dout[1]" does not have an associated HD.PARTPIN_LOCS, which will prevent the partial routing of the signal "a_in_5_dout[1]". Without this partial route, timing analysis to/from this port will not be accurate, and no routing information for this port can be exported.
WARNING: [Route 35-198] Port "a_in_5_dout[0]" does not have an associated HD.PARTPIN_LOCS, which will prevent the partial routing of the signal "a_in_5_dout[0]". Without this partial route, timing analysis to/from this port will not be accurate, and no routing information for this port can be exported.
WARNING: [Route 35-198] Port "c_out_5_full_n" does not have an associated HD.PARTPIN_LOCS, which will prevent the partial routing of the signal "c_out_5_full_n". Without this partial route, timing analysis to/from this port will not be accurate, and no routing information for this port can be exported.
WARNING: [Route 35-198] Port "c_out_4_full_n" does not have an associated HD.PARTPIN_LOCS, which will prevent the partial routing of the signal "c_out_4_full_n". Without this partial route, timing analysis to/from this port will not be accurate, and no routing information for this port can be exported.
WARNING: [Route 35-198] Port "a_in_4_empty_n" does not have an associated HD.PARTPIN_LOCS, which will prevent the partial routing of the signal "a_in_4_empty_n". Without this partial route, timing analysis to/from this port will not be accurate, and no routing information for this port can be exported.
WARNING: [Route 35-198] Port "a_in_4_dout[7]" does not have an associated HD.PARTPIN_LOCS, which will prevent the partial routing of the signal "a_in_4_dout[7]". Without this partial route, timing analysis to/from this port will not be accurate, and no routing information for this port can be exported.
WARNING: [Route 35-198] Port "a_in_4_dout[6]" does not have an associated HD.PARTPIN_LOCS, which will prevent the partial routing of the signal "a_in_4_dout[6]". Without this partial route, timing analysis to/from this port will not be accurate, and no routing information for this port can be exported.
WARNING: [Route 35-198] Port "a_in_4_dout[5]" does not have an associated HD.PARTPIN_LOCS, which will prevent the partial routing of the signal "a_in_4_dout[5]". Without this partial route, timing analysis to/from this port will not be accurate, and no routing information for this port can be exported.
WARNING: [Route 35-198] Port "a_in_4_dout[4]" does not have an associated HD.PARTPIN_LOCS, which will prevent the partial routing of the signal "a_in_4_dout[4]". Without this partial route, timing analysis to/from this port will not be accurate, and no routing information for this port can be exported.
WARNING: [Route 35-198] Port "a_in_4_dout[3]" does not have an associated HD.PARTPIN_LOCS, which will prevent the partial routing of the signal "a_in_4_dout[3]". Without this partial route, timing analysis to/from this port will not be accurate, and no routing information for this port can be exported.
WARNING: [Route 35-198] Port "a_in_4_dout[2]" does not have an associated HD.PARTPIN_LOCS, which will prevent the partial routing of the signal "a_in_4_dout[2]". Without this partial route, timing analysis to/from this port will not be accurate, and no routing information for this port can be exported.
WARNING: [Route 35-198] Port "a_in_4_dout[1]" does not have an associated HD.PARTPIN_LOCS, which will prevent the partial routing of the signal "a_in_4_dout[1]". Without this partial route, timing analysis to/from this port will not be accurate, and no routing information for this port can be exported.
WARNING: [Route 35-198] Port "a_in_4_dout[0]" does not have an associated HD.PARTPIN_LOCS, which will prevent the partial routing of the signal "a_in_4_dout[0]". Without this partial route, timing analysis to/from this port will not be accurate, and no routing information for this port can be exported.
WARNING: [Route 35-198] Port "c_out_3_full_n" does not have an associated HD.PARTPIN_LOCS, which will prevent the partial routing of the signal "c_out_3_full_n". Without this partial route, timing analysis to/from this port will not be accurate, and no routing information for this port can be exported.
WARNING: [Route 35-198] Port "a_in_3_empty_n" does not have an associated HD.PARTPIN_LOCS, which will prevent the partial routing of the signal "a_in_3_empty_n". Without this partial route, timing analysis to/from this port will not be accurate, and no routing information for this port can be exported.
WARNING: [Route 35-198] Port "a_in_3_dout[5]" does not have an associated HD.PARTPIN_LOCS, which will prevent the partial routing of the signal "a_in_3_dout[5]". Without this partial route, timing analysis to/from this port will not be accurate, and no routing information for this port can be exported.
WARNING: [Route 35-198] Port "a_in_3_dout[4]" does not have an associated HD.PARTPIN_LOCS, which will prevent the partial routing of the signal "a_in_3_dout[4]". Without this partial route, timing analysis to/from this port will not be accurate, and no routing information for this port can be exported.
WARNING: [Route 35-198] Port "a_in_3_dout[3]" does not have an associated HD.PARTPIN_LOCS, which will prevent the partial routing of the signal "a_in_3_dout[3]". Without this partial route, timing analysis to/from this port will not be accurate, and no routing information for this port can be exported.
WARNING: [Route 35-198] Port "a_in_3_dout[2]" does not have an associated HD.PARTPIN_LOCS, which will prevent the partial routing of the signal "a_in_3_dout[2]". Without this partial route, timing analysis to/from this port will not be accurate, and no routing information for this port can be exported.
WARNING: [Route 35-198] Port "a_in_3_dout[7]" does not have an associated HD.PARTPIN_LOCS, which will prevent the partial routing of the signal "a_in_3_dout[7]". Without this partial route, timing analysis to/from this port will not be accurate, and no routing information for this port can be exported.
WARNING: [Route 35-198] Port "a_in_3_dout[6]" does not have an associated HD.PARTPIN_LOCS, which will prevent the partial routing of the signal "a_in_3_dout[6]". Without this partial route, timing analysis to/from this port will not be accurate, and no routing information for this port can be exported.
WARNING: [Route 35-198] Port "a_in_3_dout[1]" does not have an associated HD.PARTPIN_LOCS, which will prevent the partial routing of the signal "a_in_3_dout[1]". Without this partial route, timing analysis to/from this port will not be accurate, and no routing information for this port can be exported.
WARNING: [Route 35-198] Port "a_in_3_dout[0]" does not have an associated HD.PARTPIN_LOCS, which will prevent the partial routing of the signal "a_in_3_dout[0]". Without this partial route, timing analysis to/from this port will not be accurate, and no routing information for this port can be exported.
WARNING: [Route 35-198] Port "c_out_2_full_n" does not have an associated HD.PARTPIN_LOCS, which will prevent the partial routing of the signal "c_out_2_full_n". Without this partial route, timing analysis to/from this port will not be accurate, and no routing information for this port can be exported.
WARNING: [Route 35-198] Port "a_in_2_empty_n" does not have an associated HD.PARTPIN_LOCS, which will prevent the partial routing of the signal "a_in_2_empty_n". Without this partial route, timing analysis to/from this port will not be accurate, and no routing information for this port can be exported.
WARNING: [Route 35-198] Port "a_in_2_dout[7]" does not have an associated HD.PARTPIN_LOCS, which will prevent the partial routing of the signal "a_in_2_dout[7]". Without this partial route, timing analysis to/from this port will not be accurate, and no routing information for this port can be exported.
WARNING: [Route 35-198] Port "a_in_2_dout[6]" does not have an associated HD.PARTPIN_LOCS, which will prevent the partial routing of the signal "a_in_2_dout[6]". Without this partial route, timing analysis to/from this port will not be accurate, and no routing information for this port can be exported.
WARNING: [Route 35-198] Port "a_in_2_dout[5]" does not have an associated HD.PARTPIN_LOCS, which will prevent the partial routing of the signal "a_in_2_dout[5]". Without this partial route, timing analysis to/from this port will not be accurate, and no routing information for this port can be exported.
WARNING: [Route 35-198] Port "a_in_2_dout[4]" does not have an associated HD.PARTPIN_LOCS, which will prevent the partial routing of the signal "a_in_2_dout[4]". Without this partial route, timing analysis to/from this port will not be accurate, and no routing information for this port can be exported.
WARNING: [Route 35-198] Port "a_in_2_dout[3]" does not have an associated HD.PARTPIN_LOCS, which will prevent the partial routing of the signal "a_in_2_dout[3]". Without this partial route, timing analysis to/from this port will not be accurate, and no routing information for this port can be exported.
WARNING: [Route 35-198] Port "a_in_2_dout[2]" does not have an associated HD.PARTPIN_LOCS, which will prevent the partial routing of the signal "a_in_2_dout[2]". Without this partial route, timing analysis to/from this port will not be accurate, and no routing information for this port can be exported.
WARNING: [Route 35-198] Port "a_in_2_dout[1]" does not have an associated HD.PARTPIN_LOCS, which will prevent the partial routing of the signal "a_in_2_dout[1]". Without this partial route, timing analysis to/from this port will not be accurate, and no routing information for this port can be exported.
WARNING: [Route 35-198] Port "a_in_2_dout[0]" does not have an associated HD.PARTPIN_LOCS, which will prevent the partial routing of the signal "a_in_2_dout[0]". Without this partial route, timing analysis to/from this port will not be accurate, and no routing information for this port can be exported.
WARNING: [Route 35-198] Port "b_in_7_dout[7]" does not have an associated HD.PARTPIN_LOCS, which will prevent the partial routing of the signal "b_in_7_dout[7]". Without this partial route, timing analysis to/from this port will not be accurate, and no routing information for this port can be exported.
WARNING: [Route 35-198] Port "b_in_7_dout[6]" does not have an associated HD.PARTPIN_LOCS, which will prevent the partial routing of the signal "b_in_7_dout[6]". Without this partial route, timing analysis to/from this port will not be accurate, and no routing information for this port can be exported.
WARNING: [Route 35-198] Port "b_in_1_dout[3]" does not have an associated HD.PARTPIN_LOCS, which will prevent the partial routing of the signal "b_in_1_dout[3]". Without this partial route, timing analysis to/from this port will not be accurate, and no routing information for this port can be exported.
WARNING: [Route 35-198] Port "b_in_1_dout[2]" does not have an associated HD.PARTPIN_LOCS, which will prevent the partial routing of the signal "b_in_1_dout[2]". Without this partial route, timing analysis to/from this port will not be accurate, and no routing information for this port can be exported.
WARNING: [Route 35-198] Port "b_in_1_dout[1]" does not have an associated HD.PARTPIN_LOCS, which will prevent the partial routing of the signal "b_in_1_dout[1]". Without this partial route, timing analysis to/from this port will not be accurate, and no routing information for this port can be exported.
WARNING: [Route 35-198] Port "b_in_1_dout[0]" does not have an associated HD.PARTPIN_LOCS, which will prevent the partial routing of the signal "b_in_1_dout[0]". Without this partial route, timing analysis to/from this port will not be accurate, and no routing information for this port can be exported.
WARNING: [Route 35-198] Port "b_in_4_dout[7]" does not have an associated HD.PARTPIN_LOCS, which will prevent the partial routing of the signal "b_in_4_dout[7]". Without this partial route, timing analysis to/from this port will not be accurate, and no routing information for this port can be exported.
WARNING: [Route 35-198] Port "b_in_4_dout[6]" does not have an associated HD.PARTPIN_LOCS, which will prevent the partial routing of the signal "b_in_4_dout[6]". Without this partial route, timing analysis to/from this port will not be accurate, and no routing information for this port can be exported.
WARNING: [Route 35-198] Port "b_in_4_dout[3]" does not have an associated HD.PARTPIN_LOCS, which will prevent the partial routing of the signal "b_in_4_dout[3]". Without this partial route, timing analysis to/from this port will not be accurate, and no routing information for this port can be exported.
WARNING: [Route 35-198] Port "b_in_4_dout[2]" does not have an associated HD.PARTPIN_LOCS, which will prevent the partial routing of the signal "b_in_4_dout[2]". Without this partial route, timing analysis to/from this port will not be accurate, and no routing information for this port can be exported.
WARNING: [Route 35-198] Port "b_in_4_dout[5]" does not have an associated HD.PARTPIN_LOCS, which will prevent the partial routing of the signal "b_in_4_dout[5]". Without this partial route, timing analysis to/from this port will not be accurate, and no routing information for this port can be exported.
WARNING: [Route 35-198] Port "b_in_4_dout[4]" does not have an associated HD.PARTPIN_LOCS, which will prevent the partial routing of the signal "b_in_4_dout[4]". Without this partial route, timing analysis to/from this port will not be accurate, and no routing information for this port can be exported.
WARNING: [Route 35-198] Port "b_in_4_dout[1]" does not have an associated HD.PARTPIN_LOCS, which will prevent the partial routing of the signal "b_in_4_dout[1]". Without this partial route, timing analysis to/from this port will not be accurate, and no routing information for this port can be exported.
WARNING: [Route 35-198] Port "b_in_4_dout[0]" does not have an associated HD.PARTPIN_LOCS, which will prevent the partial routing of the signal "b_in_4_dout[0]". Without this partial route, timing analysis to/from this port will not be accurate, and no routing information for this port can be exported.
WARNING: [Route 35-198] Port "b_in_5_dout[3]" does not have an associated HD.PARTPIN_LOCS, which will prevent the partial routing of the signal "b_in_5_dout[3]". Without this partial route, timing analysis to/from this port will not be accurate, and no routing information for this port can be exported.
WARNING: [Route 35-198] Port "b_in_5_dout[2]" does not have an associated HD.PARTPIN_LOCS, which will prevent the partial routing of the signal "b_in_5_dout[2]". Without this partial route, timing analysis to/from this port will not be accurate, and no routing information for this port can be exported.
WARNING: [Route 35-198] Port "b_in_7_dout[3]" does not have an associated HD.PARTPIN_LOCS, which will prevent the partial routing of the signal "b_in_7_dout[3]". Without this partial route, timing analysis to/from this port will not be accurate, and no routing information for this port can be exported.
WARNING: [Route 35-198] Port "b_in_7_dout[2]" does not have an associated HD.PARTPIN_LOCS, which will prevent the partial routing of the signal "b_in_7_dout[2]". Without this partial route, timing analysis to/from this port will not be accurate, and no routing information for this port can be exported.
WARNING: [Route 35-198] Port "b_in_7_dout[1]" does not have an associated HD.PARTPIN_LOCS, which will prevent the partial routing of the signal "b_in_7_dout[1]". Without this partial route, timing analysis to/from this port will not be accurate, and no routing information for this port can be exported.
WARNING: [Route 35-198] Port "b_in_7_dout[0]" does not have an associated HD.PARTPIN_LOCS, which will prevent the partial routing of the signal "b_in_7_dout[0]". Without this partial route, timing analysis to/from this port will not be accurate, and no routing information for this port can be exported.
WARNING: [Route 35-198] Port "b_in_1_dout[7]" does not have an associated HD.PARTPIN_LOCS, which will prevent the partial routing of the signal "b_in_1_dout[7]". Without this partial route, timing analysis to/from this port will not be accurate, and no routing information for this port can be exported.
WARNING: [Route 35-198] Port "b_in_1_dout[6]" does not have an associated HD.PARTPIN_LOCS, which will prevent the partial routing of the signal "b_in_1_dout[6]". Without this partial route, timing analysis to/from this port will not be accurate, and no routing information for this port can be exported.
WARNING: [Route 35-198] Port "b_in_1_dout[5]" does not have an associated HD.PARTPIN_LOCS, which will prevent the partial routing of the signal "b_in_1_dout[5]". Without this partial route, timing analysis to/from this port will not be accurate, and no routing information for this port can be exported.
WARNING: [Route 35-198] Port "b_in_1_dout[4]" does not have an associated HD.PARTPIN_LOCS, which will prevent the partial routing of the signal "b_in_1_dout[4]". Without this partial route, timing analysis to/from this port will not be accurate, and no routing information for this port can be exported.
WARNING: [Route 35-198] Port "b_in_3_dout[3]" does not have an associated HD.PARTPIN_LOCS, which will prevent the partial routing of the signal "b_in_3_dout[3]". Without this partial route, timing analysis to/from this port will not be accurate, and no routing information for this port can be exported.
WARNING: [Route 35-198] Port "b_in_3_dout[2]" does not have an associated HD.PARTPIN_LOCS, which will prevent the partial routing of the signal "b_in_3_dout[2]". Without this partial route, timing analysis to/from this port will not be accurate, and no routing information for this port can be exported.
WARNING: [Route 35-198] Port "b_in_3_dout[1]" does not have an associated HD.PARTPIN_LOCS, which will prevent the partial routing of the signal "b_in_3_dout[1]". Without this partial route, timing analysis to/from this port will not be accurate, and no routing information for this port can be exported.
WARNING: [Route 35-198] Port "b_in_3_dout[0]" does not have an associated HD.PARTPIN_LOCS, which will prevent the partial routing of the signal "b_in_3_dout[0]". Without this partial route, timing analysis to/from this port will not be accurate, and no routing information for this port can be exported.
WARNING: [Route 35-198] Port "b_in_5_dout[1]" does not have an associated HD.PARTPIN_LOCS, which will prevent the partial routing of the signal "b_in_5_dout[1]". Without this partial route, timing analysis to/from this port will not be accurate, and no routing information for this port can be exported.
WARNING: [Route 35-198] Port "b_in_5_dout[0]" does not have an associated HD.PARTPIN_LOCS, which will prevent the partial routing of the signal "b_in_5_dout[0]". Without this partial route, timing analysis to/from this port will not be accurate, and no routing information for this port can be exported.
WARNING: [Route 35-198] Port "b_in_7_dout[5]" does not have an associated HD.PARTPIN_LOCS, which will prevent the partial routing of the signal "b_in_7_dout[5]". Without this partial route, timing analysis to/from this port will not be accurate, and no routing information for this port can be exported.
WARNING: [Route 35-198] Port "b_in_7_dout[4]" does not have an associated HD.PARTPIN_LOCS, which will prevent the partial routing of the signal "b_in_7_dout[4]". Without this partial route, timing analysis to/from this port will not be accurate, and no routing information for this port can be exported.
WARNING: [Route 35-198] Port "c_out_1_full_n" does not have an associated HD.PARTPIN_LOCS, which will prevent the partial routing of the signal "c_out_1_full_n". Without this partial route, timing analysis to/from this port will not be accurate, and no routing information for this port can be exported.
WARNING: [Route 35-198] Port "b_in_3_dout[7]" does not have an associated HD.PARTPIN_LOCS, which will prevent the partial routing of the signal "b_in_3_dout[7]". Without this partial route, timing analysis to/from this port will not be accurate, and no routing information for this port can be exported.
WARNING: [Route 35-198] Port "b_in_3_dout[6]" does not have an associated HD.PARTPIN_LOCS, which will prevent the partial routing of the signal "b_in_3_dout[6]". Without this partial route, timing analysis to/from this port will not be accurate, and no routing information for this port can be exported.
WARNING: [Route 35-198] Port "b_in_3_dout[5]" does not have an associated HD.PARTPIN_LOCS, which will prevent the partial routing of the signal "b_in_3_dout[5]". Without this partial route, timing analysis to/from this port will not be accurate, and no routing information for this port can be exported.
WARNING: [Route 35-198] Port "b_in_3_dout[4]" does not have an associated HD.PARTPIN_LOCS, which will prevent the partial routing of the signal "b_in_3_dout[4]". Without this partial route, timing analysis to/from this port will not be accurate, and no routing information for this port can be exported.
WARNING: [Route 35-198] Port "b_in_5_dout[7]" does not have an associated HD.PARTPIN_LOCS, which will prevent the partial routing of the signal "b_in_5_dout[7]". Without this partial route, timing analysis to/from this port will not be accurate, and no routing information for this port can be exported.
WARNING: [Route 35-198] Port "b_in_5_dout[6]" does not have an associated HD.PARTPIN_LOCS, which will prevent the partial routing of the signal "b_in_5_dout[6]". Without this partial route, timing analysis to/from this port will not be accurate, and no routing information for this port can be exported.
INFO: [Common 17-14] Message 'Route 35-198' appears 100 times and further instances of the messages will be disabled. Use the Tcl command set_msg_config to change the current settings.
Post Restoration Checksum: NetGraph: 40c0246e | NumContArr: da32cb3b | Constraints: c2a8fa9d | Timing: c2a8fa9d
Phase 1 Build RT Design | Checksum: 2a044e4e3

Time (s): cpu = 00:00:26 ; elapsed = 00:00:14 . Memory (MB): peak = 6388.973 ; gain = 0.000 ; free physical = 95461 ; free virtual = 177909

Phase 2 Router Initialization

Phase 2.1 Fix Topology Constraints
Phase 2.1 Fix Topology Constraints | Checksum: 2a044e4e3

Time (s): cpu = 00:00:27 ; elapsed = 00:00:14 . Memory (MB): peak = 6388.973 ; gain = 0.000 ; free physical = 95460 ; free virtual = 177908

Phase 2.2 Pre Route Cleanup
Phase 2.2 Pre Route Cleanup | Checksum: 2a044e4e3

Time (s): cpu = 00:00:27 ; elapsed = 00:00:14 . Memory (MB): peak = 6388.973 ; gain = 0.000 ; free physical = 95458 ; free virtual = 177906

Phase 2.3 Global Clock Net Routing
Phase 2.3 Global Clock Net Routing | Checksum: 2a044e4e3

Time (s): cpu = 00:00:38 ; elapsed = 00:00:17 . Memory (MB): peak = 6652.832 ; gain = 263.859 ; free physical = 95837 ; free virtual = 178295

Phase 2.4 Update Timing
Phase 2.4 Update Timing | Checksum: 2224ace6a

Time (s): cpu = 00:00:46 ; elapsed = 00:00:19 . Memory (MB): peak = 6652.832 ; gain = 263.859 ; free physical = 95773 ; free virtual = 178232
INFO: [Route 35-416] Intermediate Timing Summary | WNS=0.913  | TNS=0.000  | WHS=0.019  | THS=0.000  |


Router Utilization Summary
  Global Vertical Routing Utilization    = 0 %
  Global Horizontal Routing Utilization  = 0 %
  Routable Net Status*
  *Does not include unroutable nets such as driverless and loadless.
  Run report_route_status for detailed report.
  Number of Failed Nets               = 21458
    (Failed Nets is the sum of unrouted and partially routed nets)
  Number of Unrouted Nets             = 18761
  Number of Partially Routed Nets     = 2697
  Number of Node Overlaps             = 0

Phase 2 Router Initialization | Checksum: 26dfbb1c5

Time (s): cpu = 00:01:13 ; elapsed = 00:00:27 . Memory (MB): peak = 6685.707 ; gain = 296.734 ; free physical = 95349 ; free virtual = 178085

Phase 3 Initial Routing

Phase 3.1 Global Routing
Phase 3.1 Global Routing | Checksum: 26dfbb1c5

Time (s): cpu = 00:01:13 ; elapsed = 00:00:27 . Memory (MB): peak = 6685.707 ; gain = 296.734 ; free physical = 95348 ; free virtual = 178084

Phase 3.2 Initial Net Routing
Phase 3.2 Initial Net Routing | Checksum: 1c211562b

Time (s): cpu = 00:01:32 ; elapsed = 00:00:31 . Memory (MB): peak = 6685.707 ; gain = 296.734 ; free physical = 95341 ; free virtual = 178082
Phase 3 Initial Routing | Checksum: 1fbc9c261

Time (s): cpu = 00:01:32 ; elapsed = 00:00:32 . Memory (MB): peak = 6685.707 ; gain = 296.734 ; free physical = 95316 ; free virtual = 178056

Phase 4 Rip-up And Reroute

Phase 4.1 Global Iteration 0
 Number of Nodes with overlaps = 2693
 Number of Nodes with overlaps = 88
 Number of Nodes with overlaps = 6
 Number of Nodes with overlaps = 4
 Number of Nodes with overlaps = 3
 Number of Nodes with overlaps = 2
 Number of Nodes with overlaps = 1
 Number of Nodes with overlaps = 1
 Number of Nodes with overlaps = 0
INFO: [Route 35-416] Intermediate Timing Summary | WNS=0.619  | TNS=0.000  | WHS=0.042  | THS=0.000  |

Phase 4.1 Global Iteration 0 | Checksum: 25e021479

Time (s): cpu = 00:02:36 ; elapsed = 00:01:04 . Memory (MB): peak = 6685.707 ; gain = 296.734 ; free physical = 84226 ; free virtual = 166843

Phase 4.2 Additional Iteration for Hold
Phase 4.2 Additional Iteration for Hold | Checksum: 3241a6533

Time (s): cpu = 00:02:36 ; elapsed = 00:01:04 . Memory (MB): peak = 6685.707 ; gain = 296.734 ; free physical = 84222 ; free virtual = 166839
Phase 4 Rip-up And Reroute | Checksum: 3241a6533

Time (s): cpu = 00:02:36 ; elapsed = 00:01:04 . Memory (MB): peak = 6685.707 ; gain = 296.734 ; free physical = 84222 ; free virtual = 166839

Phase 5 Delay and Skew Optimization

Phase 5.1 Delay CleanUp
Phase 5.1 Delay CleanUp | Checksum: 3241a6533

Time (s): cpu = 00:02:37 ; elapsed = 00:01:04 . Memory (MB): peak = 6685.707 ; gain = 296.734 ; free physical = 84222 ; free virtual = 166839

Phase 5.2 Clock Skew Optimization
Phase 5.2 Clock Skew Optimization | Checksum: 3241a6533

Time (s): cpu = 00:02:37 ; elapsed = 00:01:04 . Memory (MB): peak = 6685.707 ; gain = 296.734 ; free physical = 84221 ; free virtual = 166838
Phase 5 Delay and Skew Optimization | Checksum: 3241a6533

Time (s): cpu = 00:02:37 ; elapsed = 00:01:04 . Memory (MB): peak = 6685.707 ; gain = 296.734 ; free physical = 84220 ; free virtual = 166837

Phase 6 Post Hold Fix

Phase 6.1 Hold Fix Iter

Phase 6.1.1 Update Timing
Phase 6.1.1 Update Timing | Checksum: 275a819a4

Time (s): cpu = 00:02:44 ; elapsed = 00:01:06 . Memory (MB): peak = 6685.707 ; gain = 296.734 ; free physical = 86640 ; free virtual = 169260
INFO: [Route 35-416] Intermediate Timing Summary | WNS=0.619  | TNS=0.000  | WHS=0.042  | THS=0.000  |

Phase 6.1 Hold Fix Iter | Checksum: 275a819a4

Time (s): cpu = 00:02:44 ; elapsed = 00:01:06 . Memory (MB): peak = 6685.707 ; gain = 296.734 ; free physical = 86632 ; free virtual = 169253
Phase 6 Post Hold Fix | Checksum: 275a819a4

Time (s): cpu = 00:02:45 ; elapsed = 00:01:06 . Memory (MB): peak = 6685.707 ; gain = 296.734 ; free physical = 86619 ; free virtual = 169240

Phase 7 Route finalize

Router Utilization Summary
  Global Vertical Routing Utilization    = 0.101945 %
  Global Horizontal Routing Utilization  = 0.191504 %
  Routable Net Status*
  *Does not include unroutable nets such as driverless and loadless.
  Run report_route_status for detailed report.
  Number of Failed Nets               = 0
    (Failed Nets is the sum of unrouted and partially routed nets)
  Number of Unrouted Nets             = 0
  Number of Partially Routed Nets     = 0
  Number of Node Overlaps             = 0

Phase 7 Route finalize | Checksum: 275a819a4

Time (s): cpu = 00:02:49 ; elapsed = 00:01:07 . Memory (MB): peak = 6685.707 ; gain = 296.734 ; free physical = 86312 ; free virtual = 168934

Phase 8 Verifying routed nets

 Verification completed successfully
Phase 8 Verifying routed nets | Checksum: 275a819a4

Time (s): cpu = 00:02:49 ; elapsed = 00:01:07 . Memory (MB): peak = 6685.707 ; gain = 296.734 ; free physical = 86316 ; free virtual = 168938

Phase 9 Depositing Routes
Phase 9 Depositing Routes | Checksum: 275a819a4

Time (s): cpu = 00:02:52 ; elapsed = 00:01:09 . Memory (MB): peak = 6685.707 ; gain = 296.734 ; free physical = 86230 ; free virtual = 168854

Phase 10 Resolve XTalk
Phase 10 Resolve XTalk | Checksum: 275a819a4

Time (s): cpu = 00:02:52 ; elapsed = 00:01:09 . Memory (MB): peak = 6685.707 ; gain = 296.734 ; free physical = 86207 ; free virtual = 168832

Phase 11 Post Router Timing
INFO: [Route 35-57] Estimated Timing Summary | WNS=0.619  | TNS=0.000  | WHS=0.042  | THS=0.000  |

INFO: [Route 35-327] The final timing numbers are based on the router estimated timing analysis. For a complete and accurate timing signoff, please run report_timing_summary.
Phase 11 Post Router Timing | Checksum: 275a819a4

Time (s): cpu = 00:02:55 ; elapsed = 00:01:10 . Memory (MB): peak = 6685.707 ; gain = 296.734 ; free physical = 86177 ; free virtual = 168802
INFO: [Route 35-16] Router Completed Successfully

Phase 12 Post-Route Event Processing
Phase 12 Post-Route Event Processing | Checksum: 23a0b863a

Time (s): cpu = 00:02:56 ; elapsed = 00:01:11 . Memory (MB): peak = 6685.707 ; gain = 296.734 ; free physical = 86138 ; free virtual = 168764
Ending Routing Task | Checksum: 23a0b863a

Time (s): cpu = 00:02:57 ; elapsed = 00:01:11 . Memory (MB): peak = 6685.707 ; gain = 296.734 ; free physical = 86081 ; free virtual = 168708

Routing Is Done.
INFO: [Common 17-83] Releasing license: Implementation
13 Infos, 101 Warnings, 0 Critical Warnings and 0 Errors encountered.
route_design completed successfully
route_design: Time (s): cpu = 00:03:05 ; elapsed = 00:01:13 . Memory (MB): peak = 6685.707 ; gain = 360.766 ; free physical = 86012 ; free virtual = 168639
# report_utilization -file util.rpt
# report_timing_summary -file timing.rpt
INFO: [Timing 38-91] UpdateTimingParams: Speed grade: -2L, Temperature grade: E, Delay Type: min_max.
INFO: [Timing 38-191] Multithreading enabled for timing update using a maximum of 8 CPUs
WARNING: [Timing 38-242] The property HD.CLK_SRC of clock port "ap_clk" is not set. In out-of-context mode, this prevents timing estimation for clock delay/skew
Resolution: Set the HD.CLK_SRC property of the out-of-context port to the location of the clock buffer instance in the top-level design
report_timing_summary: Time (s): cpu = 00:00:22 ; elapsed = 00:00:07 . Memory (MB): peak = 6709.719 ; gain = 24.012 ; free physical = 84018 ; free virtual = 166658
# puts "PNR_UNROUTED [llength [get_nets -filter {ROUTE_STATUS == UNROUTED} -quiet]]"
PNR_UNROUTED 0
INFO: [Common 17-206] Exiting Vivado at Tue Sep  8 00:47:19 2026...
