Copyright 1986-2022 Xilinx, Inc. All Rights Reserved. Copyright 2022-2023 Advanced Micro Devices, Inc. All Rights Reserved.
---------------------------------------------------------------------------------------------------------------------------------------------
| Tool Version : Vivado v.2023.2 (lin64) Build 4029153 Fri Oct 13 20:13:54 MDT 2023
| Date         : Wed Sep 23 04:00:45 2026
| Host         : brg-zhang-xcel.ece.cornell.edu running 64-bit Red Hat Enterprise Linux 9.8 (Plow)
| Command      : report_utilization -hierarchical -hierarchical_depth 3 -file /scratch/hc676/e8_block/md_tpumicro-fixed_16/util_hier.rpt
| Design       : spmw_harness
| Device       : xcu280-fsvh2892-2L-e
| Speed File   : -2L
| Design State : Routed
---------------------------------------------------------------------------------------------------------------------------------------------

Utilization Design Information

Table of Contents
-----------------
1. Utilization by Hierarchy

1. Utilization by Hierarchy
---------------------------

+-----------------------------+-------------------------------+------------+------------+---------+------+--------+--------+--------+------+------------+
|           Instance          |             Module            | Total LUTs | Logic LUTs | LUTRAMs | SRLs |   FFs  | RAMB36 | RAMB18 | URAM | DSP Blocks |
+-----------------------------+-------------------------------+------------+------------+---------+------+--------+--------+--------+------+------------+
| spmw_harness                |                         (top) |      93247 |      93215 |       0 |   32 | 132164 |      0 |      0 |    0 |          0 |
|   (spmw_harness)            |                         (top) |        288 |        256 |       0 |   32 |   1236 |      0 |      0 |    0 |          0 |
|   dut                       |                      spmw_top |      92961 |      92961 |       0 |    0 | 130928 |      0 |      0 |    0 |          0 |
|     g_mac_a_out_a_in[100].u |                     spmw_fifo |          8 |          8 |       0 |    0 |     18 |      0 |      0 |    0 |          0 |
|     g_mac_a_out_a_in[101].u |                   spmw_fifo_0 |          6 |          6 |       0 |    0 |     18 |      0 |      0 |    0 |          0 |
|     g_mac_a_out_a_in[102].u |                   spmw_fifo_1 |          6 |          6 |       0 |    0 |     18 |      0 |      0 |    0 |          0 |
|     g_mac_a_out_a_in[103].u |                   spmw_fifo_2 |          6 |          6 |       0 |    0 |     18 |      0 |      0 |    0 |          0 |
|     g_mac_a_out_a_in[104].u |                   spmw_fifo_3 |          6 |          6 |       0 |    0 |     18 |      0 |      0 |    0 |          0 |
|     g_mac_a_out_a_in[105].u |                   spmw_fifo_4 |          6 |          6 |       0 |    0 |     18 |      0 |      0 |    0 |          0 |
|     g_mac_a_out_a_in[106].u |                   spmw_fifo_5 |          6 |          6 |       0 |    0 |     18 |      0 |      0 |    0 |          0 |
|     g_mac_a_out_a_in[107].u |                   spmw_fifo_6 |          6 |          6 |       0 |    0 |     18 |      0 |      0 |    0 |          0 |
|     g_mac_a_out_a_in[108].u |                   spmw_fifo_7 |          6 |          6 |       0 |    0 |     18 |      0 |      0 |    0 |          0 |
|     g_mac_a_out_a_in[109].u |                   spmw_fifo_8 |          6 |          6 |       0 |    0 |     18 |      0 |      0 |    0 |          0 |
|     g_mac_a_out_a_in[10].u  |                   spmw_fifo_9 |          7 |          7 |       0 |    0 |     18 |      0 |      0 |    0 |          0 |
|     g_mac_a_out_a_in[110].u |                  spmw_fifo_10 |          6 |          6 |       0 |    0 |     18 |      0 |      0 |    0 |          0 |
|     g_mac_a_out_a_in[111].u |                  spmw_fifo_11 |          6 |          6 |       0 |    0 |     18 |      0 |      0 |    0 |          0 |
|     g_mac_a_out_a_in[113].u |                  spmw_fifo_12 |          6 |          6 |       0 |    0 |     18 |      0 |      0 |    0 |          0 |
|     g_mac_a_out_a_in[114].u |                  spmw_fifo_13 |          7 |          7 |       0 |    0 |     18 |      0 |      0 |    0 |          0 |
|     g_mac_a_out_a_in[115].u |                  spmw_fifo_14 |          7 |          7 |       0 |    0 |     18 |      0 |      0 |    0 |          0 |
|     g_mac_a_out_a_in[116].u |                  spmw_fifo_15 |          7 |          7 |       0 |    0 |     18 |      0 |      0 |    0 |          0 |
|     g_mac_a_out_a_in[117].u |                  spmw_fifo_16 |          7 |          7 |       0 |    0 |     18 |      0 |      0 |    0 |          0 |
|     g_mac_a_out_a_in[118].u |                  spmw_fifo_17 |          7 |          7 |       0 |    0 |     18 |      0 |      0 |    0 |          0 |
|     g_mac_a_out_a_in[119].u |                  spmw_fifo_18 |          8 |          8 |       0 |    0 |     18 |      0 |      0 |    0 |          0 |
|     g_mac_a_out_a_in[11].u  |                  spmw_fifo_19 |          7 |          7 |       0 |    0 |     18 |      0 |      0 |    0 |          0 |
|     g_mac_a_out_a_in[120].u |                  spmw_fifo_20 |          6 |          6 |       0 |    0 |     18 |      0 |      0 |    0 |          0 |
|     g_mac_a_out_a_in[121].u |                  spmw_fifo_21 |          6 |          6 |       0 |    0 |     18 |      0 |      0 |    0 |          0 |
|     g_mac_a_out_a_in[122].u |                  spmw_fifo_22 |          6 |          6 |       0 |    0 |     18 |      0 |      0 |    0 |          0 |
|     g_mac_a_out_a_in[123].u |                  spmw_fifo_23 |          6 |          6 |       0 |    0 |     18 |      0 |      0 |    0 |          0 |
|     g_mac_a_out_a_in[124].u |                  spmw_fifo_24 |          6 |          6 |       0 |    0 |     18 |      0 |      0 |    0 |          0 |
|     g_mac_a_out_a_in[125].u |                  spmw_fifo_25 |          6 |          6 |       0 |    0 |     18 |      0 |      0 |    0 |          0 |
|     g_mac_a_out_a_in[126].u |                  spmw_fifo_26 |          6 |          6 |       0 |    0 |     18 |      0 |      0 |    0 |          0 |
|     g_mac_a_out_a_in[127].u |                  spmw_fifo_27 |          6 |          6 |       0 |    0 |     18 |      0 |      0 |    0 |          0 |
|     g_mac_a_out_a_in[129].u |                  spmw_fifo_28 |          7 |          7 |       0 |    0 |     18 |      0 |      0 |    0 |          0 |
|     g_mac_a_out_a_in[12].u  |                  spmw_fifo_29 |          7 |          7 |       0 |    0 |     18 |      0 |      0 |    0 |          0 |
|     g_mac_a_out_a_in[130].u |                  spmw_fifo_30 |          7 |          7 |       0 |    0 |     18 |      0 |      0 |    0 |          0 |
|     g_mac_a_out_a_in[131].u |                  spmw_fifo_31 |          7 |          7 |       0 |    0 |     18 |      0 |      0 |    0 |          0 |
|     g_mac_a_out_a_in[132].u |                  spmw_fifo_32 |          7 |          7 |       0 |    0 |     18 |      0 |      0 |    0 |          0 |
|     g_mac_a_out_a_in[133].u |                  spmw_fifo_33 |          7 |          7 |       0 |    0 |     18 |      0 |      0 |    0 |          0 |
|     g_mac_a_out_a_in[134].u |                  spmw_fifo_34 |          6 |          6 |       0 |    0 |     18 |      0 |      0 |    0 |          0 |
|     g_mac_a_out_a_in[135].u |                  spmw_fifo_35 |          7 |          7 |       0 |    0 |     18 |      0 |      0 |    0 |          0 |
|     g_mac_a_out_a_in[136].u |                  spmw_fifo_36 |          7 |          7 |       0 |    0 |     18 |      0 |      0 |    0 |          0 |
|     g_mac_a_out_a_in[137].u |                  spmw_fifo_37 |          7 |          7 |       0 |    0 |     18 |      0 |      0 |    0 |          0 |
|     g_mac_a_out_a_in[138].u |                  spmw_fifo_38 |          7 |          7 |       0 |    0 |     18 |      0 |      0 |    0 |          0 |
|     g_mac_a_out_a_in[139].u |                  spmw_fifo_39 |          7 |          7 |       0 |    0 |     18 |      0 |      0 |    0 |          0 |
|     g_mac_a_out_a_in[13].u  |                  spmw_fifo_40 |          7 |          7 |       0 |    0 |     18 |      0 |      0 |    0 |          0 |
|     g_mac_a_out_a_in[140].u |                  spmw_fifo_41 |          7 |          7 |       0 |    0 |     18 |      0 |      0 |    0 |          0 |
|     g_mac_a_out_a_in[141].u |                  spmw_fifo_42 |          7 |          7 |       0 |    0 |     18 |      0 |      0 |    0 |          0 |
|     g_mac_a_out_a_in[142].u |                  spmw_fifo_43 |          7 |          7 |       0 |    0 |     18 |      0 |      0 |    0 |          0 |
|     g_mac_a_out_a_in[143].u |                  spmw_fifo_44 |          7 |          7 |       0 |    0 |     18 |      0 |      0 |    0 |          0 |
|     g_mac_a_out_a_in[145].u |                  spmw_fifo_45 |          7 |          7 |       0 |    0 |     18 |      0 |      0 |    0 |          0 |
|     g_mac_a_out_a_in[146].u |                  spmw_fifo_46 |          6 |          6 |       0 |    0 |     18 |      0 |      0 |    0 |          0 |
|     g_mac_a_out_a_in[147].u |                  spmw_fifo_47 |          6 |          6 |       0 |    0 |     18 |      0 |      0 |    0 |          0 |
|     g_mac_a_out_a_in[148].u |                  spmw_fifo_48 |          6 |          6 |       0 |    0 |     18 |      0 |      0 |    0 |          0 |
|     g_mac_a_out_a_in[149].u |                  spmw_fifo_49 |          6 |          6 |       0 |    0 |     18 |      0 |      0 |    0 |          0 |
|     g_mac_a_out_a_in[14].u  |                  spmw_fifo_50 |          7 |          7 |       0 |    0 |     18 |      0 |      0 |    0 |          0 |
|     g_mac_a_out_a_in[150].u |                  spmw_fifo_51 |          6 |          6 |       0 |    0 |     18 |      0 |      0 |    0 |          0 |
|     g_mac_a_out_a_in[151].u |                  spmw_fifo_52 |          7 |          7 |       0 |    0 |     18 |      0 |      0 |    0 |          0 |
|     g_mac_a_out_a_in[152].u |                  spmw_fifo_53 |          7 |          7 |       0 |    0 |     18 |      0 |      0 |    0 |          0 |
|     g_mac_a_out_a_in[153].u |                  spmw_fifo_54 |          7 |          7 |       0 |    0 |     18 |      0 |      0 |    0 |          0 |
|     g_mac_a_out_a_in[154].u |                  spmw_fifo_55 |          7 |          7 |       0 |    0 |     18 |      0 |      0 |    0 |          0 |
|     g_mac_a_out_a_in[155].u |                  spmw_fifo_56 |          6 |          6 |       0 |    0 |     18 |      0 |      0 |    0 |          0 |
|     g_mac_a_out_a_in[156].u |                  spmw_fifo_57 |          6 |          6 |       0 |    0 |     18 |      0 |      0 |    0 |          0 |
|     g_mac_a_out_a_in[157].u |                  spmw_fifo_58 |          6 |          6 |       0 |    0 |     18 |      0 |      0 |    0 |          0 |
|     g_mac_a_out_a_in[158].u |                  spmw_fifo_59 |          7 |          7 |       0 |    0 |     18 |      0 |      0 |    0 |          0 |
|     g_mac_a_out_a_in[159].u |                  spmw_fifo_60 |          6 |          6 |       0 |    0 |     18 |      0 |      0 |    0 |          0 |
|     g_mac_a_out_a_in[15].u  |                  spmw_fifo_61 |          7 |          7 |       0 |    0 |     18 |      0 |      0 |    0 |          0 |
|     g_mac_a_out_a_in[161].u |                  spmw_fifo_62 |          6 |          6 |       0 |    0 |     18 |      0 |      0 |    0 |          0 |
|     g_mac_a_out_a_in[162].u |                  spmw_fifo_63 |          7 |          7 |       0 |    0 |     18 |      0 |      0 |    0 |          0 |
|     g_mac_a_out_a_in[163].u |                  spmw_fifo_64 |          7 |          7 |       0 |    0 |     18 |      0 |      0 |    0 |          0 |
|     g_mac_a_out_a_in[164].u |                  spmw_fifo_65 |          7 |          7 |       0 |    0 |     18 |      0 |      0 |    0 |          0 |
|     g_mac_a_out_a_in[165].u |                  spmw_fifo_66 |          7 |          7 |       0 |    0 |     18 |      0 |      0 |    0 |          0 |
|     g_mac_a_out_a_in[166].u |                  spmw_fifo_67 |          7 |          7 |       0 |    0 |     18 |      0 |      0 |    0 |          0 |
|     g_mac_a_out_a_in[167].u |                  spmw_fifo_68 |          7 |          7 |       0 |    0 |     18 |      0 |      0 |    0 |          0 |
|     g_mac_a_out_a_in[168].u |                  spmw_fifo_69 |          7 |          7 |       0 |    0 |     18 |      0 |      0 |    0 |          0 |
|     g_mac_a_out_a_in[169].u |                  spmw_fifo_70 |          7 |          7 |       0 |    0 |     18 |      0 |      0 |    0 |          0 |
|     g_mac_a_out_a_in[170].u |                  spmw_fifo_71 |          6 |          6 |       0 |    0 |     18 |      0 |      0 |    0 |          0 |
|     g_mac_a_out_a_in[171].u |                  spmw_fifo_72 |          7 |          7 |       0 |    0 |     18 |      0 |      0 |    0 |          0 |
|     g_mac_a_out_a_in[172].u |                  spmw_fifo_73 |          8 |          8 |       0 |    0 |     18 |      0 |      0 |    0 |          0 |
|     g_mac_a_out_a_in[173].u |                  spmw_fifo_74 |          6 |          6 |       0 |    0 |     18 |      0 |      0 |    0 |          0 |
|     g_mac_a_out_a_in[174].u |                  spmw_fifo_75 |          6 |          6 |       0 |    0 |     18 |      0 |      0 |    0 |          0 |
|     g_mac_a_out_a_in[175].u |                  spmw_fifo_76 |          6 |          6 |       0 |    0 |     18 |      0 |      0 |    0 |          0 |
|     g_mac_a_out_a_in[177].u |                  spmw_fifo_77 |          6 |          6 |       0 |    0 |     18 |      0 |      0 |    0 |          0 |
|     g_mac_a_out_a_in[178].u |                  spmw_fifo_78 |          7 |          7 |       0 |    0 |     18 |      0 |      0 |    0 |          0 |
|     g_mac_a_out_a_in[179].u |                  spmw_fifo_79 |          7 |          7 |       0 |    0 |     18 |      0 |      0 |    0 |          0 |
|     g_mac_a_out_a_in[17].u  |                  spmw_fifo_80 |          6 |          6 |       0 |    0 |     18 |      0 |      0 |    0 |          0 |
|     g_mac_a_out_a_in[180].u |                  spmw_fifo_81 |          7 |          7 |       0 |    0 |     18 |      0 |      0 |    0 |          0 |
|     g_mac_a_out_a_in[181].u |                  spmw_fifo_82 |          7 |          7 |       0 |    0 |     18 |      0 |      0 |    0 |          0 |
|     g_mac_a_out_a_in[182].u |                  spmw_fifo_83 |          7 |          7 |       0 |    0 |     18 |      0 |      0 |    0 |          0 |
|     g_mac_a_out_a_in[183].u |                  spmw_fifo_84 |          7 |          7 |       0 |    0 |     18 |      0 |      0 |    0 |          0 |
|     g_mac_a_out_a_in[184].u |                  spmw_fifo_85 |          7 |          7 |       0 |    0 |     18 |      0 |      0 |    0 |          0 |
|     g_mac_a_out_a_in[185].u |                  spmw_fifo_86 |          6 |          6 |       0 |    0 |     18 |      0 |      0 |    0 |          0 |
|     g_mac_a_out_a_in[186].u |                  spmw_fifo_87 |          6 |          6 |       0 |    0 |     18 |      0 |      0 |    0 |          0 |
|     g_mac_a_out_a_in[187].u |                  spmw_fifo_88 |          6 |          6 |       0 |    0 |     18 |      0 |      0 |    0 |          0 |
|     g_mac_a_out_a_in[188].u |                  spmw_fifo_89 |          6 |          6 |       0 |    0 |     18 |      0 |      0 |    0 |          0 |
|     g_mac_a_out_a_in[189].u |                  spmw_fifo_90 |          6 |          6 |       0 |    0 |     18 |      0 |      0 |    0 |          0 |
|     g_mac_a_out_a_in[18].u  |                  spmw_fifo_91 |          6 |          6 |       0 |    0 |     18 |      0 |      0 |    0 |          0 |
|     g_mac_a_out_a_in[190].u |                  spmw_fifo_92 |          6 |          6 |       0 |    0 |     18 |      0 |      0 |    0 |          0 |
|     g_mac_a_out_a_in[191].u |                  spmw_fifo_93 |          6 |          6 |       0 |    0 |     18 |      0 |      0 |    0 |          0 |
|     g_mac_a_out_a_in[193].u |                  spmw_fifo_94 |          6 |          6 |       0 |    0 |     18 |      0 |      0 |    0 |          0 |
|     g_mac_a_out_a_in[194].u |                  spmw_fifo_95 |          7 |          7 |       0 |    0 |     18 |      0 |      0 |    0 |          0 |
|     g_mac_a_out_a_in[195].u |                  spmw_fifo_96 |          7 |          7 |       0 |    0 |     18 |      0 |      0 |    0 |          0 |
|     g_mac_a_out_a_in[196].u |                  spmw_fifo_97 |          7 |          7 |       0 |    0 |     18 |      0 |      0 |    0 |          0 |
|     g_mac_a_out_a_in[197].u |                  spmw_fifo_98 |          7 |          7 |       0 |    0 |     18 |      0 |      0 |    0 |          0 |
|     g_mac_a_out_a_in[198].u |                  spmw_fifo_99 |          7 |          7 |       0 |    0 |     18 |      0 |      0 |    0 |          0 |
|     g_mac_a_out_a_in[199].u |                 spmw_fifo_100 |          7 |          7 |       0 |    0 |     18 |      0 |      0 |    0 |          0 |
|     g_mac_a_out_a_in[19].u  |                 spmw_fifo_101 |          7 |          7 |       0 |    0 |     18 |      0 |      0 |    0 |          0 |
|     g_mac_a_out_a_in[1].u   |                 spmw_fifo_102 |          7 |          7 |       0 |    0 |     18 |      0 |      0 |    0 |          0 |
|     g_mac_a_out_a_in[200].u |                 spmw_fifo_103 |          6 |          6 |       0 |    0 |     18 |      0 |      0 |    0 |          0 |
|     g_mac_a_out_a_in[201].u |                 spmw_fifo_104 |          6 |          6 |       0 |    0 |     18 |      0 |      0 |    0 |          0 |
|     g_mac_a_out_a_in[202].u |                 spmw_fifo_105 |          6 |          6 |       0 |    0 |     18 |      0 |      0 |    0 |          0 |
|     g_mac_a_out_a_in[203].u |                 spmw_fifo_106 |          6 |          6 |       0 |    0 |     18 |      0 |      0 |    0 |          0 |
|     g_mac_a_out_a_in[204].u |                 spmw_fifo_107 |          6 |          6 |       0 |    0 |     18 |      0 |      0 |    0 |          0 |
|     g_mac_a_out_a_in[205].u |                 spmw_fifo_108 |          6 |          6 |       0 |    0 |     18 |      0 |      0 |    0 |          0 |
|     g_mac_a_out_a_in[206].u |                 spmw_fifo_109 |          6 |          6 |       0 |    0 |     18 |      0 |      0 |    0 |          0 |
|     g_mac_a_out_a_in[207].u |                 spmw_fifo_110 |          7 |          7 |       0 |    0 |     18 |      0 |      0 |    0 |          0 |
|     g_mac_a_out_a_in[209].u |                 spmw_fifo_111 |          7 |          7 |       0 |    0 |     18 |      0 |      0 |    0 |          0 |
|     g_mac_a_out_a_in[20].u  |                 spmw_fifo_112 |          7 |          7 |       0 |    0 |     18 |      0 |      0 |    0 |          0 |
|     g_mac_a_out_a_in[210].u |                 spmw_fifo_113 |          7 |          7 |       0 |    0 |     18 |      0 |      0 |    0 |          0 |
|     g_mac_a_out_a_in[211].u |                 spmw_fifo_114 |          7 |          7 |       0 |    0 |     18 |      0 |      0 |    0 |          0 |
|     g_mac_a_out_a_in[212].u |                 spmw_fifo_115 |          7 |          7 |       0 |    0 |     18 |      0 |      0 |    0 |          0 |
|     g_mac_a_out_a_in[213].u |                 spmw_fifo_116 |          7 |          7 |       0 |    0 |     18 |      0 |      0 |    0 |          0 |
|     g_mac_a_out_a_in[214].u |                 spmw_fifo_117 |          7 |          7 |       0 |    0 |     18 |      0 |      0 |    0 |          0 |
|     g_mac_a_out_a_in[215].u |                 spmw_fifo_118 |          7 |          7 |       0 |    0 |     18 |      0 |      0 |    0 |          0 |
|     g_mac_a_out_a_in[216].u |                 spmw_fifo_119 |          6 |          6 |       0 |    0 |     18 |      0 |      0 |    0 |          0 |
|     g_mac_a_out_a_in[217].u |                 spmw_fifo_120 |          6 |          6 |       0 |    0 |     18 |      0 |      0 |    0 |          0 |
|     g_mac_a_out_a_in[218].u |                 spmw_fifo_121 |          6 |          6 |       0 |    0 |     18 |      0 |      0 |    0 |          0 |
|     g_mac_a_out_a_in[219].u |                 spmw_fifo_122 |          6 |          6 |       0 |    0 |     18 |      0 |      0 |    0 |          0 |
|     g_mac_a_out_a_in[21].u  |                 spmw_fifo_123 |          7 |          7 |       0 |    0 |     18 |      0 |      0 |    0 |          0 |
|     g_mac_a_out_a_in[220].u |                 spmw_fifo_124 |          6 |          6 |       0 |    0 |     18 |      0 |      0 |    0 |          0 |
|     g_mac_a_out_a_in[221].u |                 spmw_fifo_125 |          6 |          6 |       0 |    0 |     18 |      0 |      0 |    0 |          0 |
|     g_mac_a_out_a_in[222].u |                 spmw_fifo_126 |          6 |          6 |       0 |    0 |     18 |      0 |      0 |    0 |          0 |
|     g_mac_a_out_a_in[223].u |                 spmw_fifo_127 |          6 |          6 |       0 |    0 |     18 |      0 |      0 |    0 |          0 |
|     g_mac_a_out_a_in[225].u |                 spmw_fifo_128 |          7 |          7 |       0 |    0 |     18 |      0 |      0 |    0 |          0 |
|     g_mac_a_out_a_in[226].u |                 spmw_fifo_129 |          7 |          7 |       0 |    0 |     18 |      0 |      0 |    0 |          0 |
|     g_mac_a_out_a_in[227].u |                 spmw_fifo_130 |          7 |          7 |       0 |    0 |     18 |      0 |      0 |    0 |          0 |
|     g_mac_a_out_a_in[228].u |                 spmw_fifo_131 |          7 |          7 |       0 |    0 |     18 |      0 |      0 |    0 |          0 |
|     g_mac_a_out_a_in[229].u |                 spmw_fifo_132 |          7 |          7 |       0 |    0 |     18 |      0 |      0 |    0 |          0 |
|     g_mac_a_out_a_in[22].u  |                 spmw_fifo_133 |          7 |          7 |       0 |    0 |     18 |      0 |      0 |    0 |          0 |
|     g_mac_a_out_a_in[230].u |                 spmw_fifo_134 |          7 |          7 |       0 |    0 |     18 |      0 |      0 |    0 |          0 |
|     g_mac_a_out_a_in[231].u |                 spmw_fifo_135 |          7 |          7 |       0 |    0 |     18 |      0 |      0 |    0 |          0 |
|     g_mac_a_out_a_in[232].u |                 spmw_fifo_136 |          6 |          6 |       0 |    0 |     18 |      0 |      0 |    0 |          0 |
|     g_mac_a_out_a_in[233].u |                 spmw_fifo_137 |          6 |          6 |       0 |    0 |     18 |      0 |      0 |    0 |          0 |
|     g_mac_a_out_a_in[234].u |                 spmw_fifo_138 |          6 |          6 |       0 |    0 |     18 |      0 |      0 |    0 |          0 |
|     g_mac_a_out_a_in[235].u |                 spmw_fifo_139 |          6 |          6 |       0 |    0 |     18 |      0 |      0 |    0 |          0 |
|     g_mac_a_out_a_in[236].u |                 spmw_fifo_140 |          6 |          6 |       0 |    0 |     18 |      0 |      0 |    0 |          0 |
|     g_mac_a_out_a_in[237].u |                 spmw_fifo_141 |          6 |          6 |       0 |    0 |     18 |      0 |      0 |    0 |          0 |
|     g_mac_a_out_a_in[238].u |                 spmw_fifo_142 |          6 |          6 |       0 |    0 |     18 |      0 |      0 |    0 |          0 |
|     g_mac_a_out_a_in[239].u |                 spmw_fifo_143 |          6 |          6 |       0 |    0 |     18 |      0 |      0 |    0 |          0 |
|     g_mac_a_out_a_in[23].u  |                 spmw_fifo_144 |          7 |          7 |       0 |    0 |     18 |      0 |      0 |    0 |          0 |
|     g_mac_a_out_a_in[241].u |                 spmw_fifo_145 |          7 |          7 |       0 |    0 |     18 |      0 |      0 |    0 |          0 |
|     g_mac_a_out_a_in[242].u |                 spmw_fifo_146 |          7 |          7 |       0 |    0 |     18 |      0 |      0 |    0 |          0 |
|     g_mac_a_out_a_in[243].u |                 spmw_fifo_147 |          7 |          7 |       0 |    0 |     18 |      0 |      0 |    0 |          0 |
|     g_mac_a_out_a_in[244].u |                 spmw_fifo_148 |          7 |          7 |       0 |    0 |     18 |      0 |      0 |    0 |          0 |
|     g_mac_a_out_a_in[245].u |                 spmw_fifo_149 |          6 |          6 |       0 |    0 |     18 |      0 |      0 |    0 |          0 |
|     g_mac_a_out_a_in[246].u |                 spmw_fifo_150 |          6 |          6 |       0 |    0 |     18 |      0 |      0 |    0 |          0 |
|     g_mac_a_out_a_in[247].u |                 spmw_fifo_151 |          7 |          7 |       0 |    0 |     18 |      0 |      0 |    0 |          0 |
|     g_mac_a_out_a_in[248].u |                 spmw_fifo_152 |          6 |          6 |       0 |    0 |     18 |      0 |      0 |    0 |          0 |
|     g_mac_a_out_a_in[249].u |                 spmw_fifo_153 |          6 |          6 |       0 |    0 |     18 |      0 |      0 |    0 |          0 |
|     g_mac_a_out_a_in[24].u  |                 spmw_fifo_154 |          7 |          7 |       0 |    0 |     18 |      0 |      0 |    0 |          0 |
|     g_mac_a_out_a_in[250].u |                 spmw_fifo_155 |          6 |          6 |       0 |    0 |     18 |      0 |      0 |    0 |          0 |
|     g_mac_a_out_a_in[251].u |                 spmw_fifo_156 |          6 |          6 |       0 |    0 |     18 |      0 |      0 |    0 |          0 |
|     g_mac_a_out_a_in[252].u |                 spmw_fifo_157 |          6 |          6 |       0 |    0 |     18 |      0 |      0 |    0 |          0 |
|     g_mac_a_out_a_in[253].u |                 spmw_fifo_158 |          6 |          6 |       0 |    0 |     18 |      0 |      0 |    0 |          0 |
|     g_mac_a_out_a_in[254].u |                 spmw_fifo_159 |          6 |          6 |       0 |    0 |     18 |      0 |      0 |    0 |          0 |
|     g_mac_a_out_a_in[255].u |                 spmw_fifo_160 |          6 |          6 |       0 |    0 |     18 |      0 |      0 |    0 |          0 |
|     g_mac_a_out_a_in[25].u  |                 spmw_fifo_161 |          7 |          7 |       0 |    0 |     18 |      0 |      0 |    0 |          0 |
|     g_mac_a_out_a_in[26].u  |                 spmw_fifo_162 |          7 |          7 |       0 |    0 |     18 |      0 |      0 |    0 |          0 |
|     g_mac_a_out_a_in[27].u  |                 spmw_fifo_163 |          7 |          7 |       0 |    0 |     18 |      0 |      0 |    0 |          0 |
|     g_mac_a_out_a_in[28].u  |                 spmw_fifo_164 |          7 |          7 |       0 |    0 |     18 |      0 |      0 |    0 |          0 |
|     g_mac_a_out_a_in[29].u  |                 spmw_fifo_165 |          7 |          7 |       0 |    0 |     18 |      0 |      0 |    0 |          0 |
|     g_mac_a_out_a_in[2].u   |                 spmw_fifo_166 |          6 |          6 |       0 |    0 |     18 |      0 |      0 |    0 |          0 |
|     g_mac_a_out_a_in[30].u  |                 spmw_fifo_167 |          7 |          7 |       0 |    0 |     18 |      0 |      0 |    0 |          0 |
|     g_mac_a_out_a_in[31].u  |                 spmw_fifo_168 |          7 |          7 |       0 |    0 |     18 |      0 |      0 |    0 |          0 |
|     g_mac_a_out_a_in[33].u  |                 spmw_fifo_169 |          6 |          6 |       0 |    0 |     18 |      0 |      0 |    0 |          0 |
|     g_mac_a_out_a_in[34].u  |                 spmw_fifo_170 |          6 |          6 |       0 |    0 |     18 |      0 |      0 |    0 |          0 |
|     g_mac_a_out_a_in[35].u  |                 spmw_fifo_171 |          7 |          7 |       0 |    0 |     18 |      0 |      0 |    0 |          0 |
|     g_mac_a_out_a_in[36].u  |                 spmw_fifo_172 |          7 |          7 |       0 |    0 |     18 |      0 |      0 |    0 |          0 |
|     g_mac_a_out_a_in[37].u  |                 spmw_fifo_173 |          7 |          7 |       0 |    0 |     18 |      0 |      0 |    0 |          0 |
|     g_mac_a_out_a_in[38].u  |                 spmw_fifo_174 |          7 |          7 |       0 |    0 |     18 |      0 |      0 |    0 |          0 |
|     g_mac_a_out_a_in[39].u  |                 spmw_fifo_175 |          7 |          7 |       0 |    0 |     18 |      0 |      0 |    0 |          0 |
|     g_mac_a_out_a_in[3].u   |                 spmw_fifo_176 |          7 |          7 |       0 |    0 |     18 |      0 |      0 |    0 |          0 |
|     g_mac_a_out_a_in[40].u  |                 spmw_fifo_177 |          7 |          7 |       0 |    0 |     18 |      0 |      0 |    0 |          0 |
|     g_mac_a_out_a_in[41].u  |                 spmw_fifo_178 |          7 |          7 |       0 |    0 |     18 |      0 |      0 |    0 |          0 |
|     g_mac_a_out_a_in[42].u  |                 spmw_fifo_179 |          7 |          7 |       0 |    0 |     18 |      0 |      0 |    0 |          0 |
|     g_mac_a_out_a_in[43].u  |                 spmw_fifo_180 |          7 |          7 |       0 |    0 |     18 |      0 |      0 |    0 |          0 |
|     g_mac_a_out_a_in[44].u  |                 spmw_fifo_181 |          7 |          7 |       0 |    0 |     18 |      0 |      0 |    0 |          0 |
|     g_mac_a_out_a_in[45].u  |                 spmw_fifo_182 |          7 |          7 |       0 |    0 |     18 |      0 |      0 |    0 |          0 |
|     g_mac_a_out_a_in[46].u  |                 spmw_fifo_183 |          7 |          7 |       0 |    0 |     18 |      0 |      0 |    0 |          0 |
|     g_mac_a_out_a_in[47].u  |                 spmw_fifo_184 |          7 |          7 |       0 |    0 |     18 |      0 |      0 |    0 |          0 |
|     g_mac_a_out_a_in[49].u  |                 spmw_fifo_185 |          6 |          6 |       0 |    0 |     18 |      0 |      0 |    0 |          0 |
|     g_mac_a_out_a_in[4].u   |                 spmw_fifo_186 |          7 |          7 |       0 |    0 |     18 |      0 |      0 |    0 |          0 |
|     g_mac_a_out_a_in[50].u  |                 spmw_fifo_187 |          6 |          6 |       0 |    0 |     18 |      0 |      0 |    0 |          0 |
|     g_mac_a_out_a_in[51].u  |                 spmw_fifo_188 |          6 |          6 |       0 |    0 |     18 |      0 |      0 |    0 |          0 |
|     g_mac_a_out_a_in[52].u  |                 spmw_fifo_189 |          7 |          7 |       0 |    0 |     18 |      0 |      0 |    0 |          0 |
|     g_mac_a_out_a_in[53].u  |                 spmw_fifo_190 |          7 |          7 |       0 |    0 |     18 |      0 |      0 |    0 |          0 |
|     g_mac_a_out_a_in[54].u  |                 spmw_fifo_191 |          7 |          7 |       0 |    0 |     18 |      0 |      0 |    0 |          0 |
|     g_mac_a_out_a_in[55].u  |                 spmw_fifo_192 |          7 |          7 |       0 |    0 |     18 |      0 |      0 |    0 |          0 |
|     g_mac_a_out_a_in[56].u  |                 spmw_fifo_193 |          8 |          8 |       0 |    0 |     18 |      0 |      0 |    0 |          0 |
|     g_mac_a_out_a_in[57].u  |                 spmw_fifo_194 |          6 |          6 |       0 |    0 |     18 |      0 |      0 |    0 |          0 |
|     g_mac_a_out_a_in[58].u  |                 spmw_fifo_195 |          6 |          6 |       0 |    0 |     18 |      0 |      0 |    0 |          0 |
|     g_mac_a_out_a_in[59].u  |                 spmw_fifo_196 |          6 |          6 |       0 |    0 |     18 |      0 |      0 |    0 |          0 |
|     g_mac_a_out_a_in[5].u   |                 spmw_fifo_197 |          7 |          7 |       0 |    0 |     18 |      0 |      0 |    0 |          0 |
|     g_mac_a_out_a_in[60].u  |                 spmw_fifo_198 |          6 |          6 |       0 |    0 |     18 |      0 |      0 |    0 |          0 |
|     g_mac_a_out_a_in[61].u  |                 spmw_fifo_199 |          6 |          6 |       0 |    0 |     18 |      0 |      0 |    0 |          0 |
|     g_mac_a_out_a_in[62].u  |                 spmw_fifo_200 |          6 |          6 |       0 |    0 |     18 |      0 |      0 |    0 |          0 |
|     g_mac_a_out_a_in[63].u  |                 spmw_fifo_201 |          6 |          6 |       0 |    0 |     18 |      0 |      0 |    0 |          0 |
|     g_mac_a_out_a_in[65].u  |                 spmw_fifo_202 |          7 |          7 |       0 |    0 |     18 |      0 |      0 |    0 |          0 |
|     g_mac_a_out_a_in[66].u  |                 spmw_fifo_203 |          7 |          7 |       0 |    0 |     18 |      0 |      0 |    0 |          0 |
|     g_mac_a_out_a_in[67].u  |                 spmw_fifo_204 |          7 |          7 |       0 |    0 |     18 |      0 |      0 |    0 |          0 |
|     g_mac_a_out_a_in[68].u  |                 spmw_fifo_205 |          7 |          7 |       0 |    0 |     18 |      0 |      0 |    0 |          0 |
|     g_mac_a_out_a_in[69].u  |                 spmw_fifo_206 |          7 |          7 |       0 |    0 |     18 |      0 |      0 |    0 |          0 |
|     g_mac_a_out_a_in[6].u   |                 spmw_fifo_207 |          7 |          7 |       0 |    0 |     18 |      0 |      0 |    0 |          0 |
|     g_mac_a_out_a_in[70].u  |                 spmw_fifo_208 |          7 |          7 |       0 |    0 |     18 |      0 |      0 |    0 |          0 |
|     g_mac_a_out_a_in[71].u  |                 spmw_fifo_209 |          7 |          7 |       0 |    0 |     18 |      0 |      0 |    0 |          0 |
|     g_mac_a_out_a_in[72].u  |                 spmw_fifo_210 |          7 |          7 |       0 |    0 |     18 |      0 |      0 |    0 |          0 |
|     g_mac_a_out_a_in[73].u  |                 spmw_fifo_211 |          7 |          7 |       0 |    0 |     18 |      0 |      0 |    0 |          0 |
|     g_mac_a_out_a_in[74].u  |                 spmw_fifo_212 |          7 |          7 |       0 |    0 |     18 |      0 |      0 |    0 |          0 |
|     g_mac_a_out_a_in[75].u  |                 spmw_fifo_213 |          6 |          6 |       0 |    0 |     18 |      0 |      0 |    0 |          0 |
|     g_mac_a_out_a_in[76].u  |                 spmw_fifo_214 |          6 |          6 |       0 |    0 |     18 |      0 |      0 |    0 |          0 |
|     g_mac_a_out_a_in[77].u  |                 spmw_fifo_215 |          6 |          6 |       0 |    0 |     18 |      0 |      0 |    0 |          0 |
|     g_mac_a_out_a_in[78].u  |                 spmw_fifo_216 |          6 |          6 |       0 |    0 |     18 |      0 |      0 |    0 |          0 |
|     g_mac_a_out_a_in[79].u  |                 spmw_fifo_217 |          6 |          6 |       0 |    0 |     18 |      0 |      0 |    0 |          0 |
|     g_mac_a_out_a_in[7].u   |                 spmw_fifo_218 |          7 |          7 |       0 |    0 |     18 |      0 |      0 |    0 |          0 |
|     g_mac_a_out_a_in[81].u  |                 spmw_fifo_219 |          7 |          7 |       0 |    0 |     18 |      0 |      0 |    0 |          0 |
|     g_mac_a_out_a_in[82].u  |                 spmw_fifo_220 |          7 |          7 |       0 |    0 |     18 |      0 |      0 |    0 |          0 |
|     g_mac_a_out_a_in[83].u  |                 spmw_fifo_221 |          7 |          7 |       0 |    0 |     18 |      0 |      0 |    0 |          0 |
|     g_mac_a_out_a_in[84].u  |                 spmw_fifo_222 |          7 |          7 |       0 |    0 |     18 |      0 |      0 |    0 |          0 |
|     g_mac_a_out_a_in[85].u  |                 spmw_fifo_223 |          6 |          6 |       0 |    0 |     18 |      0 |      0 |    0 |          0 |
|     g_mac_a_out_a_in[86].u  |                 spmw_fifo_224 |          6 |          6 |       0 |    0 |     18 |      0 |      0 |    0 |          0 |
|     g_mac_a_out_a_in[87].u  |                 spmw_fifo_225 |          6 |          6 |       0 |    0 |     18 |      0 |      0 |    0 |          0 |
|     g_mac_a_out_a_in[88].u  |                 spmw_fifo_226 |          6 |          6 |       0 |    0 |     18 |      0 |      0 |    0 |          0 |
|     g_mac_a_out_a_in[89].u  |                 spmw_fifo_227 |          6 |          6 |       0 |    0 |     18 |      0 |      0 |    0 |          0 |
|     g_mac_a_out_a_in[8].u   |                 spmw_fifo_228 |          7 |          7 |       0 |    0 |     18 |      0 |      0 |    0 |          0 |
|     g_mac_a_out_a_in[90].u  |                 spmw_fifo_229 |          6 |          6 |       0 |    0 |     18 |      0 |      0 |    0 |          0 |
|     g_mac_a_out_a_in[91].u  |                 spmw_fifo_230 |          6 |          6 |       0 |    0 |     18 |      0 |      0 |    0 |          0 |
|     g_mac_a_out_a_in[92].u  |                 spmw_fifo_231 |          6 |          6 |       0 |    0 |     18 |      0 |      0 |    0 |          0 |
|     g_mac_a_out_a_in[93].u  |                 spmw_fifo_232 |          6 |          6 |       0 |    0 |     18 |      0 |      0 |    0 |          0 |
|     g_mac_a_out_a_in[94].u  |                 spmw_fifo_233 |          6 |          6 |       0 |    0 |     18 |      0 |      0 |    0 |          0 |
|     g_mac_a_out_a_in[95].u  |                 spmw_fifo_234 |          6 |          6 |       0 |    0 |     18 |      0 |      0 |    0 |          0 |
|     g_mac_a_out_a_in[97].u  |                 spmw_fifo_235 |          7 |          7 |       0 |    0 |     18 |      0 |      0 |    0 |          0 |
|     g_mac_a_out_a_in[98].u  |                 spmw_fifo_236 |          7 |          7 |       0 |    0 |     18 |      0 |      0 |    0 |          0 |
|     g_mac_a_out_a_in[99].u  |                 spmw_fifo_237 |          7 |          7 |       0 |    0 |     18 |      0 |      0 |    0 |          0 |
|     g_mac_a_out_a_in[9].u   |                 spmw_fifo_238 |          7 |          7 |       0 |    0 |     18 |      0 |      0 |    0 |          0 |
|     g_mac_p_out_p_in[100].u |     spmw_fifo__parameterized0 |         17 |         17 |       0 |    0 |     66 |      0 |      0 |    0 |          0 |
|     g_mac_p_out_p_in[101].u | spmw_fifo__parameterized0_239 |         16 |         16 |       0 |    0 |     66 |      0 |      0 |    0 |          0 |
|     g_mac_p_out_p_in[102].u | spmw_fifo__parameterized0_240 |         16 |         16 |       0 |    0 |     66 |      0 |      0 |    0 |          0 |
|     g_mac_p_out_p_in[103].u | spmw_fifo__parameterized0_241 |         16 |         16 |       0 |    0 |     66 |      0 |      0 |    0 |          0 |
|     g_mac_p_out_p_in[104].u | spmw_fifo__parameterized0_242 |         16 |         16 |       0 |    0 |     66 |      0 |      0 |    0 |          0 |
|     g_mac_p_out_p_in[105].u | spmw_fifo__parameterized0_243 |         16 |         16 |       0 |    0 |     66 |      0 |      0 |    0 |          0 |
|     g_mac_p_out_p_in[106].u | spmw_fifo__parameterized0_244 |         16 |         16 |       0 |    0 |     66 |      0 |      0 |    0 |          0 |
|     g_mac_p_out_p_in[107].u | spmw_fifo__parameterized0_245 |         16 |         16 |       0 |    0 |     66 |      0 |      0 |    0 |          0 |
|     g_mac_p_out_p_in[108].u | spmw_fifo__parameterized0_246 |         16 |         16 |       0 |    0 |     66 |      0 |      0 |    0 |          0 |
|     g_mac_p_out_p_in[109].u | spmw_fifo__parameterized0_247 |         16 |         16 |       0 |    0 |     66 |      0 |      0 |    0 |          0 |
|     g_mac_p_out_p_in[110].u | spmw_fifo__parameterized0_248 |         16 |         16 |       0 |    0 |     66 |      0 |      0 |    0 |          0 |
|     g_mac_p_out_p_in[111].u | spmw_fifo__parameterized0_249 |         16 |         16 |       0 |    0 |     66 |      0 |      0 |    0 |          0 |
|     g_mac_p_out_p_in[112].u | spmw_fifo__parameterized0_250 |         17 |         17 |       0 |    0 |     66 |      0 |      0 |    0 |          0 |
|     g_mac_p_out_p_in[113].u | spmw_fifo__parameterized0_251 |         17 |         17 |       0 |    0 |     66 |      0 |      0 |    0 |          0 |
|     g_mac_p_out_p_in[114].u | spmw_fifo__parameterized0_252 |         17 |         17 |       0 |    0 |     66 |      0 |      0 |    0 |          0 |
|     g_mac_p_out_p_in[115].u | spmw_fifo__parameterized0_253 |         17 |         17 |       0 |    0 |     66 |      0 |      0 |    0 |          0 |
|     g_mac_p_out_p_in[116].u | spmw_fifo__parameterized0_254 |         17 |         17 |       0 |    0 |     66 |      0 |      0 |    0 |          0 |
|     g_mac_p_out_p_in[117].u | spmw_fifo__parameterized0_255 |         17 |         17 |       0 |    0 |     66 |      0 |      0 |    0 |          0 |
|     g_mac_p_out_p_in[118].u | spmw_fifo__parameterized0_256 |         17 |         17 |       0 |    0 |     66 |      0 |      0 |    0 |          0 |
|     g_mac_p_out_p_in[119].u | spmw_fifo__parameterized0_257 |         17 |         17 |       0 |    0 |     66 |      0 |      0 |    0 |          0 |
|     g_mac_p_out_p_in[120].u | spmw_fifo__parameterized0_258 |         17 |         17 |       0 |    0 |     66 |      0 |      0 |    0 |          0 |
|     g_mac_p_out_p_in[121].u | spmw_fifo__parameterized0_259 |         17 |         17 |       0 |    0 |     66 |      0 |      0 |    0 |          0 |
|     g_mac_p_out_p_in[122].u | spmw_fifo__parameterized0_260 |         17 |         17 |       0 |    0 |     66 |      0 |      0 |    0 |          0 |
|     g_mac_p_out_p_in[123].u | spmw_fifo__parameterized0_261 |         17 |         17 |       0 |    0 |     66 |      0 |      0 |    0 |          0 |
|     g_mac_p_out_p_in[124].u | spmw_fifo__parameterized0_262 |         17 |         17 |       0 |    0 |     66 |      0 |      0 |    0 |          0 |
|     g_mac_p_out_p_in[125].u | spmw_fifo__parameterized0_263 |         17 |         17 |       0 |    0 |     66 |      0 |      0 |    0 |          0 |
|     g_mac_p_out_p_in[126].u | spmw_fifo__parameterized0_264 |         17 |         17 |       0 |    0 |     66 |      0 |      0 |    0 |          0 |
|     g_mac_p_out_p_in[127].u | spmw_fifo__parameterized0_265 |         17 |         17 |       0 |    0 |     66 |      0 |      0 |    0 |          0 |
|     g_mac_p_out_p_in[128].u | spmw_fifo__parameterized0_266 |         16 |         16 |       0 |    0 |     66 |      0 |      0 |    0 |          0 |
|     g_mac_p_out_p_in[129].u | spmw_fifo__parameterized0_267 |         16 |         16 |       0 |    0 |     66 |      0 |      0 |    0 |          0 |
|     g_mac_p_out_p_in[130].u | spmw_fifo__parameterized0_268 |         16 |         16 |       0 |    0 |     66 |      0 |      0 |    0 |          0 |
|     g_mac_p_out_p_in[131].u | spmw_fifo__parameterized0_269 |         16 |         16 |       0 |    0 |     66 |      0 |      0 |    0 |          0 |
|     g_mac_p_out_p_in[132].u | spmw_fifo__parameterized0_270 |         16 |         16 |       0 |    0 |     66 |      0 |      0 |    0 |          0 |
|     g_mac_p_out_p_in[133].u | spmw_fifo__parameterized0_271 |         16 |         16 |       0 |    0 |     66 |      0 |      0 |    0 |          0 |
|     g_mac_p_out_p_in[134].u | spmw_fifo__parameterized0_272 |         16 |         16 |       0 |    0 |     66 |      0 |      0 |    0 |          0 |
|     g_mac_p_out_p_in[135].u | spmw_fifo__parameterized0_273 |         16 |         16 |       0 |    0 |     66 |      0 |      0 |    0 |          0 |
|     g_mac_p_out_p_in[136].u | spmw_fifo__parameterized0_274 |         16 |         16 |       0 |    0 |     66 |      0 |      0 |    0 |          0 |
|     g_mac_p_out_p_in[137].u | spmw_fifo__parameterized0_275 |         16 |         16 |       0 |    0 |     66 |      0 |      0 |    0 |          0 |
|     g_mac_p_out_p_in[138].u | spmw_fifo__parameterized0_276 |         16 |         16 |       0 |    0 |     66 |      0 |      0 |    0 |          0 |
|     g_mac_p_out_p_in[139].u | spmw_fifo__parameterized0_277 |         16 |         16 |       0 |    0 |     66 |      0 |      0 |    0 |          0 |
|     g_mac_p_out_p_in[140].u | spmw_fifo__parameterized0_278 |         16 |         16 |       0 |    0 |     66 |      0 |      0 |    0 |          0 |
|     g_mac_p_out_p_in[141].u | spmw_fifo__parameterized0_279 |         16 |         16 |       0 |    0 |     66 |      0 |      0 |    0 |          0 |
|     g_mac_p_out_p_in[142].u | spmw_fifo__parameterized0_280 |         16 |         16 |       0 |    0 |     66 |      0 |      0 |    0 |          0 |
|     g_mac_p_out_p_in[143].u | spmw_fifo__parameterized0_281 |         17 |         17 |       0 |    0 |     66 |      0 |      0 |    0 |          0 |
|     g_mac_p_out_p_in[144].u | spmw_fifo__parameterized0_282 |         17 |         17 |       0 |    0 |     66 |      0 |      0 |    0 |          0 |
|     g_mac_p_out_p_in[145].u | spmw_fifo__parameterized0_283 |         17 |         17 |       0 |    0 |     66 |      0 |      0 |    0 |          0 |
|     g_mac_p_out_p_in[146].u | spmw_fifo__parameterized0_284 |         17 |         17 |       0 |    0 |     66 |      0 |      0 |    0 |          0 |
|     g_mac_p_out_p_in[147].u | spmw_fifo__parameterized0_285 |         17 |         17 |       0 |    0 |     66 |      0 |      0 |    0 |          0 |
|     g_mac_p_out_p_in[148].u | spmw_fifo__parameterized0_286 |         17 |         17 |       0 |    0 |     66 |      0 |      0 |    0 |          0 |
|     g_mac_p_out_p_in[149].u | spmw_fifo__parameterized0_287 |         16 |         16 |       0 |    0 |     66 |      0 |      0 |    0 |          0 |
|     g_mac_p_out_p_in[150].u | spmw_fifo__parameterized0_288 |         16 |         16 |       0 |    0 |     66 |      0 |      0 |    0 |          0 |
|     g_mac_p_out_p_in[151].u | spmw_fifo__parameterized0_289 |         17 |         17 |       0 |    0 |     66 |      0 |      0 |    0 |          0 |
|     g_mac_p_out_p_in[152].u | spmw_fifo__parameterized0_290 |         17 |         17 |       0 |    0 |     66 |      0 |      0 |    0 |          0 |
|     g_mac_p_out_p_in[153].u | spmw_fifo__parameterized0_291 |         18 |         18 |       0 |    0 |     66 |      0 |      0 |    0 |          0 |
|     g_mac_p_out_p_in[154].u | spmw_fifo__parameterized0_292 |         17 |         17 |       0 |    0 |     66 |      0 |      0 |    0 |          0 |
|     g_mac_p_out_p_in[155].u | spmw_fifo__parameterized0_293 |         17 |         17 |       0 |    0 |     66 |      0 |      0 |    0 |          0 |
|     g_mac_p_out_p_in[156].u | spmw_fifo__parameterized0_294 |         17 |         17 |       0 |    0 |     66 |      0 |      0 |    0 |          0 |
|     g_mac_p_out_p_in[157].u | spmw_fifo__parameterized0_295 |         17 |         17 |       0 |    0 |     66 |      0 |      0 |    0 |          0 |
|     g_mac_p_out_p_in[158].u | spmw_fifo__parameterized0_296 |         16 |         16 |       0 |    0 |     66 |      0 |      0 |    0 |          0 |
|     g_mac_p_out_p_in[159].u | spmw_fifo__parameterized0_297 |         16 |         16 |       0 |    0 |     66 |      0 |      0 |    0 |          0 |
|     g_mac_p_out_p_in[160].u | spmw_fifo__parameterized0_298 |         17 |         17 |       0 |    0 |     66 |      0 |      0 |    0 |          0 |
|     g_mac_p_out_p_in[161].u | spmw_fifo__parameterized0_299 |         18 |         18 |       0 |    0 |     66 |      0 |      0 |    0 |          0 |
|     g_mac_p_out_p_in[162].u | spmw_fifo__parameterized0_300 |         16 |         16 |       0 |    0 |     66 |      0 |      0 |    0 |          0 |
|     g_mac_p_out_p_in[163].u | spmw_fifo__parameterized0_301 |         16 |         16 |       0 |    0 |     66 |      0 |      0 |    0 |          0 |
|     g_mac_p_out_p_in[164].u | spmw_fifo__parameterized0_302 |         16 |         16 |       0 |    0 |     66 |      0 |      0 |    0 |          0 |
|     g_mac_p_out_p_in[165].u | spmw_fifo__parameterized0_303 |         17 |         17 |       0 |    0 |     66 |      0 |      0 |    0 |          0 |
|     g_mac_p_out_p_in[166].u | spmw_fifo__parameterized0_304 |         17 |         17 |       0 |    0 |     66 |      0 |      0 |    0 |          0 |
|     g_mac_p_out_p_in[167].u | spmw_fifo__parameterized0_305 |         16 |         16 |       0 |    0 |     66 |      0 |      0 |    0 |          0 |
|     g_mac_p_out_p_in[168].u | spmw_fifo__parameterized0_306 |         16 |         16 |       0 |    0 |     66 |      0 |      0 |    0 |          0 |
|     g_mac_p_out_p_in[169].u | spmw_fifo__parameterized0_307 |         16 |         16 |       0 |    0 |     66 |      0 |      0 |    0 |          0 |
|     g_mac_p_out_p_in[16].u  | spmw_fifo__parameterized0_308 |          8 |          8 |       0 |    0 |     34 |      0 |      0 |    0 |          0 |
|     g_mac_p_out_p_in[170].u | spmw_fifo__parameterized0_309 |         16 |         16 |       0 |    0 |     66 |      0 |      0 |    0 |          0 |
|     g_mac_p_out_p_in[171].u | spmw_fifo__parameterized0_310 |         17 |         17 |       0 |    0 |     66 |      0 |      0 |    0 |          0 |
|     g_mac_p_out_p_in[172].u | spmw_fifo__parameterized0_311 |         17 |         17 |       0 |    0 |     66 |      0 |      0 |    0 |          0 |
|     g_mac_p_out_p_in[173].u | spmw_fifo__parameterized0_312 |         16 |         16 |       0 |    0 |     66 |      0 |      0 |    0 |          0 |
|     g_mac_p_out_p_in[174].u | spmw_fifo__parameterized0_313 |         17 |         17 |       0 |    0 |     66 |      0 |      0 |    0 |          0 |
|     g_mac_p_out_p_in[175].u | spmw_fifo__parameterized0_314 |         17 |         17 |       0 |    0 |     66 |      0 |      0 |    0 |          0 |
|     g_mac_p_out_p_in[176].u | spmw_fifo__parameterized0_315 |         16 |         16 |       0 |    0 |     66 |      0 |      0 |    0 |          0 |
|     g_mac_p_out_p_in[177].u | spmw_fifo__parameterized0_316 |         16 |         16 |       0 |    0 |     66 |      0 |      0 |    0 |          0 |
|     g_mac_p_out_p_in[178].u | spmw_fifo__parameterized0_317 |         16 |         16 |       0 |    0 |     66 |      0 |      0 |    0 |          0 |
|     g_mac_p_out_p_in[179].u | spmw_fifo__parameterized0_318 |         16 |         16 |       0 |    0 |     66 |      0 |      0 |    0 |          0 |
|     g_mac_p_out_p_in[17].u  | spmw_fifo__parameterized0_319 |          8 |          8 |       0 |    0 |     34 |      0 |      0 |    0 |          0 |
|     g_mac_p_out_p_in[180].u | spmw_fifo__parameterized0_320 |         16 |         16 |       0 |    0 |     66 |      0 |      0 |    0 |          0 |
|     g_mac_p_out_p_in[181].u | spmw_fifo__parameterized0_321 |         16 |         16 |       0 |    0 |     66 |      0 |      0 |    0 |          0 |
|     g_mac_p_out_p_in[182].u | spmw_fifo__parameterized0_322 |         16 |         16 |       0 |    0 |     66 |      0 |      0 |    0 |          0 |
|     g_mac_p_out_p_in[183].u | spmw_fifo__parameterized0_323 |         16 |         16 |       0 |    0 |     66 |      0 |      0 |    0 |          0 |
|     g_mac_p_out_p_in[184].u | spmw_fifo__parameterized0_324 |         16 |         16 |       0 |    0 |     66 |      0 |      0 |    0 |          0 |
|     g_mac_p_out_p_in[185].u | spmw_fifo__parameterized0_325 |         16 |         16 |       0 |    0 |     66 |      0 |      0 |    0 |          0 |
|     g_mac_p_out_p_in[186].u | spmw_fifo__parameterized0_326 |         16 |         16 |       0 |    0 |     66 |      0 |      0 |    0 |          0 |
|     g_mac_p_out_p_in[187].u | spmw_fifo__parameterized0_327 |         16 |         16 |       0 |    0 |     66 |      0 |      0 |    0 |          0 |
|     g_mac_p_out_p_in[188].u | spmw_fifo__parameterized0_328 |         16 |         16 |       0 |    0 |     66 |      0 |      0 |    0 |          0 |
|     g_mac_p_out_p_in[189].u | spmw_fifo__parameterized0_329 |         16 |         16 |       0 |    0 |     66 |      0 |      0 |    0 |          0 |
|     g_mac_p_out_p_in[18].u  | spmw_fifo__parameterized0_330 |          8 |          8 |       0 |    0 |     34 |      0 |      0 |    0 |          0 |
|     g_mac_p_out_p_in[190].u | spmw_fifo__parameterized0_331 |         16 |         16 |       0 |    0 |     66 |      0 |      0 |    0 |          0 |
|     g_mac_p_out_p_in[191].u | spmw_fifo__parameterized0_332 |         16 |         16 |       0 |    0 |     66 |      0 |      0 |    0 |          0 |
|     g_mac_p_out_p_in[192].u | spmw_fifo__parameterized0_333 |         16 |         16 |       0 |    0 |     66 |      0 |      0 |    0 |          0 |
|     g_mac_p_out_p_in[193].u | spmw_fifo__parameterized0_334 |         17 |         17 |       0 |    0 |     66 |      0 |      0 |    0 |          0 |
|     g_mac_p_out_p_in[194].u | spmw_fifo__parameterized0_335 |         16 |         16 |       0 |    0 |     66 |      0 |      0 |    0 |          0 |
|     g_mac_p_out_p_in[195].u | spmw_fifo__parameterized0_336 |         16 |         16 |       0 |    0 |     66 |      0 |      0 |    0 |          0 |
|     g_mac_p_out_p_in[196].u | spmw_fifo__parameterized0_337 |         16 |         16 |       0 |    0 |     66 |      0 |      0 |    0 |          0 |
|     g_mac_p_out_p_in[197].u | spmw_fifo__parameterized0_338 |         16 |         16 |       0 |    0 |     66 |      0 |      0 |    0 |          0 |
|     g_mac_p_out_p_in[198].u | spmw_fifo__parameterized0_339 |         16 |         16 |       0 |    0 |     66 |      0 |      0 |    0 |          0 |
|     g_mac_p_out_p_in[199].u | spmw_fifo__parameterized0_340 |         16 |         16 |       0 |    0 |     66 |      0 |      0 |    0 |          0 |
|     g_mac_p_out_p_in[19].u  | spmw_fifo__parameterized0_341 |          8 |          8 |       0 |    0 |     34 |      0 |      0 |    0 |          0 |
|     g_mac_p_out_p_in[200].u | spmw_fifo__parameterized0_342 |         16 |         16 |       0 |    0 |     66 |      0 |      0 |    0 |          0 |
|     g_mac_p_out_p_in[201].u | spmw_fifo__parameterized0_343 |         16 |         16 |       0 |    0 |     66 |      0 |      0 |    0 |          0 |
|     g_mac_p_out_p_in[202].u | spmw_fifo__parameterized0_344 |         16 |         16 |       0 |    0 |     66 |      0 |      0 |    0 |          0 |
|     g_mac_p_out_p_in[203].u | spmw_fifo__parameterized0_345 |         17 |         17 |       0 |    0 |     66 |      0 |      0 |    0 |          0 |
|     g_mac_p_out_p_in[204].u | spmw_fifo__parameterized0_346 |         16 |         16 |       0 |    0 |     66 |      0 |      0 |    0 |          0 |
|     g_mac_p_out_p_in[205].u | spmw_fifo__parameterized0_347 |         17 |         17 |       0 |    0 |     66 |      0 |      0 |    0 |          0 |
|     g_mac_p_out_p_in[206].u | spmw_fifo__parameterized0_348 |         16 |         16 |       0 |    0 |     66 |      0 |      0 |    0 |          0 |
|     g_mac_p_out_p_in[207].u | spmw_fifo__parameterized0_349 |         16 |         16 |       0 |    0 |     66 |      0 |      0 |    0 |          0 |
|     g_mac_p_out_p_in[208].u | spmw_fifo__parameterized0_350 |         16 |         16 |       0 |    0 |     66 |      0 |      0 |    0 |          0 |
|     g_mac_p_out_p_in[209].u | spmw_fifo__parameterized0_351 |         16 |         16 |       0 |    0 |     66 |      0 |      0 |    0 |          0 |
|     g_mac_p_out_p_in[20].u  | spmw_fifo__parameterized0_352 |          8 |          8 |       0 |    0 |     34 |      0 |      0 |    0 |          0 |
|     g_mac_p_out_p_in[210].u | spmw_fifo__parameterized0_353 |         16 |         16 |       0 |    0 |     66 |      0 |      0 |    0 |          0 |
|     g_mac_p_out_p_in[211].u | spmw_fifo__parameterized0_354 |         16 |         16 |       0 |    0 |     66 |      0 |      0 |    0 |          0 |
|     g_mac_p_out_p_in[212].u | spmw_fifo__parameterized0_355 |         16 |         16 |       0 |    0 |     66 |      0 |      0 |    0 |          0 |
|     g_mac_p_out_p_in[213].u | spmw_fifo__parameterized0_356 |         17 |         17 |       0 |    0 |     66 |      0 |      0 |    0 |          0 |
|     g_mac_p_out_p_in[214].u | spmw_fifo__parameterized0_357 |         17 |         17 |       0 |    0 |     66 |      0 |      0 |    0 |          0 |
|     g_mac_p_out_p_in[215].u | spmw_fifo__parameterized0_358 |         16 |         16 |       0 |    0 |     66 |      0 |      0 |    0 |          0 |
|     g_mac_p_out_p_in[216].u | spmw_fifo__parameterized0_359 |         17 |         17 |       0 |    0 |     66 |      0 |      0 |    0 |          0 |
|     g_mac_p_out_p_in[217].u | spmw_fifo__parameterized0_360 |         17 |         17 |       0 |    0 |     66 |      0 |      0 |    0 |          0 |
|     g_mac_p_out_p_in[218].u | spmw_fifo__parameterized0_361 |         17 |         17 |       0 |    0 |     66 |      0 |      0 |    0 |          0 |
|     g_mac_p_out_p_in[219].u | spmw_fifo__parameterized0_362 |         16 |         16 |       0 |    0 |     66 |      0 |      0 |    0 |          0 |
|     g_mac_p_out_p_in[21].u  | spmw_fifo__parameterized0_363 |          8 |          8 |       0 |    0 |     34 |      0 |      0 |    0 |          0 |
|     g_mac_p_out_p_in[220].u | spmw_fifo__parameterized0_364 |         16 |         16 |       0 |    0 |     66 |      0 |      0 |    0 |          0 |
|     g_mac_p_out_p_in[221].u | spmw_fifo__parameterized0_365 |         16 |         16 |       0 |    0 |     66 |      0 |      0 |    0 |          0 |
|     g_mac_p_out_p_in[222].u | spmw_fifo__parameterized0_366 |         17 |         17 |       0 |    0 |     66 |      0 |      0 |    0 |          0 |
|     g_mac_p_out_p_in[223].u | spmw_fifo__parameterized0_367 |         17 |         17 |       0 |    0 |     66 |      0 |      0 |    0 |          0 |
|     g_mac_p_out_p_in[224].u | spmw_fifo__parameterized0_368 |         17 |         17 |       0 |    0 |     66 |      0 |      0 |    0 |          0 |
|     g_mac_p_out_p_in[225].u | spmw_fifo__parameterized0_369 |         16 |         16 |       0 |    0 |     66 |      0 |      0 |    0 |          0 |
|     g_mac_p_out_p_in[226].u | spmw_fifo__parameterized0_370 |         16 |         16 |       0 |    0 |     66 |      0 |      0 |    0 |          0 |
|     g_mac_p_out_p_in[227].u | spmw_fifo__parameterized0_371 |         16 |         16 |       0 |    0 |     66 |      0 |      0 |    0 |          0 |
|     g_mac_p_out_p_in[228].u | spmw_fifo__parameterized0_372 |         16 |         16 |       0 |    0 |     66 |      0 |      0 |    0 |          0 |
|     g_mac_p_out_p_in[229].u | spmw_fifo__parameterized0_373 |         16 |         16 |       0 |    0 |     66 |      0 |      0 |    0 |          0 |
|     g_mac_p_out_p_in[22].u  | spmw_fifo__parameterized0_374 |          8 |          8 |       0 |    0 |     34 |      0 |      0 |    0 |          0 |
|     g_mac_p_out_p_in[230].u | spmw_fifo__parameterized0_375 |         16 |         16 |       0 |    0 |     66 |      0 |      0 |    0 |          0 |
|     g_mac_p_out_p_in[231].u | spmw_fifo__parameterized0_376 |         16 |         16 |       0 |    0 |     66 |      0 |      0 |    0 |          0 |
|     g_mac_p_out_p_in[232].u | spmw_fifo__parameterized0_377 |         16 |         16 |       0 |    0 |     66 |      0 |      0 |    0 |          0 |
|     g_mac_p_out_p_in[233].u | spmw_fifo__parameterized0_378 |         16 |         16 |       0 |    0 |     66 |      0 |      0 |    0 |          0 |
|     g_mac_p_out_p_in[234].u | spmw_fifo__parameterized0_379 |         16 |         16 |       0 |    0 |     66 |      0 |      0 |    0 |          0 |
|     g_mac_p_out_p_in[235].u | spmw_fifo__parameterized0_380 |         16 |         16 |       0 |    0 |     66 |      0 |      0 |    0 |          0 |
|     g_mac_p_out_p_in[236].u | spmw_fifo__parameterized0_381 |         16 |         16 |       0 |    0 |     66 |      0 |      0 |    0 |          0 |
|     g_mac_p_out_p_in[237].u | spmw_fifo__parameterized0_382 |         16 |         16 |       0 |    0 |     66 |      0 |      0 |    0 |          0 |
|     g_mac_p_out_p_in[238].u | spmw_fifo__parameterized0_383 |         16 |         16 |       0 |    0 |     66 |      0 |      0 |    0 |          0 |
|     g_mac_p_out_p_in[239].u | spmw_fifo__parameterized0_384 |         16 |         16 |       0 |    0 |     66 |      0 |      0 |    0 |          0 |
|     g_mac_p_out_p_in[23].u  | spmw_fifo__parameterized0_385 |          8 |          8 |       0 |    0 |     34 |      0 |      0 |    0 |          0 |
|     g_mac_p_out_p_in[240].u | spmw_fifo__parameterized0_386 |         16 |         16 |       0 |    0 |     66 |      0 |      0 |    0 |          0 |
|     g_mac_p_out_p_in[241].u | spmw_fifo__parameterized0_387 |         16 |         16 |       0 |    0 |     66 |      0 |      0 |    0 |          0 |
|     g_mac_p_out_p_in[242].u | spmw_fifo__parameterized0_388 |         16 |         16 |       0 |    0 |     66 |      0 |      0 |    0 |          0 |
|     g_mac_p_out_p_in[243].u | spmw_fifo__parameterized0_389 |         16 |         16 |       0 |    0 |     66 |      0 |      0 |    0 |          0 |
|     g_mac_p_out_p_in[244].u | spmw_fifo__parameterized0_390 |         16 |         16 |       0 |    0 |     66 |      0 |      0 |    0 |          0 |
|     g_mac_p_out_p_in[245].u | spmw_fifo__parameterized0_391 |         16 |         16 |       0 |    0 |     66 |      0 |      0 |    0 |          0 |
|     g_mac_p_out_p_in[246].u | spmw_fifo__parameterized0_392 |         16 |         16 |       0 |    0 |     66 |      0 |      0 |    0 |          0 |
|     g_mac_p_out_p_in[247].u | spmw_fifo__parameterized0_393 |         16 |         16 |       0 |    0 |     66 |      0 |      0 |    0 |          0 |
|     g_mac_p_out_p_in[248].u | spmw_fifo__parameterized0_394 |         16 |         16 |       0 |    0 |     66 |      0 |      0 |    0 |          0 |
|     g_mac_p_out_p_in[249].u | spmw_fifo__parameterized0_395 |         16 |         16 |       0 |    0 |     66 |      0 |      0 |    0 |          0 |
|     g_mac_p_out_p_in[24].u  | spmw_fifo__parameterized0_396 |          8 |          8 |       0 |    0 |     34 |      0 |      0 |    0 |          0 |
|     g_mac_p_out_p_in[250].u | spmw_fifo__parameterized0_397 |         16 |         16 |       0 |    0 |     66 |      0 |      0 |    0 |          0 |
|     g_mac_p_out_p_in[251].u | spmw_fifo__parameterized0_398 |         16 |         16 |       0 |    0 |     66 |      0 |      0 |    0 |          0 |
|     g_mac_p_out_p_in[252].u | spmw_fifo__parameterized0_399 |         17 |         17 |       0 |    0 |     66 |      0 |      0 |    0 |          0 |
|     g_mac_p_out_p_in[253].u | spmw_fifo__parameterized0_400 |         17 |         17 |       0 |    0 |     66 |      0 |      0 |    0 |          0 |
|     g_mac_p_out_p_in[254].u | spmw_fifo__parameterized0_401 |         17 |         17 |       0 |    0 |     66 |      0 |      0 |    0 |          0 |
|     g_mac_p_out_p_in[255].u | spmw_fifo__parameterized0_402 |         16 |         16 |       0 |    0 |     66 |      0 |      0 |    0 |          0 |
|     g_mac_p_out_p_in[25].u  | spmw_fifo__parameterized0_403 |          8 |          8 |       0 |    0 |     34 |      0 |      0 |    0 |          0 |
|     g_mac_p_out_p_in[26].u  | spmw_fifo__parameterized0_404 |          8 |          8 |       0 |    0 |     34 |      0 |      0 |    0 |          0 |
|     g_mac_p_out_p_in[27].u  | spmw_fifo__parameterized0_405 |          8 |          8 |       0 |    0 |     34 |      0 |      0 |    0 |          0 |
|     g_mac_p_out_p_in[28].u  | spmw_fifo__parameterized0_406 |          8 |          8 |       0 |    0 |     34 |      0 |      0 |    0 |          0 |
|     g_mac_p_out_p_in[29].u  | spmw_fifo__parameterized0_407 |          8 |          8 |       0 |    0 |     34 |      0 |      0 |    0 |          0 |
|     g_mac_p_out_p_in[30].u  | spmw_fifo__parameterized0_408 |          8 |          8 |       0 |    0 |     34 |      0 |      0 |    0 |          0 |
|     g_mac_p_out_p_in[31].u  | spmw_fifo__parameterized0_409 |          8 |          8 |       0 |    0 |     34 |      0 |      0 |    0 |          0 |
|     g_mac_p_out_p_in[32].u  | spmw_fifo__parameterized0_410 |         10 |         10 |       0 |    0 |     38 |      0 |      0 |    0 |          0 |
|     g_mac_p_out_p_in[33].u  | spmw_fifo__parameterized0_411 |         10 |         10 |       0 |    0 |     38 |      0 |      0 |    0 |          0 |
|     g_mac_p_out_p_in[34].u  | spmw_fifo__parameterized0_412 |         16 |         16 |       0 |    0 |     66 |      0 |      0 |    0 |          0 |
|     g_mac_p_out_p_in[35].u  | spmw_fifo__parameterized0_413 |         10 |         10 |       0 |    0 |     38 |      0 |      0 |    0 |          0 |
|     g_mac_p_out_p_in[36].u  | spmw_fifo__parameterized0_414 |         18 |         18 |       0 |    0 |     66 |      0 |      0 |    0 |          0 |
|     g_mac_p_out_p_in[37].u  | spmw_fifo__parameterized0_415 |         18 |         18 |       0 |    0 |     66 |      0 |      0 |    0 |          0 |
|     g_mac_p_out_p_in[38].u  | spmw_fifo__parameterized0_416 |         16 |         16 |       0 |    0 |     66 |      0 |      0 |    0 |          0 |
|     g_mac_p_out_p_in[39].u  | spmw_fifo__parameterized0_417 |          9 |          9 |       0 |    0 |     38 |      0 |      0 |    0 |          0 |
|     g_mac_p_out_p_in[40].u  | spmw_fifo__parameterized0_418 |          9 |          9 |       0 |    0 |     38 |      0 |      0 |    0 |          0 |
|     g_mac_p_out_p_in[41].u  | spmw_fifo__parameterized0_419 |          9 |          9 |       0 |    0 |     38 |      0 |      0 |    0 |          0 |
|     g_mac_p_out_p_in[42].u  | spmw_fifo__parameterized0_420 |         11 |         11 |       0 |    0 |     38 |      0 |      0 |    0 |          0 |
|     g_mac_p_out_p_in[43].u  | spmw_fifo__parameterized0_421 |          9 |          9 |       0 |    0 |     38 |      0 |      0 |    0 |          0 |
|     g_mac_p_out_p_in[44].u  | spmw_fifo__parameterized0_422 |          9 |          9 |       0 |    0 |     38 |      0 |      0 |    0 |          0 |
|     g_mac_p_out_p_in[45].u  | spmw_fifo__parameterized0_423 |          9 |          9 |       0 |    0 |     38 |      0 |      0 |    0 |          0 |
|     g_mac_p_out_p_in[46].u  | spmw_fifo__parameterized0_424 |          9 |          9 |       0 |    0 |     38 |      0 |      0 |    0 |          0 |
|     g_mac_p_out_p_in[47].u  | spmw_fifo__parameterized0_425 |          9 |          9 |       0 |    0 |     38 |      0 |      0 |    0 |          0 |
|     g_mac_p_out_p_in[48].u  | spmw_fifo__parameterized0_426 |         16 |         16 |       0 |    0 |     66 |      0 |      0 |    0 |          0 |
|     g_mac_p_out_p_in[49].u  | spmw_fifo__parameterized0_427 |         16 |         16 |       0 |    0 |     66 |      0 |      0 |    0 |          0 |
|     g_mac_p_out_p_in[50].u  | spmw_fifo__parameterized0_428 |         16 |         16 |       0 |    0 |     66 |      0 |      0 |    0 |          0 |
|     g_mac_p_out_p_in[51].u  | spmw_fifo__parameterized0_429 |         17 |         17 |       0 |    0 |     66 |      0 |      0 |    0 |          0 |
|     g_mac_p_out_p_in[52].u  | spmw_fifo__parameterized0_430 |         16 |         16 |       0 |    0 |     66 |      0 |      0 |    0 |          0 |
|     g_mac_p_out_p_in[53].u  | spmw_fifo__parameterized0_431 |         16 |         16 |       0 |    0 |     66 |      0 |      0 |    0 |          0 |
|     g_mac_p_out_p_in[54].u  | spmw_fifo__parameterized0_432 |         16 |         16 |       0 |    0 |     66 |      0 |      0 |    0 |          0 |
|     g_mac_p_out_p_in[55].u  | spmw_fifo__parameterized0_433 |         16 |         16 |       0 |    0 |     66 |      0 |      0 |    0 |          0 |
|     g_mac_p_out_p_in[56].u  | spmw_fifo__parameterized0_434 |         17 |         17 |       0 |    0 |     66 |      0 |      0 |    0 |          0 |
|     g_mac_p_out_p_in[57].u  | spmw_fifo__parameterized0_435 |         17 |         17 |       0 |    0 |     66 |      0 |      0 |    0 |          0 |
|     g_mac_p_out_p_in[58].u  | spmw_fifo__parameterized0_436 |         17 |         17 |       0 |    0 |     66 |      0 |      0 |    0 |          0 |
|     g_mac_p_out_p_in[59].u  | spmw_fifo__parameterized0_437 |         17 |         17 |       0 |    0 |     66 |      0 |      0 |    0 |          0 |
|     g_mac_p_out_p_in[60].u  | spmw_fifo__parameterized0_438 |         10 |         10 |       0 |    0 |     40 |      0 |      0 |    0 |          0 |
|     g_mac_p_out_p_in[61].u  | spmw_fifo__parameterized0_439 |         11 |         11 |       0 |    0 |     40 |      0 |      0 |    0 |          0 |
|     g_mac_p_out_p_in[62].u  | spmw_fifo__parameterized0_440 |         11 |         11 |       0 |    0 |     40 |      0 |      0 |    0 |          0 |
|     g_mac_p_out_p_in[63].u  | spmw_fifo__parameterized0_441 |         10 |         10 |       0 |    0 |     40 |      0 |      0 |    0 |          0 |
|     g_mac_p_out_p_in[64].u  | spmw_fifo__parameterized0_442 |         17 |         17 |       0 |    0 |     66 |      0 |      0 |    0 |          0 |
|     g_mac_p_out_p_in[65].u  | spmw_fifo__parameterized0_443 |         17 |         17 |       0 |    0 |     66 |      0 |      0 |    0 |          0 |
|     g_mac_p_out_p_in[66].u  | spmw_fifo__parameterized0_444 |         17 |         17 |       0 |    0 |     66 |      0 |      0 |    0 |          0 |
|     g_mac_p_out_p_in[67].u  | spmw_fifo__parameterized0_445 |         17 |         17 |       0 |    0 |     66 |      0 |      0 |    0 |          0 |
|     g_mac_p_out_p_in[68].u  | spmw_fifo__parameterized0_446 |         18 |         18 |       0 |    0 |     66 |      0 |      0 |    0 |          0 |
|     g_mac_p_out_p_in[69].u  | spmw_fifo__parameterized0_447 |         18 |         18 |       0 |    0 |     66 |      0 |      0 |    0 |          0 |
|     g_mac_p_out_p_in[70].u  | spmw_fifo__parameterized0_448 |         18 |         18 |       0 |    0 |     66 |      0 |      0 |    0 |          0 |
|     g_mac_p_out_p_in[71].u  | spmw_fifo__parameterized0_449 |         18 |         18 |       0 |    0 |     66 |      0 |      0 |    0 |          0 |
|     g_mac_p_out_p_in[72].u  | spmw_fifo__parameterized0_450 |         17 |         17 |       0 |    0 |     66 |      0 |      0 |    0 |          0 |
|     g_mac_p_out_p_in[73].u  | spmw_fifo__parameterized0_451 |         17 |         17 |       0 |    0 |     66 |      0 |      0 |    0 |          0 |
|     g_mac_p_out_p_in[74].u  | spmw_fifo__parameterized0_452 |         17 |         17 |       0 |    0 |     66 |      0 |      0 |    0 |          0 |
|     g_mac_p_out_p_in[75].u  | spmw_fifo__parameterized0_453 |         17 |         17 |       0 |    0 |     66 |      0 |      0 |    0 |          0 |
|     g_mac_p_out_p_in[76].u  | spmw_fifo__parameterized0_454 |         17 |         17 |       0 |    0 |     66 |      0 |      0 |    0 |          0 |
|     g_mac_p_out_p_in[77].u  | spmw_fifo__parameterized0_455 |         17 |         17 |       0 |    0 |     66 |      0 |      0 |    0 |          0 |
|     g_mac_p_out_p_in[78].u  | spmw_fifo__parameterized0_456 |         17 |         17 |       0 |    0 |     66 |      0 |      0 |    0 |          0 |
|     g_mac_p_out_p_in[79].u  | spmw_fifo__parameterized0_457 |         17 |         17 |       0 |    0 |     66 |      0 |      0 |    0 |          0 |
|     g_mac_p_out_p_in[80].u  | spmw_fifo__parameterized0_458 |         16 |         16 |       0 |    0 |     66 |      0 |      0 |    0 |          0 |
|     g_mac_p_out_p_in[81].u  | spmw_fifo__parameterized0_459 |         16 |         16 |       0 |    0 |     66 |      0 |      0 |    0 |          0 |
|     g_mac_p_out_p_in[82].u  | spmw_fifo__parameterized0_460 |         16 |         16 |       0 |    0 |     66 |      0 |      0 |    0 |          0 |
|     g_mac_p_out_p_in[83].u  | spmw_fifo__parameterized0_461 |         16 |         16 |       0 |    0 |     66 |      0 |      0 |    0 |          0 |
|     g_mac_p_out_p_in[84].u  | spmw_fifo__parameterized0_462 |         16 |         16 |       0 |    0 |     66 |      0 |      0 |    0 |          0 |
|     g_mac_p_out_p_in[85].u  | spmw_fifo__parameterized0_463 |         17 |         17 |       0 |    0 |     66 |      0 |      0 |    0 |          0 |
|     g_mac_p_out_p_in[86].u  | spmw_fifo__parameterized0_464 |         17 |         17 |       0 |    0 |     66 |      0 |      0 |    0 |          0 |
|     g_mac_p_out_p_in[87].u  | spmw_fifo__parameterized0_465 |         17 |         17 |       0 |    0 |     66 |      0 |      0 |    0 |          0 |
|     g_mac_p_out_p_in[88].u  | spmw_fifo__parameterized0_466 |         17 |         17 |       0 |    0 |     66 |      0 |      0 |    0 |          0 |
|     g_mac_p_out_p_in[89].u  | spmw_fifo__parameterized0_467 |         17 |         17 |       0 |    0 |     66 |      0 |      0 |    0 |          0 |
|     g_mac_p_out_p_in[90].u  | spmw_fifo__parameterized0_468 |         17 |         17 |       0 |    0 |     66 |      0 |      0 |    0 |          0 |
|     g_mac_p_out_p_in[91].u  | spmw_fifo__parameterized0_469 |         16 |         16 |       0 |    0 |     66 |      0 |      0 |    0 |          0 |
|     g_mac_p_out_p_in[92].u  | spmw_fifo__parameterized0_470 |         16 |         16 |       0 |    0 |     66 |      0 |      0 |    0 |          0 |
|     g_mac_p_out_p_in[93].u  | spmw_fifo__parameterized0_471 |         16 |         16 |       0 |    0 |     66 |      0 |      0 |    0 |          0 |
|     g_mac_p_out_p_in[94].u  | spmw_fifo__parameterized0_472 |         16 |         16 |       0 |    0 |     66 |      0 |      0 |    0 |          0 |
|     g_mac_p_out_p_in[95].u  | spmw_fifo__parameterized0_473 |         16 |         16 |       0 |    0 |     66 |      0 |      0 |    0 |          0 |
|     g_mac_p_out_p_in[96].u  | spmw_fifo__parameterized0_474 |         16 |         16 |       0 |    0 |     66 |      0 |      0 |    0 |          0 |
|     g_mac_p_out_p_in[97].u  | spmw_fifo__parameterized0_475 |         16 |         16 |       0 |    0 |     66 |      0 |      0 |    0 |          0 |
|     g_mac_p_out_p_in[98].u  | spmw_fifo__parameterized0_476 |         16 |         16 |       0 |    0 |     66 |      0 |      0 |    0 |          0 |
|     g_mac_p_out_p_in[99].u  | spmw_fifo__parameterized0_477 |         16 |         16 |       0 |    0 |     66 |      0 |      0 |    0 |          0 |
|     g_mac_w_out_w_in[100].u | spmw_fifo__parameterized0_478 |         36 |         36 |       0 |    0 |     66 |      0 |      0 |    0 |          0 |
|     g_mac_w_out_w_in[101].u | spmw_fifo__parameterized0_479 |         34 |         34 |       0 |    0 |     66 |      0 |      0 |    0 |          0 |
|     g_mac_w_out_w_in[102].u | spmw_fifo__parameterized0_480 |         34 |         34 |       0 |    0 |     66 |      0 |      0 |    0 |          0 |
|     g_mac_w_out_w_in[103].u | spmw_fifo__parameterized0_481 |         34 |         34 |       0 |    0 |     66 |      0 |      0 |    0 |          0 |
|     g_mac_w_out_w_in[104].u | spmw_fifo__parameterized0_482 |         36 |         36 |       0 |    0 |     66 |      0 |      0 |    0 |          0 |
|     g_mac_w_out_w_in[105].u | spmw_fifo__parameterized0_483 |         35 |         35 |       0 |    0 |     66 |      0 |      0 |    0 |          0 |
|     g_mac_w_out_w_in[106].u | spmw_fifo__parameterized0_484 |         34 |         34 |       0 |    0 |     66 |      0 |      0 |    0 |          0 |
|     g_mac_w_out_w_in[107].u | spmw_fifo__parameterized0_485 |         36 |         36 |       0 |    0 |     66 |      0 |      0 |    0 |          0 |
|     g_mac_w_out_w_in[108].u | spmw_fifo__parameterized0_486 |         34 |         34 |       0 |    0 |     66 |      0 |      0 |    0 |          0 |
|     g_mac_w_out_w_in[109].u | spmw_fifo__parameterized0_487 |         34 |         34 |       0 |    0 |     66 |      0 |      0 |    0 |          0 |
|     g_mac_w_out_w_in[10].u  | spmw_fifo__parameterized0_488 |         35 |         35 |       0 |    0 |     66 |      0 |      0 |    0 |          0 |
|     g_mac_w_out_w_in[110].u | spmw_fifo__parameterized0_489 |         34 |         34 |       0 |    0 |     66 |      0 |      0 |    0 |          0 |
|     g_mac_w_out_w_in[111].u | spmw_fifo__parameterized0_490 |          3 |          3 |       0 |    0 |     66 |      0 |      0 |    0 |          0 |
|     g_mac_w_out_w_in[113].u | spmw_fifo__parameterized0_491 |          2 |          2 |       0 |    0 |     66 |      0 |      0 |    0 |          0 |
|     g_mac_w_out_w_in[114].u | spmw_fifo__parameterized0_492 |         34 |         34 |       0 |    0 |     66 |      0 |      0 |    0 |          0 |
|     g_mac_w_out_w_in[115].u | spmw_fifo__parameterized0_493 |         34 |         34 |       0 |    0 |     66 |      0 |      0 |    0 |          0 |
|     g_mac_w_out_w_in[116].u | spmw_fifo__parameterized0_494 |          2 |          2 |       0 |    0 |     66 |      0 |      0 |    0 |          0 |
|     g_mac_w_out_w_in[117].u | spmw_fifo__parameterized0_495 |         34 |         34 |       0 |    0 |     66 |      0 |      0 |    0 |          0 |
|     g_mac_w_out_w_in[118].u | spmw_fifo__parameterized0_496 |          2 |          2 |       0 |    0 |     66 |      0 |      0 |    0 |          0 |
|     g_mac_w_out_w_in[119].u | spmw_fifo__parameterized0_497 |          2 |          2 |       0 |    0 |     66 |      0 |      0 |    0 |          0 |
|     g_mac_w_out_w_in[11].u  | spmw_fifo__parameterized0_498 |         35 |         35 |       0 |    0 |     66 |      0 |      0 |    0 |          0 |
|     g_mac_w_out_w_in[120].u | spmw_fifo__parameterized0_499 |         34 |         34 |       0 |    0 |     66 |      0 |      0 |    0 |          0 |
|     g_mac_w_out_w_in[121].u | spmw_fifo__parameterized0_500 |         34 |         34 |       0 |    0 |     66 |      0 |      0 |    0 |          0 |
|     g_mac_w_out_w_in[122].u | spmw_fifo__parameterized0_501 |         34 |         34 |       0 |    0 |     66 |      0 |      0 |    0 |          0 |
|     g_mac_w_out_w_in[123].u | spmw_fifo__parameterized0_502 |         34 |         34 |       0 |    0 |     66 |      0 |      0 |    0 |          0 |
|     g_mac_w_out_w_in[124].u | spmw_fifo__parameterized0_503 |         34 |         34 |       0 |    0 |     66 |      0 |      0 |    0 |          0 |
|     g_mac_w_out_w_in[125].u | spmw_fifo__parameterized0_504 |         34 |         34 |       0 |    0 |     66 |      0 |      0 |    0 |          0 |
|     g_mac_w_out_w_in[126].u | spmw_fifo__parameterized0_505 |         34 |         34 |       0 |    0 |     66 |      0 |      0 |    0 |          0 |
|     g_mac_w_out_w_in[127].u | spmw_fifo__parameterized0_506 |         34 |         34 |       0 |    0 |     66 |      0 |      0 |    0 |          0 |
|     g_mac_w_out_w_in[129].u | spmw_fifo__parameterized0_507 |         34 |         34 |       0 |    0 |     66 |      0 |      0 |    0 |          0 |
|     g_mac_w_out_w_in[12].u  | spmw_fifo__parameterized0_508 |          2 |          2 |       0 |    0 |     66 |      0 |      0 |    0 |          0 |
|     g_mac_w_out_w_in[130].u | spmw_fifo__parameterized0_509 |         34 |         34 |       0 |    0 |     66 |      0 |      0 |    0 |          0 |
|     g_mac_w_out_w_in[131].u | spmw_fifo__parameterized0_510 |         34 |         34 |       0 |    0 |     66 |      0 |      0 |    0 |          0 |
|     g_mac_w_out_w_in[132].u | spmw_fifo__parameterized0_511 |         34 |         34 |       0 |    0 |     66 |      0 |      0 |    0 |          0 |
|     g_mac_w_out_w_in[133].u | spmw_fifo__parameterized0_512 |         36 |         36 |       0 |    0 |     66 |      0 |      0 |    0 |          0 |
|     g_mac_w_out_w_in[134].u | spmw_fifo__parameterized0_513 |         34 |         34 |       0 |    0 |     66 |      0 |      0 |    0 |          0 |
|     g_mac_w_out_w_in[135].u | spmw_fifo__parameterized0_514 |          4 |          4 |       0 |    0 |     66 |      0 |      0 |    0 |          0 |
|     g_mac_w_out_w_in[136].u | spmw_fifo__parameterized0_515 |         34 |         34 |       0 |    0 |     66 |      0 |      0 |    0 |          0 |
|     g_mac_w_out_w_in[137].u | spmw_fifo__parameterized0_516 |         34 |         34 |       0 |    0 |     66 |      0 |      0 |    0 |          0 |
|     g_mac_w_out_w_in[138].u | spmw_fifo__parameterized0_517 |         34 |         34 |       0 |    0 |     66 |      0 |      0 |    0 |          0 |
|     g_mac_w_out_w_in[139].u | spmw_fifo__parameterized0_518 |         34 |         34 |       0 |    0 |     66 |      0 |      0 |    0 |          0 |
|     g_mac_w_out_w_in[13].u  | spmw_fifo__parameterized0_519 |         35 |         35 |       0 |    0 |     66 |      0 |      0 |    0 |          0 |
|     g_mac_w_out_w_in[140].u | spmw_fifo__parameterized0_520 |         34 |         34 |       0 |    0 |     66 |      0 |      0 |    0 |          0 |
|     g_mac_w_out_w_in[141].u | spmw_fifo__parameterized0_521 |         34 |         34 |       0 |    0 |     66 |      0 |      0 |    0 |          0 |
|     g_mac_w_out_w_in[142].u | spmw_fifo__parameterized0_522 |         34 |         34 |       0 |    0 |     66 |      0 |      0 |    0 |          0 |
|     g_mac_w_out_w_in[143].u | spmw_fifo__parameterized0_523 |         34 |         34 |       0 |    0 |     66 |      0 |      0 |    0 |          0 |
|     g_mac_w_out_w_in[145].u | spmw_fifo__parameterized0_524 |         36 |         36 |       0 |    0 |     66 |      0 |      0 |    0 |          0 |
|     g_mac_w_out_w_in[146].u | spmw_fifo__parameterized0_525 |         34 |         34 |       0 |    0 |     66 |      0 |      0 |    0 |          0 |
|     g_mac_w_out_w_in[147].u | spmw_fifo__parameterized0_526 |         34 |         34 |       0 |    0 |     66 |      0 |      0 |    0 |          0 |
|     g_mac_w_out_w_in[148].u | spmw_fifo__parameterized0_527 |         34 |         34 |       0 |    0 |     66 |      0 |      0 |    0 |          0 |
|     g_mac_w_out_w_in[149].u | spmw_fifo__parameterized0_528 |         34 |         34 |       0 |    0 |     66 |      0 |      0 |    0 |          0 |
|     g_mac_w_out_w_in[14].u  | spmw_fifo__parameterized0_529 |         35 |         35 |       0 |    0 |     66 |      0 |      0 |    0 |          0 |
|     g_mac_w_out_w_in[150].u | spmw_fifo__parameterized0_530 |         34 |         34 |       0 |    0 |     66 |      0 |      0 |    0 |          0 |
|     g_mac_w_out_w_in[151].u | spmw_fifo__parameterized0_531 |          2 |          2 |       0 |    0 |     66 |      0 |      0 |    0 |          0 |
|     g_mac_w_out_w_in[152].u | spmw_fifo__parameterized0_532 |         34 |         34 |       0 |    0 |     66 |      0 |      0 |    0 |          0 |
|     g_mac_w_out_w_in[153].u | spmw_fifo__parameterized0_533 |         34 |         34 |       0 |    0 |     66 |      0 |      0 |    0 |          0 |
|     g_mac_w_out_w_in[154].u | spmw_fifo__parameterized0_534 |         34 |         34 |       0 |    0 |     66 |      0 |      0 |    0 |          0 |
|     g_mac_w_out_w_in[155].u | spmw_fifo__parameterized0_535 |          2 |          2 |       0 |    0 |     66 |      0 |      0 |    0 |          0 |
|     g_mac_w_out_w_in[156].u | spmw_fifo__parameterized0_536 |         34 |         34 |       0 |    0 |     66 |      0 |      0 |    0 |          0 |
|     g_mac_w_out_w_in[157].u | spmw_fifo__parameterized0_537 |         36 |         36 |       0 |    0 |     66 |      0 |      0 |    0 |          0 |
|     g_mac_w_out_w_in[158].u | spmw_fifo__parameterized0_538 |          2 |          2 |       0 |    0 |     66 |      0 |      0 |    0 |          0 |
|     g_mac_w_out_w_in[159].u | spmw_fifo__parameterized0_539 |         34 |         34 |       0 |    0 |     66 |      0 |      0 |    0 |          0 |
|     g_mac_w_out_w_in[15].u  | spmw_fifo__parameterized0_540 |         35 |         35 |       0 |    0 |     66 |      0 |      0 |    0 |          0 |
|     g_mac_w_out_w_in[161].u | spmw_fifo__parameterized0_541 |         36 |         36 |       0 |    0 |     66 |      0 |      0 |    0 |          0 |
|     g_mac_w_out_w_in[162].u | spmw_fifo__parameterized0_542 |          2 |          2 |       0 |    0 |     66 |      0 |      0 |    0 |          0 |
|     g_mac_w_out_w_in[163].u | spmw_fifo__parameterized0_543 |         34 |         34 |       0 |    0 |     66 |      0 |      0 |    0 |          0 |
|     g_mac_w_out_w_in[164].u | spmw_fifo__parameterized0_544 |         35 |         35 |       0 |    0 |     66 |      0 |      0 |    0 |          0 |
|     g_mac_w_out_w_in[165].u | spmw_fifo__parameterized0_545 |         34 |         34 |       0 |    0 |     66 |      0 |      0 |    0 |          0 |
|     g_mac_w_out_w_in[166].u | spmw_fifo__parameterized0_546 |         34 |         34 |       0 |    0 |     66 |      0 |      0 |    0 |          0 |
|     g_mac_w_out_w_in[167].u | spmw_fifo__parameterized0_547 |          2 |          2 |       0 |    0 |     66 |      0 |      0 |    0 |          0 |
|     g_mac_w_out_w_in[168].u | spmw_fifo__parameterized0_548 |         34 |         34 |       0 |    0 |     66 |      0 |      0 |    0 |          0 |
|     g_mac_w_out_w_in[169].u | spmw_fifo__parameterized0_549 |         34 |         34 |       0 |    0 |     66 |      0 |      0 |    0 |          0 |
|     g_mac_w_out_w_in[170].u | spmw_fifo__parameterized0_550 |         34 |         34 |       0 |    0 |     66 |      0 |      0 |    0 |          0 |
|     g_mac_w_out_w_in[171].u | spmw_fifo__parameterized0_551 |         36 |         36 |       0 |    0 |     66 |      0 |      0 |    0 |          0 |
|     g_mac_w_out_w_in[172].u | spmw_fifo__parameterized0_552 |          2 |          2 |       0 |    0 |     66 |      0 |      0 |    0 |          0 |
|     g_mac_w_out_w_in[173].u | spmw_fifo__parameterized0_553 |         34 |         34 |       0 |    0 |     66 |      0 |      0 |    0 |          0 |
|     g_mac_w_out_w_in[174].u | spmw_fifo__parameterized0_554 |         36 |         36 |       0 |    0 |     66 |      0 |      0 |    0 |          0 |
|     g_mac_w_out_w_in[175].u | spmw_fifo__parameterized0_555 |         33 |         33 |       0 |    0 |     66 |      0 |      0 |    0 |          0 |
|     g_mac_w_out_w_in[177].u | spmw_fifo__parameterized0_556 |         36 |         36 |       0 |    0 |     66 |      0 |      0 |    0 |          0 |
|     g_mac_w_out_w_in[178].u | spmw_fifo__parameterized0_557 |         36 |         36 |       0 |    0 |     66 |      0 |      0 |    0 |          0 |
|     g_mac_w_out_w_in[179].u | spmw_fifo__parameterized0_558 |         34 |         34 |       0 |    0 |     66 |      0 |      0 |    0 |          0 |
|     g_mac_w_out_w_in[17].u  | spmw_fifo__parameterized0_559 |         34 |         34 |       0 |    0 |     66 |      0 |      0 |    0 |          0 |
|     g_mac_w_out_w_in[180].u | spmw_fifo__parameterized0_560 |         36 |         36 |       0 |    0 |     66 |      0 |      0 |    0 |          0 |
|     g_mac_w_out_w_in[181].u | spmw_fifo__parameterized0_561 |          2 |          2 |       0 |    0 |     66 |      0 |      0 |    0 |          0 |
|     g_mac_w_out_w_in[182].u | spmw_fifo__parameterized0_562 |         36 |         36 |       0 |    0 |     66 |      0 |      0 |    0 |          0 |
|     g_mac_w_out_w_in[183].u | spmw_fifo__parameterized0_563 |         34 |         34 |       0 |    0 |     66 |      0 |      0 |    0 |          0 |
|     g_mac_w_out_w_in[184].u | spmw_fifo__parameterized0_564 |         36 |         36 |       0 |    0 |     66 |      0 |      0 |    0 |          0 |
|     g_mac_w_out_w_in[185].u | spmw_fifo__parameterized0_565 |         34 |         34 |       0 |    0 |     66 |      0 |      0 |    0 |          0 |
|     g_mac_w_out_w_in[186].u | spmw_fifo__parameterized0_566 |         34 |         34 |       0 |    0 |     66 |      0 |      0 |    0 |          0 |
|     g_mac_w_out_w_in[187].u | spmw_fifo__parameterized0_567 |         34 |         34 |       0 |    0 |     66 |      0 |      0 |    0 |          0 |
|     g_mac_w_out_w_in[188].u | spmw_fifo__parameterized0_568 |          2 |          2 |       0 |    0 |     66 |      0 |      0 |    0 |          0 |
|     g_mac_w_out_w_in[189].u | spmw_fifo__parameterized0_569 |         36 |         36 |       0 |    0 |     66 |      0 |      0 |    0 |          0 |
|     g_mac_w_out_w_in[18].u  | spmw_fifo__parameterized0_570 |         35 |         35 |       0 |    0 |     66 |      0 |      0 |    0 |          0 |
|     g_mac_w_out_w_in[190].u | spmw_fifo__parameterized0_571 |         36 |         36 |       0 |    0 |     66 |      0 |      0 |    0 |          0 |
|     g_mac_w_out_w_in[191].u | spmw_fifo__parameterized0_572 |         33 |         33 |       0 |    0 |     66 |      0 |      0 |    0 |          0 |
|     g_mac_w_out_w_in[193].u | spmw_fifo__parameterized0_573 |         36 |         36 |       0 |    0 |     66 |      0 |      0 |    0 |          0 |
|     g_mac_w_out_w_in[194].u | spmw_fifo__parameterized0_574 |         34 |         34 |       0 |    0 |     66 |      0 |      0 |    0 |          0 |
|     g_mac_w_out_w_in[195].u | spmw_fifo__parameterized0_575 |         34 |         34 |       0 |    0 |     66 |      0 |      0 |    0 |          0 |
|     g_mac_w_out_w_in[196].u | spmw_fifo__parameterized0_576 |         36 |         36 |       0 |    0 |     66 |      0 |      0 |    0 |          0 |
|     g_mac_w_out_w_in[197].u | spmw_fifo__parameterized0_577 |          2 |          2 |       0 |    0 |     66 |      0 |      0 |    0 |          0 |
|     g_mac_w_out_w_in[198].u | spmw_fifo__parameterized0_578 |         36 |         36 |       0 |    0 |     66 |      0 |      0 |    0 |          0 |
|     g_mac_w_out_w_in[199].u | spmw_fifo__parameterized0_579 |         34 |         34 |       0 |    0 |     66 |      0 |      0 |    0 |          0 |
|     g_mac_w_out_w_in[19].u  | spmw_fifo__parameterized0_580 |          4 |          4 |       0 |    0 |     66 |      0 |      0 |    0 |          0 |
|     g_mac_w_out_w_in[1].u   | spmw_fifo__parameterized0_581 |         35 |         35 |       0 |    0 |     66 |      0 |      0 |    0 |          0 |
|     g_mac_w_out_w_in[200].u | spmw_fifo__parameterized0_582 |         36 |         36 |       0 |    0 |     66 |      0 |      0 |    0 |          0 |
|     g_mac_w_out_w_in[201].u | spmw_fifo__parameterized0_583 |         34 |         34 |       0 |    0 |     66 |      0 |      0 |    0 |          0 |
|     g_mac_w_out_w_in[202].u | spmw_fifo__parameterized0_584 |         34 |         34 |       0 |    0 |     66 |      0 |      0 |    0 |          0 |
|     g_mac_w_out_w_in[203].u | spmw_fifo__parameterized0_585 |         36 |         36 |       0 |    0 |     66 |      0 |      0 |    0 |          0 |
|     g_mac_w_out_w_in[204].u | spmw_fifo__parameterized0_586 |         34 |         34 |       0 |    0 |     66 |      0 |      0 |    0 |          0 |
|     g_mac_w_out_w_in[205].u | spmw_fifo__parameterized0_587 |         34 |         34 |       0 |    0 |     66 |      0 |      0 |    0 |          0 |
|     g_mac_w_out_w_in[206].u | spmw_fifo__parameterized0_588 |          4 |          4 |       0 |    0 |     66 |      0 |      0 |    0 |          0 |
|     g_mac_w_out_w_in[207].u | spmw_fifo__parameterized0_589 |         34 |         34 |       0 |    0 |     66 |      0 |      0 |    0 |          0 |
|     g_mac_w_out_w_in[209].u | spmw_fifo__parameterized0_590 |         36 |         36 |       0 |    0 |     66 |      0 |      0 |    0 |          0 |
|     g_mac_w_out_w_in[20].u  | spmw_fifo__parameterized0_591 |          2 |          2 |       0 |    0 |     66 |      0 |      0 |    0 |          0 |
|     g_mac_w_out_w_in[210].u | spmw_fifo__parameterized0_592 |         34 |         34 |       0 |    0 |     66 |      0 |      0 |    0 |          0 |
|     g_mac_w_out_w_in[211].u | spmw_fifo__parameterized0_593 |         34 |         34 |       0 |    0 |     66 |      0 |      0 |    0 |          0 |
|     g_mac_w_out_w_in[212].u | spmw_fifo__parameterized0_594 |         34 |         34 |       0 |    0 |     66 |      0 |      0 |    0 |          0 |
|     g_mac_w_out_w_in[213].u | spmw_fifo__parameterized0_595 |         34 |         34 |       0 |    0 |     66 |      0 |      0 |    0 |          0 |
|     g_mac_w_out_w_in[214].u | spmw_fifo__parameterized0_596 |         34 |         34 |       0 |    0 |     66 |      0 |      0 |    0 |          0 |
|     g_mac_w_out_w_in[215].u | spmw_fifo__parameterized0_597 |          2 |          2 |       0 |    0 |     66 |      0 |      0 |    0 |          0 |
|     g_mac_w_out_w_in[216].u | spmw_fifo__parameterized0_598 |         34 |         34 |       0 |    0 |     66 |      0 |      0 |    0 |          0 |
|     g_mac_w_out_w_in[217].u | spmw_fifo__parameterized0_599 |         34 |         34 |       0 |    0 |     66 |      0 |      0 |    0 |          0 |
|     g_mac_w_out_w_in[218].u | spmw_fifo__parameterized0_600 |         34 |         34 |       0 |    0 |     66 |      0 |      0 |    0 |          0 |
|     g_mac_w_out_w_in[219].u | spmw_fifo__parameterized0_601 |         36 |         36 |       0 |    0 |     66 |      0 |      0 |    0 |          0 |
|     g_mac_w_out_w_in[21].u  | spmw_fifo__parameterized0_602 |         34 |         34 |       0 |    0 |     66 |      0 |      0 |    0 |          0 |
|     g_mac_w_out_w_in[220].u | spmw_fifo__parameterized0_603 |         34 |         34 |       0 |    0 |     66 |      0 |      0 |    0 |          0 |
|     g_mac_w_out_w_in[221].u | spmw_fifo__parameterized0_604 |         34 |         34 |       0 |    0 |     66 |      0 |      0 |    0 |          0 |
|     g_mac_w_out_w_in[222].u | spmw_fifo__parameterized0_605 |          5 |          5 |       0 |    0 |     66 |      0 |      0 |    0 |          0 |
|     g_mac_w_out_w_in[223].u | spmw_fifo__parameterized0_606 |         34 |         34 |       0 |    0 |     66 |      0 |      0 |    0 |          0 |
|     g_mac_w_out_w_in[225].u | spmw_fifo__parameterized0_607 |         35 |         35 |       0 |    0 |     66 |      0 |      0 |    0 |          0 |
|     g_mac_w_out_w_in[226].u | spmw_fifo__parameterized0_608 |         34 |         34 |       0 |    0 |     66 |      0 |      0 |    0 |          0 |
|     g_mac_w_out_w_in[227].u | spmw_fifo__parameterized0_609 |         34 |         34 |       0 |    0 |     66 |      0 |      0 |    0 |          0 |
|     g_mac_w_out_w_in[228].u | spmw_fifo__parameterized0_610 |         35 |         35 |       0 |    0 |     66 |      0 |      0 |    0 |          0 |
|     g_mac_w_out_w_in[229].u | spmw_fifo__parameterized0_611 |         34 |         34 |       0 |    0 |     66 |      0 |      0 |    0 |          0 |
|     g_mac_w_out_w_in[22].u  | spmw_fifo__parameterized0_612 |         34 |         34 |       0 |    0 |     66 |      0 |      0 |    0 |          0 |
|     g_mac_w_out_w_in[230].u | spmw_fifo__parameterized0_613 |         34 |         34 |       0 |    0 |     66 |      0 |      0 |    0 |          0 |
|     g_mac_w_out_w_in[231].u | spmw_fifo__parameterized0_614 |         36 |         36 |       0 |    0 |     66 |      0 |      0 |    0 |          0 |
|     g_mac_w_out_w_in[232].u | spmw_fifo__parameterized0_615 |         33 |         33 |       0 |    0 |     66 |      0 |      0 |    0 |          0 |
|     g_mac_w_out_w_in[233].u | spmw_fifo__parameterized0_616 |         33 |         33 |       0 |    0 |     66 |      0 |      0 |    0 |          0 |
|     g_mac_w_out_w_in[234].u | spmw_fifo__parameterized0_617 |         34 |         34 |       0 |    0 |     66 |      0 |      0 |    0 |          0 |
|     g_mac_w_out_w_in[235].u | spmw_fifo__parameterized0_618 |         34 |         34 |       0 |    0 |     66 |      0 |      0 |    0 |          0 |
|     g_mac_w_out_w_in[236].u | spmw_fifo__parameterized0_619 |         34 |         34 |       0 |    0 |     66 |      0 |      0 |    0 |          0 |
|     g_mac_w_out_w_in[237].u | spmw_fifo__parameterized0_620 |         34 |         34 |       0 |    0 |     66 |      0 |      0 |    0 |          0 |
|     g_mac_w_out_w_in[238].u | spmw_fifo__parameterized0_621 |         34 |         34 |       0 |    0 |     66 |      0 |      0 |    0 |          0 |
|     g_mac_w_out_w_in[239].u | spmw_fifo__parameterized0_622 |         34 |         34 |       0 |    0 |     66 |      0 |      0 |    0 |          0 |
|     g_mac_w_out_w_in[23].u  | spmw_fifo__parameterized0_623 |         34 |         34 |       0 |    0 |     66 |      0 |      0 |    0 |          0 |
|     g_mac_w_out_w_in[241].u | spmw_fifo__parameterized0_624 |         35 |         35 |       0 |    0 |     66 |      0 |      0 |    0 |          0 |
|     g_mac_w_out_w_in[242].u | spmw_fifo__parameterized0_625 |         34 |         34 |       0 |    0 |     66 |      0 |      0 |    0 |          0 |
|     g_mac_w_out_w_in[243].u | spmw_fifo__parameterized0_626 |         34 |         34 |       0 |    0 |     66 |      0 |      0 |    0 |          0 |
|     g_mac_w_out_w_in[244].u | spmw_fifo__parameterized0_627 |         35 |         35 |       0 |    0 |     66 |      0 |      0 |    0 |          0 |
|     g_mac_w_out_w_in[245].u | spmw_fifo__parameterized0_628 |         36 |         36 |       0 |    0 |     66 |      0 |      0 |    0 |          0 |
|     g_mac_w_out_w_in[246].u | spmw_fifo__parameterized0_629 |         34 |         34 |       0 |    0 |     66 |      0 |      0 |    0 |          0 |
|     g_mac_w_out_w_in[247].u | spmw_fifo__parameterized0_630 |         36 |         36 |       0 |    0 |     66 |      0 |      0 |    0 |          0 |
|     g_mac_w_out_w_in[248].u | spmw_fifo__parameterized0_631 |         36 |         36 |       0 |    0 |     66 |      0 |      0 |    0 |          0 |
|     g_mac_w_out_w_in[249].u | spmw_fifo__parameterized0_632 |         35 |         35 |       0 |    0 |     66 |      0 |      0 |    0 |          0 |
|     g_mac_w_out_w_in[24].u  | spmw_fifo__parameterized0_633 |         34 |         34 |       0 |    0 |     66 |      0 |      0 |    0 |          0 |
|     g_mac_w_out_w_in[250].u | spmw_fifo__parameterized0_634 |         34 |         34 |       0 |    0 |     66 |      0 |      0 |    0 |          0 |
|     g_mac_w_out_w_in[251].u | spmw_fifo__parameterized0_635 |         34 |         34 |       0 |    0 |     66 |      0 |      0 |    0 |          0 |
|     g_mac_w_out_w_in[252].u | spmw_fifo__parameterized0_636 |          2 |          2 |       0 |    0 |     66 |      0 |      0 |    0 |          0 |
|     g_mac_w_out_w_in[253].u | spmw_fifo__parameterized0_637 |         34 |         34 |       0 |    0 |     66 |      0 |      0 |    0 |          0 |
|     g_mac_w_out_w_in[254].u | spmw_fifo__parameterized0_638 |         34 |         34 |       0 |    0 |     66 |      0 |      0 |    0 |          0 |
|     g_mac_w_out_w_in[255].u | spmw_fifo__parameterized0_639 |         34 |         34 |       0 |    0 |     66 |      0 |      0 |    0 |          0 |
|     g_mac_w_out_w_in[25].u  | spmw_fifo__parameterized0_640 |         34 |         34 |       0 |    0 |     66 |      0 |      0 |    0 |          0 |
|     g_mac_w_out_w_in[26].u  | spmw_fifo__parameterized0_641 |         34 |         34 |       0 |    0 |     66 |      0 |      0 |    0 |          0 |
|     g_mac_w_out_w_in[27].u  | spmw_fifo__parameterized0_642 |         34 |         34 |       0 |    0 |     66 |      0 |      0 |    0 |          0 |
|     g_mac_w_out_w_in[28].u  | spmw_fifo__parameterized0_643 |          2 |          2 |       0 |    0 |     66 |      0 |      0 |    0 |          0 |
|     g_mac_w_out_w_in[29].u  | spmw_fifo__parameterized0_644 |         34 |         34 |       0 |    0 |     66 |      0 |      0 |    0 |          0 |
|     g_mac_w_out_w_in[2].u   | spmw_fifo__parameterized0_645 |         35 |         35 |       0 |    0 |     66 |      0 |      0 |    0 |          0 |
|     g_mac_w_out_w_in[30].u  | spmw_fifo__parameterized0_646 |         34 |         34 |       0 |    0 |     66 |      0 |      0 |    0 |          0 |
|     g_mac_w_out_w_in[31].u  | spmw_fifo__parameterized0_647 |         34 |         34 |       0 |    0 |     66 |      0 |      0 |    0 |          0 |
|     g_mac_w_out_w_in[33].u  | spmw_fifo__parameterized0_648 |         34 |         34 |       0 |    0 |     66 |      0 |      0 |    0 |          0 |
|     g_mac_w_out_w_in[34].u  | spmw_fifo__parameterized0_649 |         34 |         34 |       0 |    0 |     66 |      0 |      0 |    0 |          0 |
|     g_mac_w_out_w_in[35].u  | spmw_fifo__parameterized0_650 |          2 |          2 |       0 |    0 |     66 |      0 |      0 |    0 |          0 |
|     g_mac_w_out_w_in[36].u  | spmw_fifo__parameterized0_651 |         34 |         34 |       0 |    0 |     66 |      0 |      0 |    0 |          0 |
|     g_mac_w_out_w_in[37].u  | spmw_fifo__parameterized0_652 |         34 |         34 |       0 |    0 |     66 |      0 |      0 |    0 |          0 |
|     g_mac_w_out_w_in[38].u  | spmw_fifo__parameterized0_653 |         36 |         36 |       0 |    0 |     66 |      0 |      0 |    0 |          0 |
|     g_mac_w_out_w_in[39].u  | spmw_fifo__parameterized0_654 |         34 |         34 |       0 |    0 |     66 |      0 |      0 |    0 |          0 |
|     g_mac_w_out_w_in[3].u   | spmw_fifo__parameterized0_655 |          4 |          4 |       0 |    0 |     66 |      0 |      0 |    0 |          0 |
|     g_mac_w_out_w_in[40].u  | spmw_fifo__parameterized0_656 |         34 |         34 |       0 |    0 |     66 |      0 |      0 |    0 |          0 |
|     g_mac_w_out_w_in[41].u  | spmw_fifo__parameterized0_657 |         34 |         34 |       0 |    0 |     66 |      0 |      0 |    0 |          0 |
|     g_mac_w_out_w_in[42].u  | spmw_fifo__parameterized0_658 |         34 |         34 |       0 |    0 |     66 |      0 |      0 |    0 |          0 |
|     g_mac_w_out_w_in[43].u  | spmw_fifo__parameterized0_659 |         34 |         34 |       0 |    0 |     66 |      0 |      0 |    0 |          0 |
|     g_mac_w_out_w_in[44].u  | spmw_fifo__parameterized0_660 |          4 |          4 |       0 |    0 |     66 |      0 |      0 |    0 |          0 |
|     g_mac_w_out_w_in[45].u  | spmw_fifo__parameterized0_661 |         34 |         34 |       0 |    0 |     66 |      0 |      0 |    0 |          0 |
|     g_mac_w_out_w_in[46].u  | spmw_fifo__parameterized0_662 |         34 |         34 |       0 |    0 |     66 |      0 |      0 |    0 |          0 |
|     g_mac_w_out_w_in[47].u  | spmw_fifo__parameterized0_663 |         34 |         34 |       0 |    0 |     66 |      0 |      0 |    0 |          0 |
|     g_mac_w_out_w_in[49].u  | spmw_fifo__parameterized0_664 |         34 |         34 |       0 |    0 |     66 |      0 |      0 |    0 |          0 |
|     g_mac_w_out_w_in[4].u   | spmw_fifo__parameterized0_665 |         35 |         35 |       0 |    0 |     66 |      0 |      0 |    0 |          0 |
|     g_mac_w_out_w_in[50].u  | spmw_fifo__parameterized0_666 |         34 |         34 |       0 |    0 |     66 |      0 |      0 |    0 |          0 |
|     g_mac_w_out_w_in[51].u  | spmw_fifo__parameterized0_667 |         34 |         34 |       0 |    0 |     66 |      0 |      0 |    0 |          0 |
|     g_mac_w_out_w_in[52].u  | spmw_fifo__parameterized0_668 |         36 |         36 |       0 |    0 |     66 |      0 |      0 |    0 |          0 |
|     g_mac_w_out_w_in[53].u  | spmw_fifo__parameterized0_669 |         34 |         34 |       0 |    0 |     66 |      0 |      0 |    0 |          0 |
|     g_mac_w_out_w_in[54].u  | spmw_fifo__parameterized0_670 |         34 |         34 |       0 |    0 |     66 |      0 |      0 |    0 |          0 |
|     g_mac_w_out_w_in[55].u  | spmw_fifo__parameterized0_671 |         34 |         34 |       0 |    0 |     66 |      0 |      0 |    0 |          0 |
|     g_mac_w_out_w_in[56].u  | spmw_fifo__parameterized0_672 |          2 |          2 |       0 |    0 |     66 |      0 |      0 |    0 |          0 |
|     g_mac_w_out_w_in[57].u  | spmw_fifo__parameterized0_673 |         34 |         34 |       0 |    0 |     66 |      0 |      0 |    0 |          0 |
|     g_mac_w_out_w_in[58].u  | spmw_fifo__parameterized0_674 |         34 |         34 |       0 |    0 |     66 |      0 |      0 |    0 |          0 |
|     g_mac_w_out_w_in[59].u  | spmw_fifo__parameterized0_675 |         34 |         34 |       0 |    0 |     66 |      0 |      0 |    0 |          0 |
|     g_mac_w_out_w_in[5].u   | spmw_fifo__parameterized0_676 |         35 |         35 |       0 |    0 |     66 |      0 |      0 |    0 |          0 |
|     g_mac_w_out_w_in[60].u  | spmw_fifo__parameterized0_677 |          2 |          2 |       0 |    0 |     66 |      0 |      0 |    0 |          0 |
|     g_mac_w_out_w_in[61].u  | spmw_fifo__parameterized0_678 |         34 |         34 |       0 |    0 |     66 |      0 |      0 |    0 |          0 |
|     g_mac_w_out_w_in[62].u  | spmw_fifo__parameterized0_679 |         34 |         34 |       0 |    0 |     66 |      0 |      0 |    0 |          0 |
|     g_mac_w_out_w_in[63].u  | spmw_fifo__parameterized0_680 |         34 |         34 |       0 |    0 |     66 |      0 |      0 |    0 |          0 |
|     g_mac_w_out_w_in[65].u  | spmw_fifo__parameterized0_681 |         34 |         34 |       0 |    0 |     66 |      0 |      0 |    0 |          0 |
|     g_mac_w_out_w_in[66].u  | spmw_fifo__parameterized0_682 |         34 |         34 |       0 |    0 |     66 |      0 |      0 |    0 |          0 |
|     g_mac_w_out_w_in[67].u  | spmw_fifo__parameterized0_683 |         34 |         34 |       0 |    0 |     66 |      0 |      0 |    0 |          0 |
|     g_mac_w_out_w_in[68].u  | spmw_fifo__parameterized0_684 |         36 |         36 |       0 |    0 |     66 |      0 |      0 |    0 |          0 |
|     g_mac_w_out_w_in[69].u  | spmw_fifo__parameterized0_685 |         34 |         34 |       0 |    0 |     66 |      0 |      0 |    0 |          0 |
|     g_mac_w_out_w_in[6].u   | spmw_fifo__parameterized0_686 |         35 |         35 |       0 |    0 |     66 |      0 |      0 |    0 |          0 |
|     g_mac_w_out_w_in[70].u  | spmw_fifo__parameterized0_687 |         34 |         34 |       0 |    0 |     66 |      0 |      0 |    0 |          0 |
|     g_mac_w_out_w_in[71].u  | spmw_fifo__parameterized0_688 |         34 |         34 |       0 |    0 |     66 |      0 |      0 |    0 |          0 |
|     g_mac_w_out_w_in[72].u  | spmw_fifo__parameterized0_689 |         34 |         34 |       0 |    0 |     66 |      0 |      0 |    0 |          0 |
|     g_mac_w_out_w_in[73].u  | spmw_fifo__parameterized0_690 |         34 |         34 |       0 |    0 |     66 |      0 |      0 |    0 |          0 |
|     g_mac_w_out_w_in[74].u  | spmw_fifo__parameterized0_691 |         34 |         34 |       0 |    0 |     66 |      0 |      0 |    0 |          0 |
|     g_mac_w_out_w_in[75].u  | spmw_fifo__parameterized0_692 |         36 |         36 |       0 |    0 |     66 |      0 |      0 |    0 |          0 |
|     g_mac_w_out_w_in[76].u  | spmw_fifo__parameterized0_693 |         34 |         34 |       0 |    0 |     66 |      0 |      0 |    0 |          0 |
|     g_mac_w_out_w_in[77].u  | spmw_fifo__parameterized0_694 |         34 |         34 |       0 |    0 |     66 |      0 |      0 |    0 |          0 |
|     g_mac_w_out_w_in[78].u  | spmw_fifo__parameterized0_695 |         34 |         34 |       0 |    0 |     66 |      0 |      0 |    0 |          0 |
|     g_mac_w_out_w_in[79].u  | spmw_fifo__parameterized0_696 |          3 |          3 |       0 |    0 |     66 |      0 |      0 |    0 |          0 |
|     g_mac_w_out_w_in[7].u   | spmw_fifo__parameterized0_697 |         36 |         36 |       0 |    0 |     66 |      0 |      0 |    0 |          0 |
|     g_mac_w_out_w_in[81].u  | spmw_fifo__parameterized0_698 |         34 |         34 |       0 |    0 |     66 |      0 |      0 |    0 |          0 |
|     g_mac_w_out_w_in[82].u  | spmw_fifo__parameterized0_699 |         34 |         34 |       0 |    0 |     66 |      0 |      0 |    0 |          0 |
|     g_mac_w_out_w_in[83].u  | spmw_fifo__parameterized0_700 |         34 |         34 |       0 |    0 |     66 |      0 |      0 |    0 |          0 |
|     g_mac_w_out_w_in[84].u  | spmw_fifo__parameterized0_701 |         36 |         36 |       0 |    0 |     66 |      0 |      0 |    0 |          0 |
|     g_mac_w_out_w_in[85].u  | spmw_fifo__parameterized0_702 |         35 |         35 |       0 |    0 |     66 |      0 |      0 |    0 |          0 |
|     g_mac_w_out_w_in[86].u  | spmw_fifo__parameterized0_703 |         34 |         34 |       0 |    0 |     66 |      0 |      0 |    0 |          0 |
|     g_mac_w_out_w_in[87].u  | spmw_fifo__parameterized0_704 |         36 |         36 |       0 |    0 |     66 |      0 |      0 |    0 |          0 |
|     g_mac_w_out_w_in[88].u  | spmw_fifo__parameterized0_705 |         34 |         34 |       0 |    0 |     66 |      0 |      0 |    0 |          0 |
|     g_mac_w_out_w_in[89].u  | spmw_fifo__parameterized0_706 |         35 |         35 |       0 |    0 |     66 |      0 |      0 |    0 |          0 |
|     g_mac_w_out_w_in[8].u   | spmw_fifo__parameterized0_707 |         35 |         35 |       0 |    0 |     66 |      0 |      0 |    0 |          0 |
|     g_mac_w_out_w_in[90].u  | spmw_fifo__parameterized0_708 |         34 |         34 |       0 |    0 |     66 |      0 |      0 |    0 |          0 |
|     g_mac_w_out_w_in[91].u  | spmw_fifo__parameterized0_709 |         36 |         36 |       0 |    0 |     66 |      0 |      0 |    0 |          0 |
|     g_mac_w_out_w_in[92].u  | spmw_fifo__parameterized0_710 |         34 |         34 |       0 |    0 |     66 |      0 |      0 |    0 |          0 |
|     g_mac_w_out_w_in[93].u  | spmw_fifo__parameterized0_711 |         34 |         34 |       0 |    0 |     66 |      0 |      0 |    0 |          0 |
|     g_mac_w_out_w_in[94].u  | spmw_fifo__parameterized0_712 |          4 |          4 |       0 |    0 |     66 |      0 |      0 |    0 |          0 |
|     g_mac_w_out_w_in[95].u  | spmw_fifo__parameterized0_713 |          3 |          3 |       0 |    0 |     66 |      0 |      0 |    0 |          0 |
|     g_mac_w_out_w_in[97].u  | spmw_fifo__parameterized0_714 |         34 |         34 |       0 |    0 |     66 |      0 |      0 |    0 |          0 |
|     g_mac_w_out_w_in[98].u  | spmw_fifo__parameterized0_715 |         34 |         34 |       0 |    0 |     66 |      0 |      0 |    0 |          0 |
|     g_mac_w_out_w_in[99].u  | spmw_fifo__parameterized0_716 |         34 |         34 |       0 |    0 |     66 |      0 |      0 |    0 |          0 |
|     g_mac_w_out_w_in[9].u   | spmw_fifo__parameterized0_717 |         35 |         35 |       0 |    0 |     66 |      0 |      0 |    0 |          0 |
|     g_vpu_z_in_bind[0].u    | spmw_fifo__parameterized0_718 |         17 |         17 |       0 |    0 |     66 |      0 |      0 |    0 |          0 |
|     g_vpu_z_in_bind[10].u   | spmw_fifo__parameterized0_719 |         17 |         17 |       0 |    0 |     66 |      0 |      0 |    0 |          0 |
|     g_vpu_z_in_bind[11].u   | spmw_fifo__parameterized0_720 |         17 |         17 |       0 |    0 |     66 |      0 |      0 |    0 |          0 |
|     g_vpu_z_in_bind[12].u   | spmw_fifo__parameterized0_721 |         17 |         17 |       0 |    0 |     66 |      0 |      0 |    0 |          0 |
|     g_vpu_z_in_bind[13].u   | spmw_fifo__parameterized0_722 |         17 |         17 |       0 |    0 |     66 |      0 |      0 |    0 |          0 |
|     g_vpu_z_in_bind[14].u   | spmw_fifo__parameterized0_723 |         17 |         17 |       0 |    0 |     66 |      0 |      0 |    0 |          0 |
|     g_vpu_z_in_bind[15].u   | spmw_fifo__parameterized0_724 |         17 |         17 |       0 |    0 |     66 |      0 |      0 |    0 |          0 |
|     g_vpu_z_in_bind[1].u    | spmw_fifo__parameterized0_725 |         17 |         17 |       0 |    0 |     66 |      0 |      0 |    0 |          0 |
|     g_vpu_z_in_bind[2].u    | spmw_fifo__parameterized0_726 |         17 |         17 |       0 |    0 |     66 |      0 |      0 |    0 |          0 |
|     g_vpu_z_in_bind[3].u    | spmw_fifo__parameterized0_727 |         17 |         17 |       0 |    0 |     66 |      0 |      0 |    0 |          0 |
|     g_vpu_z_in_bind[4].u    | spmw_fifo__parameterized0_728 |         17 |         17 |       0 |    0 |     66 |      0 |      0 |    0 |          0 |
|     g_vpu_z_in_bind[5].u    | spmw_fifo__parameterized0_729 |         17 |         17 |       0 |    0 |     66 |      0 |      0 |    0 |          0 |
|     g_vpu_z_in_bind[6].u    | spmw_fifo__parameterized0_730 |         17 |         17 |       0 |    0 |     66 |      0 |      0 |    0 |          0 |
|     g_vpu_z_in_bind[7].u    | spmw_fifo__parameterized0_731 |         17 |         17 |       0 |    0 |     66 |      0 |      0 |    0 |          0 |
|     g_vpu_z_in_bind[8].u    | spmw_fifo__parameterized0_732 |         17 |         17 |       0 |    0 |     66 |      0 |      0 |    0 |          0 |
|     g_vpu_z_in_bind[9].u    | spmw_fifo__parameterized0_733 |         17 |         17 |       0 |    0 |     66 |      0 |      0 |    0 |          0 |
|     u_mac_r0_10_1           |                        mac_r0 |        319 |        319 |       0 |    0 |    365 |      0 |      0 |    0 |          0 |
|       u                     |                 mac_r0_0_3559 |        319 |        319 |       0 |    0 |    365 |      0 |      0 |    0 |          0 |
|     u_mac_r0_10_10          |                    mac_r0_734 |        306 |        306 |       0 |    0 |    365 |      0 |      0 |    0 |          0 |
|       u                     |                 mac_r0_0_3549 |        306 |        306 |       0 |    0 |    365 |      0 |      0 |    0 |          0 |
|     u_mac_r0_10_11          |                    mac_r0_735 |        321 |        321 |       0 |    0 |    365 |      0 |      0 |    0 |          0 |
|       u                     |                 mac_r0_0_3539 |        321 |        321 |       0 |    0 |    365 |      0 |      0 |    0 |          0 |
|     u_mac_r0_10_12          |                    mac_r0_736 |        308 |        308 |       0 |    0 |    365 |      0 |      0 |    0 |          0 |
|       u                     |                 mac_r0_0_3529 |        308 |        308 |       0 |    0 |    365 |      0 |      0 |    0 |          0 |
|     u_mac_r0_10_13          |                    mac_r0_737 |        311 |        311 |       0 |    0 |    365 |      0 |      0 |    0 |          0 |
|       u                     |                 mac_r0_0_3519 |        311 |        311 |       0 |    0 |    365 |      0 |      0 |    0 |          0 |
|     u_mac_r0_10_14          |                    mac_r0_738 |        300 |        300 |       0 |    0 |    365 |      0 |      0 |    0 |          0 |
|       u                     |                 mac_r0_0_3509 |        300 |        300 |       0 |    0 |    365 |      0 |      0 |    0 |          0 |
|     u_mac_r0_10_2           |                    mac_r0_739 |        315 |        315 |       0 |    0 |    365 |      0 |      0 |    0 |          0 |
|       u                     |                 mac_r0_0_3499 |        315 |        315 |       0 |    0 |    365 |      0 |      0 |    0 |          0 |
|     u_mac_r0_10_3           |                    mac_r0_740 |        311 |        311 |       0 |    0 |    365 |      0 |      0 |    0 |          0 |
|       u                     |                 mac_r0_0_3489 |        311 |        311 |       0 |    0 |    365 |      0 |      0 |    0 |          0 |
|     u_mac_r0_10_4           |                    mac_r0_741 |        311 |        311 |       0 |    0 |    365 |      0 |      0 |    0 |          0 |
|       u                     |                 mac_r0_0_3479 |        311 |        311 |       0 |    0 |    365 |      0 |      0 |    0 |          0 |
|     u_mac_r0_10_5           |                    mac_r0_742 |        307 |        307 |       0 |    0 |    365 |      0 |      0 |    0 |          0 |
|       u                     |                 mac_r0_0_3469 |        307 |        307 |       0 |    0 |    365 |      0 |      0 |    0 |          0 |
|     u_mac_r0_10_6           |                    mac_r0_743 |        319 |        319 |       0 |    0 |    365 |      0 |      0 |    0 |          0 |
|       u                     |                 mac_r0_0_3459 |        319 |        319 |       0 |    0 |    365 |      0 |      0 |    0 |          0 |
|     u_mac_r0_10_7           |                    mac_r0_744 |        309 |        309 |       0 |    0 |    365 |      0 |      0 |    0 |          0 |
|       u                     |                 mac_r0_0_3449 |        309 |        309 |       0 |    0 |    365 |      0 |      0 |    0 |          0 |
|     u_mac_r0_10_8           |                    mac_r0_745 |        308 |        308 |       0 |    0 |    365 |      0 |      0 |    0 |          0 |
|       u                     |                 mac_r0_0_3439 |        308 |        308 |       0 |    0 |    365 |      0 |      0 |    0 |          0 |
|     u_mac_r0_10_9           |                    mac_r0_746 |        307 |        307 |       0 |    0 |    365 |      0 |      0 |    0 |          0 |
|       u                     |                 mac_r0_0_3429 |        307 |        307 |       0 |    0 |    365 |      0 |      0 |    0 |          0 |
|     u_mac_r0_11_1           |                    mac_r0_747 |        311 |        311 |       0 |    0 |    365 |      0 |      0 |    0 |          0 |
|       u                     |                 mac_r0_0_3419 |        311 |        311 |       0 |    0 |    365 |      0 |      0 |    0 |          0 |
|     u_mac_r0_11_10          |                    mac_r0_748 |        312 |        312 |       0 |    0 |    365 |      0 |      0 |    0 |          0 |
|       u                     |                 mac_r0_0_3409 |        312 |        312 |       0 |    0 |    365 |      0 |      0 |    0 |          0 |
|     u_mac_r0_11_11          |                    mac_r0_749 |        326 |        326 |       0 |    0 |    365 |      0 |      0 |    0 |          0 |
|       u                     |                 mac_r0_0_3399 |        326 |        326 |       0 |    0 |    365 |      0 |      0 |    0 |          0 |
|     u_mac_r0_11_12          |                    mac_r0_750 |        310 |        310 |       0 |    0 |    365 |      0 |      0 |    0 |          0 |
|       u                     |                 mac_r0_0_3389 |        310 |        310 |       0 |    0 |    365 |      0 |      0 |    0 |          0 |
|     u_mac_r0_11_13          |                    mac_r0_751 |        309 |        309 |       0 |    0 |    365 |      0 |      0 |    0 |          0 |
|       u                     |                 mac_r0_0_3379 |        309 |        309 |       0 |    0 |    365 |      0 |      0 |    0 |          0 |
|     u_mac_r0_11_14          |                    mac_r0_752 |        298 |        298 |       0 |    0 |    365 |      0 |      0 |    0 |          0 |
|       u                     |                 mac_r0_0_3369 |        298 |        298 |       0 |    0 |    365 |      0 |      0 |    0 |          0 |
|     u_mac_r0_11_2           |                    mac_r0_753 |        310 |        310 |       0 |    0 |    365 |      0 |      0 |    0 |          0 |
|       u                     |                 mac_r0_0_3359 |        310 |        310 |       0 |    0 |    365 |      0 |      0 |    0 |          0 |
|     u_mac_r0_11_3           |                    mac_r0_754 |        310 |        310 |       0 |    0 |    365 |      0 |      0 |    0 |          0 |
|       u                     |                 mac_r0_0_3349 |        310 |        310 |       0 |    0 |    365 |      0 |      0 |    0 |          0 |
|     u_mac_r0_11_4           |                    mac_r0_755 |        324 |        324 |       0 |    0 |    365 |      0 |      0 |    0 |          0 |
|       u                     |                 mac_r0_0_3339 |        324 |        324 |       0 |    0 |    365 |      0 |      0 |    0 |          0 |
|     u_mac_r0_11_5           |                    mac_r0_756 |        314 |        314 |       0 |    0 |    365 |      0 |      0 |    0 |          0 |
|       u                     |                 mac_r0_0_3329 |        314 |        314 |       0 |    0 |    365 |      0 |      0 |    0 |          0 |
|     u_mac_r0_11_6           |                    mac_r0_757 |        311 |        311 |       0 |    0 |    365 |      0 |      0 |    0 |          0 |
|       u                     |                 mac_r0_0_3319 |        311 |        311 |       0 |    0 |    365 |      0 |      0 |    0 |          0 |
|     u_mac_r0_11_7           |                    mac_r0_758 |        311 |        311 |       0 |    0 |    365 |      0 |      0 |    0 |          0 |
|       u                     |                 mac_r0_0_3309 |        311 |        311 |       0 |    0 |    365 |      0 |      0 |    0 |          0 |
|     u_mac_r0_11_8           |                    mac_r0_759 |        312 |        312 |       0 |    0 |    365 |      0 |      0 |    0 |          0 |
|       u                     |                 mac_r0_0_3299 |        312 |        312 |       0 |    0 |    365 |      0 |      0 |    0 |          0 |
|     u_mac_r0_11_9           |                    mac_r0_760 |        312 |        312 |       0 |    0 |    365 |      0 |      0 |    0 |          0 |
|       u                     |                 mac_r0_0_3289 |        312 |        312 |       0 |    0 |    365 |      0 |      0 |    0 |          0 |
|     u_mac_r0_12_1           |                    mac_r0_761 |        306 |        306 |       0 |    0 |    365 |      0 |      0 |    0 |          0 |
|       u                     |                 mac_r0_0_3279 |        306 |        306 |       0 |    0 |    365 |      0 |      0 |    0 |          0 |
|     u_mac_r0_12_10          |                    mac_r0_762 |        308 |        308 |       0 |    0 |    365 |      0 |      0 |    0 |          0 |
|       u                     |                 mac_r0_0_3269 |        308 |        308 |       0 |    0 |    365 |      0 |      0 |    0 |          0 |
|     u_mac_r0_12_11          |                    mac_r0_763 |        309 |        309 |       0 |    0 |    365 |      0 |      0 |    0 |          0 |
|       u                     |                 mac_r0_0_3259 |        309 |        309 |       0 |    0 |    365 |      0 |      0 |    0 |          0 |
|     u_mac_r0_12_12          |                    mac_r0_764 |        311 |        311 |       0 |    0 |    365 |      0 |      0 |    0 |          0 |
|       u                     |                 mac_r0_0_3249 |        311 |        311 |       0 |    0 |    365 |      0 |      0 |    0 |          0 |
|     u_mac_r0_12_13          |                    mac_r0_765 |        322 |        322 |       0 |    0 |    365 |      0 |      0 |    0 |          0 |
|       u                     |                 mac_r0_0_3239 |        322 |        322 |       0 |    0 |    365 |      0 |      0 |    0 |          0 |
|     u_mac_r0_12_14          |                    mac_r0_766 |        311 |        311 |       0 |    0 |    365 |      0 |      0 |    0 |          0 |
|       u                     |                 mac_r0_0_3229 |        311 |        311 |       0 |    0 |    365 |      0 |      0 |    0 |          0 |
|     u_mac_r0_12_2           |                    mac_r0_767 |        308 |        308 |       0 |    0 |    365 |      0 |      0 |    0 |          0 |
|       u                     |                 mac_r0_0_3219 |        308 |        308 |       0 |    0 |    365 |      0 |      0 |    0 |          0 |
|     u_mac_r0_12_3           |                    mac_r0_768 |        307 |        307 |       0 |    0 |    365 |      0 |      0 |    0 |          0 |
|       u                     |                 mac_r0_0_3209 |        307 |        307 |       0 |    0 |    365 |      0 |      0 |    0 |          0 |
|     u_mac_r0_12_4           |                    mac_r0_769 |        320 |        320 |       0 |    0 |    365 |      0 |      0 |    0 |          0 |
|       u                     |                 mac_r0_0_3199 |        320 |        320 |       0 |    0 |    365 |      0 |      0 |    0 |          0 |
|     u_mac_r0_12_5           |                    mac_r0_770 |        310 |        310 |       0 |    0 |    365 |      0 |      0 |    0 |          0 |
|       u                     |                 mac_r0_0_3189 |        310 |        310 |       0 |    0 |    365 |      0 |      0 |    0 |          0 |
|     u_mac_r0_12_6           |                    mac_r0_771 |        308 |        308 |       0 |    0 |    365 |      0 |      0 |    0 |          0 |
|       u                     |                 mac_r0_0_3179 |        308 |        308 |       0 |    0 |    365 |      0 |      0 |    0 |          0 |
|     u_mac_r0_12_7           |                    mac_r0_772 |        304 |        304 |       0 |    0 |    365 |      0 |      0 |    0 |          0 |
|       u                     |                 mac_r0_0_3169 |        304 |        304 |       0 |    0 |    365 |      0 |      0 |    0 |          0 |
|     u_mac_r0_12_8           |                    mac_r0_773 |        310 |        310 |       0 |    0 |    365 |      0 |      0 |    0 |          0 |
|       u                     |                 mac_r0_0_3159 |        310 |        310 |       0 |    0 |    365 |      0 |      0 |    0 |          0 |
|     u_mac_r0_12_9           |                    mac_r0_774 |        310 |        310 |       0 |    0 |    365 |      0 |      0 |    0 |          0 |
|       u                     |                 mac_r0_0_3149 |        310 |        310 |       0 |    0 |    365 |      0 |      0 |    0 |          0 |
|     u_mac_r0_13_1           |                    mac_r0_775 |        312 |        312 |       0 |    0 |    365 |      0 |      0 |    0 |          0 |
|       u                     |                 mac_r0_0_3139 |        312 |        312 |       0 |    0 |    365 |      0 |      0 |    0 |          0 |
|     u_mac_r0_13_10          |                    mac_r0_776 |        305 |        305 |       0 |    0 |    365 |      0 |      0 |    0 |          0 |
|       u                     |                 mac_r0_0_3129 |        305 |        305 |       0 |    0 |    365 |      0 |      0 |    0 |          0 |
|     u_mac_r0_13_11          |                    mac_r0_777 |        307 |        307 |       0 |    0 |    365 |      0 |      0 |    0 |          0 |
|       u                     |                 mac_r0_0_3119 |        307 |        307 |       0 |    0 |    365 |      0 |      0 |    0 |          0 |
|     u_mac_r0_13_12          |                    mac_r0_778 |        307 |        307 |       0 |    0 |    365 |      0 |      0 |    0 |          0 |
|       u                     |                 mac_r0_0_3109 |        307 |        307 |       0 |    0 |    365 |      0 |      0 |    0 |          0 |
|     u_mac_r0_13_13          |                    mac_r0_779 |        319 |        319 |       0 |    0 |    365 |      0 |      0 |    0 |          0 |
|       u                     |                 mac_r0_0_3099 |        319 |        319 |       0 |    0 |    365 |      0 |      0 |    0 |          0 |
|     u_mac_r0_13_14          |                    mac_r0_780 |        308 |        308 |       0 |    0 |    365 |      0 |      0 |    0 |          0 |
|       u                     |                 mac_r0_0_3089 |        308 |        308 |       0 |    0 |    365 |      0 |      0 |    0 |          0 |
|     u_mac_r0_13_2           |                    mac_r0_781 |        311 |        311 |       0 |    0 |    365 |      0 |      0 |    0 |          0 |
|       u                     |                 mac_r0_0_3079 |        311 |        311 |       0 |    0 |    365 |      0 |      0 |    0 |          0 |
|     u_mac_r0_13_3           |                    mac_r0_782 |        311 |        311 |       0 |    0 |    365 |      0 |      0 |    0 |          0 |
|       u                     |                 mac_r0_0_3069 |        311 |        311 |       0 |    0 |    365 |      0 |      0 |    0 |          0 |
|     u_mac_r0_13_4           |                    mac_r0_783 |        311 |        311 |       0 |    0 |    365 |      0 |      0 |    0 |          0 |
|       u                     |                 mac_r0_0_3059 |        311 |        311 |       0 |    0 |    365 |      0 |      0 |    0 |          0 |
|     u_mac_r0_13_5           |                    mac_r0_784 |        307 |        307 |       0 |    0 |    365 |      0 |      0 |    0 |          0 |
|       u                     |                 mac_r0_0_3049 |        307 |        307 |       0 |    0 |    365 |      0 |      0 |    0 |          0 |
|     u_mac_r0_13_6           |                    mac_r0_785 |        320 |        320 |       0 |    0 |    365 |      0 |      0 |    0 |          0 |
|       u                     |                 mac_r0_0_3039 |        320 |        320 |       0 |    0 |    365 |      0 |      0 |    0 |          0 |
|     u_mac_r0_13_7           |                    mac_r0_786 |        311 |        311 |       0 |    0 |    365 |      0 |      0 |    0 |          0 |
|       u                     |                 mac_r0_0_3029 |        311 |        311 |       0 |    0 |    365 |      0 |      0 |    0 |          0 |
|     u_mac_r0_13_8           |                    mac_r0_787 |        306 |        306 |       0 |    0 |    365 |      0 |      0 |    0 |          0 |
|       u                     |                 mac_r0_0_3019 |        306 |        306 |       0 |    0 |    365 |      0 |      0 |    0 |          0 |
|     u_mac_r0_13_9           |                    mac_r0_788 |        306 |        306 |       0 |    0 |    365 |      0 |      0 |    0 |          0 |
|       u                     |                 mac_r0_0_3009 |        306 |        306 |       0 |    0 |    365 |      0 |      0 |    0 |          0 |
|     u_mac_r0_14_1           |                    mac_r0_789 |        315 |        315 |       0 |    0 |    365 |      0 |      0 |    0 |          0 |
|       u                     |                 mac_r0_0_2999 |        315 |        315 |       0 |    0 |    365 |      0 |      0 |    0 |          0 |
|     u_mac_r0_14_10          |                    mac_r0_790 |        310 |        310 |       0 |    0 |    365 |      0 |      0 |    0 |          0 |
|       u                     |                 mac_r0_0_2989 |        310 |        310 |       0 |    0 |    365 |      0 |      0 |    0 |          0 |
|     u_mac_r0_14_11          |                    mac_r0_791 |        311 |        311 |       0 |    0 |    365 |      0 |      0 |    0 |          0 |
|       u                     |                 mac_r0_0_2979 |        311 |        311 |       0 |    0 |    365 |      0 |      0 |    0 |          0 |
|     u_mac_r0_14_12          |                    mac_r0_792 |        312 |        312 |       0 |    0 |    365 |      0 |      0 |    0 |          0 |
|       u                     |                 mac_r0_0_2969 |        312 |        312 |       0 |    0 |    365 |      0 |      0 |    0 |          0 |
|     u_mac_r0_14_13          |                    mac_r0_793 |        312 |        312 |       0 |    0 |    365 |      0 |      0 |    0 |          0 |
|       u                     |                 mac_r0_0_2959 |        312 |        312 |       0 |    0 |    365 |      0 |      0 |    0 |          0 |
|     u_mac_r0_14_14          |                    mac_r0_794 |        308 |        308 |       0 |    0 |    365 |      0 |      0 |    0 |          0 |
|       u                     |                 mac_r0_0_2949 |        308 |        308 |       0 |    0 |    365 |      0 |      0 |    0 |          0 |
|     u_mac_r0_14_2           |                    mac_r0_795 |        313 |        313 |       0 |    0 |    365 |      0 |      0 |    0 |          0 |
|       u                     |                 mac_r0_0_2939 |        313 |        313 |       0 |    0 |    365 |      0 |      0 |    0 |          0 |
|     u_mac_r0_14_3           |                    mac_r0_796 |        313 |        313 |       0 |    0 |    365 |      0 |      0 |    0 |          0 |
|       u                     |                 mac_r0_0_2929 |        313 |        313 |       0 |    0 |    365 |      0 |      0 |    0 |          0 |
|     u_mac_r0_14_4           |                    mac_r0_797 |        312 |        312 |       0 |    0 |    365 |      0 |      0 |    0 |          0 |
|       u                     |                 mac_r0_0_2919 |        312 |        312 |       0 |    0 |    365 |      0 |      0 |    0 |          0 |
|     u_mac_r0_14_5           |                    mac_r0_798 |        310 |        310 |       0 |    0 |    365 |      0 |      0 |    0 |          0 |
|       u                     |                 mac_r0_0_2909 |        310 |        310 |       0 |    0 |    365 |      0 |      0 |    0 |          0 |
|     u_mac_r0_14_6           |                    mac_r0_799 |        309 |        309 |       0 |    0 |    365 |      0 |      0 |    0 |          0 |
|       u                     |                 mac_r0_0_2899 |        309 |        309 |       0 |    0 |    365 |      0 |      0 |    0 |          0 |
|     u_mac_r0_14_7           |                    mac_r0_800 |        301 |        301 |       0 |    0 |    365 |      0 |      0 |    0 |          0 |
|       u                     |                 mac_r0_0_2889 |        301 |        301 |       0 |    0 |    365 |      0 |      0 |    0 |          0 |
|     u_mac_r0_14_8           |                    mac_r0_801 |        306 |        306 |       0 |    0 |    365 |      0 |      0 |    0 |          0 |
|       u                     |                 mac_r0_0_2879 |        306 |        306 |       0 |    0 |    365 |      0 |      0 |    0 |          0 |
|     u_mac_r0_14_9           |                    mac_r0_802 |        311 |        311 |       0 |    0 |    365 |      0 |      0 |    0 |          0 |
|       u                     |                 mac_r0_0_2869 |        311 |        311 |       0 |    0 |    365 |      0 |      0 |    0 |          0 |
|     u_mac_r0_1_1            |                    mac_r0_803 |        293 |        293 |       0 |    0 |    335 |      0 |      0 |    0 |          0 |
|       u                     |                 mac_r0_0_2859 |        293 |        293 |       0 |    0 |    335 |      0 |      0 |    0 |          0 |
|     u_mac_r0_1_10           |                    mac_r0_804 |        293 |        293 |       0 |    0 |    335 |      0 |      0 |    0 |          0 |
|       u                     |                 mac_r0_0_2849 |        293 |        293 |       0 |    0 |    335 |      0 |      0 |    0 |          0 |
|     u_mac_r0_1_11           |                    mac_r0_805 |        305 |        305 |       0 |    0 |    335 |      0 |      0 |    0 |          0 |
|       u                     |                 mac_r0_0_2839 |        305 |        305 |       0 |    0 |    335 |      0 |      0 |    0 |          0 |
|     u_mac_r0_1_12           |                    mac_r0_806 |        298 |        298 |       0 |    0 |    335 |      0 |      0 |    0 |          0 |
|       u                     |                 mac_r0_0_2829 |        298 |        298 |       0 |    0 |    335 |      0 |      0 |    0 |          0 |
|     u_mac_r0_1_13           |                    mac_r0_807 |        296 |        296 |       0 |    0 |    335 |      0 |      0 |    0 |          0 |
|       u                     |                 mac_r0_0_2819 |        296 |        296 |       0 |    0 |    335 |      0 |      0 |    0 |          0 |
|     u_mac_r0_1_14           |                    mac_r0_808 |        296 |        296 |       0 |    0 |    335 |      0 |      0 |    0 |          0 |
|       u                     |                 mac_r0_0_2809 |        296 |        296 |       0 |    0 |    335 |      0 |      0 |    0 |          0 |
|     u_mac_r0_1_2            |                    mac_r0_809 |        310 |        310 |       0 |    0 |    349 |      0 |      0 |    0 |          0 |
|       u                     |                 mac_r0_0_2799 |        310 |        310 |       0 |    0 |    349 |      0 |      0 |    0 |          0 |
|     u_mac_r0_1_3            |                    mac_r0_810 |        307 |        307 |       0 |    0 |    335 |      0 |      0 |    0 |          0 |
|       u                     |                 mac_r0_0_2789 |        307 |        307 |       0 |    0 |    335 |      0 |      0 |    0 |          0 |
|     u_mac_r0_1_4            |                    mac_r0_811 |        298 |        298 |       0 |    0 |    349 |      0 |      0 |    0 |          0 |
|       u                     |                 mac_r0_0_2779 |        298 |        298 |       0 |    0 |    349 |      0 |      0 |    0 |          0 |
|     u_mac_r0_1_5            |                    mac_r0_812 |        295 |        295 |       0 |    0 |    349 |      0 |      0 |    0 |          0 |
|       u                     |                 mac_r0_0_2769 |        295 |        295 |       0 |    0 |    349 |      0 |      0 |    0 |          0 |
|     u_mac_r0_1_6            |                    mac_r0_813 |        296 |        296 |       0 |    0 |    349 |      0 |      0 |    0 |          0 |
|       u                     |                 mac_r0_0_2759 |        296 |        296 |       0 |    0 |    349 |      0 |      0 |    0 |          0 |
|     u_mac_r0_1_7            |                    mac_r0_814 |        293 |        293 |       0 |    0 |    335 |      0 |      0 |    0 |          0 |
|       u                     |                 mac_r0_0_2749 |        293 |        293 |       0 |    0 |    335 |      0 |      0 |    0 |          0 |
|     u_mac_r0_1_8            |                    mac_r0_815 |        293 |        293 |       0 |    0 |    335 |      0 |      0 |    0 |          0 |
|       u                     |                 mac_r0_0_2739 |        293 |        293 |       0 |    0 |    335 |      0 |      0 |    0 |          0 |
|     u_mac_r0_1_9            |                    mac_r0_816 |        293 |        293 |       0 |    0 |    335 |      0 |      0 |    0 |          0 |
|       u                     |                 mac_r0_0_2729 |        293 |        293 |       0 |    0 |    335 |      0 |      0 |    0 |          0 |
|     u_mac_r0_2_1            |                    mac_r0_817 |        294 |        294 |       0 |    0 |    351 |      0 |      0 |    0 |          0 |
|       u                     |                 mac_r0_0_2719 |        294 |        294 |       0 |    0 |    351 |      0 |      0 |    0 |          0 |
|     u_mac_r0_2_10           |                    mac_r0_818 |        296 |        296 |       0 |    0 |    351 |      0 |      0 |    0 |          0 |
|       u                     |                 mac_r0_0_2709 |        296 |        296 |       0 |    0 |    351 |      0 |      0 |    0 |          0 |
|     u_mac_r0_2_11           |                    mac_r0_819 |        312 |        312 |       0 |    0 |    351 |      0 |      0 |    0 |          0 |
|       u                     |                 mac_r0_0_2699 |        312 |        312 |       0 |    0 |    351 |      0 |      0 |    0 |          0 |
|     u_mac_r0_2_12           |                    mac_r0_820 |        294 |        294 |       0 |    0 |    338 |      0 |      0 |    0 |          0 |
|       u                     |                 mac_r0_0_2689 |        294 |        294 |       0 |    0 |    338 |      0 |      0 |    0 |          0 |
|     u_mac_r0_2_13           |                    mac_r0_821 |        296 |        296 |       0 |    0 |    338 |      0 |      0 |    0 |          0 |
|       u                     |                 mac_r0_0_2679 |        296 |        296 |       0 |    0 |    338 |      0 |      0 |    0 |          0 |
|     u_mac_r0_2_14           |                    mac_r0_822 |        297 |        297 |       0 |    0 |    338 |      0 |      0 |    0 |          0 |
|       u                     |                 mac_r0_0_2669 |        297 |        297 |       0 |    0 |    338 |      0 |      0 |    0 |          0 |
|     u_mac_r0_2_2            |                    mac_r0_823 |        322 |        322 |       0 |    0 |    365 |      0 |      0 |    0 |          0 |
|       u                     |                 mac_r0_0_2659 |        322 |        322 |       0 |    0 |    365 |      0 |      0 |    0 |          0 |
|     u_mac_r0_2_3            |                    mac_r0_824 |        299 |        299 |       0 |    0 |    351 |      0 |      0 |    0 |          0 |
|       u                     |                 mac_r0_0_2649 |        299 |        299 |       0 |    0 |    351 |      0 |      0 |    0 |          0 |
|     u_mac_r0_2_4            |                    mac_r0_825 |        309 |        309 |       0 |    0 |    365 |      0 |      0 |    0 |          0 |
|       u                     |                 mac_r0_0_2639 |        309 |        309 |       0 |    0 |    365 |      0 |      0 |    0 |          0 |
|     u_mac_r0_2_5            |                    mac_r0_826 |        308 |        308 |       0 |    0 |    365 |      0 |      0 |    0 |          0 |
|       u                     |                 mac_r0_0_2629 |        308 |        308 |       0 |    0 |    365 |      0 |      0 |    0 |          0 |
|     u_mac_r0_2_6            |                    mac_r0_827 |        312 |        312 |       0 |    0 |    365 |      0 |      0 |    0 |          0 |
|       u                     |                 mac_r0_0_2619 |        312 |        312 |       0 |    0 |    365 |      0 |      0 |    0 |          0 |
|     u_mac_r0_2_7            |                    mac_r0_828 |        296 |        296 |       0 |    0 |    351 |      0 |      0 |    0 |          0 |
|       u                     |                 mac_r0_0_2609 |        296 |        296 |       0 |    0 |    351 |      0 |      0 |    0 |          0 |
|     u_mac_r0_2_8            |                    mac_r0_829 |        300 |        300 |       0 |    0 |    351 |      0 |      0 |    0 |          0 |
|       u                     |                 mac_r0_0_2599 |        300 |        300 |       0 |    0 |    351 |      0 |      0 |    0 |          0 |
|     u_mac_r0_2_9            |                    mac_r0_830 |        300 |        300 |       0 |    0 |    351 |      0 |      0 |    0 |          0 |
|       u                     |                 mac_r0_0_2589 |        300 |        300 |       0 |    0 |    351 |      0 |      0 |    0 |          0 |
|     u_mac_r0_3_1            |                    mac_r0_831 |        310 |        310 |       0 |    0 |    365 |      0 |      0 |    0 |          0 |
|       u                     |                 mac_r0_0_2579 |        310 |        310 |       0 |    0 |    365 |      0 |      0 |    0 |          0 |
|     u_mac_r0_3_10           |                    mac_r0_832 |        309 |        309 |       0 |    0 |    365 |      0 |      0 |    0 |          0 |
|       u                     |                 mac_r0_0_2569 |        309 |        309 |       0 |    0 |    365 |      0 |      0 |    0 |          0 |
|     u_mac_r0_3_11           |                    mac_r0_833 |        322 |        322 |       0 |    0 |    365 |      0 |      0 |    0 |          0 |
|       u                     |                 mac_r0_0_2559 |        322 |        322 |       0 |    0 |    365 |      0 |      0 |    0 |          0 |
|     u_mac_r0_3_12           |                    mac_r0_834 |        299 |        299 |       0 |    0 |    352 |      0 |      0 |    0 |          0 |
|       u                     |                 mac_r0_0_2549 |        299 |        299 |       0 |    0 |    352 |      0 |      0 |    0 |          0 |
|     u_mac_r0_3_13           |                    mac_r0_835 |        296 |        296 |       0 |    0 |    352 |      0 |      0 |    0 |          0 |
|       u                     |                 mac_r0_0_2539 |        296 |        296 |       0 |    0 |    352 |      0 |      0 |    0 |          0 |
|     u_mac_r0_3_14           |                    mac_r0_836 |        296 |        296 |       0 |    0 |    352 |      0 |      0 |    0 |          0 |
|       u                     |                 mac_r0_0_2529 |        296 |        296 |       0 |    0 |    352 |      0 |      0 |    0 |          0 |
|     u_mac_r0_3_2            |                    mac_r0_837 |        310 |        310 |       0 |    0 |    365 |      0 |      0 |    0 |          0 |
|       u                     |                 mac_r0_0_2519 |        310 |        310 |       0 |    0 |    365 |      0 |      0 |    0 |          0 |
|     u_mac_r0_3_3            |                    mac_r0_838 |        309 |        309 |       0 |    0 |    365 |      0 |      0 |    0 |          0 |
|       u                     |                 mac_r0_0_2509 |        309 |        309 |       0 |    0 |    365 |      0 |      0 |    0 |          0 |
|     u_mac_r0_3_4            |                    mac_r0_839 |        308 |        308 |       0 |    0 |    365 |      0 |      0 |    0 |          0 |
|       u                     |                 mac_r0_0_2499 |        308 |        308 |       0 |    0 |    365 |      0 |      0 |    0 |          0 |
|     u_mac_r0_3_5            |                    mac_r0_840 |        308 |        308 |       0 |    0 |    365 |      0 |      0 |    0 |          0 |
|       u                     |                 mac_r0_0_2489 |        308 |        308 |       0 |    0 |    365 |      0 |      0 |    0 |          0 |
|     u_mac_r0_3_6            |                    mac_r0_841 |        311 |        311 |       0 |    0 |    365 |      0 |      0 |    0 |          0 |
|       u                     |                 mac_r0_0_2479 |        311 |        311 |       0 |    0 |    365 |      0 |      0 |    0 |          0 |
|     u_mac_r0_3_7            |                    mac_r0_842 |        324 |        324 |       0 |    0 |    365 |      0 |      0 |    0 |          0 |
|       u                     |                 mac_r0_0_2469 |        324 |        324 |       0 |    0 |    365 |      0 |      0 |    0 |          0 |
|     u_mac_r0_3_8            |                    mac_r0_843 |        311 |        311 |       0 |    0 |    365 |      0 |      0 |    0 |          0 |
|       u                     |                 mac_r0_0_2459 |        311 |        311 |       0 |    0 |    365 |      0 |      0 |    0 |          0 |
|     u_mac_r0_3_9            |                    mac_r0_844 |        310 |        310 |       0 |    0 |    365 |      0 |      0 |    0 |          0 |
|       u                     |                 mac_r0_0_2449 |        310 |        310 |       0 |    0 |    365 |      0 |      0 |    0 |          0 |
|     u_mac_r0_4_1            |                    mac_r0_845 |        311 |        311 |       0 |    0 |    365 |      0 |      0 |    0 |          0 |
|       u                     |                 mac_r0_0_2439 |        311 |        311 |       0 |    0 |    365 |      0 |      0 |    0 |          0 |
|     u_mac_r0_4_10           |                    mac_r0_846 |        309 |        309 |       0 |    0 |    365 |      0 |      0 |    0 |          0 |
|       u                     |                 mac_r0_0_2429 |        309 |        309 |       0 |    0 |    365 |      0 |      0 |    0 |          0 |
|     u_mac_r0_4_11           |                    mac_r0_847 |        309 |        309 |       0 |    0 |    365 |      0 |      0 |    0 |          0 |
|       u                     |                 mac_r0_0_2419 |        309 |        309 |       0 |    0 |    365 |      0 |      0 |    0 |          0 |
|     u_mac_r0_4_12           |                    mac_r0_848 |        307 |        307 |       0 |    0 |    365 |      0 |      0 |    0 |          0 |
|       u                     |                 mac_r0_0_2409 |        307 |        307 |       0 |    0 |    365 |      0 |      0 |    0 |          0 |
|     u_mac_r0_4_13           |                    mac_r0_849 |        309 |        309 |       0 |    0 |    365 |      0 |      0 |    0 |          0 |
|       u                     |                 mac_r0_0_2399 |        309 |        309 |       0 |    0 |    365 |      0 |      0 |    0 |          0 |
|     u_mac_r0_4_14           |                    mac_r0_850 |        321 |        321 |       0 |    0 |    365 |      0 |      0 |    0 |          0 |
|       u                     |                 mac_r0_0_2389 |        321 |        321 |       0 |    0 |    365 |      0 |      0 |    0 |          0 |
|     u_mac_r0_4_2            |                    mac_r0_851 |        311 |        311 |       0 |    0 |    365 |      0 |      0 |    0 |          0 |
|       u                     |                 mac_r0_0_2379 |        311 |        311 |       0 |    0 |    365 |      0 |      0 |    0 |          0 |
|     u_mac_r0_4_3            |                    mac_r0_852 |        310 |        310 |       0 |    0 |    365 |      0 |      0 |    0 |          0 |
|       u                     |                 mac_r0_0_2369 |        310 |        310 |       0 |    0 |    365 |      0 |      0 |    0 |          0 |
|     u_mac_r0_4_4            |                    mac_r0_853 |        308 |        308 |       0 |    0 |    365 |      0 |      0 |    0 |          0 |
|       u                     |                 mac_r0_0_2359 |        308 |        308 |       0 |    0 |    365 |      0 |      0 |    0 |          0 |
|     u_mac_r0_4_5            |                    mac_r0_854 |        310 |        310 |       0 |    0 |    365 |      0 |      0 |    0 |          0 |
|       u                     |                 mac_r0_0_2349 |        310 |        310 |       0 |    0 |    365 |      0 |      0 |    0 |          0 |
|     u_mac_r0_4_6            |                    mac_r0_855 |        310 |        310 |       0 |    0 |    365 |      0 |      0 |    0 |          0 |
|       u                     |                 mac_r0_0_2339 |        310 |        310 |       0 |    0 |    365 |      0 |      0 |    0 |          0 |
|     u_mac_r0_4_7            |                    mac_r0_856 |        310 |        310 |       0 |    0 |    365 |      0 |      0 |    0 |          0 |
|       u                     |                 mac_r0_0_2329 |        310 |        310 |       0 |    0 |    365 |      0 |      0 |    0 |          0 |
|     u_mac_r0_4_8            |                    mac_r0_857 |        310 |        310 |       0 |    0 |    365 |      0 |      0 |    0 |          0 |
|       u                     |                 mac_r0_0_2319 |        310 |        310 |       0 |    0 |    365 |      0 |      0 |    0 |          0 |
|     u_mac_r0_4_9            |                    mac_r0_858 |        310 |        310 |       0 |    0 |    365 |      0 |      0 |    0 |          0 |
|       u                     |                 mac_r0_0_2309 |        310 |        310 |       0 |    0 |    365 |      0 |      0 |    0 |          0 |
|     u_mac_r0_5_1            |                    mac_r0_859 |        311 |        311 |       0 |    0 |    365 |      0 |      0 |    0 |          0 |
|       u                     |                 mac_r0_0_2299 |        311 |        311 |       0 |    0 |    365 |      0 |      0 |    0 |          0 |
|     u_mac_r0_5_10           |                    mac_r0_860 |        309 |        309 |       0 |    0 |    365 |      0 |      0 |    0 |          0 |
|       u                     |                 mac_r0_0_2289 |        309 |        309 |       0 |    0 |    365 |      0 |      0 |    0 |          0 |
|     u_mac_r0_5_11           |                    mac_r0_861 |        309 |        309 |       0 |    0 |    365 |      0 |      0 |    0 |          0 |
|       u                     |                 mac_r0_0_2279 |        309 |        309 |       0 |    0 |    365 |      0 |      0 |    0 |          0 |
|     u_mac_r0_5_12           |                    mac_r0_862 |        309 |        309 |       0 |    0 |    365 |      0 |      0 |    0 |          0 |
|       u                     |                 mac_r0_0_2269 |        309 |        309 |       0 |    0 |    365 |      0 |      0 |    0 |          0 |
|     u_mac_r0_5_13           |                    mac_r0_863 |        320 |        320 |       0 |    0 |    365 |      0 |      0 |    0 |          0 |
|       u                     |                 mac_r0_0_2259 |        320 |        320 |       0 |    0 |    365 |      0 |      0 |    0 |          0 |
|     u_mac_r0_5_14           |                    mac_r0_864 |        320 |        320 |       0 |    0 |    365 |      0 |      0 |    0 |          0 |
|       u                     |                 mac_r0_0_2249 |        320 |        320 |       0 |    0 |    365 |      0 |      0 |    0 |          0 |
|     u_mac_r0_5_2            |                    mac_r0_865 |        310 |        310 |       0 |    0 |    365 |      0 |      0 |    0 |          0 |
|       u                     |                 mac_r0_0_2239 |        310 |        310 |       0 |    0 |    365 |      0 |      0 |    0 |          0 |
|     u_mac_r0_5_3            |                    mac_r0_866 |        309 |        309 |       0 |    0 |    365 |      0 |      0 |    0 |          0 |
|       u                     |                 mac_r0_0_2229 |        309 |        309 |       0 |    0 |    365 |      0 |      0 |    0 |          0 |
|     u_mac_r0_5_4            |                    mac_r0_867 |        309 |        309 |       0 |    0 |    365 |      0 |      0 |    0 |          0 |
|       u                     |                 mac_r0_0_2219 |        309 |        309 |       0 |    0 |    365 |      0 |      0 |    0 |          0 |
|     u_mac_r0_5_5            |                    mac_r0_868 |        308 |        308 |       0 |    0 |    365 |      0 |      0 |    0 |          0 |
|       u                     |                 mac_r0_0_2209 |        308 |        308 |       0 |    0 |    365 |      0 |      0 |    0 |          0 |
|     u_mac_r0_5_6            |                    mac_r0_869 |        308 |        308 |       0 |    0 |    365 |      0 |      0 |    0 |          0 |
|       u                     |                 mac_r0_0_2199 |        308 |        308 |       0 |    0 |    365 |      0 |      0 |    0 |          0 |
|     u_mac_r0_5_7            |                    mac_r0_870 |        306 |        306 |       0 |    0 |    365 |      0 |      0 |    0 |          0 |
|       u                     |                 mac_r0_0_2189 |        306 |        306 |       0 |    0 |    365 |      0 |      0 |    0 |          0 |
|     u_mac_r0_5_8            |                    mac_r0_871 |        308 |        308 |       0 |    0 |    365 |      0 |      0 |    0 |          0 |
|       u                     |                 mac_r0_0_2179 |        308 |        308 |       0 |    0 |    365 |      0 |      0 |    0 |          0 |
|     u_mac_r0_5_9            |                    mac_r0_872 |        308 |        308 |       0 |    0 |    365 |      0 |      0 |    0 |          0 |
|       u                     |                 mac_r0_0_2169 |        308 |        308 |       0 |    0 |    365 |      0 |      0 |    0 |          0 |
|     u_mac_r0_6_1            |                    mac_r0_873 |        311 |        311 |       0 |    0 |    365 |      0 |      0 |    0 |          0 |
|       u                     |                 mac_r0_0_2159 |        311 |        311 |       0 |    0 |    365 |      0 |      0 |    0 |          0 |
|     u_mac_r0_6_10           |                    mac_r0_874 |        308 |        308 |       0 |    0 |    365 |      0 |      0 |    0 |          0 |
|       u                     |                 mac_r0_0_2149 |        308 |        308 |       0 |    0 |    365 |      0 |      0 |    0 |          0 |
|     u_mac_r0_6_11           |                    mac_r0_875 |        310 |        310 |       0 |    0 |    365 |      0 |      0 |    0 |          0 |
|       u                     |                 mac_r0_0_2139 |        310 |        310 |       0 |    0 |    365 |      0 |      0 |    0 |          0 |
|     u_mac_r0_6_12           |                    mac_r0_876 |        309 |        309 |       0 |    0 |    365 |      0 |      0 |    0 |          0 |
|       u                     |                 mac_r0_0_2129 |        309 |        309 |       0 |    0 |    365 |      0 |      0 |    0 |          0 |
|     u_mac_r0_6_13           |                    mac_r0_877 |        310 |        310 |       0 |    0 |    365 |      0 |      0 |    0 |          0 |
|       u                     |                 mac_r0_0_2119 |        310 |        310 |       0 |    0 |    365 |      0 |      0 |    0 |          0 |
|     u_mac_r0_6_14           |                    mac_r0_878 |        322 |        322 |       0 |    0 |    365 |      0 |      0 |    0 |          0 |
|       u                     |                 mac_r0_0_2109 |        322 |        322 |       0 |    0 |    365 |      0 |      0 |    0 |          0 |
|     u_mac_r0_6_2            |                    mac_r0_879 |        311 |        311 |       0 |    0 |    365 |      0 |      0 |    0 |          0 |
|       u                     |                 mac_r0_0_2099 |        311 |        311 |       0 |    0 |    365 |      0 |      0 |    0 |          0 |
|     u_mac_r0_6_3            |                    mac_r0_880 |        310 |        310 |       0 |    0 |    365 |      0 |      0 |    0 |          0 |
|       u                     |                 mac_r0_0_2089 |        310 |        310 |       0 |    0 |    365 |      0 |      0 |    0 |          0 |
|     u_mac_r0_6_4            |                    mac_r0_881 |        310 |        310 |       0 |    0 |    365 |      0 |      0 |    0 |          0 |
|       u                     |                 mac_r0_0_2079 |        310 |        310 |       0 |    0 |    365 |      0 |      0 |    0 |          0 |
|     u_mac_r0_6_5            |                    mac_r0_882 |        309 |        309 |       0 |    0 |    365 |      0 |      0 |    0 |          0 |
|       u                     |                 mac_r0_0_2069 |        309 |        309 |       0 |    0 |    365 |      0 |      0 |    0 |          0 |
|     u_mac_r0_6_6            |                    mac_r0_883 |        310 |        310 |       0 |    0 |    365 |      0 |      0 |    0 |          0 |
|       u                     |                 mac_r0_0_2059 |        310 |        310 |       0 |    0 |    365 |      0 |      0 |    0 |          0 |
|     u_mac_r0_6_7            |                    mac_r0_884 |        312 |        312 |       0 |    0 |    365 |      0 |      0 |    0 |          0 |
|       u                     |                 mac_r0_0_2049 |        312 |        312 |       0 |    0 |    365 |      0 |      0 |    0 |          0 |
|     u_mac_r0_6_8            |                    mac_r0_885 |        309 |        309 |       0 |    0 |    365 |      0 |      0 |    0 |          0 |
|       u                     |                 mac_r0_0_2039 |        309 |        309 |       0 |    0 |    365 |      0 |      0 |    0 |          0 |
|     u_mac_r0_6_9            |                    mac_r0_886 |        308 |        308 |       0 |    0 |    365 |      0 |      0 |    0 |          0 |
|       u                     |                 mac_r0_0_2029 |        308 |        308 |       0 |    0 |    365 |      0 |      0 |    0 |          0 |
|     u_mac_r0_7_1            |                    mac_r0_887 |        308 |        308 |       0 |    0 |    365 |      0 |      0 |    0 |          0 |
|       u                     |                 mac_r0_0_2019 |        308 |        308 |       0 |    0 |    365 |      0 |      0 |    0 |          0 |
|     u_mac_r0_7_10           |                    mac_r0_888 |        307 |        307 |       0 |    0 |    365 |      0 |      0 |    0 |          0 |
|       u                     |                 mac_r0_0_2009 |        307 |        307 |       0 |    0 |    365 |      0 |      0 |    0 |          0 |
|     u_mac_r0_7_11           |                    mac_r0_889 |        306 |        306 |       0 |    0 |    365 |      0 |      0 |    0 |          0 |
|       u                     |                 mac_r0_0_1999 |        306 |        306 |       0 |    0 |    365 |      0 |      0 |    0 |          0 |
|     u_mac_r0_7_12           |                    mac_r0_890 |        307 |        307 |       0 |    0 |    365 |      0 |      0 |    0 |          0 |
|       u                     |                 mac_r0_0_1989 |        307 |        307 |       0 |    0 |    365 |      0 |      0 |    0 |          0 |
|     u_mac_r0_7_13           |                    mac_r0_891 |        307 |        307 |       0 |    0 |    365 |      0 |      0 |    0 |          0 |
|       u                     |                 mac_r0_0_1979 |        307 |        307 |       0 |    0 |    365 |      0 |      0 |    0 |          0 |
|     u_mac_r0_7_14           |                    mac_r0_892 |        307 |        307 |       0 |    0 |    365 |      0 |      0 |    0 |          0 |
|       u                     |                 mac_r0_0_1969 |        307 |        307 |       0 |    0 |    365 |      0 |      0 |    0 |          0 |
|     u_mac_r0_7_2            |                    mac_r0_893 |        307 |        307 |       0 |    0 |    365 |      0 |      0 |    0 |          0 |
|       u                     |                 mac_r0_0_1959 |        307 |        307 |       0 |    0 |    365 |      0 |      0 |    0 |          0 |
|     u_mac_r0_7_3            |                    mac_r0_894 |        319 |        319 |       0 |    0 |    365 |      0 |      0 |    0 |          0 |
|       u                     |                 mac_r0_0_1949 |        319 |        319 |       0 |    0 |    365 |      0 |      0 |    0 |          0 |
|     u_mac_r0_7_4            |                    mac_r0_895 |        308 |        308 |       0 |    0 |    365 |      0 |      0 |    0 |          0 |
|       u                     |                 mac_r0_0_1939 |        308 |        308 |       0 |    0 |    365 |      0 |      0 |    0 |          0 |
|     u_mac_r0_7_5            |                    mac_r0_896 |        319 |        319 |       0 |    0 |    365 |      0 |      0 |    0 |          0 |
|       u                     |                 mac_r0_0_1929 |        319 |        319 |       0 |    0 |    365 |      0 |      0 |    0 |          0 |
|     u_mac_r0_7_6            |                    mac_r0_897 |        322 |        322 |       0 |    0 |    365 |      0 |      0 |    0 |          0 |
|       u                     |                 mac_r0_0_1919 |        322 |        322 |       0 |    0 |    365 |      0 |      0 |    0 |          0 |
|     u_mac_r0_7_7            |                    mac_r0_898 |        308 |        308 |       0 |    0 |    365 |      0 |      0 |    0 |          0 |
|       u                     |                 mac_r0_0_1909 |        308 |        308 |       0 |    0 |    365 |      0 |      0 |    0 |          0 |
|     u_mac_r0_7_8            |                    mac_r0_899 |        307 |        307 |       0 |    0 |    365 |      0 |      0 |    0 |          0 |
|       u                     |                 mac_r0_0_1899 |        307 |        307 |       0 |    0 |    365 |      0 |      0 |    0 |          0 |
|     u_mac_r0_7_9            |                    mac_r0_900 |        307 |        307 |       0 |    0 |    365 |      0 |      0 |    0 |          0 |
|       u                     |                 mac_r0_0_1889 |        307 |        307 |       0 |    0 |    365 |      0 |      0 |    0 |          0 |
|     u_mac_r0_8_1            |                    mac_r0_901 |        314 |        314 |       0 |    0 |    365 |      0 |      0 |    0 |          0 |
|       u                     |                 mac_r0_0_1879 |        314 |        314 |       0 |    0 |    365 |      0 |      0 |    0 |          0 |
|     u_mac_r0_8_10           |                    mac_r0_902 |        314 |        314 |       0 |    0 |    365 |      0 |      0 |    0 |          0 |
|       u                     |                 mac_r0_0_1869 |        314 |        314 |       0 |    0 |    365 |      0 |      0 |    0 |          0 |
|     u_mac_r0_8_11           |                    mac_r0_903 |        313 |        313 |       0 |    0 |    365 |      0 |      0 |    0 |          0 |
|       u                     |                 mac_r0_0_1859 |        313 |        313 |       0 |    0 |    365 |      0 |      0 |    0 |          0 |
|     u_mac_r0_8_12           |                    mac_r0_904 |        314 |        314 |       0 |    0 |    365 |      0 |      0 |    0 |          0 |
|       u                     |                 mac_r0_0_1849 |        314 |        314 |       0 |    0 |    365 |      0 |      0 |    0 |          0 |
|     u_mac_r0_8_13           |                    mac_r0_905 |        314 |        314 |       0 |    0 |    365 |      0 |      0 |    0 |          0 |
|       u                     |                 mac_r0_0_1839 |        314 |        314 |       0 |    0 |    365 |      0 |      0 |    0 |          0 |
|     u_mac_r0_8_14           |                    mac_r0_906 |        313 |        313 |       0 |    0 |    365 |      0 |      0 |    0 |          0 |
|       u                     |                 mac_r0_0_1829 |        313 |        313 |       0 |    0 |    365 |      0 |      0 |    0 |          0 |
|     u_mac_r0_8_2            |                    mac_r0_907 |        314 |        314 |       0 |    0 |    365 |      0 |      0 |    0 |          0 |
|       u                     |                 mac_r0_0_1819 |        314 |        314 |       0 |    0 |    365 |      0 |      0 |    0 |          0 |
|     u_mac_r0_8_3            |                    mac_r0_908 |        314 |        314 |       0 |    0 |    365 |      0 |      0 |    0 |          0 |
|       u                     |                 mac_r0_0_1809 |        314 |        314 |       0 |    0 |    365 |      0 |      0 |    0 |          0 |
|     u_mac_r0_8_4            |                    mac_r0_909 |        313 |        313 |       0 |    0 |    365 |      0 |      0 |    0 |          0 |
|       u                     |                 mac_r0_0_1799 |        313 |        313 |       0 |    0 |    365 |      0 |      0 |    0 |          0 |
|     u_mac_r0_8_5            |                    mac_r0_910 |        311 |        311 |       0 |    0 |    365 |      0 |      0 |    0 |          0 |
|       u                     |                 mac_r0_0_1789 |        311 |        311 |       0 |    0 |    365 |      0 |      0 |    0 |          0 |
|     u_mac_r0_8_6            |                    mac_r0_911 |        324 |        324 |       0 |    0 |    365 |      0 |      0 |    0 |          0 |
|       u                     |                 mac_r0_0_1779 |        324 |        324 |       0 |    0 |    365 |      0 |      0 |    0 |          0 |
|     u_mac_r0_8_7            |                    mac_r0_912 |        314 |        314 |       0 |    0 |    365 |      0 |      0 |    0 |          0 |
|       u                     |                 mac_r0_0_1769 |        314 |        314 |       0 |    0 |    365 |      0 |      0 |    0 |          0 |
|     u_mac_r0_8_8            |                    mac_r0_913 |        314 |        314 |       0 |    0 |    365 |      0 |      0 |    0 |          0 |
|       u                     |                 mac_r0_0_1759 |        314 |        314 |       0 |    0 |    365 |      0 |      0 |    0 |          0 |
|     u_mac_r0_8_9            |                    mac_r0_914 |        311 |        311 |       0 |    0 |    365 |      0 |      0 |    0 |          0 |
|       u                     |                 mac_r0_0_1749 |        311 |        311 |       0 |    0 |    365 |      0 |      0 |    0 |          0 |
|     u_mac_r0_9_1            |                    mac_r0_915 |        307 |        307 |       0 |    0 |    365 |      0 |      0 |    0 |          0 |
|       u                     |                 mac_r0_0_1739 |        307 |        307 |       0 |    0 |    365 |      0 |      0 |    0 |          0 |
|     u_mac_r0_9_10           |                    mac_r0_916 |        323 |        323 |       0 |    0 |    365 |      0 |      0 |    0 |          0 |
|       u                     |                 mac_r0_0_1729 |        323 |        323 |       0 |    0 |    365 |      0 |      0 |    0 |          0 |
|     u_mac_r0_9_11           |                    mac_r0_917 |        310 |        310 |       0 |    0 |    365 |      0 |      0 |    0 |          0 |
|       u                     |                 mac_r0_0_1719 |        310 |        310 |       0 |    0 |    365 |      0 |      0 |    0 |          0 |
|     u_mac_r0_9_12           |                    mac_r0_918 |        308 |        308 |       0 |    0 |    365 |      0 |      0 |    0 |          0 |
|       u                     |                 mac_r0_0_1709 |        308 |        308 |       0 |    0 |    365 |      0 |      0 |    0 |          0 |
|     u_mac_r0_9_13           |                    mac_r0_919 |        320 |        320 |       0 |    0 |    365 |      0 |      0 |    0 |          0 |
|       u                     |                 mac_r0_0_1699 |        320 |        320 |       0 |    0 |    365 |      0 |      0 |    0 |          0 |
|     u_mac_r0_9_14           |                    mac_r0_920 |        311 |        311 |       0 |    0 |    365 |      0 |      0 |    0 |          0 |
|       u                     |                 mac_r0_0_1689 |        311 |        311 |       0 |    0 |    365 |      0 |      0 |    0 |          0 |
|     u_mac_r0_9_2            |                    mac_r0_921 |        307 |        307 |       0 |    0 |    365 |      0 |      0 |    0 |          0 |
|       u                     |                 mac_r0_0_1679 |        307 |        307 |       0 |    0 |    365 |      0 |      0 |    0 |          0 |
|     u_mac_r0_9_3            |                    mac_r0_922 |        306 |        306 |       0 |    0 |    365 |      0 |      0 |    0 |          0 |
|       u                     |                 mac_r0_0_1669 |        306 |        306 |       0 |    0 |    365 |      0 |      0 |    0 |          0 |
|     u_mac_r0_9_4            |                    mac_r0_923 |        306 |        306 |       0 |    0 |    365 |      0 |      0 |    0 |          0 |
|       u                     |                 mac_r0_0_1659 |        306 |        306 |       0 |    0 |    365 |      0 |      0 |    0 |          0 |
|     u_mac_r0_9_5            |                    mac_r0_924 |        310 |        310 |       0 |    0 |    365 |      0 |      0 |    0 |          0 |
|       u                     |                 mac_r0_0_1649 |        310 |        310 |       0 |    0 |    365 |      0 |      0 |    0 |          0 |
|     u_mac_r0_9_6            |                    mac_r0_925 |        322 |        322 |       0 |    0 |    365 |      0 |      0 |    0 |          0 |
|       u                     |                 mac_r0_0_1639 |        322 |        322 |       0 |    0 |    365 |      0 |      0 |    0 |          0 |
|     u_mac_r0_9_7            |                    mac_r0_926 |        313 |        313 |       0 |    0 |    365 |      0 |      0 |    0 |          0 |
|       u                     |                 mac_r0_0_1629 |        313 |        313 |       0 |    0 |    365 |      0 |      0 |    0 |          0 |
|     u_mac_r0_9_8            |                    mac_r0_927 |        311 |        311 |       0 |    0 |    365 |      0 |      0 |    0 |          0 |
|       u                     |                 mac_r0_0_1619 |        311 |        311 |       0 |    0 |    365 |      0 |      0 |    0 |          0 |
|     u_mac_r0_9_9            |                    mac_r0_928 |        311 |        311 |       0 |    0 |    365 |      0 |      0 |    0 |          0 |
|       u                     |                      mac_r0_0 |        311 |        311 |       0 |    0 |    365 |      0 |      0 |    0 |          0 |
|     u_mac_r1_15_1           |                        mac_r1 |        311 |        311 |       0 |    0 |    365 |      0 |      0 |    0 |          0 |
|       u                     |                 mac_r1_0_1606 |        311 |        311 |       0 |    0 |    365 |      0 |      0 |    0 |          0 |
|     u_mac_r1_15_10          |                    mac_r1_929 |        307 |        307 |       0 |    0 |    365 |      0 |      0 |    0 |          0 |
|       u                     |                 mac_r1_0_1596 |        307 |        307 |       0 |    0 |    365 |      0 |      0 |    0 |          0 |
|     u_mac_r1_15_11          |                    mac_r1_930 |        319 |        319 |       0 |    0 |    365 |      0 |      0 |    0 |          0 |
|       u                     |                 mac_r1_0_1586 |        319 |        319 |       0 |    0 |    365 |      0 |      0 |    0 |          0 |
|     u_mac_r1_15_12          |                    mac_r1_931 |        310 |        310 |       0 |    0 |    365 |      0 |      0 |    0 |          0 |
|       u                     |                 mac_r1_0_1576 |        310 |        310 |       0 |    0 |    365 |      0 |      0 |    0 |          0 |
|     u_mac_r1_15_13          |                    mac_r1_932 |        308 |        308 |       0 |    0 |    365 |      0 |      0 |    0 |          0 |
|       u                     |                 mac_r1_0_1566 |        308 |        308 |       0 |    0 |    365 |      0 |      0 |    0 |          0 |
|     u_mac_r1_15_14          |                    mac_r1_933 |        308 |        308 |       0 |    0 |    365 |      0 |      0 |    0 |          0 |
|       u                     |                 mac_r1_0_1556 |        308 |        308 |       0 |    0 |    365 |      0 |      0 |    0 |          0 |
|     u_mac_r1_15_2           |                    mac_r1_934 |        310 |        310 |       0 |    0 |    365 |      0 |      0 |    0 |          0 |
|       u                     |                 mac_r1_0_1546 |        310 |        310 |       0 |    0 |    365 |      0 |      0 |    0 |          0 |
|     u_mac_r1_15_3           |                    mac_r1_935 |        308 |        308 |       0 |    0 |    365 |      0 |      0 |    0 |          0 |
|       u                     |                 mac_r1_0_1536 |        308 |        308 |       0 |    0 |    365 |      0 |      0 |    0 |          0 |
|     u_mac_r1_15_4           |                    mac_r1_936 |        308 |        308 |       0 |    0 |    365 |      0 |      0 |    0 |          0 |
|       u                     |                 mac_r1_0_1526 |        308 |        308 |       0 |    0 |    365 |      0 |      0 |    0 |          0 |
|     u_mac_r1_15_5           |                    mac_r1_937 |        308 |        308 |       0 |    0 |    365 |      0 |      0 |    0 |          0 |
|       u                     |                 mac_r1_0_1516 |        308 |        308 |       0 |    0 |    365 |      0 |      0 |    0 |          0 |
|     u_mac_r1_15_6           |                    mac_r1_938 |        307 |        307 |       0 |    0 |    365 |      0 |      0 |    0 |          0 |
|       u                     |                 mac_r1_0_1506 |        307 |        307 |       0 |    0 |    365 |      0 |      0 |    0 |          0 |
|     u_mac_r1_15_7           |                    mac_r1_939 |        309 |        309 |       0 |    0 |    365 |      0 |      0 |    0 |          0 |
|       u                     |                 mac_r1_0_1496 |        309 |        309 |       0 |    0 |    365 |      0 |      0 |    0 |          0 |
|     u_mac_r1_15_8           |                    mac_r1_940 |        297 |        297 |       0 |    0 |    365 |      0 |      0 |    0 |          0 |
|       u                     |                 mac_r1_0_1486 |        297 |        297 |       0 |    0 |    365 |      0 |      0 |    0 |          0 |
|     u_mac_r1_15_9           |                    mac_r1_941 |        306 |        306 |       0 |    0 |    365 |      0 |      0 |    0 |          0 |
|       u                     |                      mac_r1_0 |        306 |        306 |       0 |    0 |    365 |      0 |      0 |    0 |          0 |
|     u_mac_r2_0_1            |                        mac_r2 |        264 |        264 |       0 |    0 |    317 |      0 |      0 |    0 |          0 |
|       u                     |                 mac_r2_0_1473 |        264 |        264 |       0 |    0 |    317 |      0 |      0 |    0 |          0 |
|     u_mac_r2_0_10           |                    mac_r2_942 |        263 |        263 |       0 |    0 |    317 |      0 |      0 |    0 |          0 |
|       u                     |                 mac_r2_0_1463 |        263 |        263 |       0 |    0 |    317 |      0 |      0 |    0 |          0 |
|     u_mac_r2_0_11           |                    mac_r2_943 |        279 |        279 |       0 |    0 |    317 |      0 |      0 |    0 |          0 |
|       u                     |                 mac_r2_0_1453 |        279 |        279 |       0 |    0 |    317 |      0 |      0 |    0 |          0 |
|     u_mac_r2_0_12           |                    mac_r2_944 |        266 |        266 |       0 |    0 |    317 |      0 |      0 |    0 |          0 |
|       u                     |                 mac_r2_0_1443 |        266 |        266 |       0 |    0 |    317 |      0 |      0 |    0 |          0 |
|     u_mac_r2_0_13           |                    mac_r2_945 |        264 |        264 |       0 |    0 |    317 |      0 |      0 |    0 |          0 |
|       u                     |                 mac_r2_0_1433 |        264 |        264 |       0 |    0 |    317 |      0 |      0 |    0 |          0 |
|     u_mac_r2_0_14           |                    mac_r2_946 |        264 |        264 |       0 |    0 |    317 |      0 |      0 |    0 |          0 |
|       u                     |                 mac_r2_0_1423 |        264 |        264 |       0 |    0 |    317 |      0 |      0 |    0 |          0 |
|     u_mac_r2_0_2            |                    mac_r2_947 |        276 |        276 |       0 |    0 |    317 |      0 |      0 |    0 |          0 |
|       u                     |                 mac_r2_0_1413 |        276 |        276 |       0 |    0 |    317 |      0 |      0 |    0 |          0 |
|     u_mac_r2_0_3            |                    mac_r2_948 |        264 |        264 |       0 |    0 |    317 |      0 |      0 |    0 |          0 |
|       u                     |                 mac_r2_0_1403 |        264 |        264 |       0 |    0 |    317 |      0 |      0 |    0 |          0 |
|     u_mac_r2_0_4            |                    mac_r2_949 |        262 |        262 |       0 |    0 |    317 |      0 |      0 |    0 |          0 |
|       u                     |                 mac_r2_0_1393 |        262 |        262 |       0 |    0 |    317 |      0 |      0 |    0 |          0 |
|     u_mac_r2_0_5            |                    mac_r2_950 |        262 |        262 |       0 |    0 |    317 |      0 |      0 |    0 |          0 |
|       u                     |                 mac_r2_0_1383 |        262 |        262 |       0 |    0 |    317 |      0 |      0 |    0 |          0 |
|     u_mac_r2_0_6            |                    mac_r2_951 |        261 |        261 |       0 |    0 |    317 |      0 |      0 |    0 |          0 |
|       u                     |                 mac_r2_0_1373 |        261 |        261 |       0 |    0 |    317 |      0 |      0 |    0 |          0 |
|     u_mac_r2_0_7            |                    mac_r2_952 |        265 |        265 |       0 |    0 |    317 |      0 |      0 |    0 |          0 |
|       u                     |                 mac_r2_0_1363 |        265 |        265 |       0 |    0 |    317 |      0 |      0 |    0 |          0 |
|     u_mac_r2_0_8            |                    mac_r2_953 |        263 |        263 |       0 |    0 |    317 |      0 |      0 |    0 |          0 |
|       u                     |                 mac_r2_0_1353 |        263 |        263 |       0 |    0 |    317 |      0 |      0 |    0 |          0 |
|     u_mac_r2_0_9            |                    mac_r2_954 |        263 |        263 |       0 |    0 |    317 |      0 |      0 |    0 |          0 |
|       u                     |                      mac_r2_0 |        263 |        263 |       0 |    0 |    317 |      0 |      0 |    0 |          0 |
|     u_mac_r3_10_15          |                        mac_r3 |        283 |        283 |       0 |    0 |    357 |      0 |      0 |    0 |          0 |
|       u                     |                 mac_r3_0_1340 |        283 |        283 |       0 |    0 |    357 |      0 |      0 |    0 |          0 |
|     u_mac_r3_11_15          |                    mac_r3_955 |        281 |        281 |       0 |    0 |    357 |      0 |      0 |    0 |          0 |
|       u                     |                 mac_r3_0_1330 |        281 |        281 |       0 |    0 |    357 |      0 |      0 |    0 |          0 |
|     u_mac_r3_12_15          |                    mac_r3_956 |        293 |        293 |       0 |    0 |    357 |      0 |      0 |    0 |          0 |
|       u                     |                 mac_r3_0_1320 |        293 |        293 |       0 |    0 |    357 |      0 |      0 |    0 |          0 |
|     u_mac_r3_13_15          |                    mac_r3_957 |        290 |        290 |       0 |    0 |    357 |      0 |      0 |    0 |          0 |
|       u                     |                 mac_r3_0_1310 |        290 |        290 |       0 |    0 |    357 |      0 |      0 |    0 |          0 |
|     u_mac_r3_14_15          |                    mac_r3_958 |        288 |        288 |       0 |    0 |    357 |      0 |      0 |    0 |          0 |
|       u                     |                 mac_r3_0_1300 |        288 |        288 |       0 |    0 |    357 |      0 |      0 |    0 |          0 |
|     u_mac_r3_1_15           |                    mac_r3_959 |        276 |        276 |       0 |    0 |    327 |      0 |      0 |    0 |          0 |
|       u                     |                 mac_r3_0_1290 |        276 |        276 |       0 |    0 |    327 |      0 |      0 |    0 |          0 |
|     u_mac_r3_2_15           |                    mac_r3_960 |        276 |        276 |       0 |    0 |    330 |      0 |      0 |    0 |          0 |
|       u                     |                 mac_r3_0_1280 |        276 |        276 |       0 |    0 |    330 |      0 |      0 |    0 |          0 |
|     u_mac_r3_3_15           |                    mac_r3_961 |        281 |        281 |       0 |    0 |    344 |      0 |      0 |    0 |          0 |
|       u                     |                 mac_r3_0_1270 |        281 |        281 |       0 |    0 |    344 |      0 |      0 |    0 |          0 |
|     u_mac_r3_4_15           |                    mac_r3_962 |        291 |        291 |       0 |    0 |    357 |      0 |      0 |    0 |          0 |
|       u                     |                 mac_r3_0_1260 |        291 |        291 |       0 |    0 |    357 |      0 |      0 |    0 |          0 |
|     u_mac_r3_5_15           |                    mac_r3_963 |        292 |        292 |       0 |    0 |    357 |      0 |      0 |    0 |          0 |
|       u                     |                 mac_r3_0_1250 |        292 |        292 |       0 |    0 |    357 |      0 |      0 |    0 |          0 |
|     u_mac_r3_6_15           |                    mac_r3_964 |        292 |        292 |       0 |    0 |    357 |      0 |      0 |    0 |          0 |
|       u                     |                 mac_r3_0_1240 |        292 |        292 |       0 |    0 |    357 |      0 |      0 |    0 |          0 |
|     u_mac_r3_7_15           |                    mac_r3_965 |        290 |        290 |       0 |    0 |    357 |      0 |      0 |    0 |          0 |
|       u                     |                 mac_r3_0_1230 |        290 |        290 |       0 |    0 |    357 |      0 |      0 |    0 |          0 |
|     u_mac_r3_8_15           |                    mac_r3_966 |        290 |        290 |       0 |    0 |    357 |      0 |      0 |    0 |          0 |
|       u                     |                 mac_r3_0_1220 |        290 |        290 |       0 |    0 |    357 |      0 |      0 |    0 |          0 |
|     u_mac_r3_9_15           |                    mac_r3_967 |        291 |        291 |       0 |    0 |    357 |      0 |      0 |    0 |          0 |
|       u                     |                      mac_r3_0 |        291 |        291 |       0 |    0 |    357 |      0 |      0 |    0 |          0 |
|     u_mac_r4_10_0           |                        mac_r4 |        305 |        305 |       0 |    0 |    365 |      0 |      0 |    0 |          0 |
|       u                     |                 mac_r4_0_1207 |        305 |        305 |       0 |    0 |    365 |      0 |      0 |    0 |          0 |
|     u_mac_r4_11_0           |                    mac_r4_968 |        305 |        305 |       0 |    0 |    365 |      0 |      0 |    0 |          0 |
|       u                     |                 mac_r4_0_1197 |        305 |        305 |       0 |    0 |    365 |      0 |      0 |    0 |          0 |
|     u_mac_r4_12_0           |                    mac_r4_969 |        305 |        305 |       0 |    0 |    365 |      0 |      0 |    0 |          0 |
|       u                     |                 mac_r4_0_1187 |        305 |        305 |       0 |    0 |    365 |      0 |      0 |    0 |          0 |
|     u_mac_r4_13_0           |                    mac_r4_970 |        305 |        305 |       0 |    0 |    365 |      0 |      0 |    0 |          0 |
|       u                     |                 mac_r4_0_1177 |        305 |        305 |       0 |    0 |    365 |      0 |      0 |    0 |          0 |
|     u_mac_r4_14_0           |                    mac_r4_971 |        306 |        306 |       0 |    0 |    365 |      0 |      0 |    0 |          0 |
|       u                     |                 mac_r4_0_1167 |        306 |        306 |       0 |    0 |    365 |      0 |      0 |    0 |          0 |
|     u_mac_r4_1_0            |                    mac_r4_972 |        290 |        290 |       0 |    0 |    335 |      0 |      0 |    0 |          0 |
|       u                     |                 mac_r4_0_1157 |        290 |        290 |       0 |    0 |    335 |      0 |      0 |    0 |          0 |
|     u_mac_r4_2_0            |                    mac_r4_973 |        292 |        292 |       0 |    0 |    351 |      0 |      0 |    0 |          0 |
|       u                     |                 mac_r4_0_1147 |        292 |        292 |       0 |    0 |    351 |      0 |      0 |    0 |          0 |
|     u_mac_r4_3_0            |                    mac_r4_974 |        306 |        306 |       0 |    0 |    365 |      0 |      0 |    0 |          0 |
|       u                     |                 mac_r4_0_1137 |        306 |        306 |       0 |    0 |    365 |      0 |      0 |    0 |          0 |
|     u_mac_r4_4_0            |                    mac_r4_975 |        307 |        307 |       0 |    0 |    365 |      0 |      0 |    0 |          0 |
|       u                     |                 mac_r4_0_1127 |        307 |        307 |       0 |    0 |    365 |      0 |      0 |    0 |          0 |
|     u_mac_r4_5_0            |                    mac_r4_976 |        306 |        306 |       0 |    0 |    365 |      0 |      0 |    0 |          0 |
|       u                     |                 mac_r4_0_1117 |        306 |        306 |       0 |    0 |    365 |      0 |      0 |    0 |          0 |
|     u_mac_r4_6_0            |                    mac_r4_977 |        307 |        307 |       0 |    0 |    365 |      0 |      0 |    0 |          0 |
|       u                     |                 mac_r4_0_1107 |        307 |        307 |       0 |    0 |    365 |      0 |      0 |    0 |          0 |
|     u_mac_r4_7_0            |                    mac_r4_978 |        317 |        317 |       0 |    0 |    365 |      0 |      0 |    0 |          0 |
|       u                     |                 mac_r4_0_1097 |        317 |        317 |       0 |    0 |    365 |      0 |      0 |    0 |          0 |
|     u_mac_r4_8_0            |                    mac_r4_979 |        310 |        310 |       0 |    0 |    365 |      0 |      0 |    0 |          0 |
|       u                     |                 mac_r4_0_1087 |        310 |        310 |       0 |    0 |    365 |      0 |      0 |    0 |          0 |
|     u_mac_r4_9_0            |                    mac_r4_980 |        305 |        305 |       0 |    0 |    365 |      0 |      0 |    0 |          0 |
|       u                     |                      mac_r4_0 |        305 |        305 |       0 |    0 |    365 |      0 |      0 |    0 |          0 |
|     u_mac_r5_15_15          |                        mac_r5 |        293 |        293 |       0 |    0 |    357 |      0 |      0 |    0 |          0 |
|       u                     |                      mac_r5_0 |        293 |        293 |       0 |    0 |    357 |      0 |      0 |    0 |          0 |
|     u_mac_r6_0_15           |                        mac_r6 |        246 |        246 |       0 |    0 |    309 |      0 |      0 |    0 |          0 |
|       u                     |                      mac_r6_0 |        246 |        246 |       0 |    0 |    309 |      0 |      0 |    0 |          0 |
|     u_mac_r7_15_0           |                        mac_r7 |        303 |        303 |       0 |    0 |    365 |      0 |      0 |    0 |          0 |
|       u                     |                      mac_r7_0 |        303 |        303 |       0 |    0 |    365 |      0 |      0 |    0 |          0 |
|     u_mac_r8_0_0            |                        mac_r8 |        265 |        265 |       0 |    0 |    317 |      0 |      0 |    0 |          0 |
|       u                     |                      mac_r8_0 |        265 |        265 |       0 |    0 |    317 |      0 |      0 |    0 |          0 |
|     u_vpu_r0_0              |                        vpu_r0 |        172 |        172 |       0 |    0 |    186 |      0 |      0 |    0 |          0 |
|       u                     |                 vpu_r0_0_1067 |        172 |        172 |       0 |    0 |    186 |      0 |      0 |    0 |          0 |
|     u_vpu_r0_1              |                    vpu_r0_981 |        173 |        173 |       0 |    0 |    186 |      0 |      0 |    0 |          0 |
|       u                     |                 vpu_r0_0_1062 |        173 |        173 |       0 |    0 |    186 |      0 |      0 |    0 |          0 |
|     u_vpu_r0_10             |                    vpu_r0_982 |        172 |        172 |       0 |    0 |    186 |      0 |      0 |    0 |          0 |
|       u                     |                 vpu_r0_0_1057 |        172 |        172 |       0 |    0 |    186 |      0 |      0 |    0 |          0 |
|     u_vpu_r0_11             |                    vpu_r0_983 |        174 |        174 |       0 |    0 |    186 |      0 |      0 |    0 |          0 |
|       u                     |                 vpu_r0_0_1052 |        174 |        174 |       0 |    0 |    186 |      0 |      0 |    0 |          0 |
|     u_vpu_r0_12             |                    vpu_r0_984 |        170 |        170 |       0 |    0 |    186 |      0 |      0 |    0 |          0 |
|       u                     |                 vpu_r0_0_1047 |        170 |        170 |       0 |    0 |    186 |      0 |      0 |    0 |          0 |
|     u_vpu_r0_13             |                    vpu_r0_985 |        176 |        176 |       0 |    0 |    186 |      0 |      0 |    0 |          0 |
|       u                     |                 vpu_r0_0_1042 |        176 |        176 |       0 |    0 |    186 |      0 |      0 |    0 |          0 |
|     u_vpu_r0_14             |                    vpu_r0_986 |        171 |        171 |       0 |    0 |    186 |      0 |      0 |    0 |          0 |
|       u                     |                 vpu_r0_0_1037 |        171 |        171 |       0 |    0 |    186 |      0 |      0 |    0 |          0 |
|     u_vpu_r0_15             |                    vpu_r0_987 |        170 |        170 |       0 |    0 |    186 |      0 |      0 |    0 |          0 |
|       u                     |                 vpu_r0_0_1032 |        170 |        170 |       0 |    0 |    186 |      0 |      0 |    0 |          0 |
|     u_vpu_r0_2              |                    vpu_r0_988 |        171 |        171 |       0 |    0 |    186 |      0 |      0 |    0 |          0 |
|       u                     |                 vpu_r0_0_1027 |        171 |        171 |       0 |    0 |    186 |      0 |      0 |    0 |          0 |
|     u_vpu_r0_3              |                    vpu_r0_989 |        173 |        173 |       0 |    0 |    186 |      0 |      0 |    0 |          0 |
|       u                     |                 vpu_r0_0_1022 |        173 |        173 |       0 |    0 |    186 |      0 |      0 |    0 |          0 |
|     u_vpu_r0_4              |                    vpu_r0_990 |        167 |        167 |       0 |    0 |    186 |      0 |      0 |    0 |          0 |
|       u                     |                 vpu_r0_0_1017 |        167 |        167 |       0 |    0 |    186 |      0 |      0 |    0 |          0 |
|     u_vpu_r0_5              |                    vpu_r0_991 |        173 |        173 |       0 |    0 |    186 |      0 |      0 |    0 |          0 |
|       u                     |                 vpu_r0_0_1012 |        173 |        173 |       0 |    0 |    186 |      0 |      0 |    0 |          0 |
|     u_vpu_r0_6              |                    vpu_r0_992 |        169 |        169 |       0 |    0 |    186 |      0 |      0 |    0 |          0 |
|       u                     |                 vpu_r0_0_1007 |        169 |        169 |       0 |    0 |    186 |      0 |      0 |    0 |          0 |
|     u_vpu_r0_7              |                    vpu_r0_993 |        178 |        178 |       0 |    0 |    186 |      0 |      0 |    0 |          0 |
|       u                     |                 vpu_r0_0_1002 |        178 |        178 |       0 |    0 |    186 |      0 |      0 |    0 |          0 |
|     u_vpu_r0_8              |                    vpu_r0_994 |        173 |        173 |       0 |    0 |    186 |      0 |      0 |    0 |          0 |
|       u                     |                  vpu_r0_0_997 |        173 |        173 |       0 |    0 |    186 |      0 |      0 |    0 |          0 |
|     u_vpu_r0_9              |                    vpu_r0_995 |        172 |        172 |       0 |    0 |    186 |      0 |      0 |    0 |          0 |
|       u                     |                      vpu_r0_0 |        172 |        172 |       0 |    0 |    186 |      0 |      0 |    0 |          0 |
+-----------------------------+-------------------------------+------------+------------+---------+------+--------+--------+--------+------+------------+
* Note: The sum of lower-level cells may be larger than their parent cells total, due to cross-hierarchy LUT combining


