package,experiment,run_id,experiment_id,system,workload,size,mode,implementation_mode,target_mhz,status,validation_pass,first_output_cycles,completion_cycles,tokens_checked,lut,ff,dsp,bram_18k_equiv,bram_36k,bram_18k,uram,wns_ns,tns_ns,achieved_ns,hls_wall_s,hls_sum_job_s,vivado_total_s,synth_s,place_s,route_s,unrouted,roles,instances,report_paths,failure_reason,numeric_semantics,array_shape,steady_interval_cycles,total_wall_s,axi_masters,axi_width_bits,autosa_command,variant,tiles_per_launch,tile_interval_cycles,launch_interval_cycles,last_output_cycles,first_output_cold_cycles,completion_cold_cycles,cosim_latency_min,cosim_latency_avg,cosim_latency_max,cosim_interval_min,cosim_interval_avg,cosim_interval_max,cosim_wall_s,vcd_wall_s,top_port_bits,numeric_validation,provenance,notes,vivado_synth_s,source_agent,build_dir,build_state,collected_at,run_total_wall_s,gen_s,csim_s,cosim_s,export_s,wrapper_synth_s,opt_s,phys_opt_s,cosim_total_cycles,cosim_latency_cold_launch0,cosim_interval_cold_launch0,vcd_latency_warm,vcd_first_output_cold_launch0,vcd_latency_cold_launch0,vcd_last_output_warm,output_beats_per_launch,first_output_method,hls_est_period_ns,hls_est_latency_cycles,hls_est_lut,hls_est_ff,hls_est_dsp,hls_est_bram18k,hls_est_uram,cp_post_synth_ns,cp_post_impl_ns,timing_met,nets_with_routing_errors,srl,clb,pe_count,tiles_folded,output_stationary,tb_seed_results,axi_data_widths,transforms_streamed,interface,unroll_factor,transform_size,config,ordering,stimulus,seeds,transforms_completed,max_abs_error,max_norm_error,run_by,reps,launches_per_block,device_kernel_s_mean,device_kernel_s_best,transfer_s_mean,pack_s_mean,host_math_s_mean,wall_s_mean,hybrid,array_size,weight_mode,reorder_program,tiles,cycles_per_tile,source,design,workers,projects,repetitions,completed_jobs,timed_out_repetitions,completed_jobs_when_timed_out,timeout_s,frontend_s_median,hls_wall_s_median,hls_wall_s_min,hls_wall_s_max,hls_sum_job_elapsed_s_median,cpu_s_median,load_start,M,d,groups,dsp_count,cycles_per_query_row,kind,in_paper_table,hls_design_lines,spmw_design_lines,ratio_design,hls_config_lines,spmw_config_lines,hls_test_lines,spmw_test_lines
e1_gemm/spmw,E1,S16_cosim,E1,SPMW (gemm8),"16x16 int8 OS GEMM, one tile",16,cosim,rtl_cosim,300,pass,True,22,52,256,,,,,,,,,,,91.0,427.0,,,,,,9,256,reports/S16_cosim,,,,,,,,,,,,,,,,,,,,,,,,,,,,,,,,,,,,,,,,,,,,,,,,,,,,,,,,,,,,,,,,,,,,,,,,,,,,,,,,,,,,,,,,,,,,,,,,,,,,,,,,,,,,,,,,,,,,,,,,,,,
e1_gemm/spmw,E1,S16_memcosim,E1,SPMW (gemm8),"16x16 int8 OS GEMM, one tile",16,memcosim,rtl_cosim_memory,300,unsupported,,,,,,,,,,,,,,,92.5,515.0,,,,,,9,256,reports/S16_memcosim,"allo.spmw.errors.SPMWBindingError: a memory-mapped fabric has no mover for ['pe_c_mem'], so those channels would still have to be driven from outside; a `MemOut` gathered per site is not a transfer th",,,,,,,,,,,,,,,,,,,,,,,,,,,,,,,,,,,,,,,,,,,,,,,,,,,,,,,,,,,,,,,,,,,,,,,,,,,,,,,,,,,,,,,,,,,,,,,,,,,,,,,,,,,,,,,,,,,,,,,,,,
e1_gemm/spmw,E1,S16_pnr,E1,SPMW (gemm8),"16x16 int8 OS GEMM, one tile",16,pnr,pnr_ooc,300,pass,,,,,9026,18048,256,0,0,0,0,0.428,0.0,2.905,106.1,507.9,1745.8,574.737,583.403,463.617,0,9,256,reports/S16_pnr,,,,,,,,,,,,,,,,,,,,,,,,,,,,,,,,,,,,,,,,,,,,,,,,,,,,,,,,,,,,,,,,,,,,,,,,,,,,,,,,,,,,,,,,,,,,,,,,,,,,,,,,,,,,,,,,,,,,,,,,,,,
e1_gemm/spmw,E1,S32_cosim,E1,SPMW (gemm8),"32x32 int8 OS GEMM, one tile",32,cosim,rtl_cosim,300,pass,True,38,100,1024,,,,,,,,,,,104.5,479.6,,,,,,9,1024,reports/S32_cosim,,,,,,,,,,,,,,,,,,,,,,,,,,,,,,,,,,,,,,,,,,,,,,,,,,,,,,,,,,,,,,,,,,,,,,,,,,,,,,,,,,,,,,,,,,,,,,,,,,,,,,,,,,,,,,,,,,,,,,,,,,,
e1_gemm/spmw,E1,S32_memcosim,E1,SPMW (gemm8),"32x32 int8 OS GEMM, one tile",32,memcosim,rtl_cosim_memory,300,unsupported,,,,,,,,,,,,,,,126.9,680.2,,,,,,9,1024,reports/S32_memcosim,"allo.spmw.errors.SPMWBindingError: a memory-mapped fabric has no mover for ['pe_c_mem'], so those channels would still have to be driven from outside; a `MemOut` gathered per site is not a transfer th",,,,,,,,,,,,,,,,,,,,,,,,,,,,,,,,,,,,,,,,,,,,,,,,,,,,,,,,,,,,,,,,,,,,,,,,,,,,,,,,,,,,,,,,,,,,,,,,,,,,,,,,,,,,,,,,,,,,,,,,,,
e1_gemm/spmw,E1,S32_pnr,E1,SPMW (gemm8),"32x32 int8 OS GEMM, one tile",32,pnr,pnr_ooc,300,pass,,,,,37917,74945,1024,0,0,0,0,0.431,0.0,2.902,109.5,538.1,4187.5,1542.047,962.071,1369.441,0,9,1024,reports/S32_pnr,,,,,,,,,,,,,,,,,,,,,,,,,,,,,,,,,,,,,,,,,,,,,,,,,,,,,,,,,,,,,,,,,,,,,,,,,,,,,,,,,,,,,,,,,,,,,,,,,,,,,,,,,,,,,,,,,,,,,,,,,,,
e1_gemm/spmw,E1,S4_cosim,E1,SPMW (gemm8),"4x4 int8 OS GEMM, one tile",4,cosim,rtl_cosim,300,pass,True,10,16,16,,,,,,,,,,,80.0,371.2,,,,,,9,16,reports/S4_cosim,,,,,,,,,,,,,,,,,,,,,,,,,,,,,,,,,,,,,,,,,,,,,,,,,,,,,,,,,,,,,,,,,,,,,,,,,,,,,,,,,,,,,,,,,,,,,,,,,,,,,,,,,,,,,,,,,,,,,,,,,,,
e1_gemm/spmw,E1,S4_memcosim,E1,SPMW (gemm8),"4x4 int8 OS GEMM, one tile",4,memcosim,rtl_cosim_memory,300,unsupported,,,,,,,,,,,,,,,81.1,447.3,,,,,,9,16,reports/S4_memcosim,"allo.spmw.errors.SPMWBindingError: a memory-mapped fabric has no mover for ['pe_c_mem'], so those channels would still have to be driven from outside; a `MemOut` gathered per site is not a transfer th",,,,,,,,,,,,,,,,,,,,,,,,,,,,,,,,,,,,,,,,,,,,,,,,,,,,,,,,,,,,,,,,,,,,,,,,,,,,,,,,,,,,,,,,,,,,,,,,,,,,,,,,,,,,,,,,,,,,,,,,,,
e1_gemm/spmw,E1,S4_pnr,E1,SPMW (gemm8),"4x4 int8 OS GEMM, one tile",4,pnr,pnr_ooc,300,pass,,,,,560,1021,16,0,0,0,0,1.167,0.0,2.166,80.8,375.3,316.1,80.99,170.646,32.252,0,9,16,reports/S4_pnr,,,,,,,,,,,,,,,,,,,,,,,,,,,,,,,,,,,,,,,,,,,,,,,,,,,,,,,,,,,,,,,,,,,,,,,,,,,,,,,,,,,,,,,,,,,,,,,,,,,,,,,,,,,,,,,,,,,,,,,,,,,
e1_gemm/spmw,E1,S8_cosim,E1,SPMW (gemm8),"8x8 int8 OS GEMM, one tile",8,cosim,rtl_cosim,300,pass,True,14,28,64,,,,,,,,,,,88.2,404.3,,,,,,9,64,reports/S8_cosim,,,,,,,,,,,,,,,,,,,,,,,,,,,,,,,,,,,,,,,,,,,,,,,,,,,,,,,,,,,,,,,,,,,,,,,,,,,,,,,,,,,,,,,,,,,,,,,,,,,,,,,,,,,,,,,,,,,,,,,,,,,
e1_gemm/spmw,E1,S8_memcosim,E1,SPMW (gemm8),"8x8 int8 OS GEMM, one tile",8,memcosim,rtl_cosim_memory,300,unsupported,,,,,,,,,,,,,,,83.9,463.8,,,,,,9,64,reports/S8_memcosim,"allo.spmw.errors.SPMWBindingError: a memory-mapped fabric has no mover for ['pe_c_mem'], so those channels would still have to be driven from outside; a `MemOut` gathered per site is not a transfer th",,,,,,,,,,,,,,,,,,,,,,,,,,,,,,,,,,,,,,,,,,,,,,,,,,,,,,,,,,,,,,,,,,,,,,,,,,,,,,,,,,,,,,,,,,,,,,,,,,,,,,,,,,,,,,,,,,,,,,,,,,
e1_gemm/spmw,E1,S8_pnr,E1,SPMW (gemm8),"8x8 int8 OS GEMM, one tile",8,pnr,pnr_ooc,300,pass,,,,,2225,4301,64,0,0,0,0,0.996,0.0,2.337,84.5,387.5,461.9,105.572,213.828,96.567,0,9,64,reports/S8_pnr,,,,,,,,,,,,,,,,,,,,,,,,,,,,,,,,,,,,,,,,,,,,,,,,,,,,,,,,,,,,,,,,,,,,,,,,,,,,,,,,,,,,,,,,,,,,,,,,,,,,,,,,,,,,,,,,,,,,,,,,,,,
e1_gemm/spmw_mem,E1,S16_memcosim,E1,"SPMW (autosa-shaped, memory-connected)","16x16 int8 OS GEMM, memory-fed",16,memcosim,rtl_cosim_memory,300,unsupported,,,,,,,,,,,,,,,144.6,890.7,,,,,,15,288,reports/S16_memcosim,the out-of-context array testbench drives streams and has no AXI memory model; memory-mapped movers are simulated at kernel level (spmw_kernel_sim.py) and validated on the board,,,,,,,,,,,,,,,,,,,,,,,,,,,,,,,,,,,,,,,,,,,,,,,,,,,,,,,,,,,,,,,,,,,,,,,,,,,,,,,,,,,,,,,,,,,,,,,,,,,,,,,,,,,,,,,,,,,,,,,,,,
e1_gemm/spmw_mem,E1,S16_memsim,E1,"SPMW (autosa-shaped, memory-connected)","16x16 int8 OS GEMM, memory-fed; kernel with 3 AXI masters",16,memsim,kernel_sim_axi_ram,300,pass,True,,152,1024,,,,,,,,,,,225.8,,,,,,,,,reports/S16_memsim,,,,,,,,,,,,,,,,,,,,,,,,,,,,,,,,,,,,,,,,,,,,,,,,,,,,,,,,,,,,,,,,,,,,,,,,,,,,,,,,,,,,,,,,,,,,,,,,,,,,,,,,,,,,,,,,,,,,,,,,,,,
e1_gemm/spmw_mem,E1,S16_pnr,E1,"SPMW (autosa-shaped, memory-connected)","16x16 int8 OS GEMM, memory-fed",16,pnr,pnr_ooc,300,pass,,,,,32756,40732,256,0,0,0,0,0.541,0.0,2.792,105.4,788.6,2055.4,607.052,759.435,534.179,0,15,288,reports/S16_pnr,,,,,,,,,,,,,,,,,,,,,,,,,,,,,,,,,,,,,,,,,,,,,,,,,,,,,,,,,,,,,,,,,,,,,,,,,,,,,,,,,,,,,,,,,,,,,,,,,,,,,,,,,,,,,,,,,,,,,,,,,,,
e1_gemm/spmw_mem,E1,S32_memcosim,E1,"SPMW (autosa-shaped, memory-connected)","32x32 int8 OS GEMM, memory-fed",32,memcosim,rtl_cosim_memory,300,unsupported,,,,,,,,,,,,,,,179.4,1123.5,,,,,,15,1088,reports/S32_memcosim,the out-of-context array testbench drives streams and has no AXI memory model; memory-mapped movers are simulated at kernel level (spmw_kernel_sim.py) and validated on the board,,,,,,,,,,,,,,,,,,,,,,,,,,,,,,,,,,,,,,,,,,,,,,,,,,,,,,,,,,,,,,,,,,,,,,,,,,,,,,,,,,,,,,,,,,,,,,,,,,,,,,,,,,,,,,,,,,,,,,,,,,
e1_gemm/spmw_mem,E1,S32_memsim,E1,"SPMW (autosa-shaped, memory-connected)","32x32 int8 OS GEMM, memory-fed; kernel with 3 AXI masters",32,memsim,kernel_sim_axi_ram,300,pass,True,,298,4096,,,,,,,,,,,215.6,,,,,,,,,reports/S32_memsim,,,,,,,,,,,,,,,,,,,,,,,,,,,,,,,,,,,,,,,,,,,,,,,,,,,,,,,,,,,,,,,,,,,,,,,,,,,,,,,,,,,,,,,,,,,,,,,,,,,,,,,,,,,,,,,,,,,,,,,,,,,
e1_gemm/spmw_mem,E1,S32_pnr,E1,"SPMW (autosa-shaped, memory-connected)","32x32 int8 OS GEMM, memory-fed",32,pnr,pnr_ooc,300,pass,,,,,137741,163708,1024,0,0,0,0,0.529,0.0,2.804,110.6,820.8,5247.1,2096.311,1093.217,1650.341,0,15,1088,reports/S32_pnr,,,,,,,,,,,,,,,,,,,,,,,,,,,,,,,,,,,,,,,,,,,,,,,,,,,,,,,,,,,,,,,,,,,,,,,,,,,,,,,,,,,,,,,,,,,,,,,,,,,,,,,,,,,,,,,,,,,,,,,,,,,
e1_gemm/spmw_mem,E1,S4_memcosim,E1,"SPMW (autosa-shaped, memory-connected)","4x4 int8 OS GEMM, memory-fed",4,memcosim,rtl_cosim_memory,300,unsupported,,,,,,,,,,,,,,,124.5,765.2,,,,,,15,24,reports/S4_memcosim,the out-of-context array testbench drives streams and has no AXI memory model; memory-mapped movers are simulated at kernel level (spmw_kernel_sim.py) and validated on the board,,,,,,,,,,,,,,,,,,,,,,,,,,,,,,,,,,,,,,,,,,,,,,,,,,,,,,,,,,,,,,,,,,,,,,,,,,,,,,,,,,,,,,,,,,,,,,,,,,,,,,,,,,,,,,,,,,,,,,,,,,
e1_gemm/spmw_mem,E1,S4_memsim,E1,"SPMW (autosa-shaped, memory-connected)","4x4 int8 OS GEMM, memory-fed; kernel with 3 AXI masters",4,memsim,kernel_sim_axi_ram,300,pass,True,,66,64,,,,,,,,,,,216.4,,,,,,,,,reports/S4_memsim,,,,,,,,,,,,,,,,,,,,,,,,,,,,,,,,,,,,,,,,,,,,,,,,,,,,,,,,,,,,,,,,,,,,,,,,,,,,,,,,,,,,,,,,,,,,,,,,,,,,,,,,,,,,,,,,,,,,,,,,,,,
e1_gemm/spmw_mem,E1,S4_pnr,E1,"SPMW (autosa-shaped, memory-connected)","4x4 int8 OS GEMM, memory-fed",4,pnr,pnr_ooc,300,pass,,,,,1867,2516,16,0,0,0,0,1.301,0.0,2.032,91.8,687.4,335.3,92.413,171.93,35.731,0,15,24,reports/S4_pnr,,,,,,,,,,,,,,,,,,,,,,,,,,,,,,,,,,,,,,,,,,,,,,,,,,,,,,,,,,,,,,,,,,,,,,,,,,,,,,,,,,,,,,,,,,,,,,,,,,,,,,,,,,,,,,,,,,,,,,,,,,,
e1_gemm/spmw_mem,E1,S8_memcosim,E1,"SPMW (autosa-shaped, memory-connected)","8x8 int8 OS GEMM, memory-fed",8,memcosim,rtl_cosim_memory,300,unsupported,,,,,,,,,,,,,,,131.2,807.0,,,,,,15,80,reports/S8_memcosim,the out-of-context array testbench drives streams and has no AXI memory model; memory-mapped movers are simulated at kernel level (spmw_kernel_sim.py) and validated on the board,,,,,,,,,,,,,,,,,,,,,,,,,,,,,,,,,,,,,,,,,,,,,,,,,,,,,,,,,,,,,,,,,,,,,,,,,,,,,,,,,,,,,,,,,,,,,,,,,,,,,,,,,,,,,,,,,,,,,,,,,,
e1_gemm/spmw_mem,E1,S8_memsim,E1,"SPMW (autosa-shaped, memory-connected)","8x8 int8 OS GEMM, memory-fed; kernel with 3 AXI masters",8,memsim,kernel_sim_axi_ram,300,pass,True,,100,256,,,,,,,,,,,221.9,,,,,,,,,reports/S8_memsim,,,,,,,,,,,,,,,,,,,,,,,,,,,,,,,,,,,,,,,,,,,,,,,,,,,,,,,,,,,,,,,,,,,,,,,,,,,,,,,,,,,,,,,,,,,,,,,,,,,,,,,,,,,,,,,,,,,,,,,,,,,
e1_gemm/spmw_mem,E1,S8_pnr,E1,"SPMW (autosa-shaped, memory-connected)","8x8 int8 OS GEMM, memory-fed",8,pnr,pnr_ooc,300,pass,,,,,8015,10220,64,0,0,0,0,1.232,0.0,2.101,99.0,737.4,531.4,163.424,237.592,75.761,0,15,80,reports/S8_pnr,,,,,,,,,,,,,,,,,,,,,,,,,,,,,,,,,,,,,,,,,,,,,,,,,,,,,,,,,,,,,,,,,,,,,,,,,,,,,,,,,,,,,,,,,,,,,,,,,,,,,,,,,,,,,,,,,,,,,,,,,,,
e1_gemm/autosa,E1,autosa_mm4i8z_cosim,E1,AutoSA,16x16x16,,,cosim,300,pass,true,63,788,,,,,,,,,,,,85.53,,,,,,,,,reports/autosa_mm4i8z_cosim/,,int8xint8->int32,4x4,47,185.159475171,3,gmem_A=128;gmem_B=128;gmem_C=32,"./autosa /scratch/hc676/e1_autosa_2026-09-06/gen/mm4i8z/kernel.c --config=./autosa_config/autosa_config.json --target=autosa_hls_c --output-dir=/scratch/hc676/e1_autosa_2026-09-06/gen/mm4i8z/out --sa-sizes={kernel[]->space_time[3];kernel[]->array_part[4,4,16];kernel[]->latency[1,1];kernel[]->simd[1]} --simd-info=/scratch/hc676/e1_autosa_2026-09-06/gen/mm4i8z/simd_info.json --hls",cinit,16,47,815,782,63,788,813,825,850,813,831,850,67.400529433,32.228945738,1351,"numpy int32 reference, seeds 0/1/2, mixed-sign int8 with -128/127 pinned, exact compare of every output in the RTL post-check","AutoSA generation + csynth: previous agent (workspace lanes A/B, 2026-09-06 20:28-22:57); numpy 3-seed cosim + VCD: this agent (np/ lanes, 2026-09-06 22:55 onwards)","steady_interval_cycles = median spacing of the 16 tiles' gmem_C drain bursts within a launch (VCD; min/max 42/47); cycle columns from the VCD (kernel ap_start rise .. ap_done, steady launch 2); cosim report latency min/avg/max 813/825/850 includes the testbench's control transactions; AutoSA's own testbench (rand()%8 operands, one launch) gave latency 850 in the previous agent's cosim",,,,,,,,,,,,,,,,,,,,,,,,,,,,,,,,,,,,,,,,,,,,,,,,,,,,,,,,,,,,,,,,,,,,,,,,,,,,,,,,,,,,,,,,,,,,,,,,
e1_gemm/autosa,E1,autosa_mm4i8z_pnr_ooc,E1,AutoSA,16x16x16,,,pnr_ooc,300,pass,true,63,788,,8129,17481,16,9,4,1,0,0.536,0.0,,85.53,,,352.626,339.267,91.939,0,,,reports/autosa_mm4i8z_pnr_ooc/,,int8xint8->int32,4x4,47,864.699521351,3,gmem_A=128;gmem_B=128;gmem_C=32,"./autosa /scratch/hc676/e1_autosa_2026-09-06/gen/mm4i8z/kernel.c --config=./autosa_config/autosa_config.json --target=autosa_hls_c --output-dir=/scratch/hc676/e1_autosa_2026-09-06/gen/mm4i8z/out --sa-sizes={kernel[]->space_time[3];kernel[]->array_part[4,4,16];kernel[]->latency[1,1];kernel[]->simd[1]} --simd-info=/scratch/hc676/e1_autosa_2026-09-06/gen/mm4i8z/simd_info.json --hls",cinit,16,47,815,782,63,788,813,825,850,813,831,850,,,1351,"same RTL as the cosim row: numpy int32 reference, seeds 0/1/2, mixed-sign int8 with -128/127 pinned, exact compare of every output in the RTL post-check","RTL (csynth) and P&R: previous agent (workspace lanes A/B, 2026-09-06 20:28-22:57)","stage times: synth 352.626, opt 21.004, place 339.267, physopt 5.417, route 91.939",,,,,,,,,,,,,,,,,,,,,,,,,,,,,,,,,,,,,,,,,,,,,,,,,,,,,,,,,,,,,,,,,,,,,,,,,,,,,,,,,,,,,,,,,,,,,,,,
e1_gemm/autosa,E1,autosa_mm8i8z_cosim,E1,AutoSA,16x16x16,,,cosim,300,pass,true,69,795,,,,,,,,,,,,389.89,,,,,,,,,reports/autosa_mm8i8z_cosim/,,int8xint8->int32,8x8,183,610.976057636,3,gmem_A=128;gmem_B=128;gmem_C=32,"./autosa /scratch/hc676/e1_autosa_2026-09-06/gen/mm8i8z/kernel.c --config=./autosa_config/autosa_config.json --target=autosa_hls_c --output-dir=/scratch/hc676/e1_autosa_2026-09-06/gen/mm8i8z/out --sa-sizes={kernel[]->space_time[3];kernel[]->array_part[8,8,16];kernel[]->latency[1,1];kernel[]->simd[1]} --simd-info=/scratch/hc676/e1_autosa_2026-09-06/gen/mm8i8z/simd_info.json --hls",cinit,4,183,815,789,69,795,813,825,850,813,831,850,151.33040238,69.755655256,1351,"numpy int32 reference, seeds 0/1/2, mixed-sign int8 with -128/127 pinned, exact compare of every output in the RTL post-check","AutoSA generation + csynth: previous agent (workspace lanes A/B, 2026-09-06 20:28-22:57); numpy 3-seed cosim + VCD: this agent (np/ lanes, 2026-09-06 22:55 onwards)","steady_interval_cycles = median spacing of the 4 tiles' gmem_C drain bursts within a launch (VCD; min/max 178/183); cycle columns from the VCD (kernel ap_start rise .. ap_done, steady launch 2); cosim report latency min/avg/max 813/825/850 includes the testbench's control transactions; AutoSA's own testbench (rand()%8 operands, one launch) gave latency 850 in the previous agent's cosim",,,,,,,,,,,,,,,,,,,,,,,,,,,,,,,,,,,,,,,,,,,,,,,,,,,,,,,,,,,,,,,,,,,,,,,,,,,,,,,,,,,,,,,,,,,,,,,,
e1_gemm/autosa,E1,autosa_mm8i8z_pnr_ooc,E1,AutoSA,16x16x16,,,pnr_ooc,300,pass,true,69,795,,19755,38762,64,9,4,1,0,0.331,0.0,,389.89,,,508.325,429.54,117.616,0,,,reports/autosa_mm8i8z_pnr_ooc/,,int8xint8->int32,8x8,183,1146.718623294,3,gmem_A=128;gmem_B=128;gmem_C=32,"./autosa /scratch/hc676/e1_autosa_2026-09-06/gen/mm8i8z/kernel.c --config=./autosa_config/autosa_config.json --target=autosa_hls_c --output-dir=/scratch/hc676/e1_autosa_2026-09-06/gen/mm8i8z/out --sa-sizes={kernel[]->space_time[3];kernel[]->array_part[8,8,16];kernel[]->latency[1,1];kernel[]->simd[1]} --simd-info=/scratch/hc676/e1_autosa_2026-09-06/gen/mm8i8z/simd_info.json --hls",cinit,4,183,815,789,69,795,813,825,850,813,831,850,,,1351,"same RTL as the cosim row: numpy int32 reference, seeds 0/1/2, mixed-sign int8 with -128/127 pinned, exact compare of every output in the RTL post-check","RTL (csynth) and P&R: previous agent (workspace lanes A/B, 2026-09-06 20:28-22:57)","stage times: synth 508.325, opt 31.777, place 429.54, physopt 8.965, route 117.616",,,,,,,,,,,,,,,,,,,,,,,,,,,,,,,,,,,,,,,,,,,,,,,,,,,,,,,,,,,,,,,,,,,,,,,,,,,,,,,,,,,,,,,,,,,,,,,,
e1_gemm/autosa,E1,autosa_mm16i8z_cosim,E1,AutoSA,16x16x16,,,cosim,300,pass,true,71,797,,,,,,,,,,,,2169.64,,,,,,,,,reports/autosa_mm16i8z_cosim/,,int8xint8->int32,16x16,824,3607.869083666,3,gmem_A=128;gmem_B=128;gmem_C=32,"./autosa /scratch/hc676/e1_autosa_2026-09-06/gen/mm16i8z/kernel.c --config=./autosa_config/autosa_config.json --target=autosa_hls_c --output-dir=/scratch/hc676/e1_autosa_2026-09-06/gen/mm16i8z/out --sa-sizes={kernel[]->space_time[3];kernel[]->array_part[16,16,16];kernel[]->latency[1,1];kernel[]->simd[1]} --simd-info=/scratch/hc676/e1_autosa_2026-09-06/gen/mm16i8z/simd_info.json --hls",cinit,1,,824,791,71,797,822,834,859,822,840,859,1193.139056067,245.090027599,1351,"numpy int32 reference, seeds 0/1/2, mixed-sign int8 with -128/127 pinned, exact compare of every output in the RTL post-check","AutoSA generation + csynth: previous agent (workspace lanes A/B, 2026-09-06 20:28-22:57); its P&R (lane B) finished 22:57 during this agent's session; numpy 3-seed cosim + VCD: this agent (np/ lanes, 2026-09-06 22:55 onwards)","one tile per launch: steady_interval_cycles = launch-to-launch interval of the kernel's ap_start (VCD, includes the testbench's AXI-lite re-arm); cycle columns from the VCD (kernel ap_start rise .. ap_done, steady launch 2); cosim report latency min/avg/max 822/834/859 includes the testbench's control transactions; AutoSA's own testbench (rand()%8 operands, one launch) gave latency 859 in the previous agent's cosim",,,,,,,,,,,,,,,,,,,,,,,,,,,,,,,,,,,,,,,,,,,,,,,,,,,,,,,,,,,,,,,,,,,,,,,,,,,,,,,,,,,,,,,,,,,,,,,,
e1_gemm/autosa,E1,autosa_mm16i8z_pnr_ooc,E1,AutoSA,16x16x16,,,pnr_ooc,300,pass,true,71,797,,47434,81265,256,9,4,1,0,0.455,0.0,,2169.64,,,666.971,490.951,298.192,0,,,reports/autosa_mm16i8z_pnr_ooc/,,int8xint8->int32,16x16,824,1606.334213838,3,gmem_A=128;gmem_B=128;gmem_C=32,"./autosa /scratch/hc676/e1_autosa_2026-09-06/gen/mm16i8z/kernel.c --config=./autosa_config/autosa_config.json --target=autosa_hls_c --output-dir=/scratch/hc676/e1_autosa_2026-09-06/gen/mm16i8z/out --sa-sizes={kernel[]->space_time[3];kernel[]->array_part[16,16,16];kernel[]->latency[1,1];kernel[]->simd[1]} --simd-info=/scratch/hc676/e1_autosa_2026-09-06/gen/mm16i8z/simd_info.json --hls",cinit,1,,824,791,71,797,822,834,859,822,840,859,,,1351,"same RTL as the cosim row: numpy int32 reference, seeds 0/1/2, mixed-sign int8 with -128/127 pinned, exact compare of every output in the RTL post-check","RTL (csynth) and P&R: previous agent (workspace lanes A/B, 2026-09-06 20:28-22:57); its P&R (lane B) finished 22:57 during this agent's session","stage times: synth 666.971, opt 68.155, place 490.951, physopt 15.593, route 298.192",,,,,,,,,,,,,,,,,,,,,,,,,,,,,,,,,,,,,,,,,,,,,,,,,,,,,,,,,,,,,,,,,,,,,,,,,,,,,,,,,,,,,,,,,,,,,,,,
e1_gemm/autosa,E1,autosa_mm32i8z32_cosim,E1,AutoSA,32x32x16,,,cosim,300,pass,true,87,2989,,,,,,,,,,,,36088.4,,,,,,,,,reports/autosa_mm32i8z32_cosim/,,int8xint8->int32,32x32,3011,51124.722251594,3,gmem_A=128;gmem_B=128;gmem_C=32,"./autosa /scratch/hc676/e1_autosa_2026-09-06/gen/mm32i8z32/kernel.c --config=./autosa_config/autosa_config.json --target=autosa_hls_c --output-dir=/scratch/hc676/e1_autosa_2026-09-06/gen/mm32i8z32/out --sa-sizes={kernel[]->space_time[3];kernel[]->array_part[32,32,16];kernel[]->latency[1,1];kernel[]->simd[1]} --simd-info=/scratch/hc676/e1_autosa_2026-09-06/gen/mm32i8z32/simd_info.json --hls",cinit,1,,3011,2983,87,2989,3009,3021,3046,3009,3027,3046,13704.282666895,1332.039584699,1351,"numpy int32 reference, seeds 0/1/2, mixed-sign int8 with -128/127 pinned, exact compare of every output in the RTL post-check","AutoSA generation + csynth: this agent (np/ lanes, 2026-09-06 22:55 onwards); numpy 3-seed cosim + VCD: this agent (np/ lanes, 2026-09-06 22:55 onwards)","one tile per launch: steady_interval_cycles = launch-to-launch interval of the kernel's ap_start (VCD, includes the testbench's AXI-lite re-arm); cycle columns from the VCD (kernel ap_start rise .. ap_done, steady launch 2); cosim report latency min/avg/max 3009/3021/3046 includes the testbench's control transactions",,,,,,,,,,,,,,,,,,,,,,,,,,,,,,,,,,,,,,,,,,,,,,,,,,,,,,,,,,,,,,,,,,,,,,,,,,,,,,,,,,,,,,,,,,,,,,,,
e1_gemm/autosa,E1,autosa_mm32i8z32_pnr_ooc,E1,AutoSA,32x32x16,,,pnr_ooc,300,pass,true,87,2989,,169841,262017,1024,11,5,1,0,0.048,0.0,,36088.4,,,3080.811,1399.596,824.69,0,,,reports/autosa_mm32i8z32_pnr_ooc/,,int8xint8->int32,32x32,3011,5744.384146598,3,gmem_A=128;gmem_B=128;gmem_C=32,"./autosa /scratch/hc676/e1_autosa_2026-09-06/gen/mm32i8z32/kernel.c --config=./autosa_config/autosa_config.json --target=autosa_hls_c --output-dir=/scratch/hc676/e1_autosa_2026-09-06/gen/mm32i8z32/out --sa-sizes={kernel[]->space_time[3];kernel[]->array_part[32,32,16];kernel[]->latency[1,1];kernel[]->simd[1]} --simd-info=/scratch/hc676/e1_autosa_2026-09-06/gen/mm32i8z32/simd_info.json --hls",cinit,1,,3011,2983,87,2989,3009,3021,3046,3009,3027,3046,,,1351,"same RTL as the cosim row: numpy int32 reference, seeds 0/1/2, mixed-sign int8 with -128/127 pinned, exact compare of every output in the RTL post-check","RTL (csynth) and P&R: this agent (np/ lanes, 2026-09-06 22:55 onwards)","stage times: synth 3080.811, opt 241.039, place 1399.596, physopt 53.432, route 824.69",,,,,,,,,,,,,,,,,,,,,,,,,,,,,,,,,,,,,,,,,,,,,,,,,,,,,,,,,,,,,,,,,,,,,,,,,,,,,,,,,,,,,,,,,,,,,,,,
e1_gemm/allo,E1,allo_S4_tile_cosim,E1,Allo,MNK=4 (one 4x4 tile),,,cosim,300,pass,True,112,136,,,,,,,,,,,,59.635,,,,,,,,,reports/allo_S4_tile_cosim/ (18 files),,int8xint8->int32,4x4,137,122.461,"3 AXI4 masters + 1 s_axi_control: m_axi_gmem0=A data 8b (bus 32b), addr 64b; m_axi_gmem1=B data 8b (bus 32b), addr 64b; m_axi_gmem2=C data 32b (bus 32b), addr 64b (burst 16, 16 outstanding, max widen 0: one element per beat)",,,,,,,,,,136,146,167,137,152,168,,,,,,,,w1,/scratch/hc676/e1_allo_w1/S4_tile,complete,2026-09-07 13:24:38,1253,4,7.929,50.897,1123.842,,,,441,167,168,133,112,133,127,"[16, 16, 16]","xsim re-run of the Vitis cosim snapshot (apatb_gemm_top) with a VCD of ap_clk/ap_start/ap_done and the gmem2 write and gmem0 read handshakes; cycles counted on ap_clk from the launch's first ap_start cycle, sampled on the falling edge",2.433,108,8773,5250,16,6,0,,,,,,,16,1,True,s0:PASS:err0;s1:PASS:err0;s2:PASS:err0,"gmem0:R32/W32/A64,gmem1:R32/W32/A64,gmem2:R32/W32/A64",,,,,,,,,,,,,,,,,,,,,,,,,,,,,,,,,,,,,,,,,,,,,,,,,,,,,,,,
e1_gemm/allo,E1,allo_S4_tile_impl,E1,Allo,MNK=4 (one 4x4 tile),,,impl,300,pass,,,,,3693,4459,16,3,0,3,0,0.625,0.0,,59.635,,,,277.0,66.0,0,,,reports/allo_S4_tile_impl/ (40 files),,int8xint8->int32,4x4,,1195.406,"3 AXI4 masters + 1 s_axi_control: m_axi_gmem0=A data 8b (bus 32b), addr 64b; m_axi_gmem1=B data 8b (bus 32b), addr 64b; m_axi_gmem2=C data 32b (bus 32b), addr 64b (burst 16, 16 outstanding, max widen 0: one element per beat)",,,,,,,,,,,,,,,,,,,,,,146.0,w1,/scratch/hc676/e1_allo_w1/S4_tile,complete,2026-09-07 13:24:38,1253,4,7.929,50.897,1123.842,107.0,28.0,,,,,,,,,,,2.433,108,8773,5250,16,6,0,2.078,2.708,Timing met,0,474,884,16,1,True,,"gmem0:R32/W32/A64,gmem1:R32/W32/A64,gmem2:R32/W32/A64",,,,,,,,,,,,,,,,,,,,,,,,,,,,,,,,,,,,,,,,,,,,,,,,,,,,,,,,
e1_gemm/allo,E1,allo_S4_128_cosim,E1,Allo,MNK=128 (1024 4x4 tiles folded temporally),,,cosim,300,pass,True,316471,334909,,,,,,,,,,,,90.382,,,,,,,,,reports/allo_S4_128_cosim/ (18 files),,int8xint8->int32,4x4,334910,555.66,"3 AXI4 masters + 1 s_axi_control: m_axi_gmem0=A data 8b (bus 32b), addr 64b; m_axi_gmem1=B data 8b (bus 32b), addr 64b; m_axi_gmem2=C data 32b (bus 32b), addr 64b (burst 16, 16 outstanding, max widen 0: one element per beat)",,,,,,,,,,334909,334919,334940,334910,334925,334941,,,,,,,,w1,/scratch/hc676/e1_allo_w1/S4_128,complete,2026-09-07 13:24:38,1682,7,33.196,425.082,1120.174,,,,1004760,334940,334941,334906,316471,334906,334900,"[16384, 16384]","xsim re-run of the Vitis cosim snapshot (apatb_gemm_top) with a VCD of ap_clk/ap_start/ap_done and the gmem2 write and gmem0 read handshakes; cycles counted on ap_clk from the launch's first ap_start cycle, sampled on the falling edge",2.433,338973,8950,5640,16,54,0,,,,,,,16,1024,True,s0:PASS:err0;s1:PASS:err0;s2:PASS:err0,"gmem0:R32/W32/A64,gmem1:R32/W32/A64,gmem2:R32/W32/A64",,,,,,,,,,,,,,,,,,,,,,,,,,,,,,,,,,,,,,,,,,,,,,,,,,,,,,,,
e1_gemm/allo,E1,allo_S4_128_impl,E1,Allo,MNK=128 (1024 4x4 tiles folded temporally),,,impl,300,pass,,,,,4193,4808,16,41,18,5,0,0.792,0.0,,90.382,,,,241.0,52.0,0,,,reports/allo_S4_128_impl/ (41 files),,int8xint8->int32,4x4,,1250.752,"3 AXI4 masters + 1 s_axi_control: m_axi_gmem0=A data 8b (bus 32b), addr 64b; m_axi_gmem1=B data 8b (bus 32b), addr 64b; m_axi_gmem2=C data 32b (bus 32b), addr 64b (burst 16, 16 outstanding, max widen 0: one element per beat)",,,,,,,,,,,,,,,,,,,,,,185.0,w1,/scratch/hc676/e1_allo_w1/S4_128,complete,2026-09-07 13:24:38,1682,7,33.196,425.082,1120.174,85.0,25.0,,,,,,,,,,,2.433,338973,8950,5640,16,54,0,2.191,2.541,Timing met,0,474,978,16,1024,True,,"gmem0:R32/W32/A64,gmem1:R32/W32/A64,gmem2:R32/W32/A64",,,,,,,,,,,,,,,,,,,,,,,,,,,,,,,,,,,,,,,,,,,,,,,,,,,,,,,,
e1_gemm/allo,E1,allo_S8_tile_cosim,E1,Allo,MNK=8 (one 8x8 tile),,,cosim,300,pass,True,228,306,,,,,,,,,,,,79.582,,,,,,,,,reports/allo_S8_tile_cosim/ (18 files),,int8xint8->int32,8x8,307,322.245,"3 AXI4 masters + 1 s_axi_control: m_axi_gmem0=A data 8b (bus 32b), addr 64b; m_axi_gmem1=B data 8b (bus 32b), addr 64b; m_axi_gmem2=C data 32b (bus 32b), addr 64b (burst 16, 16 outstanding, max widen 0: one element per beat)",,,,,,,,,,306,316,337,307,322,338,,,,,,,,w1,/scratch/hc676/e1_allo_w1/S8_tile,complete,2026-09-07 13:24:38,1606,4,6.967,231.696,1279.565,,,,951,337,338,303,228,303,297,"[64, 64, 64]","xsim re-run of the Vitis cosim snapshot (apatb_gemm_top) with a VCD of ap_clk/ap_start/ap_done and the gmem2 write and gmem0 read handshakes; cycles counted on ap_clk from the launch's first ap_start cycle, sampled on the falling edge",2.433,272,21886,13040,64,6,0,,,,,,,64,1,True,s0:PASS:err0;s1:PASS:err0;s2:PASS:err0,"gmem0:R32/W32/A64,gmem1:R32/W32/A64,gmem2:R32/W32/A64",,,,,,,,,,,,,,,,,,,,,,,,,,,,,,,,,,,,,,,,,,,,,,,,,,,,,,,,
e1_gemm/allo,E1,allo_S8_tile_impl,E1,Allo,MNK=8 (one 8x8 tile),,,impl,300,pass,,,,,8419,8220,64,3,0,3,0,0.598,0.0,,79.582,,,,215.0,58.0,0,,,reports/allo_S8_tile_impl/ (40 files),,int8xint8->int32,8x8,,1370.114,"3 AXI4 masters + 1 s_axi_control: m_axi_gmem0=A data 8b (bus 32b), addr 64b; m_axi_gmem1=B data 8b (bus 32b), addr 64b; m_axi_gmem2=C data 32b (bus 32b), addr 64b (burst 16, 16 outstanding, max widen 0: one element per beat)",,,,,,,,,,,,,,,,,,,,,,180.0,w1,/scratch/hc676/e1_allo_w1/S8_tile,complete,2026-09-07 13:24:38,1606,4,6.967,231.696,1279.565,67.0,18.0,,,,,,,,,,,2.433,272,21886,13040,64,6,0,2.078,2.735,Timing met,0,1386,1864,64,1,True,,"gmem0:R32/W32/A64,gmem1:R32/W32/A64,gmem2:R32/W32/A64",,,,,,,,,,,,,,,,,,,,,,,,,,,,,,,,,,,,,,,,,,,,,,,,,,,,,,,,
e1_gemm/allo,E1,allo_S8_128_cosim,E1,Allo,MNK=128 (256 8x8 tiles folded temporally),,,cosim,300,pass,True,106807,125245,,,,,,,,,,,,80.113,,,,,,,,,reports/allo_S8_128_cosim/ (18 files),,int8xint8->int32,8x8,125246,647.242,"3 AXI4 masters + 1 s_axi_control: m_axi_gmem0=A data 8b (bus 32b), addr 64b; m_axi_gmem1=B data 8b (bus 32b), addr 64b; m_axi_gmem2=C data 32b (bus 32b), addr 64b (burst 16, 16 outstanding, max widen 0: one element per beat)",,,,,,,,,,125245,125255,125276,125246,125261,125277,,,,,,,,w1,/scratch/hc676/e1_allo_w1/S8_128,complete,2026-09-07 13:24:38,1968,4,15.508,547.621,1316.195,,,,375768,125276,125277,125242,106807,125242,125236,"[16384, 16384]","xsim re-run of the Vitis cosim snapshot (apatb_gemm_top) with a VCD of ap_clk/ap_start/ap_done and the gmem2 write and gmem0 read handshakes; cycles counted on ap_clk from the launch's first ap_start cycle, sampled on the falling edge",2.740,124701,22046,13942,64,22,4,,,,,,,64,256,True,s0:PASS:err0;s1:PASS:err0;s2:PASS:err0,"gmem0:R32/W32/A64,gmem1:R32/W32/A64,gmem2:R32/W32/A64",,,,,,,,,,,,,,,,,,,,,,,,,,,,,,,,,,,,,,,,,,,,,,,,,,,,,,,,
e1_gemm/allo,E1,allo_S8_128_impl,E1,Allo,MNK=128 (256 8x8 tiles folded temporally),,,impl,300,pass,,,,,10177,9301,64,43,20,3,0,0.428,0.0,,80.113,,,,225.0,64.0,0,,,reports/allo_S8_128_impl/ (40 files),,int8xint8->int32,8x8,,1415.816,"3 AXI4 masters + 1 s_axi_control: m_axi_gmem0=A data 8b (bus 32b), addr 64b; m_axi_gmem1=B data 8b (bus 32b), addr 64b; m_axi_gmem2=C data 32b (bus 32b), addr 64b (burst 16, 16 outstanding, max widen 0: one element per beat)",,,,,,,,,,,,,,,,,,,,,,183.0,w1,/scratch/hc676/e1_allo_w1/S8_128,complete,2026-09-07 13:24:38,1968,4,15.508,547.621,1316.195,67.0,25.0,,,,,,,,,,,2.740,124701,22046,13942,64,22,4,2.078,2.905,Timing met,0,1386,2184,64,256,True,,"gmem0:R32/W32/A64,gmem1:R32/W32/A64,gmem2:R32/W32/A64",,,,,,,,,,,,,,,,,,,,,,,,,,,,,,,,,,,,,,,,,,,,,,,,,,,,,,,,
e1_gemm/allo,E1,allo_S16_tile_cosim,E1,Allo,MNK=16 (one 16x16 tile),,,cosim,300,timeout_cosim,,,,,,,,,,,,,,,423.269,,,,,,,,,reports/allo_S16_tile_cosim/ (12 files),cosim did not finish: started but never returned; last Vitis message: none; first_output_cycles: null (no waveform-derived measurement for this build),int8xint8->int32,16x16,,443.363,"3 AXI4 masters + 1 s_axi_control: m_axi_gmem0=A data 8b (bus 32b), addr 64b; m_axi_gmem1=B data 8b (bus 32b), addr 64b; m_axi_gmem2=C data 32b (bus 32b), addr 64b (burst 16, 16 outstanding, max widen 0: one element per beat)",,,,,,,,,,,,,,,,,,,,,,,w1,/scratch/hc676/e1_allo_w1/S16_tile,complete_with_failures,2026-09-07 13:24:38,2597,13,7.094,,,,,,,,,,,,,,,2.433,888,72278,44627,256,6,0,,,,,,,256,1,True,,"gmem0:R32/W32/A64,gmem1:R32/W32/A64,gmem2:R32/W32/A64",,,,,,,,,,,,,,,,,,,,,,,,,,,,,,,,,,,,,,,,,,,,,,,,,,,,,,,,
e1_gemm/allo,E1,allo_S16_tile_impl,E1,Allo,MNK=16 (one 16x16 tile),,,impl,300,not_run_impl,,,,,,,,,,,,,,,423.269,,,,,,,,,reports/allo_S16_tile_impl/ (2 files),implementation was never started (the build stopped in an earlier stage),int8xint8->int32,16x16,,443.363,"3 AXI4 masters + 1 s_axi_control: m_axi_gmem0=A data 8b (bus 32b), addr 64b; m_axi_gmem1=B data 8b (bus 32b), addr 64b; m_axi_gmem2=C data 32b (bus 32b), addr 64b (burst 16, 16 outstanding, max widen 0: one element per beat)",,,,,,,,,,,,,,,,,,,,,,,w1,/scratch/hc676/e1_allo_w1/S16_tile,complete_with_failures,2026-09-07 13:24:38,2597,13,7.094,,,,,,,,,,,,,,,2.433,888,72278,44627,256,6,0,,,,,,,256,1,True,,"gmem0:R32/W32/A64,gmem1:R32/W32/A64,gmem2:R32/W32/A64",,,,,,,,,,,,,,,,,,,,,,,,,,,,,,,,,,,,,,,,,,,,,,,,,,,,,,,,
e1_gemm/allo,E1,allo_S16_128_cosim,E1,Allo,MNK=128 (64 16x16 tiles folded temporally),,,cosim,300,timeout_cosim,,,,,,,,,,,,,,,484.747,,,,,,,,,reports/allo_S16_128_cosim/ (12 files),cosim did not finish: started but never returned; last Vitis message: none; first_output_cycles: null (no waveform-derived measurement for this build),int8xint8->int32,16x16,,511.642,"3 AXI4 masters + 1 s_axi_control: m_axi_gmem0=A data 8b (bus 32b), addr 64b; m_axi_gmem1=B data 8b (bus 32b), addr 64b; m_axi_gmem2=C data 32b (bus 32b), addr 64b (burst 16, 16 outstanding, max widen 0: one element per beat)",,,,,,,,,,,,,,,,,,,,,,,w1,/scratch/hc676/e1_allo_w1/S16_128,complete_with_failures,2026-09-07 13:24:38,6081,10,16.895,,,,,,,,,,,,,,,2.433,69597,72983,47242,256,54,0,,,,,,,256,64,True,,"gmem0:R32/W32/A64,gmem1:R32/W32/A64,gmem2:R32/W32/A64",,,,,,,,,,,,,,,,,,,,,,,,,,,,,,,,,,,,,,,,,,,,,,,,,,,,,,,,
e1_gemm/allo,E1,allo_S16_128_impl,E1,Allo,MNK=128 (64 16x16 tiles folded temporally),,,impl,300,not_run_impl,,,,,,,,,,,,,,,484.747,,,,,,,,,reports/allo_S16_128_impl/ (2 files),implementation was never started (the build stopped in an earlier stage),int8xint8->int32,16x16,,511.642,"3 AXI4 masters + 1 s_axi_control: m_axi_gmem0=A data 8b (bus 32b), addr 64b; m_axi_gmem1=B data 8b (bus 32b), addr 64b; m_axi_gmem2=C data 32b (bus 32b), addr 64b (burst 16, 16 outstanding, max widen 0: one element per beat)",,,,,,,,,,,,,,,,,,,,,,,w1,/scratch/hc676/e1_allo_w1/S16_128,complete_with_failures,2026-09-07 13:24:38,6081,10,16.895,,,,,,,,,,,,,,,2.433,69597,72983,47242,256,54,0,,,,,,,256,64,True,,"gmem0:R32/W32/A64,gmem1:R32/W32/A64,gmem2:R32/W32/A64",,,,,,,,,,,,,,,,,,,,,,,,,,,,,,,,,,,,,,,,,,,,,,,,,,,,,,,,
e1_gemm/allo,E1,allo_S32_tile_cosim,E1,Allo,MNK=32 (one 32x32 tile),,,cosim,300,timeout,,,,,,,,,,,,,,,8419.433,,,,,,,,,reports/allo_S32_tile_cosim/ (12 files),"exceeded the ~3 h budget for the 32x32 builds (2026-09-07 01:45); the build was left running (started by a previous session, not killed) and its row is refreshed by e1_allo_finish.sh when it ends; cosim not finished: build still running at 2026-09-07 13:24:38 (tool processes: 260126:vitis_hls, 260170:vitis_hls); finished stages: csim END 16 s; csynth END 8419 s; cosim in progress for 844 min; 6 testbench seed lines so far; C testbench / xelab",int8xint8->int32,32x32,,,"3 AXI4 masters + 1 s_axi_control: m_axi_gmem0=A data 8b (bus 32b), addr 64b; m_axi_gmem1=B data 8b (bus 32b), addr 64b; m_axi_gmem2=C data 32b (bus 32b), addr 64b (burst 16, 16 outstanding, max widen 0: one element per beat)",,,,,,,,,,,,,,,,,,,,,,,w1,/scratch/hc676/e1_allo_w1/S32_tile,running,2026-09-07 13:24:38,,100,16.305,,,,,,,,,,,,,,,2.433,3272,289438,174232,1024,6,0,,,,,,,1024,1,True,,"gmem0:R32/W32/A64,gmem1:R32/W32/A64,gmem2:R32/W32/A64",,,,,,,,,,,,,,,,,,,,,,,,,,,,,,,,,,,,,,,,,,,,,,,,,,,,,,,,
e1_gemm/allo,E1,allo_S32_tile_impl,E1,Allo,MNK=32 (one 32x32 tile),,,impl,300,timeout,,,,,,,,,,,,,,,8419.433,,,,,,,,,reports/allo_S32_tile_impl/ (4 files),"exceeded the ~3 h budget for the 32x32 builds (2026-09-07 01:45); the build was left running (started by a previous session, not killed) and its row is refreshed by e1_allo_finish.sh when it ends; export_impl not finished: build still running at 2026-09-07 13:24:38 (tool processes: 260126:vitis_hls, 260170:vitis_hls); finished stages: csim END 16 s; csynth END 8419 s; cosim in progress for 844 min; 6 testbench seed lines so far; C testbench / xelab",int8xint8->int32,32x32,,,"3 AXI4 masters + 1 s_axi_control: m_axi_gmem0=A data 8b (bus 32b), addr 64b; m_axi_gmem1=B data 8b (bus 32b), addr 64b; m_axi_gmem2=C data 32b (bus 32b), addr 64b (burst 16, 16 outstanding, max widen 0: one element per beat)",,,,,,,,,,,,,,,,,,,,,,,w1,/scratch/hc676/e1_allo_w1/S32_tile,running,2026-09-07 13:24:38,,100,16.305,,,,,,,,,,,,,,,2.433,3272,289438,174232,1024,6,0,,,,,,,1024,1,True,,"gmem0:R32/W32/A64,gmem1:R32/W32/A64,gmem2:R32/W32/A64",,,,,,,,,,,,,,,,,,,,,,,,,,,,,,,,,,,,,,,,,,,,,,,,,,,,,,,,
e1_gemm/allo,E1,allo_S32_128_cosim,E1,Allo,MNK=128 (16 32x32 tiles folded temporally),,,cosim,300,timeout,,,,,,,,,,,,,,,8083.877,,,,,,,,,reports/allo_S32_128_cosim/ (12 files),"exceeded the ~3 h budget for the 32x32 builds (2026-09-07 01:45); the build was left running (started by a previous session, not killed) and its row is refreshed by e1_allo_finish.sh when it ends; cosim not finished: build still running at 2026-09-07 13:24:38 (tool processes: 241336:vitis_hls, 241380:vitis_hls); finished stages: csim END 33 s; csynth END 8084 s; cosim in progress for 831 min; 6 testbench seed lines so far; C testbench / xelab",int8xint8->int32,32x32,,,"3 AXI4 masters + 1 s_axi_control: m_axi_gmem0=A data 8b (bus 32b), addr 64b; m_axi_gmem1=B data 8b (bus 32b), addr 64b; m_axi_gmem2=C data 32b (bus 32b), addr 64b (burst 16, 16 outstanding, max widen 0: one element per beat)",,,,,,,,,,,,,,,,,,,,,,,w1,/scratch/hc676/e1_allo_w1/S32_128,running,2026-09-07 13:24:38,,139,33.196,,,,,,,,,,,,,,,2.433,55053,291581,181338,1024,70,0,,,,,,,1024,16,True,,"gmem0:R32/W32/A64,gmem1:R32/W32/A64,gmem2:R32/W32/A64",,,,,,,,,,,,,,,,,,,,,,,,,,,,,,,,,,,,,,,,,,,,,,,,,,,,,,,,
e1_gemm/allo,E1,allo_S32_128_impl,E1,Allo,MNK=128 (16 32x32 tiles folded temporally),,,impl,300,timeout,,,,,,,,,,,,,,,8083.877,,,,,,,,,reports/allo_S32_128_impl/ (3 files),"exceeded the ~3 h budget for the 32x32 builds (2026-09-07 01:45); the build was left running (started by a previous session, not killed) and its row is refreshed by e1_allo_finish.sh when it ends; export_impl not finished: build still running at 2026-09-07 13:24:38 (tool processes: 241336:vitis_hls, 241380:vitis_hls); finished stages: csim END 33 s; csynth END 8084 s; cosim in progress for 831 min; 6 testbench seed lines so far; C testbench / xelab",int8xint8->int32,32x32,,,"3 AXI4 masters + 1 s_axi_control: m_axi_gmem0=A data 8b (bus 32b), addr 64b; m_axi_gmem1=B data 8b (bus 32b), addr 64b; m_axi_gmem2=C data 32b (bus 32b), addr 64b (burst 16, 16 outstanding, max widen 0: one element per beat)",,,,,,,,,,,,,,,,,,,,,,,w1,/scratch/hc676/e1_allo_w1/S32_128,running,2026-09-07 13:24:38,,139,33.196,,,,,,,,,,,,,,,2.433,55053,291581,181338,1024,70,0,,,,,,,1024,16,True,,"gmem0:R32/W32/A64,gmem1:R32/W32/A64,gmem2:R32/W32/A64",,,,,,,,,,,,,,,,,,,,,,,,,,,,,,,,,,,,,,,,,,,,,,,,,,,,,,,,
e2_fft/spmw,E2,N1024_cosim,E2,SPMW folded radix-2 FFT,"1024-point complex FP32, 33 transforms a launch",1024,cosim,rtl_cosim,300,pass,True,4107,37902,33792,,,,,,,,,,,96.0,527.5,,,,,,11,11,reports/N1024_cosim,,,,,,,,,,,,,,,,,,,,,,,,,,,,,,,,,,,,,,,,,,,,,,,,,,,,,,,,,,,,,,,,,,,,,,,,,,,,,,,,,,,,,,,,,,,,,,,,,,,,,,,,,,,,,,,,,,,,,,,,,,,
e2_fft/spmw,E2,N1024_pnr,E2,SPMW folded radix-2 FFT,"1024-point complex FP32, 33 transforms a launch",1024,pnr,pnr_ooc,300,pass,,,,,15423,35587,199,31,2,27,0,0.431,0.0,2.902,96.6,539.8,807.1,257.837,318.566,137.009,0,11,11,reports/N1024_pnr,,,,,,,,,,,,,,,,,,,,,,,,,,,,,,,,,,,,,,,,,,,,,,,,,,,,,,,,,,,,,,,,,,,,,,,,,,,,,,,,,,,,,,,,,,,,,,,,,,,,,,,,,,,,,,,,,,,,,,,,,,,
e2_fft/spmw,E2,N128_cosim,E2,SPMW folded radix-2 FFT,"128-point complex FP32, 33 transforms a launch",128,cosim,rtl_cosim,300,pass,True,522,4749,4224,,,,,,,,,,,50.7,395.6,,,,,,8,8,reports/N128_cosim,,,,,,,,,,,,,,,,,,,,,,,,,,,,,,,,,,,,,,,,,,,,,,,,,,,,,,,,,,,,,,,,,,,,,,,,,,,,,,,,,,,,,,,,,,,,,,,,,,,,,,,,,,,,,,,,,,,,,,,,,,,
e2_fft/spmw,E2,N128_pnr,E2,SPMW folded radix-2 FFT,"128-point complex FP32, 33 transforms a launch",128,pnr,pnr_ooc,300,pass,,,,,10930,25425,139,12,0,12,0,0.461,0.0,2.872,52.8,413.5,709.0,218.829,296.637,110.84,0,8,8,reports/N128_pnr,,,,,,,,,,,,,,,,,,,,,,,,,,,,,,,,,,,,,,,,,,,,,,,,,,,,,,,,,,,,,,,,,,,,,,,,,,,,,,,,,,,,,,,,,,,,,,,,,,,,,,,,,,,,,,,,,,,,,,,,,,,
e2_fft/spmw,E2,N256_cosim,E2,SPMW folded radix-2 FFT,"256-point complex FP32, 33 transforms a launch",256,cosim,rtl_cosim,300,pass,True,1035,9486,8448,,,,,,,,,,,93.6,441.6,,,,,,9,9,reports/N256_cosim,,,,,,,,,,,,,,,,,,,,,,,,,,,,,,,,,,,,,,,,,,,,,,,,,,,,,,,,,,,,,,,,,,,,,,,,,,,,,,,,,,,,,,,,,,,,,,,,,,,,,,,,,,,,,,,,,,,,,,,,,,,
e2_fft/spmw,E2,N256_pnr,E2,SPMW folded radix-2 FFT,"256-point complex FP32, 33 transforms a launch",256,pnr,pnr_ooc,300,pass,,,,,12361,28865,159,18,1,16,0,0.388,0.0,2.945,93.2,447.4,730.4,232.631,292.728,115.909,0,9,9,reports/N256_pnr,,,,,,,,,,,,,,,,,,,,,,,,,,,,,,,,,,,,,,,,,,,,,,,,,,,,,,,,,,,,,,,,,,,,,,,,,,,,,,,,,,,,,,,,,,,,,,,,,,,,,,,,,,,,,,,,,,,,,,,,,,,
e2_fft/spmw,E2,N512_cosim,E2,SPMW folded radix-2 FFT,"512-point complex FP32, 33 transforms a launch",512,cosim,rtl_cosim,300,pass,True,2059,18958,16896,,,,,,,,,,,94.8,486.1,,,,,,10,10,reports/N512_cosim,,,,,,,,,,,,,,,,,,,,,,,,,,,,,,,,,,,,,,,,,,,,,,,,,,,,,,,,,,,,,,,,,,,,,,,,,,,,,,,,,,,,,,,,,,,,,,,,,,,,,,,,,,,,,,,,,,,,,,,,,,,
e2_fft/spmw,E2,N512_pnr,E2,SPMW folded radix-2 FFT,"512-point complex FP32, 33 transforms a launch",512,pnr,pnr_ooc,300,pass,,,,,13864,32222,179,24,1,22,0,0.129,0.0,3.204,94.8,484.7,756.7,242.155,295.249,131.43,0,10,10,reports/N512_pnr,,,,,,,,,,,,,,,,,,,,,,,,,,,,,,,,,,,,,,,,,,,,,,,,,,,,,,,,,,,,,,,,,,,,,,,,,,,,,,,,,,,,,,,,,,,,,,,,,,,,,,,,,,,,,,,,,,,,,,,,,,,
e2_fft/hpfft,E2,hpfft_n1024_UF1_cosim,E2,HP-FFT,1024-point radix-2 complex FFT; 33 transforms streamed back-to-back through one FFT_TOP,,,cosim,300,ok,True,6298,6809,,,,,,,,,,,,70,,,,,,,,,"hpfft/reports/hpfft_n1024_UF1_cosim,hpfft/validation/hpfft_n1024_UF1_cosim",,"complex float32 (IEEE-754 binary32 real and imaginary parts; forward transform, unscaled)",,525.5,,,,,,,,,,,,,,,,,,796,,,,,"steady interval = mean of the last 24 completion-to-completion distances (median 525.5, min 522, max 529); 32/33 transforms completed: the last transform fed is never flushed without a following transform (top-level ap_done never fires, HLS 200-656); intervals over the completed ones; batch of 32 transforms complete at cycle 23096 after the first input beat; ap_done pulses 32; input stall cycles in transform 0: 0; per seed: seed 0: pass (11 transforms, max abs err 1.56e-05), seed 1: pass (11 transforms, max abs err 1.26e-05), seed 2: pass (10 transforms, max abs err 1.14e-05); unchecked transforms [32]; RTL outputs read from the out_r port handshakes in the VCD",,,,,,,,,,,,,,,,,,,,,,,,,,,,,,,,,,,,,,,,,33,"ap_fifo in/out: hls::stream<hls::vector<complex<float>,2>>, 128-bit data each way = 2 complex float32 samples per beat, 512 beats per transform; block control ap_ctrl_hs",1,1024,UF1,"natural-order input, natural-order output (DIT with bit-reversal reorder stage)","numpy.random.RandomState seeds 0/1/2, re,im ~ U[-1,1) float32; 33 transforms = 11 per seed","0,1,2",32,1.561e-05,2.131e-07,this_agent,,,,,,,,,,,,,,,,,,,,,,,,,,,,,,,,,,,,,,,,,,,,
e2_fft/hpfft,E2,hpfft_n1024_UF1_cosim_lcg,E2,HP-FFT,1024-point radix-2 complex FFT; 32 transforms streamed back-to-back through one FFT_TOP,,,cosim,300,ok,True,6298,6809,,,,,,,,,,,,59,,,,,,,,,"hpfft/reports/hpfft_n1024_UF1_cosim_lcg,hpfft/validation/hpfft_n1024_UF1_cosim_lcg",,"complex float32 (IEEE-754 binary32 real and imaginary parts; forward transform, unscaled)",,525.7,,,,,,,,,,,,,,,,,,1026,,,,,"steady interval = mean of the last 23 completion-to-completion distances (median 529, min 522, max 529); 31/32 transforms completed: the last transform fed is never flushed without a following transform (top-level ap_done never fires, HLS 200-656); intervals over the completed ones; batch of 31 transforms complete at cycle 22574 after the first input beat; ap_done pulses 31; input stall cycles in transform 0: 0; 31 transforms checked; RTL outputs read from the out_r port handshakes in the VCD",,,,,,,,,,,,,,,,,,,,,,,,,,,,,,,,,,,,,,,,,32,"ap_fifo in/out: hls::stream<hls::vector<complex<float>,2>>, 128-bit data each way = 2 complex float32 samples per beat, 512 beats per transform; block control ap_ctrl_hs",1,1024,UF1,"natural-order input, natural-order output (DIT with bit-reversal reorder stage)","transform 0 = HP-FFT shipped test signal, transforms 1..31 = LCG(0x12345678) U[-1,1)",,31,2.608e-05,1.668e-07,previous_agent,,,,,,,,,,,,,,,,,,,,,,,,,,,,,,,,,,,,,,,,,,,,
e2_fft/hpfft,E2,hpfft_n1024_UF1_pnr,E2,HP-FFT,"1024-point radix-2 complex FFT (one FFT_TOP instance, out-of-context)",,,pnr_ooc,300,ok,,,,,29316,28835,96,104,48,8,0,0.261,0.0,,59,,,584,465,152,0,,,hpfft/reports/hpfft_n1024_UF1_pnr,,"complex float32 (IEEE-754 binary32 real and imaginary parts; forward transform, unscaled)",,,1328,,,,,,,,,,,,,,,,,,,,,,"opt 45 s, phys_opt 8 s; 0 failing of 69795 endpoints; WHS 0.019 ns; routable nets 60174, routing errors 0",,,,,,,,,,,,,,,,,,,,,,,,,,,,,,,,,,,,,,,,,,"ap_fifo in/out: hls::stream<hls::vector<complex<float>,2>>, 128-bit data each way = 2 complex float32 samples per beat, 512 beats per transform; block control ap_ctrl_hs",1,1024,UF1,"natural-order input, natural-order output (DIT with bit-reversal reorder stage)",,,,,,previous_agent,,,,,,,,,,,,,,,,,,,,,,,,,,,,,,,,,,,,,,,,,,,,
e2_fft/hpfft,E2,hpfft_n1024_UF16_cosim,E2,HP-FFT,1024-point radix-2 complex FFT; 32 transforms streamed back-to-back through one FFT_TOP,,,cosim,300,ok,True,609,640,,,,,,,,,,,,546,,,,,,,,,"hpfft/reports/hpfft_n1024_UF16_cosim,hpfft/validation/hpfft_n1024_UF16_cosim",,"complex float32 (IEEE-754 binary32 real and imaginary parts; forward transform, unscaled)",,170.0,,,,,,,,,,,,,,,,,,1220,,,,,"steady interval = mean of the last 23 completion-to-completion distances (median 170, min 170, max 170); 31/32 transforms completed: the last transform fed is never flushed without a following transform (top-level ap_done never fires, HLS 200-656); intervals over the completed ones; batch of 31 transforms complete at cycle 5740 after the first input beat; ap_done pulses 31; input stall cycles in transform 0: 0; 31 transforms checked; RTL outputs read from the out_r port handshakes in the VCD",,,,,,,,,,,,,,,,,,,,,,,,,,,,,,,,,,,,,,,,,32,"ap_fifo in/out: hls::stream<hls::vector<complex<float>,32>>, 2048-bit data each way = 32 complex float32 samples per beat, 32 beats per transform; block control ap_ctrl_hs",16,1024,UF16,"natural-order input, natural-order output (DIT with bit-reversal reorder stage)","transform 0 = HP-FFT shipped test signal, transforms 1..31 = LCG(0x12345678) U[-1,1)",,31,2.608e-05,1.668e-07,previous_agent,,,,,,,,,,,,,,,,,,,,,,,,,,,,,,,,,,,,,,,,,,,,
e2_fft/hpfft,E2,hpfft_n1024_UF16_pnr,E2,HP-FFT,"1024-point radix-2 complex FFT (one FFT_TOP instance, out-of-context)",,,pnr_ooc,300,not_run,,,,,,,,,,,,,,,546,,,,,,,,,,"P&R deferred: optional extra, HLS estimate 361108 LUTs; an OOC P&R of that size takes hours on the shared machine (queue job 030_pnr_n1024_UF16 in queue_pnr/deferred)","complex float32 (IEEE-754 binary32 real and imaginary parts; forward transform, unscaled)",,,,,,,,,,,,,,,,,,,,,,,,,,,,,,,,,,,,,,,,,,,,,,,,,,,,,,,,,,,,,,,,,,,"ap_fifo in/out: hls::stream<hls::vector<complex<float>,32>>, 2048-bit data each way = 32 complex float32 samples per beat, 32 beats per transform; block control ap_ctrl_hs",16,1024,UF16,"natural-order input, natural-order output (DIT with bit-reversal reorder stage)",,,,,,,,,,,,,,,,,,,,,,,,,,,,,,,,,,,,,,,,,,,,,,,,,,
e2_fft/hpfft,E2,hpfft_n1024_UF2_cosim,E2,HP-FFT,1024-point radix-2 complex FFT; 33 transforms streamed back-to-back through one FFT_TOP,,,cosim,300,ok,True,2979,3234,,,,,,,,,,,,77,,,,,,,,,"hpfft/reports/hpfft_n1024_UF2_cosim,hpfft/validation/hpfft_n1024_UF2_cosim",,"complex float32 (IEEE-754 binary32 real and imaginary parts; forward transform, unscaled)",,266.0,,,,,,,,,,,,,,,,,,748,,,,,"steady interval = mean of the last 24 completion-to-completion distances (median 266.0, min 266, max 266); 32/33 transforms completed: the last transform fed is never flushed without a following transform (top-level ap_done never fires, HLS 200-656); intervals over the completed ones; batch of 32 transforms complete at cycle 11480 after the first input beat; ap_done pulses 32; input stall cycles in transform 0: 0; per seed: seed 0: pass (11 transforms, max abs err 1.56e-05), seed 1: pass (11 transforms, max abs err 1.26e-05), seed 2: pass (10 transforms, max abs err 1.14e-05); unchecked transforms [32]; RTL outputs read from the out_r port handshakes in the VCD",,,,,,,,,,,,,,,,,,,,,,,,,,,,,,,,,,,,,,,,,33,"ap_fifo in/out: hls::stream<hls::vector<complex<float>,4>>, 256-bit data each way = 4 complex float32 samples per beat, 256 beats per transform; block control ap_ctrl_hs",2,1024,UF2,"natural-order input, natural-order output (DIT with bit-reversal reorder stage)","numpy.random.RandomState seeds 0/1/2, re,im ~ U[-1,1) float32; 33 transforms = 11 per seed","0,1,2",32,1.561e-05,2.131e-07,this_agent,,,,,,,,,,,,,,,,,,,,,,,,,,,,,,,,,,,,,,,,,,,,
e2_fft/hpfft,E2,hpfft_n1024_UF2_cosim_lcg,E2,HP-FFT,1024-point radix-2 complex FFT; 32 transforms streamed back-to-back through one FFT_TOP,,,cosim,300,ok,True,2979,3234,,,,,,,,,,,,78,,,,,,,,,"hpfft/reports/hpfft_n1024_UF2_cosim_lcg,hpfft/validation/hpfft_n1024_UF2_cosim_lcg",,"complex float32 (IEEE-754 binary32 real and imaginary parts; forward transform, unscaled)",,266.0,,,,,,,,,,,,,,,,,,1003,,,,,"steady interval = mean of the last 23 completion-to-completion distances (median 266, min 266, max 266); 31/32 transforms completed: the last transform fed is never flushed without a following transform (top-level ap_done never fires, HLS 200-656); intervals over the completed ones; batch of 31 transforms complete at cycle 11214 after the first input beat; ap_done pulses 31; input stall cycles in transform 0: 0; 31 transforms checked; RTL outputs read from the out_r port handshakes in the VCD",,,,,,,,,,,,,,,,,,,,,,,,,,,,,,,,,,,,,,,,,32,"ap_fifo in/out: hls::stream<hls::vector<complex<float>,4>>, 256-bit data each way = 4 complex float32 samples per beat, 256 beats per transform; block control ap_ctrl_hs",2,1024,UF2,"natural-order input, natural-order output (DIT with bit-reversal reorder stage)","transform 0 = HP-FFT shipped test signal, transforms 1..31 = LCG(0x12345678) U[-1,1)",,31,2.608e-05,1.668e-07,previous_agent,,,,,,,,,,,,,,,,,,,,,,,,,,,,,,,,,,,,,,,,,,,,
e2_fft/hpfft,E2,hpfft_n1024_UF2_pnr,E2,HP-FFT,"1024-point radix-2 complex FFT (one FFT_TOP instance, out-of-context)",,,pnr_ooc,300,ok,,,,,60287,46729,180,164,64,36,0,0.15,0.0,,78,,,466,555,204,0,,,hpfft/reports/hpfft_n1024_UF2_pnr,,"complex float32 (IEEE-754 binary32 real and imaginary parts; forward transform, unscaled)",,,1369,,,,,,,,,,,,,,,,,,,,,,"opt 57 s, phys_opt 15 s; 0 failing of 132822 endpoints; WHS 0.009 ns; routable nets 112037, routing errors 0",,,,,,,,,,,,,,,,,,,,,,,,,,,,,,,,,,,,,,,,,,"ap_fifo in/out: hls::stream<hls::vector<complex<float>,4>>, 256-bit data each way = 4 complex float32 samples per beat, 256 beats per transform; block control ap_ctrl_hs",2,1024,UF2,"natural-order input, natural-order output (DIT with bit-reversal reorder stage)",,,,,,previous_agent,,,,,,,,,,,,,,,,,,,,,,,,,,,,,,,,,,,,,,,,,,,,
e2_fft/hpfft,E2,hpfft_n1024_UF32_cosim,E2,HP-FFT,1024-point radix-2 complex FFT,,,cosim,300,not_run,,,,,,,,,,,,,,,,,,,,,,,,,RTL cosimulation not run (optional extra: the previous agent's queue did not reach it and it was not re-queued; csynth row in hls_estimates.csv),"complex float32 (IEEE-754 binary32 real and imaginary parts; forward transform, unscaled)",,,,,,,,,,,,,,,,,,,,,,,,,,,,,,,,,,,,,,,,,,,,,,,,,,,,,,,,,,,,,,,,,,,"ap_fifo in/out: hls::stream<hls::vector<complex<float>,64>>, 4096-bit data each way = 64 complex float32 samples per beat, 16 beats per transform; block control ap_ctrl_hs",32,1024,UF32,"natural-order input, natural-order output (DIT with bit-reversal reorder stage)",,,,,,,,,,,,,,,,,,,,,,,,,,,,,,,,,,,,,,,,,,,,,,,,,,
e2_fft/hpfft,E2,hpfft_n1024_UF32_pnr,E2,HP-FFT,"1024-point radix-2 complex FFT (one FFT_TOP instance, out-of-context)",,,pnr_ooc,300,not_run,,,,,,,,,,,,,,,1179,,,,,,,,,,"P&R deferred: optional extra, HLS estimate 708236 LUTs; an OOC P&R of that size takes hours on the shared machine (queue job 040_pnr_n1024_UF32 in queue_pnr/deferred)","complex float32 (IEEE-754 binary32 real and imaginary parts; forward transform, unscaled)",,,,,,,,,,,,,,,,,,,,,,,,,,,,,,,,,,,,,,,,,,,,,,,,,,,,,,,,,,,,,,,,,,,"ap_fifo in/out: hls::stream<hls::vector<complex<float>,64>>, 4096-bit data each way = 64 complex float32 samples per beat, 16 beats per transform; block control ap_ctrl_hs",32,1024,UF32,"natural-order input, natural-order output (DIT with bit-reversal reorder stage)",,,,,,,,,,,,,,,,,,,,,,,,,,,,,,,,,,,,,,,,,,,,,,,,,,
e2_fft/hpfft,E2,hpfft_n1024_UF4_cosim,E2,HP-FFT,1024-point radix-2 complex FFT; 33 transforms streamed back-to-back through one FFT_TOP,,,cosim,300,ok,True,2994,3121,,,,,,,,,,,,94,,,,,,,,,"hpfft/reports/hpfft_n1024_UF4_cosim,hpfft/validation/hpfft_n1024_UF4_cosim",,"complex float32 (IEEE-754 binary32 real and imaginary parts; forward transform, unscaled)",,1552.0,,,,,,,,,,,,,,,,,,1007,,,,,"steady interval = mean of the last 24 completion-to-completion distances (median 1552.0, min 1552, max 1552); 32/33 transforms completed: the last transform fed is never flushed without a following transform (top-level ap_done never fires, HLS 200-656); intervals over the completed ones; batch of 32 transforms complete at cycle 51233 after the first input beat; ap_done pulses 32; input stall cycles in transform 0: 0; per seed: seed 0: pass (11 transforms, max abs err 1.56e-05), seed 1: pass (11 transforms, max abs err 1.26e-05), seed 2: pass (10 transforms, max abs err 1.14e-05); unchecked transforms [32]; RTL outputs read from the out_r port handshakes in the VCD",,,,,,,,,,,,,,,,,,,,,,,,,,,,,,,,,,,,,,,,,33,"ap_fifo in/out: hls::stream<hls::vector<complex<float>,8>>, 512-bit data each way = 8 complex float32 samples per beat, 128 beats per transform; block control ap_ctrl_hs",4,1024,UF4,"natural-order input, natural-order output (DIT with bit-reversal reorder stage)","numpy.random.RandomState seeds 0/1/2, re,im ~ U[-1,1) float32; 33 transforms = 11 per seed","0,1,2",32,1.561e-05,2.131e-07,this_agent,,,,,,,,,,,,,,,,,,,,,,,,,,,,,,,,,,,,,,,,,,,,
e2_fft/hpfft,E2,hpfft_n1024_UF4_cosim_lcg,E2,HP-FFT,1024-point radix-2 complex FFT; 32 transforms streamed back-to-back through one FFT_TOP,,,cosim,300,ok,True,2994,3121,,,,,,,,,,,,96,,,,,,,,,"hpfft/reports/hpfft_n1024_UF4_cosim_lcg,hpfft/validation/hpfft_n1024_UF4_cosim_lcg",,"complex float32 (IEEE-754 binary32 real and imaginary parts; forward transform, unscaled)",,1552.0,,,,,,,,,,,,,,,,,,1188,,,,,"steady interval = mean of the last 23 completion-to-completion distances (median 1552, min 1552, max 1552); 31/32 transforms completed: the last transform fed is never flushed without a following transform (top-level ap_done never fires, HLS 200-656); intervals over the completed ones; batch of 31 transforms complete at cycle 49681 after the first input beat; ap_done pulses 31; input stall cycles in transform 0: 0; 31 transforms checked; RTL outputs read from the out_r port handshakes in the VCD",,,,,,,,,,,,,,,,,,,,,,,,,,,,,,,,,,,,,,,,,32,"ap_fifo in/out: hls::stream<hls::vector<complex<float>,8>>, 512-bit data each way = 8 complex float32 samples per beat, 128 beats per transform; block control ap_ctrl_hs",4,1024,UF4,"natural-order input, natural-order output (DIT with bit-reversal reorder stage)","transform 0 = HP-FFT shipped test signal, transforms 1..31 = LCG(0x12345678) U[-1,1)",,31,2.608e-05,1.668e-07,previous_agent,,,,,,,,,,,,,,,,,,,,,,,,,,,,,,,,,,,,,,,,,,,,
e2_fft/hpfft,E2,hpfft_n1024_UF4_pnr,E2,HP-FFT,"1024-point radix-2 complex FFT (one FFT_TOP instance, out-of-context)",,,pnr_ooc,300,ok,,,,,118755,88475,342,245,112,21,0,0.094,0.0,,96,,,741,934,359,0,,,hpfft/reports/hpfft_n1024_UF4_pnr,,"complex float32 (IEEE-754 binary32 real and imaginary parts; forward transform, unscaled)",,,2275,,,,,,,,,,,,,,,,,,,,,,"opt 103 s, phys_opt 27 s; 0 failing of 254077 endpoints; WHS 0.009 ns; routable nets 215459, routing errors 0",,,,,,,,,,,,,,,,,,,,,,,,,,,,,,,,,,,,,,,,,,"ap_fifo in/out: hls::stream<hls::vector<complex<float>,8>>, 512-bit data each way = 8 complex float32 samples per beat, 128 beats per transform; block control ap_ctrl_hs",4,1024,UF4,"natural-order input, natural-order output (DIT with bit-reversal reorder stage)",,,,,,this_agent,,,,,,,,,,,,,,,,,,,,,,,,,,,,,,,,,,,,,,,,,,,,
e2_fft/hpfft,E2,hpfft_n1024_UF8_cosim,E2,HP-FFT,1024-point radix-2 complex FFT; 32 transforms streamed back-to-back through one FFT_TOP,,,cosim,300,ok,True,1000,1063,,,,,,,,,,,,167,,,,,,,,,"hpfft/reports/hpfft_n1024_UF8_cosim,hpfft/validation/hpfft_n1024_UF8_cosim",,"complex float32 (IEEE-754 binary32 real and imaginary parts; forward transform, unscaled)",,201.0,,,,,,,,,,,,,,,,,,1153,,,,,"steady interval = mean of the last 23 completion-to-completion distances (median 201, min 201, max 201); 31/32 transforms completed: the last transform fed is never flushed without a following transform (top-level ap_done never fires, HLS 200-656); intervals over the completed ones; batch of 31 transforms complete at cycle 7093 after the first input beat; ap_done pulses 31; input stall cycles in transform 0: 0; 31 transforms checked; RTL outputs read from the out_r port handshakes in the VCD",,,,,,,,,,,,,,,,,,,,,,,,,,,,,,,,,,,,,,,,,32,"ap_fifo in/out: hls::stream<hls::vector<complex<float>,16>>, 1024-bit data each way = 16 complex float32 samples per beat, 64 beats per transform; block control ap_ctrl_hs",8,1024,UF8,"natural-order input, natural-order output (DIT with bit-reversal reorder stage)","transform 0 = HP-FFT shipped test signal, transforms 1..31 = LCG(0x12345678) U[-1,1)",,31,2.608e-05,1.668e-07,previous_agent,,,,,,,,,,,,,,,,,,,,,,,,,,,,,,,,,,,,,,,,,,,,
e2_fft/hpfft,E2,hpfft_n1024_UF8_pnr,E2,HP-FFT,"1024-point radix-2 complex FFT (one FFT_TOP instance, out-of-context)",,,pnr_ooc,300,timing_fail,,,,,253668,172754,615,344,160,24,0,-0.679,-5299.454,,167,,,1342,2022,2110,0,,,hpfft/reports/hpfft_n1024_UF8_pnr,"routed, but WNS -0.679 ns < 0 at 3.333 ns (24069 failing endpoints, TNS -5299.454 ns): not a 300 MHz result; fmax ~ 249.3 MHz","complex float32 (IEEE-754 binary32 real and imaginary parts; forward transform, unscaled)",,,6034,,,,,,,,,,,,,,,,,,,,,,"opt 204 s, phys_opt 166 s; 24069 failing of 589308 endpoints; WHS 0.009 ns; routable nets 440905, routing errors 0",,,,,,,,,,,,,,,,,,,,,,,,,,,,,,,,,,,,,,,,,,"ap_fifo in/out: hls::stream<hls::vector<complex<float>,16>>, 1024-bit data each way = 16 complex float32 samples per beat, 64 beats per transform; block control ap_ctrl_hs",8,1024,UF8,"natural-order input, natural-order output (DIT with bit-reversal reorder stage)",,,,,,this_agent,,,,,,,,,,,,,,,,,,,,,,,,,,,,,,,,,,,,,,,,,,,,
e2_fft/hpfft,E2,hpfft_n1024_no_StagePipeline_cosim,E2,HP-FFT,"1024-point radix-2 complex FFT; 3 transforms as back-to-back FFT_TOP calls (array interface, ap_ctrl_hs)",,,cosim,300,ok,True,32778,33289,,,,,,,,,,,,45,,,,,,,,,"hpfft/reports/hpfft_n1024_no_StagePipeline_cosim,hpfft/validation/hpfft_n1024_no_StagePipeline_cosim",,"complex float32 (IEEE-754 binary32 real and imaginary parts; forward transform, unscaled)",,33291.0,,,,,,,,,,,,,,,,,,337,,,,,"steady interval = mean of the last 2 completion-to-completion distances (median 33291.0, min 33291, max 33291); batch of 3 transforms complete at cycle 99871 after the first input beat; ap_done pulses 3; input stall cycles in transform 0: 0; 3 transforms checked; RTL outputs as received by Vitis' post-check testbench run (sim/wrapc_pc)",,,,,,,,,,,,,,,,,,,,,,,,,,,,,,,,,,,,,,,,,3,"ap_memory dataIn/dataOut (complex<float>[N] arrays, 64-bit words, 2 ports each); ap_ctrl_hs",,1024,no_StagePipeline,"natural-order input, natural-order output (DIT with bit-reversal reorder stage)","transform 0 = HP-FFT shipped test signal, transforms 1..2 = LCG(0x12345678) U[-1,1)",,3,2.608e-05,1.450e-07,previous_agent,,,,,,,,,,,,,,,,,,,,,,,,,,,,,,,,,,,,,,,,,,,,
e2_fft/hpfft,E2,hpfft_n1024_no_StagePipeline_pnr,E2,HP-FFT,"1024-point radix-2 complex FFT (one FFT_TOP instance, out-of-context)",,,pnr_ooc,300,ok,,,,,3226,5559,48,12,4,4,0,0.608,0.0,,45,,,116,197,40,0,,,hpfft/reports/hpfft_n1024_no_StagePipeline_pnr,,"complex float32 (IEEE-754 binary32 real and imaginary parts; forward transform, unscaled)",,,402,,,,,,,,,,,,,,,,,,,,,,"opt 13 s, phys_opt 1 s; 0 failing of 9495 endpoints; WHS 0.041 ns; routable nets 10921, routing errors 0",,,,,,,,,,,,,,,,,,,,,,,,,,,,,,,,,,,,,,,,,,"ap_memory dataIn/dataOut (complex<float>[N] arrays, 64-bit words, 2 ports each); ap_ctrl_hs",,1024,no_StagePipeline,"natural-order input, natural-order output (DIT with bit-reversal reorder stage)",,,,,,this_agent,,,,,,,,,,,,,,,,,,,,,,,,,,,,,,,,,,,,,,,,,,,,
e2_fft/hpfft,E2,hpfft_n1024_original_C_style_cosim,E2,HP-FFT,"1024-point radix-2 complex FFT; 3 transforms as back-to-back FFT_TOP calls (array interface, ap_ctrl_hs)",,,cosim,300,ok,True,109341,110364,,,,,,,,,,,,56,,,,,,,,,"hpfft/reports/hpfft_n1024_original_C_style_cosim,hpfft/validation/hpfft_n1024_original_C_style_cosim",,"complex float32 (IEEE-754 binary32 real and imaginary parts; forward transform, unscaled)",,110366.0,,,,,,,,,,,,,,,,,,603,,,,,"steady interval = mean of the last 2 completion-to-completion distances (median 110366.0, min 110366, max 110366); batch of 3 transforms complete at cycle 331096 after the first input beat; ap_done pulses 3; input stall cycles in transform 0: 0; 3 transforms checked; RTL outputs as received by Vitis' post-check testbench run (sim/wrapc_pc)",,,,,,,,,,,,,,,,,,,,,,,,,,,,,,,,,,,,,,,,,3,"ap_memory dataIn/dataOut (complex<float>[N] arrays, 64-bit words); ap_ctrl_hs",,1024,original_C_style,"natural-order input, natural-order output (DIT with bit-reversal reorder stage)","transform 0 = HP-FFT shipped test signal, transforms 1..2 = LCG(0x12345678) U[-1,1)",,3,2.608e-05,1.450e-07,previous_agent,,,,,,,,,,,,,,,,,,,,,,,,,,,,,,,,,,,,,,,,,,,,
e2_fft/hpfft,E2,hpfft_n1024_original_C_style_pnr,E2,HP-FFT,"1024-point radix-2 complex FFT (one FFT_TOP instance, out-of-context)",,,pnr_ooc,300,ok,,,,,11556,8309,206,11,4,3,0,0.31,0.0,,56,,,274,253,96,0,,,hpfft/reports/hpfft_n1024_original_C_style_pnr,,"complex float32 (IEEE-754 binary32 real and imaginary parts; forward transform, unscaled)",,,697,,,,,,,,,,,,,,,,,,,,,,"opt 25 s, phys_opt 5 s; 0 failing of 35124 endpoints; WHS 0.039 ns; routable nets 27142, routing errors 0",,,,,,,,,,,,,,,,,,,,,,,,,,,,,,,,,,,,,,,,,,"ap_memory dataIn/dataOut (complex<float>[N] arrays, 64-bit words); ap_ctrl_hs",,1024,original_C_style,"natural-order input, natural-order output (DIT with bit-reversal reorder stage)",,,,,,this_agent,,,,,,,,,,,,,,,,,,,,,,,,,,,,,,,,,,,,,,,,,,,,
e2_fft/hpfft,E2,hpfft-derived_n128_UF1_cosim,E2,"HP-FFT (derived size, see README)",128-point radix-2 complex FFT; 33 transforms streamed back-to-back through one FFT_TOP,,,cosim,300,ok,True,679,742,,,,,,,,,,,,51,,,,,,,,,"hpfft/reports/hpfft-derived_n128_UF1_cosim,hpfft/validation/hpfft-derived_n128_UF1_cosim",,"complex float32 (IEEE-754 binary32 real and imaginary parts; forward transform, unscaled)",,76.0,,,,,,,,,,,,,,,,,,133,,,,,"steady interval = mean of the last 24 completion-to-completion distances (median 76.0, min 74, max 78); 32/33 transforms completed: the last transform fed is never flushed without a following transform (top-level ap_done never fires, HLS 200-656); intervals over the completed ones; batch of 32 transforms complete at cycle 3096 after the first input beat; ap_done pulses 32; input stall cycles in transform 0: 0; per seed: seed 0: pass (11 transforms, max abs err 2.87e-06), seed 1: pass (11 transforms, max abs err 3.15e-06), seed 2: pass (10 transforms, max abs err 3.23e-06); unchecked transforms [32]; RTL outputs read from the out_r port handshakes in the VCD",,,,,,,,,,,,,,,,,,,,,,,,,,,,,,,,,,,,,,,,,33,"ap_fifo in/out: hls::stream<hls::vector<complex<float>,2>>, 128-bit data each way = 2 complex float32 samples per beat, 64 beats per transform; block control ap_ctrl_hs",1,128,UF1,"natural-order input, natural-order output (DIT with bit-reversal reorder stage)","numpy.random.RandomState seeds 0/1/2, re,im ~ U[-1,1) float32; 33 transforms = 11 per seed","0,1,2",32,3.227e-06,1.473e-07,this_agent,,,,,,,,,,,,,,,,,,,,,,,,,,,,,,,,,,,,,,,,,,,,
e2_fft/hpfft,E2,hpfft-derived_n128_UF1_cosim_lcg,E2,"HP-FFT (derived size, see README)",128-point radix-2 complex FFT; 32 transforms streamed back-to-back through one FFT_TOP,,,cosim,300,ok,True,679,742,,,,,,,,,,,,47,,,,,,,,,"hpfft/reports/hpfft-derived_n128_UF1_cosim_lcg,hpfft/validation/hpfft-derived_n128_UF1_cosim_lcg",,"complex float32 (IEEE-754 binary32 real and imaginary parts; forward transform, unscaled)",,76.1,,,,,,,,,,,,,,,,,,185,,,,,"steady interval = mean of the last 23 completion-to-completion distances (median 78, min 74, max 78); 31/32 transforms completed: the last transform fed is never flushed without a following transform (top-level ap_done never fires, HLS 200-656); intervals over the completed ones; batch of 31 transforms complete at cycle 3022 after the first input beat; ap_done pulses 31; input stall cycles in transform 0: 0; 31 transforms checked; RTL outputs read from the out_r port handshakes in the VCD",,,,,,,,,,,,,,,,,,,,,,,,,,,,,,,,,,,,,,,,,32,"ap_fifo in/out: hls::stream<hls::vector<complex<float>,2>>, 128-bit data each way = 2 complex float32 samples per beat, 64 beats per transform; block control ap_ctrl_hs",1,128,UF1,"natural-order input, natural-order output (DIT with bit-reversal reorder stage)","transform 0 = HP-FFT shipped test signal, transforms 1..31 = LCG(0x12345678) U[-1,1)",,31,4.446e-06,1.444e-07,previous_agent,,,,,,,,,,,,,,,,,,,,,,,,,,,,,,,,,,,,,,,,,,,,
e2_fft/hpfft,E2,hpfft-derived_n128_UF1_pnr,E2,"HP-FFT (derived size, see README)","128-point radix-2 complex FFT (one FFT_TOP instance, out-of-context)",,,pnr_ooc,300,ok,,,,,19874,19159,60,68,32,4,0,0.313,0.0,,47,,,275,268,73,0,,,hpfft/reports/hpfft-derived_n128_UF1_pnr,,"complex float32 (IEEE-754 binary32 real and imaginary parts; forward transform, unscaled)",,,683,,,,,,,,,,,,,,,,,,,,,,"opt 21 s, phys_opt 4 s; 0 failing of 48342 endpoints; WHS 0.04 ns; routable nets 39892, routing errors 0",,,,,,,,,,,,,,,,,,,,,,,,,,,,,,,,,,,,,,,,,,"ap_fifo in/out: hls::stream<hls::vector<complex<float>,2>>, 128-bit data each way = 2 complex float32 samples per beat, 64 beats per transform; block control ap_ctrl_hs",1,128,UF1,"natural-order input, natural-order output (DIT with bit-reversal reorder stage)",,,,,,this_agent,,,,,,,,,,,,,,,,,,,,,,,,,,,,,,,,,,,,,,,,,,,,
e2_fft/hpfft,E2,hpfft-derived_n128_UF16_cosim,E2,"HP-FFT (derived size, see README)",128-point radix-2 complex FFT,,,cosim,300,not_run,,,,,,,,,,,,,,,,,,,,,,,,,RTL cosimulation not run (optional extra: the previous agent's queue did not reach it and it was not re-queued; csynth row in hls_estimates.csv),"complex float32 (IEEE-754 binary32 real and imaginary parts; forward transform, unscaled)",,,,,,,,,,,,,,,,,,,,,,,,,,,,,,,,,,,,,,,,,,,,,,,,,,,,,,,,,,,,,,,,,,,"ap_fifo in/out: hls::stream<hls::vector<complex<float>,32>>, 2048-bit data each way = 32 complex float32 samples per beat, 4 beats per transform; block control ap_ctrl_hs",16,128,UF16,"natural-order input, natural-order output (DIT with bit-reversal reorder stage)",,,,,,,,,,,,,,,,,,,,,,,,,,,,,,,,,,,,,,,,,,,,,,,,,,
e2_fft/hpfft,E2,hpfft-derived_n128_UF16_pnr,E2,"HP-FFT (derived size, see README)","128-point radix-2 complex FFT (one FFT_TOP instance, out-of-context)",,,pnr_ooc,300,not_run,,,,,,,,,,,,,,,195,,,,,,,,,,"P&R deferred: optional extra, HLS estimate 226457 LUTs; an OOC P&R of that size takes hours on the shared machine (queue job 035_pnr_n128_UF16 in queue_pnr/deferred)","complex float32 (IEEE-754 binary32 real and imaginary parts; forward transform, unscaled)",,,,,,,,,,,,,,,,,,,,,,,,,,,,,,,,,,,,,,,,,,,,,,,,,,,,,,,,,,,,,,,,,,,"ap_fifo in/out: hls::stream<hls::vector<complex<float>,32>>, 2048-bit data each way = 32 complex float32 samples per beat, 4 beats per transform; block control ap_ctrl_hs",16,128,UF16,"natural-order input, natural-order output (DIT with bit-reversal reorder stage)",,,,,,,,,,,,,,,,,,,,,,,,,,,,,,,,,,,,,,,,,,,,,,,,,,
e2_fft/hpfft,E2,hpfft-derived_n128_UF2_cosim,E2,"HP-FFT (derived size, see README)",128-point radix-2 complex FFT; 32 transforms streamed back-to-back through one FFT_TOP,,,cosim,300,ok,True,365,396,,,,,,,,,,,,52,,,,,,,,,"hpfft/reports/hpfft-derived_n128_UF2_cosim,hpfft/validation/hpfft-derived_n128_UF2_cosim",,"complex float32 (IEEE-754 binary32 real and imaginary parts; forward transform, unscaled)",,42.5,,,,,,,,,,,,,,,,,,167,,,,,"steady interval = mean of the last 23 completion-to-completion distances (median 43, min 42, max 43); 31/32 transforms completed: the last transform fed is never flushed without a following transform (top-level ap_done never fires, HLS 200-656); intervals over the completed ones; batch of 31 transforms complete at cycle 1671 after the first input beat; ap_done pulses 31; input stall cycles in transform 0: 0; 31 transforms checked; RTL outputs read from the out_r port handshakes in the VCD",,,,,,,,,,,,,,,,,,,,,,,,,,,,,,,,,,,,,,,,,32,"ap_fifo in/out: hls::stream<hls::vector<complex<float>,4>>, 256-bit data each way = 4 complex float32 samples per beat, 32 beats per transform; block control ap_ctrl_hs",2,128,UF2,"natural-order input, natural-order output (DIT with bit-reversal reorder stage)","transform 0 = HP-FFT shipped test signal, transforms 1..31 = LCG(0x12345678) U[-1,1)",,31,4.446e-06,1.444e-07,previous_agent,,,,,,,,,,,,,,,,,,,,,,,,,,,,,,,,,,,,,,,,,,,,
e2_fft/hpfft,E2,hpfft-derived_n128_UF2_pnr,E2,"HP-FFT (derived size, see README)","128-point radix-2 complex FFT (one FFT_TOP instance, out-of-context)",,,pnr_ooc,300,ok,,,,,37961,32740,108,84,40,4,0,0.32,0.0,,52,,,333,333,133,0,,,hpfft/reports/hpfft-derived_n128_UF2_pnr,,"complex float32 (IEEE-754 binary32 real and imaginary parts; forward transform, unscaled)",,,897,,,,,,,,,,,,,,,,,,,,,,"opt 36 s, phys_opt 8 s; 0 failing of 77746 endpoints; WHS 0.007 ns; routable nets 73382, routing errors 0",,,,,,,,,,,,,,,,,,,,,,,,,,,,,,,,,,,,,,,,,,"ap_fifo in/out: hls::stream<hls::vector<complex<float>,4>>, 256-bit data each way = 4 complex float32 samples per beat, 32 beats per transform; block control ap_ctrl_hs",2,128,UF2,"natural-order input, natural-order output (DIT with bit-reversal reorder stage)",,,,,,this_agent,,,,,,,,,,,,,,,,,,,,,,,,,,,,,,,,,,,,,,,,,,,,
e2_fft/hpfft,E2,hpfft-derived_n128_UF32_cosim,E2,"HP-FFT (derived size, see README)",128-point radix-2 complex FFT,,,cosim,300,not_run,,,,,,,,,,,,,,,,,,,,,,,,,RTL cosimulation not run (optional extra: the previous agent's queue did not reach it and it was not re-queued; csynth row in hls_estimates.csv),"complex float32 (IEEE-754 binary32 real and imaginary parts; forward transform, unscaled)",,,,,,,,,,,,,,,,,,,,,,,,,,,,,,,,,,,,,,,,,,,,,,,,,,,,,,,,,,,,,,,,,,,"ap_fifo in/out: hls::stream<hls::vector<complex<float>,64>>, 4096-bit data each way = 64 complex float32 samples per beat, 2 beats per transform; block control ap_ctrl_hs",32,128,UF32,"natural-order input, natural-order output (DIT with bit-reversal reorder stage)",,,,,,,,,,,,,,,,,,,,,,,,,,,,,,,,,,,,,,,,,,,,,,,,,,
e2_fft/hpfft,E2,hpfft-derived_n128_UF32_pnr,E2,"HP-FFT (derived size, see README)","128-point radix-2 complex FFT (one FFT_TOP instance, out-of-context)",,,pnr_ooc,300,not_run,,,,,,,,,,,,,,,476,,,,,,,,,,"P&R deferred: optional extra, HLS estimate 502571 LUTs; an OOC P&R of that size takes hours on the shared machine (queue job 037_pnr_n128_UF32 in queue_pnr/deferred)","complex float32 (IEEE-754 binary32 real and imaginary parts; forward transform, unscaled)",,,,,,,,,,,,,,,,,,,,,,,,,,,,,,,,,,,,,,,,,,,,,,,,,,,,,,,,,,,,,,,,,,,"ap_fifo in/out: hls::stream<hls::vector<complex<float>,64>>, 4096-bit data each way = 64 complex float32 samples per beat, 2 beats per transform; block control ap_ctrl_hs",32,128,UF32,"natural-order input, natural-order output (DIT with bit-reversal reorder stage)",,,,,,,,,,,,,,,,,,,,,,,,,,,,,,,,,,,,,,,,,,,,,,,,,,
e2_fft/hpfft,E2,hpfft-derived_n128_UF4_cosim,E2,"HP-FFT (derived size, see README)",128-point radix-2 complex FFT; 32 transforms streamed back-to-back through one FFT_TOP,,,cosim,300,ok,True,428,443,,,,,,,,,,,,65,,,,,,,,,"hpfft/reports/hpfft-derived_n128_UF4_cosim,hpfft/validation/hpfft-derived_n128_UF4_cosim",,"complex float32 (IEEE-754 binary32 real and imaginary parts; forward transform, unscaled)",,208.0,,,,,,,,,,,,,,,,,,185,,,,,"steady interval = mean of the last 23 completion-to-completion distances (median 208, min 208, max 208); 31/32 transforms completed: the last transform fed is never flushed without a following transform (top-level ap_done never fires, HLS 200-656); intervals over the completed ones; batch of 31 transforms complete at cycle 6683 after the first input beat; ap_done pulses 31; input stall cycles in transform 0: 0; 31 transforms checked; RTL outputs read from the out_r port handshakes in the VCD",,,,,,,,,,,,,,,,,,,,,,,,,,,,,,,,,,,,,,,,,32,"ap_fifo in/out: hls::stream<hls::vector<complex<float>,8>>, 512-bit data each way = 8 complex float32 samples per beat, 16 beats per transform; block control ap_ctrl_hs",4,128,UF4,"natural-order input, natural-order output (DIT with bit-reversal reorder stage)","transform 0 = HP-FFT shipped test signal, transforms 1..31 = LCG(0x12345678) U[-1,1)",,31,4.446e-06,1.444e-07,previous_agent,,,,,,,,,,,,,,,,,,,,,,,,,,,,,,,,,,,,,,,,,,,,
e2_fft/hpfft,E2,hpfft-derived_n128_UF4_pnr,E2,"HP-FFT (derived size, see README)","128-point radix-2 complex FFT (one FFT_TOP instance, out-of-context)",,,pnr_ooc,300,ok,,,,,74063,59111,198,256,128,0,0,0.129,0.0,,65,,,525,576,236,0,,,hpfft/reports/hpfft-derived_n128_UF4_pnr,,"complex float32 (IEEE-754 binary32 real and imaginary parts; forward transform, unscaled)",,,1503,,,,,,,,,,,,,,,,,,,,,,"opt 70 s, phys_opt 16 s; 0 failing of 141662 endpoints; WHS 0.019 ns; routable nets 140483, routing errors 0",,,,,,,,,,,,,,,,,,,,,,,,,,,,,,,,,,,,,,,,,,"ap_fifo in/out: hls::stream<hls::vector<complex<float>,8>>, 512-bit data each way = 8 complex float32 samples per beat, 16 beats per transform; block control ap_ctrl_hs",4,128,UF4,"natural-order input, natural-order output (DIT with bit-reversal reorder stage)",,,,,,this_agent,,,,,,,,,,,,,,,,,,,,,,,,,,,,,,,,,,,,,,,,,,,,
e2_fft/hpfft,E2,hpfft-derived_n128_UF8_cosim,E2,"HP-FFT (derived size, see README)",128-point radix-2 complex FFT; 32 transforms streamed back-to-back through one FFT_TOP,,,cosim,300,ok,True,177,184,,,,,,,,,,,,105,,,,,,,,,"hpfft/reports/hpfft-derived_n128_UF8_cosim,hpfft/validation/hpfft-derived_n128_UF8_cosim",,"complex float32 (IEEE-754 binary32 real and imaginary parts; forward transform, unscaled)",,33.0,,,,,,,,,,,,,,,,,,236,,,,,"steady interval = mean of the last 23 completion-to-completion distances (median 33, min 33, max 33); 31/32 transforms completed: the last transform fed is never flushed without a following transform (top-level ap_done never fires, HLS 200-656); intervals over the completed ones; batch of 31 transforms complete at cycle 1174 after the first input beat; ap_done pulses 31; input stall cycles in transform 0: 0; 31 transforms checked; RTL outputs read from the out_r port handshakes in the VCD",,,,,,,,,,,,,,,,,,,,,,,,,,,,,,,,,,,,,,,,,32,"ap_fifo in/out: hls::stream<hls::vector<complex<float>,16>>, 1024-bit data each way = 16 complex float32 samples per beat, 8 beats per transform; block control ap_ctrl_hs",8,128,UF8,"natural-order input, natural-order output (DIT with bit-reversal reorder stage)","transform 0 = HP-FFT shipped test signal, transforms 1..31 = LCG(0x12345678) U[-1,1)",,31,4.446e-06,1.444e-07,previous_agent,,,,,,,,,,,,,,,,,,,,,,,,,,,,,,,,,,,,,,,,,,,,
e2_fft/hpfft,E2,hpfft-derived_n128_UF8_pnr,E2,"HP-FFT (derived size, see README)","128-point radix-2 complex FFT (one FFT_TOP instance, out-of-context)",,,pnr_ooc,300,ok,,,,,135536,113586,327,128,64,0,0,0.059,0.0,,105,,,774,948,504,0,,,hpfft/reports/hpfft-derived_n128_UF8_pnr,,"complex float32 (IEEE-754 binary32 real and imaginary parts; forward transform, unscaled)",,,2478,,,,,,,,,,,,,,,,,,,,,,"opt 102 s, phys_opt 32 s; 0 failing of 262658 endpoints; WHS 0.006 ns; routable nets 255472, routing errors 0",,,,,,,,,,,,,,,,,,,,,,,,,,,,,,,,,,,,,,,,,,"ap_fifo in/out: hls::stream<hls::vector<complex<float>,16>>, 1024-bit data each way = 16 complex float32 samples per beat, 8 beats per transform; block control ap_ctrl_hs",8,128,UF8,"natural-order input, natural-order output (DIT with bit-reversal reorder stage)",,,,,,this_agent,,,,,,,,,,,,,,,,,,,,,,,,,,,,,,,,,,,,,,,,,,,,
e2_fft/hpfft,E2,hpfft-derived_n128_no_StagePipeline_cosim,E2,"HP-FFT (derived size, see README)",128-point radix-2 complex FFT,,,cosim,300,not_run,,,,,,,,,,,,,,,,,,,,,,,,,RTL cosimulation not run (optional extra: the previous agent's queue did not reach it and it was not re-queued; csynth row in hls_estimates.csv),"complex float32 (IEEE-754 binary32 real and imaginary parts; forward transform, unscaled)",,,,,,,,,,,,,,,,,,,,,,,,,,,,,,,,,,,,,,,,,,,,,,,,,,,,,,,,,,,,,,,,,,,"ap_memory dataIn/dataOut (complex<float>[N] arrays, 64-bit words, 2 ports each); ap_ctrl_hs",,128,no_StagePipeline,"natural-order input, natural-order output (DIT with bit-reversal reorder stage)",,,,,,,,,,,,,,,,,,,,,,,,,,,,,,,,,,,,,,,,,,,,,,,,,,
e2_fft/hpfft,E2,hpfft-derived_n128_no_StagePipeline_pnr,E2,"HP-FFT (derived size, see README)","128-point radix-2 complex FFT (one FFT_TOP instance, out-of-context)",,,pnr_ooc,300,not_run,,,,,,,,,,,,,,,40,,,,,,,,,,"P&R deferred: optional extra, HLS estimate 3368 LUTs; an OOC P&R of that size takes hours on the shared machine (queue job 031_pnr_n128_no_StagePipeline in queue_pnr/deferred)","complex float32 (IEEE-754 binary32 real and imaginary parts; forward transform, unscaled)",,,,,,,,,,,,,,,,,,,,,,,,,,,,,,,,,,,,,,,,,,,,,,,,,,,,,,,,,,,,,,,,,,,"ap_memory dataIn/dataOut (complex<float>[N] arrays, 64-bit words, 2 ports each); ap_ctrl_hs",,128,no_StagePipeline,"natural-order input, natural-order output (DIT with bit-reversal reorder stage)",,,,,,,,,,,,,,,,,,,,,,,,,,,,,,,,,,,,,,,,,,,,,,,,,,
e2_fft/hpfft,E2,hpfft-derived_n128_original_C_style_cosim,E2,"HP-FFT (derived size, see README)",128-point radix-2 complex FFT,,,cosim,300,not_run,,,,,,,,,,,,,,,,,,,,,,,,,RTL cosimulation not run (optional extra: the previous agent's queue did not reach it and it was not re-queued; csynth row in hls_estimates.csv),"complex float32 (IEEE-754 binary32 real and imaginary parts; forward transform, unscaled)",,,,,,,,,,,,,,,,,,,,,,,,,,,,,,,,,,,,,,,,,,,,,,,,,,,,,,,,,,,,,,,,,,,"ap_memory dataIn/dataOut (complex<float>[N] arrays, 64-bit words); ap_ctrl_hs",,128,original_C_style,"natural-order input, natural-order output (DIT with bit-reversal reorder stage)",,,,,,,,,,,,,,,,,,,,,,,,,,,,,,,,,,,,,,,,,,,,,,,,,,
e2_fft/hpfft,E2,hpfft-derived_n128_original_C_style_pnr,E2,"HP-FFT (derived size, see README)","128-point radix-2 complex FFT (one FFT_TOP instance, out-of-context)",,,pnr_ooc,300,not_run,,,,,,,,,,,,,,,40,,,,,,,,,,"P&R deferred: optional extra, HLS estimate 19853 LUTs; an OOC P&R of that size takes hours on the shared machine (queue job 032_pnr_n128_original_C_style in queue_pnr/deferred)","complex float32 (IEEE-754 binary32 real and imaginary parts; forward transform, unscaled)",,,,,,,,,,,,,,,,,,,,,,,,,,,,,,,,,,,,,,,,,,,,,,,,,,,,,,,,,,,,,,,,,,,"ap_memory dataIn/dataOut (complex<float>[N] arrays, 64-bit words); ap_ctrl_hs",,128,original_C_style,"natural-order input, natural-order output (DIT with bit-reversal reorder stage)",,,,,,,,,,,,,,,,,,,,,,,,,,,,,,,,,,,,,,,,,,,,,,,,,,
e2_fft/hpfft,E2,hpfft_n256_UF1_cosim,E2,HP-FFT,256-point radix-2 complex FFT; 33 transforms streamed back-to-back through one FFT_TOP,,,cosim,300,ok,True,1400,1527,,,,,,,,,,,,62,,,,,,,,,"hpfft/reports/hpfft_n256_UF1_cosim,hpfft/validation/hpfft_n256_UF1_cosim",,"complex float32 (IEEE-754 binary32 real and imaginary parts; forward transform, unscaled)",,140.5,,,,,,,,,,,,,,,,,,223,,,,,"steady interval = mean of the last 24 completion-to-completion distances (median 140.5, min 138, max 143); 32/33 transforms completed: the last transform fed is never flushed without a following transform (top-level ap_done never fires, HLS 200-656); intervals over the completed ones; batch of 32 transforms complete at cycle 5880 after the first input beat; ap_done pulses 32; input stall cycles in transform 0: 0; per seed: seed 0: pass (11 transforms, max abs err 5.37e-06), seed 1: pass (11 transforms, max abs err 4.07e-06), seed 2: pass (10 transforms, max abs err 4.98e-06); unchecked transforms [32]; RTL outputs read from the out_r port handshakes in the VCD",,,,,,,,,,,,,,,,,,,,,,,,,,,,,,,,,,,,,,,,,33,"ap_fifo in/out: hls::stream<hls::vector<complex<float>,2>>, 128-bit data each way = 2 complex float32 samples per beat, 128 beats per transform; block control ap_ctrl_hs",1,256,UF1,"natural-order input, natural-order output (DIT with bit-reversal reorder stage)","numpy.random.RandomState seeds 0/1/2, re,im ~ U[-1,1) float32; 33 transforms = 11 per seed","0,1,2",32,5.372e-06,1.845e-07,this_agent,,,,,,,,,,,,,,,,,,,,,,,,,,,,,,,,,,,,,,,,,,,,
e2_fft/hpfft,E2,hpfft_n256_UF1_cosim_lcg,E2,HP-FFT,256-point radix-2 complex FFT; 32 transforms streamed back-to-back through one FFT_TOP,,,cosim,300,ok,True,1400,1527,,,,,,,,,,,,47,,,,,,,,,"hpfft/reports/hpfft_n256_UF1_cosim_lcg,hpfft/validation/hpfft_n256_UF1_cosim_lcg",,"complex float32 (IEEE-754 binary32 real and imaginary parts; forward transform, unscaled)",,140.6,,,,,,,,,,,,,,,,,,255,,,,,"steady interval = mean of the last 23 completion-to-completion distances (median 143, min 138, max 143); 31/32 transforms completed: the last transform fed is never flushed without a following transform (top-level ap_done never fires, HLS 200-656); intervals over the completed ones; batch of 31 transforms complete at cycle 5742 after the first input beat; ap_done pulses 31; input stall cycles in transform 0: 0; 31 transforms checked; RTL outputs read from the out_r port handshakes in the VCD",,,,,,,,,,,,,,,,,,,,,,,,,,,,,,,,,,,,,,,,,32,"ap_fifo in/out: hls::stream<hls::vector<complex<float>,2>>, 128-bit data each way = 2 complex float32 samples per beat, 128 beats per transform; block control ap_ctrl_hs",1,256,UF1,"natural-order input, natural-order output (DIT with bit-reversal reorder stage)","transform 0 = HP-FFT shipped test signal, transforms 1..31 = LCG(0x12345678) U[-1,1)",,31,1.329e-05,1.949e-07,previous_agent,,,,,,,,,,,,,,,,,,,,,,,,,,,,,,,,,,,,,,,,,,,,
e2_fft/hpfft,E2,hpfft_n256_UF1_pnr,E2,HP-FFT,"256-point radix-2 complex FFT (one FFT_TOP instance, out-of-context)",,,pnr_ooc,300,ok,,,,,22403,22244,72,82,36,10,0,0.283,0.0,,47,,,328,302,99,0,,,hpfft/reports/hpfft_n256_UF1_pnr,,"complex float32 (IEEE-754 binary32 real and imaginary parts; forward transform, unscaled)",,,819,,,,,,,,,,,,,,,,,,,,,,"opt 34 s, phys_opt 6 s; 0 failing of 53806 endpoints; WHS 0.039 ns; routable nets 46551, routing errors 0",,,,,,,,,,,,,,,,,,,,,,,,,,,,,,,,,,,,,,,,,,"ap_fifo in/out: hls::stream<hls::vector<complex<float>,2>>, 128-bit data each way = 2 complex float32 samples per beat, 128 beats per transform; block control ap_ctrl_hs",1,256,UF1,"natural-order input, natural-order output (DIT with bit-reversal reorder stage)",,,,,,previous_agent,,,,,,,,,,,,,,,,,,,,,,,,,,,,,,,,,,,,,,,,,,,,
e2_fft/hpfft,E2,hpfft_n256_UF16_cosim,E2,HP-FFT,256-point radix-2 complex FFT; 32 transforms streamed back-to-back through one FFT_TOP,,,cosim,300,ok,True,219,226,,,,,,,,,,,,227,,,,,,,,,"hpfft/reports/hpfft_n256_UF16_cosim,hpfft/validation/hpfft_n256_UF16_cosim",,"complex float32 (IEEE-754 binary32 real and imaginary parts; forward transform, unscaled)",,50.0,,,,,,,,,,,,,,,,,,479,,,,,"steady interval = mean of the last 23 completion-to-completion distances (median 50, min 50, max 50); 31/32 transforms completed: the last transform fed is never flushed without a following transform (top-level ap_done never fires, HLS 200-656); intervals over the completed ones; batch of 31 transforms complete at cycle 1726 after the first input beat; ap_done pulses 31; input stall cycles in transform 0: 0; 31 transforms checked; RTL outputs read from the out_r port handshakes in the VCD",,,,,,,,,,,,,,,,,,,,,,,,,,,,,,,,,,,,,,,,,32,"ap_fifo in/out: hls::stream<hls::vector<complex<float>,32>>, 2048-bit data each way = 32 complex float32 samples per beat, 8 beats per transform; block control ap_ctrl_hs",16,256,UF16,"natural-order input, natural-order output (DIT with bit-reversal reorder stage)","transform 0 = HP-FFT shipped test signal, transforms 1..31 = LCG(0x12345678) U[-1,1)",,31,1.329e-05,1.949e-07,previous_agent,,,,,,,,,,,,,,,,,,,,,,,,,,,,,,,,,,,,,,,,,,,,
e2_fft/hpfft,E2,hpfft_n256_UF16_pnr,E2,HP-FFT,"256-point radix-2 complex FFT (one FFT_TOP instance, out-of-context)",,,pnr_ooc,300,not_run,,,,,,,,,,,,,,,227,,,,,,,,,,"P&R deferred: optional extra, HLS estimate 269798 LUTs; an OOC P&R of that size takes hours on the shared machine (queue job 029_pnr_n256_UF16 in queue_pnr/deferred)","complex float32 (IEEE-754 binary32 real and imaginary parts; forward transform, unscaled)",,,,,,,,,,,,,,,,,,,,,,,,,,,,,,,,,,,,,,,,,,,,,,,,,,,,,,,,,,,,,,,,,,,"ap_fifo in/out: hls::stream<hls::vector<complex<float>,32>>, 2048-bit data each way = 32 complex float32 samples per beat, 8 beats per transform; block control ap_ctrl_hs",16,256,UF16,"natural-order input, natural-order output (DIT with bit-reversal reorder stage)",,,,,,,,,,,,,,,,,,,,,,,,,,,,,,,,,,,,,,,,,,,,,,,,,,
e2_fft/hpfft,E2,hpfft_n256_UF1_nt33_cosim,E2,HP-FFT,256-point radix-2 complex FFT; 33 transforms streamed back-to-back through one FFT_TOP,,,cosim,300,ok,True,1400,1527,,,,,,,,,,,,96,,,,,,,,,"hpfft/reports/hpfft_n256_UF1_nt33_cosim,hpfft/validation/hpfft_n256_UF1_nt33_cosim",,"complex float32 (IEEE-754 binary32 real and imaginary parts; forward transform, unscaled)",,140.5,,,,,,,,,,,,,,,,,,333,,,,,"steady interval = mean of the last 24 completion-to-completion distances (median 140.5, min 138, max 143); 32/33 transforms completed: the last transform fed is never flushed without a following transform (top-level ap_done never fires, HLS 200-656); intervals over the completed ones; batch of 32 transforms complete at cycle 5880 after the first input beat; ap_done pulses 32; input stall cycles in transform 0: 0; 32 transforms checked; RTL outputs read from the out_r port handshakes in the VCD",,,,,,,,,,,,,,,,,,,,,,,,,,,,,,,,,,,,,,,,,33,"ap_fifo in/out: hls::stream<hls::vector<complex<float>,2>>, 128-bit data each way = 2 complex float32 samples per beat, 128 beats per transform; block control ap_ctrl_hs",1,256,UF1 (control run: 33 transforms fed),"natural-order input, natural-order output (DIT with bit-reversal reorder stage)","transform 0 = HP-FFT shipped test signal, transforms 1..32 = LCG(0x12345678) U[-1,1)",,32,1.329e-05,1.949e-07,previous_agent,,,,,,,,,,,,,,,,,,,,,,,,,,,,,,,,,,,,,,,,,,,,
e2_fft/hpfft,E2,hpfft_n256_UF2_cosim,E2,HP-FFT,256-point radix-2 complex FFT; 33 transforms streamed back-to-back through one FFT_TOP,,,cosim,300,ok,True,703,766,,,,,,,,,,,,76,,,,,,,,,"hpfft/reports/hpfft_n256_UF2_cosim,hpfft/validation/hpfft_n256_UF2_cosim",,"complex float32 (IEEE-754 binary32 real and imaginary parts; forward transform, unscaled)",,74.5,,,,,,,,,,,,,,,,,,212,,,,,"steady interval = mean of the last 24 completion-to-completion distances (median 74.5, min 74, max 75); 32/33 transforms completed: the last transform fed is never flushed without a following transform (top-level ap_done never fires, HLS 200-656); intervals over the completed ones; batch of 32 transforms complete at cycle 3075 after the first input beat; ap_done pulses 32; input stall cycles in transform 0: 0; per seed: seed 0: pass (11 transforms, max abs err 5.37e-06), seed 1: pass (11 transforms, max abs err 4.07e-06), seed 2: pass (10 transforms, max abs err 4.98e-06); unchecked transforms [32]; RTL outputs read from the out_r port handshakes in the VCD",,,,,,,,,,,,,,,,,,,,,,,,,,,,,,,,,,,,,,,,,33,"ap_fifo in/out: hls::stream<hls::vector<complex<float>,4>>, 256-bit data each way = 4 complex float32 samples per beat, 64 beats per transform; block control ap_ctrl_hs",2,256,UF2,"natural-order input, natural-order output (DIT with bit-reversal reorder stage)","numpy.random.RandomState seeds 0/1/2, re,im ~ U[-1,1) float32; 33 transforms = 11 per seed","0,1,2",32,5.372e-06,1.845e-07,this_agent,,,,,,,,,,,,,,,,,,,,,,,,,,,,,,,,,,,,,,,,,,,,
e2_fft/hpfft,E2,hpfft_n256_UF2_cosim_lcg,E2,HP-FFT,256-point radix-2 complex FFT; 32 transforms streamed back-to-back through one FFT_TOP,,,cosim,300,ok,True,703,766,,,,,,,,,,,,55,,,,,,,,,"hpfft/reports/hpfft_n256_UF2_cosim_lcg,hpfft/validation/hpfft_n256_UF2_cosim_lcg",,"complex float32 (IEEE-754 binary32 real and imaginary parts; forward transform, unscaled)",,74.5,,,,,,,,,,,,,,,,,,294,,,,,"steady interval = mean of the last 23 completion-to-completion distances (median 75, min 74, max 75); 31/32 transforms completed: the last transform fed is never flushed without a following transform (top-level ap_done never fires, HLS 200-656); intervals over the completed ones; batch of 31 transforms complete at cycle 3001 after the first input beat; ap_done pulses 31; input stall cycles in transform 0: 0; 31 transforms checked; RTL outputs read from the out_r port handshakes in the VCD",,,,,,,,,,,,,,,,,,,,,,,,,,,,,,,,,,,,,,,,,32,"ap_fifo in/out: hls::stream<hls::vector<complex<float>,4>>, 256-bit data each way = 4 complex float32 samples per beat, 64 beats per transform; block control ap_ctrl_hs",2,256,UF2,"natural-order input, natural-order output (DIT with bit-reversal reorder stage)","transform 0 = HP-FFT shipped test signal, transforms 1..31 = LCG(0x12345678) U[-1,1)",,31,1.329e-05,1.949e-07,previous_agent,,,,,,,,,,,,,,,,,,,,,,,,,,,,,,,,,,,,,,,,,,,,
e2_fft/hpfft,E2,hpfft_n256_UF2_pnr,E2,HP-FFT,"256-point radix-2 complex FFT (one FFT_TOP instance, out-of-context)",,,pnr_ooc,300,ok,,,,,45482,37809,132,104,48,8,0,0.317,0.0,,55,,,427,702,516,0,,,hpfft/reports/hpfft_n256_UF2_pnr,,"complex float32 (IEEE-754 binary32 real and imaginary parts; forward transform, unscaled)",,,1825,,,,,,,,,,,,,,,,,,,,,,"opt 60 s, phys_opt 20 s; 0 failing of 93597 endpoints; WHS 0.006 ns; routable nets 86602, routing errors 0",,,,,,,,,,,,,,,,,,,,,,,,,,,,,,,,,,,,,,,,,,"ap_fifo in/out: hls::stream<hls::vector<complex<float>,4>>, 256-bit data each way = 4 complex float32 samples per beat, 64 beats per transform; block control ap_ctrl_hs",2,256,UF2,"natural-order input, natural-order output (DIT with bit-reversal reorder stage)",,,,,,previous_agent,,,,,,,,,,,,,,,,,,,,,,,,,,,,,,,,,,,,,,,,,,,,
e2_fft/hpfft,E2,hpfft_n256_UF32_cosim,E2,HP-FFT,256-point radix-2 complex FFT,,,cosim,300,not_run,,,,,,,,,,,,,,,,,,,,,,,,,RTL cosimulation not run (optional extra: the previous agent's queue did not reach it and it was not re-queued; csynth row in hls_estimates.csv),"complex float32 (IEEE-754 binary32 real and imaginary parts; forward transform, unscaled)",,,,,,,,,,,,,,,,,,,,,,,,,,,,,,,,,,,,,,,,,,,,,,,,,,,,,,,,,,,,,,,,,,,"ap_fifo in/out: hls::stream<hls::vector<complex<float>,64>>, 4096-bit data each way = 64 complex float32 samples per beat, 4 beats per transform; block control ap_ctrl_hs",32,256,UF32,"natural-order input, natural-order output (DIT with bit-reversal reorder stage)",,,,,,,,,,,,,,,,,,,,,,,,,,,,,,,,,,,,,,,,,,,,,,,,,,
e2_fft/hpfft,E2,hpfft_n256_UF32_pnr,E2,HP-FFT,"256-point radix-2 complex FFT (one FFT_TOP instance, out-of-context)",,,pnr_ooc,300,not_run,,,,,,,,,,,,,,,777,,,,,,,,,,"P&R deferred: optional extra, HLS estimate 532643 LUTs; an OOC P&R of that size takes hours on the shared machine (queue job 038_pnr_n256_UF32 in queue_pnr/deferred)","complex float32 (IEEE-754 binary32 real and imaginary parts; forward transform, unscaled)",,,,,,,,,,,,,,,,,,,,,,,,,,,,,,,,,,,,,,,,,,,,,,,,,,,,,,,,,,,,,,,,,,,"ap_fifo in/out: hls::stream<hls::vector<complex<float>,64>>, 4096-bit data each way = 64 complex float32 samples per beat, 4 beats per transform; block control ap_ctrl_hs",32,256,UF32,"natural-order input, natural-order output (DIT with bit-reversal reorder stage)",,,,,,,,,,,,,,,,,,,,,,,,,,,,,,,,,,,,,,,,,,,,,,,,,,
e2_fft/hpfft,E2,hpfft_n256_UF4_cosim,E2,HP-FFT,256-point radix-2 complex FFT; 33 transforms streamed back-to-back through one FFT_TOP,,,cosim,300,ok,True,782,813,,,,,,,,,,,,73,,,,,,,,,"hpfft/reports/hpfft_n256_UF4_cosim,hpfft/validation/hpfft_n256_UF4_cosim",,"complex float32 (IEEE-754 binary32 real and imaginary parts; forward transform, unscaled)",,400.0,,,,,,,,,,,,,,,,,,249,,,,,"steady interval = mean of the last 24 completion-to-completion distances (median 400.0, min 400, max 400); 32/33 transforms completed: the last transform fed is never flushed without a following transform (top-level ap_done never fires, HLS 200-656); intervals over the completed ones; batch of 32 transforms complete at cycle 13213 after the first input beat; ap_done pulses 32; input stall cycles in transform 0: 0; per seed: seed 0: pass (11 transforms, max abs err 5.37e-06), seed 1: pass (11 transforms, max abs err 4.07e-06), seed 2: pass (10 transforms, max abs err 4.98e-06); unchecked transforms [32]; RTL outputs read from the out_r port handshakes in the VCD",,,,,,,,,,,,,,,,,,,,,,,,,,,,,,,,,,,,,,,,,33,"ap_fifo in/out: hls::stream<hls::vector<complex<float>,8>>, 512-bit data each way = 8 complex float32 samples per beat, 32 beats per transform; block control ap_ctrl_hs",4,256,UF4,"natural-order input, natural-order output (DIT with bit-reversal reorder stage)","numpy.random.RandomState seeds 0/1/2, re,im ~ U[-1,1) float32; 33 transforms = 11 per seed","0,1,2",32,5.372e-06,1.845e-07,this_agent,,,,,,,,,,,,,,,,,,,,,,,,,,,,,,,,,,,,,,,,,,,,
e2_fft/hpfft,E2,hpfft_n256_UF4_cosim_lcg,E2,HP-FFT,256-point radix-2 complex FFT; 32 transforms streamed back-to-back through one FFT_TOP,,,cosim,300,ok,True,782,813,,,,,,,,,,,,75,,,,,,,,,"hpfft/reports/hpfft_n256_UF4_cosim_lcg,hpfft/validation/hpfft_n256_UF4_cosim_lcg",,"complex float32 (IEEE-754 binary32 real and imaginary parts; forward transform, unscaled)",,400.0,,,,,,,,,,,,,,,,,,543,,,,,"steady interval = mean of the last 23 completion-to-completion distances (median 400, min 400, max 400); 31/32 transforms completed: the last transform fed is never flushed without a following transform (top-level ap_done never fires, HLS 200-656); intervals over the completed ones; batch of 31 transforms complete at cycle 12813 after the first input beat; ap_done pulses 31; input stall cycles in transform 0: 0; 31 transforms checked; RTL outputs read from the out_r port handshakes in the VCD",,,,,,,,,,,,,,,,,,,,,,,,,,,,,,,,,,,,,,,,,32,"ap_fifo in/out: hls::stream<hls::vector<complex<float>,8>>, 512-bit data each way = 8 complex float32 samples per beat, 32 beats per transform; block control ap_ctrl_hs",4,256,UF4,"natural-order input, natural-order output (DIT with bit-reversal reorder stage)","transform 0 = HP-FFT shipped test signal, transforms 1..31 = LCG(0x12345678) U[-1,1)",,31,1.329e-05,1.949e-07,previous_agent,,,,,,,,,,,,,,,,,,,,,,,,,,,,,,,,,,,,,,,,,,,,
e2_fft/hpfft,E2,hpfft_n256_UF4_pnr,E2,HP-FFT,"256-point radix-2 complex FFT (one FFT_TOP instance, out-of-context)",,,pnr_ooc,300,ok,,,,,86402,68295,246,294,144,6,0,0.011,0.0,,75,,,701,991,356,0,,,hpfft/reports/hpfft_n256_UF4_pnr,,"complex float32 (IEEE-754 binary32 real and imaginary parts; forward transform, unscaled)",,,2260,,,,,,,,,,,,,,,,,,,,,,"opt 87 s, phys_opt 26 s; 0 failing of 163389 endpoints; WHS 0.008 ns; routable nets 164331, routing errors 0",,,,,,,,,,,,,,,,,,,,,,,,,,,,,,,,,,,,,,,,,,"ap_fifo in/out: hls::stream<hls::vector<complex<float>,8>>, 512-bit data each way = 8 complex float32 samples per beat, 32 beats per transform; block control ap_ctrl_hs",4,256,UF4,"natural-order input, natural-order output (DIT with bit-reversal reorder stage)",,,,,,previous_agent,,,,,,,,,,,,,,,,,,,,,,,,,,,,,,,,,,,,,,,,,,,,
e2_fft/hpfft,E2,hpfft_n256_UF8_cosim,E2,HP-FFT,256-point radix-2 complex FFT; 32 transforms streamed back-to-back through one FFT_TOP,,,cosim,300,ok,True,284,299,,,,,,,,,,,,118,,,,,,,,,"hpfft/reports/hpfft_n256_UF8_cosim,hpfft/validation/hpfft_n256_UF8_cosim",,"complex float32 (IEEE-754 binary32 real and imaginary parts; forward transform, unscaled)",,57.0,,,,,,,,,,,,,,,,,,426,,,,,"steady interval = mean of the last 23 completion-to-completion distances (median 57, min 57, max 57); 31/32 transforms completed: the last transform fed is never flushed without a following transform (top-level ap_done never fires, HLS 200-656); intervals over the completed ones; batch of 31 transforms complete at cycle 2009 after the first input beat; ap_done pulses 31; input stall cycles in transform 0: 0; 31 transforms checked; RTL outputs read from the out_r port handshakes in the VCD",,,,,,,,,,,,,,,,,,,,,,,,,,,,,,,,,,,,,,,,,32,"ap_fifo in/out: hls::stream<hls::vector<complex<float>,16>>, 1024-bit data each way = 16 complex float32 samples per beat, 16 beats per transform; block control ap_ctrl_hs",8,256,UF8,"natural-order input, natural-order output (DIT with bit-reversal reorder stage)","transform 0 = HP-FFT shipped test signal, transforms 1..31 = LCG(0x12345678) U[-1,1)",,31,1.329e-05,1.949e-07,previous_agent,,,,,,,,,,,,,,,,,,,,,,,,,,,,,,,,,,,,,,,,,,,,
e2_fft/hpfft,E2,hpfft_n256_UF8_pnr,E2,HP-FFT,"256-point radix-2 complex FFT (one FFT_TOP instance, out-of-context)",,,pnr_ooc,300,ok,,,,,163648,143396,423,224,112,0,0,0.014,0.0,,118,,,1122,1540,712,0,,,hpfft/reports/hpfft_n256_UF8_pnr,,"complex float32 (IEEE-754 binary32 real and imaginary parts; forward transform, unscaled)",,,3742,,,,,,,,,,,,,,,,,,,,,,"opt 180 s, phys_opt 39 s; 0 failing of 323888 endpoints; WHS 0.009 ns; routable nets 317858, routing errors 0",,,,,,,,,,,,,,,,,,,,,,,,,,,,,,,,,,,,,,,,,,"ap_fifo in/out: hls::stream<hls::vector<complex<float>,16>>, 1024-bit data each way = 16 complex float32 samples per beat, 16 beats per transform; block control ap_ctrl_hs",8,256,UF8,"natural-order input, natural-order output (DIT with bit-reversal reorder stage)",,,,,,previous_agent,,,,,,,,,,,,,,,,,,,,,,,,,,,,,,,,,,,,,,,,,,,,
e2_fft/hpfft,E2,hpfft_n256_no_StagePipeline_cosim,E2,HP-FFT,"256-point radix-2 complex FFT; 3 transforms as back-to-back FFT_TOP calls (array interface, ap_ctrl_hs)",,,cosim,300,ok,True,7940,8067,,,,,,,,,,,,35,,,,,,,,,"hpfft/reports/hpfft_n256_no_StagePipeline_cosim,hpfft/validation/hpfft_n256_no_StagePipeline_cosim",,"complex float32 (IEEE-754 binary32 real and imaginary parts; forward transform, unscaled)",,8069.0,,,,,,,,,,,,,,,,,,145,,,,,"steady interval = mean of the last 2 completion-to-completion distances (median 8069.0, min 8069, max 8069); batch of 3 transforms complete at cycle 24205 after the first input beat; ap_done pulses 3; input stall cycles in transform 0: 0; 3 transforms checked; RTL outputs as received by Vitis' post-check testbench run (sim/wrapc_pc)",,,,,,,,,,,,,,,,,,,,,,,,,,,,,,,,,,,,,,,,,3,"ap_memory dataIn/dataOut (complex<float>[N] arrays, 64-bit words, 2 ports each); ap_ctrl_hs",,256,no_StagePipeline,"natural-order input, natural-order output (DIT with bit-reversal reorder stage)","transform 0 = HP-FFT shipped test signal, transforms 1..2 = LCG(0x12345678) U[-1,1)",,3,1.329e-05,1.384e-07,previous_agent,,,,,,,,,,,,,,,,,,,,,,,,,,,,,,,,,,,,,,,,,,,,
e2_fft/hpfft,E2,hpfft_n256_no_StagePipeline_pnr,E2,HP-FFT,"256-point radix-2 complex FFT (one FFT_TOP instance, out-of-context)",,,pnr_ooc,300,ok,,,,,3179,5492,48,13,4,5,0,0.461,0.0,,35,,,120,210,46,0,,,hpfft/reports/hpfft_n256_no_StagePipeline_pnr,,"complex float32 (IEEE-754 binary32 real and imaginary parts; forward transform, unscaled)",,,430,,,,,,,,,,,,,,,,,,,,,,"opt 16 s, phys_opt 2 s; 0 failing of 9363 endpoints; WHS 0.038 ns; routable nets 10814, routing errors 0",,,,,,,,,,,,,,,,,,,,,,,,,,,,,,,,,,,,,,,,,,"ap_memory dataIn/dataOut (complex<float>[N] arrays, 64-bit words, 2 ports each); ap_ctrl_hs",,256,no_StagePipeline,"natural-order input, natural-order output (DIT with bit-reversal reorder stage)",,,,,,this_agent,,,,,,,,,,,,,,,,,,,,,,,,,,,,,,,,,,,,,,,,,,,,
e2_fft/hpfft,E2,hpfft_n256_original_C_style_cosim,E2,HP-FFT,"256-point radix-2 complex FFT; 3 transforms as back-to-back FFT_TOP calls (array interface, ap_ctrl_hs)",,,cosim,300,ok,True,20713,20968,,,,,,,,,,,,40,,,,,,,,,"hpfft/reports/hpfft_n256_original_C_style_cosim,hpfft/validation/hpfft_n256_original_C_style_cosim",,"complex float32 (IEEE-754 binary32 real and imaginary parts; forward transform, unscaled)",,20970.0,,,,,,,,,,,,,,,,,,178,,,,,"steady interval = mean of the last 2 completion-to-completion distances (median 20970.0, min 20970, max 20970); batch of 3 transforms complete at cycle 62908 after the first input beat; ap_done pulses 3; input stall cycles in transform 0: 0; 3 transforms checked; RTL outputs as received by Vitis' post-check testbench run (sim/wrapc_pc)",,,,,,,,,,,,,,,,,,,,,,,,,,,,,,,,,,,,,,,,,3,"ap_memory dataIn/dataOut (complex<float>[N] arrays, 64-bit words); ap_ctrl_hs",,256,original_C_style,"natural-order input, natural-order output (DIT with bit-reversal reorder stage)","transform 0 = HP-FFT shipped test signal, transforms 1..2 = LCG(0x12345678) U[-1,1)",,3,1.329e-05,1.384e-07,previous_agent,,,,,,,,,,,,,,,,,,,,,,,,,,,,,,,,,,,,,,,,,,,,
e2_fft/hpfft,E2,hpfft_n256_original_C_style_pnr,E2,HP-FFT,"256-point radix-2 complex FFT (one FFT_TOP instance, out-of-context)",,,pnr_ooc,300,ok,,,,,11562,8752,206,7,2,3,0,0.133,0.0,,40,,,281,298,70,0,,,hpfft/reports/hpfft_n256_original_C_style_pnr,,"complex float32 (IEEE-754 binary32 real and imaginary parts; forward transform, unscaled)",,,722,,,,,,,,,,,,,,,,,,,,,,"opt 25 s, phys_opt 5 s; 0 failing of 36577 endpoints; WHS 0.02 ns; routable nets 27553, routing errors 0",,,,,,,,,,,,,,,,,,,,,,,,,,,,,,,,,,,,,,,,,,"ap_memory dataIn/dataOut (complex<float>[N] arrays, 64-bit words); ap_ctrl_hs",,256,original_C_style,"natural-order input, natural-order output (DIT with bit-reversal reorder stage)",,,,,,this_agent,,,,,,,,,,,,,,,,,,,,,,,,,,,,,,,,,,,,,,,,,,,,
e2_fft/hpfft,E2,hpfft-derived_n512_UF1_cosim,E2,"HP-FFT (derived size, see README)",512-point radix-2 complex FFT; 33 transforms streamed back-to-back through one FFT_TOP,,,cosim,300,ok,True,2953,3208,,,,,,,,,,,,64,,,,,,,,,"hpfft/reports/hpfft-derived_n512_UF1_cosim,hpfft/validation/hpfft-derived_n512_UF1_cosim",,"complex float32 (IEEE-754 binary32 real and imaginary parts; forward transform, unscaled)",,269.0,,,,,,,,,,,,,,,,,,427,,,,,"steady interval = mean of the last 24 completion-to-completion distances (median 269.0, min 266, max 272); 32/33 transforms completed: the last transform fed is never flushed without a following transform (top-level ap_done never fires, HLS 200-656); intervals over the completed ones; batch of 32 transforms complete at cycle 11544 after the first input beat; ap_done pulses 32; input stall cycles in transform 0: 0; per seed: seed 0: pass (11 transforms, max abs err 7.99e-06), seed 1: pass (11 transforms, max abs err 7.44e-06), seed 2: pass (10 transforms, max abs err 7.34e-06); unchecked transforms [32]; RTL outputs read from the out_r port handshakes in the VCD",,,,,,,,,,,,,,,,,,,,,,,,,,,,,,,,,,,,,,,,,33,"ap_fifo in/out: hls::stream<hls::vector<complex<float>,2>>, 128-bit data each way = 2 complex float32 samples per beat, 256 beats per transform; block control ap_ctrl_hs",1,512,UF1,"natural-order input, natural-order output (DIT with bit-reversal reorder stage)","numpy.random.RandomState seeds 0/1/2, re,im ~ U[-1,1) float32; 33 transforms = 11 per seed","0,1,2",32,7.994e-06,1.788e-07,this_agent,,,,,,,,,,,,,,,,,,,,,,,,,,,,,,,,,,,,,,,,,,,,
e2_fft/hpfft,E2,hpfft-derived_n512_UF1_cosim_lcg,E2,"HP-FFT (derived size, see README)",512-point radix-2 complex FFT; 32 transforms streamed back-to-back through one FFT_TOP,,,cosim,300,ok,True,2953,3208,,,,,,,,,,,,51,,,,,,,,,"hpfft/reports/hpfft-derived_n512_UF1_cosim_lcg,hpfft/validation/hpfft-derived_n512_UF1_cosim_lcg",,"complex float32 (IEEE-754 binary32 real and imaginary parts; forward transform, unscaled)",,269.1,,,,,,,,,,,,,,,,,,391,,,,,"steady interval = mean of the last 23 completion-to-completion distances (median 272, min 266, max 272); 31/32 transforms completed: the last transform fed is never flushed without a following transform (top-level ap_done never fires, HLS 200-656); intervals over the completed ones; batch of 31 transforms complete at cycle 11278 after the first input beat; ap_done pulses 31; input stall cycles in transform 0: 0; 31 transforms checked; RTL outputs read from the out_r port handshakes in the VCD",,,,,,,,,,,,,,,,,,,,,,,,,,,,,,,,,,,,,,,,,32,"ap_fifo in/out: hls::stream<hls::vector<complex<float>,2>>, 128-bit data each way = 2 complex float32 samples per beat, 256 beats per transform; block control ap_ctrl_hs",1,512,UF1,"natural-order input, natural-order output (DIT with bit-reversal reorder stage)","transform 0 = HP-FFT shipped test signal, transforms 1..31 = LCG(0x12345678) U[-1,1)",,31,1.764e-05,1.925e-07,previous_agent,,,,,,,,,,,,,,,,,,,,,,,,,,,,,,,,,,,,,,,,,,,,
e2_fft/hpfft,E2,hpfft-derived_n512_UF1_pnr,E2,"HP-FFT (derived size, see README)","512-point radix-2 complex FFT (one FFT_TOP instance, out-of-context)",,,pnr_ooc,300,ok,,,,,25881,25518,84,92,40,12,0,0.179,0.0,,51,,,337,311,85,0,,,hpfft/reports/hpfft-derived_n512_UF1_pnr,,"complex float32 (IEEE-754 binary32 real and imaginary parts; forward transform, unscaled)",,,818,,,,,,,,,,,,,,,,,,,,,,"opt 31 s, phys_opt 6 s; 0 failing of 61718 endpoints; WHS 0.03 ns; routable nets 52922, routing errors 0",,,,,,,,,,,,,,,,,,,,,,,,,,,,,,,,,,,,,,,,,,"ap_fifo in/out: hls::stream<hls::vector<complex<float>,2>>, 128-bit data each way = 2 complex float32 samples per beat, 256 beats per transform; block control ap_ctrl_hs",1,512,UF1,"natural-order input, natural-order output (DIT with bit-reversal reorder stage)",,,,,,this_agent,,,,,,,,,,,,,,,,,,,,,,,,,,,,,,,,,,,,,,,,,,,,
e2_fft/hpfft,E2,hpfft-derived_n512_UF16_cosim,E2,"HP-FFT (derived size, see README)",512-point radix-2 complex FFT,,,cosim,300,not_run,,,,,,,,,,,,,,,,,,,,,,,,,RTL cosimulation not run (optional extra: the previous agent's queue did not reach it and it was not re-queued; csynth row in hls_estimates.csv),"complex float32 (IEEE-754 binary32 real and imaginary parts; forward transform, unscaled)",,,,,,,,,,,,,,,,,,,,,,,,,,,,,,,,,,,,,,,,,,,,,,,,,,,,,,,,,,,,,,,,,,,"ap_fifo in/out: hls::stream<hls::vector<complex<float>,32>>, 2048-bit data each way = 32 complex float32 samples per beat, 16 beats per transform; block control ap_ctrl_hs",16,512,UF16,"natural-order input, natural-order output (DIT with bit-reversal reorder stage)",,,,,,,,,,,,,,,,,,,,,,,,,,,,,,,,,,,,,,,,,,,,,,,,,,
e2_fft/hpfft,E2,hpfft-derived_n512_UF16_pnr,E2,"HP-FFT (derived size, see README)","512-point radix-2 complex FFT (one FFT_TOP instance, out-of-context)",,,pnr_ooc,300,not_run,,,,,,,,,,,,,,,321,,,,,,,,,,"P&R deferred: optional extra, HLS estimate 314080 LUTs; an OOC P&R of that size takes hours on the shared machine (queue job 036_pnr_n512_UF16 in queue_pnr/deferred)","complex float32 (IEEE-754 binary32 real and imaginary parts; forward transform, unscaled)",,,,,,,,,,,,,,,,,,,,,,,,,,,,,,,,,,,,,,,,,,,,,,,,,,,,,,,,,,,,,,,,,,,"ap_fifo in/out: hls::stream<hls::vector<complex<float>,32>>, 2048-bit data each way = 32 complex float32 samples per beat, 16 beats per transform; block control ap_ctrl_hs",16,512,UF16,"natural-order input, natural-order output (DIT with bit-reversal reorder stage)",,,,,,,,,,,,,,,,,,,,,,,,,,,,,,,,,,,,,,,,,,,,,,,,,,
e2_fft/hpfft,E2,hpfft-derived_n512_UF2_cosim,E2,"HP-FFT (derived size, see README)",512-point radix-2 complex FFT; 32 transforms streamed back-to-back through one FFT_TOP,,,cosim,300,ok,True,1425,1552,,,,,,,,,,,,59,,,,,,,,,"hpfft/reports/hpfft-derived_n512_UF2_cosim,hpfft/validation/hpfft-derived_n512_UF2_cosim",,"complex float32 (IEEE-754 binary32 real and imaginary parts; forward transform, unscaled)",,138.0,,,,,,,,,,,,,,,,,,399,,,,,"steady interval = mean of the last 23 completion-to-completion distances (median 138, min 138, max 138); 31/32 transforms completed: the last transform fed is never flushed without a following transform (top-level ap_done never fires, HLS 200-656); intervals over the completed ones; batch of 31 transforms complete at cycle 5692 after the first input beat; ap_done pulses 31; input stall cycles in transform 0: 0; 31 transforms checked; RTL outputs read from the out_r port handshakes in the VCD",,,,,,,,,,,,,,,,,,,,,,,,,,,,,,,,,,,,,,,,,32,"ap_fifo in/out: hls::stream<hls::vector<complex<float>,4>>, 256-bit data each way = 4 complex float32 samples per beat, 128 beats per transform; block control ap_ctrl_hs",2,512,UF2,"natural-order input, natural-order output (DIT with bit-reversal reorder stage)","transform 0 = HP-FFT shipped test signal, transforms 1..31 = LCG(0x12345678) U[-1,1)",,31,1.764e-05,1.925e-07,previous_agent,,,,,,,,,,,,,,,,,,,,,,,,,,,,,,,,,,,,,,,,,,,,
e2_fft/hpfft,E2,hpfft-derived_n512_UF2_pnr,E2,"HP-FFT (derived size, see README)","512-point radix-2 complex FFT (one FFT_TOP instance, out-of-context)",,,pnr_ooc,300,ok,,,,,53506,42133,156,132,56,20,0,0.243,0.0,,59,,,375,469,183,0,,,hpfft/reports/hpfft-derived_n512_UF2_pnr,,"complex float32 (IEEE-754 binary32 real and imaginary parts; forward transform, unscaled)",,,1152,,,,,,,,,,,,,,,,,,,,,,"opt 48 s, phys_opt 12 s; 0 failing of 110404 endpoints; WHS 0.009 ns; routable nets 100180, routing errors 0",,,,,,,,,,,,,,,,,,,,,,,,,,,,,,,,,,,,,,,,,,"ap_fifo in/out: hls::stream<hls::vector<complex<float>,4>>, 256-bit data each way = 4 complex float32 samples per beat, 128 beats per transform; block control ap_ctrl_hs",2,512,UF2,"natural-order input, natural-order output (DIT with bit-reversal reorder stage)",,,,,,this_agent,,,,,,,,,,,,,,,,,,,,,,,,,,,,,,,,,,,,,,,,,,,,
e2_fft/hpfft,E2,hpfft-derived_n512_UF32_cosim,E2,"HP-FFT (derived size, see README)",512-point radix-2 complex FFT,,,cosim,300,not_run,,,,,,,,,,,,,,,,,,,,,,,,,RTL cosimulation not run (optional extra: the previous agent's queue did not reach it and it was not re-queued; csynth row in hls_estimates.csv),"complex float32 (IEEE-754 binary32 real and imaginary parts; forward transform, unscaled)",,,,,,,,,,,,,,,,,,,,,,,,,,,,,,,,,,,,,,,,,,,,,,,,,,,,,,,,,,,,,,,,,,,"ap_fifo in/out: hls::stream<hls::vector<complex<float>,64>>, 4096-bit data each way = 64 complex float32 samples per beat, 8 beats per transform; block control ap_ctrl_hs",32,512,UF32,"natural-order input, natural-order output (DIT with bit-reversal reorder stage)",,,,,,,,,,,,,,,,,,,,,,,,,,,,,,,,,,,,,,,,,,,,,,,,,,
e2_fft/hpfft,E2,hpfft-derived_n512_UF32_pnr,E2,"HP-FFT (derived size, see README)","512-point radix-2 complex FFT (one FFT_TOP instance, out-of-context)",,,pnr_ooc,300,not_run,,,,,,,,,,,,,,,794,,,,,,,,,,"P&R deferred: optional extra, HLS estimate 619588 LUTs; an OOC P&R of that size takes hours on the shared machine (queue job 039_pnr_n512_UF32 in queue_pnr/deferred)","complex float32 (IEEE-754 binary32 real and imaginary parts; forward transform, unscaled)",,,,,,,,,,,,,,,,,,,,,,,,,,,,,,,,,,,,,,,,,,,,,,,,,,,,,,,,,,,,,,,,,,,"ap_fifo in/out: hls::stream<hls::vector<complex<float>,64>>, 4096-bit data each way = 64 complex float32 samples per beat, 8 beats per transform; block control ap_ctrl_hs",32,512,UF32,"natural-order input, natural-order output (DIT with bit-reversal reorder stage)",,,,,,,,,,,,,,,,,,,,,,,,,,,,,,,,,,,,,,,,,,,,,,,,,,
e2_fft/hpfft,E2,hpfft-derived_n512_UF4_cosim,E2,"HP-FFT (derived size, see README)",512-point radix-2 complex FFT; 32 transforms streamed back-to-back through one FFT_TOP,,,cosim,300,ok,True,984,1047,,,,,,,,,,,,91,,,,,,,,,"hpfft/reports/hpfft-derived_n512_UF4_cosim,hpfft/validation/hpfft-derived_n512_UF4_cosim",,"complex float32 (IEEE-754 binary32 real and imaginary parts; forward transform, unscaled)",,264.0,,,,,,,,,,,,,,,,,,491,,,,,"steady interval = mean of the last 23 completion-to-completion distances (median 264, min 264, max 264); 31/32 transforms completed: the last transform fed is never flushed without a following transform (top-level ap_done never fires, HLS 200-656); intervals over the completed ones; batch of 31 transforms complete at cycle 8967 after the first input beat; ap_done pulses 31; input stall cycles in transform 0: 0; 31 transforms checked; RTL outputs read from the out_r port handshakes in the VCD",,,,,,,,,,,,,,,,,,,,,,,,,,,,,,,,,,,,,,,,,32,"ap_fifo in/out: hls::stream<hls::vector<complex<float>,8>>, 512-bit data each way = 8 complex float32 samples per beat, 64 beats per transform; block control ap_ctrl_hs",4,512,UF4,"natural-order input, natural-order output (DIT with bit-reversal reorder stage)","transform 0 = HP-FFT shipped test signal, transforms 1..31 = LCG(0x12345678) U[-1,1)",,31,1.764e-05,1.925e-07,previous_agent,,,,,,,,,,,,,,,,,,,,,,,,,,,,,,,,,,,,,,,,,,,,
e2_fft/hpfft,E2,hpfft-derived_n512_UF4_pnr,E2,"HP-FFT (derived size, see README)","512-point radix-2 complex FFT (one FFT_TOP instance, out-of-context)",,,pnr_ooc,300,ok,,,,,100516,77495,294,332,160,12,0,0.074,0.0,,91,,,632,786,510,0,,,hpfft/reports/hpfft-derived_n512_UF4_pnr,,"complex float32 (IEEE-754 binary32 real and imaginary parts; forward transform, unscaled)",,,2130,,,,,,,,,,,,,,,,,,,,,,"opt 86 s, phys_opt 22 s; 0 failing of 185429 endpoints; WHS 0.009 ns; routable nets 188298, routing errors 0",,,,,,,,,,,,,,,,,,,,,,,,,,,,,,,,,,,,,,,,,,"ap_fifo in/out: hls::stream<hls::vector<complex<float>,8>>, 512-bit data each way = 8 complex float32 samples per beat, 64 beats per transform; block control ap_ctrl_hs",4,512,UF4,"natural-order input, natural-order output (DIT with bit-reversal reorder stage)",,,,,,this_agent,,,,,,,,,,,,,,,,,,,,,,,,,,,,,,,,,,,,,,,,,,,,
e2_fft/hpfft,E2,hpfft-derived_n512_UF8_cosim,E2,"HP-FFT (derived size, see README)",512-point radix-2 complex FFT; 32 transforms streamed back-to-back through one FFT_TOP,,,cosim,300,ok,True,533,564,,,,,,,,,,,,174,,,,,,,,,"hpfft/reports/hpfft-derived_n512_UF8_cosim,hpfft/validation/hpfft-derived_n512_UF8_cosim",,"complex float32 (IEEE-754 binary32 real and imaginary parts; forward transform, unscaled)",,105.0,,,,,,,,,,,,,,,,,,653,,,,,"steady interval = mean of the last 23 completion-to-completion distances (median 105, min 105, max 105); 31/32 transforms completed: the last transform fed is never flushed without a following transform (top-level ap_done never fires, HLS 200-656); intervals over the completed ones; batch of 31 transforms complete at cycle 3714 after the first input beat; ap_done pulses 31; input stall cycles in transform 0: 0; 31 transforms checked; RTL outputs read from the out_r port handshakes in the VCD",,,,,,,,,,,,,,,,,,,,,,,,,,,,,,,,,,,,,,,,,32,"ap_fifo in/out: hls::stream<hls::vector<complex<float>,16>>, 1024-bit data each way = 16 complex float32 samples per beat, 32 beats per transform; block control ap_ctrl_hs",8,512,UF8,"natural-order input, natural-order output (DIT with bit-reversal reorder stage)","transform 0 = HP-FFT shipped test signal, transforms 1..31 = LCG(0x12345678) U[-1,1)",,31,1.764e-05,1.925e-07,previous_agent,,,,,,,,,,,,,,,,,,,,,,,,,,,,,,,,,,,,,,,,,,,,
e2_fft/hpfft,E2,hpfft-derived_n512_UF8_pnr,E2,"HP-FFT (derived size, see README)","512-point radix-2 complex FFT (one FFT_TOP instance, out-of-context)",,,pnr_ooc,300,timing_fail,,,,,219844,154933,519,272,128,16,0,-0.278,-526.193,,174,,,1184,1808,2174,0,,,hpfft/reports/hpfft-derived_n512_UF8_pnr,"routed, but WNS -0.278 ns < 0 at 3.333 ns (6219 failing endpoints, TNS -526.193 ns): not a 300 MHz result; fmax ~ 276.9 MHz","complex float32 (IEEE-754 binary32 real and imaginary parts; forward transform, unscaled)",,,5649,,,,,,,,,,,,,,,,,,,,,,"opt 179 s, phys_opt 141 s; 6219 failing of 487449 endpoints; WHS 0.007 ns; routable nets 393399, routing errors 0",,,,,,,,,,,,,,,,,,,,,,,,,,,,,,,,,,,,,,,,,,"ap_fifo in/out: hls::stream<hls::vector<complex<float>,16>>, 1024-bit data each way = 16 complex float32 samples per beat, 32 beats per transform; block control ap_ctrl_hs",8,512,UF8,"natural-order input, natural-order output (DIT with bit-reversal reorder stage)",,,,,,this_agent,,,,,,,,,,,,,,,,,,,,,,,,,,,,,,,,,,,,,,,,,,,,
e2_fft/hpfft,E2,hpfft-derived_n512_no_StagePipeline_cosim,E2,"HP-FFT (derived size, see README)",512-point radix-2 complex FFT,,,cosim,300,not_run,,,,,,,,,,,,,,,,,,,,,,,,,RTL cosimulation not run (optional extra: the previous agent's queue did not reach it and it was not re-queued; csynth row in hls_estimates.csv),"complex float32 (IEEE-754 binary32 real and imaginary parts; forward transform, unscaled)",,,,,,,,,,,,,,,,,,,,,,,,,,,,,,,,,,,,,,,,,,,,,,,,,,,,,,,,,,,,,,,,,,,"ap_memory dataIn/dataOut (complex<float>[N] arrays, 64-bit words, 2 ports each); ap_ctrl_hs",,512,no_StagePipeline,"natural-order input, natural-order output (DIT with bit-reversal reorder stage)",,,,,,,,,,,,,,,,,,,,,,,,,,,,,,,,,,,,,,,,,,,,,,,,,,
e2_fft/hpfft,E2,hpfft-derived_n512_no_StagePipeline_pnr,E2,"HP-FFT (derived size, see README)","512-point radix-2 complex FFT (one FFT_TOP instance, out-of-context)",,,pnr_ooc,300,not_run,,,,,,,,,,,,,,,45,,,,,,,,,,"P&R deferred: optional extra, HLS estimate 3058 LUTs; an OOC P&R of that size takes hours on the shared machine (queue job 033_pnr_n512_no_StagePipeline in queue_pnr/deferred)","complex float32 (IEEE-754 binary32 real and imaginary parts; forward transform, unscaled)",,,,,,,,,,,,,,,,,,,,,,,,,,,,,,,,,,,,,,,,,,,,,,,,,,,,,,,,,,,,,,,,,,,"ap_memory dataIn/dataOut (complex<float>[N] arrays, 64-bit words, 2 ports each); ap_ctrl_hs",,512,no_StagePipeline,"natural-order input, natural-order output (DIT with bit-reversal reorder stage)",,,,,,,,,,,,,,,,,,,,,,,,,,,,,,,,,,,,,,,,,,,,,,,,,,
e2_fft/hpfft,E2,hpfft-derived_n512_original_C_style_cosim,E2,"HP-FFT (derived size, see README)",512-point radix-2 complex FFT,,,cosim,300,not_run,,,,,,,,,,,,,,,,,,,,,,,,,RTL cosimulation not run (optional extra: the previous agent's queue did not reach it and it was not re-queued; csynth row in hls_estimates.csv),"complex float32 (IEEE-754 binary32 real and imaginary parts; forward transform, unscaled)",,,,,,,,,,,,,,,,,,,,,,,,,,,,,,,,,,,,,,,,,,,,,,,,,,,,,,,,,,,,,,,,,,,"ap_memory dataIn/dataOut (complex<float>[N] arrays, 64-bit words); ap_ctrl_hs",,512,original_C_style,"natural-order input, natural-order output (DIT with bit-reversal reorder stage)",,,,,,,,,,,,,,,,,,,,,,,,,,,,,,,,,,,,,,,,,,,,,,,,,,
e2_fft/hpfft,E2,hpfft-derived_n512_original_C_style_pnr,E2,"HP-FFT (derived size, see README)","512-point radix-2 complex FFT (one FFT_TOP instance, out-of-context)",,,pnr_ooc,300,not_run,,,,,,,,,,,,,,,44,,,,,,,,,,"P&R deferred: optional extra, HLS estimate 19508 LUTs; an OOC P&R of that size takes hours on the shared machine (queue job 034_pnr_n512_original_C_style in queue_pnr/deferred)","complex float32 (IEEE-754 binary32 real and imaginary parts; forward transform, unscaled)",,,,,,,,,,,,,,,,,,,,,,,,,,,,,,,,,,,,,,,,,,,,,,,,,,,,,,,,,,,,,,,,,,,"ap_memory dataIn/dataOut (complex<float>[N] arrays, 64-bit words); ap_ctrl_hs",,512,original_C_style,"natural-order input, natural-order output (DIT with bit-reversal reorder stage)",,,,,,,,,,,,,,,,,,,,,,,,,,,,,,,,,,,,,,,,,,,,,,,,,,
e2_fft/allo,E2,allo-strided_n1024_raw_cosim,E2,"Allo (examples/machsuite/fft/strided: radix-2 DIF, in-place, sequential)",1024-point radix-2 complex FFT; 4 kernel calls back-to-back (one transform per call),,,cosim,300,ok,True,,327791,,,,,,,,,,,,958,,,,,,,,,"allo/reports/allo-strided_n1024_raw_cosim,allo/validation/allo-strided_n1024_raw_cosim",,"complex float32 (IEEE-754 binary32 real and imaginary parts; forward transform, unscaled)",,327764.0,,,,,,,,,,,,,,,,,,,,,,,"Vitis cosim transaction report: per-call latency [327791, 327749, 327749, 327749] (ap_start to ap_done via s_axi_control), call intervals [327792, 327750, 327750]; calls do not overlap; first_output_cycles not observable (results are written back to m_axi by the store stage at the end of the call); 4 transforms checked; RTL outputs compared in bit-reversed index order",,,,,,,,,,,,,,,,,,,,,,,,,,,,,,,,,,,,,,,,,4,"m_axi x4, 32-bit data (float real[N], img[N], real_twid[N/2], img_twid[N/2]; real/img in-place) + s_axi_control; wrap_io=False: kernel loops access m_axi directly",,1024,strided_fft FFT_SIZE=1024 wrap_io=False,"natural-order input, bit-reversed-order output (DIF); validated against numpy.fft permuted to bit-reversed index order","transform 0 = HP-FFT shipped test signal, transforms 1..3 = LCG(0x12345678) U[-1,1)",,4,2.187e-05,1.450e-07,previous_agent,,,,,,,,,,,,,,,,,,,,,,,,,,,,,,,,,,,,,,,,,,,,
e2_fft/allo,E2,allo-strided_n1024_raw_pnr,E2,"Allo (examples/machsuite/fft/strided: radix-2 DIF, in-place, sequential)","1024-point radix-2 complex FFT (one fft kernel instance with its m_axi/s_axi adapters, out-of-context)",,,pnr_ooc,300,ok,,,,,4957,8019,20,6,0,6,0,0.646,0.0,,958,,,134,198,38,0,,,allo/reports/allo-strided_n1024_raw_pnr,,"complex float32 (IEEE-754 binary32 real and imaginary parts; forward transform, unscaled)",,,419,,,,,,,,,,,,,,,,,,,,,,"opt 13 s, phys_opt 1 s; 0 failing of 18266 endpoints; WHS 0.02 ns; routable nets 11912, routing errors 0",,,,,,,,,,,,,,,,,,,,,,,,,,,,,,,,,,,,,,,,,,"m_axi x4, 32-bit data (float real[N], img[N], real_twid[N/2], img_twid[N/2]; real/img in-place) + s_axi_control; wrap_io=False: kernel loops access m_axi directly",,1024,strided_fft FFT_SIZE=1024 wrap_io=False,"natural-order input, bit-reversed-order output (DIF); validated against numpy.fft permuted to bit-reversed index order",,,,,,this_agent,,,,,,,,,,,,,,,,,,,,,,,,,,,,,,,,,,,,,,,,,,,,
e2_fft/allo,E2,allo-strided_n1024_wrap_cosim,E2,"Allo (examples/machsuite/fft/strided: radix-2 DIF, in-place, sequential)",1024-point radix-2 complex FFT; 6 kernel calls back-to-back (one transform per call),,,cosim,300,ok,True,,130299,,,,,,,,,,,,544,,,,,,,,,"allo/reports/allo-strided_n1024_wrap_cosim,allo/validation/allo-strided_n1024_wrap_cosim",,"complex float32 (IEEE-754 binary32 real and imaginary parts; forward transform, unscaled)",,130258.0,,,,,,,,,,,,,,,,,,,,,,,"Vitis cosim transaction report: per-call latency [130299, 130257, 130257, 130257, 130257, 130257] (ap_start to ap_done via s_axi_control), call intervals [130300, 130258, 130258, 130258, 130258]; calls do not overlap; first_output_cycles not observable (results are written back to m_axi by the store stage at the end of the call); per seed: seed 0: pass (2 transforms, max abs err 1.03e-05), seed 1: pass (2 transforms, max abs err 9.56e-06), seed 2: pass (2 transforms, max abs err 1.38e-05); RTL outputs compared in bit-reversed index order",,,,,,,,,,,,,,,,,,,,,,,,,,,,,,,,,,,,,,,,,6,"m_axi x4, 32-bit data (float real[N], img[N], real_twid[N/2], img_twid[N/2]; real/img in-place) + s_axi_control; Allo wrap_io=True: load loops into on-chip buffers -> kernel -> store loops (1 float per beat per port)",,1024,strided_fft FFT_SIZE=1024 wrap_io=True,"natural-order input, bit-reversed-order output (DIF); validated against numpy.fft permuted to bit-reversed index order","numpy.random.RandomState seeds 0/1/2, re,im ~ U[-1,1) float32; 6 transforms = 2 per seed","0,1,2",6,1.378e-05,1.719e-07,this_agent,,,,,,,,,,,,,,,,,,,,,,,,,,,,,,,,,,,,,,,,,,,,
e2_fft/allo,E2,allo-strided_n1024_wrap_cosim_lcg,E2,"Allo (examples/machsuite/fft/strided: radix-2 DIF, in-place, sequential)",1024-point radix-2 complex FFT; 4 kernel calls back-to-back (one transform per call),,,cosim,300,ok,True,,130299,,,,,,,,,,,,723,,,,,,,,,"allo/reports/allo-strided_n1024_wrap_cosim_lcg,allo/validation/allo-strided_n1024_wrap_cosim_lcg",,"complex float32 (IEEE-754 binary32 real and imaginary parts; forward transform, unscaled)",,130272.0,,,,,,,,,,,,,,,,,,,,,,,"Vitis cosim transaction report: per-call latency [130299, 130257, 130257, 130257] (ap_start to ap_done via s_axi_control), call intervals [130300, 130258, 130258]; calls do not overlap; first_output_cycles not observable (results are written back to m_axi by the store stage at the end of the call); 4 transforms checked; RTL outputs compared in bit-reversed index order",,,,,,,,,,,,,,,,,,,,,,,,,,,,,,,,,,,,,,,,,4,"m_axi x4, 32-bit data (float real[N], img[N], real_twid[N/2], img_twid[N/2]; real/img in-place) + s_axi_control; Allo wrap_io=True: load loops into on-chip buffers -> kernel -> store loops (1 float per beat per port)",,1024,strided_fft FFT_SIZE=1024 wrap_io=True,"natural-order input, bit-reversed-order output (DIF); validated against numpy.fft permuted to bit-reversed index order","transform 0 = HP-FFT shipped test signal, transforms 1..3 = LCG(0x12345678) U[-1,1)",,4,2.187e-05,1.450e-07,previous_agent,,,,,,,,,,,,,,,,,,,,,,,,,,,,,,,,,,,,,,,,,,,,
e2_fft/allo,E2,allo-strided_n1024_wrap_pnr,E2,"Allo (examples/machsuite/fft/strided: radix-2 DIF, in-place, sequential)","1024-point radix-2 complex FFT (one fft kernel instance with its m_axi/s_axi adapters, out-of-context)",,,pnr_ooc,300,ok,,,,,4320,7561,16,12,2,8,0,0.438,0.0,,723,,,133,219,39,0,,,allo/reports/allo-strided_n1024_wrap_pnr,,"complex float32 (IEEE-754 binary32 real and imaginary parts; forward transform, unscaled)",,,442,,,,,,,,,,,,,,,,,,,,,,"opt 14 s, phys_opt 2 s; 0 failing of 16648 endpoints; WHS 0.019 ns; routable nets 11163, routing errors 0",,,,,,,,,,,,,,,,,,,,,,,,,,,,,,,,,,,,,,,,,,"m_axi x4, 32-bit data (float real[N], img[N], real_twid[N/2], img_twid[N/2]; real/img in-place) + s_axi_control; Allo wrap_io=True: load loops into on-chip buffers -> kernel -> store loops (1 float per beat per port)",,1024,strided_fft FFT_SIZE=1024 wrap_io=True,"natural-order input, bit-reversed-order output (DIF); validated against numpy.fft permuted to bit-reversed index order",,,,,,this_agent,,,,,,,,,,,,,,,,,,,,,,,,,,,,,,,,,,,,,,,,,,,,
e2_fft/allo,E2,allo-strided_n128_raw_cosim,E2,"Allo (examples/machsuite/fft/strided: radix-2 DIF, in-place, sequential)",128-point radix-2 complex FFT; 4 kernel calls back-to-back (one transform per call),,,cosim,300,ok,True,,27430,,,,,,,,,,,,307,,,,,,,,,"allo/reports/allo-strided_n128_raw_cosim,allo/validation/allo-strided_n128_raw_cosim",,"complex float32 (IEEE-754 binary32 real and imaginary parts; forward transform, unscaled)",,27403.0,,,,,,,,,,,,,,,,,,,,,,,"Vitis cosim transaction report: per-call latency [27430, 27388, 27388, 27388] (ap_start to ap_done via s_axi_control), call intervals [27431, 27389, 27389]; calls do not overlap; first_output_cycles not observable (results are written back to m_axi by the store stage at the end of the call); 4 transforms checked; RTL outputs compared in bit-reversed index order",,,,,,,,,,,,,,,,,,,,,,,,,,,,,,,,,,,,,,,,,4,"m_axi x4, 32-bit data (float real[N], img[N], real_twid[N/2], img_twid[N/2]; real/img in-place) + s_axi_control; wrap_io=False: kernel loops access m_axi directly",,128,strided_fft FFT_SIZE=128 wrap_io=False,"natural-order input, bit-reversed-order output (DIF); validated against numpy.fft permuted to bit-reversed index order","transform 0 = HP-FFT shipped test signal, transforms 1..3 = LCG(0x12345678) U[-1,1)",,4,4.872e-06,1.497e-07,previous_agent,,,,,,,,,,,,,,,,,,,,,,,,,,,,,,,,,,,,,,,,,,,,
e2_fft/allo,E2,allo-strided_n128_raw_pnr,E2,"Allo (examples/machsuite/fft/strided: radix-2 DIF, in-place, sequential)","128-point radix-2 complex FFT (one fft kernel instance with its m_axi/s_axi adapters, out-of-context)",,,pnr_ooc,300,ok,,,,,4999,8001,20,6,0,6,0,0.633,0.0,,307,,,131,186,38,0,,,allo/reports/allo-strided_n128_raw_pnr,,"complex float32 (IEEE-754 binary32 real and imaginary parts; forward transform, unscaled)",,,404,,,,,,,,,,,,,,,,,,,,,,"opt 13 s, phys_opt 1 s; 0 failing of 18229 endpoints; WHS 0.019 ns; routable nets 11891, routing errors 0",,,,,,,,,,,,,,,,,,,,,,,,,,,,,,,,,,,,,,,,,,"m_axi x4, 32-bit data (float real[N], img[N], real_twid[N/2], img_twid[N/2]; real/img in-place) + s_axi_control; wrap_io=False: kernel loops access m_axi directly",,128,strided_fft FFT_SIZE=128 wrap_io=False,"natural-order input, bit-reversed-order output (DIF); validated against numpy.fft permuted to bit-reversed index order",,,,,,this_agent,,,,,,,,,,,,,,,,,,,,,,,,,,,,,,,,,,,,,,,,,,,,
e2_fft/allo,E2,allo-strided_n128_wrap_cosim,E2,"Allo (examples/machsuite/fft/strided: radix-2 DIF, in-place, sequential)",128-point radix-2 complex FFT; 6 kernel calls back-to-back (one transform per call),,,cosim,300,ok,True,,11586,,,,,,,,,,,,158,,,,,,,,,"allo/reports/allo-strided_n128_wrap_cosim,allo/validation/allo-strided_n128_wrap_cosim",,"complex float32 (IEEE-754 binary32 real and imaginary parts; forward transform, unscaled)",,11545.0,,,,,,,,,,,,,,,,,,,,,,,"Vitis cosim transaction report: per-call latency [11586, 11544, 11544, 11544, 11544, 11544] (ap_start to ap_done via s_axi_control), call intervals [11587, 11545, 11545, 11545, 11545]; calls do not overlap; first_output_cycles not observable (results are written back to m_axi by the store stage at the end of the call); per seed: seed 0: pass (2 transforms, max abs err 2.26e-06), seed 1: pass (2 transforms, max abs err 2.66e-06), seed 2: pass (2 transforms, max abs err 2.58e-06); RTL outputs compared in bit-reversed index order",,,,,,,,,,,,,,,,,,,,,,,,,,,,,,,,,,,,,,,,,6,"m_axi x4, 32-bit data (float real[N], img[N], real_twid[N/2], img_twid[N/2]; real/img in-place) + s_axi_control; Allo wrap_io=True: load loops into on-chip buffers -> kernel -> store loops (1 float per beat per port)",,128,strided_fft FFT_SIZE=128 wrap_io=True,"natural-order input, bit-reversed-order output (DIF); validated against numpy.fft permuted to bit-reversed index order","numpy.random.RandomState seeds 0/1/2, re,im ~ U[-1,1) float32; 6 transforms = 2 per seed","0,1,2",6,2.660e-06,1.360e-07,this_agent,,,,,,,,,,,,,,,,,,,,,,,,,,,,,,,,,,,,,,,,,,,,
e2_fft/allo,E2,allo-strided_n128_wrap_cosim_lcg,E2,"Allo (examples/machsuite/fft/strided: radix-2 DIF, in-place, sequential)",128-point radix-2 complex FFT; 4 kernel calls back-to-back (one transform per call),,,cosim,300,ok,True,,11586,,,,,,,,,,,,245,,,,,,,,,"allo/reports/allo-strided_n128_wrap_cosim_lcg,allo/validation/allo-strided_n128_wrap_cosim_lcg",,"complex float32 (IEEE-754 binary32 real and imaginary parts; forward transform, unscaled)",,11559.0,,,,,,,,,,,,,,,,,,,,,,,"Vitis cosim transaction report: per-call latency [11586, 11544, 11544, 11544] (ap_start to ap_done via s_axi_control), call intervals [11587, 11545, 11545]; calls do not overlap; first_output_cycles not observable (results are written back to m_axi by the store stage at the end of the call); 4 transforms checked; RTL outputs compared in bit-reversed index order",,,,,,,,,,,,,,,,,,,,,,,,,,,,,,,,,,,,,,,,,4,"m_axi x4, 32-bit data (float real[N], img[N], real_twid[N/2], img_twid[N/2]; real/img in-place) + s_axi_control; Allo wrap_io=True: load loops into on-chip buffers -> kernel -> store loops (1 float per beat per port)",,128,strided_fft FFT_SIZE=128 wrap_io=True,"natural-order input, bit-reversed-order output (DIF); validated against numpy.fft permuted to bit-reversed index order","transform 0 = HP-FFT shipped test signal, transforms 1..3 = LCG(0x12345678) U[-1,1)",,4,4.872e-06,1.497e-07,previous_agent,,,,,,,,,,,,,,,,,,,,,,,,,,,,,,,,,,,,,,,,,,,,
e2_fft/allo,E2,allo-strided_n128_wrap_pnr,E2,"Allo (examples/machsuite/fft/strided: radix-2 DIF, in-place, sequential)","128-point radix-2 complex FFT (one fft kernel instance with its m_axi/s_axi adapters, out-of-context)",,,pnr_ooc,300,ok,,,,,4340,7622,16,10,2,6,0,0.697,0.0,,245,,,137,197,37,0,,,allo/reports/allo-strided_n128_wrap_pnr,,"complex float32 (IEEE-754 binary32 real and imaginary parts; forward transform, unscaled)",,,422,,,,,,,,,,,,,,,,,,,,,,"opt 13 s, phys_opt 2 s; 0 failing of 17111 endpoints; WHS 0.024 ns; routable nets 11190, routing errors 0",,,,,,,,,,,,,,,,,,,,,,,,,,,,,,,,,,,,,,,,,,"m_axi x4, 32-bit data (float real[N], img[N], real_twid[N/2], img_twid[N/2]; real/img in-place) + s_axi_control; Allo wrap_io=True: load loops into on-chip buffers -> kernel -> store loops (1 float per beat per port)",,128,strided_fft FFT_SIZE=128 wrap_io=True,"natural-order input, bit-reversed-order output (DIF); validated against numpy.fft permuted to bit-reversed index order",,,,,,this_agent,,,,,,,,,,,,,,,,,,,,,,,,,,,,,,,,,,,,,,,,,,,,
e2_fft/allo,E2,allo-strided_n256_raw_cosim,E2,"Allo (examples/machsuite/fft/strided: radix-2 DIF, in-place, sequential)",256-point radix-2 complex FFT; 4 kernel calls back-to-back (one transform per call),,,cosim,300,ok,True,,63849,,,,,,,,,,,,370,,,,,,,,,"allo/reports/allo-strided_n256_raw_cosim,allo/validation/allo-strided_n256_raw_cosim",,"complex float32 (IEEE-754 binary32 real and imaginary parts; forward transform, unscaled)",,63822.0,,,,,,,,,,,,,,,,,,,,,,,"Vitis cosim transaction report: per-call latency [63849, 63807, 63807, 63807] (ap_start to ap_done via s_axi_control), call intervals [63850, 63808, 63808]; calls do not overlap; first_output_cycles not observable (results are written back to m_axi by the store stage at the end of the call); 4 transforms checked; RTL outputs compared in bit-reversed index order",,,,,,,,,,,,,,,,,,,,,,,,,,,,,,,,,,,,,,,,,4,"m_axi x4, 32-bit data (float real[N], img[N], real_twid[N/2], img_twid[N/2]; real/img in-place) + s_axi_control; wrap_io=False: kernel loops access m_axi directly",,256,strided_fft FFT_SIZE=256 wrap_io=False,"natural-order input, bit-reversed-order output (DIF); validated against numpy.fft permuted to bit-reversed index order","transform 0 = HP-FFT shipped test signal, transforms 1..3 = LCG(0x12345678) U[-1,1)",,4,9.707e-06,1.273e-07,previous_agent,,,,,,,,,,,,,,,,,,,,,,,,,,,,,,,,,,,,,,,,,,,,
e2_fft/allo,E2,allo-strided_n256_raw_pnr,E2,"Allo (examples/machsuite/fft/strided: radix-2 DIF, in-place, sequential)","256-point radix-2 complex FFT (one fft kernel instance with its m_axi/s_axi adapters, out-of-context)",,,pnr_ooc,300,ok,,,,,5003,8009,20,6,0,6,0,0.571,0.0,,370,,,132,204,38,0,,,allo/reports/allo-strided_n256_raw_pnr,,"complex float32 (IEEE-754 binary32 real and imaginary parts; forward transform, unscaled)",,,423,,,,,,,,,,,,,,,,,,,,,,"opt 12 s, phys_opt 2 s; 0 failing of 18246 endpoints; WHS 0.021 ns; routable nets 11896, routing errors 0",,,,,,,,,,,,,,,,,,,,,,,,,,,,,,,,,,,,,,,,,,"m_axi x4, 32-bit data (float real[N], img[N], real_twid[N/2], img_twid[N/2]; real/img in-place) + s_axi_control; wrap_io=False: kernel loops access m_axi directly",,256,strided_fft FFT_SIZE=256 wrap_io=False,"natural-order input, bit-reversed-order output (DIF); validated against numpy.fft permuted to bit-reversed index order",,,,,,this_agent,,,,,,,,,,,,,,,,,,,,,,,,,,,,,,,,,,,,,,,,,,,,
e2_fft/allo,E2,allo-strided_n256_wrap_cosim,E2,"Allo (examples/machsuite/fft/strided: radix-2 DIF, in-place, sequential)",256-point radix-2 complex FFT; 6 kernel calls back-to-back (one transform per call),,,cosim,300,ok,True,,26261,,,,,,,,,,,,200,,,,,,,,,"allo/reports/allo-strided_n256_wrap_cosim,allo/validation/allo-strided_n256_wrap_cosim",,"complex float32 (IEEE-754 binary32 real and imaginary parts; forward transform, unscaled)",,26220.0,,,,,,,,,,,,,,,,,,,,,,,"Vitis cosim transaction report: per-call latency [26261, 26219, 26219, 26219, 26219, 26219] (ap_start to ap_done via s_axi_control), call intervals [26262, 26220, 26220, 26220, 26220]; calls do not overlap; first_output_cycles not observable (results are written back to m_axi by the store stage at the end of the call); per seed: seed 0: pass (2 transforms, max abs err 3.78e-06), seed 1: pass (2 transforms, max abs err 3.89e-06), seed 2: pass (2 transforms, max abs err 4.96e-06); RTL outputs compared in bit-reversed index order",,,,,,,,,,,,,,,,,,,,,,,,,,,,,,,,,,,,,,,,,6,"m_axi x4, 32-bit data (float real[N], img[N], real_twid[N/2], img_twid[N/2]; real/img in-place) + s_axi_control; Allo wrap_io=True: load loops into on-chip buffers -> kernel -> store loops (1 float per beat per port)",,256,strided_fft FFT_SIZE=256 wrap_io=True,"natural-order input, bit-reversed-order output (DIF); validated against numpy.fft permuted to bit-reversed index order","numpy.random.RandomState seeds 0/1/2, re,im ~ U[-1,1) float32; 6 transforms = 2 per seed","0,1,2",6,4.959e-06,1.527e-07,this_agent,,,,,,,,,,,,,,,,,,,,,,,,,,,,,,,,,,,,,,,,,,,,
e2_fft/allo,E2,allo-strided_n256_wrap_cosim_lcg,E2,"Allo (examples/machsuite/fft/strided: radix-2 DIF, in-place, sequential)",256-point radix-2 complex FFT; 4 kernel calls back-to-back (one transform per call),,,cosim,300,ok,True,,26261,,,,,,,,,,,,291,,,,,,,,,"allo/reports/allo-strided_n256_wrap_cosim_lcg,allo/validation/allo-strided_n256_wrap_cosim_lcg",,"complex float32 (IEEE-754 binary32 real and imaginary parts; forward transform, unscaled)",,26234.0,,,,,,,,,,,,,,,,,,,,,,,"Vitis cosim transaction report: per-call latency [26261, 26219, 26219, 26219] (ap_start to ap_done via s_axi_control), call intervals [26262, 26220, 26220]; calls do not overlap; first_output_cycles not observable (results are written back to m_axi by the store stage at the end of the call); 4 transforms checked; RTL outputs compared in bit-reversed index order",,,,,,,,,,,,,,,,,,,,,,,,,,,,,,,,,,,,,,,,,4,"m_axi x4, 32-bit data (float real[N], img[N], real_twid[N/2], img_twid[N/2]; real/img in-place) + s_axi_control; Allo wrap_io=True: load loops into on-chip buffers -> kernel -> store loops (1 float per beat per port)",,256,strided_fft FFT_SIZE=256 wrap_io=True,"natural-order input, bit-reversed-order output (DIF); validated against numpy.fft permuted to bit-reversed index order","transform 0 = HP-FFT shipped test signal, transforms 1..3 = LCG(0x12345678) U[-1,1)",,4,9.707e-06,1.273e-07,previous_agent,,,,,,,,,,,,,,,,,,,,,,,,,,,,,,,,,,,,,,,,,,,,
e2_fft/allo,E2,allo-strided_n256_wrap_pnr,E2,"Allo (examples/machsuite/fft/strided: radix-2 DIF, in-place, sequential)","256-point radix-2 complex FFT (one fft kernel instance with its m_axi/s_axi adapters, out-of-context)",,,pnr_ooc,300,ok,,,,,4422,7646,16,10,2,6,0,0.671,0.0,,291,,,139,217,40,0,,,allo/reports/allo-strided_n256_wrap_pnr,,"complex float32 (IEEE-754 binary32 real and imaginary parts; forward transform, unscaled)",,,445,,,,,,,,,,,,,,,,,,,,,,"opt 13 s, phys_opt 1 s; 0 failing of 17850 endpoints; WHS 0.019 ns; routable nets 11246, routing errors 0",,,,,,,,,,,,,,,,,,,,,,,,,,,,,,,,,,,,,,,,,,"m_axi x4, 32-bit data (float real[N], img[N], real_twid[N/2], img_twid[N/2]; real/img in-place) + s_axi_control; Allo wrap_io=True: load loops into on-chip buffers -> kernel -> store loops (1 float per beat per port)",,256,strided_fft FFT_SIZE=256 wrap_io=True,"natural-order input, bit-reversed-order output (DIF); validated against numpy.fft permuted to bit-reversed index order",,,,,,this_agent,,,,,,,,,,,,,,,,,,,,,,,,,,,,,,,,,,,,,,,,,,,,
e2_fft/allo,E2,allo-strided_n512_raw_cosim,E2,"Allo (examples/machsuite/fft/strided: radix-2 DIF, in-place, sequential)",512-point radix-2 complex FFT; 4 kernel calls back-to-back (one transform per call),,,cosim,300,ok,True,,145772,,,,,,,,,,,,554,,,,,,,,,"allo/reports/allo-strided_n512_raw_cosim,allo/validation/allo-strided_n512_raw_cosim",,"complex float32 (IEEE-754 binary32 real and imaginary parts; forward transform, unscaled)",,145745.0,,,,,,,,,,,,,,,,,,,,,,,"Vitis cosim transaction report: per-call latency [145772, 145730, 145730, 145730] (ap_start to ap_done via s_axi_control), call intervals [145773, 145731, 145731]; calls do not overlap; first_output_cycles not observable (results are written back to m_axi by the store stage at the end of the call); 4 transforms checked; RTL outputs compared in bit-reversed index order",,,,,,,,,,,,,,,,,,,,,,,,,,,,,,,,,,,,,,,,,4,"m_axi x4, 32-bit data (float real[N], img[N], real_twid[N/2], img_twid[N/2]; real/img in-place) + s_axi_control; wrap_io=False: kernel loops access m_axi directly",,512,strided_fft FFT_SIZE=512 wrap_io=False,"natural-order input, bit-reversed-order output (DIF); validated against numpy.fft permuted to bit-reversed index order","transform 0 = HP-FFT shipped test signal, transforms 1..3 = LCG(0x12345678) U[-1,1)",,4,1.453e-05,1.330e-07,previous_agent,,,,,,,,,,,,,,,,,,,,,,,,,,,,,,,,,,,,,,,,,,,,
e2_fft/allo,E2,allo-strided_n512_raw_pnr,E2,"Allo (examples/machsuite/fft/strided: radix-2 DIF, in-place, sequential)","512-point radix-2 complex FFT (one fft kernel instance with its m_axi/s_axi adapters, out-of-context)",,,pnr_ooc,300,ok,,,,,4948,8015,20,6,0,6,0,0.665,0.0,,554,,,129,191,38,0,,,allo/reports/allo-strided_n512_raw_pnr,,"complex float32 (IEEE-754 binary32 real and imaginary parts; forward transform, unscaled)",,,405,,,,,,,,,,,,,,,,,,,,,,"opt 12 s, phys_opt 1 s; 0 failing of 18258 endpoints; WHS 0.021 ns; routable nets 11897, routing errors 0",,,,,,,,,,,,,,,,,,,,,,,,,,,,,,,,,,,,,,,,,,"m_axi x4, 32-bit data (float real[N], img[N], real_twid[N/2], img_twid[N/2]; real/img in-place) + s_axi_control; wrap_io=False: kernel loops access m_axi directly",,512,strided_fft FFT_SIZE=512 wrap_io=False,"natural-order input, bit-reversed-order output (DIF); validated against numpy.fft permuted to bit-reversed index order",,,,,,this_agent,,,,,,,,,,,,,,,,,,,,,,,,,,,,,,,,,,,,,,,,,,,,
e2_fft/allo,E2,allo-strided_n512_wrap_cosim,E2,"Allo (examples/machsuite/fft/strided: radix-2 DIF, in-place, sequential)",512-point radix-2 complex FFT; 6 kernel calls back-to-back (one transform per call),,,cosim,300,ok,True,,58808,,,,,,,,,,,,308,,,,,,,,,"allo/reports/allo-strided_n512_wrap_cosim,allo/validation/allo-strided_n512_wrap_cosim",,"complex float32 (IEEE-754 binary32 real and imaginary parts; forward transform, unscaled)",,58767.0,,,,,,,,,,,,,,,,,,,,,,,"Vitis cosim transaction report: per-call latency [58808, 58766, 58766, 58766, 58766, 58766] (ap_start to ap_done via s_axi_control), call intervals [58809, 58767, 58767, 58767, 58767]; calls do not overlap; first_output_cycles not observable (results are written back to m_axi by the store stage at the end of the call); per seed: seed 0: pass (2 transforms, max abs err 6.90e-06), seed 1: pass (2 transforms, max abs err 6.38e-06), seed 2: pass (2 transforms, max abs err 7.14e-06); RTL outputs compared in bit-reversed index order",,,,,,,,,,,,,,,,,,,,,,,,,,,,,,,,,,,,,,,,,6,"m_axi x4, 32-bit data (float real[N], img[N], real_twid[N/2], img_twid[N/2]; real/img in-place) + s_axi_control; Allo wrap_io=True: load loops into on-chip buffers -> kernel -> store loops (1 float per beat per port)",,512,strided_fft FFT_SIZE=512 wrap_io=True,"natural-order input, bit-reversed-order output (DIF); validated against numpy.fft permuted to bit-reversed index order","numpy.random.RandomState seeds 0/1/2, re,im ~ U[-1,1) float32; 6 transforms = 2 per seed","0,1,2",6,7.142e-06,1.429e-07,this_agent,,,,,,,,,,,,,,,,,,,,,,,,,,,,,,,,,,,,,,,,,,,,
e2_fft/allo,E2,allo-strided_n512_wrap_cosim_lcg,E2,"Allo (examples/machsuite/fft/strided: radix-2 DIF, in-place, sequential)",512-point radix-2 complex FFT; 4 kernel calls back-to-back (one transform per call),,,cosim,300,ok,True,,58808,,,,,,,,,,,,463,,,,,,,,,"allo/reports/allo-strided_n512_wrap_cosim_lcg,allo/validation/allo-strided_n512_wrap_cosim_lcg",,"complex float32 (IEEE-754 binary32 real and imaginary parts; forward transform, unscaled)",,58781.0,,,,,,,,,,,,,,,,,,,,,,,"Vitis cosim transaction report: per-call latency [58808, 58766, 58766, 58766] (ap_start to ap_done via s_axi_control), call intervals [58809, 58767, 58767]; calls do not overlap; first_output_cycles not observable (results are written back to m_axi by the store stage at the end of the call); 4 transforms checked; RTL outputs compared in bit-reversed index order",,,,,,,,,,,,,,,,,,,,,,,,,,,,,,,,,,,,,,,,,4,"m_axi x4, 32-bit data (float real[N], img[N], real_twid[N/2], img_twid[N/2]; real/img in-place) + s_axi_control; Allo wrap_io=True: load loops into on-chip buffers -> kernel -> store loops (1 float per beat per port)",,512,strided_fft FFT_SIZE=512 wrap_io=True,"natural-order input, bit-reversed-order output (DIF); validated against numpy.fft permuted to bit-reversed index order","transform 0 = HP-FFT shipped test signal, transforms 1..3 = LCG(0x12345678) U[-1,1)",,4,1.453e-05,1.330e-07,previous_agent,,,,,,,,,,,,,,,,,,,,,,,,,,,,,,,,,,,,,,,,,,,,
e2_fft/allo,E2,allo-strided_n512_wrap_pnr,E2,"Allo (examples/machsuite/fft/strided: radix-2 DIF, in-place, sequential)","512-point radix-2 complex FFT (one fft kernel instance with its m_axi/s_axi adapters, out-of-context)",,,pnr_ooc,300,ok,,,,,4316,7542,16,12,2,8,0,0.694,0.0,,463,,,131,194,35,0,,,allo/reports/allo-strided_n512_wrap_pnr,,"complex float32 (IEEE-754 binary32 real and imaginary parts; forward transform, unscaled)",,,409,,,,,,,,,,,,,,,,,,,,,,"opt 13 s, phys_opt 2 s; 0 failing of 16588 endpoints; WHS 0.021 ns; routable nets 11141, routing errors 0",,,,,,,,,,,,,,,,,,,,,,,,,,,,,,,,,,,,,,,,,,"m_axi x4, 32-bit data (float real[N], img[N], real_twid[N/2], img_twid[N/2]; real/img in-place) + s_axi_control; Allo wrap_io=True: load loops into on-chip buffers -> kernel -> store loops (1 float per beat per port)",,512,strided_fft FFT_SIZE=512 wrap_io=True,"natural-order input, bit-reversed-order output (DIF); validated against numpy.fft permuted to bit-reversed index order",,,,,,this_agent,,,,,,,,,,,,,,,,,,,,,,,,,,,,,,,,,,,,,,,,,,,,
e3_tpu,E3,e3_block_timed2,E3,SPMW mini-TPU (gptkern_302),"gpt2-medium one block, seq 128",,,board,300,pass,True,,,,132922,116913,304,187,,,0,0.016,0.0,,,,,,,,,,,reports/e3_block_timed2_results.json,,"int8 x int8 -> int32, host requantisation (see README)",,,,,,,,,,,,,,,,,,,,,,,,,,,,,,,,,,,,,,,,,,,,,,,,,,,,,,,,,,,,,,,,,,,,,,,,,,,,,,4,624,0.0727,0.0723,0.3718,4.644,0.053,13.08,"yes: LN/RMSNorm, RoPE, mask, GELU/SiLU-gate, residual, requantisation on the host",,,,,,,,,,,,,,,,,,,,,,,,,,,,,,,,,,,
e3_tpu,E3,e3_llama_dev,E3,SPMW mini-TPU (gptkern_302),"llama-7b one block, seq 128",,,board,300,pass,True,,,,132922,116913,304,187,,,0,0.016,0.0,,,,,,,,,,,reports/e3_llama_dev_results.json,,"int8 x int8 -> int32, host requantisation (see README)",,,,,,,,,,,,,,,,,,,,,,,,,,,,,,,,,,,,,,,,,,,,,,,,,,,,,,,,,,,,,,,,,,,,,,,,,,,,,,2,4064,0.7152,0.7046,2.3815,28.851,0.0388,138.06,"yes: LN/RMSNorm, RoPE, mask, GELU/SiLU-gate, residual, requantisation on the host",,,,,,,,,,,,,,,,,,,,,,,,,,,,,,,,,,,
e4_feather,E4,spmw_gemm128_N4_stream_general,E4,SPMW port,"gemm M=N=K=128 int8, drivers' tiling Mt=2 Kt=8 Nt=4 (loop n,m,k), 32768 tiles, host accumulates the K partials",,,cosim,300,pass,"SPMW COSIM PASS (524288/524288 tokens, 0 errors); host reduction vs numpy: pass (0 bad elements)",50,262182,,,,,,,,,,,,146.8,,,,,,,,,/scratch/hc676/spmw_eval_remaining_2026-09-06/e4_feather/reports/spmw_gemm128_N4_stream_general; /scratch/hc676/spmw_eval_remaining_2026-09-06/e4_feather/validation/spmw_gemm128_N4_stream_general; run dir /scratch/hc676/e4b_spmw/wl_gemm_N4_stream,,,,,754.4,,,,feather_stream (every operand streamed),,,,,,,,,,,,,,,,,,,,,,,,,,,,,,,,,,,,,,,,,,,,,,,,,,,,,,,,,,,,,,,,,,,,,,,,,,,,,,,,4x4,"general (int8 -128..127 on the SPMW port / uint8 0..255 with zero point 0 on the RTL: the same stored bytes, seed 0)","drivers' GEMM layout program for AW=4 (examples/feather/gemm.py), one program for every tile",32768,8.0,this agent (e4b_* dirs),,,,,,,,,,,,,,,,,,,,,,,,,,,,,
e4_feather,E4,rtl_fixed_gemm128_N4_feed_general,E4,FEATHER RTL,"gemm M=N=K=128 int8, drivers' tiling Mt=2 Kt=8 Nt=4 (loop n,m,k), 32768 tiles, host accumulates the K partials; a weight feed per tile (MODE 0)",,,rtl_sim,300,pass,32768/32768 tiles bit-exact vs the RTL-arithmetic model; host reduction vs numpy: pass (0 bad elements); signed_equals_rtl=True,81,2097169,,,,,,,,,,,,,,,,,,,,,/scratch/hc676/spmw_eval_remaining_2026-09-06/e4_feather/reports/rtl_fixed_gemm128_N4_feed_general; /scratch/hc676/spmw_eval_remaining_2026-09-06/e4_feather/validation/rtl_fixed_gemm128_N4_feed_general; run dir /scratch/hc676/e4b_rtl_runs/wl_gemm_N4_m0,,,,,105.2,,,,corrected controller,,,,,,,,,,,,,,,,,,,,,,,,,,,,,,,,,,,,,,,,,,,,,,,,,,,,,,,,,,,,,,,,,,,,,,,,,,,,,,,,4x4,"general (int8 -128..127 on the SPMW port / uint8 0..255 with zero point 0 on the RTL: the same stored bytes, seed 0)","drivers' GEMM layout program for AW=4 (examples/feather/gemm.py), one program for every tile",32768,64.0,this agent (e4b_* dirs),,,,,,,,,,,,,,,,,,,,,,,,,,,,,
e4_feather,E4,spmw_gemm128_N4_resident_general,E4,SPMW port,"gemm M=N=K=128 int8, drivers' tiling Mt=2 Kt=8 Nt=4 (loop n,m,k), 32768 tiles, host accumulates the K partials; every tile's activations through tile 0's resident weights (datapath throughput, not the workload's result)",,,cosim,300,pass,"SPMW COSIM PASS (524288/524288 tokens, 0 errors)",50,131118,,,,,,,,,,,,172.0,,,,,,,,,/scratch/hc676/spmw_eval_remaining_2026-09-06/e4_feather/reports/spmw_gemm128_N4_resident_general; /scratch/hc676/spmw_eval_remaining_2026-09-06/e4_feather/validation/spmw_gemm128_N4_resident_general; run dir /scratch/hc676/e4b_spmw/wl_gemm_N4_x,,,,,870.0,,,,feather_stream_x (weights and commands resident),,,,,,,,,,,,,,,,,,,,,,,,,,,,,,,,,,,,,,,,,,,,,,,,,,,,,,,,,,,,,,,,,,,,,,,,,,,,,,,,4x4,"general (int8 -128..127 on the SPMW port / uint8 0..255 with zero point 0 on the RTL: the same stored bytes, seed 0)","drivers' GEMM layout program for AW=4 (examples/feather/gemm.py), one program for every tile",32768,4.0,this agent (e4b_* dirs),,,,,,,,,,,,,,,,,,,,,,,,,,,,,
e4_feather,E4,rtl_fixed_gemm128_N4_resident_general,E4,FEATHER RTL,"gemm M=N=K=128 int8, drivers' tiling Mt=2 Kt=8 Nt=4 (loop n,m,k), 32768 tiles, host accumulates the K partials; one feed, then every tile's activations through tile 0's resident weights (MODE 1; datapath throughput, not the workload's result)",,,rtl_sim,300,pass,32768/32768 tiles bit-exact vs the RTL-arithmetic model; signed_equals_rtl=True,81,131149,,,,,,,,,,,,,,,,,,,,,/scratch/hc676/spmw_eval_remaining_2026-09-06/e4_feather/reports/rtl_fixed_gemm128_N4_resident_general; /scratch/hc676/spmw_eval_remaining_2026-09-06/e4_feather/validation/rtl_fixed_gemm128_N4_resident_general; run dir /scratch/hc676/e4b_rtl_runs/wl_gemm_N4_m1,,,,,38.8,,,,corrected controller,,,,,,,,,,,,,,,,,,,,,,,,,,,,,,,,,,,,,,,,,,,,,,,,,,,,,,,,,,,,,,,,,,,,,,,,,,,,,,,,4x4,"general (int8 -128..127 on the SPMW port / uint8 0..255 with zero point 0 on the RTL: the same stored bytes, seed 0)","drivers' GEMM layout program for AW=4 (examples/feather/gemm.py), one program for every tile",32768,4.0,this agent (e4b_* dirs),,,,,,,,,,,,,,,,,,,,,,,,,,,,,
e4_feather,E4,spmw_gemm128_N8_stream_general,E4,SPMW port,"gemm M=N=K=128 int8, drivers' tiling Mt=4 Kt=16 Nt=8 (loop n,m,k), 4096 tiles, host accumulates the K partials",,,cosim,300,pass,"SPMW COSIM PASS (262144/262144 tokens, 0 errors); host reduction vs numpy: pass (0 bad elements)",132,65644,,,,,,,,,,,,,,,,,,,,,/scratch/hc676/spmw_eval_remaining_2026-09-06/e4_feather/reports/spmw_gemm128_N8_stream_general; /scratch/hc676/spmw_eval_remaining_2026-09-06/e4_feather/validation/spmw_gemm128_N8_stream_general; run dir /scratch/hc676/e4b_spmw/wl_gemm_N8_stream,,,,,63.8,,,,feather_stream (every operand streamed),,,,,,,,,,,,,,,,,,,,,,,,,,,,,,,,,,,,,,,,,,,,,,,,,,,,,,,,,,,,,,,,,,,,,,,,,,,,,,,,8x8,"general (int8 -128..127 on the SPMW port / uint8 0..255 with zero point 0 on the RTL: the same stored bytes, seed 0)","drivers' GEMM layout program for AW=8 (examples/feather/gemm.py), one program for every tile",4096,16.0,this agent (e4b_* dirs),,,,,,,,,,,,,,,,,,,,,,,,,,,,,
e4_feather,E4,rtl_fixed_gemm128_N8_feed_general,E4,FEATHER RTL,"gemm M=N=K=128 int8, drivers' tiling Mt=4 Kt=16 Nt=8 (loop n,m,k), 4096 tiles, host accumulates the K partials; a weight feed per tile (MODE 0)",,,rtl_sim,300,pass,4096/4096 tiles bit-exact vs the RTL-arithmetic model; host reduction vs numpy: pass (0 bad elements); signed_equals_rtl=True,539,2097179,,,,,,,,,,,,,,,,,,,,,/scratch/hc676/spmw_eval_remaining_2026-09-06/e4_feather/reports/rtl_fixed_gemm128_N8_feed_general; /scratch/hc676/spmw_eval_remaining_2026-09-06/e4_feather/validation/rtl_fixed_gemm128_N8_feed_general; run dir /scratch/hc676/e4b_rtl_runs/wl_gemm_N8_m0,,,,,345.5,,,,corrected controller,,,,,,,,,,,,,,,,,,,,,,,,,,,,,,,,,,,,,,,,,,,,,,,,,,,,,,,,,,,,,,,,,,,,,,,,,,,,,,,,8x8,"general (int8 -128..127 on the SPMW port / uint8 0..255 with zero point 0 on the RTL: the same stored bytes, seed 0)","drivers' GEMM layout program for AW=8 (examples/feather/gemm.py), one program for every tile",4096,512.0,this agent (e4b_* dirs),,,,,,,,,,,,,,,,,,,,,,,,,,,,,
e4_feather,E4,spmw_gemm128_N8_resident_general,E4,SPMW port,"gemm M=N=K=128 int8, drivers' tiling Mt=4 Kt=16 Nt=8 (loop n,m,k), 4096 tiles, host accumulates the K partials; every tile's activations through tile 0's resident weights (datapath throughput, not the workload's result)",,,cosim,300,pass,"SPMW COSIM PASS (262144/262144 tokens, 0 errors)",96,32856,,,,,,,,,,,,,,,,,,,,,/scratch/hc676/spmw_eval_remaining_2026-09-06/e4_feather/reports/spmw_gemm128_N8_resident_general; /scratch/hc676/spmw_eval_remaining_2026-09-06/e4_feather/validation/spmw_gemm128_N8_resident_general; run dir /scratch/hc676/e4b_spmw/wl_gemm_N8_x,,,,,39.6,,,,feather_stream_x (weights and commands resident),,,,,,,,,,,,,,,,,,,,,,,,,,,,,,,,,,,,,,,,,,,,,,,,,,,,,,,,,,,,,,,,,,,,,,,,,,,,,,,,8x8,"general (int8 -128..127 on the SPMW port / uint8 0..255 with zero point 0 on the RTL: the same stored bytes, seed 0)","drivers' GEMM layout program for AW=8 (examples/feather/gemm.py), one program for every tile",4096,8.0,this agent (e4b_* dirs),,,,,,,,,,,,,,,,,,,,,,,,,,,,,
e4_feather,E4,rtl_fixed_gemm128_N8_resident_general,E4,FEATHER RTL,"gemm M=N=K=128 int8, drivers' tiling Mt=4 Kt=16 Nt=8 (loop n,m,k), 4096 tiles, host accumulates the K partials; one feed, then every tile's activations through tile 0's resident weights (MODE 1; datapath throughput, not the workload's result)",,,rtl_sim,300,pass,4096/4096 tiles bit-exact vs the RTL-arithmetic model; signed_equals_rtl=True,539,33299,,,,,,,,,,,,,,,,,,,,,/scratch/hc676/spmw_eval_remaining_2026-09-06/e4_feather/reports/rtl_fixed_gemm128_N8_resident_general; /scratch/hc676/spmw_eval_remaining_2026-09-06/e4_feather/validation/rtl_fixed_gemm128_N8_resident_general; run dir /scratch/hc676/e4b_rtl_runs/wl_gemm_N8_m1,,,,,20.1,,,,corrected controller,,,,,,,,,,,,,,,,,,,,,,,,,,,,,,,,,,,,,,,,,,,,,,,,,,,,,,,,,,,,,,,,,,,,,,,,,,,,,,,,8x8,"general (int8 -128..127 on the SPMW port / uint8 0..255 with zero point 0 on the RTL: the same stored bytes, seed 0)","drivers' GEMM layout program for AW=8 (examples/feather/gemm.py), one program for every tile",4096,8.0,this agent (e4b_* dirs),,,,,,,,,,,,,,,,,,,,,,,,,,,,,
e4_feather,E4,spmw_gemm128_N16_stream_general,E4,SPMW port,"gemm M=N=K=128 int8, drivers' tiling Mt=8 Kt=32 Nt=16 (loop n,m,k), 512 tiles, host accumulates the K partials",,,cosim,300,pass,"SPMW COSIM PASS (131072/131072 tokens, 0 errors); host reduction vs numpy: pass (0 bad elements)",384,16720,,,,,,,,,,,,,,,,,,,,,/scratch/hc676/spmw_eval_remaining_2026-09-06/e4_feather/reports/spmw_gemm128_N16_stream_general; /scratch/hc676/spmw_eval_remaining_2026-09-06/e4_feather/validation/spmw_gemm128_N16_stream_general; run dir /scratch/hc676/e4b_spmw/wl_gemm_N16_stream,,,,,69.8,,,,feather_stream (every operand streamed),,,,,,,,,,,,,,,,,,,,,,,,,,,,,,,,,,,,,,,,,,,,,,,,,,,,,,,,,,,,,,,,,,,,,,,,,,,,,,,,16x16,"general (int8 -128..127 on the SPMW port / uint8 0..255 with zero point 0 on the RTL: the same stored bytes, seed 0)","drivers' GEMM layout program for AW=16 (examples/feather/gemm.py), one program for every tile",512,32.0,this agent (e4b_* dirs),,,,,,,,,,,,,,,,,,,,,,,,,,,,,
e4_feather,E4,rtl_fixed_gemm128_N16_feed_general,E4,FEATHER RTL,"gemm M=N=K=128 int8, drivers' tiling Mt=8 Kt=32 Nt=16 (loop n,m,k), 512 tiles, host accumulates the K partials; a weight feed per tile (MODE 0)",,,rtl_sim,300,pass,512/512 tiles bit-exact vs the RTL-arithmetic model; host reduction vs numpy: pass (0 bad elements); signed_equals_rtl=True,4141,2097197,,,,,,,,,,,,,,,,,,,,,/scratch/hc676/spmw_eval_remaining_2026-09-06/e4_feather/reports/rtl_fixed_gemm128_N16_feed_general; /scratch/hc676/spmw_eval_remaining_2026-09-06/e4_feather/validation/rtl_fixed_gemm128_N16_feed_general; run dir /scratch/hc676/e4b_rtl_runs/wl_gemm_N16_m0,,,,,1194.2,,,,corrected controller,,,,,,,,,,,,,,,,,,,,,,,,,,,,,,,,,,,,,,,,,,,,,,,,,,,,,,,,,,,,,,,,,,,,,,,,,,,,,,,,16x16,"general (int8 -128..127 on the SPMW port / uint8 0..255 with zero point 0 on the RTL: the same stored bytes, seed 0)","drivers' GEMM layout program for AW=16 (examples/feather/gemm.py), one program for every tile",512,4096.0,this agent (e4b_* dirs),,,,,,,,,,,,,,,,,,,,,,,,,,,,,
e4_feather,E4,spmw_gemm128_N16_resident_general,E4,SPMW port,"gemm M=N=K=128 int8, drivers' tiling Mt=8 Kt=32 Nt=16 (loop n,m,k), 512 tiles, host accumulates the K partials; every tile's activations through tile 0's resident weights (datapath throughput, not the workload's result)",,,cosim,300,pass,"SPMW COSIM PASS (131072/131072 tokens, 0 errors)",164,8340,,,,,,,,,,,,,,,,,,,,,/scratch/hc676/spmw_eval_remaining_2026-09-06/e4_feather/reports/spmw_gemm128_N16_resident_general; /scratch/hc676/spmw_eval_remaining_2026-09-06/e4_feather/validation/spmw_gemm128_N16_resident_general; run dir /scratch/hc676/e4b_spmw/wl_gemm_N16_x,,,,,57.1,,,,feather_stream_x (weights and commands resident),,,,,,,,,,,,,,,,,,,,,,,,,,,,,,,,,,,,,,,,,,,,,,,,,,,,,,,,,,,,,,,,,,,,,,,,,,,,,,,,16x16,"general (int8 -128..127 on the SPMW port / uint8 0..255 with zero point 0 on the RTL: the same stored bytes, seed 0)","drivers' GEMM layout program for AW=16 (examples/feather/gemm.py), one program for every tile",512,16.0,this agent (e4b_* dirs),,,,,,,,,,,,,,,,,,,,,,,,,,,,,
e4_feather,E4,rtl_fixed_gemm128_N16_resident_general,E4,FEATHER RTL,"gemm M=N=K=128 int8, drivers' tiling Mt=8 Kt=32 Nt=16 (loop n,m,k), 512 tiles, host accumulates the K partials; one feed, then every tile's activations through tile 0's resident weights (MODE 1; datapath throughput, not the workload's result)",,,rtl_sim,300,pass,512/512 tiles bit-exact vs the RTL-arithmetic model; signed_equals_rtl=True,4141,12317,,,,,,,,,,,,,,,,,,,,,/scratch/hc676/spmw_eval_remaining_2026-09-06/e4_feather/reports/rtl_fixed_gemm128_N16_resident_general; /scratch/hc676/spmw_eval_remaining_2026-09-06/e4_feather/validation/rtl_fixed_gemm128_N16_resident_general; run dir /scratch/hc676/e4b_rtl_runs/wl_gemm_N16_m1,,,,,17.4,,,,corrected controller,,,,,,,,,,,,,,,,,,,,,,,,,,,,,,,,,,,,,,,,,,,,,,,,,,,,,,,,,,,,,,,,,,,,,,,,,,,,,,,,16x16,"general (int8 -128..127 on the SPMW port / uint8 0..255 with zero point 0 on the RTL: the same stored bytes, seed 0)","drivers' GEMM layout program for AW=16 (examples/feather/gemm.py), one program for every tile",512,16.0,this agent (e4b_* dirs),,,,,,,,,,,,,,,,,,,,,,,,,,,,,
e4_feather,E4,spmw_conv_N4_stream_general,E4,SPMW port,"conv 16x16x64 -> 64ch 3x3 s1 p1 NHWC int8, drivers' tiling (RS 9 padded to 12, tile = [4 taps x 4 channels] x 4 out-channels), 196608 tiles, host accumulates over channel and tap blocks",,,cosim,300,pass,"SPMW COSIM PASS (3145728/3145728 tokens, 0 errors); host reduction vs numpy: pass (0 bad elements)",50,1572902,,,,,,,,,,,,,,,,,,,,,/scratch/hc676/spmw_eval_remaining_2026-09-06/e4_feather/reports/spmw_conv_N4_stream_general; /scratch/hc676/spmw_eval_remaining_2026-09-06/e4_feather/validation/spmw_conv_N4_stream_general; run dir /scratch/hc676/e4b_spmw/wl_conv_N4_stream,,,,,224.2,,,,feather_stream (every operand streamed),,,,,,,,,,,,,,,,,,,,,,,,,,,,,,,,,,,,,,,,,,,,,,,,,,,,,,,,,,,,,,,,,,,,,,,,,,,,,,,,4x4,"general (int8 -128..127 on the SPMW port / uint8 0..255 with zero point 0 on the RTL: the same stored bytes, seed 0)","drivers' four conv programs (examples/feather/convolution.py), program (p*Q+q) mod 4 per tile",196608,8.0,this agent (e4b_* dirs),,,,,,,,,,,,,,,,,,,,,,,,,,,,,
e4_feather,E4,rtl_fixed_conv_N4_feed_general,E4,FEATHER RTL,"conv 16x16x64 -> 64ch 3x3 s1 p1 NHWC int8, drivers' tiling (RS 9 padded to 12, tile = [4 taps x 4 channels] x 4 out-channels), 196608 tiles, host accumulates over channel and tap blocks; a weight feed per tile (MODE 0)",,,rtl_sim,300,pass,196608/196608 tiles bit-exact vs the RTL-arithmetic model; host reduction vs numpy: pass (0 bad elements); signed_equals_rtl=True,81,12582929,,,,,,,,,,,,,,,,,,,,,/scratch/hc676/spmw_eval_remaining_2026-09-06/e4_feather/reports/rtl_fixed_conv_N4_feed_general; /scratch/hc676/spmw_eval_remaining_2026-09-06/e4_feather/validation/rtl_fixed_conv_N4_feed_general; run dir /scratch/hc676/e4b_rtl_runs/wl_conv_N4_m0,,,,,543.2,,,,corrected controller,,,,,,,,,,,,,,,,,,,,,,,,,,,,,,,,,,,,,,,,,,,,,,,,,,,,,,,,,,,,,,,,,,,,,,,,,,,,,,,,4x4,"general (int8 -128..127 on the SPMW port / uint8 0..255 with zero point 0 on the RTL: the same stored bytes, seed 0)","drivers' four conv programs (examples/feather/convolution.py), program (p*Q+q) mod 4 per tile",196608,64.0,this agent (e4b_* dirs),,,,,,,,,,,,,,,,,,,,,,,,,,,,,
e4_feather,E4,spmw_conv_N4_resident_general,E4,SPMW port,"conv 16x16x64 -> 64ch 3x3 s1 p1 NHWC int8, drivers' tiling (RS 9 padded to 12, tile = [4 taps x 4 channels] x 4 out-channels), 196608 tiles, host accumulates over channel and tap blocks; every tile's activations through tile 0's resident weights and program",,,cosim,300,pass,"SPMW COSIM PASS (3145728/3145728 tokens, 0 errors)",50,786478,,,,,,,,,,,,,,,,,,,,,/scratch/hc676/spmw_eval_remaining_2026-09-06/e4_feather/reports/spmw_conv_N4_resident_general; /scratch/hc676/spmw_eval_remaining_2026-09-06/e4_feather/validation/spmw_conv_N4_resident_general; run dir /scratch/hc676/e4b_spmw/wl_conv_N4_x,,,,,119.0,,,,feather_stream_x (weights and commands resident),,,,,,,,,,,,,,,,,,,,,,,,,,,,,,,,,,,,,,,,,,,,,,,,,,,,,,,,,,,,,,,,,,,,,,,,,,,,,,,,4x4,"general (int8 -128..127 on the SPMW port / uint8 0..255 with zero point 0 on the RTL: the same stored bytes, seed 0)","drivers' four conv programs (examples/feather/convolution.py), program (p*Q+q) mod 4 per tile",196608,4.0,this agent (e4b_* dirs),,,,,,,,,,,,,,,,,,,,,,,,,,,,,
e4_feather,E4,rtl_fixed_conv_N4_resident_general,E4,FEATHER RTL,"conv 16x16x64 -> 64ch 3x3 s1 p1 NHWC int8, drivers' tiling (RS 9 padded to 12, tile = [4 taps x 4 channels] x 4 out-channels), 196608 tiles, host accumulates over channel and tap blocks; one feed, then every tile's activations and programs through tile 0's resident weights (MODE 1)",,,rtl_sim,300,pass,196608/196608 tiles bit-exact vs the RTL-arithmetic model; signed_equals_rtl=True,81,786509,,,,,,,,,,,,,,,,,,,,,/scratch/hc676/spmw_eval_remaining_2026-09-06/e4_feather/reports/rtl_fixed_conv_N4_resident_general; /scratch/hc676/spmw_eval_remaining_2026-09-06/e4_feather/validation/rtl_fixed_conv_N4_resident_general; run dir /scratch/hc676/e4b_rtl_runs/wl_conv_N4_m1,,,,,129.3,,,,corrected controller,,,,,,,,,,,,,,,,,,,,,,,,,,,,,,,,,,,,,,,,,,,,,,,,,,,,,,,,,,,,,,,,,,,,,,,,,,,,,,,,4x4,"general (int8 -128..127 on the SPMW port / uint8 0..255 with zero point 0 on the RTL: the same stored bytes, seed 0)","drivers' four conv programs (examples/feather/convolution.py), program (p*Q+q) mod 4 per tile",196608,4.0,this agent (e4b_* dirs),,,,,,,,,,,,,,,,,,,,,,,,,,,,,
e4_feather,E4,spmw_conv_N8_stream_general,E4,SPMW port,"conv 16x16x64 -> 64ch 3x3 s1 p1 NHWC int8, drivers' tiling (RS 9 padded to 16, tile = [8 taps x 8 channels] x 8 out-channels), 32768 tiles, host accumulates over channel and tap blocks",,,cosim,300,pass,"SPMW COSIM PASS (2097152/2097152 tokens, 0 errors); host reduction vs numpy: pass (0 bad elements)",132,524396,,,,,,,,,,,,143.8,,,,,,,,,/scratch/hc676/spmw_eval_remaining_2026-09-06/e4_feather/reports/spmw_conv_N8_stream_general; /scratch/hc676/spmw_eval_remaining_2026-09-06/e4_feather/validation/spmw_conv_N8_stream_general; run dir /scratch/hc676/e4b_spmw/wl_conv_N8_stream,,,,,1082.1,,,,feather_stream (every operand streamed),,,,,,,,,,,,,,,,,,,,,,,,,,,,,,,,,,,,,,,,,,,,,,,,,,,,,,,,,,,,,,,,,,,,,,,,,,,,,,,,8x8,"general (int8 -128..127 on the SPMW port / uint8 0..255 with zero point 0 on the RTL: the same stored bytes, seed 0)","conv reduce programs for AW=8 found by e4_feather_gen.find_reduce_program (all 8 column sums into column (p*Q+q) mod 8), verified vs feather_ref and the RTL model",32768,16.0,this agent (e4b_* dirs),,,,,,,,,,,,,,,,,,,,,,,,,,,,,
e4_feather,E4,rtl_fixed_conv_N8_feed_general,E4,FEATHER RTL,"conv 16x16x64 -> 64ch 3x3 s1 p1 NHWC int8, drivers' tiling (RS 9 padded to 16, tile = [8 taps x 8 channels] x 8 out-channels), 32768 tiles, host accumulates over channel and tap blocks; a weight feed per tile (MODE 0)",,,rtl_sim,300,pass,32768/32768 tiles bit-exact vs the RTL-arithmetic model; host reduction vs numpy: pass (0 bad elements); signed_equals_rtl=True,539,16777243,,,,,,,,,,,,,,,,,,,,,/scratch/hc676/spmw_eval_remaining_2026-09-06/e4_feather/reports/rtl_fixed_conv_N8_feed_general; /scratch/hc676/spmw_eval_remaining_2026-09-06/e4_feather/validation/rtl_fixed_conv_N8_feed_general; run dir /scratch/hc676/e4b_rtl_runs/wl_conv_N8_m0,,,,,2382.9,,,,corrected controller,,,,,,,,,,,,,,,,,,,,,,,,,,,,,,,,,,,,,,,,,,,,,,,,,,,,,,,,,,,,,,,,,,,,,,,,,,,,,,,,8x8,"general (int8 -128..127 on the SPMW port / uint8 0..255 with zero point 0 on the RTL: the same stored bytes, seed 0)","conv reduce programs for AW=8 found by e4_feather_gen.find_reduce_program (all 8 column sums into column (p*Q+q) mod 8), verified vs feather_ref and the RTL model",32768,512.0,this agent (e4b_* dirs),,,,,,,,,,,,,,,,,,,,,,,,,,,,,
e4_feather,E4,spmw_conv_N8_resident_general,E4,SPMW port,"conv 16x16x64 -> 64ch 3x3 s1 p1 NHWC int8, drivers' tiling (RS 9 padded to 16, tile = [8 taps x 8 channels] x 8 out-channels), 32768 tiles, host accumulates over channel and tap blocks; every tile's activations through tile 0's resident weights and program",,,cosim,300,pass,"SPMW COSIM PASS (2097152/2097152 tokens, 0 errors)",96,262232,,,,,,,,,,,,149.0,,,,,,,,,/scratch/hc676/spmw_eval_remaining_2026-09-06/e4_feather/reports/spmw_conv_N8_resident_general; /scratch/hc676/spmw_eval_remaining_2026-09-06/e4_feather/validation/spmw_conv_N8_resident_general; run dir /scratch/hc676/e4b_spmw/wl_conv_N8_x,,,,,928.9,,,,feather_stream_x (weights and commands resident),,,,,,,,,,,,,,,,,,,,,,,,,,,,,,,,,,,,,,,,,,,,,,,,,,,,,,,,,,,,,,,,,,,,,,,,,,,,,,,,8x8,"general (int8 -128..127 on the SPMW port / uint8 0..255 with zero point 0 on the RTL: the same stored bytes, seed 0)","conv reduce programs for AW=8 found by e4_feather_gen.find_reduce_program (all 8 column sums into column (p*Q+q) mod 8), verified vs feather_ref and the RTL model",32768,8.0,this agent (e4b_* dirs),,,,,,,,,,,,,,,,,,,,,,,,,,,,,
e4_feather,E4,rtl_fixed_conv_N8_resident_general,E4,FEATHER RTL,"conv 16x16x64 -> 64ch 3x3 s1 p1 NHWC int8, drivers' tiling (RS 9 padded to 16, tile = [8 taps x 8 channels] x 8 out-channels), 32768 tiles, host accumulates over channel and tap blocks; one feed, then every tile's activations and programs through tile 0's resident weights (MODE 1)",,,rtl_sim,300,pass,32768/32768 tiles bit-exact vs the RTL-arithmetic model; signed_equals_rtl=True,539,262675,,,,,,,,,,,,,,,,,,,,,/scratch/hc676/spmw_eval_remaining_2026-09-06/e4_feather/reports/rtl_fixed_conv_N8_resident_general; /scratch/hc676/spmw_eval_remaining_2026-09-06/e4_feather/validation/rtl_fixed_conv_N8_resident_general; run dir /scratch/hc676/e4b_rtl_runs/wl_conv_N8_m1,,,,,104.7,,,,corrected controller,,,,,,,,,,,,,,,,,,,,,,,,,,,,,,,,,,,,,,,,,,,,,,,,,,,,,,,,,,,,,,,,,,,,,,,,,,,,,,,,8x8,"general (int8 -128..127 on the SPMW port / uint8 0..255 with zero point 0 on the RTL: the same stored bytes, seed 0)","conv reduce programs for AW=8 found by e4_feather_gen.find_reduce_program (all 8 column sums into column (p*Q+q) mod 8), verified vs feather_ref and the RTL model",32768,8.0,this agent (e4b_* dirs),,,,,,,,,,,,,,,,,,,,,,,,,,,,,
e4_feather,E4,spmw_conv_N16_stream_general,E4,SPMW port,"conv 16x16x64 -> 64ch 3x3 s1 p1 NHWC int8, drivers' tiling (RS 9 padded to 16, tile = [16 taps x 16 channels] x 16 out-channels), 4096 tiles, host accumulates over channel and tap blocks",,,cosim,300,pass,"SPMW COSIM PASS (1048576/1048576 tokens, 0 errors); host reduction vs numpy: pass (0 bad elements)",384,131408,,,,,,,,,,,,134.7,,,,,,,,,/scratch/hc676/spmw_eval_remaining_2026-09-06/e4_feather/reports/spmw_conv_N16_stream_general; /scratch/hc676/spmw_eval_remaining_2026-09-06/e4_feather/validation/spmw_conv_N16_stream_general; run dir /scratch/hc676/e4b_spmw/wl_conv_N16_stream,,,,,1175.8,,,,feather_stream (every operand streamed),,,,,,,,,,,,,,,,,,,,,,,,,,,,,,,,,,,,,,,,,,,,,,,,,,,,,,,,,,,,,,,,,,,,,,,,,,,,,,,,16x16,"general (int8 -128..127 on the SPMW port / uint8 0..255 with zero point 0 on the RTL: the same stored bytes, seed 0)","conv reduce programs for AW=16 found by e4_feather_gen.find_reduce_program (all 16 column sums into column (p*Q+q) mod 16), verified vs feather_ref and the RTL model",4096,32.0,this agent (e4b_* dirs),,,,,,,,,,,,,,,,,,,,,,,,,,,,,
e4_feather,E4,rtl_fixed_conv_N16_feed_general,E4,FEATHER RTL,"conv 16x16x64 -> 64ch 3x3 s1 p1 NHWC int8, drivers' tiling (RS 9 padded to 16, tile = [16 taps x 16 channels] x 16 out-channels), 4096 tiles, host accumulates over channel and tap blocks; a weight feed per tile (MODE 0)",,,rtl_sim,300,pass,4096/4096 tiles bit-exact vs the RTL-arithmetic model; host reduction vs numpy: pass (0 bad elements); signed_equals_rtl=True,4141,16777261,,,,,,,,,,,,,,,,,,,,,/scratch/hc676/spmw_eval_remaining_2026-09-06/e4_feather/reports/rtl_fixed_conv_N16_feed_general; /scratch/hc676/spmw_eval_remaining_2026-09-06/e4_feather/validation/rtl_fixed_conv_N16_feed_general; run dir /scratch/hc676/e4b_rtl_runs/wl_conv_N16_m0,,,,,9142.9,,,,corrected controller,,,,,,,,,,,,,,,,,,,,,,,,,,,,,,,,,,,,,,,,,,,,,,,,,,,,,,,,,,,,,,,,,,,,,,,,,,,,,,,,16x16,"general (int8 -128..127 on the SPMW port / uint8 0..255 with zero point 0 on the RTL: the same stored bytes, seed 0)","conv reduce programs for AW=16 found by e4_feather_gen.find_reduce_program (all 16 column sums into column (p*Q+q) mod 16), verified vs feather_ref and the RTL model",4096,4096.0,this agent (e4b_* dirs),,,,,,,,,,,,,,,,,,,,,,,,,,,,,
e4_feather,E4,spmw_conv_N16_resident_general,E4,SPMW port,"conv 16x16x64 -> 64ch 3x3 s1 p1 NHWC int8, drivers' tiling (RS 9 padded to 16, tile = [16 taps x 16 channels] x 16 out-channels), 4096 tiles, host accumulates over channel and tap blocks; every tile's activations through tile 0's resident weights and program",,,cosim,300,pass,"SPMW COSIM PASS (1048576/1048576 tokens, 0 errors)",164,65684,,,,,,,,,,,,141.7,,,,,,,,,/scratch/hc676/spmw_eval_remaining_2026-09-06/e4_feather/reports/spmw_conv_N16_resident_general; /scratch/hc676/spmw_eval_remaining_2026-09-06/e4_feather/validation/spmw_conv_N16_resident_general; run dir /scratch/hc676/e4b_spmw/wl_conv_N16_x,,,,,987.3,,,,feather_stream_x (weights and commands resident),,,,,,,,,,,,,,,,,,,,,,,,,,,,,,,,,,,,,,,,,,,,,,,,,,,,,,,,,,,,,,,,,,,,,,,,,,,,,,,,16x16,"general (int8 -128..127 on the SPMW port / uint8 0..255 with zero point 0 on the RTL: the same stored bytes, seed 0)","conv reduce programs for AW=16 found by e4_feather_gen.find_reduce_program (all 16 column sums into column (p*Q+q) mod 16), verified vs feather_ref and the RTL model",4096,16.0,this agent (e4b_* dirs),,,,,,,,,,,,,,,,,,,,,,,,,,,,,
e4_feather,E4,rtl_fixed_conv_N16_resident_general,E4,FEATHER RTL,"conv 16x16x64 -> 64ch 3x3 s1 p1 NHWC int8, drivers' tiling (RS 9 padded to 16, tile = [16 taps x 16 channels] x 16 out-channels), 4096 tiles, host accumulates over channel and tap blocks; one feed, then every tile's activations and programs through tile 0's resident weights (MODE 1)",,,rtl_sim,300,pass,4096/4096 tiles bit-exact vs the RTL-arithmetic model; signed_equals_rtl=True,4141,69661,,,,,,,,,,,,,,,,,,,,,/scratch/hc676/spmw_eval_remaining_2026-09-06/e4_feather/reports/rtl_fixed_conv_N16_resident_general; /scratch/hc676/spmw_eval_remaining_2026-09-06/e4_feather/validation/rtl_fixed_conv_N16_resident_general; run dir /scratch/hc676/e4b_rtl_runs/wl_conv_N16_m1,,,,,118.8,,,,corrected controller,,,,,,,,,,,,,,,,,,,,,,,,,,,,,,,,,,,,,,,,,,,,,,,,,,,,,,,,,,,,,,,,,,,,,,,,,,,,,,,,16x16,"general (int8 -128..127 on the SPMW port / uint8 0..255 with zero point 0 on the RTL: the same stored bytes, seed 0)","conv reduce programs for AW=16 found by e4_feather_gen.find_reduce_program (all 16 column sums into column (p*Q+q) mod 16), verified vs feather_ref and the RTL model",4096,16.0,this agent (e4b_* dirs),,,,,,,,,,,,,,,,,,,,,,,,,,,,,
e4_feather,E4,rtl_fixed_N4_tiles_mixed_sign_demo,E4,FEATHER RTL,"4 single tiles back to back, weights resident (MODE 1): stored bytes 0..255 with zero points 128/128, i.e. differences in [-128, 127]",,,rtl_sim,300,pass,4/4 tiles bit-exact vs the RTL-arithmetic model; signed_equals_rtl=False,81,93,,,,,,,,,,,,,,,,,,,,,/scratch/hc676/spmw_eval_remaining_2026-09-06/e4_feather/reports/rtl_fixed_N4_tiles_mixed_sign_demo; /scratch/hc676/spmw_eval_remaining_2026-09-06/e4_feather/validation/rtl_fixed_N4_tiles_mixed_sign_demo; run dir /scratch/hc676/e4b_rtl_runs/demo_mixed_N4,,,,,7.3,,,,corrected controller,,,,,,,,,,,,,,,,,,,,,,,,,,,,,,,,,,,,,,,,,,,,,,,,,,,,,,,,,,,,,,,,,,,,,,,,,,,,,,,,4x4,mixed-sign differences (u - zp < 0 for u < zp): outside the RTL's unsigned datapath,"drivers' GEMM layout program for AW=4 (examples/feather/gemm.py), one program for every tile",4,4.0,this agent (e4b_* dirs),,,,,,,,,,,,,,,,,,,,,,,,,,,,,
e4_feather,E4,rtl_fixed_N8_tiles_mixed_sign_demo,E4,FEATHER RTL,"4 single tiles back to back, weights resident (MODE 1): stored bytes 0..255 with zero points 128/128, i.e. differences in [-128, 127]",,,rtl_sim,300,pass,4/4 tiles bit-exact vs the RTL-arithmetic model; signed_equals_rtl=False,539,563,,,,,,,,,,,,,,,,,,,,,/scratch/hc676/spmw_eval_remaining_2026-09-06/e4_feather/reports/rtl_fixed_N8_tiles_mixed_sign_demo; /scratch/hc676/spmw_eval_remaining_2026-09-06/e4_feather/validation/rtl_fixed_N8_tiles_mixed_sign_demo; run dir /scratch/hc676/e4b_rtl_runs/demo_mixed_N8,,,,,7.1,,,,corrected controller,,,,,,,,,,,,,,,,,,,,,,,,,,,,,,,,,,,,,,,,,,,,,,,,,,,,,,,,,,,,,,,,,,,,,,,,,,,,,,,,8x8,mixed-sign differences (u - zp < 0 for u < zp): outside the RTL's unsigned datapath,"drivers' GEMM layout program for AW=8 (examples/feather/gemm.py), one program for every tile",4,8.0,this agent (e4b_* dirs),,,,,,,,,,,,,,,,,,,,,,,,,,,,,
e4_feather,E4,rtl_fixed_N16_tiles_mixed_sign_demo,E4,FEATHER RTL,"4 single tiles back to back, weights resident (MODE 1): stored bytes 0..255 with zero points 128/128, i.e. differences in [-128, 127]",,,rtl_sim,300,pass,4/4 tiles bit-exact vs the RTL-arithmetic model; signed_equals_rtl=False,4141,4189,,,,,,,,,,,,,,,,,,,,,/scratch/hc676/spmw_eval_remaining_2026-09-06/e4_feather/reports/rtl_fixed_N16_tiles_mixed_sign_demo; /scratch/hc676/spmw_eval_remaining_2026-09-06/e4_feather/validation/rtl_fixed_N16_tiles_mixed_sign_demo; run dir /scratch/hc676/e4b_rtl_runs/demo_mixed_N16,,,,,10.1,,,,corrected controller,,,,,,,,,,,,,,,,,,,,,,,,,,,,,,,,,,,,,,,,,,,,,,,,,,,,,,,,,,,,,,,,,,,,,,,,,,,,,,,,16x16,mixed-sign differences (u - zp < 0 for u < zp): outside the RTL's unsigned datapath,"drivers' GEMM layout program for AW=16 (examples/feather/gemm.py), one program for every tile",4,16.0,this agent (e4b_* dirs),,,,,,,,,,,,,,,,,,,,,,,,,,,,,
e4_feather,E4,rtl_orig_gemm128_N4_feed_general,E4,FEATHER RTL,"gemm M=N=K=128 int8, drivers' tiling Mt=2 Kt=8 Nt=4 (loop n,m,k), 32768 tiles, host accumulates the K partials; a weight feed per tile (MODE 0)",,,rtl_sim,300,fail,0/32768 tiles bit-exact vs the RTL-arithmetic model; signed_equals_rtl=True,,,,,,,,,,,,,,,,,,,,,,,/scratch/hc676/spmw_eval_remaining_2026-09-06/e4_feather/reports/rtl_orig_gemm128_N4_feed_general; /scratch/hc676/spmw_eval_remaining_2026-09-06/e4_feather/validation/rtl_orig_gemm128_N4_feed_general; run dir /scratch/hc676/e4b_rtl_runs/wl_gemm_N4_m0_orig,0/32768 tiles match the model; 524276 bad elements; host_check=None; first bad tile 0,,,,135.3,,,,shipped controller,,,,,,,,,,,,,,,,,,,,,,,,,,,,,,,,,,,,,,,,,,,,,,,,,,,,,,,,,,,,,,,,,,,,,,,,,,,,,,,,4x4,"general (int8 -128..127 on the SPMW port / uint8 0..255 with zero point 0 on the RTL: the same stored bytes, seed 0)","drivers' GEMM layout program for AW=4 (examples/feather/gemm.py), one program for every tile",32768,,this agent (e4b_* dirs),,,,,,,,,,,,,,,,,,,,,,,,,,,,,
e4_feather,E4,spmw_gemm128_N8_stream_constrained,E4,SPMW port,"gemm M=N=K=128 int8, drivers' tiling Mt=4 Kt=16 Nt=8 (loop n,m,k), 4096 tiles, host accumulates the K partials",,,cosim,300,pass,"SPMW COSIM PASS (262144/262144 tokens, 0 errors); (no host reduction recorded for this run)",132,65644,,,,,,,,,,,,143.8,,,,,,,,,/scratch/hc676/spmw_eval_remaining_2026-09-06/e4_feather/reports/spmw_gemm128_N8_stream_constrained; /scratch/hc676/spmw_eval_remaining_2026-09-06/e4_feather/validation/spmw_gemm128_N8_stream_constrained; run dir /scratch/hc676/e4_spmw/wl_gemm_N8_stream,,,,,1247.0,,,,feather_stream (every operand streamed),,,,,,,,,,,,,,,,,,,,,,,,,,,,,,,,,,,,,,,,,,,,,,,,,,,,,,,,,,,,,,,,,,,,,,,,,,,,,,,,8x8,"constrained (d in [0, 8), zero points 7/5 on the RTL; the same d as int8 on the SPMW port)","drivers' GEMM layout program for AW=8 (examples/feather/gemm.py), one program for every tile",4096,16.0,previous agent (e4_* dirs),,,,,,,,,,,,,,,,,,,,,,,,,,,,,
e4_feather,E4,rtl_fixed_gemm128_N8_feed_constrained,E4,FEATHER RTL,"gemm M=N=K=128 int8, drivers' tiling Mt=4 Kt=16 Nt=8 (loop n,m,k), 4096 tiles, host accumulates the K partials; a weight feed per tile (MODE 0)",,,rtl_sim,300,pass,4096/4096 tiles bit-exact vs the RTL-arithmetic model; host reduction vs numpy: pass (0 bad elements); signed_equals_rtl=True,539,2097179,,,,,,,,,,,,,,,,,,,,,/scratch/hc676/spmw_eval_remaining_2026-09-06/e4_feather/reports/rtl_fixed_gemm128_N8_feed_constrained; /scratch/hc676/spmw_eval_remaining_2026-09-06/e4_feather/validation/rtl_fixed_gemm128_N8_feed_constrained; run dir /scratch/hc676/e4_rtl_runs/wl_gemm_N8_m0,,,,,672.0,,,,corrected controller,,,,,,,,,,,,,,,,,,,,,,,,,,,,,,,,,,,,,,,,,,,,,,,,,,,,,,,,,,,,,,,,,,,,,,,,,,,,,,,,8x8,"constrained (d in [0, 8), zero points 7/5 on the RTL; the same d as int8 on the SPMW port)","drivers' GEMM layout program for AW=8 (examples/feather/gemm.py), one program for every tile",4096,512.0,previous agent (e4_* dirs),,,,,,,,,,,,,,,,,,,,,,,,,,,,,
e4_feather,E4,spmw_gemm128_N8_resident_constrained,E4,SPMW port,"gemm M=N=K=128 int8, drivers' tiling Mt=4 Kt=16 Nt=8 (loop n,m,k), 4096 tiles, host accumulates the K partials; activations through tile 0's resident weights",,,cosim,300,pass,"SPMW COSIM PASS (262144/262144 tokens, 0 errors)",96,32856,,,,,,,,,,,,,,,,,,,,,/scratch/hc676/spmw_eval_remaining_2026-09-06/e4_feather/reports/spmw_gemm128_N8_resident_constrained; /scratch/hc676/spmw_eval_remaining_2026-09-06/e4_feather/validation/spmw_gemm128_N8_resident_constrained; run dir /scratch/hc676/e4_spmw/wl_gemm_N8_x,,,,,70.4,,,,feather_stream_x (weights and commands resident),,,,,,,,,,,,,,,,,,,,,,,,,,,,,,,,,,,,,,,,,,,,,,,,,,,,,,,,,,,,,,,,,,,,,,,,,,,,,,,,8x8,"constrained (d in [0, 8), zero points 7/5 on the RTL; the same d as int8 on the SPMW port)","drivers' GEMM layout program for AW=8 (examples/feather/gemm.py), one program for every tile",4096,8.0,previous agent (e4_* dirs),,,,,,,,,,,,,,,,,,,,,,,,,,,,,
e4_feather,E4,rtl_fixed_gemm128_N8_resident_constrained,E4,FEATHER RTL,"gemm M=N=K=128 int8, drivers' tiling Mt=4 Kt=16 Nt=8 (loop n,m,k), 4096 tiles, host accumulates the K partials; one feed, activations through tile 0's resident weights (MODE 1)",,,rtl_sim,300,pass,4096/4096 tiles bit-exact vs the RTL-arithmetic model; signed_equals_rtl=True,539,33299,,,,,,,,,,,,,,,,,,,,,/scratch/hc676/spmw_eval_remaining_2026-09-06/e4_feather/reports/rtl_fixed_gemm128_N8_resident_constrained; /scratch/hc676/spmw_eval_remaining_2026-09-06/e4_feather/validation/rtl_fixed_gemm128_N8_resident_constrained; run dir /scratch/hc676/e4_rtl_runs/wl_gemm_N8_m1,,,,,61.5,,,,corrected controller,,,,,,,,,,,,,,,,,,,,,,,,,,,,,,,,,,,,,,,,,,,,,,,,,,,,,,,,,,,,,,,,,,,,,,,,,,,,,,,,8x8,"constrained (d in [0, 8), zero points 7/5 on the RTL; the same d as int8 on the SPMW port)","drivers' GEMM layout program for AW=8 (examples/feather/gemm.py), one program for every tile",4096,8.0,previous agent (e4_* dirs),,,,,,,,,,,,,,,,,,,,,,,,,,,,,
e4_feather,E4,spmw_gemm128_N16_stream_constrained,E4,SPMW port,"gemm M=N=K=128 int8, drivers' tiling Mt=8 Kt=32 Nt=16 (loop n,m,k), 512 tiles, host accumulates the K partials",,,cosim,300,pass,"SPMW COSIM PASS (131072/131072 tokens, 0 errors); (no host reduction recorded for this run)",384,16720,,,,,,,,,,,,126.7,,,,,,,,,/scratch/hc676/spmw_eval_remaining_2026-09-06/e4_feather/reports/spmw_gemm128_N16_stream_constrained; /scratch/hc676/spmw_eval_remaining_2026-09-06/e4_feather/validation/spmw_gemm128_N16_stream_constrained; run dir /scratch/hc676/e4_spmw/wl_gemm_N16_stream,,,,,1148.8,,,,feather_stream (every operand streamed),,,,,,,,,,,,,,,,,,,,,,,,,,,,,,,,,,,,,,,,,,,,,,,,,,,,,,,,,,,,,,,,,,,,,,,,,,,,,,,,16x16,"constrained (d in [0, 32), zero points 0)","drivers' GEMM layout program for AW=16 (examples/feather/gemm.py), one program for every tile",512,32.0,previous agent (e4_* dirs),,,,,,,,,,,,,,,,,,,,,,,,,,,,,
e4_feather,E4,rtl_fixed_gemm128_N16_feed_constrained,E4,FEATHER RTL,"gemm M=N=K=128 int8, drivers' tiling Mt=8 Kt=32 Nt=16 (loop n,m,k), 512 tiles, host accumulates the K partials; a weight feed per tile (MODE 0)",,,rtl_sim,300,pass,512/512 tiles bit-exact vs the RTL-arithmetic model; host reduction vs numpy: pass (0 bad elements); signed_equals_rtl=True,4141,2097197,,,,,,,,,,,,,,,,,,,,,/scratch/hc676/spmw_eval_remaining_2026-09-06/e4_feather/reports/rtl_fixed_gemm128_N16_feed_constrained; /scratch/hc676/spmw_eval_remaining_2026-09-06/e4_feather/validation/rtl_fixed_gemm128_N16_feed_constrained; run dir /scratch/hc676/e4_rtl_runs/wl_gemm_N16_m0,,,,,1835.7,,,,corrected controller,,,,,,,,,,,,,,,,,,,,,,,,,,,,,,,,,,,,,,,,,,,,,,,,,,,,,,,,,,,,,,,,,,,,,,,,,,,,,,,,16x16,"constrained (d in [0, 32), zero points 0)","drivers' GEMM layout program for AW=16 (examples/feather/gemm.py), one program for every tile",512,4096.0,previous agent (e4_* dirs),,,,,,,,,,,,,,,,,,,,,,,,,,,,,
e4_feather,E4,spmw_gemm128_N16_resident_constrained,E4,SPMW port,"gemm M=N=K=128 int8, drivers' tiling Mt=8 Kt=32 Nt=16 (loop n,m,k), 512 tiles, host accumulates the K partials; activations through tile 0's resident weights",,,cosim,300,pass,"SPMW COSIM PASS (131072/131072 tokens, 0 errors)",164,8340,,,,,,,,,,,,,,,,,,,,,/scratch/hc676/spmw_eval_remaining_2026-09-06/e4_feather/reports/spmw_gemm128_N16_resident_constrained; /scratch/hc676/spmw_eval_remaining_2026-09-06/e4_feather/validation/spmw_gemm128_N16_resident_constrained; run dir /scratch/hc676/e4_spmw/wl_gemm_N16_x,,,,,67.4,,,,feather_stream_x (weights and commands resident),,,,,,,,,,,,,,,,,,,,,,,,,,,,,,,,,,,,,,,,,,,,,,,,,,,,,,,,,,,,,,,,,,,,,,,,,,,,,,,,16x16,"constrained (d in [0, 32), zero points 0)","drivers' GEMM layout program for AW=16 (examples/feather/gemm.py), one program for every tile",512,16.0,previous agent (e4_* dirs),,,,,,,,,,,,,,,,,,,,,,,,,,,,,
e4_feather,E4,rtl_fixed_gemm128_N16_resident_constrained,E4,FEATHER RTL,"gemm M=N=K=128 int8, drivers' tiling Mt=8 Kt=32 Nt=16 (loop n,m,k), 512 tiles, host accumulates the K partials; one feed, activations through tile 0's resident weights (MODE 1)",,,rtl_sim,300,pass,512/512 tiles bit-exact vs the RTL-arithmetic model; signed_equals_rtl=True,4141,12317,,,,,,,,,,,,,,,,,,,,,/scratch/hc676/spmw_eval_remaining_2026-09-06/e4_feather/reports/rtl_fixed_gemm128_N16_resident_constrained; /scratch/hc676/spmw_eval_remaining_2026-09-06/e4_feather/validation/rtl_fixed_gemm128_N16_resident_constrained; run dir /scratch/hc676/e4_rtl_runs/wl_gemm_N16_m1,,,,,69.3,,,,corrected controller,,,,,,,,,,,,,,,,,,,,,,,,,,,,,,,,,,,,,,,,,,,,,,,,,,,,,,,,,,,,,,,,,,,,,,,,,,,,,,,,16x16,"constrained (d in [0, 32), zero points 0)","drivers' GEMM layout program for AW=16 (examples/feather/gemm.py), one program for every tile",512,16.0,previous agent (e4_* dirs),,,,,,,,,,,,,,,,,,,,,,,,,,,,,
e4_feather,E4,spmw_conv_N4_stream_constrained,E4,SPMW port,"conv 16x16x64 -> 64ch 3x3 s1 p1 NHWC int8, drivers' tiling (RS 9 padded to 12, tile = [4 taps x 4 channels] x 4 out-channels), 196608 tiles, host accumulates over channel and tap blocks",,,cosim,300,pass,"SPMW COSIM PASS (3145728/3145728 tokens, 0 errors); (no host reduction recorded for this run)",50,1572902,,,,,,,,,,,,169.0,,,,,,,,,/scratch/hc676/spmw_eval_remaining_2026-09-06/e4_feather/reports/spmw_conv_N4_stream_constrained; /scratch/hc676/spmw_eval_remaining_2026-09-06/e4_feather/validation/spmw_conv_N4_stream_constrained; run dir /scratch/hc676/e4_spmw/wl_conv_N4_stream,,,,,1500.4,,,,feather_stream (every operand streamed),,,,,,,,,,,,,,,,,,,,,,,,,,,,,,,,,,,,,,,,,,,,,,,,,,,,,,,,,,,,,,,,,,,,,,,,,,,,,,,,4x4,"constrained (d in [0, 8), zero points 128/128 on the RTL)","drivers' four conv programs (examples/feather/convolution.py), program (p*Q+q) mod 4 per tile",196608,8.0,previous agent (e4_* dirs),,,,,,,,,,,,,,,,,,,,,,,,,,,,,
e4_feather,E4,rtl_fixed_conv_N4_feed_constrained,E4,FEATHER RTL,"conv 16x16x64 -> 64ch 3x3 s1 p1 NHWC int8, drivers' tiling (RS 9 padded to 12, tile = [4 taps x 4 channels] x 4 out-channels), 196608 tiles, host accumulates over channel and tap blocks; a weight feed per tile (MODE 0)",,,rtl_sim,300,pass,196608/196608 tiles bit-exact vs the RTL-arithmetic model; host reduction vs numpy: pass (0 bad elements); signed_equals_rtl=True,81,12582929,,,,,,,,,,,,,,,,,,,,,/scratch/hc676/spmw_eval_remaining_2026-09-06/e4_feather/reports/rtl_fixed_conv_N4_feed_constrained; /scratch/hc676/spmw_eval_remaining_2026-09-06/e4_feather/validation/rtl_fixed_conv_N4_feed_constrained; run dir /scratch/hc676/e4_rtl_runs/wl_conv_N4_m0,,,,,1168.8,,,,corrected controller,,,,,,,,,,,,,,,,,,,,,,,,,,,,,,,,,,,,,,,,,,,,,,,,,,,,,,,,,,,,,,,,,,,,,,,,,,,,,,,,4x4,"constrained (d in [0, 8), zero points 128/128 on the RTL)","drivers' four conv programs (examples/feather/convolution.py), program (p*Q+q) mod 4 per tile",196608,64.0,previous agent (e4_* dirs),,,,,,,,,,,,,,,,,,,,,,,,,,,,,
e4_feather,E4,spmw_conv_N4_resident_constrained,E4,SPMW port,"conv 16x16x64 -> 64ch 3x3 s1 p1 NHWC int8, drivers' tiling (RS 9 padded to 12, tile = [4 taps x 4 channels] x 4 out-channels), 196608 tiles, host accumulates over channel and tap blocks; activations through tile 0's resident weights and program",,,cosim,300,pass,"SPMW COSIM PASS (3145728/3145728 tokens, 0 errors)",50,786478,,,,,,,,,,,,,,,,,,,,,/scratch/hc676/spmw_eval_remaining_2026-09-06/e4_feather/reports/spmw_conv_N4_resident_constrained; /scratch/hc676/spmw_eval_remaining_2026-09-06/e4_feather/validation/spmw_conv_N4_resident_constrained; run dir /scratch/hc676/e4_spmw/wl_conv_N4_x,,,,,109.1,,,,feather_stream_x (weights and commands resident),,,,,,,,,,,,,,,,,,,,,,,,,,,,,,,,,,,,,,,,,,,,,,,,,,,,,,,,,,,,,,,,,,,,,,,,,,,,,,,,4x4,"constrained (d in [0, 8), zero points 128/128 on the RTL)","drivers' four conv programs (examples/feather/convolution.py), program (p*Q+q) mod 4 per tile",196608,4.0,previous agent (e4_* dirs),,,,,,,,,,,,,,,,,,,,,,,,,,,,,
e4_feather,E4,rtl_fixed_conv_N4_resident_constrained,E4,FEATHER RTL,"conv 16x16x64 -> 64ch 3x3 s1 p1 NHWC int8, drivers' tiling (RS 9 padded to 12, tile = [4 taps x 4 channels] x 4 out-channels), 196608 tiles, host accumulates over channel and tap blocks; one feed, activations and programs through tile 0's resident weights (MODE 1)",,,rtl_sim,300,pass,196608/196608 tiles bit-exact vs the RTL-arithmetic model; signed_equals_rtl=True,81,786509,,,,,,,,,,,,,,,,,,,,,/scratch/hc676/spmw_eval_remaining_2026-09-06/e4_feather/reports/rtl_fixed_conv_N4_resident_constrained; /scratch/hc676/spmw_eval_remaining_2026-09-06/e4_feather/validation/rtl_fixed_conv_N4_resident_constrained; run dir /scratch/hc676/e4_rtl_runs/wl_conv_N4_m1,,,,,161.3,,,,corrected controller,,,,,,,,,,,,,,,,,,,,,,,,,,,,,,,,,,,,,,,,,,,,,,,,,,,,,,,,,,,,,,,,,,,,,,,,,,,,,,,,4x4,"constrained (d in [0, 8), zero points 128/128 on the RTL)","drivers' four conv programs (examples/feather/convolution.py), program (p*Q+q) mod 4 per tile",196608,4.0,previous agent (e4_* dirs),,,,,,,,,,,,,,,,,,,,,,,,,,,,,
e4_feather,E4,rtl_fixed_N16_single_tiles_validate,E4,FEATHER RTL,"single tiles: 54 runs = programs ['gemm', 'random'] x patterns ['full', 'small', 'sparse'] x zero points ['0-0', '128-128', '7-5'] x seeds 0/1/2, one tile each, weights resident",,,rtl_sim,300,pass,54/54 runs bit-exact vs the RTL-arithmetic model,4141,4141,,,,,,,,,,,,,,,,,,,,,/scratch/hc676/spmw_eval_remaining_2026-09-06/e4_feather/reports/rtl_fixed_N16_single_tiles_validate; /scratch/hc676/spmw_eval_remaining_2026-09-06/e4_feather/validation/rtl_fixed_N16_single_tiles_validate; matrix dir /scratch/hc676/e4_rtl_runs/matrix/fixed_N16_validate,,,,,265.2,,,,corrected controller,,,,,,,,,,,,,,,,,,,,,,,,,,,,,,,,,,,,,,,,,,,,,,,,,,,,,,,,,,,,,,,,,,,,,,,,,,,,,,,,16x16,"general (single tiles: small / full-range / sparse patterns, zero points 0, 7/5, 128)","GEMM layout program, random programs",1,,previous agent (e4_* dirs),,,,,,,,,,,,,,,,,,,,,,,,,,,,,
e4_feather,E4,rtl_fixed_N4_single_tiles_validate,E4,FEATHER RTL,"single tiles: 162 runs = programs ['conv0', 'conv1', 'conv2', 'conv3', 'gemm', 'random'] x patterns ['full', 'small', 'sparse'] x zero points ['0-0', '128-128', '7-5'] x seeds 0/1/2, one tile each, weights resident",,,rtl_sim,300,pass,162/162 runs bit-exact vs the RTL-arithmetic model,81,81,,,,,,,,,,,,,,,,,,,,,/scratch/hc676/spmw_eval_remaining_2026-09-06/e4_feather/reports/rtl_fixed_N4_single_tiles_validate; /scratch/hc676/spmw_eval_remaining_2026-09-06/e4_feather/validation/rtl_fixed_N4_single_tiles_validate; matrix dir /scratch/hc676/e4_rtl_runs/matrix/fixed_N4_validate,,,,,498.6,,,,corrected controller,,,,,,,,,,,,,,,,,,,,,,,,,,,,,,,,,,,,,,,,,,,,,,,,,,,,,,,,,,,,,,,,,,,,,,,,,,,,,,,,4x4,"general (single tiles: small / full-range / sparse patterns, zero points 0, 7/5, 128)","GEMM layout program, random programs, the four conv programs",1,,previous agent (e4_* dirs),,,,,,,,,,,,,,,,,,,,,,,,,,,,,
e4_feather,E4,rtl_fixed_N8_single_tiles_validate,E4,FEATHER RTL,"single tiles: 54 runs = programs ['gemm', 'random'] x patterns ['full', 'small', 'sparse'] x zero points ['0-0', '128-128', '7-5'] x seeds 0/1/2, one tile each, weights resident",,,rtl_sim,300,pass,54/54 runs bit-exact vs the RTL-arithmetic model,539,539,,,,,,,,,,,,,,,,,,,,,/scratch/hc676/spmw_eval_remaining_2026-09-06/e4_feather/reports/rtl_fixed_N8_single_tiles_validate; /scratch/hc676/spmw_eval_remaining_2026-09-06/e4_feather/validation/rtl_fixed_N8_single_tiles_validate; matrix dir /scratch/hc676/e4_rtl_runs/matrix/fixed_N8_validate,,,,,171.1,,,,corrected controller,,,,,,,,,,,,,,,,,,,,,,,,,,,,,,,,,,,,,,,,,,,,,,,,,,,,,,,,,,,,,,,,,,,,,,,,,,,,,,,,8x8,"general (single tiles: small / full-range / sparse patterns, zero points 0, 7/5, 128)","GEMM layout program, random programs",1,,previous agent (e4_* dirs),,,,,,,,,,,,,,,,,,,,,,,,,,,,,
e4_feather,E4,rtl_orig_N16_single_tiles_orig,E4,FEATHER RTL,"single tiles: 4 runs = programs ['gemm'] x patterns ['small'] x zero points ['0-0', '7-5'] x seeds 0/1/2, one tile each, weights resident",,,rtl_sim,300,fail,0/4 runs bit-exact vs the RTL-arithmetic model,,,,,,,,,,,,,,,,,,,,,,,/scratch/hc676/spmw_eval_remaining_2026-09-06/e4_feather/reports/rtl_orig_N16_single_tiles_orig; /scratch/hc676/spmw_eval_remaining_2026-09-06/e4_feather/validation/rtl_orig_N16_single_tiles_orig; matrix dir /scratch/hc676/e4_rtl_runs/matrix/orig_N16_orig,"4 of 4 single-tile runs fail; e.g. tile_gemm_small_zp0-0_s0: 256 bad elements; every PE file is split across ping/pong (even indices in one buffer, odd in the other; dump per k [ping, pong]): {""0"": [256, 21], ""1"": [39, 256], ""2"": [256, 34], ""3"": [29, 256], ""4"": [256, 33], ""5"": [27, 256], ""6"": [256, 29], ""7"": [30, 256], ""8"": [256, 30], ""9"": [45, 256], ""10"": [256, 36], ""11"": [30, 256], ""12"": [256, 36], ""13"": [32, 256], ""14"": [256, 30], ""15"": [41, 256]}",,,,88.9,,,,shipped controller,,,,,,,,,,,,,,,,,,,,,,,,,,,,,,,,,,,,,,,,,,,,,,,,,,,,,,,,,,,,,,,,,,,,,,,,,,,,,,,,16x16,"general (single tiles: small / full-range / sparse patterns, zero points 0, 7/5, 128)","GEMM layout program, random programs",1,,previous agent (e4_* dirs),,,,,,,,,,,,,,,,,,,,,,,,,,,,,
e4_feather,E4,rtl_orig_N4_single_tiles_orig,E4,FEATHER RTL,"single tiles: 4 runs = programs ['gemm'] x patterns ['small'] x zero points ['0-0', '7-5'] x seeds 0/1/2, one tile each, weights resident",,,rtl_sim,300,fail,0/4 runs bit-exact vs the RTL-arithmetic model,,,,,,,,,,,,,,,,,,,,,,,/scratch/hc676/spmw_eval_remaining_2026-09-06/e4_feather/reports/rtl_orig_N4_single_tiles_orig; /scratch/hc676/spmw_eval_remaining_2026-09-06/e4_feather/validation/rtl_orig_N4_single_tiles_orig; matrix dir /scratch/hc676/e4_rtl_runs/matrix/orig_N4_orig,"4 of 4 single-tile runs fail; e.g. tile_gemm_small_zp0-0_s0: 15 bad elements; every PE file is split across ping/pong (even indices in one buffer, odd in the other; dump per k [ping, pong]): {""0"": [16, 4], ""1"": [1, 16], ""2"": [16, 2], ""3"": [3, 16]}",,,,56.3,,,,shipped controller,,,,,,,,,,,,,,,,,,,,,,,,,,,,,,,,,,,,,,,,,,,,,,,,,,,,,,,,,,,,,,,,,,,,,,,,,,,,,,,,4x4,"general (single tiles: small / full-range / sparse patterns, zero points 0, 7/5, 128)","GEMM layout program, random programs, the four conv programs",1,,previous agent (e4_* dirs),,,,,,,,,,,,,,,,,,,,,,,,,,,,,
e4_feather,E4,rtl_orig_N8_single_tiles_orig,E4,FEATHER RTL,"single tiles: 4 runs = programs ['gemm'] x patterns ['small'] x zero points ['0-0', '7-5'] x seeds 0/1/2, one tile each, weights resident",,,rtl_sim,300,fail,0/4 runs bit-exact vs the RTL-arithmetic model,,,,,,,,,,,,,,,,,,,,,,,/scratch/hc676/spmw_eval_remaining_2026-09-06/e4_feather/reports/rtl_orig_N8_single_tiles_orig; /scratch/hc676/spmw_eval_remaining_2026-09-06/e4_feather/validation/rtl_orig_N8_single_tiles_orig; matrix dir /scratch/hc676/e4_rtl_runs/matrix/orig_N8_orig,"4 of 4 single-tile runs fail; e.g. tile_gemm_small_zp0-0_s0: 63 bad elements; every PE file is split across ping/pong (even indices in one buffer, odd in the other; dump per k [ping, pong]): {""0"": [64, 8], ""1"": [9, 64], ""2"": [64, 7], ""3"": [7, 64], ""4"": [64, 10], ""5"": [6, 64], ""6"": [64, 11], ""7"": [7, 64]}",,,,62.3,,,,shipped controller,,,,,,,,,,,,,,,,,,,,,,,,,,,,,,,,,,,,,,,,,,,,,,,,,,,,,,,,,,,,,,,,,,,,,,,,,,,,,,,,8x8,"general (single tiles: small / full-range / sparse patterns, zero points 0, 7/5, 128)","GEMM layout program, random programs",1,,previous agent (e4_* dirs),,,,,,,,,,,,,,,,,,,,,,,,,,,,,
e4_feather,E4,rtl_orig_N4_single_tile_restricted_bench,E4,FEATHER RTL,"single tile (NP=1) and two tiles back to back (NP=2), the record's restricted bench tests/dataflow/spmw/tb_feather_rtl.sv",,,rtl_sim,300,pass,"NP=1 PASS (0 PE files wrong, 0 columns wrong); NP=2 PASS",97,97,,,,,,,,,,,,,,,,,,,,,/scratch/hc676/spmw_eval_remaining_2026-09-06/e4_feather/reports/rtl_orig_N4_single_tile_restricted_bench,,,,,,,,,shipped controller,,,,,,,,,,,,,,,,,,,,,,,,,,,,,,,,,,,,,,,,,,,,,,,,,,,,,,,,,,,,,,,,,,,,,,,,,,,,,,,,4x4,"constrained (odd-index weights zeroed, zero points 0)",pass-through BIRRD,1,4,previous agent (e4_* dirs),,,,,,,,,,,,,,,,,,,,,,,,,,,,,
e4_feather,E4,rtl_orig_N8_single_tile_restricted_bench,E4,FEATHER RTL,"single tile (NP=1) and two tiles back to back (NP=2), the record's restricted bench tests/dataflow/spmw/tb_feather_rtl.sv",,,rtl_sim,300,pass,"NP=1 PASS (0 PE files wrong, 0 columns wrong); NP=2 PASS",603,603,,,,,,,,,,,,,,,,,,,,,/scratch/hc676/spmw_eval_remaining_2026-09-06/e4_feather/reports/rtl_orig_N8_single_tile_restricted_bench,,,,,,,,,shipped controller,,,,,,,,,,,,,,,,,,,,,,,,,,,,,,,,,,,,,,,,,,,,,,,,,,,,,,,,,,,,,,,,,,,,,,,,,,,,,,,,8x8,"constrained (odd-index weights zeroed, zero points 0)",pass-through BIRRD,1,8,previous agent (e4_* dirs),,,,,,,,,,,,,,,,,,,,,,,,,,,,,
e4_feather,E4,rtl_orig_N16_single_tile_restricted_bench,E4,FEATHER RTL,"single tile (NP=1) and two tiles back to back (NP=2), the record's restricted bench tests/dataflow/spmw/tb_feather_rtl.sv",,,rtl_sim,300,pass,"NP=1 PASS (0 PE files wrong, 0 columns wrong); NP=2 PASS",4397,4397,,,,,,,,,,,,,,,,,,,,,/scratch/hc676/spmw_eval_remaining_2026-09-06/e4_feather/reports/rtl_orig_N16_single_tile_restricted_bench,,,,,,,,,shipped controller,,,,,,,,,,,,,,,,,,,,,,,,,,,,,,,,,,,,,,,,,,,,,,,,,,,,,,,,,,,,,,,,,,,,,,,,,,,,,,,,16x16,"constrained (odd-index weights zeroed, zero points 0)",pass-through BIRRD,1,16,previous agent (e4_* dirs),,,,,,,,,,,,,,,,,,,,,,,,,,,,,
e4_feather,E4,rtl_orig_N32_single_tile_restricted_bench,E4,FEATHER RTL,"single tile (NP=1) and two tiles back to back (NP=2), the record's restricted bench tests/dataflow/spmw/tb_feather_rtl.sv",,,rtl_sim,300,pass,"NP=1 PASS (0 PE files wrong, 0 columns wrong); NP=2 PASS",33871,33871,,,,,,,,,,,,,,,,,,,,,/scratch/hc676/spmw_eval_remaining_2026-09-06/e4_feather/reports/rtl_orig_N32_single_tile_restricted_bench,,,,,,,,,shipped controller,,,,,,,,,,,,,,,,,,,,,,,,,,,,,,,,,,,,,,,,,,,,,,,,,,,,,,,,,,,,,,,,,,,,,,,,,,,,,,,,32x32,"constrained (odd-index weights zeroed, zero points 0)",pass-through BIRRD,1,32,previous agent (e4_* dirs),,,,,,,,,,,,,,,,,,,,,,,,,,,,,
e4_feather,E4,pnr_spmw_feather-stream_N4,E4,SPMW port,"feather_stream (streamed operands, int32 word files), NT=16; top spmw_harness (LFSR drivers and sinks around spmw_top, the SPMW flow's standard P&R harness)",,,pnr_ooc,300,pass,timing met,,,,7225,10646,24,0,,,0,0.571,0.0,,87.0,,,,,,0,,,"/scratch/hc676/spmw_eval_remaining_2026-09-06/e4_feather/reports/pnr_spmw_feather-stream_N4; stages (s): {'synth': '129.071', 'opt': '7.572', 'place': '211.878', 'physopt': '2.529', 'route': '52.039'}",,,,,526,,,,"feather_stream (streamed operands, int32 word files), NT=16",,,,,,,,,,,,,,,,,,,,,,,,,,,,,,,,,,,,,,,,,,,,,,,,,,,,,,,,,,,,,,,,,,,,,,,,,,,,,,,,4x4,n/a,n/a,,,this agent (e4b_* dirs) (e4b_pnr_worker.sh),,,,,,,,,,,,,,,,,,,,,,,,,,,,,
e4_feather,E4,pnr_spmw_feather_N4,E4,SPMW port,"feather (single tile, resident int8 files); top spmw_harness (LFSR drivers and sinks around spmw_top, the SPMW flow's standard P&R harness)",,,pnr_ooc,300,pass,timing met,,,,2305,3639,16,0,,,0,1.2,0.0,,88.7,,,,,,0,,,"/scratch/hc676/spmw_eval_remaining_2026-09-06/e4_feather/reports/pnr_spmw_feather_N4; stages (s): {'synth': '95.559', 'opt': '5.943', 'place': '176.353', 'physopt': '1.211', 'route': '34.797'}",,,,,434,,,,"feather (single tile, resident int8 files)",,,,,,,,,,,,,,,,,,,,,,,,,,,,,,,,,,,,,,,,,,,,,,,,,,,,,,,,,,,,,,,,,,,,,,,,,,,,,,,,4x4,n/a,n/a,,,this agent (e4b_* dirs) (e4b_pnr_worker.sh),,,,,,,,,,,,,,,,,,,,,,,,,,,,,
e4_feather,E4,pnr_rtl_fixed_N4,E4,FEATHER RTL,feather_top out of context: N x N NEST + BIRRD + controller + SRAMs (shipped defaults: depth-4 SRAM register arrays),,,pnr_ooc,300,pass,timing met,,,,2309,3378,0,0,,,0,1.174,0.0,,,,,,,,0,,,"/scratch/hc676/spmw_eval_remaining_2026-09-06/e4_feather/reports/pnr_rtl_fixed_N4; stages (s): {'synth': '146.669', 'opt': '10.407', 'place': '280.678', 'physopt': '1.126', 'route': '52.075'}",,,,,530,,,,corrected controller,,,,,,,,,,,,,,,,,,,,,,,,,,,,,,,,,,,,,,,,,,,,,,,,,,,,,,,,,,,,,,,,,,,,,,,,,,,,,,,,4x4,n/a,n/a,,,previous agent (e4_* dirs),,,,,,,,,,,,,,,,,,,,,,,,,,,,,
e4_feather,E4,pnr_rtl_orig_N4,E4,FEATHER RTL,feather_top out of context: N x N NEST + BIRRD + controller + SRAMs (shipped defaults: depth-4 SRAM register arrays),,,pnr_ooc,300,pass,timing met,,,,2308,3378,0,0,,,0,1.1,0.0,,,,,,,,0,,,"/scratch/hc676/spmw_eval_remaining_2026-09-06/e4_feather/reports/pnr_rtl_orig_N4; stages (s): {'synth': '99.434', 'opt': '5.805', 'place': '189.489', 'physopt': '0.691', 'route': '46.361'}",,,,,371,,,,shipped controller,,,,,,,,,,,,,,,,,,,,,,,,,,,,,,,,,,,,,,,,,,,,,,,,,,,,,,,,,,,,,,,,,,,,,,,,,,,,,,,,4x4,n/a,n/a,,,previous agent (e4_* dirs),,,,,,,,,,,,,,,,,,,,,,,,,,,,,
e4_feather,E4,pnr_spmw_feather-stream_N8,E4,SPMW port,"feather_stream (streamed operands, int32 word files), NT=16; top spmw_harness (LFSR drivers and sinks around spmw_top, the SPMW flow's standard P&R harness)",,,pnr_ooc,300,pass,timing met,,,,53060,59624,96,0,,,0,0.083,0.0,,88.3,,,,,,0,,,"/scratch/hc676/spmw_eval_remaining_2026-09-06/e4_feather/reports/pnr_spmw_feather-stream_N8; stages (s): {'synth': '279.631', 'opt': '19.892', 'place': '739.463', 'physopt': '13.74', 'route': '794.563'}",,,,,2011,,,,"feather_stream (streamed operands, int32 word files), NT=16",,,,,,,,,,,,,,,,,,,,,,,,,,,,,,,,,,,,,,,,,,,,,,,,,,,,,,,,,,,,,,,,,,,,,,,,,,,,,,,,8x8,n/a,n/a,,,this agent (e4b_* dirs) (e4b_pnr_worker.sh),,,,,,,,,,,,,,,,,,,,,,,,,,,,,
e4_feather,E4,pnr_spmw_feather_N8,E4,SPMW port,"feather (single tile, resident int8 files); top spmw_harness (LFSR drivers and sinks around spmw_top, the SPMW flow's standard P&R harness)",,,pnr_ooc,300,pass,timing met,,,,9974,14989,64,0,,,0,0.866,0.0,,98.3,,,,,,0,,,"/scratch/hc676/spmw_eval_remaining_2026-09-06/e4_feather/reports/pnr_spmw_feather_N8; stages (s): {'synth': '221.954', 'opt': '9.462', 'place': '225.725', 'physopt': '3.696', 'route': '84.371'}",,,,,684,,,,"feather (single tile, resident int8 files)",,,,,,,,,,,,,,,,,,,,,,,,,,,,,,,,,,,,,,,,,,,,,,,,,,,,,,,,,,,,,,,,,,,,,,,,,,,,,,,,8x8,n/a,n/a,,,this agent (e4b_* dirs) (e4b_pnr_worker.sh),,,,,,,,,,,,,,,,,,,,,,,,,,,,,
e4_feather,E4,pnr_rtl_fixed_N8,E4,FEATHER RTL,feather_top out of context: N x N NEST + BIRRD + controller + SRAMs (shipped defaults: depth-4 SRAM register arrays),,,pnr_ooc,300,pass,timing met,,,,9694,15332,0,0,,,0,0.355,0.0,,,,,,,,0,,,"/scratch/hc676/spmw_eval_remaining_2026-09-06/e4_feather/reports/pnr_rtl_fixed_N8; stages (s): {'synth': '338.36', 'opt': '17.082', 'place': '478.224', 'physopt': '3.27', 'route': '121.592'}",,,,,1011,,,,corrected controller,,,,,,,,,,,,,,,,,,,,,,,,,,,,,,,,,,,,,,,,,,,,,,,,,,,,,,,,,,,,,,,,,,,,,,,,,,,,,,,,8x8,n/a,n/a,,,previous agent (e4_* dirs),,,,,,,,,,,,,,,,,,,,,,,,,,,,,
e4_feather,E4,pnr_rtl_orig_N8,E4,FEATHER RTL,feather_top out of context: N x N NEST + BIRRD + controller + SRAMs (shipped defaults: depth-4 SRAM register arrays),,,pnr_ooc,300,pass,timing met,,,,9755,15334,0,0,,,0,0.379,0.0,,,,,,,,0,,,"/scratch/hc676/spmw_eval_remaining_2026-09-06/e4_feather/reports/pnr_rtl_orig_N8; stages (s): {'synth': '197.938', 'opt': '9.258', 'place': '231.563', 'physopt': '2.414', 'route': '50.835'}",,,,,529,,,,shipped controller,,,,,,,,,,,,,,,,,,,,,,,,,,,,,,,,,,,,,,,,,,,,,,,,,,,,,,,,,,,,,,,,,,,,,,,,,,,,,,,,8x8,n/a,n/a,,,previous agent (e4_* dirs),,,,,,,,,,,,,,,,,,,,,,,,,,,,,
e4_feather,E4,pnr_spmw_feather-stream_N16,E4,SPMW port,"feather_stream (streamed operands, int32 word files), NT=16; top spmw_harness (LFSR drivers and sinks around spmw_top, the SPMW flow's standard P&R harness)",,,pnr_ooc,300,pass,timing NOT met,,,,314670,349009,384,0,,,0,-0.699,-3060.044,,92.5,,,,,,0,,,"/scratch/hc676/spmw_eval_remaining_2026-09-06/e4_feather/reports/pnr_spmw_feather-stream_N16; stages (s): {'synth': '869.622', 'opt': '92.019', 'place': '1887.892', 'physopt': '291.718', 'route': '8310.082'}",,,,,11782,,,,"feather_stream (streamed operands, int32 word files), NT=16",,,,,,,,,,,,,,,,,,,,,,,,,,,,,,,,,,,,,,,,,,,,,,,,,,,,,,,,,,,,,,,,,,,,,,,,,,,,,,,,16x16,n/a,n/a,,,this agent (e4b_* dirs) (e4b_pnr_worker.sh),,,,,,,,,,,,,,,,,,,,,,,,,,,,,
e4_feather,E4,pnr_spmw_feather_N16,E4,SPMW port,"feather (single tile, resident int8 files); top spmw_harness (LFSR drivers and sinks around spmw_top, the SPMW flow's standard P&R harness)",,,pnr_ooc,300,pass,timing met,,,,31019,49673,256,0,,,0,0.338,0.0,,94.6,,,,,,0,,,"/scratch/hc676/spmw_eval_remaining_2026-09-06/e4_feather/reports/pnr_spmw_feather_N16; stages (s): {'synth': '380.809', 'opt': '22.746', 'place': '430.01', 'physopt': '12.755', 'route': '588.581'}",,,,,1608,,,,"feather (single tile, resident int8 files)",,,,,,,,,,,,,,,,,,,,,,,,,,,,,,,,,,,,,,,,,,,,,,,,,,,,,,,,,,,,,,,,,,,,,,,,,,,,,,,,16x16,n/a,n/a,,,this agent (e4b_* dirs) (e4b_pnr_worker.sh),,,,,,,,,,,,,,,,,,,,,,,,,,,,,
e4_feather,E4,pnr_rtl_fixed_N16,E4,FEATHER RTL,feather_top out of context: N x N NEST + BIRRD + controller + SRAMs (shipped defaults: depth-4 SRAM register arrays),,,pnr_ooc,300,pass,timing met,,,,57499,91251,0,0,,,0,0.12,0.0,,,,,,,,0,,,"/scratch/hc676/spmw_eval_remaining_2026-09-06/e4_feather/reports/pnr_rtl_fixed_N16; stages (s): {'synth': '809.423', 'opt': '39.819', 'place': '557.762', 'physopt': '15.428', 'route': '397.634'}",,,,,1901,,,,corrected controller,,,,,,,,,,,,,,,,,,,,,,,,,,,,,,,,,,,,,,,,,,,,,,,,,,,,,,,,,,,,,,,,,,,,,,,,,,,,,,,,16x16,n/a,n/a,,,previous agent (e4_* dirs),,,,,,,,,,,,,,,,,,,,,,,,,,,,,
e4_feather,E4,pnr_rtl_orig_N16,E4,FEATHER RTL,feather_top out of context: N x N NEST + BIRRD + controller + SRAMs (shipped defaults: depth-4 SRAM register arrays),,,pnr_ooc,300,pass,timing met,,,,57595,91259,0,0,,,0,0.062,0.0,,,,,,,,0,,,"/scratch/hc676/spmw_eval_remaining_2026-09-06/e4_feather/reports/pnr_rtl_orig_N16; stages (s): {'synth': '758.289', 'opt': '58.788', 'place': '845.865', 'physopt': '28.337', 'route': '739.926'}",,,,,2506,,,,shipped controller,,,,,,,,,,,,,,,,,,,,,,,,,,,,,,,,,,,,,,,,,,,,,,,,,,,,,,,,,,,,,,,,,,,,,,,,,,,,,,,,16x16,n/a,n/a,,,previous agent (e4_* dirs),,,,,,,,,,,,,,,,,,,,,,,,,,,,,
e4_feather,E4,pnr_spmw_feather-stream_N32,E4,SPMW port,"feather_stream (streamed operands, int32 word files), NT=16; top spmw_harness (LFSR drivers and sinks around spmw_top, the SPMW flow's standard P&R harness)",,,pnr_ooc,300,not_run,,,,,,,,,,,,,,,,,,,,,,,,,"skipped: a 32x32 SPMW P&R (1024 PE columns, int32 word files) is hours of Vivado for a size outside the package (4/8/16) and was not attempted; the FEATHER RTL 32x32 P&R runs were left to finish",,,,,,,,"feather_stream (streamed operands, int32 word files), NT=16",,,,,,,,,,,,,,,,,,,,,,,,,,,,,,,,,,,,,,,,,,,,,,,,,,,,,,,,,,,,,,,,,,,,,,,,,,,,,,,,32x32,n/a,n/a,,,this agent (e4b_* dirs) (e4b_pnr_worker.sh),,,,,,,,,,,,,,,,,,,,,,,,,,,,,
e4_feather,E4,pnr_spmw_feather_N32,E4,SPMW port,"feather (single tile, resident int8 files); top spmw_harness (LFSR drivers and sinks around spmw_top, the SPMW flow's standard P&R harness)",,,pnr_ooc,300,not_run,,,,,,,,,,,,,,,,,,,,,,,,,"skipped: a 32x32 SPMW P&R (1024 PE columns, int32 word files) is hours of Vivado for a size outside the package (4/8/16) and was not attempted; the FEATHER RTL 32x32 P&R runs were left to finish",,,,,,,,"feather (single tile, resident int8 files)",,,,,,,,,,,,,,,,,,,,,,,,,,,,,,,,,,,,,,,,,,,,,,,,,,,,,,,,,,,,,,,,,,,,,,,,,,,,,,,,32x32,n/a,n/a,,,this agent (e4b_* dirs) (e4b_pnr_worker.sh),,,,,,,,,,,,,,,,,,,,,,,,,,,,,
e4_feather,E4,pnr_rtl_fixed_N32,E4,FEATHER RTL,feather_top out of context: N x N NEST + BIRRD + controller + SRAMs (shipped defaults: depth-4 SRAM register arrays),,,pnr_ooc,300,pass,timing NOT met,,,,338694,624270,0,0,,,0,-0.227,-344.04,,,,,,,,0,,,"/scratch/hc676/spmw_eval_remaining_2026-09-06/e4_feather/reports/pnr_rtl_fixed_N32; stages (s): {'synth': '4566.67', 'opt': '208.202', 'place': '3119.428', 'physopt': '495.07', 'route': '3435.52'}",,,,,12145,,,,corrected controller,,,,,,,,,,,,,,,,,,,,,,,,,,,,,,,,,,,,,,,,,,,,,,,,,,,,,,,,,,,,,,,,,,,,,,,,,,,,,,,,32x32,n/a,n/a,,,previous agent (e4_* dirs),,,,,,,,,,,,,,,,,,,,,,,,,,,,,
e4_feather,E4,pnr_rtl_orig_N32,E4,FEATHER RTL,feather_top out of context: N x N NEST + BIRRD + controller + SRAMs (shipped defaults: depth-4 SRAM register arrays),,,pnr_ooc,300,pass,timing NOT met,,,,338438,624470,0,0,,,0,-0.206,-76.175,,,,,,,,0,,,"/scratch/hc676/spmw_eval_remaining_2026-09-06/e4_feather/reports/pnr_rtl_orig_N32; stages (s): {'synth': '4413.618', 'opt': '197.638', 'place': '3054.248', 'physopt': '473.053', 'route': '2994.577'}",,,,,11396,,,,shipped controller,,,,,,,,,,,,,,,,,,,,,,,,,,,,,,,,,,,,,,,,,,,,,,,,,,,,,,,,,,,,,,,,,,,,,,,,,,,,,,,,32x32,n/a,n/a,,,previous agent (e4_* dirs),,,,,,,,,,,,,,,,,,,,,,,,,,,,,
e5_compile,E5,fftsdf_128_per-instance,E5,SPMW split backend,,128,per-instance,,,pass,,,,,,,,,,,,,,,,,,,,,,8,8,reports/fftsdf_128_per-instance_r0,,,,,,,,,,,,,,,,,,,,,,,,,,,,,,,,,,,,,,,,,,,,,,,,,,,,,,,,,,,,,,,,,,,,,,,,,,,,,,,,,,,,,,,,,,,,,,,fftsdf,8,8,3,8,0,,,2.01,47.8,47.3,48.8,376.1,271.6,4.2,,,,,,,,,,,,,,
e5_compile,E5,fftsdf_128_shared-parallel,E5,SPMW split backend,,128,shared-parallel,,,pass,,,,,,,,,,,,,,,,,,,,,,8,8,reports/fftsdf_128_shared-parallel_r0,,,,,,,,,,,,,,,,,,,,,,,,,,,,,,,,,,,,,,,,,,,,,,,,,,,,,,,,,,,,,,,,,,,,,,,,,,,,,,,,,,,,,,,,,,,,,,,fftsdf,8,8,3,8,0,,,2.0,47.5,47.4,48.8,374.5,270.1,6.6,,,,,,,,,,,,,,
e5_compile,E5,fftsdf_128_shared-serial,E5,SPMW split backend,,128,shared-serial,,,pass,,,,,,,,,,,,,,,,,,,,,,8,8,reports/fftsdf_128_shared-serial_r0,,,,,,,,,,,,,,,,,,,,,,,,,,,,,,,,,,,,,,,,,,,,,,,,,,,,,,,,,,,,,,,,,,,,,,,,,,,,,,,,,,,,,,,,,,,,,,,fftsdf,1,8,3,8,0,,,2.22,351.3,350.4,377.7,351.2,245.9,5.2,,,,,,,,,,,,,,
e5_compile,E5,fftsdf_256_per-instance,E5,SPMW split backend,,256,per-instance,,,pass,,,,,,,,,,,,,,,,,,,,,,9,9,reports/fftsdf_256_per-instance_r0,,,,,,,,,,,,,,,,,,,,,,,,,,,,,,,,,,,,,,,,,,,,,,,,,,,,,,,,,,,,,,,,,,,,,,,,,,,,,,,,,,,,,,,,,,,,,,,fftsdf,8,9,3,9,0,,,2.28,88.2,88.0,90.3,419.1,301.1,4.0,,,,,,,,,,,,,,
e5_compile,E5,fftsdf_256_shared-parallel,E5,SPMW split backend,,256,shared-parallel,,,pass,,,,,,,,,,,,,,,,,,,,,,9,9,reports/fftsdf_256_shared-parallel_r0,,,,,,,,,,,,,,,,,,,,,,,,,,,,,,,,,,,,,,,,,,,,,,,,,,,,,,,,,,,,,,,,,,,,,,,,,,,,,,,,,,,,,,,,,,,,,,,fftsdf,8,9,3,9,0,,,2.33,88.5,88.5,91.0,420.5,302.9,7.3,,,,,,,,,,,,,,
e5_compile,E5,fftsdf_256_shared-serial,E5,SPMW split backend,,256,shared-serial,,,pass,,,,,,,,,,,,,,,,,,,,,,9,9,reports/fftsdf_256_shared-serial_r0,,,,,,,,,,,,,,,,,,,,,,,,,,,,,,,,,,,,,,,,,,,,,,,,,,,,,,,,,,,,,,,,,,,,,,,,,,,,,,,,,,,,,,,,,,,,,,,fftsdf,1,9,3,9,0,,,2.3,400.9,396.8,407.6,400.8,282.4,6.7,,,,,,,,,,,,,,
e5_compile,E5,fftsdf_512_per-instance,E5,SPMW split backend,,512,per-instance,,,pass,,,,,,,,,,,,,,,,,,,,,,10,10,reports/fftsdf_512_per-instance_r0,,,,,,,,,,,,,,,,,,,,,,,,,,,,,,,,,,,,,,,,,,,,,,,,,,,,,,,,,,,,,,,,,,,,,,,,,,,,,,,,,,,,,,,,,,,,,,,fftsdf,8,10,3,10,0,,,2.61,91.3,91.1,92.4,467.1,336.1,5.6,,,,,,,,,,,,,,
e5_compile,E5,fftsdf_512_shared-parallel,E5,SPMW split backend,,512,shared-parallel,,,pass,,,,,,,,,,,,,,,,,,,,,,10,10,reports/fftsdf_512_shared-parallel_r0,,,,,,,,,,,,,,,,,,,,,,,,,,,,,,,,,,,,,,,,,,,,,,,,,,,,,,,,,,,,,,,,,,,,,,,,,,,,,,,,,,,,,,,,,,,,,,,fftsdf,8,10,3,10,0,,,2.56,92.2,91.0,93.5,471.9,341.1,4.7,,,,,,,,,,,,,,
e5_compile,E5,fftsdf_512_shared-serial,E5,SPMW split backend,,512,shared-serial,,,pass,,,,,,,,,,,,,,,,,,,,,,10,10,reports/fftsdf_512_shared-serial_r0,,,,,,,,,,,,,,,,,,,,,,,,,,,,,,,,,,,,,,,,,,,,,,,,,,,,,,,,,,,,,,,,,,,,,,,,,,,,,,,,,,,,,,,,,,,,,,,fftsdf,1,10,3,10,0,,,2.59,443.3,442.3,449.4,443.2,311.5,5.8,,,,,,,,,,,,,,
e5_compile,E5,fftsdf_1024_per-instance,E5,SPMW split backend,,1024,per-instance,,,pass,,,,,,,,,,,,,,,,,,,,,,11,11,reports/fftsdf_1024_per-instance_r0,,,,,,,,,,,,,,,,,,,,,,,,,,,,,,,,,,,,,,,,,,,,,,,,,,,,,,,,,,,,,,,,,,,,,,,,,,,,,,,,,,,,,,,,,,,,,,,fftsdf,8,11,3,11,0,,,3.1,93.0,92.8,95.2,513.2,369.6,4.3,,,,,,,,,,,,,,
e5_compile,E5,fftsdf_1024_shared-parallel,E5,SPMW split backend,,1024,shared-parallel,,,pass,,,,,,,,,,,,,,,,,,,,,,11,11,reports/fftsdf_1024_shared-parallel_r0,,,,,,,,,,,,,,,,,,,,,,,,,,,,,,,,,,,,,,,,,,,,,,,,,,,,,,,,,,,,,,,,,,,,,,,,,,,,,,,,,,,,,,,,,,,,,,,fftsdf,8,11,3,11,0,,,3.06,92.9,92.2,95.0,512.7,368.8,6.1,,,,,,,,,,,,,,
e5_compile,E5,fftsdf_1024_shared-serial,E5,SPMW split backend,,1024,shared-serial,,,pass,,,,,,,,,,,,,,,,,,,,,,11,11,reports/fftsdf_1024_shared-serial_r0,,,,,,,,,,,,,,,,,,,,,,,,,,,,,,,,,,,,,,,,,,,,,,,,,,,,,,,,,,,,,,,,,,,,,,,,,,,,,,,,,,,,,,,,,,,,,,,fftsdf,1,11,3,11,0,,,3.03,490.0,485.9,498.5,490.1,345.0,6.8,,,,,,,,,,,,,,
e5_compile,E5,gemm8_4_per-instance,E5,SPMW split backend,,4,per-instance,,,pass,,,,,,,,,,,,,,,,,,,,,,9,16,reports/gemm8_4_per-instance_r0,,,,,,,,,,,,,,,,,,,,,,,,,,,,,,,,,,,,,,,,,,,,,,,,,,,,,,,,,,,,,,,,,,,,,,,,,,,,,,,,,,,,,,,,,,,,,,,gemm8,8,16,3,16,0,,,1.17,85.4,84.8,87.7,680.1,469.4,11.1,,,,,,,,,,,,,,
e5_compile,E5,gemm8_4_shared-parallel,E5,SPMW split backend,,4,shared-parallel,,,pass,,,,,,,,,,,,,,,,,,,,,,9,16,reports/gemm8_4_shared-parallel_r0,,,,,,,,,,,,,,,,,,,,,,,,,,,,,,,,,,,,,,,,,,,,,,,,,,,,,,,,,,,,,,,,,,,,,,,,,,,,,,,,,,,,,,,,,,,,,,,gemm8,8,9,3,9,0,,,1.1,82.0,82.0,84.4,378.7,260.4,9.8,,,,,,,,,,,,,,
e5_compile,E5,gemm8_4_shared-serial,E5,SPMW split backend,,4,shared-serial,,,pass,,,,,,,,,,,,,,,,,,,,,,9,16,reports/gemm8_4_shared-serial_r0,,,,,,,,,,,,,,,,,,,,,,,,,,,,,,,,,,,,,,,,,,,,,,,,,,,,,,,,,,,,,,,,,,,,,,,,,,,,,,,,,,,,,,,,,,,,,,,gemm8,1,9,3,9,0,,,1.08,361.0,359.5,375.6,361.1,241.6,11.1,,,,,,,,,,,,,,
e5_compile,E5,gemm8_8_per-instance,E5,SPMW split backend,,8,per-instance,,,pass,,,,,,,,,,,,,,,,,,,,,,9,64,reports/gemm8_8_per-instance_r0,,,,,,,,,,,,,,,,,,,,,,,,,,,,,,,,,,,,,,,,,,,,,,,,,,,,,,,,,,,,,,,,,,,,,,,,,,,,,,,,,,,,,,,,,,,,,,,gemm8,8,64,3,64,0,,,1.13,339.1,338.1,352.3,2709.2,1864.5,11.2,,,,,,,,,,,,,,
e5_compile,E5,gemm8_8_shared-parallel,E5,SPMW split backend,,8,shared-parallel,,,pass,,,,,,,,,,,,,,,,,,,,,,9,64,reports/gemm8_8_shared-parallel_r0,,,,,,,,,,,,,,,,,,,,,,,,,,,,,,,,,,,,,,,,,,,,,,,,,,,,,,,,,,,,,,,,,,,,,,,,,,,,,,,,,,,,,,,,,,,,,,,gemm8,8,9,3,9,0,,,1.15,82.4,81.9,83.0,379.3,260.8,16.9,,,,,,,,,,,,,,
e5_compile,E5,gemm8_8_shared-serial,E5,SPMW split backend,,8,shared-serial,,,pass,,,,,,,,,,,,,,,,,,,,,,9,64,reports/gemm8_8_shared-serial_r0,,,,,,,,,,,,,,,,,,,,,,,,,,,,,,,,,,,,,,,,,,,,,,,,,,,,,,,,,,,,,,,,,,,,,,,,,,,,,,,,,,,,,,,,,,,,,,,gemm8,1,9,3,9,0,,,1.13,364.4,361.9,371.5,364.5,244.7,15.0,,,,,,,,,,,,,,
e5_compile,E5,gemm8_16_per-instance,E5,SPMW split backend,,16,per-instance,,,pass,,,,,,,,,,,,,,,,,,,,,,9,256,reports/gemm8_16_per-instance_r0,,,,,,,,,,,,,,,,,,,,,,,,,,,,,,,,,,,,,,,,,,,,,,,,,,,,,,,,,,,,,,,,,,,,,,,,,,,,,,,,,,,,,,,,,,,,,,,gemm8,8,256,3,256,0,,,1.31,1377.7,1354.5,1391.6,11009.7,7617.3,15.2,,,,,,,,,,,,,,
e5_compile,E5,gemm8_16_shared-parallel,E5,SPMW split backend,,16,shared-parallel,,,pass,,,,,,,,,,,,,,,,,,,,,,9,256,reports/gemm8_16_shared-parallel_r0,,,,,,,,,,,,,,,,,,,,,,,,,,,,,,,,,,,,,,,,,,,,,,,,,,,,,,,,,,,,,,,,,,,,,,,,,,,,,,,,,,,,,,,,,,,,,,,gemm8,8,9,3,9,0,,,1.28,82.4,82.1,87.0,378.7,260.1,11.8,,,,,,,,,,,,,,
e5_compile,E5,gemm8_16_shared-serial,E5,SPMW split backend,,16,shared-serial,,,pass,,,,,,,,,,,,,,,,,,,,,,9,256,reports/gemm8_16_shared-serial_r0,,,,,,,,,,,,,,,,,,,,,,,,,,,,,,,,,,,,,,,,,,,,,,,,,,,,,,,,,,,,,,,,,,,,,,,,,,,,,,,,,,,,,,,,,,,,,,,gemm8,1,9,3,9,0,,,1.29,361.5,360.7,376.2,361.4,242.1,8.8,,,,,,,,,,,,,,
e5_compile,E5,gemm8_32_per-instance,E5,SPMW split backend,,32,per-instance,,,timeout,,,,,,,,,,,,,,,,,,,,,,,,reports/gemm8_32_per-instance_r0,timeout_or_fail,,,,,,,,,,,,,,,,,,,,,,,,,,,,,,,,,,,,,,,,,,,,,,,,,,,,,,,,,,,,,,,,,,,,,,,,,,,,,,,,,,,,,,,,,,,,,,gemm8,,,3,665,3,"665, 680, 658",3600,,,,,,,,,,,,,,,,,,,,,
e5_compile,E5,gemm8_32_shared-parallel,E5,SPMW split backend,,32,shared-parallel,,,pass,,,,,,,,,,,,,,,,,,,,,,9,1024,reports/gemm8_32_shared-parallel_r0,,,,,,,,,,,,,,,,,,,,,,,,,,,,,,,,,,,,,,,,,,,,,,,,,,,,,,,,,,,,,,,,,,,,,,,,,,,,,,,,,,,,,,,,,,,,,,,gemm8,8,9,3,9,0,,,1.95,82.2,81.9,84.3,378.4,259.7,4.1,,,,,,,,,,,,,,
e5_compile,E5,gemm8_32_shared-serial,E5,SPMW split backend,,32,shared-serial,,,pass,,,,,,,,,,,,,,,,,,,,,,9,1024,reports/gemm8_32_shared-serial_r0,,,,,,,,,,,,,,,,,,,,,,,,,,,,,,,,,,,,,,,,,,,,,,,,,,,,,,,,,,,,,,,,,,,,,,,,,,,,,,,,,,,,,,,,,,,,,,,gemm8,1,9,3,9,0,,,1.95,363.2,361.0,372.7,363.3,243.5,12.0,,,,,,,,,,,,,,
e6_attention,E6,spmw_cap42_4096_cosim_s0,E6,SPMW conventional,,,,cosim,300,ok,True,22,5483,,,,,,,,,,,,82.1,,,,,,,,,reports/spmw_cap42_4096_cosim_s0/run.json;validation/spmw_cap42_4096_cosim_s0,,,,,236.7,,,,paper_ungrouped_4x2,,,,,,,,,,,,,,,,,,,,,,,,,,,,,,,,,,,,,,,,,,,,,,,,,,,,,,8,,,,,,,,,,,,,,,,,,,,,,,,,,,,,,,,,,,,,,,,,,,,,,,4096,2,1,8,1.3386,,,,,,,,,
e6_attention,E6,spmw_cap42_4096_cosim_s1,E6,SPMW conventional,,,,cosim,300,ok,True,22,5483,,,,,,,,,,,,82.1,,,,,,,,,reports/spmw_cap42_4096_cosim_s1/run.json;validation/spmw_cap42_4096_cosim_s1,,,,,236.7,,,,paper_ungrouped_4x2,,,,,,,,,,,,,,,,,,,,,,,,,,,,,,,,,,,,,,,,,,,,,,,,,,,,,,8,,,,,,,,,,,,,,,,,,,,,,,,,,,,,,,,,,,,,,,,,,,,,,,4096,2,1,8,1.3386,,,,,,,,,
e6_attention,E6,spmw_cap42_4096_cosim_s2,E6,SPMW conventional,,,,cosim,300,ok,True,22,5483,,,,,,,,,,,,82.1,,,,,,,,,reports/spmw_cap42_4096_cosim_s2/run.json;validation/spmw_cap42_4096_cosim_s2,,,,,236.7,,,,paper_ungrouped_4x2,,,,,,,,,,,,,,,,,,,,,,,,,,,,,,,,,,,,,,,,,,,,,,,,,,,,,,8,,,,,,,,,,,,,,,,,,,,,,,,,,,,,,,,,,,,,,,,,,,,,,,4096,2,1,8,1.3386,,,,,,,,,
e6_attention,E6,spmw_cap42_4096_pnr,E6,SPMW conventional,,,,pnr_ooc,300,ok,,,,,529,1065,8,0,,,0,1.437,0.0,,67.7,,,,,,0,,,reports/spmw_cap42_4096_pnr/run.json;reports/spmw_cap42_4096_pnr/util.rpt;reports/spmw_cap42_4096_pnr/util_synth.rpt;reports/spmw_cap42_4096_pnr/timing.rpt;reports/spmw_cap42_4096_pnr/route.rpt;reports/spmw_cap42_4096_pnr/util_hier.rpt;reports/spmw_cap42_4096_pnr/vivado_pnr.log;reports/spmw_cap42_4096_pnr/assemble_pnr.tcl;reports/spmw_cap42_4096_pnr/clock.xdc,,,,,490.6,,,,paper_ungrouped_4x2,,,,,,,,,,,,,,,,,,,,,,,,,,,,,,,,,,,,,,,,,,,,,,,,,,,,,,8,,,,,,,,,,,,,,,,,,,,,,,,,,,,,,,,,,,,,,,,,,,,,,,4096,2,1,8,,,,,,,,,,
e6_attention,E6,spmw_cap42_6_cosim_s0,E6,SPMW conventional,,,,cosim,300,ok,True,20,29,,,,,,,,,,,,61.4,,,,,,,,,reports/spmw_cap42_6_cosim_s0/run.json;validation/spmw_cap42_6_cosim_s0,,,,,163.4,,,,paper_ungrouped_4x2,,,,,,,,,,,,,,,,,,,,,,,,,,,,,,,,,,,,,,,,,,,,,,,,,,,,,,8,,,,,,,,,,,,,,,,,,,,,,,,,,,,,,,,,,,,,,,,,,,,,,,6,2,1,8,4.8333,,,,,,,,,
e6_attention,E6,spmw_cap42_6_cosim_s1,E6,SPMW conventional,,,,cosim,300,ok,True,20,29,,,,,,,,,,,,61.4,,,,,,,,,reports/spmw_cap42_6_cosim_s1/run.json;validation/spmw_cap42_6_cosim_s1,,,,,163.4,,,,paper_ungrouped_4x2,,,,,,,,,,,,,,,,,,,,,,,,,,,,,,,,,,,,,,,,,,,,,,,,,,,,,,8,,,,,,,,,,,,,,,,,,,,,,,,,,,,,,,,,,,,,,,,,,,,,,,6,2,1,8,4.8333,,,,,,,,,
e6_attention,E6,spmw_cap42_6_cosim_s2,E6,SPMW conventional,,,,cosim,300,ok,True,20,29,,,,,,,,,,,,61.4,,,,,,,,,reports/spmw_cap42_6_cosim_s2/run.json;validation/spmw_cap42_6_cosim_s2,,,,,163.4,,,,paper_ungrouped_4x2,,,,,,,,,,,,,,,,,,,,,,,,,,,,,,,,,,,,,,,,,,,,,,,,,,,,,,8,,,,,,,,,,,,,,,,,,,,,,,,,,,,,,,,,,,,,,,,,,,,,,,6,2,1,8,4.8333,,,,,,,,,
e6_attention,E6,spmw_cap42_64_cosim_s0,E6,SPMW conventional,,,,cosim,300,ok,True,22,107,,,,,,,,,,,,75.5,,,,,,,,,reports/spmw_cap42_64_cosim_s0/run.json;validation/spmw_cap42_64_cosim_s0,,,,,187.8,,,,paper_ungrouped_4x2,,,,,,,,,,,,,,,,,,,,,,,,,,,,,,,,,,,,,,,,,,,,,,,,,,,,,,8,,,,,,,,,,,,,,,,,,,,,,,,,,,,,,,,,,,,,,,,,,,,,,,64,2,1,8,1.6719,,,,,,,,,
e6_attention,E6,spmw_cap42_64_cosim_s1,E6,SPMW conventional,,,,cosim,300,ok,True,22,107,,,,,,,,,,,,75.5,,,,,,,,,reports/spmw_cap42_64_cosim_s1/run.json;validation/spmw_cap42_64_cosim_s1,,,,,187.8,,,,paper_ungrouped_4x2,,,,,,,,,,,,,,,,,,,,,,,,,,,,,,,,,,,,,,,,,,,,,,,,,,,,,,8,,,,,,,,,,,,,,,,,,,,,,,,,,,,,,,,,,,,,,,,,,,,,,,64,2,1,8,1.6719,,,,,,,,,
e6_attention,E6,spmw_cap42_64_cosim_s2,E6,SPMW conventional,,,,cosim,300,ok,True,22,107,,,,,,,,,,,,75.5,,,,,,,,,reports/spmw_cap42_64_cosim_s2/run.json;validation/spmw_cap42_64_cosim_s2,,,,,187.8,,,,paper_ungrouped_4x2,,,,,,,,,,,,,,,,,,,,,,,,,,,,,,,,,,,,,,,,,,,,,,,,,,,,,,8,,,,,,,,,,,,,,,,,,,,,,,,,,,,,,,,,,,,,,,,,,,,,,,64,2,1,8,1.6719,,,,,,,,,
e6_attention,E6,spmw_cap44_4096_cosim_s0,E6,SPMW grouped,,,,cosim,300,ok,True,42,5499,,,,,,,,,,,,83.1,,,,,,,,,reports/spmw_cap44_4096_cosim_s0/run.json;validation/spmw_cap44_4096_cosim_s0,,,,,247.5,,,,paper_grouped_4x4,,,,,,,,,,,,,,,,,,,,,,,,,,,,,,,,,,,,,,,,,,,,,,,,,,,,,,16,,,,,,,,,,,,,,,,,,,,,,,,,,,,,,,,,,,,,,,,,,,,,,,4096,2,2,16,1.3425,,,,,,,,,
e6_attention,E6,spmw_cap44_4096_cosim_s1,E6,SPMW grouped,,,,cosim,300,ok,True,42,5499,,,,,,,,,,,,83.1,,,,,,,,,reports/spmw_cap44_4096_cosim_s1/run.json;validation/spmw_cap44_4096_cosim_s1,,,,,247.5,,,,paper_grouped_4x4,,,,,,,,,,,,,,,,,,,,,,,,,,,,,,,,,,,,,,,,,,,,,,,,,,,,,,16,,,,,,,,,,,,,,,,,,,,,,,,,,,,,,,,,,,,,,,,,,,,,,,4096,2,2,16,1.3425,,,,,,,,,
e6_attention,E6,spmw_cap44_4096_cosim_s2,E6,SPMW grouped,,,,cosim,300,ok,True,42,5499,,,,,,,,,,,,83.1,,,,,,,,,reports/spmw_cap44_4096_cosim_s2/run.json;validation/spmw_cap44_4096_cosim_s2,,,,,247.5,,,,paper_grouped_4x4,,,,,,,,,,,,,,,,,,,,,,,,,,,,,,,,,,,,,,,,,,,,,,,,,,,,,,16,,,,,,,,,,,,,,,,,,,,,,,,,,,,,,,,,,,,,,,,,,,,,,,4096,2,2,16,1.3425,,,,,,,,,
e6_attention,E6,spmw_cap44_4096_pnr,E6,SPMW grouped,,,,pnr_ooc,300,ok,,,,,1037,2321,16,0,,,0,1.336,0.0,,68.2,,,,,,0,,,reports/spmw_cap44_4096_pnr/run.json;reports/spmw_cap44_4096_pnr/util.rpt;reports/spmw_cap44_4096_pnr/util_synth.rpt;reports/spmw_cap44_4096_pnr/timing.rpt;reports/spmw_cap44_4096_pnr/route.rpt;reports/spmw_cap44_4096_pnr/util_hier.rpt;reports/spmw_cap44_4096_pnr/vivado_pnr.log;reports/spmw_cap44_4096_pnr/assemble_pnr.tcl;reports/spmw_cap44_4096_pnr/clock.xdc,,,,,503.2,,,,paper_grouped_4x4,,,,,,,,,,,,,,,,,,,,,,,,,,,,,,,,,,,,,,,,,,,,,,,,,,,,,,16,,,,,,,,,,,,,,,,,,,,,,,,,,,,,,,,,,,,,,,,,,,,,,,4096,2,2,16,,,,,,,,,,
e6_attention,E6,spmw_cap44_6_cosim_s0,E6,SPMW grouped,,,,cosim,300,ok,True,36,45,,,,,,,,,,,,80.6,,,,,,,,,reports/spmw_cap44_6_cosim_s0/run.json;validation/spmw_cap44_6_cosim_s0,,,,,188.5,,,,paper_grouped_4x4,,,,,,,,,,,,,,,,,,,,,,,,,,,,,,,,,,,,,,,,,,,,,,,,,,,,,,16,,,,,,,,,,,,,,,,,,,,,,,,,,,,,,,,,,,,,,,,,,,,,,,6,2,2,16,7.5,,,,,,,,,
e6_attention,E6,spmw_cap44_6_cosim_s1,E6,SPMW grouped,,,,cosim,300,ok,True,36,45,,,,,,,,,,,,80.6,,,,,,,,,reports/spmw_cap44_6_cosim_s1/run.json;validation/spmw_cap44_6_cosim_s1,,,,,188.5,,,,paper_grouped_4x4,,,,,,,,,,,,,,,,,,,,,,,,,,,,,,,,,,,,,,,,,,,,,,,,,,,,,,16,,,,,,,,,,,,,,,,,,,,,,,,,,,,,,,,,,,,,,,,,,,,,,,6,2,2,16,7.5,,,,,,,,,
e6_attention,E6,spmw_cap44_6_cosim_s2,E6,SPMW grouped,,,,cosim,300,ok,True,36,45,,,,,,,,,,,,80.6,,,,,,,,,reports/spmw_cap44_6_cosim_s2/run.json;validation/spmw_cap44_6_cosim_s2,,,,,188.5,,,,paper_grouped_4x4,,,,,,,,,,,,,,,,,,,,,,,,,,,,,,,,,,,,,,,,,,,,,,,,,,,,,,16,,,,,,,,,,,,,,,,,,,,,,,,,,,,,,,,,,,,,,,,,,,,,,,6,2,2,16,7.5,,,,,,,,,
e6_attention,E6,spmw_cap44_64_cosim_s0,E6,SPMW grouped,,,,cosim,300,ok,True,42,123,,,,,,,,,,,,80.4,,,,,,,,,reports/spmw_cap44_64_cosim_s0/run.json;validation/spmw_cap44_64_cosim_s0,,,,,190.7,,,,paper_grouped_4x4,,,,,,,,,,,,,,,,,,,,,,,,,,,,,,,,,,,,,,,,,,,,,,,,,,,,,,16,,,,,,,,,,,,,,,,,,,,,,,,,,,,,,,,,,,,,,,,,,,,,,,64,2,2,16,1.9219,,,,,,,,,
e6_attention,E6,spmw_cap44_64_cosim_s1,E6,SPMW grouped,,,,cosim,300,ok,True,42,123,,,,,,,,,,,,80.4,,,,,,,,,reports/spmw_cap44_64_cosim_s1/run.json;validation/spmw_cap44_64_cosim_s1,,,,,190.7,,,,paper_grouped_4x4,,,,,,,,,,,,,,,,,,,,,,,,,,,,,,,,,,,,,,,,,,,,,,,,,,,,,,16,,,,,,,,,,,,,,,,,,,,,,,,,,,,,,,,,,,,,,,,,,,,,,,64,2,2,16,1.9219,,,,,,,,,
e6_attention,E6,spmw_cap44_64_cosim_s2,E6,SPMW grouped,,,,cosim,300,ok,True,42,123,,,,,,,,,,,,80.4,,,,,,,,,reports/spmw_cap44_64_cosim_s2/run.json;validation/spmw_cap44_64_cosim_s2,,,,,190.7,,,,paper_grouped_4x4,,,,,,,,,,,,,,,,,,,,,,,,,,,,,,,,,,,,,,,,,,,,,,,,,,,,,,16,,,,,,,,,,,,,,,,,,,,,,,,,,,,,,,,,,,,,,,,,,,,,,,64,2,2,16,1.9219,,,,,,,,,
e6_attention,E6,spmw_conv_4096_cosim_s0,E6,SPMW conventional,,,,cosim,300,ok,True,4149,8256,,,,,,,,,,,,126.6,,,,,,,,,reports/spmw_conv_4096_cosim_s0/run.json;validation/spmw_conv_4096_cosim_s0,,,,,412.4,,,,conventional_2pass,,,,,,,,,,,,,,,,,,,,,,,,,,,,,,,,,,,,,,,,,,,,,,,,,,,,,,16,,,,,,,,,,,,,,,,,,,,,,,,,,,,,,,,,,,,,,,,,,,,,,,4096,2,1,16,2.0156,,,,,,,,,
e6_attention,E6,spmw_conv_4096_cosim_s1,E6,SPMW conventional,,,,cosim,300,ok,True,4149,8256,,,,,,,,,,,,126.6,,,,,,,,,reports/spmw_conv_4096_cosim_s1/run.json;validation/spmw_conv_4096_cosim_s1,,,,,412.4,,,,conventional_2pass,,,,,,,,,,,,,,,,,,,,,,,,,,,,,,,,,,,,,,,,,,,,,,,,,,,,,,16,,,,,,,,,,,,,,,,,,,,,,,,,,,,,,,,,,,,,,,,,,,,,,,4096,2,1,16,2.0156,,,,,,,,,
e6_attention,E6,spmw_conv_4096_cosim_s2,E6,SPMW conventional,,,,cosim,300,ok,True,4149,8256,,,,,,,,,,,,126.6,,,,,,,,,reports/spmw_conv_4096_cosim_s2/run.json;validation/spmw_conv_4096_cosim_s2,,,,,412.4,,,,conventional_2pass,,,,,,,,,,,,,,,,,,,,,,,,,,,,,,,,,,,,,,,,,,,,,,,,,,,,,,16,,,,,,,,,,,,,,,,,,,,,,,,,,,,,,,,,,,,,,,,,,,,,,,4096,2,1,16,2.0156,,,,,,,,,
e6_attention,E6,spmw_conv_4096_pnr,E6,SPMW conventional,,,,pnr_ooc,300,ok,,,,,1207,2997,16,0,,,0,1.333,0.0,,142.4,,,,,,0,,,reports/spmw_conv_4096_pnr/run.json;reports/spmw_conv_4096_pnr/util.rpt;reports/spmw_conv_4096_pnr/util_synth.rpt;reports/spmw_conv_4096_pnr/timing.rpt;reports/spmw_conv_4096_pnr/route.rpt;reports/spmw_conv_4096_pnr/util_hier.rpt;reports/spmw_conv_4096_pnr/vivado_pnr.log;reports/spmw_conv_4096_pnr/assemble_pnr.tcl;reports/spmw_conv_4096_pnr/clock.xdc,,,,,685.6,,,,conventional_2pass,,,,,,,,,,,,,,,,,,,,,,,,,,,,,,,,,,,,,,,,,,,,,,,,,,,,,,16,,,,,,,,,,,,,,,,,,,,,,,,,,,,,,,,,,,,,,,,,,,,,,,4096,2,1,16,,,,,,,,,,
e6_attention,E6,spmw_conv_4096_pnr_trim,E6,SPMW conventional,,,,pnr_ooc,300,ok,,,,,908,1729,8,0,,,0,1.358,0.0,,99.0,,,,,,0,,,reports/spmw_conv_4096_pnr_trim/run.json;reports/spmw_conv_4096_pnr_trim/util.rpt;reports/spmw_conv_4096_pnr_trim/util_synth.rpt;reports/spmw_conv_4096_pnr_trim/timing.rpt;reports/spmw_conv_4096_pnr_trim/route.rpt;reports/spmw_conv_4096_pnr_trim/util_hier.rpt;reports/spmw_conv_4096_pnr_trim/vivado_pnr.log;reports/spmw_conv_4096_pnr_trim/assemble_pnr.tcl;reports/spmw_conv_4096_pnr_trim/clock.xdc,,,,,525.0,,,,conventional_2pass_paddingtiedoff,,,,,,,,,,,,,,,,,,,,,,,,,,,,,,,,,,,,,,,,,,,,,,,,,,,,,,16,,,,,,,,,,,,,,,,,,,,,,,,,,,,,,,,,,,,,,,,,,,,,,,4096,2,1,16,,,,,,,,,,
e6_attention,E6,spmw_conv_6_cosim_s0,E6,SPMW conventional,,,,cosim,300,ok,True,59,76,,,,,,,,,,,,119.4,,,,,,,,,reports/spmw_conv_6_cosim_s0/run.json;validation/spmw_conv_6_cosim_s0,,,,,291.0,,,,conventional_2pass,,,,,,,,,,,,,,,,,,,,,,,,,,,,,,,,,,,,,,,,,,,,,,,,,,,,,,16,,,,,,,,,,,,,,,,,,,,,,,,,,,,,,,,,,,,,,,,,,,,,,,6,2,1,16,12.6667,,,,,,,,,
e6_attention,E6,spmw_conv_6_cosim_s1,E6,SPMW conventional,,,,cosim,300,ok,True,59,76,,,,,,,,,,,,119.4,,,,,,,,,reports/spmw_conv_6_cosim_s1/run.json;validation/spmw_conv_6_cosim_s1,,,,,291.0,,,,conventional_2pass,,,,,,,,,,,,,,,,,,,,,,,,,,,,,,,,,,,,,,,,,,,,,,,,,,,,,,16,,,,,,,,,,,,,,,,,,,,,,,,,,,,,,,,,,,,,,,,,,,,,,,6,2,1,16,12.6667,,,,,,,,,
e6_attention,E6,spmw_conv_6_cosim_s2,E6,SPMW conventional,,,,cosim,300,ok,True,59,76,,,,,,,,,,,,119.4,,,,,,,,,reports/spmw_conv_6_cosim_s2/run.json;validation/spmw_conv_6_cosim_s2,,,,,291.0,,,,conventional_2pass,,,,,,,,,,,,,,,,,,,,,,,,,,,,,,,,,,,,,,,,,,,,,,,,,,,,,,16,,,,,,,,,,,,,,,,,,,,,,,,,,,,,,,,,,,,,,,,,,,,,,,6,2,1,16,12.6667,,,,,,,,,
e6_attention,E6,spmw_conv_64_cosim_s0,E6,SPMW conventional,,,,cosim,300,ok,True,117,192,,,,,,,,,,,,125.9,,,,,,,,,reports/spmw_conv_64_cosim_s0/run.json;validation/spmw_conv_64_cosim_s0,,,,,301.2,,,,conventional_2pass,,,,,,,,,,,,,,,,,,,,,,,,,,,,,,,,,,,,,,,,,,,,,,,,,,,,,,16,,,,,,,,,,,,,,,,,,,,,,,,,,,,,,,,,,,,,,,,,,,,,,,64,2,1,16,3.0,,,,,,,,,
e6_attention,E6,spmw_conv_64_cosim_s1,E6,SPMW conventional,,,,cosim,300,ok,True,117,192,,,,,,,,,,,,125.9,,,,,,,,,reports/spmw_conv_64_cosim_s1/run.json;validation/spmw_conv_64_cosim_s1,,,,,301.2,,,,conventional_2pass,,,,,,,,,,,,,,,,,,,,,,,,,,,,,,,,,,,,,,,,,,,,,,,,,,,,,,16,,,,,,,,,,,,,,,,,,,,,,,,,,,,,,,,,,,,,,,,,,,,,,,64,2,1,16,3.0,,,,,,,,,
e6_attention,E6,spmw_conv_64_cosim_s2,E6,SPMW conventional,,,,cosim,300,ok,True,117,192,,,,,,,,,,,,125.9,,,,,,,,,reports/spmw_conv_64_cosim_s2/run.json;validation/spmw_conv_64_cosim_s2,,,,,301.2,,,,conventional_2pass,,,,,,,,,,,,,,,,,,,,,,,,,,,,,,,,,,,,,,,,,,,,,,,,,,,,,,16,,,,,,,,,,,,,,,,,,,,,,,,,,,,,,,,,,,,,,,,,,,,,,,64,2,1,16,3.0,,,,,,,,,
e6_attention,E6,spmw_conv_64_pnr,E6,SPMW conventional,,,,pnr_ooc,300,ok,,,,,1027,2873,16,0,,,0,1.119,0.0,,116.7,,,,,,0,,,reports/spmw_conv_64_pnr/run.json;reports/spmw_conv_64_pnr/util.rpt;reports/spmw_conv_64_pnr/util_synth.rpt;reports/spmw_conv_64_pnr/timing.rpt;reports/spmw_conv_64_pnr/route.rpt;reports/spmw_conv_64_pnr/util_hier.rpt;reports/spmw_conv_64_pnr/vivado_pnr.log;reports/spmw_conv_64_pnr/assemble_pnr.tcl;reports/spmw_conv_64_pnr/clock.xdc,,,,,553.3,,,,conventional_2pass,,,,,,,,,,,,,,,,,,,,,,,,,,,,,,,,,,,,,,,,,,,,,,,,,,,,,,16,,,,,,,,,,,,,,,,,,,,,,,,,,,,,,,,,,,,,,,,,,,,,,,64,2,1,16,,,,,,,,,,
e6_attention,E6,spmw_conv_6_pnr,E6,SPMW conventional,,,,pnr_ooc,300,ok,,,,,911,2793,16,0,,,0,1.45,0.0,,103.3,,,,,,0,,,reports/spmw_conv_6_pnr/run.json;reports/spmw_conv_6_pnr/util.rpt;reports/spmw_conv_6_pnr/util_synth.rpt;reports/spmw_conv_6_pnr/timing.rpt;reports/spmw_conv_6_pnr/route.rpt;reports/spmw_conv_6_pnr/util_hier.rpt;reports/spmw_conv_6_pnr/vivado_pnr.log;reports/spmw_conv_6_pnr/assemble_pnr.tcl;reports/spmw_conv_6_pnr/clock.xdc,,,,,548.9,,,,conventional_2pass,,,,,,,,,,,,,,,,,,,,,,,,,,,,,,,,,,,,,,,,,,,,,,,,,,,,,,16,,,,,,,,,,,,,,,,,,,,,,,,,,,,,,,,,,,,,,,,,,,,,,,6,2,1,16,,,,,,,,,,
e6_attention,E6,spmw_convz0_64_cosim_s0,E6,SPMW conventional,,,,cosim,300,ok,True,23,131,,,,,,,,,,,,97.6,,,,,,,,,reports/spmw_convz0_64_cosim_s0/run.json;validation/spmw_convz0_64_cosim_s0,,,,,140.0,,,,conventional_foldedseed_pass1_only,,,,,,,,,,,,,,,,,,,,,,,,,,,,,,,,,,,,,,,,,,,,,,,,,,,,,,16,,,,,,,,,,,,,,,,,,,,,,,,,,,,,,,,,,,,,,,,,,,,,,,64,2,1,16,2.0469,,,,,,,,,
e6_attention,E6,spmw_grp_4096_cosim_s0,E6,SPMW grouped,,,,cosim,300,ok,True,42,5499,,,,,,,,,,,,68.4,,,,,,,,,reports/spmw_grp_4096_cosim_s0/run.json;validation/spmw_grp_4096_cosim_s0,,,,,188.0,,,,grouped_constseed,,,,,,,,,,,,,,,,,,,,,,,,,,,,,,,,,,,,,,,,,,,,,,,,,,,,,,16,,,,,,,,,,,,,,,,,,,,,,,,,,,,,,,,,,,,,,,,,,,,,,,4096,2,2,16,1.3425,,,,,,,,,
e6_attention,E6,spmw_grp_4096_cosim_s1,E6,SPMW grouped,,,,cosim,300,ok,True,42,5499,,,,,,,,,,,,68.4,,,,,,,,,reports/spmw_grp_4096_cosim_s1/run.json;validation/spmw_grp_4096_cosim_s1,,,,,188.0,,,,grouped_constseed,,,,,,,,,,,,,,,,,,,,,,,,,,,,,,,,,,,,,,,,,,,,,,,,,,,,,,16,,,,,,,,,,,,,,,,,,,,,,,,,,,,,,,,,,,,,,,,,,,,,,,4096,2,2,16,1.3425,,,,,,,,,
e6_attention,E6,spmw_grp_4096_cosim_s2,E6,SPMW grouped,,,,cosim,300,ok,True,42,5499,,,,,,,,,,,,68.4,,,,,,,,,reports/spmw_grp_4096_cosim_s2/run.json;validation/spmw_grp_4096_cosim_s2,,,,,188.0,,,,grouped_constseed,,,,,,,,,,,,,,,,,,,,,,,,,,,,,,,,,,,,,,,,,,,,,,,,,,,,,,16,,,,,,,,,,,,,,,,,,,,,,,,,,,,,,,,,,,,,,,,,,,,,,,4096,2,2,16,1.3425,,,,,,,,,
e6_attention,E6,spmw_grp_4096_pnr,E6,SPMW grouped,,,,pnr_ooc,300,ok,,,,,1037,2321,16,0,,,0,1.279,0.0,,69.0,,,,,,0,,,reports/spmw_grp_4096_pnr/run.json;reports/spmw_grp_4096_pnr/util.rpt;reports/spmw_grp_4096_pnr/util_synth.rpt;reports/spmw_grp_4096_pnr/timing.rpt;reports/spmw_grp_4096_pnr/route.rpt;reports/spmw_grp_4096_pnr/util_hier.rpt;reports/spmw_grp_4096_pnr/vivado_pnr.log;reports/spmw_grp_4096_pnr/assemble_pnr.tcl;reports/spmw_grp_4096_pnr/clock.xdc,,,,,588.9,,,,grouped_constseed,,,,,,,,,,,,,,,,,,,,,,,,,,,,,,,,,,,,,,,,,,,,,,,,,,,,,,16,,,,,,,,,,,,,,,,,,,,,,,,,,,,,,,,,,,,,,,,,,,,,,,4096,2,2,16,,,,,,,,,,
e6_attention,E6,spmw_grp_6_cosim_s0,E6,SPMW grouped,,,,cosim,300,ok,True,36,45,,,,,,,,,,,,55.3,,,,,,,,,reports/spmw_grp_6_cosim_s0/run.json;validation/spmw_grp_6_cosim_s0,,,,,136.6,,,,grouped_constseed,,,,,,,,,,,,,,,,,,,,,,,,,,,,,,,,,,,,,,,,,,,,,,,,,,,,,,16,,,,,,,,,,,,,,,,,,,,,,,,,,,,,,,,,,,,,,,,,,,,,,,6,2,2,16,7.5,,,,,,,,,
e6_attention,E6,spmw_grp_6_cosim_s1,E6,SPMW grouped,,,,cosim,300,ok,True,36,45,,,,,,,,,,,,55.3,,,,,,,,,reports/spmw_grp_6_cosim_s1/run.json;validation/spmw_grp_6_cosim_s1,,,,,136.6,,,,grouped_constseed,,,,,,,,,,,,,,,,,,,,,,,,,,,,,,,,,,,,,,,,,,,,,,,,,,,,,,16,,,,,,,,,,,,,,,,,,,,,,,,,,,,,,,,,,,,,,,,,,,,,,,6,2,2,16,7.5,,,,,,,,,
e6_attention,E6,spmw_grp_6_cosim_s2,E6,SPMW grouped,,,,cosim,300,ok,True,36,45,,,,,,,,,,,,55.3,,,,,,,,,reports/spmw_grp_6_cosim_s2/run.json;validation/spmw_grp_6_cosim_s2,,,,,136.6,,,,grouped_constseed,,,,,,,,,,,,,,,,,,,,,,,,,,,,,,,,,,,,,,,,,,,,,,,,,,,,,,16,,,,,,,,,,,,,,,,,,,,,,,,,,,,,,,,,,,,,,,,,,,,,,,6,2,2,16,7.5,,,,,,,,,
e6_attention,E6,spmw_grp_64_cosim_s0,E6,SPMW grouped,,,,cosim,300,ok,True,42,123,,,,,,,,,,,,65.7,,,,,,,,,reports/spmw_grp_64_cosim_s0/run.json;validation/spmw_grp_64_cosim_s0,,,,,164.9,,,,grouped_constseed,,,,,,,,,,,,,,,,,,,,,,,,,,,,,,,,,,,,,,,,,,,,,,,,,,,,,,16,,,,,,,,,,,,,,,,,,,,,,,,,,,,,,,,,,,,,,,,,,,,,,,64,2,2,16,1.9219,,,,,,,,,
e6_attention,E6,spmw_grp_64_cosim_s1,E6,SPMW grouped,,,,cosim,300,ok,True,42,123,,,,,,,,,,,,65.7,,,,,,,,,reports/spmw_grp_64_cosim_s1/run.json;validation/spmw_grp_64_cosim_s1,,,,,164.9,,,,grouped_constseed,,,,,,,,,,,,,,,,,,,,,,,,,,,,,,,,,,,,,,,,,,,,,,,,,,,,,,16,,,,,,,,,,,,,,,,,,,,,,,,,,,,,,,,,,,,,,,,,,,,,,,64,2,2,16,1.9219,,,,,,,,,
e6_attention,E6,spmw_grp_64_cosim_s2,E6,SPMW grouped,,,,cosim,300,ok,True,42,123,,,,,,,,,,,,65.7,,,,,,,,,reports/spmw_grp_64_cosim_s2/run.json;validation/spmw_grp_64_cosim_s2,,,,,164.9,,,,grouped_constseed,,,,,,,,,,,,,,,,,,,,,,,,,,,,,,,,,,,,,,,,,,,,,,,,,,,,,,16,,,,,,,,,,,,,,,,,,,,,,,,,,,,,,,,,,,,,,,,,,,,,,,64,2,2,16,1.9219,,,,,,,,,
e6_attention,E6,spmw_grp_64_pnr,E6,SPMW grouped,,,,pnr_ooc,300,ok,,,,,880,2213,16,0,,,0,1.49,0.0,,61.0,,,,,,0,,,reports/spmw_grp_64_pnr/run.json;reports/spmw_grp_64_pnr/util.rpt;reports/spmw_grp_64_pnr/util_synth.rpt;reports/spmw_grp_64_pnr/timing.rpt;reports/spmw_grp_64_pnr/route.rpt;reports/spmw_grp_64_pnr/util_hier.rpt;reports/spmw_grp_64_pnr/vivado_pnr.log;reports/spmw_grp_64_pnr/assemble_pnr.tcl;reports/spmw_grp_64_pnr/clock.xdc,,,,,447.8,,,,grouped_constseed,,,,,,,,,,,,,,,,,,,,,,,,,,,,,,,,,,,,,,,,,,,,,,,,,,,,,,16,,,,,,,,,,,,,,,,,,,,,,,,,,,,,,,,,,,,,,,,,,,,,,,64,2,2,16,,,,,,,,,,
e6_attention,E6,spmw_grp_6_pnr,E6,SPMW grouped,,,,pnr_ooc,300,ok,,,,,767,2141,16,0,,,0,0.95,0.0,,48.5,,,,,,0,,,reports/spmw_grp_6_pnr/run.json;reports/spmw_grp_6_pnr/util.rpt;reports/spmw_grp_6_pnr/util_synth.rpt;reports/spmw_grp_6_pnr/timing.rpt;reports/spmw_grp_6_pnr/route.rpt;reports/spmw_grp_6_pnr/util_hier.rpt;reports/spmw_grp_6_pnr/vivado_pnr.log;reports/spmw_grp_6_pnr/assemble_pnr.tcl;reports/spmw_grp_6_pnr/clock.xdc,,,,,422.1,,,,grouped_constseed,,,,,,,,,,,,,,,,,,,,,,,,,,,,,,,,,,,,,,,,,,,,,,,,,,,,,,16,,,,,,,,,,,,,,,,,,,,,,,,,,,,,,,,,,,,,,,,,,,,,,,6,2,2,16,,,,,,,,,,
e6_attention,E6,spmw_grpzs_4096_cosim_s0,E6,SPMW grouped,,,,cosim,300,ok,True,37,4136,,,,,,,,,,,,48.1,,,,,,,,,reports/spmw_grpzs_4096_cosim_s0/run.json;validation/spmw_grpzs_4096_cosim_s0,,,,,142.0,,,,grouped_zeroseed,,,,,,,,,,,,,,,,,,,,,,,,,,,,,,,,,,,,,,,,,,,,,,,,,,,,,,16,,,,,,,,,,,,,,,,,,,,,,,,,,,,,,,,,,,,,,,,,,,,,,,4096,2,2,16,1.0098,,,,,,,,,
e6_attention,E6,spmw_grpzs_4096_cosim_s1,E6,SPMW grouped,,,,cosim,300,ok,True,37,4136,,,,,,,,,,,,48.1,,,,,,,,,reports/spmw_grpzs_4096_cosim_s1/run.json;validation/spmw_grpzs_4096_cosim_s1,,,,,142.0,,,,grouped_zeroseed,,,,,,,,,,,,,,,,,,,,,,,,,,,,,,,,,,,,,,,,,,,,,,,,,,,,,,16,,,,,,,,,,,,,,,,,,,,,,,,,,,,,,,,,,,,,,,,,,,,,,,4096,2,2,16,1.0098,,,,,,,,,
e6_attention,E6,spmw_grpzs_4096_cosim_s2,E6,SPMW grouped,,,,cosim,300,ok,True,37,4136,,,,,,,,,,,,48.1,,,,,,,,,reports/spmw_grpzs_4096_cosim_s2/run.json;validation/spmw_grpzs_4096_cosim_s2,,,,,142.0,,,,grouped_zeroseed,,,,,,,,,,,,,,,,,,,,,,,,,,,,,,,,,,,,,,,,,,,,,,,,,,,,,,16,,,,,,,,,,,,,,,,,,,,,,,,,,,,,,,,,,,,,,,,,,,,,,,4096,2,2,16,1.0098,,,,,,,,,
e6_attention,E6,spmw_grpzs_4096_pnr,E6,SPMW grouped,,,,pnr_ooc,300,ok,,,,,1072,2553,16,0,,,0,1.146,0.0,,59.5,,,,,,0,,,reports/spmw_grpzs_4096_pnr/run.json;reports/spmw_grpzs_4096_pnr/util.rpt;reports/spmw_grpzs_4096_pnr/util_synth.rpt;reports/spmw_grpzs_4096_pnr/timing.rpt;reports/spmw_grpzs_4096_pnr/route.rpt;reports/spmw_grpzs_4096_pnr/util_hier.rpt;reports/spmw_grpzs_4096_pnr/vivado_pnr.log;reports/spmw_grpzs_4096_pnr/assemble_pnr.tcl;reports/spmw_grpzs_4096_pnr/clock.xdc,,,,,489.4,,,,grouped_zeroseed,,,,,,,,,,,,,,,,,,,,,,,,,,,,,,,,,,,,,,,,,,,,,,,,,,,,,,16,,,,,,,,,,,,,,,,,,,,,,,,,,,,,,,,,,,,,,,,,,,,,,,4096,2,2,16,,,,,,,,,,
e6_attention,E6,spmw_grpzs_6_cosim_s0,E6,SPMW grouped,,,,cosim,300,ok,True,37,46,,,,,,,,,,,,60.3,,,,,,,,,reports/spmw_grpzs_6_cosim_s0/run.json;validation/spmw_grpzs_6_cosim_s0,,,,,143.0,,,,grouped_zeroseed,,,,,,,,,,,,,,,,,,,,,,,,,,,,,,,,,,,,,,,,,,,,,,,,,,,,,,16,,,,,,,,,,,,,,,,,,,,,,,,,,,,,,,,,,,,,,,,,,,,,,,6,2,2,16,7.6667,,,,,,,,,
e6_attention,E6,spmw_grpzs_6_cosim_s1,E6,SPMW grouped,,,,cosim,300,ok,True,37,46,,,,,,,,,,,,60.3,,,,,,,,,reports/spmw_grpzs_6_cosim_s1/run.json;validation/spmw_grpzs_6_cosim_s1,,,,,143.0,,,,grouped_zeroseed,,,,,,,,,,,,,,,,,,,,,,,,,,,,,,,,,,,,,,,,,,,,,,,,,,,,,,16,,,,,,,,,,,,,,,,,,,,,,,,,,,,,,,,,,,,,,,,,,,,,,,6,2,2,16,7.6667,,,,,,,,,
e6_attention,E6,spmw_grpzs_6_cosim_s2,E6,SPMW grouped,,,,cosim,300,ok,True,37,46,,,,,,,,,,,,60.3,,,,,,,,,reports/spmw_grpzs_6_cosim_s2/run.json;validation/spmw_grpzs_6_cosim_s2,,,,,143.0,,,,grouped_zeroseed,,,,,,,,,,,,,,,,,,,,,,,,,,,,,,,,,,,,,,,,,,,,,,,,,,,,,,16,,,,,,,,,,,,,,,,,,,,,,,,,,,,,,,,,,,,,,,,,,,,,,,6,2,2,16,7.6667,,,,,,,,,
e6_attention,E6,spmw_grpzs_64_cosim_s0,E6,SPMW grouped,,,,cosim,300,ok,True,37,104,,,,,,,,,,,,48.4,,,,,,,,,reports/spmw_grpzs_64_cosim_s0/run.json;validation/spmw_grpzs_64_cosim_s0,,,,,125.9,,,,grouped_zeroseed,,,,,,,,,,,,,,,,,,,,,,,,,,,,,,,,,,,,,,,,,,,,,,,,,,,,,,16,,,,,,,,,,,,,,,,,,,,,,,,,,,,,,,,,,,,,,,,,,,,,,,64,2,2,16,1.625,,,,,,,,,
e6_attention,E6,spmw_grpzs_64_cosim_s1,E6,SPMW grouped,,,,cosim,300,ok,True,37,104,,,,,,,,,,,,48.4,,,,,,,,,reports/spmw_grpzs_64_cosim_s1/run.json;validation/spmw_grpzs_64_cosim_s1,,,,,125.9,,,,grouped_zeroseed,,,,,,,,,,,,,,,,,,,,,,,,,,,,,,,,,,,,,,,,,,,,,,,,,,,,,,16,,,,,,,,,,,,,,,,,,,,,,,,,,,,,,,,,,,,,,,,,,,,,,,64,2,2,16,1.625,,,,,,,,,
e6_attention,E6,spmw_grpzs_64_cosim_s2,E6,SPMW grouped,,,,cosim,300,ok,True,37,104,,,,,,,,,,,,48.4,,,,,,,,,reports/spmw_grpzs_64_cosim_s2/run.json;validation/spmw_grpzs_64_cosim_s2,,,,,125.9,,,,grouped_zeroseed,,,,,,,,,,,,,,,,,,,,,,,,,,,,,,,,,,,,,,,,,,,,,,,,,,,,,,16,,,,,,,,,,,,,,,,,,,,,,,,,,,,,,,,,,,,,,,,,,,,,,,64,2,2,16,1.625,,,,,,,,,
e6_attention,E6,spmw_conventional_M6_simulator,E6,SPMW conventional,,,,simulator,,ok,True,,,,,,,,,,,,,,,,,,,,,,,validation/spmw_pytest/pytest_full.log,"cycles: null -- allo/backend/simulator.py is a functional dataflow simulator with no cycle model; seeds 0,1,2 validated bit-exact against numpy (test_simulator_matches, test_reference_matches, test_both_designs_agree_bit_for_bit)",,,,,,,,conventional_2pass,,,,,,,,,,,,,,,,,,,,,,,,,,,,,,,,,,,,,,,,,,,,,,,,,,,,,,16,,,,,,,,,,,,,,,,,,,,,,,,,,,,,,,,,,,,,,,,,,,,,,,6,2,1,16,,,,,,,,,,
e6_attention,E6,spmw_conventional_M64_simulator,E6,SPMW conventional,,,,simulator,,ok,True,,,,,,,,,,,,,,,,,,,,,,,validation/spmw_pytest/pytest_full.log,"cycles: null -- allo/backend/simulator.py is a functional dataflow simulator with no cycle model; seeds 0,1,2 validated bit-exact against numpy (test_simulator_matches, test_reference_matches, test_both_designs_agree_bit_for_bit)",,,,,,,,conventional_2pass,,,,,,,,,,,,,,,,,,,,,,,,,,,,,,,,,,,,,,,,,,,,,,,,,,,,,,16,,,,,,,,,,,,,,,,,,,,,,,,,,,,,,,,,,,,,,,,,,,,,,,64,2,1,16,,,,,,,,,,
e6_attention,E6,spmw_conventional_M4096_simulator,E6,SPMW conventional,,,,simulator,,ok,True,,,,,,,,,,,,,,,,,,,,,,,validation/spmw_pytest/pytest_full.log,"cycles: null -- allo/backend/simulator.py is a functional dataflow simulator with no cycle model; seeds 0,1,2 validated bit-exact against numpy (test_simulator_matches, test_reference_matches, test_both_designs_agree_bit_for_bit)",,,,,,,,conventional_2pass,,,,,,,,,,,,,,,,,,,,,,,,,,,,,,,,,,,,,,,,,,,,,,,,,,,,,,16,,,,,,,,,,,,,,,,,,,,,,,,,,,,,,,,,,,,,,,,,,,,,,,4096,2,1,16,,,,,,,,,,
e6_attention,E6,spmw_grouped_M6_simulator,E6,SPMW grouped,,,,simulator,,ok,True,,,,,,,,,,,,,,,,,,,,,,,validation/spmw_pytest/pytest_full.log,"cycles: null -- allo/backend/simulator.py is a functional dataflow simulator with no cycle model; seeds 0,1,2 validated bit-exact against numpy (test_simulator_matches, test_reference_matches, test_both_designs_agree_bit_for_bit)",,,,,,,,grouped_constseed,,,,,,,,,,,,,,,,,,,,,,,,,,,,,,,,,,,,,,,,,,,,,,,,,,,,,,16,,,,,,,,,,,,,,,,,,,,,,,,,,,,,,,,,,,,,,,,,,,,,,,6,2,2,16,,,,,,,,,,
e6_attention,E6,spmw_grouped_M64_simulator,E6,SPMW grouped,,,,simulator,,ok,True,,,,,,,,,,,,,,,,,,,,,,,validation/spmw_pytest/pytest_full.log,"cycles: null -- allo/backend/simulator.py is a functional dataflow simulator with no cycle model; seeds 0,1,2 validated bit-exact against numpy (test_simulator_matches, test_reference_matches, test_both_designs_agree_bit_for_bit)",,,,,,,,grouped_constseed,,,,,,,,,,,,,,,,,,,,,,,,,,,,,,,,,,,,,,,,,,,,,,,,,,,,,,16,,,,,,,,,,,,,,,,,,,,,,,,,,,,,,,,,,,,,,,,,,,,,,,64,2,2,16,,,,,,,,,,
e6_attention,E6,spmw_grouped_M4096_simulator,E6,SPMW grouped,,,,simulator,,ok,True,,,,,,,,,,,,,,,,,,,,,,,validation/spmw_pytest/pytest_full.log,"cycles: null -- allo/backend/simulator.py is a functional dataflow simulator with no cycle model; seeds 0,1,2 validated bit-exact against numpy (test_simulator_matches, test_reference_matches, test_both_designs_agree_bit_for_bit)",,,,,,,,grouped_constseed,,,,,,,,,,,,,,,,,,,,,,,,,,,,,,,,,,,,,,,,,,,,,,,,,,,,,,16,,,,,,,,,,,,,,,,,,,,,,,,,,,,,,,,,,,,,,,,,,,,,,,4096,2,2,16,,,,,,,,,,
e6_attention,E6,hls_conventional_M4096_cosim,E6,HLS baseline,,,,cosim,300,ok,True,,37706,,,,,,,,,,,,33.49,,,,,,,,,reports/hls_conventional_M4096_cosim/result.txt;reports/hls_conventional_M4096_cosim/attention_pv_csynth.rpt;reports/hls_conventional_M4096_cosim/attention_pv_cosim.rpt;reports/hls_conventional_M4096_cosim/vitis_hls.log;reports/hls_conventional_M4096_cosim/run.tcl,,,,,116,,,,hls_conventional,,,,,,,,,,,,,,,,,,,,,,,,,,,,,,,,,,,,,,,,,,,,,,,,,,,,,,16,,,,,,,,,,,,,,,,,,,,,,,,,,,,,,,,,,,,,,,,,,,,,,,4096,2,1,16,9.2056,,,,,,,,,
e6_attention,E6,hls_conventional_M6_cosim,E6,HLS baseline,,,,cosim,300,ok,True,,794,,,,,,,,,,,,32.13,,,,,,,,,reports/hls_conventional_M6_cosim/result.txt;reports/hls_conventional_M6_cosim/attention_pv_csynth.rpt;reports/hls_conventional_M6_cosim/attention_pv_cosim.rpt;reports/hls_conventional_M6_cosim/vitis_hls.log;reports/hls_conventional_M6_cosim/run.tcl,,,,,89,,,,hls_conventional,,,,,,,,,,,,,,,,,,,,,,,,,,,,,,,,,,,,,,,,,,,,,,,,,,,,,,16,,,,,,,,,,,,,,,,,,,,,,,,,,,,,,,,,,,,,,,,,,,,,,,6,2,1,16,132.3333,,,,,,,,,
e6_attention,E6,hls_conventional_M64_cosim,E6,HLS baseline,,,,cosim,300,ok,True,,1418,,,,,,,,,,,,35.35,,,,,,,,,reports/hls_conventional_M64_cosim/result.txt;reports/hls_conventional_M64_cosim/attention_pv_csynth.rpt;reports/hls_conventional_M64_cosim/attention_pv_cosim.rpt;reports/hls_conventional_M64_cosim/vitis_hls.log;reports/hls_conventional_M64_cosim/run.tcl,,,,,93,,,,hls_conventional,,,,,,,,,,,,,,,,,,,,,,,,,,,,,,,,,,,,,,,,,,,,,,,,,,,,,,16,,,,,,,,,,,,,,,,,,,,,,,,,,,,,,,,,,,,,,,,,,,,,,,64,2,1,16,22.1562,,,,,,,,,
e6_attention,E6,hls_conventional_packed_M4096_cosim,E6,HLS baseline,,,,cosim,300,ok,True,,4957,,,,,,,,,,,,33.74,,,,,,,,,reports/hls_conventional_packed_M4096_cosim/result.txt;reports/hls_conventional_packed_M4096_cosim/attention_pv_csynth.rpt;reports/hls_conventional_packed_M4096_cosim/attention_pv_cosim.rpt;reports/hls_conventional_packed_M4096_cosim/vitis_hls.log;reports/hls_conventional_packed_M4096_cosim/run.tcl,,,,,97,,,,hls_conventional_packedlanes,,,,,,,,,,,,,,,,,,,,,,,,,,,,,,,,,,,,,,,,,,,,,,,,,,,,,,16,,,,,,,,,,,,,,,,,,,,,,,,,,,,,,,,,,,,,,,,,,,,,,,4096,2,1,16,1.2102,,,,,,,,,
e6_attention,E6,hls_conventional_packed_M6_cosim,E6,HLS baseline,,,,cosim,300,ok,True,,349,,,,,,,,,,,,30.39,,,,,,,,,reports/hls_conventional_packed_M6_cosim/result.txt;reports/hls_conventional_packed_M6_cosim/attention_pv_csynth.rpt;reports/hls_conventional_packed_M6_cosim/attention_pv_cosim.rpt;reports/hls_conventional_packed_M6_cosim/vitis_hls.log;reports/hls_conventional_packed_M6_cosim/run.tcl,,,,,85,,,,hls_conventional_packedlanes,,,,,,,,,,,,,,,,,,,,,,,,,,,,,,,,,,,,,,,,,,,,,,,,,,,,,,16,,,,,,,,,,,,,,,,,,,,,,,,,,,,,,,,,,,,,,,,,,,,,,,6,2,1,16,58.1667,,,,,,,,,
e6_attention,E6,hls_conventional_packed_M64_cosim,E6,HLS baseline,,,,cosim,300,ok,True,,421,,,,,,,,,,,,30.76,,,,,,,,,reports/hls_conventional_packed_M64_cosim/result.txt;reports/hls_conventional_packed_M64_cosim/attention_pv_csynth.rpt;reports/hls_conventional_packed_M64_cosim/attention_pv_cosim.rpt;reports/hls_conventional_packed_M64_cosim/vitis_hls.log;reports/hls_conventional_packed_M64_cosim/run.tcl,,,,,87,,,,hls_conventional_packedlanes,,,,,,,,,,,,,,,,,,,,,,,,,,,,,,,,,,,,,,,,,,,,,,,,,,,,,,16,,,,,,,,,,,,,,,,,,,,,,,,,,,,,,,,,,,,,,,,,,,,,,,64,2,1,16,6.5781,,,,,,,,,
e6_attention,E6,hls_grouped_M4096_cosim,E6,HLS baseline,,,,cosim,300,ok,True,,4470,,,,,,,,,,,,36.44,,,,,,,,,reports/hls_grouped_M4096_cosim/result.txt;reports/hls_grouped_M4096_cosim/attention_pv_csynth.rpt;reports/hls_grouped_M4096_cosim/attention_pv_cosim.rpt;reports/hls_grouped_M4096_cosim/vitis_hls.log;reports/hls_grouped_M4096_cosim/run.tcl,,,,,101,,,,hls_grouped,,,,,,,,,,,,,,,,,,,,,,,,,,,,,,,,,,,,,,,,,,,,,,,,,,,,,,16,,,,,,,,,,,,,,,,,,,,,,,,,,,,,,,,,,,,,,,,,,,,,,,4096,2,2,16,1.0913,,,,,,,,,
e6_attention,E6,hls_grouped_M6_cosim,E6,HLS baseline,,,,cosim,300,ok,True,,360,,,,,,,,,,,,30.2,,,,,,,,,reports/hls_grouped_M6_cosim/result.txt;reports/hls_grouped_M6_cosim/attention_pv_csynth.rpt;reports/hls_grouped_M6_cosim/attention_pv_cosim.rpt;reports/hls_grouped_M6_cosim/vitis_hls.log;reports/hls_grouped_M6_cosim/run.tcl,,,,,92,,,,hls_grouped,,,,,,,,,,,,,,,,,,,,,,,,,,,,,,,,,,,,,,,,,,,,,,,,,,,,,,16,,,,,,,,,,,,,,,,,,,,,,,,,,,,,,,,,,,,,,,,,,,,,,,6,2,2,16,60.0,,,,,,,,,
e6_attention,E6,hls_grouped_M64_cosim,E6,HLS baseline,,,,cosim,300,ok,True,,430,,,,,,,,,,,,27.94,,,,,,,,,reports/hls_grouped_M64_cosim/result.txt;reports/hls_grouped_M64_cosim/attention_pv_csynth.rpt;reports/hls_grouped_M64_cosim/attention_pv_cosim.rpt;reports/hls_grouped_M64_cosim/vitis_hls.log;reports/hls_grouped_M64_cosim/run.tcl,,,,,86,,,,hls_grouped,,,,,,,,,,,,,,,,,,,,,,,,,,,,,,,,,,,,,,,,,,,,,,,,,,,,,,16,,,,,,,,,,,,,,,,,,,,,,,,,,,,,,,,,,,,,,,,,,,,,,,64,2,2,16,6.7188,,,,,,,,,
e6_attention,E6,hls_grouped_pnr_ooc_export,E6,HLS baseline,,,,pnr_ooc,300,ok,,,,,7062,6995,16,8,,,0,0.527,,,,,,,,,,,,reports/hls_grouped_pnr_ooc_export/attention_pv_export.rpt;reports/hls_grouped_pnr_ooc_export/impl.log;reports/hls_grouped_pnr_ooc_export/impl_result.txt;reports/hls_grouped_pnr_ooc_export/impl.tcl;reports/hls_grouped_pnr_ooc_export/export_impl.rpt;reports/hls_grouped_pnr_ooc_export/export_syn.rpt,,,,,1062,,,,hls_grouped,,,,,,,,,,,,,,,,,,,,,,,,,,,,,,,,,,,,,,,,,,,,,,,,,,,,,,16,,,,,,,,,,,,,,,,,,,,,,,,,,,,,,,,,,,,,,,,,,,,,,,all,2,2,16,,,,,,,,,,
e6_attention,E6,hls_grouped_pnr_ooc_kernel,E6,HLS baseline,,,,pnr_ooc,300,ok,,,,,7070,6997,16,4,,,0,0.593,0.0,,,,,,,,0,,,reports/hls_grouped_pnr_ooc_kernel/result.txt;reports/hls_grouped_pnr_ooc_kernel/util.rpt;reports/hls_grouped_pnr_ooc_kernel/util_synth.rpt;reports/hls_grouped_pnr_ooc_kernel/timing.rpt;reports/hls_grouped_pnr_ooc_kernel/route.rpt;reports/hls_grouped_pnr_ooc_kernel/util_hier.rpt;reports/hls_grouped_pnr_ooc_kernel/vivado_pnr.log;reports/hls_grouped_pnr_ooc_kernel/pnr.tcl;reports/hls_grouped_pnr_ooc_kernel/clock.xdc,,,,,456,,,,hls_grouped,,,,,,,,,,,,,,,,,,,,,,,,,,,,,,,,,,,,,,,,,,,,,,,,,,,,,,16,,,,,,,,,,,,,,,,,,,,,,,,,,,,,,,,,,,,,,,,,,,,,,,all,2,2,16,,,,,,,,,,
e6_attention,E6,hls_grouped_pnr_ooc_array,E6,HLS baseline,,,,pnr_ooc,300,ok,,,,,4046,3233,16,0,,,0,0.935,0.0,,,,,,,,0,,,reports/hls_grouped_pnr_ooc_array/result.txt;reports/hls_grouped_pnr_ooc_array/util.rpt;reports/hls_grouped_pnr_ooc_array/util_synth.rpt;reports/hls_grouped_pnr_ooc_array/timing.rpt;reports/hls_grouped_pnr_ooc_array/route.rpt;reports/hls_grouped_pnr_ooc_array/util_hier.rpt;reports/hls_grouped_pnr_ooc_array/vivado_pnr.log;reports/hls_grouped_pnr_ooc_array/pnr.tcl;reports/hls_grouped_pnr_ooc_array/clock.xdc,,,,,503,,,,hls_grouped,,,,,,,,,,,,,,,,,,,,,,,,,,,,,,,,,,,,,,,,,,,,,,,,,,,,,,16,,,,,,,,,,,,,,,,,,,,,,,,,,,,,,,,,,,,,,,,,,,,,,,all,2,2,16,,,,,,,,,,
e6_attention,E6,hls_conventional_pnr_ooc_export,E6,HLS baseline,,,,pnr_ooc,300,ok,,,,,9413,9665,16,10,,,0,0.758,,,,,,,,,,,,reports/hls_conventional_pnr_ooc_export/attention_pv_export.rpt;reports/hls_conventional_pnr_ooc_export/impl.log;reports/hls_conventional_pnr_ooc_export/impl_result.txt;reports/hls_conventional_pnr_ooc_export/impl.tcl;reports/hls_conventional_pnr_ooc_export/export_impl.rpt;reports/hls_conventional_pnr_ooc_export/export_syn.rpt,,,,,1157,,,,hls_conventional,,,,,,,,,,,,,,,,,,,,,,,,,,,,,,,,,,,,,,,,,,,,,,,,,,,,,,16,,,,,,,,,,,,,,,,,,,,,,,,,,,,,,,,,,,,,,,,,,,,,,,all,2,1,16,,,,,,,,,,
e6_attention,E6,hls_conventional_pnr_ooc_kernel,E6,HLS baseline,,,,pnr_ooc,300,ok,,,,,9411,9671,16,5,,,0,0.588,0.0,,,,,,,,0,,,reports/hls_conventional_pnr_ooc_kernel/result.txt;reports/hls_conventional_pnr_ooc_kernel/util.rpt;reports/hls_conventional_pnr_ooc_kernel/util_synth.rpt;reports/hls_conventional_pnr_ooc_kernel/timing.rpt;reports/hls_conventional_pnr_ooc_kernel/route.rpt;reports/hls_conventional_pnr_ooc_kernel/util_hier.rpt;reports/hls_conventional_pnr_ooc_kernel/vivado_pnr.log;reports/hls_conventional_pnr_ooc_kernel/pnr.tcl;reports/hls_conventional_pnr_ooc_kernel/clock.xdc,,,,,515,,,,hls_conventional,,,,,,,,,,,,,,,,,,,,,,,,,,,,,,,,,,,,,,,,,,,,,,,,,,,,,,16,,,,,,,,,,,,,,,,,,,,,,,,,,,,,,,,,,,,,,,,,,,,,,,all,2,1,16,,,,,,,,,,
e6_attention,E6,hls_conventional_pnr_ooc_array,E6,HLS baseline,,,,pnr_ooc,300,ok,,,,,4422,3889,16,0,,,0,0.812,0.0,,,,,,,,0,,,reports/hls_conventional_pnr_ooc_array/result.txt;reports/hls_conventional_pnr_ooc_array/util.rpt;reports/hls_conventional_pnr_ooc_array/util_synth.rpt;reports/hls_conventional_pnr_ooc_array/timing.rpt;reports/hls_conventional_pnr_ooc_array/route.rpt;reports/hls_conventional_pnr_ooc_array/util_hier.rpt;reports/hls_conventional_pnr_ooc_array/vivado_pnr.log;reports/hls_conventional_pnr_ooc_array/pnr.tcl;reports/hls_conventional_pnr_ooc_array/clock.xdc,,,,,445,,,,hls_conventional,,,,,,,,,,,,,,,,,,,,,,,,,,,,,,,,,,,,,,,,,,,,,,,,,,,,,,16,,,,,,,,,,,,,,,,,,,,,,,,,,,,,,,,,,,,,,,,,,,,,,,all,2,1,16,,,,,,,,,,
e6_attention,E6,hls_conventional_packed_pnr_ooc_export,E6,HLS baseline,,,,pnr_ooc,300,ok,,,,,9451,9828,16,22,,,0,0.503,,,,,,,,,,,,reports/hls_conventional_packed_pnr_ooc_export/attention_pv_export.rpt;reports/hls_conventional_packed_pnr_ooc_export/impl.log;reports/hls_conventional_packed_pnr_ooc_export/impl_result.txt;reports/hls_conventional_packed_pnr_ooc_export/impl.tcl;reports/hls_conventional_packed_pnr_ooc_export/export_impl.rpt;reports/hls_conventional_packed_pnr_ooc_export/export_syn.rpt,,,,,1046,,,,hls_conventional_packedlanes,,,,,,,,,,,,,,,,,,,,,,,,,,,,,,,,,,,,,,,,,,,,,,,,,,,,,,16,,,,,,,,,,,,,,,,,,,,,,,,,,,,,,,,,,,,,,,,,,,,,,,all,2,1,16,,,,,,,,,,
e6_attention,E6,hls_conventional_packed_pnr_ooc_kernel,E6,HLS baseline,,,,pnr_ooc,300,ok,,,,,9452,9829,16,11,,,0,0.683,0.0,,,,,,,,0,,,reports/hls_conventional_packed_pnr_ooc_kernel/result.txt;reports/hls_conventional_packed_pnr_ooc_kernel/util.rpt;reports/hls_conventional_packed_pnr_ooc_kernel/util_synth.rpt;reports/hls_conventional_packed_pnr_ooc_kernel/timing.rpt;reports/hls_conventional_packed_pnr_ooc_kernel/route.rpt;reports/hls_conventional_packed_pnr_ooc_kernel/util_hier.rpt;reports/hls_conventional_packed_pnr_ooc_kernel/vivado_pnr.log;reports/hls_conventional_packed_pnr_ooc_kernel/pnr.tcl;reports/hls_conventional_packed_pnr_ooc_kernel/clock.xdc,,,,,548,,,,hls_conventional_packedlanes,,,,,,,,,,,,,,,,,,,,,,,,,,,,,,,,,,,,,,,,,,,,,,,,,,,,,,16,,,,,,,,,,,,,,,,,,,,,,,,,,,,,,,,,,,,,,,,,,,,,,,all,2,1,16,,,,,,,,,,
e6_attention,E6,hls_conventional_packed_pnr_ooc_array,E6,HLS baseline,,,,pnr_ooc,300,ok,,,,,4375,3880,16,0,,,0,0.776,0.0,,,,,,,,0,,,reports/hls_conventional_packed_pnr_ooc_array/result.txt;reports/hls_conventional_packed_pnr_ooc_array/util.rpt;reports/hls_conventional_packed_pnr_ooc_array/util_synth.rpt;reports/hls_conventional_packed_pnr_ooc_array/timing.rpt;reports/hls_conventional_packed_pnr_ooc_array/route.rpt;reports/hls_conventional_packed_pnr_ooc_array/util_hier.rpt;reports/hls_conventional_packed_pnr_ooc_array/vivado_pnr.log;reports/hls_conventional_packed_pnr_ooc_array/pnr.tcl;reports/hls_conventional_packed_pnr_ooc_array/clock.xdc,,,,,408,,,,hls_conventional_packedlanes,,,,,,,,,,,,,,,,,,,,,,,,,,,,,,,,,,,,,,,,,,,,,,,,,,,,,,16,,,,,,,,,,,,,,,,,,,,,,,,,,,,,,,,,,,,,,,,,,,,,,,all,2,1,16,,,,,,,,,,
e7_loc,E7,fft_folded@fft_folded,E7,HLS vs SPMW,"Folded radix-2 FFT (HP-FFT n256/UF1, one sample per cycle, vs the SPMW single-path delay-feedback pipeline)",,,source_count,,pass,,,,,,,,,,,,,,,,,,,,,,,,fft_folded/counts.md,,,,,,,,,,,,,,,,,,,,,,,,,,,,,,,,,,,,,,,,,,,,,,,,,,,,,,,,,,,,,,,,,,,,,,,,,,,,,,,,,,,,,,,,,,,,,,,,,,,,,,,,,,,,,,,,,,,design,True,299,106,2.82,26,5,57,41
e7_loc,E7,systolic_gemm@loc_recount_2026-09-06,E7,HLS vs SPMW,"Systolic GEMM (output-stationary, int8 into int32)",,,source_count,,pass,,,,,,,,,,,,,,,,,,,,,,,,loc_recount_2026-09-06/counts.md,,,,,,,,,,,,,,,,,,,,,,,,,,,,,,,,,,,,,,,,,,,,,,,,,,,,,,,,,,,,,,,,,,,,,,,,,,,,,,,,,,,,,,,,,,,,,,,,,,,,,,,,,,,,,,,,,,,design,True,94,24,3.92,5,4,0,53
e7_loc,E7,multicache_gemm@loc_recount_2026-09-06,E7,HLS vs SPMW,"Multi-cache GEMM (daisy-chained column drain, int16)",,,source_count,,pass,,,,,,,,,,,,,,,,,,,,,,,,loc_recount_2026-09-06/counts.md,,,,,,,,,,,,,,,,,,,,,,,,,,,,,,,,,,,,,,,,,,,,,,,,,,,,,,,,,,,,,,,,,,,,,,,,,,,,,,,,,,,,,,,,,,,,,,,,,,,,,,,,,,,,,,,,,,,design,True,113,40,2.83,4,4,0,34
e7_loc,E7,tiled_gemm@loc_recount_2026-09-06,E7,HLS vs SPMW,Tiled GEMM (two-level: tile engines of PE meshes),,,source_count,,pass,,,,,,,,,,,,,,,,,,,,,,,,loc_recount_2026-09-06/counts.md,,,,,,,,,,,,,,,,,,,,,,,,,,,,,,,,,,,,,,,,,,,,,,,,,,,,,,,,,,,,,,,,,,,,,,,,,,,,,,,,,,,,,,,,,,,,,,,,,,,,,,,,,,,,,,,,,,,design,True,153,32,4.78,7,5,0,47
e7_loc,E7,fft@loc_recount_2026-09-06,E7,HLS vs SPMW,FFT butterfly network (spatial one-shot + streaming batch),,,source_count,,unsupported,,,,,,,,,,,,,,,,,,,,,,,,loc_recount_2026-09-06/counts.md,no matched counterpart on the HLS side,,,,,,,,,,,,,,,,,,,,,,,,,,,,,,,,,,,,,,,,,,,,,,,,,,,,,,,,,,,,,,,,,,,,,,,,,,,,,,,,,,,,,,,,,,,,,,,,,,,,,,,,,,,,,,,,,,design,True,,103,,,7,,150
e7_loc,E7,tpu_matrix_unit@loc_recount_2026-09-06,E7,HLS vs SPMW,Mini-TPU matrix unit (weight-stationary MXU + activation row),,,source_count,,pass,,,,,,,,,,,,,,,,,,,,,,,,loc_recount_2026-09-06/counts.md,,,,,,,,,,,,,,,,,,,,,,,,,,,,,,,,,,,,,,,,,,,,,,,,,,,,,,,,,,,,,,,,,,,,,,,,,,,,,,,,,,,,,,,,,,,,,,,,,,,,,,,,,,,,,,,,,,,design,True,113,40,2.83,7,4,0,92
e7_loc,E7,tpu_full@loc_recount_2026-09-06,E7,HLS vs SPMW,"Mini-TPU, complete stage engine (instruction-driven MXU cells with weight files, fold units, vector lanes)",,,source_count,,unsupported,,,,,,,,,,,,,,,,,,,,,,,,loc_recount_2026-09-06/counts.md,no matched counterpart on the HLS side,,,,,,,,,,,,,,,,,,,,,,,,,,,,,,,,,,,,,,,,,,,,,,,,,,,,,,,,,,,,,,,,,,,,,,,,,,,,,,,,,,,,,,,,,,,,,,,,,,,,,,,,,,,,,,,,,,design,True,,267,,,61,,265
e7_loc,E7,feather@loc_recount_2026-09-06,E7,HLS vs SPMW,FEATHER (NEST weight-file mesh + BIRRD butterfly reduction/reorder),,,source_count,,unsupported,,,,,,,,,,,,,,,,,,,,,,,,loc_recount_2026-09-06/counts.md,no matched counterpart on the HLS side,,,,,,,,,,,,,,,,,,,,,,,,,,,,,,,,,,,,,,,,,,,,,,,,,,,,,,,,,,,,,,,,,,,,,,,,,,,,,,,,,,,,,,,,,,,,,,,,,,,,,,,,,,,,,,,,,,design,True,,97,,,4,,403
e7_loc,E7,attention_pv@loc_recount_2026-09-06,E7,HLS vs SPMW,"Grouped attention-PV (the matrix unit adapted: column slabs, serpentine psum chain)",,,source_count,,pass,,,,,,,,,,,,,,,,,,,,,,,,loc_recount_2026-09-06/counts.md,,,,,,,,,,,,,,,,,,,,,,,,,,,,,,,,,,,,,,,,,,,,,,,,,,,,,,,,,,,,,,,,,,,,,,,,,,,,,,,,,,,,,,,,,,,,,,,,,,,,,,,,,,,,,,,,,,,design,True,112,53,2.11,10,5,0,50
e7_loc,E7,tpu_matrix_unit_staged@loc_recount_2026-09-06,E7,HLS vs SPMW,"Variant: matrix unit with a staged, double-buffered weight tile (tpu_staged)",,,source_count,,pass,,,,,,,,,,,,,,,,,,,,,,,,loc_recount_2026-09-06/counts.md,,,,,,,,,,,,,,,,,,,,,,,,,,,,,,,,,,,,,,,,,,,,,,,,,,,,,,,,,,,,,,,,,,,,,,,,,,,,,,,,,,,,,,,,,,,,,,,,,,,,,,,,,,,,,,,,,,,variant,True,113,54,2.09,7,4,0,78
e7_loc,E7,fft_stream_of@loc_recount_2026-09-06,E7,HLS vs SPMW,Variant: FFT streaming network at any power-of-two size (fft_stream_of),,,source_count,,unsupported,,,,,,,,,,,,,,,,,,,,,,,,loc_recount_2026-09-06/counts.md,no matched counterpart on the HLS side,,,,,,,,,,,,,,,,,,,,,,,,,,,,,,,,,,,,,,,,,,,,,,,,,,,,,,,,,,,,,,,,,,,,,,,,,,,,,,,,,,,,,,,,,,,,,,,,,,,,,,,,,,,,,,,,,,variant,True,,67,,,7,,186
e7_loc,E7,feather_stream@loc_recount_2026-09-06,E7,HLS vs SPMW,Variant: FEATHER with operands streamed per tile (feather_stream),,,source_count,,unsupported,,,,,,,,,,,,,,,,,,,,,,,,loc_recount_2026-09-06/counts.md,no matched counterpart on the HLS side,,,,,,,,,,,,,,,,,,,,,,,,,,,,,,,,,,,,,,,,,,,,,,,,,,,,,,,,,,,,,,,,,,,,,,,,,,,,,,,,,,,,,,,,,,,,,,,,,,,,,,,,,,,,,,,,,,variant,True,,104,,,4,,396
e7_loc,E7,feather_stream_x@loc_recount_2026-09-06,E7,HLS vs SPMW,"Variant: FEATHER with resident weights, activations streamed (feather_stream_x)",,,source_count,,unsupported,,,,,,,,,,,,,,,,,,,,,,,,loc_recount_2026-09-06/counts.md,no matched counterpart on the HLS side,,,,,,,,,,,,,,,,,,,,,,,,,,,,,,,,,,,,,,,,,,,,,,,,,,,,,,,,,,,,,,,,,,,,,,,,,,,,,,,,,,,,,,,,,,,,,,,,,,,,,,,,,,,,,,,,,,variant,True,,100,,,4,,400
e7_loc,E7,tpu_isa_engine@loc_recount_2026-09-06,E7,HLS vs SPMW,Variant: the earlier instruction-driven engine (test_spmw_tpu_isa.py _engine: MXU with NW-deep weight file + VPU lanes),,,source_count,,unsupported,,,,,,,,,,,,,,,,,,,,,,,,loc_recount_2026-09-06/counts.md,no matched counterpart on the HLS side,,,,,,,,,,,,,,,,,,,,,,,,,,,,,,,,,,,,,,,,,,,,,,,,,,,,,,,,,,,,,,,,,,,,,,,,,,,,,,,,,,,,,,,,,,,,,,,,,,,,,,,,,,,,,,,,,,variant,True,,161,,,26,,106
e7_loc,E7,gpt_stage_v1@loc_recount_2026-09-06,E7,HLS vs SPMW,"Variant: the stage engine as measured on the U280 (gpt_stage_v1.py, design of record)",,,source_count,,unsupported,,,,,,,,,,,,,,,,,,,,,,,,loc_recount_2026-09-06/counts.md,no matched counterpart on the HLS side,,,,,,,,,,,,,,,,,,,,,,,,,,,,,,,,,,,,,,,,,,,,,,,,,,,,,,,,,,,,,,,,,,,,,,,,,,,,,,,,,,,,,,,,,,,,,,,,,,,,,,,,,,,,,,,,,,variant,True,,163,,,51,,123
e7_loc,E7,fragment_systolic@loc_recount_2026-09-06,E7,HLS vs SPMW,"Paper listing, Fig. comparison (code/hls-spmw-comparison.tex): systolic GEMM fragments",,,source_count,,pass,,,,,,,,,,,,,,,,,,,,,,,,loc_recount_2026-09-06/counts.md,,,,,,,,,,,,,,,,,,,,,,,,,,,,,,,,,,,,,,,,,,,,,,,,,,,,,,,,,,,,,,,,,,,,,,,,,,,,,,,,,,,,,,,,,,,,,,,,,,,,,,,,,,,,,,,,,,,fragment,True,30,26,1.15,0,0,0,0
e7_loc,E7,fragment_tpu@loc_recount_2026-09-06,E7,HLS vs SPMW,"Paper listing, Fig. tpu (code/tpu.tex): weight-stationary matrix unit with activation row",,,source_count,,unsupported,,,,,,,,,,,,,,,,,,,,,,,,loc_recount_2026-09-06/counts.md,no matched counterpart on the HLS side,,,,,,,,,,,,,,,,,,,,,,,,,,,,,,,,,,,,,,,,,,,,,,,,,,,,,,,,,,,,,,,,,,,,,,,,,,,,,,,,,,,,,,,,,,,,,,,,,,,,,,,,,,,,,,,,,,fragment,True,,26,,,0,,0
e7_loc,E7,fragment_attn@loc_recount_2026-09-06,E7,HLS vs SPMW,"Paper listing, Fig. attn (code/attn.tex): grouped attention topology and fabric",,,source_count,,unsupported,,,,,,,,,,,,,,,,,,,,,,,,loc_recount_2026-09-06/counts.md,no matched counterpart on the HLS side,,,,,,,,,,,,,,,,,,,,,,,,,,,,,,,,,,,,,,,,,,,,,,,,,,,,,,,,,,,,,,,,,,,,,,,,,,,,,,,,,,,,,,,,,,,,,,,,,,,,,,,,,,,,,,,,,,fragment,True,,28,,,0,,0
e7_loc,E7,fragment_fft@loc_recount_2026-09-06,E7,HLS vs SPMW,"Paper listing, Fig. fft (code/fft.tex): FFT topology fragment",,,source_count,,unsupported,,,,,,,,,,,,,,,,,,,,,,,,loc_recount_2026-09-06/counts.md,no matched counterpart on the HLS side,,,,,,,,,,,,,,,,,,,,,,,,,,,,,,,,,,,,,,,,,,,,,,,,,,,,,,,,,,,,,,,,,,,,,,,,,,,,,,,,,,,,,,,,,,,,,,,,,,,,,,,,,,,,,,,,,,fragment,True,,19,,,0,,0
e7_loc,E7,autosa_gemm_int8@loc_recount_2026-09-06,E7,HLS vs SPMW,AutoSA int8 output-stationary GEMM (generated HLS C++; the systolic row's generated counterpart),,,source_count,,environment_blocked,,,,,,,,,,,,,,,,,,,,,,,,loc_recount_2026-09-06/counts.md,no matched counterpart on the HLS side,,,,,,,,,,,,,,,,,,,,,,,,,,,,,,,,,,,,,,,,,,,,,,,,,,,,,,,,,,,,,,,,,,,,,,,,,,,,,,,,,,,,,,,,,,,,,,,,,,,,,,,,,,,,,,,,,,generated,True,0,,,0,,79,
