Copyright 1986-2022 Xilinx, Inc. All Rights Reserved. Copyright 2022-2023 Advanced Micro Devices, Inc. All Rights Reserved.
---------------------------------------------------------------------------------------------------------------------------------------------
| Tool Version : Vivado v.2023.2 (lin64) Build 4029153 Fri Oct 13 20:13:54 MDT 2023
| Date         : Thu Oct  1 18:41:50 2026
| Host         : brg-zhang-xcel.ece.cornell.edu running 64-bit Red Hat Enterprise Linux 9.8 (Plow)
| Command      : report_utilization -hierarchical -hierarchical_depth 6 -file util_hier.rpt
| Design       : Gemmini
| Device       : xcu280-fsvh2892-2L-e
| Speed File   : -2L
| Design State : Physopt postRoute
---------------------------------------------------------------------------------------------------------------------------------------------

Utilization Design Information

Table of Contents
-----------------
1. Utilization by Hierarchy

1. Utilization by Hierarchy
---------------------------

+-----------------------------------------------+--------------------------------------------+------------+------------+---------+------+-------+--------+--------+------+------------+
|                    Instance                   |                   Module                   | Total LUTs | Logic LUTs | LUTRAMs | SRLs |  FFs  | RAMB36 | RAMB18 | URAM | DSP Blocks |
+-----------------------------------------------+--------------------------------------------+------------+------------+---------+------+-------+--------+--------+------+------------+
| Gemmini                                       |                                      (top) |      89053 |      85513 |    3038 |  502 | 49866 |     16 |      0 |    8 |        203 |
|   (Gemmini)                                   |                                      (top) |          0 |          0 |       0 |    0 |     0 |      0 |      0 |    0 |          0 |
|   counters                                    |                          CounterController |        762 |        762 |       0 |    0 |  1151 |      0 |      0 |    0 |          0 |
|     (counters)                                |                          CounterController |          5 |          5 |       0 |    0 |    70 |      0 |      0 |    0 |          0 |
|     counterfile                               |                                CounterFile |        757 |        757 |       0 |    0 |  1081 |      0 |      0 |    0 |          0 |
|   ex_controller                               |                          ExecuteController |      31494 |      30936 |      56 |  502 | 18044 |      0 |      0 |    0 |          0 |
|     (ex_controller)                           |                          ExecuteController |         57 |         57 |       0 |    0 |    77 |      0 |      0 |    0 |          0 |
|     cmd_q                                     |                         MultiHeadedQueue_1 |        856 |        856 |       0 |    0 |   727 |      0 |      0 |    0 |          0 |
|     mesh                                      |                             MeshWithDelays |      29492 |      28982 |       8 |  502 | 17050 |      0 |      0 |    0 |          0 |
|       (mesh)                                  |                             MeshWithDelays |        512 |         10 |       0 |  502 |   966 |      0 |      0 |    0 |          0 |
|       mesh                                    |                                       Mesh |      25619 |      25619 |       0 |    0 | 13764 |      0 |      0 |    0 |          0 |
|         (mesh)                                |                                       Mesh |       1031 |       1031 |       0 |    0 |  9668 |      0 |      0 |    0 |          0 |
|         mesh_0_0                              |                                       Tile |         96 |         96 |       0 |    0 |    16 |      0 |      0 |    0 |          0 |
|           tile_0_0                            |                                PE_256_1205 |         96 |         96 |       0 |    0 |    16 |      0 |      0 |    0 |          0 |
|             (tile_0_0)                        |                                PE_256_1205 |          5 |          5 |       0 |    0 |    16 |      0 |      0 |    0 |          0 |
|             mac_unit                          |                               MacUnit_1206 |         91 |         91 |       0 |    0 |     0 |      0 |      0 |    0 |          0 |
|         mesh_0_1                              |                                   Tile_441 |         96 |         96 |       0 |    0 |    16 |      0 |      0 |    0 |          0 |
|           tile_0_0                            |                                PE_256_1203 |         96 |         96 |       0 |    0 |    16 |      0 |      0 |    0 |          0 |
|             (tile_0_0)                        |                                PE_256_1203 |          5 |          5 |       0 |    0 |    16 |      0 |      0 |    0 |          0 |
|             mac_unit                          |                               MacUnit_1204 |         91 |         91 |       0 |    0 |     0 |      0 |      0 |    0 |          0 |
|         mesh_0_10                             |                                   Tile_442 |         97 |         97 |       0 |    0 |    16 |      0 |      0 |    0 |          0 |
|           tile_0_0                            |                                PE_256_1201 |         97 |         97 |       0 |    0 |    16 |      0 |      0 |    0 |          0 |
|             (tile_0_0)                        |                                PE_256_1201 |          5 |          5 |       0 |    0 |    16 |      0 |      0 |    0 |          0 |
|             mac_unit                          |                               MacUnit_1202 |         92 |         92 |       0 |    0 |     0 |      0 |      0 |    0 |          0 |
|         mesh_0_11                             |                                   Tile_443 |         96 |         96 |       0 |    0 |    16 |      0 |      0 |    0 |          0 |
|           tile_0_0                            |                                PE_256_1199 |         96 |         96 |       0 |    0 |    16 |      0 |      0 |    0 |          0 |
|             (tile_0_0)                        |                                PE_256_1199 |          5 |          5 |       0 |    0 |    16 |      0 |      0 |    0 |          0 |
|             mac_unit                          |                               MacUnit_1200 |         91 |         91 |       0 |    0 |     0 |      0 |      0 |    0 |          0 |
|         mesh_0_12                             |                                   Tile_444 |         96 |         96 |       0 |    0 |    16 |      0 |      0 |    0 |          0 |
|           tile_0_0                            |                                PE_256_1197 |         96 |         96 |       0 |    0 |    16 |      0 |      0 |    0 |          0 |
|             (tile_0_0)                        |                                PE_256_1197 |          5 |          5 |       0 |    0 |    16 |      0 |      0 |    0 |          0 |
|             mac_unit                          |                               MacUnit_1198 |         91 |         91 |       0 |    0 |     0 |      0 |      0 |    0 |          0 |
|         mesh_0_13                             |                                   Tile_445 |         96 |         96 |       0 |    0 |    16 |      0 |      0 |    0 |          0 |
|           tile_0_0                            |                                PE_256_1195 |         96 |         96 |       0 |    0 |    16 |      0 |      0 |    0 |          0 |
|             (tile_0_0)                        |                                PE_256_1195 |          5 |          5 |       0 |    0 |    16 |      0 |      0 |    0 |          0 |
|             mac_unit                          |                               MacUnit_1196 |         91 |         91 |       0 |    0 |     0 |      0 |      0 |    0 |          0 |
|         mesh_0_14                             |                                   Tile_446 |         96 |         96 |       0 |    0 |    16 |      0 |      0 |    0 |          0 |
|           tile_0_0                            |                                PE_256_1193 |         96 |         96 |       0 |    0 |    16 |      0 |      0 |    0 |          0 |
|             (tile_0_0)                        |                                PE_256_1193 |          5 |          5 |       0 |    0 |    16 |      0 |      0 |    0 |          0 |
|             mac_unit                          |                               MacUnit_1194 |         91 |         91 |       0 |    0 |     0 |      0 |      0 |    0 |          0 |
|         mesh_0_15                             |                                   Tile_447 |         96 |         96 |       0 |    0 |    16 |      0 |      0 |    0 |          0 |
|           tile_0_0                            |                                PE_256_1191 |         96 |         96 |       0 |    0 |    16 |      0 |      0 |    0 |          0 |
|             (tile_0_0)                        |                                PE_256_1191 |          5 |          5 |       0 |    0 |    16 |      0 |      0 |    0 |          0 |
|             mac_unit                          |                               MacUnit_1192 |         91 |         91 |       0 |    0 |     0 |      0 |      0 |    0 |          0 |
|         mesh_0_2                              |                                   Tile_448 |         96 |         96 |       0 |    0 |    16 |      0 |      0 |    0 |          0 |
|           tile_0_0                            |                                PE_256_1189 |         96 |         96 |       0 |    0 |    16 |      0 |      0 |    0 |          0 |
|             (tile_0_0)                        |                                PE_256_1189 |          5 |          5 |       0 |    0 |    16 |      0 |      0 |    0 |          0 |
|             mac_unit                          |                               MacUnit_1190 |         91 |         91 |       0 |    0 |     0 |      0 |      0 |    0 |          0 |
|         mesh_0_3                              |                                   Tile_449 |         96 |         96 |       0 |    0 |    16 |      0 |      0 |    0 |          0 |
|           tile_0_0                            |                                PE_256_1187 |         96 |         96 |       0 |    0 |    16 |      0 |      0 |    0 |          0 |
|             (tile_0_0)                        |                                PE_256_1187 |          5 |          5 |       0 |    0 |    16 |      0 |      0 |    0 |          0 |
|             mac_unit                          |                               MacUnit_1188 |         91 |         91 |       0 |    0 |     0 |      0 |      0 |    0 |          0 |
|         mesh_0_4                              |                                   Tile_450 |         96 |         96 |       0 |    0 |    16 |      0 |      0 |    0 |          0 |
|           tile_0_0                            |                                PE_256_1185 |         96 |         96 |       0 |    0 |    16 |      0 |      0 |    0 |          0 |
|             (tile_0_0)                        |                                PE_256_1185 |          5 |          5 |       0 |    0 |    16 |      0 |      0 |    0 |          0 |
|             mac_unit                          |                               MacUnit_1186 |         91 |         91 |       0 |    0 |     0 |      0 |      0 |    0 |          0 |
|         mesh_0_5                              |                                   Tile_451 |         96 |         96 |       0 |    0 |    16 |      0 |      0 |    0 |          0 |
|           tile_0_0                            |                                PE_256_1183 |         96 |         96 |       0 |    0 |    16 |      0 |      0 |    0 |          0 |
|             (tile_0_0)                        |                                PE_256_1183 |          5 |          5 |       0 |    0 |    16 |      0 |      0 |    0 |          0 |
|             mac_unit                          |                               MacUnit_1184 |         91 |         91 |       0 |    0 |     0 |      0 |      0 |    0 |          0 |
|         mesh_0_6                              |                                   Tile_452 |         96 |         96 |       0 |    0 |    16 |      0 |      0 |    0 |          0 |
|           tile_0_0                            |                                PE_256_1181 |         96 |         96 |       0 |    0 |    16 |      0 |      0 |    0 |          0 |
|             (tile_0_0)                        |                                PE_256_1181 |          5 |          5 |       0 |    0 |    16 |      0 |      0 |    0 |          0 |
|             mac_unit                          |                               MacUnit_1182 |         91 |         91 |       0 |    0 |     0 |      0 |      0 |    0 |          0 |
|         mesh_0_7                              |                                   Tile_453 |         96 |         96 |       0 |    0 |    16 |      0 |      0 |    0 |          0 |
|           tile_0_0                            |                                PE_256_1179 |         96 |         96 |       0 |    0 |    16 |      0 |      0 |    0 |          0 |
|             (tile_0_0)                        |                                PE_256_1179 |          5 |          5 |       0 |    0 |    16 |      0 |      0 |    0 |          0 |
|             mac_unit                          |                               MacUnit_1180 |         91 |         91 |       0 |    0 |     0 |      0 |      0 |    0 |          0 |
|         mesh_0_8                              |                                   Tile_454 |         96 |         96 |       0 |    0 |    16 |      0 |      0 |    0 |          0 |
|           tile_0_0                            |                                PE_256_1177 |         96 |         96 |       0 |    0 |    16 |      0 |      0 |    0 |          0 |
|             (tile_0_0)                        |                                PE_256_1177 |          5 |          5 |       0 |    0 |    16 |      0 |      0 |    0 |          0 |
|             mac_unit                          |                               MacUnit_1178 |         91 |         91 |       0 |    0 |     0 |      0 |      0 |    0 |          0 |
|         mesh_0_9                              |                                   Tile_455 |         97 |         97 |       0 |    0 |    16 |      0 |      0 |    0 |          0 |
|           tile_0_0                            |                                PE_256_1175 |         97 |         97 |       0 |    0 |    16 |      0 |      0 |    0 |          0 |
|             (tile_0_0)                        |                                PE_256_1175 |          5 |          5 |       0 |    0 |    16 |      0 |      0 |    0 |          0 |
|             mac_unit                          |                               MacUnit_1176 |         92 |         92 |       0 |    0 |     0 |      0 |      0 |    0 |          0 |
|         mesh_10_0                             |                                   Tile_456 |         96 |         96 |       0 |    0 |    16 |      0 |      0 |    0 |          0 |
|           tile_0_0                            |                                PE_256_1173 |         96 |         96 |       0 |    0 |    16 |      0 |      0 |    0 |          0 |
|             (tile_0_0)                        |                                PE_256_1173 |          5 |          5 |       0 |    0 |    16 |      0 |      0 |    0 |          0 |
|             mac_unit                          |                               MacUnit_1174 |         91 |         91 |       0 |    0 |     0 |      0 |      0 |    0 |          0 |
|         mesh_10_1                             |                                   Tile_457 |         96 |         96 |       0 |    0 |    16 |      0 |      0 |    0 |          0 |
|           tile_0_0                            |                                PE_256_1171 |         96 |         96 |       0 |    0 |    16 |      0 |      0 |    0 |          0 |
|             (tile_0_0)                        |                                PE_256_1171 |          5 |          5 |       0 |    0 |    16 |      0 |      0 |    0 |          0 |
|             mac_unit                          |                               MacUnit_1172 |         91 |         91 |       0 |    0 |     0 |      0 |      0 |    0 |          0 |
|         mesh_10_10                            |                                   Tile_458 |         96 |         96 |       0 |    0 |    16 |      0 |      0 |    0 |          0 |
|           tile_0_0                            |                                PE_256_1169 |         96 |         96 |       0 |    0 |    16 |      0 |      0 |    0 |          0 |
|             (tile_0_0)                        |                                PE_256_1169 |          5 |          5 |       0 |    0 |    16 |      0 |      0 |    0 |          0 |
|             mac_unit                          |                               MacUnit_1170 |         91 |         91 |       0 |    0 |     0 |      0 |      0 |    0 |          0 |
|         mesh_10_11                            |                                   Tile_459 |         96 |         96 |       0 |    0 |    16 |      0 |      0 |    0 |          0 |
|           tile_0_0                            |                                PE_256_1167 |         96 |         96 |       0 |    0 |    16 |      0 |      0 |    0 |          0 |
|             (tile_0_0)                        |                                PE_256_1167 |          5 |          5 |       0 |    0 |    16 |      0 |      0 |    0 |          0 |
|             mac_unit                          |                               MacUnit_1168 |         91 |         91 |       0 |    0 |     0 |      0 |      0 |    0 |          0 |
|         mesh_10_12                            |                                   Tile_460 |         96 |         96 |       0 |    0 |    16 |      0 |      0 |    0 |          0 |
|           tile_0_0                            |                                PE_256_1165 |         96 |         96 |       0 |    0 |    16 |      0 |      0 |    0 |          0 |
|             (tile_0_0)                        |                                PE_256_1165 |          5 |          5 |       0 |    0 |    16 |      0 |      0 |    0 |          0 |
|             mac_unit                          |                               MacUnit_1166 |         91 |         91 |       0 |    0 |     0 |      0 |      0 |    0 |          0 |
|         mesh_10_13                            |                                   Tile_461 |         96 |         96 |       0 |    0 |    16 |      0 |      0 |    0 |          0 |
|           tile_0_0                            |                                PE_256_1163 |         96 |         96 |       0 |    0 |    16 |      0 |      0 |    0 |          0 |
|             (tile_0_0)                        |                                PE_256_1163 |          5 |          5 |       0 |    0 |    16 |      0 |      0 |    0 |          0 |
|             mac_unit                          |                               MacUnit_1164 |         91 |         91 |       0 |    0 |     0 |      0 |      0 |    0 |          0 |
|         mesh_10_14                            |                                   Tile_462 |         97 |         97 |       0 |    0 |    16 |      0 |      0 |    0 |          0 |
|           tile_0_0                            |                                PE_256_1161 |         97 |         97 |       0 |    0 |    16 |      0 |      0 |    0 |          0 |
|             (tile_0_0)                        |                                PE_256_1161 |          5 |          5 |       0 |    0 |    16 |      0 |      0 |    0 |          0 |
|             mac_unit                          |                               MacUnit_1162 |         92 |         92 |       0 |    0 |     0 |      0 |      0 |    0 |          0 |
|         mesh_10_15                            |                                   Tile_463 |         96 |         96 |       0 |    0 |    16 |      0 |      0 |    0 |          0 |
|           tile_0_0                            |                                PE_256_1159 |         96 |         96 |       0 |    0 |    16 |      0 |      0 |    0 |          0 |
|             (tile_0_0)                        |                                PE_256_1159 |          5 |          5 |       0 |    0 |    16 |      0 |      0 |    0 |          0 |
|             mac_unit                          |                               MacUnit_1160 |         91 |         91 |       0 |    0 |     0 |      0 |      0 |    0 |          0 |
|         mesh_10_2                             |                                   Tile_464 |         96 |         96 |       0 |    0 |    16 |      0 |      0 |    0 |          0 |
|           tile_0_0                            |                                PE_256_1157 |         96 |         96 |       0 |    0 |    16 |      0 |      0 |    0 |          0 |
|             (tile_0_0)                        |                                PE_256_1157 |          5 |          5 |       0 |    0 |    16 |      0 |      0 |    0 |          0 |
|             mac_unit                          |                               MacUnit_1158 |         91 |         91 |       0 |    0 |     0 |      0 |      0 |    0 |          0 |
|         mesh_10_3                             |                                   Tile_465 |         96 |         96 |       0 |    0 |    16 |      0 |      0 |    0 |          0 |
|           tile_0_0                            |                                PE_256_1155 |         96 |         96 |       0 |    0 |    16 |      0 |      0 |    0 |          0 |
|             (tile_0_0)                        |                                PE_256_1155 |          5 |          5 |       0 |    0 |    16 |      0 |      0 |    0 |          0 |
|             mac_unit                          |                               MacUnit_1156 |         91 |         91 |       0 |    0 |     0 |      0 |      0 |    0 |          0 |
|         mesh_10_4                             |                                   Tile_466 |         96 |         96 |       0 |    0 |    16 |      0 |      0 |    0 |          0 |
|           tile_0_0                            |                                PE_256_1153 |         96 |         96 |       0 |    0 |    16 |      0 |      0 |    0 |          0 |
|             (tile_0_0)                        |                                PE_256_1153 |          5 |          5 |       0 |    0 |    16 |      0 |      0 |    0 |          0 |
|             mac_unit                          |                               MacUnit_1154 |         91 |         91 |       0 |    0 |     0 |      0 |      0 |    0 |          0 |
|         mesh_10_5                             |                                   Tile_467 |         96 |         96 |       0 |    0 |    16 |      0 |      0 |    0 |          0 |
|           tile_0_0                            |                                PE_256_1151 |         96 |         96 |       0 |    0 |    16 |      0 |      0 |    0 |          0 |
|             (tile_0_0)                        |                                PE_256_1151 |          5 |          5 |       0 |    0 |    16 |      0 |      0 |    0 |          0 |
|             mac_unit                          |                               MacUnit_1152 |         91 |         91 |       0 |    0 |     0 |      0 |      0 |    0 |          0 |
|         mesh_10_6                             |                                   Tile_468 |         96 |         96 |       0 |    0 |    16 |      0 |      0 |    0 |          0 |
|           tile_0_0                            |                                PE_256_1149 |         96 |         96 |       0 |    0 |    16 |      0 |      0 |    0 |          0 |
|             (tile_0_0)                        |                                PE_256_1149 |          5 |          5 |       0 |    0 |    16 |      0 |      0 |    0 |          0 |
|             mac_unit                          |                               MacUnit_1150 |         91 |         91 |       0 |    0 |     0 |      0 |      0 |    0 |          0 |
|         mesh_10_7                             |                                   Tile_469 |         96 |         96 |       0 |    0 |    16 |      0 |      0 |    0 |          0 |
|           tile_0_0                            |                                PE_256_1147 |         96 |         96 |       0 |    0 |    16 |      0 |      0 |    0 |          0 |
|             (tile_0_0)                        |                                PE_256_1147 |          5 |          5 |       0 |    0 |    16 |      0 |      0 |    0 |          0 |
|             mac_unit                          |                               MacUnit_1148 |         91 |         91 |       0 |    0 |     0 |      0 |      0 |    0 |          0 |
|         mesh_10_8                             |                                   Tile_470 |         96 |         96 |       0 |    0 |    16 |      0 |      0 |    0 |          0 |
|           tile_0_0                            |                                PE_256_1145 |         96 |         96 |       0 |    0 |    16 |      0 |      0 |    0 |          0 |
|             (tile_0_0)                        |                                PE_256_1145 |          6 |          6 |       0 |    0 |    16 |      0 |      0 |    0 |          0 |
|             mac_unit                          |                               MacUnit_1146 |         91 |         91 |       0 |    0 |     0 |      0 |      0 |    0 |          0 |
|         mesh_10_9                             |                                   Tile_471 |         96 |         96 |       0 |    0 |    16 |      0 |      0 |    0 |          0 |
|           tile_0_0                            |                                PE_256_1143 |         96 |         96 |       0 |    0 |    16 |      0 |      0 |    0 |          0 |
|             (tile_0_0)                        |                                PE_256_1143 |          6 |          6 |       0 |    0 |    16 |      0 |      0 |    0 |          0 |
|             mac_unit                          |                               MacUnit_1144 |         91 |         91 |       0 |    0 |     0 |      0 |      0 |    0 |          0 |
|         mesh_11_0                             |                                   Tile_472 |         96 |         96 |       0 |    0 |    16 |      0 |      0 |    0 |          0 |
|           tile_0_0                            |                                PE_256_1141 |         96 |         96 |       0 |    0 |    16 |      0 |      0 |    0 |          0 |
|             (tile_0_0)                        |                                PE_256_1141 |          5 |          5 |       0 |    0 |    16 |      0 |      0 |    0 |          0 |
|             mac_unit                          |                               MacUnit_1142 |         91 |         91 |       0 |    0 |     0 |      0 |      0 |    0 |          0 |
|         mesh_11_1                             |                                   Tile_473 |         96 |         96 |       0 |    0 |    16 |      0 |      0 |    0 |          0 |
|           tile_0_0                            |                                PE_256_1139 |         96 |         96 |       0 |    0 |    16 |      0 |      0 |    0 |          0 |
|             (tile_0_0)                        |                                PE_256_1139 |          5 |          5 |       0 |    0 |    16 |      0 |      0 |    0 |          0 |
|             mac_unit                          |                               MacUnit_1140 |         91 |         91 |       0 |    0 |     0 |      0 |      0 |    0 |          0 |
|         mesh_11_10                            |                                   Tile_474 |         96 |         96 |       0 |    0 |    16 |      0 |      0 |    0 |          0 |
|           tile_0_0                            |                                PE_256_1137 |         96 |         96 |       0 |    0 |    16 |      0 |      0 |    0 |          0 |
|             (tile_0_0)                        |                                PE_256_1137 |          5 |          5 |       0 |    0 |    16 |      0 |      0 |    0 |          0 |
|             mac_unit                          |                               MacUnit_1138 |         91 |         91 |       0 |    0 |     0 |      0 |      0 |    0 |          0 |
|         mesh_11_11                            |                                   Tile_475 |         96 |         96 |       0 |    0 |    16 |      0 |      0 |    0 |          0 |
|           tile_0_0                            |                                PE_256_1135 |         96 |         96 |       0 |    0 |    16 |      0 |      0 |    0 |          0 |
|             (tile_0_0)                        |                                PE_256_1135 |          5 |          5 |       0 |    0 |    16 |      0 |      0 |    0 |          0 |
|             mac_unit                          |                               MacUnit_1136 |         91 |         91 |       0 |    0 |     0 |      0 |      0 |    0 |          0 |
|         mesh_11_12                            |                                   Tile_476 |         96 |         96 |       0 |    0 |    16 |      0 |      0 |    0 |          0 |
|           tile_0_0                            |                                PE_256_1133 |         96 |         96 |       0 |    0 |    16 |      0 |      0 |    0 |          0 |
|             (tile_0_0)                        |                                PE_256_1133 |          5 |          5 |       0 |    0 |    16 |      0 |      0 |    0 |          0 |
|             mac_unit                          |                               MacUnit_1134 |         91 |         91 |       0 |    0 |     0 |      0 |      0 |    0 |          0 |
|         mesh_11_13                            |                                   Tile_477 |         97 |         97 |       0 |    0 |    16 |      0 |      0 |    0 |          0 |
|           tile_0_0                            |                                PE_256_1131 |         97 |         97 |       0 |    0 |    16 |      0 |      0 |    0 |          0 |
|             (tile_0_0)                        |                                PE_256_1131 |          5 |          5 |       0 |    0 |    16 |      0 |      0 |    0 |          0 |
|             mac_unit                          |                               MacUnit_1132 |         92 |         92 |       0 |    0 |     0 |      0 |      0 |    0 |          0 |
|         mesh_11_14                            |                                   Tile_478 |         96 |         96 |       0 |    0 |    16 |      0 |      0 |    0 |          0 |
|           tile_0_0                            |                                PE_256_1129 |         96 |         96 |       0 |    0 |    16 |      0 |      0 |    0 |          0 |
|             (tile_0_0)                        |                                PE_256_1129 |          5 |          5 |       0 |    0 |    16 |      0 |      0 |    0 |          0 |
|             mac_unit                          |                               MacUnit_1130 |         91 |         91 |       0 |    0 |     0 |      0 |      0 |    0 |          0 |
|         mesh_11_15                            |                                   Tile_479 |         97 |         97 |       0 |    0 |    16 |      0 |      0 |    0 |          0 |
|           tile_0_0                            |                                PE_256_1127 |         97 |         97 |       0 |    0 |    16 |      0 |      0 |    0 |          0 |
|             (tile_0_0)                        |                                PE_256_1127 |          5 |          5 |       0 |    0 |    16 |      0 |      0 |    0 |          0 |
|             mac_unit                          |                               MacUnit_1128 |         92 |         92 |       0 |    0 |     0 |      0 |      0 |    0 |          0 |
|         mesh_11_2                             |                                   Tile_480 |         96 |         96 |       0 |    0 |    16 |      0 |      0 |    0 |          0 |
|           tile_0_0                            |                                PE_256_1125 |         96 |         96 |       0 |    0 |    16 |      0 |      0 |    0 |          0 |
|             (tile_0_0)                        |                                PE_256_1125 |          5 |          5 |       0 |    0 |    16 |      0 |      0 |    0 |          0 |
|             mac_unit                          |                               MacUnit_1126 |         91 |         91 |       0 |    0 |     0 |      0 |      0 |    0 |          0 |
|         mesh_11_3                             |                                   Tile_481 |         96 |         96 |       0 |    0 |    16 |      0 |      0 |    0 |          0 |
|           tile_0_0                            |                                PE_256_1123 |         96 |         96 |       0 |    0 |    16 |      0 |      0 |    0 |          0 |
|             (tile_0_0)                        |                                PE_256_1123 |          5 |          5 |       0 |    0 |    16 |      0 |      0 |    0 |          0 |
|             mac_unit                          |                               MacUnit_1124 |         91 |         91 |       0 |    0 |     0 |      0 |      0 |    0 |          0 |
|         mesh_11_4                             |                                   Tile_482 |         96 |         96 |       0 |    0 |    16 |      0 |      0 |    0 |          0 |
|           tile_0_0                            |                                PE_256_1121 |         96 |         96 |       0 |    0 |    16 |      0 |      0 |    0 |          0 |
|             (tile_0_0)                        |                                PE_256_1121 |          5 |          5 |       0 |    0 |    16 |      0 |      0 |    0 |          0 |
|             mac_unit                          |                               MacUnit_1122 |         91 |         91 |       0 |    0 |     0 |      0 |      0 |    0 |          0 |
|         mesh_11_5                             |                                   Tile_483 |         96 |         96 |       0 |    0 |    16 |      0 |      0 |    0 |          0 |
|           tile_0_0                            |                                PE_256_1119 |         96 |         96 |       0 |    0 |    16 |      0 |      0 |    0 |          0 |
|             (tile_0_0)                        |                                PE_256_1119 |          5 |          5 |       0 |    0 |    16 |      0 |      0 |    0 |          0 |
|             mac_unit                          |                               MacUnit_1120 |         91 |         91 |       0 |    0 |     0 |      0 |      0 |    0 |          0 |
|         mesh_11_6                             |                                   Tile_484 |         96 |         96 |       0 |    0 |    16 |      0 |      0 |    0 |          0 |
|           tile_0_0                            |                                PE_256_1117 |         96 |         96 |       0 |    0 |    16 |      0 |      0 |    0 |          0 |
|             (tile_0_0)                        |                                PE_256_1117 |          5 |          5 |       0 |    0 |    16 |      0 |      0 |    0 |          0 |
|             mac_unit                          |                               MacUnit_1118 |         91 |         91 |       0 |    0 |     0 |      0 |      0 |    0 |          0 |
|         mesh_11_7                             |                                   Tile_485 |         96 |         96 |       0 |    0 |    16 |      0 |      0 |    0 |          0 |
|           tile_0_0                            |                                PE_256_1115 |         96 |         96 |       0 |    0 |    16 |      0 |      0 |    0 |          0 |
|             (tile_0_0)                        |                                PE_256_1115 |          5 |          5 |       0 |    0 |    16 |      0 |      0 |    0 |          0 |
|             mac_unit                          |                               MacUnit_1116 |         91 |         91 |       0 |    0 |     0 |      0 |      0 |    0 |          0 |
|         mesh_11_8                             |                                   Tile_486 |         96 |         96 |       0 |    0 |    16 |      0 |      0 |    0 |          0 |
|           tile_0_0                            |                                PE_256_1113 |         96 |         96 |       0 |    0 |    16 |      0 |      0 |    0 |          0 |
|             (tile_0_0)                        |                                PE_256_1113 |          5 |          5 |       0 |    0 |    16 |      0 |      0 |    0 |          0 |
|             mac_unit                          |                               MacUnit_1114 |         91 |         91 |       0 |    0 |     0 |      0 |      0 |    0 |          0 |
|         mesh_11_9                             |                                   Tile_487 |         96 |         96 |       0 |    0 |    16 |      0 |      0 |    0 |          0 |
|           tile_0_0                            |                                PE_256_1111 |         96 |         96 |       0 |    0 |    16 |      0 |      0 |    0 |          0 |
|             (tile_0_0)                        |                                PE_256_1111 |          5 |          5 |       0 |    0 |    16 |      0 |      0 |    0 |          0 |
|             mac_unit                          |                               MacUnit_1112 |         91 |         91 |       0 |    0 |     0 |      0 |      0 |    0 |          0 |
|         mesh_12_0                             |                                   Tile_488 |         97 |         97 |       0 |    0 |    16 |      0 |      0 |    0 |          0 |
|           tile_0_0                            |                                PE_256_1109 |         97 |         97 |       0 |    0 |    16 |      0 |      0 |    0 |          0 |
|             (tile_0_0)                        |                                PE_256_1109 |          6 |          6 |       0 |    0 |    16 |      0 |      0 |    0 |          0 |
|             mac_unit                          |                               MacUnit_1110 |         91 |         91 |       0 |    0 |     0 |      0 |      0 |    0 |          0 |
|         mesh_12_1                             |                                   Tile_489 |         96 |         96 |       0 |    0 |    16 |      0 |      0 |    0 |          0 |
|           tile_0_0                            |                                PE_256_1107 |         96 |         96 |       0 |    0 |    16 |      0 |      0 |    0 |          0 |
|             (tile_0_0)                        |                                PE_256_1107 |          5 |          5 |       0 |    0 |    16 |      0 |      0 |    0 |          0 |
|             mac_unit                          |                               MacUnit_1108 |         91 |         91 |       0 |    0 |     0 |      0 |      0 |    0 |          0 |
|         mesh_12_10                            |                                   Tile_490 |         96 |         96 |       0 |    0 |    16 |      0 |      0 |    0 |          0 |
|           tile_0_0                            |                                PE_256_1105 |         96 |         96 |       0 |    0 |    16 |      0 |      0 |    0 |          0 |
|             (tile_0_0)                        |                                PE_256_1105 |          5 |          5 |       0 |    0 |    16 |      0 |      0 |    0 |          0 |
|             mac_unit                          |                               MacUnit_1106 |         91 |         91 |       0 |    0 |     0 |      0 |      0 |    0 |          0 |
|         mesh_12_11                            |                                   Tile_491 |         96 |         96 |       0 |    0 |    16 |      0 |      0 |    0 |          0 |
|           tile_0_0                            |                                PE_256_1103 |         96 |         96 |       0 |    0 |    16 |      0 |      0 |    0 |          0 |
|             (tile_0_0)                        |                                PE_256_1103 |          5 |          5 |       0 |    0 |    16 |      0 |      0 |    0 |          0 |
|             mac_unit                          |                               MacUnit_1104 |         91 |         91 |       0 |    0 |     0 |      0 |      0 |    0 |          0 |
|         mesh_12_12                            |                                   Tile_492 |         96 |         96 |       0 |    0 |    16 |      0 |      0 |    0 |          0 |
|           tile_0_0                            |                                PE_256_1101 |         96 |         96 |       0 |    0 |    16 |      0 |      0 |    0 |          0 |
|             (tile_0_0)                        |                                PE_256_1101 |          5 |          5 |       0 |    0 |    16 |      0 |      0 |    0 |          0 |
|             mac_unit                          |                               MacUnit_1102 |         91 |         91 |       0 |    0 |     0 |      0 |      0 |    0 |          0 |
|         mesh_12_13                            |                                   Tile_493 |         96 |         96 |       0 |    0 |    16 |      0 |      0 |    0 |          0 |
|           tile_0_0                            |                                PE_256_1099 |         96 |         96 |       0 |    0 |    16 |      0 |      0 |    0 |          0 |
|             (tile_0_0)                        |                                PE_256_1099 |          5 |          5 |       0 |    0 |    16 |      0 |      0 |    0 |          0 |
|             mac_unit                          |                               MacUnit_1100 |         91 |         91 |       0 |    0 |     0 |      0 |      0 |    0 |          0 |
|         mesh_12_14                            |                                   Tile_494 |         97 |         97 |       0 |    0 |    16 |      0 |      0 |    0 |          0 |
|           tile_0_0                            |                                PE_256_1097 |         97 |         97 |       0 |    0 |    16 |      0 |      0 |    0 |          0 |
|             (tile_0_0)                        |                                PE_256_1097 |          6 |          6 |       0 |    0 |    16 |      0 |      0 |    0 |          0 |
|             mac_unit                          |                               MacUnit_1098 |         91 |         91 |       0 |    0 |     0 |      0 |      0 |    0 |          0 |
|         mesh_12_15                            |                                   Tile_495 |         96 |         96 |       0 |    0 |    16 |      0 |      0 |    0 |          0 |
|           tile_0_0                            |                                PE_256_1095 |         96 |         96 |       0 |    0 |    16 |      0 |      0 |    0 |          0 |
|             (tile_0_0)                        |                                PE_256_1095 |          5 |          5 |       0 |    0 |    16 |      0 |      0 |    0 |          0 |
|             mac_unit                          |                               MacUnit_1096 |         91 |         91 |       0 |    0 |     0 |      0 |      0 |    0 |          0 |
|         mesh_12_2                             |                                   Tile_496 |         96 |         96 |       0 |    0 |    16 |      0 |      0 |    0 |          0 |
|           tile_0_0                            |                                PE_256_1093 |         96 |         96 |       0 |    0 |    16 |      0 |      0 |    0 |          0 |
|             (tile_0_0)                        |                                PE_256_1093 |          5 |          5 |       0 |    0 |    16 |      0 |      0 |    0 |          0 |
|             mac_unit                          |                               MacUnit_1094 |         91 |         91 |       0 |    0 |     0 |      0 |      0 |    0 |          0 |
|         mesh_12_3                             |                                   Tile_497 |         96 |         96 |       0 |    0 |    16 |      0 |      0 |    0 |          0 |
|           tile_0_0                            |                                PE_256_1091 |         96 |         96 |       0 |    0 |    16 |      0 |      0 |    0 |          0 |
|             (tile_0_0)                        |                                PE_256_1091 |          5 |          5 |       0 |    0 |    16 |      0 |      0 |    0 |          0 |
|             mac_unit                          |                               MacUnit_1092 |         91 |         91 |       0 |    0 |     0 |      0 |      0 |    0 |          0 |
|         mesh_12_4                             |                                   Tile_498 |         96 |         96 |       0 |    0 |    16 |      0 |      0 |    0 |          0 |
|           tile_0_0                            |                                PE_256_1089 |         96 |         96 |       0 |    0 |    16 |      0 |      0 |    0 |          0 |
|             (tile_0_0)                        |                                PE_256_1089 |          5 |          5 |       0 |    0 |    16 |      0 |      0 |    0 |          0 |
|             mac_unit                          |                               MacUnit_1090 |         91 |         91 |       0 |    0 |     0 |      0 |      0 |    0 |          0 |
|         mesh_12_5                             |                                   Tile_499 |         97 |         97 |       0 |    0 |    16 |      0 |      0 |    0 |          0 |
|           tile_0_0                            |                                PE_256_1087 |         97 |         97 |       0 |    0 |    16 |      0 |      0 |    0 |          0 |
|             (tile_0_0)                        |                                PE_256_1087 |          6 |          6 |       0 |    0 |    16 |      0 |      0 |    0 |          0 |
|             mac_unit                          |                               MacUnit_1088 |         91 |         91 |       0 |    0 |     0 |      0 |      0 |    0 |          0 |
|         mesh_12_6                             |                                   Tile_500 |         97 |         97 |       0 |    0 |    16 |      0 |      0 |    0 |          0 |
|           tile_0_0                            |                                PE_256_1085 |         97 |         97 |       0 |    0 |    16 |      0 |      0 |    0 |          0 |
|             (tile_0_0)                        |                                PE_256_1085 |          6 |          6 |       0 |    0 |    16 |      0 |      0 |    0 |          0 |
|             mac_unit                          |                               MacUnit_1086 |         91 |         91 |       0 |    0 |     0 |      0 |      0 |    0 |          0 |
|         mesh_12_7                             |                                   Tile_501 |         97 |         97 |       0 |    0 |    16 |      0 |      0 |    0 |          0 |
|           tile_0_0                            |                                PE_256_1083 |         97 |         97 |       0 |    0 |    16 |      0 |      0 |    0 |          0 |
|             (tile_0_0)                        |                                PE_256_1083 |          5 |          5 |       0 |    0 |    16 |      0 |      0 |    0 |          0 |
|             mac_unit                          |                               MacUnit_1084 |         92 |         92 |       0 |    0 |     0 |      0 |      0 |    0 |          0 |
|         mesh_12_8                             |                                   Tile_502 |         96 |         96 |       0 |    0 |    16 |      0 |      0 |    0 |          0 |
|           tile_0_0                            |                                PE_256_1081 |         96 |         96 |       0 |    0 |    16 |      0 |      0 |    0 |          0 |
|             (tile_0_0)                        |                                PE_256_1081 |          5 |          5 |       0 |    0 |    16 |      0 |      0 |    0 |          0 |
|             mac_unit                          |                               MacUnit_1082 |         91 |         91 |       0 |    0 |     0 |      0 |      0 |    0 |          0 |
|         mesh_12_9                             |                                   Tile_503 |         97 |         97 |       0 |    0 |    16 |      0 |      0 |    0 |          0 |
|           tile_0_0                            |                                PE_256_1079 |         97 |         97 |       0 |    0 |    16 |      0 |      0 |    0 |          0 |
|             (tile_0_0)                        |                                PE_256_1079 |          5 |          5 |       0 |    0 |    16 |      0 |      0 |    0 |          0 |
|             mac_unit                          |                               MacUnit_1080 |         92 |         92 |       0 |    0 |     0 |      0 |      0 |    0 |          0 |
|         mesh_13_0                             |                                   Tile_504 |         96 |         96 |       0 |    0 |    16 |      0 |      0 |    0 |          0 |
|           tile_0_0                            |                                PE_256_1077 |         96 |         96 |       0 |    0 |    16 |      0 |      0 |    0 |          0 |
|             (tile_0_0)                        |                                PE_256_1077 |          5 |          5 |       0 |    0 |    16 |      0 |      0 |    0 |          0 |
|             mac_unit                          |                               MacUnit_1078 |         91 |         91 |       0 |    0 |     0 |      0 |      0 |    0 |          0 |
|         mesh_13_1                             |                                   Tile_505 |         96 |         96 |       0 |    0 |    16 |      0 |      0 |    0 |          0 |
|           tile_0_0                            |                                PE_256_1075 |         96 |         96 |       0 |    0 |    16 |      0 |      0 |    0 |          0 |
|             (tile_0_0)                        |                                PE_256_1075 |          5 |          5 |       0 |    0 |    16 |      0 |      0 |    0 |          0 |
|             mac_unit                          |                               MacUnit_1076 |         91 |         91 |       0 |    0 |     0 |      0 |      0 |    0 |          0 |
|         mesh_13_10                            |                                   Tile_506 |         96 |         96 |       0 |    0 |    16 |      0 |      0 |    0 |          0 |
|           tile_0_0                            |                                PE_256_1073 |         96 |         96 |       0 |    0 |    16 |      0 |      0 |    0 |          0 |
|             (tile_0_0)                        |                                PE_256_1073 |          5 |          5 |       0 |    0 |    16 |      0 |      0 |    0 |          0 |
|             mac_unit                          |                               MacUnit_1074 |         91 |         91 |       0 |    0 |     0 |      0 |      0 |    0 |          0 |
|         mesh_13_11                            |                                   Tile_507 |         97 |         97 |       0 |    0 |    16 |      0 |      0 |    0 |          0 |
|           tile_0_0                            |                                PE_256_1071 |         97 |         97 |       0 |    0 |    16 |      0 |      0 |    0 |          0 |
|             (tile_0_0)                        |                                PE_256_1071 |          6 |          6 |       0 |    0 |    16 |      0 |      0 |    0 |          0 |
|             mac_unit                          |                               MacUnit_1072 |         91 |         91 |       0 |    0 |     0 |      0 |      0 |    0 |          0 |
|         mesh_13_12                            |                                   Tile_508 |         96 |         96 |       0 |    0 |    16 |      0 |      0 |    0 |          0 |
|           tile_0_0                            |                                PE_256_1069 |         96 |         96 |       0 |    0 |    16 |      0 |      0 |    0 |          0 |
|             (tile_0_0)                        |                                PE_256_1069 |          5 |          5 |       0 |    0 |    16 |      0 |      0 |    0 |          0 |
|             mac_unit                          |                               MacUnit_1070 |         91 |         91 |       0 |    0 |     0 |      0 |      0 |    0 |          0 |
|         mesh_13_13                            |                                   Tile_509 |         96 |         96 |       0 |    0 |    16 |      0 |      0 |    0 |          0 |
|           tile_0_0                            |                                PE_256_1067 |         96 |         96 |       0 |    0 |    16 |      0 |      0 |    0 |          0 |
|             (tile_0_0)                        |                                PE_256_1067 |          5 |          5 |       0 |    0 |    16 |      0 |      0 |    0 |          0 |
|             mac_unit                          |                               MacUnit_1068 |         91 |         91 |       0 |    0 |     0 |      0 |      0 |    0 |          0 |
|         mesh_13_14                            |                                   Tile_510 |         96 |         96 |       0 |    0 |    16 |      0 |      0 |    0 |          0 |
|           tile_0_0                            |                                PE_256_1065 |         96 |         96 |       0 |    0 |    16 |      0 |      0 |    0 |          0 |
|             (tile_0_0)                        |                                PE_256_1065 |          5 |          5 |       0 |    0 |    16 |      0 |      0 |    0 |          0 |
|             mac_unit                          |                               MacUnit_1066 |         91 |         91 |       0 |    0 |     0 |      0 |      0 |    0 |          0 |
|         mesh_13_15                            |                                   Tile_511 |         96 |         96 |       0 |    0 |    16 |      0 |      0 |    0 |          0 |
|           tile_0_0                            |                                PE_256_1063 |         96 |         96 |       0 |    0 |    16 |      0 |      0 |    0 |          0 |
|             (tile_0_0)                        |                                PE_256_1063 |          5 |          5 |       0 |    0 |    16 |      0 |      0 |    0 |          0 |
|             mac_unit                          |                               MacUnit_1064 |         91 |         91 |       0 |    0 |     0 |      0 |      0 |    0 |          0 |
|         mesh_13_2                             |                                   Tile_512 |         96 |         96 |       0 |    0 |    16 |      0 |      0 |    0 |          0 |
|           tile_0_0                            |                                PE_256_1061 |         96 |         96 |       0 |    0 |    16 |      0 |      0 |    0 |          0 |
|             (tile_0_0)                        |                                PE_256_1061 |          5 |          5 |       0 |    0 |    16 |      0 |      0 |    0 |          0 |
|             mac_unit                          |                               MacUnit_1062 |         91 |         91 |       0 |    0 |     0 |      0 |      0 |    0 |          0 |
|         mesh_13_3                             |                                   Tile_513 |         96 |         96 |       0 |    0 |    16 |      0 |      0 |    0 |          0 |
|           tile_0_0                            |                                PE_256_1059 |         96 |         96 |       0 |    0 |    16 |      0 |      0 |    0 |          0 |
|             (tile_0_0)                        |                                PE_256_1059 |          5 |          5 |       0 |    0 |    16 |      0 |      0 |    0 |          0 |
|             mac_unit                          |                               MacUnit_1060 |         91 |         91 |       0 |    0 |     0 |      0 |      0 |    0 |          0 |
|         mesh_13_4                             |                                   Tile_514 |         96 |         96 |       0 |    0 |    16 |      0 |      0 |    0 |          0 |
|           tile_0_0                            |                                PE_256_1057 |         96 |         96 |       0 |    0 |    16 |      0 |      0 |    0 |          0 |
|             (tile_0_0)                        |                                PE_256_1057 |          5 |          5 |       0 |    0 |    16 |      0 |      0 |    0 |          0 |
|             mac_unit                          |                               MacUnit_1058 |         91 |         91 |       0 |    0 |     0 |      0 |      0 |    0 |          0 |
|         mesh_13_5                             |                                   Tile_515 |         96 |         96 |       0 |    0 |    16 |      0 |      0 |    0 |          0 |
|           tile_0_0                            |                                PE_256_1055 |         96 |         96 |       0 |    0 |    16 |      0 |      0 |    0 |          0 |
|             (tile_0_0)                        |                                PE_256_1055 |          5 |          5 |       0 |    0 |    16 |      0 |      0 |    0 |          0 |
|             mac_unit                          |                               MacUnit_1056 |         91 |         91 |       0 |    0 |     0 |      0 |      0 |    0 |          0 |
|         mesh_13_6                             |                                   Tile_516 |         96 |         96 |       0 |    0 |    16 |      0 |      0 |    0 |          0 |
|           tile_0_0                            |                                PE_256_1053 |         96 |         96 |       0 |    0 |    16 |      0 |      0 |    0 |          0 |
|             (tile_0_0)                        |                                PE_256_1053 |          5 |          5 |       0 |    0 |    16 |      0 |      0 |    0 |          0 |
|             mac_unit                          |                               MacUnit_1054 |         91 |         91 |       0 |    0 |     0 |      0 |      0 |    0 |          0 |
|         mesh_13_7                             |                                   Tile_517 |         97 |         97 |       0 |    0 |    16 |      0 |      0 |    0 |          0 |
|           tile_0_0                            |                                PE_256_1051 |         97 |         97 |       0 |    0 |    16 |      0 |      0 |    0 |          0 |
|             (tile_0_0)                        |                                PE_256_1051 |          6 |          6 |       0 |    0 |    16 |      0 |      0 |    0 |          0 |
|             mac_unit                          |                               MacUnit_1052 |         92 |         92 |       0 |    0 |     0 |      0 |      0 |    0 |          0 |
|         mesh_13_8                             |                                   Tile_518 |         97 |         97 |       0 |    0 |    16 |      0 |      0 |    0 |          0 |
|           tile_0_0                            |                                PE_256_1049 |         97 |         97 |       0 |    0 |    16 |      0 |      0 |    0 |          0 |
|             (tile_0_0)                        |                                PE_256_1049 |          6 |          6 |       0 |    0 |    16 |      0 |      0 |    0 |          0 |
|             mac_unit                          |                               MacUnit_1050 |         91 |         91 |       0 |    0 |     0 |      0 |      0 |    0 |          0 |
|         mesh_13_9                             |                                   Tile_519 |         96 |         96 |       0 |    0 |    16 |      0 |      0 |    0 |          0 |
|           tile_0_0                            |                                PE_256_1047 |         96 |         96 |       0 |    0 |    16 |      0 |      0 |    0 |          0 |
|             (tile_0_0)                        |                                PE_256_1047 |          5 |          5 |       0 |    0 |    16 |      0 |      0 |    0 |          0 |
|             mac_unit                          |                               MacUnit_1048 |         91 |         91 |       0 |    0 |     0 |      0 |      0 |    0 |          0 |
|         mesh_14_0                             |                                   Tile_520 |         96 |         96 |       0 |    0 |    16 |      0 |      0 |    0 |          0 |
|           tile_0_0                            |                                PE_256_1045 |         96 |         96 |       0 |    0 |    16 |      0 |      0 |    0 |          0 |
|             (tile_0_0)                        |                                PE_256_1045 |          5 |          5 |       0 |    0 |    16 |      0 |      0 |    0 |          0 |
|             mac_unit                          |                               MacUnit_1046 |         91 |         91 |       0 |    0 |     0 |      0 |      0 |    0 |          0 |
|         mesh_14_1                             |                                   Tile_521 |         96 |         96 |       0 |    0 |    16 |      0 |      0 |    0 |          0 |
|           tile_0_0                            |                                PE_256_1043 |         96 |         96 |       0 |    0 |    16 |      0 |      0 |    0 |          0 |
|             (tile_0_0)                        |                                PE_256_1043 |          5 |          5 |       0 |    0 |    16 |      0 |      0 |    0 |          0 |
|             mac_unit                          |                               MacUnit_1044 |         91 |         91 |       0 |    0 |     0 |      0 |      0 |    0 |          0 |
|         mesh_14_10                            |                                   Tile_522 |         96 |         96 |       0 |    0 |    16 |      0 |      0 |    0 |          0 |
|           tile_0_0                            |                                PE_256_1041 |         96 |         96 |       0 |    0 |    16 |      0 |      0 |    0 |          0 |
|             (tile_0_0)                        |                                PE_256_1041 |          5 |          5 |       0 |    0 |    16 |      0 |      0 |    0 |          0 |
|             mac_unit                          |                               MacUnit_1042 |         91 |         91 |       0 |    0 |     0 |      0 |      0 |    0 |          0 |
|         mesh_14_11                            |                                   Tile_523 |         96 |         96 |       0 |    0 |    16 |      0 |      0 |    0 |          0 |
|           tile_0_0                            |                                PE_256_1039 |         96 |         96 |       0 |    0 |    16 |      0 |      0 |    0 |          0 |
|             (tile_0_0)                        |                                PE_256_1039 |          5 |          5 |       0 |    0 |    16 |      0 |      0 |    0 |          0 |
|             mac_unit                          |                               MacUnit_1040 |         91 |         91 |       0 |    0 |     0 |      0 |      0 |    0 |          0 |
|         mesh_14_12                            |                                   Tile_524 |         96 |         96 |       0 |    0 |    16 |      0 |      0 |    0 |          0 |
|           tile_0_0                            |                                PE_256_1037 |         96 |         96 |       0 |    0 |    16 |      0 |      0 |    0 |          0 |
|             (tile_0_0)                        |                                PE_256_1037 |          6 |          6 |       0 |    0 |    16 |      0 |      0 |    0 |          0 |
|             mac_unit                          |                               MacUnit_1038 |         91 |         91 |       0 |    0 |     0 |      0 |      0 |    0 |          0 |
|         mesh_14_13                            |                                   Tile_525 |         96 |         96 |       0 |    0 |    16 |      0 |      0 |    0 |          0 |
|           tile_0_0                            |                                PE_256_1035 |         96 |         96 |       0 |    0 |    16 |      0 |      0 |    0 |          0 |
|             (tile_0_0)                        |                                PE_256_1035 |          5 |          5 |       0 |    0 |    16 |      0 |      0 |    0 |          0 |
|             mac_unit                          |                               MacUnit_1036 |         91 |         91 |       0 |    0 |     0 |      0 |      0 |    0 |          0 |
|         mesh_14_14                            |                                   Tile_526 |         96 |         96 |       0 |    0 |    16 |      0 |      0 |    0 |          0 |
|           tile_0_0                            |                                PE_256_1033 |         96 |         96 |       0 |    0 |    16 |      0 |      0 |    0 |          0 |
|             (tile_0_0)                        |                                PE_256_1033 |          5 |          5 |       0 |    0 |    16 |      0 |      0 |    0 |          0 |
|             mac_unit                          |                               MacUnit_1034 |         91 |         91 |       0 |    0 |     0 |      0 |      0 |    0 |          0 |
|         mesh_14_15                            |                                   Tile_527 |         96 |         96 |       0 |    0 |    16 |      0 |      0 |    0 |          0 |
|           tile_0_0                            |                                PE_256_1031 |         96 |         96 |       0 |    0 |    16 |      0 |      0 |    0 |          0 |
|             (tile_0_0)                        |                                PE_256_1031 |          5 |          5 |       0 |    0 |    16 |      0 |      0 |    0 |          0 |
|             mac_unit                          |                               MacUnit_1032 |         91 |         91 |       0 |    0 |     0 |      0 |      0 |    0 |          0 |
|         mesh_14_2                             |                                   Tile_528 |         96 |         96 |       0 |    0 |    16 |      0 |      0 |    0 |          0 |
|           tile_0_0                            |                                PE_256_1029 |         96 |         96 |       0 |    0 |    16 |      0 |      0 |    0 |          0 |
|             (tile_0_0)                        |                                PE_256_1029 |          5 |          5 |       0 |    0 |    16 |      0 |      0 |    0 |          0 |
|             mac_unit                          |                               MacUnit_1030 |         91 |         91 |       0 |    0 |     0 |      0 |      0 |    0 |          0 |
|         mesh_14_3                             |                                   Tile_529 |         96 |         96 |       0 |    0 |    16 |      0 |      0 |    0 |          0 |
|           tile_0_0                            |                                PE_256_1027 |         96 |         96 |       0 |    0 |    16 |      0 |      0 |    0 |          0 |
|             (tile_0_0)                        |                                PE_256_1027 |          5 |          5 |       0 |    0 |    16 |      0 |      0 |    0 |          0 |
|             mac_unit                          |                               MacUnit_1028 |         91 |         91 |       0 |    0 |     0 |      0 |      0 |    0 |          0 |
|         mesh_14_4                             |                                   Tile_530 |         96 |         96 |       0 |    0 |    16 |      0 |      0 |    0 |          0 |
|           tile_0_0                            |                                PE_256_1025 |         96 |         96 |       0 |    0 |    16 |      0 |      0 |    0 |          0 |
|             (tile_0_0)                        |                                PE_256_1025 |          5 |          5 |       0 |    0 |    16 |      0 |      0 |    0 |          0 |
|             mac_unit                          |                               MacUnit_1026 |         91 |         91 |       0 |    0 |     0 |      0 |      0 |    0 |          0 |
|         mesh_14_5                             |                                   Tile_531 |         97 |         97 |       0 |    0 |    16 |      0 |      0 |    0 |          0 |
|           tile_0_0                            |                                PE_256_1023 |         97 |         97 |       0 |    0 |    16 |      0 |      0 |    0 |          0 |
|             (tile_0_0)                        |                                PE_256_1023 |          6 |          6 |       0 |    0 |    16 |      0 |      0 |    0 |          0 |
|             mac_unit                          |                               MacUnit_1024 |         91 |         91 |       0 |    0 |     0 |      0 |      0 |    0 |          0 |
|         mesh_14_6                             |                                   Tile_532 |         96 |         96 |       0 |    0 |    16 |      0 |      0 |    0 |          0 |
|           tile_0_0                            |                                PE_256_1021 |         96 |         96 |       0 |    0 |    16 |      0 |      0 |    0 |          0 |
|             (tile_0_0)                        |                                PE_256_1021 |          5 |          5 |       0 |    0 |    16 |      0 |      0 |    0 |          0 |
|             mac_unit                          |                               MacUnit_1022 |         91 |         91 |       0 |    0 |     0 |      0 |      0 |    0 |          0 |
|         mesh_14_7                             |                                   Tile_533 |         97 |         97 |       0 |    0 |    16 |      0 |      0 |    0 |          0 |
|           tile_0_0                            |                                PE_256_1019 |         97 |         97 |       0 |    0 |    16 |      0 |      0 |    0 |          0 |
|             (tile_0_0)                        |                                PE_256_1019 |          6 |          6 |       0 |    0 |    16 |      0 |      0 |    0 |          0 |
|             mac_unit                          |                               MacUnit_1020 |         91 |         91 |       0 |    0 |     0 |      0 |      0 |    0 |          0 |
|         mesh_14_8                             |                                   Tile_534 |         96 |         96 |       0 |    0 |    16 |      0 |      0 |    0 |          0 |
|           tile_0_0                            |                                PE_256_1017 |         96 |         96 |       0 |    0 |    16 |      0 |      0 |    0 |          0 |
|             (tile_0_0)                        |                                PE_256_1017 |          5 |          5 |       0 |    0 |    16 |      0 |      0 |    0 |          0 |
|             mac_unit                          |                               MacUnit_1018 |         91 |         91 |       0 |    0 |     0 |      0 |      0 |    0 |          0 |
|         mesh_14_9                             |                                   Tile_535 |         96 |         96 |       0 |    0 |    16 |      0 |      0 |    0 |          0 |
|           tile_0_0                            |                                PE_256_1015 |         96 |         96 |       0 |    0 |    16 |      0 |      0 |    0 |          0 |
|             (tile_0_0)                        |                                PE_256_1015 |          5 |          5 |       0 |    0 |    16 |      0 |      0 |    0 |          0 |
|             mac_unit                          |                               MacUnit_1016 |         91 |         91 |       0 |    0 |     0 |      0 |      0 |    0 |          0 |
|         mesh_15_0                             |                                   Tile_536 |         96 |         96 |       0 |    0 |    16 |      0 |      0 |    0 |          0 |
|           tile_0_0                            |                                PE_256_1013 |         96 |         96 |       0 |    0 |    16 |      0 |      0 |    0 |          0 |
|             (tile_0_0)                        |                                PE_256_1013 |          5 |          5 |       0 |    0 |    16 |      0 |      0 |    0 |          0 |
|             mac_unit                          |                               MacUnit_1014 |         91 |         91 |       0 |    0 |     0 |      0 |      0 |    0 |          0 |
|         mesh_15_1                             |                                   Tile_537 |         96 |         96 |       0 |    0 |    16 |      0 |      0 |    0 |          0 |
|           tile_0_0                            |                                PE_256_1011 |         96 |         96 |       0 |    0 |    16 |      0 |      0 |    0 |          0 |
|             (tile_0_0)                        |                                PE_256_1011 |          5 |          5 |       0 |    0 |    16 |      0 |      0 |    0 |          0 |
|             mac_unit                          |                               MacUnit_1012 |         91 |         91 |       0 |    0 |     0 |      0 |      0 |    0 |          0 |
|         mesh_15_10                            |                                   Tile_538 |         96 |         96 |       0 |    0 |    16 |      0 |      0 |    0 |          0 |
|           tile_0_0                            |                                PE_256_1009 |         96 |         96 |       0 |    0 |    16 |      0 |      0 |    0 |          0 |
|             (tile_0_0)                        |                                PE_256_1009 |          5 |          5 |       0 |    0 |    16 |      0 |      0 |    0 |          0 |
|             mac_unit                          |                               MacUnit_1010 |         91 |         91 |       0 |    0 |     0 |      0 |      0 |    0 |          0 |
|         mesh_15_11                            |                                   Tile_539 |         97 |         97 |       0 |    0 |    16 |      0 |      0 |    0 |          0 |
|           tile_0_0                            |                                PE_256_1007 |         97 |         97 |       0 |    0 |    16 |      0 |      0 |    0 |          0 |
|             (tile_0_0)                        |                                PE_256_1007 |          6 |          6 |       0 |    0 |    16 |      0 |      0 |    0 |          0 |
|             mac_unit                          |                               MacUnit_1008 |         91 |         91 |       0 |    0 |     0 |      0 |      0 |    0 |          0 |
|         mesh_15_12                            |                                   Tile_540 |         96 |         96 |       0 |    0 |    16 |      0 |      0 |    0 |          0 |
|           tile_0_0                            |                                PE_256_1005 |         96 |         96 |       0 |    0 |    16 |      0 |      0 |    0 |          0 |
|             (tile_0_0)                        |                                PE_256_1005 |          5 |          5 |       0 |    0 |    16 |      0 |      0 |    0 |          0 |
|             mac_unit                          |                               MacUnit_1006 |         91 |         91 |       0 |    0 |     0 |      0 |      0 |    0 |          0 |
|         mesh_15_13                            |                                   Tile_541 |         96 |         96 |       0 |    0 |    16 |      0 |      0 |    0 |          0 |
|           tile_0_0                            |                                PE_256_1003 |         96 |         96 |       0 |    0 |    16 |      0 |      0 |    0 |          0 |
|             (tile_0_0)                        |                                PE_256_1003 |          5 |          5 |       0 |    0 |    16 |      0 |      0 |    0 |          0 |
|             mac_unit                          |                               MacUnit_1004 |         91 |         91 |       0 |    0 |     0 |      0 |      0 |    0 |          0 |
|         mesh_15_14                            |                                   Tile_542 |         96 |         96 |       0 |    0 |    16 |      0 |      0 |    0 |          0 |
|           tile_0_0                            |                                PE_256_1001 |         96 |         96 |       0 |    0 |    16 |      0 |      0 |    0 |          0 |
|             (tile_0_0)                        |                                PE_256_1001 |          5 |          5 |       0 |    0 |    16 |      0 |      0 |    0 |          0 |
|             mac_unit                          |                               MacUnit_1002 |         91 |         91 |       0 |    0 |     0 |      0 |      0 |    0 |          0 |
|         mesh_15_15                            |                                   Tile_543 |         96 |         96 |       0 |    0 |    16 |      0 |      0 |    0 |          0 |
|           tile_0_0                            |                                 PE_256_999 |         96 |         96 |       0 |    0 |    16 |      0 |      0 |    0 |          0 |
|             (tile_0_0)                        |                                 PE_256_999 |          5 |          5 |       0 |    0 |    16 |      0 |      0 |    0 |          0 |
|             mac_unit                          |                               MacUnit_1000 |         91 |         91 |       0 |    0 |     0 |      0 |      0 |    0 |          0 |
|         mesh_15_2                             |                                   Tile_544 |         96 |         96 |       0 |    0 |    16 |      0 |      0 |    0 |          0 |
|           tile_0_0                            |                                 PE_256_997 |         96 |         96 |       0 |    0 |    16 |      0 |      0 |    0 |          0 |
|             (tile_0_0)                        |                                 PE_256_997 |          5 |          5 |       0 |    0 |    16 |      0 |      0 |    0 |          0 |
|             mac_unit                          |                                MacUnit_998 |         91 |         91 |       0 |    0 |     0 |      0 |      0 |    0 |          0 |
|         mesh_15_3                             |                                   Tile_545 |         96 |         96 |       0 |    0 |    16 |      0 |      0 |    0 |          0 |
|           tile_0_0                            |                                 PE_256_995 |         96 |         96 |       0 |    0 |    16 |      0 |      0 |    0 |          0 |
|             (tile_0_0)                        |                                 PE_256_995 |          5 |          5 |       0 |    0 |    16 |      0 |      0 |    0 |          0 |
|             mac_unit                          |                                MacUnit_996 |         91 |         91 |       0 |    0 |     0 |      0 |      0 |    0 |          0 |
|         mesh_15_4                             |                                   Tile_546 |         96 |         96 |       0 |    0 |    16 |      0 |      0 |    0 |          0 |
|           tile_0_0                            |                                 PE_256_993 |         96 |         96 |       0 |    0 |    16 |      0 |      0 |    0 |          0 |
|             (tile_0_0)                        |                                 PE_256_993 |          5 |          5 |       0 |    0 |    16 |      0 |      0 |    0 |          0 |
|             mac_unit                          |                                MacUnit_994 |         91 |         91 |       0 |    0 |     0 |      0 |      0 |    0 |          0 |
|         mesh_15_5                             |                                   Tile_547 |         96 |         96 |       0 |    0 |    16 |      0 |      0 |    0 |          0 |
|           tile_0_0                            |                                 PE_256_991 |         96 |         96 |       0 |    0 |    16 |      0 |      0 |    0 |          0 |
|             (tile_0_0)                        |                                 PE_256_991 |          5 |          5 |       0 |    0 |    16 |      0 |      0 |    0 |          0 |
|             mac_unit                          |                                MacUnit_992 |         91 |         91 |       0 |    0 |     0 |      0 |      0 |    0 |          0 |
|         mesh_15_6                             |                                   Tile_548 |         96 |         96 |       0 |    0 |    16 |      0 |      0 |    0 |          0 |
|           tile_0_0                            |                                 PE_256_989 |         96 |         96 |       0 |    0 |    16 |      0 |      0 |    0 |          0 |
|             (tile_0_0)                        |                                 PE_256_989 |          5 |          5 |       0 |    0 |    16 |      0 |      0 |    0 |          0 |
|             mac_unit                          |                                MacUnit_990 |         91 |         91 |       0 |    0 |     0 |      0 |      0 |    0 |          0 |
|         mesh_15_7                             |                                   Tile_549 |         96 |         96 |       0 |    0 |    16 |      0 |      0 |    0 |          0 |
|           tile_0_0                            |                                 PE_256_987 |         96 |         96 |       0 |    0 |    16 |      0 |      0 |    0 |          0 |
|             (tile_0_0)                        |                                 PE_256_987 |          5 |          5 |       0 |    0 |    16 |      0 |      0 |    0 |          0 |
|             mac_unit                          |                                MacUnit_988 |         91 |         91 |       0 |    0 |     0 |      0 |      0 |    0 |          0 |
|         mesh_15_8                             |                                   Tile_550 |         96 |         96 |       0 |    0 |    16 |      0 |      0 |    0 |          0 |
|           tile_0_0                            |                                 PE_256_985 |         96 |         96 |       0 |    0 |    16 |      0 |      0 |    0 |          0 |
|             (tile_0_0)                        |                                 PE_256_985 |          5 |          5 |       0 |    0 |    16 |      0 |      0 |    0 |          0 |
|             mac_unit                          |                                MacUnit_986 |         91 |         91 |       0 |    0 |     0 |      0 |      0 |    0 |          0 |
|         mesh_15_9                             |                                   Tile_551 |         96 |         96 |       0 |    0 |    16 |      0 |      0 |    0 |          0 |
|           tile_0_0                            |                                 PE_256_983 |         96 |         96 |       0 |    0 |    16 |      0 |      0 |    0 |          0 |
|             (tile_0_0)                        |                                 PE_256_983 |          6 |          6 |       0 |    0 |    16 |      0 |      0 |    0 |          0 |
|             mac_unit                          |                                MacUnit_984 |         91 |         91 |       0 |    0 |     0 |      0 |      0 |    0 |          0 |
|         mesh_1_0                              |                                   Tile_552 |         96 |         96 |       0 |    0 |    16 |      0 |      0 |    0 |          0 |
|           tile_0_0                            |                                 PE_256_981 |         96 |         96 |       0 |    0 |    16 |      0 |      0 |    0 |          0 |
|             (tile_0_0)                        |                                 PE_256_981 |          5 |          5 |       0 |    0 |    16 |      0 |      0 |    0 |          0 |
|             mac_unit                          |                                MacUnit_982 |         91 |         91 |       0 |    0 |     0 |      0 |      0 |    0 |          0 |
|         mesh_1_1                              |                                   Tile_553 |         96 |         96 |       0 |    0 |    16 |      0 |      0 |    0 |          0 |
|           tile_0_0                            |                                 PE_256_979 |         96 |         96 |       0 |    0 |    16 |      0 |      0 |    0 |          0 |
|             (tile_0_0)                        |                                 PE_256_979 |          5 |          5 |       0 |    0 |    16 |      0 |      0 |    0 |          0 |
|             mac_unit                          |                                MacUnit_980 |         91 |         91 |       0 |    0 |     0 |      0 |      0 |    0 |          0 |
|         mesh_1_10                             |                                   Tile_554 |         97 |         97 |       0 |    0 |    16 |      0 |      0 |    0 |          0 |
|           tile_0_0                            |                                 PE_256_977 |         97 |         97 |       0 |    0 |    16 |      0 |      0 |    0 |          0 |
|             (tile_0_0)                        |                                 PE_256_977 |          5 |          5 |       0 |    0 |    16 |      0 |      0 |    0 |          0 |
|             mac_unit                          |                                MacUnit_978 |         92 |         92 |       0 |    0 |     0 |      0 |      0 |    0 |          0 |
|         mesh_1_11                             |                                   Tile_555 |         96 |         96 |       0 |    0 |    16 |      0 |      0 |    0 |          0 |
|           tile_0_0                            |                                 PE_256_975 |         96 |         96 |       0 |    0 |    16 |      0 |      0 |    0 |          0 |
|             (tile_0_0)                        |                                 PE_256_975 |          6 |          6 |       0 |    0 |    16 |      0 |      0 |    0 |          0 |
|             mac_unit                          |                                MacUnit_976 |         91 |         91 |       0 |    0 |     0 |      0 |      0 |    0 |          0 |
|         mesh_1_12                             |                                   Tile_556 |         96 |         96 |       0 |    0 |    16 |      0 |      0 |    0 |          0 |
|           tile_0_0                            |                                 PE_256_973 |         96 |         96 |       0 |    0 |    16 |      0 |      0 |    0 |          0 |
|             (tile_0_0)                        |                                 PE_256_973 |          5 |          5 |       0 |    0 |    16 |      0 |      0 |    0 |          0 |
|             mac_unit                          |                                MacUnit_974 |         91 |         91 |       0 |    0 |     0 |      0 |      0 |    0 |          0 |
|         mesh_1_13                             |                                   Tile_557 |         96 |         96 |       0 |    0 |    16 |      0 |      0 |    0 |          0 |
|           tile_0_0                            |                                 PE_256_971 |         96 |         96 |       0 |    0 |    16 |      0 |      0 |    0 |          0 |
|             (tile_0_0)                        |                                 PE_256_971 |          5 |          5 |       0 |    0 |    16 |      0 |      0 |    0 |          0 |
|             mac_unit                          |                                MacUnit_972 |         91 |         91 |       0 |    0 |     0 |      0 |      0 |    0 |          0 |
|         mesh_1_14                             |                                   Tile_558 |         96 |         96 |       0 |    0 |    16 |      0 |      0 |    0 |          0 |
|           tile_0_0                            |                                 PE_256_969 |         96 |         96 |       0 |    0 |    16 |      0 |      0 |    0 |          0 |
|             (tile_0_0)                        |                                 PE_256_969 |          5 |          5 |       0 |    0 |    16 |      0 |      0 |    0 |          0 |
|             mac_unit                          |                                MacUnit_970 |         91 |         91 |       0 |    0 |     0 |      0 |      0 |    0 |          0 |
|         mesh_1_15                             |                                   Tile_559 |         96 |         96 |       0 |    0 |    16 |      0 |      0 |    0 |          0 |
|           tile_0_0                            |                                 PE_256_967 |         96 |         96 |       0 |    0 |    16 |      0 |      0 |    0 |          0 |
|             (tile_0_0)                        |                                 PE_256_967 |          5 |          5 |       0 |    0 |    16 |      0 |      0 |    0 |          0 |
|             mac_unit                          |                                MacUnit_968 |         91 |         91 |       0 |    0 |     0 |      0 |      0 |    0 |          0 |
|         mesh_1_2                              |                                   Tile_560 |         96 |         96 |       0 |    0 |    16 |      0 |      0 |    0 |          0 |
|           tile_0_0                            |                                 PE_256_965 |         96 |         96 |       0 |    0 |    16 |      0 |      0 |    0 |          0 |
|             (tile_0_0)                        |                                 PE_256_965 |          5 |          5 |       0 |    0 |    16 |      0 |      0 |    0 |          0 |
|             mac_unit                          |                                MacUnit_966 |         91 |         91 |       0 |    0 |     0 |      0 |      0 |    0 |          0 |
|         mesh_1_3                              |                                   Tile_561 |         96 |         96 |       0 |    0 |    16 |      0 |      0 |    0 |          0 |
|           tile_0_0                            |                                 PE_256_963 |         96 |         96 |       0 |    0 |    16 |      0 |      0 |    0 |          0 |
|             (tile_0_0)                        |                                 PE_256_963 |          5 |          5 |       0 |    0 |    16 |      0 |      0 |    0 |          0 |
|             mac_unit                          |                                MacUnit_964 |         91 |         91 |       0 |    0 |     0 |      0 |      0 |    0 |          0 |
|         mesh_1_4                              |                                   Tile_562 |         96 |         96 |       0 |    0 |    16 |      0 |      0 |    0 |          0 |
|           tile_0_0                            |                                 PE_256_961 |         96 |         96 |       0 |    0 |    16 |      0 |      0 |    0 |          0 |
|             (tile_0_0)                        |                                 PE_256_961 |          5 |          5 |       0 |    0 |    16 |      0 |      0 |    0 |          0 |
|             mac_unit                          |                                MacUnit_962 |         91 |         91 |       0 |    0 |     0 |      0 |      0 |    0 |          0 |
|         mesh_1_5                              |                                   Tile_563 |         96 |         96 |       0 |    0 |    16 |      0 |      0 |    0 |          0 |
|           tile_0_0                            |                                 PE_256_959 |         96 |         96 |       0 |    0 |    16 |      0 |      0 |    0 |          0 |
|             (tile_0_0)                        |                                 PE_256_959 |          5 |          5 |       0 |    0 |    16 |      0 |      0 |    0 |          0 |
|             mac_unit                          |                                MacUnit_960 |         91 |         91 |       0 |    0 |     0 |      0 |      0 |    0 |          0 |
|         mesh_1_6                              |                                   Tile_564 |         96 |         96 |       0 |    0 |    16 |      0 |      0 |    0 |          0 |
|           tile_0_0                            |                                 PE_256_957 |         96 |         96 |       0 |    0 |    16 |      0 |      0 |    0 |          0 |
|             (tile_0_0)                        |                                 PE_256_957 |          5 |          5 |       0 |    0 |    16 |      0 |      0 |    0 |          0 |
|             mac_unit                          |                                MacUnit_958 |         91 |         91 |       0 |    0 |     0 |      0 |      0 |    0 |          0 |
|         mesh_1_7                              |                                   Tile_565 |         96 |         96 |       0 |    0 |    16 |      0 |      0 |    0 |          0 |
|           tile_0_0                            |                                 PE_256_955 |         96 |         96 |       0 |    0 |    16 |      0 |      0 |    0 |          0 |
|             (tile_0_0)                        |                                 PE_256_955 |          5 |          5 |       0 |    0 |    16 |      0 |      0 |    0 |          0 |
|             mac_unit                          |                                MacUnit_956 |         91 |         91 |       0 |    0 |     0 |      0 |      0 |    0 |          0 |
|         mesh_1_8                              |                                   Tile_566 |         96 |         96 |       0 |    0 |    16 |      0 |      0 |    0 |          0 |
|           tile_0_0                            |                                 PE_256_953 |         96 |         96 |       0 |    0 |    16 |      0 |      0 |    0 |          0 |
|             (tile_0_0)                        |                                 PE_256_953 |          5 |          5 |       0 |    0 |    16 |      0 |      0 |    0 |          0 |
|             mac_unit                          |                                MacUnit_954 |         91 |         91 |       0 |    0 |     0 |      0 |      0 |    0 |          0 |
|         mesh_1_9                              |                                   Tile_567 |         96 |         96 |       0 |    0 |    16 |      0 |      0 |    0 |          0 |
|           tile_0_0                            |                                 PE_256_951 |         96 |         96 |       0 |    0 |    16 |      0 |      0 |    0 |          0 |
|             (tile_0_0)                        |                                 PE_256_951 |          5 |          5 |       0 |    0 |    16 |      0 |      0 |    0 |          0 |
|             mac_unit                          |                                MacUnit_952 |         91 |         91 |       0 |    0 |     0 |      0 |      0 |    0 |          0 |
|         mesh_2_0                              |                                   Tile_568 |         96 |         96 |       0 |    0 |    16 |      0 |      0 |    0 |          0 |
|           tile_0_0                            |                                 PE_256_949 |         96 |         96 |       0 |    0 |    16 |      0 |      0 |    0 |          0 |
|             (tile_0_0)                        |                                 PE_256_949 |          5 |          5 |       0 |    0 |    16 |      0 |      0 |    0 |          0 |
|             mac_unit                          |                                MacUnit_950 |         91 |         91 |       0 |    0 |     0 |      0 |      0 |    0 |          0 |
|         mesh_2_1                              |                                   Tile_569 |         96 |         96 |       0 |    0 |    16 |      0 |      0 |    0 |          0 |
|           tile_0_0                            |                                 PE_256_947 |         96 |         96 |       0 |    0 |    16 |      0 |      0 |    0 |          0 |
|             (tile_0_0)                        |                                 PE_256_947 |          5 |          5 |       0 |    0 |    16 |      0 |      0 |    0 |          0 |
|             mac_unit                          |                                MacUnit_948 |         91 |         91 |       0 |    0 |     0 |      0 |      0 |    0 |          0 |
|         mesh_2_10                             |                                   Tile_570 |         97 |         97 |       0 |    0 |    16 |      0 |      0 |    0 |          0 |
|           tile_0_0                            |                                 PE_256_945 |         97 |         97 |       0 |    0 |    16 |      0 |      0 |    0 |          0 |
|             (tile_0_0)                        |                                 PE_256_945 |          6 |          6 |       0 |    0 |    16 |      0 |      0 |    0 |          0 |
|             mac_unit                          |                                MacUnit_946 |         91 |         91 |       0 |    0 |     0 |      0 |      0 |    0 |          0 |
|         mesh_2_11                             |                                   Tile_571 |         96 |         96 |       0 |    0 |    16 |      0 |      0 |    0 |          0 |
|           tile_0_0                            |                                 PE_256_943 |         96 |         96 |       0 |    0 |    16 |      0 |      0 |    0 |          0 |
|             (tile_0_0)                        |                                 PE_256_943 |          5 |          5 |       0 |    0 |    16 |      0 |      0 |    0 |          0 |
|             mac_unit                          |                                MacUnit_944 |         91 |         91 |       0 |    0 |     0 |      0 |      0 |    0 |          0 |
|         mesh_2_12                             |                                   Tile_572 |         96 |         96 |       0 |    0 |    16 |      0 |      0 |    0 |          0 |
|           tile_0_0                            |                                 PE_256_941 |         96 |         96 |       0 |    0 |    16 |      0 |      0 |    0 |          0 |
|             (tile_0_0)                        |                                 PE_256_941 |          5 |          5 |       0 |    0 |    16 |      0 |      0 |    0 |          0 |
|             mac_unit                          |                                MacUnit_942 |         91 |         91 |       0 |    0 |     0 |      0 |      0 |    0 |          0 |
|         mesh_2_13                             |                                   Tile_573 |         96 |         96 |       0 |    0 |    16 |      0 |      0 |    0 |          0 |
|           tile_0_0                            |                                 PE_256_939 |         96 |         96 |       0 |    0 |    16 |      0 |      0 |    0 |          0 |
|             (tile_0_0)                        |                                 PE_256_939 |          5 |          5 |       0 |    0 |    16 |      0 |      0 |    0 |          0 |
|             mac_unit                          |                                MacUnit_940 |         91 |         91 |       0 |    0 |     0 |      0 |      0 |    0 |          0 |
|         mesh_2_14                             |                                   Tile_574 |         96 |         96 |       0 |    0 |    16 |      0 |      0 |    0 |          0 |
|           tile_0_0                            |                                 PE_256_937 |         96 |         96 |       0 |    0 |    16 |      0 |      0 |    0 |          0 |
|             (tile_0_0)                        |                                 PE_256_937 |          5 |          5 |       0 |    0 |    16 |      0 |      0 |    0 |          0 |
|             mac_unit                          |                                MacUnit_938 |         91 |         91 |       0 |    0 |     0 |      0 |      0 |    0 |          0 |
|         mesh_2_15                             |                                   Tile_575 |         96 |         96 |       0 |    0 |    16 |      0 |      0 |    0 |          0 |
|           tile_0_0                            |                                 PE_256_935 |         96 |         96 |       0 |    0 |    16 |      0 |      0 |    0 |          0 |
|             (tile_0_0)                        |                                 PE_256_935 |          5 |          5 |       0 |    0 |    16 |      0 |      0 |    0 |          0 |
|             mac_unit                          |                                MacUnit_936 |         91 |         91 |       0 |    0 |     0 |      0 |      0 |    0 |          0 |
|         mesh_2_2                              |                                   Tile_576 |         96 |         96 |       0 |    0 |    16 |      0 |      0 |    0 |          0 |
|           tile_0_0                            |                                 PE_256_933 |         96 |         96 |       0 |    0 |    16 |      0 |      0 |    0 |          0 |
|             (tile_0_0)                        |                                 PE_256_933 |          5 |          5 |       0 |    0 |    16 |      0 |      0 |    0 |          0 |
|             mac_unit                          |                                MacUnit_934 |         91 |         91 |       0 |    0 |     0 |      0 |      0 |    0 |          0 |
|         mesh_2_3                              |                                   Tile_577 |         96 |         96 |       0 |    0 |    16 |      0 |      0 |    0 |          0 |
|           tile_0_0                            |                                 PE_256_931 |         96 |         96 |       0 |    0 |    16 |      0 |      0 |    0 |          0 |
|             (tile_0_0)                        |                                 PE_256_931 |          5 |          5 |       0 |    0 |    16 |      0 |      0 |    0 |          0 |
|             mac_unit                          |                                MacUnit_932 |         91 |         91 |       0 |    0 |     0 |      0 |      0 |    0 |          0 |
|         mesh_2_4                              |                                   Tile_578 |         96 |         96 |       0 |    0 |    16 |      0 |      0 |    0 |          0 |
|           tile_0_0                            |                                 PE_256_929 |         96 |         96 |       0 |    0 |    16 |      0 |      0 |    0 |          0 |
|             (tile_0_0)                        |                                 PE_256_929 |          5 |          5 |       0 |    0 |    16 |      0 |      0 |    0 |          0 |
|             mac_unit                          |                                MacUnit_930 |         91 |         91 |       0 |    0 |     0 |      0 |      0 |    0 |          0 |
|         mesh_2_5                              |                                   Tile_579 |         96 |         96 |       0 |    0 |    16 |      0 |      0 |    0 |          0 |
|           tile_0_0                            |                                 PE_256_927 |         96 |         96 |       0 |    0 |    16 |      0 |      0 |    0 |          0 |
|             (tile_0_0)                        |                                 PE_256_927 |          5 |          5 |       0 |    0 |    16 |      0 |      0 |    0 |          0 |
|             mac_unit                          |                                MacUnit_928 |         91 |         91 |       0 |    0 |     0 |      0 |      0 |    0 |          0 |
|         mesh_2_6                              |                                   Tile_580 |         96 |         96 |       0 |    0 |    16 |      0 |      0 |    0 |          0 |
|           tile_0_0                            |                                 PE_256_925 |         96 |         96 |       0 |    0 |    16 |      0 |      0 |    0 |          0 |
|             (tile_0_0)                        |                                 PE_256_925 |          5 |          5 |       0 |    0 |    16 |      0 |      0 |    0 |          0 |
|             mac_unit                          |                                MacUnit_926 |         91 |         91 |       0 |    0 |     0 |      0 |      0 |    0 |          0 |
|         mesh_2_7                              |                                   Tile_581 |         96 |         96 |       0 |    0 |    16 |      0 |      0 |    0 |          0 |
|           tile_0_0                            |                                 PE_256_923 |         96 |         96 |       0 |    0 |    16 |      0 |      0 |    0 |          0 |
|             (tile_0_0)                        |                                 PE_256_923 |          5 |          5 |       0 |    0 |    16 |      0 |      0 |    0 |          0 |
|             mac_unit                          |                                MacUnit_924 |         91 |         91 |       0 |    0 |     0 |      0 |      0 |    0 |          0 |
|         mesh_2_8                              |                                   Tile_582 |         96 |         96 |       0 |    0 |    16 |      0 |      0 |    0 |          0 |
|           tile_0_0                            |                                 PE_256_921 |         96 |         96 |       0 |    0 |    16 |      0 |      0 |    0 |          0 |
|             (tile_0_0)                        |                                 PE_256_921 |          5 |          5 |       0 |    0 |    16 |      0 |      0 |    0 |          0 |
|             mac_unit                          |                                MacUnit_922 |         91 |         91 |       0 |    0 |     0 |      0 |      0 |    0 |          0 |
|         mesh_2_9                              |                                   Tile_583 |         96 |         96 |       0 |    0 |    16 |      0 |      0 |    0 |          0 |
|           tile_0_0                            |                                 PE_256_919 |         96 |         96 |       0 |    0 |    16 |      0 |      0 |    0 |          0 |
|             (tile_0_0)                        |                                 PE_256_919 |          5 |          5 |       0 |    0 |    16 |      0 |      0 |    0 |          0 |
|             mac_unit                          |                                MacUnit_920 |         91 |         91 |       0 |    0 |     0 |      0 |      0 |    0 |          0 |
|         mesh_3_0                              |                                   Tile_584 |         96 |         96 |       0 |    0 |    16 |      0 |      0 |    0 |          0 |
|           tile_0_0                            |                                 PE_256_917 |         96 |         96 |       0 |    0 |    16 |      0 |      0 |    0 |          0 |
|             (tile_0_0)                        |                                 PE_256_917 |          5 |          5 |       0 |    0 |    16 |      0 |      0 |    0 |          0 |
|             mac_unit                          |                                MacUnit_918 |         91 |         91 |       0 |    0 |     0 |      0 |      0 |    0 |          0 |
|         mesh_3_1                              |                                   Tile_585 |         96 |         96 |       0 |    0 |    16 |      0 |      0 |    0 |          0 |
|           tile_0_0                            |                                 PE_256_915 |         96 |         96 |       0 |    0 |    16 |      0 |      0 |    0 |          0 |
|             (tile_0_0)                        |                                 PE_256_915 |          5 |          5 |       0 |    0 |    16 |      0 |      0 |    0 |          0 |
|             mac_unit                          |                                MacUnit_916 |         91 |         91 |       0 |    0 |     0 |      0 |      0 |    0 |          0 |
|         mesh_3_10                             |                                   Tile_586 |         96 |         96 |       0 |    0 |    16 |      0 |      0 |    0 |          0 |
|           tile_0_0                            |                                 PE_256_913 |         96 |         96 |       0 |    0 |    16 |      0 |      0 |    0 |          0 |
|             (tile_0_0)                        |                                 PE_256_913 |          5 |          5 |       0 |    0 |    16 |      0 |      0 |    0 |          0 |
|             mac_unit                          |                                MacUnit_914 |         91 |         91 |       0 |    0 |     0 |      0 |      0 |    0 |          0 |
|         mesh_3_11                             |                                   Tile_587 |         96 |         96 |       0 |    0 |    16 |      0 |      0 |    0 |          0 |
|           tile_0_0                            |                                 PE_256_911 |         96 |         96 |       0 |    0 |    16 |      0 |      0 |    0 |          0 |
|             (tile_0_0)                        |                                 PE_256_911 |          5 |          5 |       0 |    0 |    16 |      0 |      0 |    0 |          0 |
|             mac_unit                          |                                MacUnit_912 |         91 |         91 |       0 |    0 |     0 |      0 |      0 |    0 |          0 |
|         mesh_3_12                             |                                   Tile_588 |         96 |         96 |       0 |    0 |    16 |      0 |      0 |    0 |          0 |
|           tile_0_0                            |                                 PE_256_909 |         96 |         96 |       0 |    0 |    16 |      0 |      0 |    0 |          0 |
|             (tile_0_0)                        |                                 PE_256_909 |          5 |          5 |       0 |    0 |    16 |      0 |      0 |    0 |          0 |
|             mac_unit                          |                                MacUnit_910 |         91 |         91 |       0 |    0 |     0 |      0 |      0 |    0 |          0 |
|         mesh_3_13                             |                                   Tile_589 |         96 |         96 |       0 |    0 |    16 |      0 |      0 |    0 |          0 |
|           tile_0_0                            |                                 PE_256_907 |         96 |         96 |       0 |    0 |    16 |      0 |      0 |    0 |          0 |
|             (tile_0_0)                        |                                 PE_256_907 |          5 |          5 |       0 |    0 |    16 |      0 |      0 |    0 |          0 |
|             mac_unit                          |                                MacUnit_908 |         91 |         91 |       0 |    0 |     0 |      0 |      0 |    0 |          0 |
|         mesh_3_14                             |                                   Tile_590 |         96 |         96 |       0 |    0 |    16 |      0 |      0 |    0 |          0 |
|           tile_0_0                            |                                 PE_256_905 |         96 |         96 |       0 |    0 |    16 |      0 |      0 |    0 |          0 |
|             (tile_0_0)                        |                                 PE_256_905 |          5 |          5 |       0 |    0 |    16 |      0 |      0 |    0 |          0 |
|             mac_unit                          |                                MacUnit_906 |         91 |         91 |       0 |    0 |     0 |      0 |      0 |    0 |          0 |
|         mesh_3_15                             |                                   Tile_591 |         96 |         96 |       0 |    0 |    16 |      0 |      0 |    0 |          0 |
|           tile_0_0                            |                                 PE_256_903 |         96 |         96 |       0 |    0 |    16 |      0 |      0 |    0 |          0 |
|             (tile_0_0)                        |                                 PE_256_903 |          5 |          5 |       0 |    0 |    16 |      0 |      0 |    0 |          0 |
|             mac_unit                          |                                MacUnit_904 |         91 |         91 |       0 |    0 |     0 |      0 |      0 |    0 |          0 |
|         mesh_3_2                              |                                   Tile_592 |         96 |         96 |       0 |    0 |    16 |      0 |      0 |    0 |          0 |
|           tile_0_0                            |                                 PE_256_901 |         96 |         96 |       0 |    0 |    16 |      0 |      0 |    0 |          0 |
|             (tile_0_0)                        |                                 PE_256_901 |          5 |          5 |       0 |    0 |    16 |      0 |      0 |    0 |          0 |
|             mac_unit                          |                                MacUnit_902 |         91 |         91 |       0 |    0 |     0 |      0 |      0 |    0 |          0 |
|         mesh_3_3                              |                                   Tile_593 |         96 |         96 |       0 |    0 |    16 |      0 |      0 |    0 |          0 |
|           tile_0_0                            |                                 PE_256_899 |         96 |         96 |       0 |    0 |    16 |      0 |      0 |    0 |          0 |
|             (tile_0_0)                        |                                 PE_256_899 |          5 |          5 |       0 |    0 |    16 |      0 |      0 |    0 |          0 |
|             mac_unit                          |                                MacUnit_900 |         91 |         91 |       0 |    0 |     0 |      0 |      0 |    0 |          0 |
|         mesh_3_4                              |                                   Tile_594 |         96 |         96 |       0 |    0 |    16 |      0 |      0 |    0 |          0 |
|           tile_0_0                            |                                 PE_256_897 |         96 |         96 |       0 |    0 |    16 |      0 |      0 |    0 |          0 |
|             (tile_0_0)                        |                                 PE_256_897 |          5 |          5 |       0 |    0 |    16 |      0 |      0 |    0 |          0 |
|             mac_unit                          |                                MacUnit_898 |         91 |         91 |       0 |    0 |     0 |      0 |      0 |    0 |          0 |
|         mesh_3_5                              |                                   Tile_595 |         96 |         96 |       0 |    0 |    16 |      0 |      0 |    0 |          0 |
|           tile_0_0                            |                                 PE_256_895 |         96 |         96 |       0 |    0 |    16 |      0 |      0 |    0 |          0 |
|             (tile_0_0)                        |                                 PE_256_895 |          5 |          5 |       0 |    0 |    16 |      0 |      0 |    0 |          0 |
|             mac_unit                          |                                MacUnit_896 |         91 |         91 |       0 |    0 |     0 |      0 |      0 |    0 |          0 |
|         mesh_3_6                              |                                   Tile_596 |         96 |         96 |       0 |    0 |    16 |      0 |      0 |    0 |          0 |
|           tile_0_0                            |                                 PE_256_893 |         96 |         96 |       0 |    0 |    16 |      0 |      0 |    0 |          0 |
|             (tile_0_0)                        |                                 PE_256_893 |          5 |          5 |       0 |    0 |    16 |      0 |      0 |    0 |          0 |
|             mac_unit                          |                                MacUnit_894 |         91 |         91 |       0 |    0 |     0 |      0 |      0 |    0 |          0 |
|         mesh_3_7                              |                                   Tile_597 |         96 |         96 |       0 |    0 |    16 |      0 |      0 |    0 |          0 |
|           tile_0_0                            |                                 PE_256_891 |         96 |         96 |       0 |    0 |    16 |      0 |      0 |    0 |          0 |
|             (tile_0_0)                        |                                 PE_256_891 |          5 |          5 |       0 |    0 |    16 |      0 |      0 |    0 |          0 |
|             mac_unit                          |                                MacUnit_892 |         91 |         91 |       0 |    0 |     0 |      0 |      0 |    0 |          0 |
|         mesh_3_8                              |                                   Tile_598 |         96 |         96 |       0 |    0 |    16 |      0 |      0 |    0 |          0 |
|           tile_0_0                            |                                 PE_256_889 |         96 |         96 |       0 |    0 |    16 |      0 |      0 |    0 |          0 |
|             (tile_0_0)                        |                                 PE_256_889 |          5 |          5 |       0 |    0 |    16 |      0 |      0 |    0 |          0 |
|             mac_unit                          |                                MacUnit_890 |         91 |         91 |       0 |    0 |     0 |      0 |      0 |    0 |          0 |
|         mesh_3_9                              |                                   Tile_599 |         96 |         96 |       0 |    0 |    16 |      0 |      0 |    0 |          0 |
|           tile_0_0                            |                                 PE_256_887 |         96 |         96 |       0 |    0 |    16 |      0 |      0 |    0 |          0 |
|             (tile_0_0)                        |                                 PE_256_887 |          5 |          5 |       0 |    0 |    16 |      0 |      0 |    0 |          0 |
|             mac_unit                          |                                MacUnit_888 |         91 |         91 |       0 |    0 |     0 |      0 |      0 |    0 |          0 |
|         mesh_4_0                              |                                   Tile_600 |         96 |         96 |       0 |    0 |    16 |      0 |      0 |    0 |          0 |
|           tile_0_0                            |                                 PE_256_885 |         96 |         96 |       0 |    0 |    16 |      0 |      0 |    0 |          0 |
|             (tile_0_0)                        |                                 PE_256_885 |          5 |          5 |       0 |    0 |    16 |      0 |      0 |    0 |          0 |
|             mac_unit                          |                                MacUnit_886 |         91 |         91 |       0 |    0 |     0 |      0 |      0 |    0 |          0 |
|         mesh_4_1                              |                                   Tile_601 |         96 |         96 |       0 |    0 |    16 |      0 |      0 |    0 |          0 |
|           tile_0_0                            |                                 PE_256_883 |         96 |         96 |       0 |    0 |    16 |      0 |      0 |    0 |          0 |
|             (tile_0_0)                        |                                 PE_256_883 |          5 |          5 |       0 |    0 |    16 |      0 |      0 |    0 |          0 |
|             mac_unit                          |                                MacUnit_884 |         91 |         91 |       0 |    0 |     0 |      0 |      0 |    0 |          0 |
|         mesh_4_10                             |                                   Tile_602 |         97 |         97 |       0 |    0 |    16 |      0 |      0 |    0 |          0 |
|           tile_0_0                            |                                 PE_256_881 |         97 |         97 |       0 |    0 |    16 |      0 |      0 |    0 |          0 |
|             (tile_0_0)                        |                                 PE_256_881 |          6 |          6 |       0 |    0 |    16 |      0 |      0 |    0 |          0 |
|             mac_unit                          |                                MacUnit_882 |         91 |         91 |       0 |    0 |     0 |      0 |      0 |    0 |          0 |
|         mesh_4_11                             |                                   Tile_603 |         96 |         96 |       0 |    0 |    16 |      0 |      0 |    0 |          0 |
|           tile_0_0                            |                                 PE_256_879 |         96 |         96 |       0 |    0 |    16 |      0 |      0 |    0 |          0 |
|             (tile_0_0)                        |                                 PE_256_879 |          5 |          5 |       0 |    0 |    16 |      0 |      0 |    0 |          0 |
|             mac_unit                          |                                MacUnit_880 |         91 |         91 |       0 |    0 |     0 |      0 |      0 |    0 |          0 |
|         mesh_4_12                             |                                   Tile_604 |         96 |         96 |       0 |    0 |    16 |      0 |      0 |    0 |          0 |
|           tile_0_0                            |                                 PE_256_877 |         96 |         96 |       0 |    0 |    16 |      0 |      0 |    0 |          0 |
|             (tile_0_0)                        |                                 PE_256_877 |          5 |          5 |       0 |    0 |    16 |      0 |      0 |    0 |          0 |
|             mac_unit                          |                                MacUnit_878 |         91 |         91 |       0 |    0 |     0 |      0 |      0 |    0 |          0 |
|         mesh_4_13                             |                                   Tile_605 |         96 |         96 |       0 |    0 |    16 |      0 |      0 |    0 |          0 |
|           tile_0_0                            |                                 PE_256_875 |         96 |         96 |       0 |    0 |    16 |      0 |      0 |    0 |          0 |
|             (tile_0_0)                        |                                 PE_256_875 |          5 |          5 |       0 |    0 |    16 |      0 |      0 |    0 |          0 |
|             mac_unit                          |                                MacUnit_876 |         91 |         91 |       0 |    0 |     0 |      0 |      0 |    0 |          0 |
|         mesh_4_14                             |                                   Tile_606 |         96 |         96 |       0 |    0 |    16 |      0 |      0 |    0 |          0 |
|           tile_0_0                            |                                 PE_256_873 |         96 |         96 |       0 |    0 |    16 |      0 |      0 |    0 |          0 |
|             (tile_0_0)                        |                                 PE_256_873 |          5 |          5 |       0 |    0 |    16 |      0 |      0 |    0 |          0 |
|             mac_unit                          |                                MacUnit_874 |         91 |         91 |       0 |    0 |     0 |      0 |      0 |    0 |          0 |
|         mesh_4_15                             |                                   Tile_607 |         96 |         96 |       0 |    0 |    16 |      0 |      0 |    0 |          0 |
|           tile_0_0                            |                                 PE_256_871 |         96 |         96 |       0 |    0 |    16 |      0 |      0 |    0 |          0 |
|             (tile_0_0)                        |                                 PE_256_871 |          5 |          5 |       0 |    0 |    16 |      0 |      0 |    0 |          0 |
|             mac_unit                          |                                MacUnit_872 |         91 |         91 |       0 |    0 |     0 |      0 |      0 |    0 |          0 |
|         mesh_4_2                              |                                   Tile_608 |         96 |         96 |       0 |    0 |    16 |      0 |      0 |    0 |          0 |
|           tile_0_0                            |                                 PE_256_869 |         96 |         96 |       0 |    0 |    16 |      0 |      0 |    0 |          0 |
|             (tile_0_0)                        |                                 PE_256_869 |          5 |          5 |       0 |    0 |    16 |      0 |      0 |    0 |          0 |
|             mac_unit                          |                                MacUnit_870 |         91 |         91 |       0 |    0 |     0 |      0 |      0 |    0 |          0 |
|         mesh_4_3                              |                                   Tile_609 |         96 |         96 |       0 |    0 |    16 |      0 |      0 |    0 |          0 |
|           tile_0_0                            |                                 PE_256_867 |         96 |         96 |       0 |    0 |    16 |      0 |      0 |    0 |          0 |
|             (tile_0_0)                        |                                 PE_256_867 |          5 |          5 |       0 |    0 |    16 |      0 |      0 |    0 |          0 |
|             mac_unit                          |                                MacUnit_868 |         91 |         91 |       0 |    0 |     0 |      0 |      0 |    0 |          0 |
|         mesh_4_4                              |                                   Tile_610 |         96 |         96 |       0 |    0 |    16 |      0 |      0 |    0 |          0 |
|           tile_0_0                            |                                 PE_256_865 |         96 |         96 |       0 |    0 |    16 |      0 |      0 |    0 |          0 |
|             (tile_0_0)                        |                                 PE_256_865 |          5 |          5 |       0 |    0 |    16 |      0 |      0 |    0 |          0 |
|             mac_unit                          |                                MacUnit_866 |         91 |         91 |       0 |    0 |     0 |      0 |      0 |    0 |          0 |
|         mesh_4_5                              |                                   Tile_611 |         96 |         96 |       0 |    0 |    16 |      0 |      0 |    0 |          0 |
|           tile_0_0                            |                                 PE_256_863 |         96 |         96 |       0 |    0 |    16 |      0 |      0 |    0 |          0 |
|             (tile_0_0)                        |                                 PE_256_863 |          5 |          5 |       0 |    0 |    16 |      0 |      0 |    0 |          0 |
|             mac_unit                          |                                MacUnit_864 |         91 |         91 |       0 |    0 |     0 |      0 |      0 |    0 |          0 |
|         mesh_4_6                              |                                   Tile_612 |         96 |         96 |       0 |    0 |    16 |      0 |      0 |    0 |          0 |
|           tile_0_0                            |                                 PE_256_861 |         96 |         96 |       0 |    0 |    16 |      0 |      0 |    0 |          0 |
|             (tile_0_0)                        |                                 PE_256_861 |          5 |          5 |       0 |    0 |    16 |      0 |      0 |    0 |          0 |
|             mac_unit                          |                                MacUnit_862 |         91 |         91 |       0 |    0 |     0 |      0 |      0 |    0 |          0 |
|         mesh_4_7                              |                                   Tile_613 |         96 |         96 |       0 |    0 |    16 |      0 |      0 |    0 |          0 |
|           tile_0_0                            |                                 PE_256_859 |         96 |         96 |       0 |    0 |    16 |      0 |      0 |    0 |          0 |
|             (tile_0_0)                        |                                 PE_256_859 |          5 |          5 |       0 |    0 |    16 |      0 |      0 |    0 |          0 |
|             mac_unit                          |                                MacUnit_860 |         91 |         91 |       0 |    0 |     0 |      0 |      0 |    0 |          0 |
|         mesh_4_8                              |                                   Tile_614 |         96 |         96 |       0 |    0 |    16 |      0 |      0 |    0 |          0 |
|           tile_0_0                            |                                 PE_256_857 |         96 |         96 |       0 |    0 |    16 |      0 |      0 |    0 |          0 |
|             (tile_0_0)                        |                                 PE_256_857 |          5 |          5 |       0 |    0 |    16 |      0 |      0 |    0 |          0 |
|             mac_unit                          |                                MacUnit_858 |         91 |         91 |       0 |    0 |     0 |      0 |      0 |    0 |          0 |
|         mesh_4_9                              |                                   Tile_615 |         96 |         96 |       0 |    0 |    16 |      0 |      0 |    0 |          0 |
|           tile_0_0                            |                                 PE_256_855 |         96 |         96 |       0 |    0 |    16 |      0 |      0 |    0 |          0 |
|             (tile_0_0)                        |                                 PE_256_855 |          5 |          5 |       0 |    0 |    16 |      0 |      0 |    0 |          0 |
|             mac_unit                          |                                MacUnit_856 |         91 |         91 |       0 |    0 |     0 |      0 |      0 |    0 |          0 |
|         mesh_5_0                              |                                   Tile_616 |         96 |         96 |       0 |    0 |    16 |      0 |      0 |    0 |          0 |
|           tile_0_0                            |                                 PE_256_853 |         96 |         96 |       0 |    0 |    16 |      0 |      0 |    0 |          0 |
|             (tile_0_0)                        |                                 PE_256_853 |          5 |          5 |       0 |    0 |    16 |      0 |      0 |    0 |          0 |
|             mac_unit                          |                                MacUnit_854 |         91 |         91 |       0 |    0 |     0 |      0 |      0 |    0 |          0 |
|         mesh_5_1                              |                                   Tile_617 |         96 |         96 |       0 |    0 |    16 |      0 |      0 |    0 |          0 |
|           tile_0_0                            |                                 PE_256_851 |         96 |         96 |       0 |    0 |    16 |      0 |      0 |    0 |          0 |
|             (tile_0_0)                        |                                 PE_256_851 |          5 |          5 |       0 |    0 |    16 |      0 |      0 |    0 |          0 |
|             mac_unit                          |                                MacUnit_852 |         91 |         91 |       0 |    0 |     0 |      0 |      0 |    0 |          0 |
|         mesh_5_10                             |                                   Tile_618 |         96 |         96 |       0 |    0 |    16 |      0 |      0 |    0 |          0 |
|           tile_0_0                            |                                 PE_256_849 |         96 |         96 |       0 |    0 |    16 |      0 |      0 |    0 |          0 |
|             (tile_0_0)                        |                                 PE_256_849 |          5 |          5 |       0 |    0 |    16 |      0 |      0 |    0 |          0 |
|             mac_unit                          |                                MacUnit_850 |         91 |         91 |       0 |    0 |     0 |      0 |      0 |    0 |          0 |
|         mesh_5_11                             |                                   Tile_619 |         96 |         96 |       0 |    0 |    16 |      0 |      0 |    0 |          0 |
|           tile_0_0                            |                                 PE_256_847 |         96 |         96 |       0 |    0 |    16 |      0 |      0 |    0 |          0 |
|             (tile_0_0)                        |                                 PE_256_847 |          5 |          5 |       0 |    0 |    16 |      0 |      0 |    0 |          0 |
|             mac_unit                          |                                MacUnit_848 |         91 |         91 |       0 |    0 |     0 |      0 |      0 |    0 |          0 |
|         mesh_5_12                             |                                   Tile_620 |         96 |         96 |       0 |    0 |    16 |      0 |      0 |    0 |          0 |
|           tile_0_0                            |                                 PE_256_845 |         96 |         96 |       0 |    0 |    16 |      0 |      0 |    0 |          0 |
|             (tile_0_0)                        |                                 PE_256_845 |          6 |          6 |       0 |    0 |    16 |      0 |      0 |    0 |          0 |
|             mac_unit                          |                                MacUnit_846 |         91 |         91 |       0 |    0 |     0 |      0 |      0 |    0 |          0 |
|         mesh_5_13                             |                                   Tile_621 |         96 |         96 |       0 |    0 |    16 |      0 |      0 |    0 |          0 |
|           tile_0_0                            |                                 PE_256_843 |         96 |         96 |       0 |    0 |    16 |      0 |      0 |    0 |          0 |
|             (tile_0_0)                        |                                 PE_256_843 |          5 |          5 |       0 |    0 |    16 |      0 |      0 |    0 |          0 |
|             mac_unit                          |                                MacUnit_844 |         91 |         91 |       0 |    0 |     0 |      0 |      0 |    0 |          0 |
|         mesh_5_14                             |                                   Tile_622 |         96 |         96 |       0 |    0 |    16 |      0 |      0 |    0 |          0 |
|           tile_0_0                            |                                 PE_256_841 |         96 |         96 |       0 |    0 |    16 |      0 |      0 |    0 |          0 |
|             (tile_0_0)                        |                                 PE_256_841 |          5 |          5 |       0 |    0 |    16 |      0 |      0 |    0 |          0 |
|             mac_unit                          |                                MacUnit_842 |         91 |         91 |       0 |    0 |     0 |      0 |      0 |    0 |          0 |
|         mesh_5_15                             |                                   Tile_623 |         96 |         96 |       0 |    0 |    16 |      0 |      0 |    0 |          0 |
|           tile_0_0                            |                                 PE_256_839 |         96 |         96 |       0 |    0 |    16 |      0 |      0 |    0 |          0 |
|             (tile_0_0)                        |                                 PE_256_839 |          5 |          5 |       0 |    0 |    16 |      0 |      0 |    0 |          0 |
|             mac_unit                          |                                MacUnit_840 |         91 |         91 |       0 |    0 |     0 |      0 |      0 |    0 |          0 |
|         mesh_5_2                              |                                   Tile_624 |         96 |         96 |       0 |    0 |    16 |      0 |      0 |    0 |          0 |
|           tile_0_0                            |                                 PE_256_837 |         96 |         96 |       0 |    0 |    16 |      0 |      0 |    0 |          0 |
|             (tile_0_0)                        |                                 PE_256_837 |          5 |          5 |       0 |    0 |    16 |      0 |      0 |    0 |          0 |
|             mac_unit                          |                                MacUnit_838 |         91 |         91 |       0 |    0 |     0 |      0 |      0 |    0 |          0 |
|         mesh_5_3                              |                                   Tile_625 |         96 |         96 |       0 |    0 |    16 |      0 |      0 |    0 |          0 |
|           tile_0_0                            |                                 PE_256_835 |         96 |         96 |       0 |    0 |    16 |      0 |      0 |    0 |          0 |
|             (tile_0_0)                        |                                 PE_256_835 |          5 |          5 |       0 |    0 |    16 |      0 |      0 |    0 |          0 |
|             mac_unit                          |                                MacUnit_836 |         91 |         91 |       0 |    0 |     0 |      0 |      0 |    0 |          0 |
|         mesh_5_4                              |                                   Tile_626 |         96 |         96 |       0 |    0 |    16 |      0 |      0 |    0 |          0 |
|           tile_0_0                            |                                 PE_256_833 |         96 |         96 |       0 |    0 |    16 |      0 |      0 |    0 |          0 |
|             (tile_0_0)                        |                                 PE_256_833 |          5 |          5 |       0 |    0 |    16 |      0 |      0 |    0 |          0 |
|             mac_unit                          |                                MacUnit_834 |         91 |         91 |       0 |    0 |     0 |      0 |      0 |    0 |          0 |
|         mesh_5_5                              |                                   Tile_627 |         96 |         96 |       0 |    0 |    16 |      0 |      0 |    0 |          0 |
|           tile_0_0                            |                                 PE_256_831 |         96 |         96 |       0 |    0 |    16 |      0 |      0 |    0 |          0 |
|             (tile_0_0)                        |                                 PE_256_831 |          5 |          5 |       0 |    0 |    16 |      0 |      0 |    0 |          0 |
|             mac_unit                          |                                MacUnit_832 |         91 |         91 |       0 |    0 |     0 |      0 |      0 |    0 |          0 |
|         mesh_5_6                              |                                   Tile_628 |         96 |         96 |       0 |    0 |    16 |      0 |      0 |    0 |          0 |
|           tile_0_0                            |                                 PE_256_829 |         96 |         96 |       0 |    0 |    16 |      0 |      0 |    0 |          0 |
|             (tile_0_0)                        |                                 PE_256_829 |          5 |          5 |       0 |    0 |    16 |      0 |      0 |    0 |          0 |
|             mac_unit                          |                                MacUnit_830 |         91 |         91 |       0 |    0 |     0 |      0 |      0 |    0 |          0 |
|         mesh_5_7                              |                                   Tile_629 |         96 |         96 |       0 |    0 |    16 |      0 |      0 |    0 |          0 |
|           tile_0_0                            |                                 PE_256_827 |         96 |         96 |       0 |    0 |    16 |      0 |      0 |    0 |          0 |
|             (tile_0_0)                        |                                 PE_256_827 |          5 |          5 |       0 |    0 |    16 |      0 |      0 |    0 |          0 |
|             mac_unit                          |                                MacUnit_828 |         91 |         91 |       0 |    0 |     0 |      0 |      0 |    0 |          0 |
|         mesh_5_8                              |                                   Tile_630 |         96 |         96 |       0 |    0 |    16 |      0 |      0 |    0 |          0 |
|           tile_0_0                            |                                 PE_256_825 |         96 |         96 |       0 |    0 |    16 |      0 |      0 |    0 |          0 |
|             (tile_0_0)                        |                                 PE_256_825 |          5 |          5 |       0 |    0 |    16 |      0 |      0 |    0 |          0 |
|             mac_unit                          |                                MacUnit_826 |         91 |         91 |       0 |    0 |     0 |      0 |      0 |    0 |          0 |
|         mesh_5_9                              |                                   Tile_631 |         97 |         97 |       0 |    0 |    16 |      0 |      0 |    0 |          0 |
|           tile_0_0                            |                                 PE_256_823 |         97 |         97 |       0 |    0 |    16 |      0 |      0 |    0 |          0 |
|             (tile_0_0)                        |                                 PE_256_823 |          6 |          6 |       0 |    0 |    16 |      0 |      0 |    0 |          0 |
|             mac_unit                          |                                MacUnit_824 |         91 |         91 |       0 |    0 |     0 |      0 |      0 |    0 |          0 |
|         mesh_6_0                              |                                   Tile_632 |         96 |         96 |       0 |    0 |    16 |      0 |      0 |    0 |          0 |
|           tile_0_0                            |                                 PE_256_821 |         96 |         96 |       0 |    0 |    16 |      0 |      0 |    0 |          0 |
|             (tile_0_0)                        |                                 PE_256_821 |          5 |          5 |       0 |    0 |    16 |      0 |      0 |    0 |          0 |
|             mac_unit                          |                                MacUnit_822 |         91 |         91 |       0 |    0 |     0 |      0 |      0 |    0 |          0 |
|         mesh_6_1                              |                                   Tile_633 |         96 |         96 |       0 |    0 |    16 |      0 |      0 |    0 |          0 |
|           tile_0_0                            |                                 PE_256_819 |         96 |         96 |       0 |    0 |    16 |      0 |      0 |    0 |          0 |
|             (tile_0_0)                        |                                 PE_256_819 |          5 |          5 |       0 |    0 |    16 |      0 |      0 |    0 |          0 |
|             mac_unit                          |                                MacUnit_820 |         91 |         91 |       0 |    0 |     0 |      0 |      0 |    0 |          0 |
|         mesh_6_10                             |                                   Tile_634 |         96 |         96 |       0 |    0 |    16 |      0 |      0 |    0 |          0 |
|           tile_0_0                            |                                 PE_256_817 |         96 |         96 |       0 |    0 |    16 |      0 |      0 |    0 |          0 |
|             (tile_0_0)                        |                                 PE_256_817 |          5 |          5 |       0 |    0 |    16 |      0 |      0 |    0 |          0 |
|             mac_unit                          |                                MacUnit_818 |         91 |         91 |       0 |    0 |     0 |      0 |      0 |    0 |          0 |
|         mesh_6_11                             |                                   Tile_635 |         96 |         96 |       0 |    0 |    16 |      0 |      0 |    0 |          0 |
|           tile_0_0                            |                                 PE_256_815 |         96 |         96 |       0 |    0 |    16 |      0 |      0 |    0 |          0 |
|             (tile_0_0)                        |                                 PE_256_815 |          5 |          5 |       0 |    0 |    16 |      0 |      0 |    0 |          0 |
|             mac_unit                          |                                MacUnit_816 |         91 |         91 |       0 |    0 |     0 |      0 |      0 |    0 |          0 |
|         mesh_6_12                             |                                   Tile_636 |         96 |         96 |       0 |    0 |    16 |      0 |      0 |    0 |          0 |
|           tile_0_0                            |                                 PE_256_813 |         96 |         96 |       0 |    0 |    16 |      0 |      0 |    0 |          0 |
|             (tile_0_0)                        |                                 PE_256_813 |          5 |          5 |       0 |    0 |    16 |      0 |      0 |    0 |          0 |
|             mac_unit                          |                                MacUnit_814 |         91 |         91 |       0 |    0 |     0 |      0 |      0 |    0 |          0 |
|         mesh_6_13                             |                                   Tile_637 |         96 |         96 |       0 |    0 |    16 |      0 |      0 |    0 |          0 |
|           tile_0_0                            |                                 PE_256_811 |         96 |         96 |       0 |    0 |    16 |      0 |      0 |    0 |          0 |
|             (tile_0_0)                        |                                 PE_256_811 |          5 |          5 |       0 |    0 |    16 |      0 |      0 |    0 |          0 |
|             mac_unit                          |                                MacUnit_812 |         91 |         91 |       0 |    0 |     0 |      0 |      0 |    0 |          0 |
|         mesh_6_14                             |                                   Tile_638 |         96 |         96 |       0 |    0 |    16 |      0 |      0 |    0 |          0 |
|           tile_0_0                            |                                 PE_256_809 |         96 |         96 |       0 |    0 |    16 |      0 |      0 |    0 |          0 |
|             (tile_0_0)                        |                                 PE_256_809 |          5 |          5 |       0 |    0 |    16 |      0 |      0 |    0 |          0 |
|             mac_unit                          |                                MacUnit_810 |         91 |         91 |       0 |    0 |     0 |      0 |      0 |    0 |          0 |
|         mesh_6_15                             |                                   Tile_639 |         96 |         96 |       0 |    0 |    16 |      0 |      0 |    0 |          0 |
|           tile_0_0                            |                                 PE_256_807 |         96 |         96 |       0 |    0 |    16 |      0 |      0 |    0 |          0 |
|             (tile_0_0)                        |                                 PE_256_807 |          5 |          5 |       0 |    0 |    16 |      0 |      0 |    0 |          0 |
|             mac_unit                          |                                MacUnit_808 |         91 |         91 |       0 |    0 |     0 |      0 |      0 |    0 |          0 |
|         mesh_6_2                              |                                   Tile_640 |         96 |         96 |       0 |    0 |    16 |      0 |      0 |    0 |          0 |
|           tile_0_0                            |                                 PE_256_805 |         96 |         96 |       0 |    0 |    16 |      0 |      0 |    0 |          0 |
|             (tile_0_0)                        |                                 PE_256_805 |          5 |          5 |       0 |    0 |    16 |      0 |      0 |    0 |          0 |
|             mac_unit                          |                                MacUnit_806 |         91 |         91 |       0 |    0 |     0 |      0 |      0 |    0 |          0 |
|         mesh_6_3                              |                                   Tile_641 |         96 |         96 |       0 |    0 |    16 |      0 |      0 |    0 |          0 |
|           tile_0_0                            |                                 PE_256_803 |         96 |         96 |       0 |    0 |    16 |      0 |      0 |    0 |          0 |
|             (tile_0_0)                        |                                 PE_256_803 |          5 |          5 |       0 |    0 |    16 |      0 |      0 |    0 |          0 |
|             mac_unit                          |                                MacUnit_804 |         91 |         91 |       0 |    0 |     0 |      0 |      0 |    0 |          0 |
|         mesh_6_4                              |                                   Tile_642 |         96 |         96 |       0 |    0 |    16 |      0 |      0 |    0 |          0 |
|           tile_0_0                            |                                 PE_256_801 |         96 |         96 |       0 |    0 |    16 |      0 |      0 |    0 |          0 |
|             (tile_0_0)                        |                                 PE_256_801 |          5 |          5 |       0 |    0 |    16 |      0 |      0 |    0 |          0 |
|             mac_unit                          |                                MacUnit_802 |         91 |         91 |       0 |    0 |     0 |      0 |      0 |    0 |          0 |
|         mesh_6_5                              |                                   Tile_643 |         96 |         96 |       0 |    0 |    16 |      0 |      0 |    0 |          0 |
|           tile_0_0                            |                                 PE_256_799 |         96 |         96 |       0 |    0 |    16 |      0 |      0 |    0 |          0 |
|             (tile_0_0)                        |                                 PE_256_799 |          5 |          5 |       0 |    0 |    16 |      0 |      0 |    0 |          0 |
|             mac_unit                          |                                MacUnit_800 |         91 |         91 |       0 |    0 |     0 |      0 |      0 |    0 |          0 |
|         mesh_6_6                              |                                   Tile_644 |         96 |         96 |       0 |    0 |    16 |      0 |      0 |    0 |          0 |
|           tile_0_0                            |                                 PE_256_797 |         96 |         96 |       0 |    0 |    16 |      0 |      0 |    0 |          0 |
|             (tile_0_0)                        |                                 PE_256_797 |          5 |          5 |       0 |    0 |    16 |      0 |      0 |    0 |          0 |
|             mac_unit                          |                                MacUnit_798 |         91 |         91 |       0 |    0 |     0 |      0 |      0 |    0 |          0 |
|         mesh_6_7                              |                                   Tile_645 |         96 |         96 |       0 |    0 |    16 |      0 |      0 |    0 |          0 |
|           tile_0_0                            |                                 PE_256_795 |         96 |         96 |       0 |    0 |    16 |      0 |      0 |    0 |          0 |
|             (tile_0_0)                        |                                 PE_256_795 |          5 |          5 |       0 |    0 |    16 |      0 |      0 |    0 |          0 |
|             mac_unit                          |                                MacUnit_796 |         91 |         91 |       0 |    0 |     0 |      0 |      0 |    0 |          0 |
|         mesh_6_8                              |                                   Tile_646 |         96 |         96 |       0 |    0 |    16 |      0 |      0 |    0 |          0 |
|           tile_0_0                            |                                 PE_256_793 |         96 |         96 |       0 |    0 |    16 |      0 |      0 |    0 |          0 |
|             (tile_0_0)                        |                                 PE_256_793 |          5 |          5 |       0 |    0 |    16 |      0 |      0 |    0 |          0 |
|             mac_unit                          |                                MacUnit_794 |         91 |         91 |       0 |    0 |     0 |      0 |      0 |    0 |          0 |
|         mesh_6_9                              |                                   Tile_647 |         96 |         96 |       0 |    0 |    16 |      0 |      0 |    0 |          0 |
|           tile_0_0                            |                                 PE_256_791 |         96 |         96 |       0 |    0 |    16 |      0 |      0 |    0 |          0 |
|             (tile_0_0)                        |                                 PE_256_791 |          5 |          5 |       0 |    0 |    16 |      0 |      0 |    0 |          0 |
|             mac_unit                          |                                MacUnit_792 |         91 |         91 |       0 |    0 |     0 |      0 |      0 |    0 |          0 |
|         mesh_7_0                              |                                   Tile_648 |         96 |         96 |       0 |    0 |    16 |      0 |      0 |    0 |          0 |
|           tile_0_0                            |                                 PE_256_789 |         96 |         96 |       0 |    0 |    16 |      0 |      0 |    0 |          0 |
|             (tile_0_0)                        |                                 PE_256_789 |          5 |          5 |       0 |    0 |    16 |      0 |      0 |    0 |          0 |
|             mac_unit                          |                                MacUnit_790 |         91 |         91 |       0 |    0 |     0 |      0 |      0 |    0 |          0 |
|         mesh_7_1                              |                                   Tile_649 |         96 |         96 |       0 |    0 |    16 |      0 |      0 |    0 |          0 |
|           tile_0_0                            |                                 PE_256_787 |         96 |         96 |       0 |    0 |    16 |      0 |      0 |    0 |          0 |
|             (tile_0_0)                        |                                 PE_256_787 |          5 |          5 |       0 |    0 |    16 |      0 |      0 |    0 |          0 |
|             mac_unit                          |                                MacUnit_788 |         91 |         91 |       0 |    0 |     0 |      0 |      0 |    0 |          0 |
|         mesh_7_10                             |                                   Tile_650 |         97 |         97 |       0 |    0 |    16 |      0 |      0 |    0 |          0 |
|           tile_0_0                            |                                 PE_256_785 |         97 |         97 |       0 |    0 |    16 |      0 |      0 |    0 |          0 |
|             (tile_0_0)                        |                                 PE_256_785 |          6 |          6 |       0 |    0 |    16 |      0 |      0 |    0 |          0 |
|             mac_unit                          |                                MacUnit_786 |         91 |         91 |       0 |    0 |     0 |      0 |      0 |    0 |          0 |
|         mesh_7_11                             |                                   Tile_651 |         96 |         96 |       0 |    0 |    16 |      0 |      0 |    0 |          0 |
|           tile_0_0                            |                                 PE_256_783 |         96 |         96 |       0 |    0 |    16 |      0 |      0 |    0 |          0 |
|             (tile_0_0)                        |                                 PE_256_783 |          5 |          5 |       0 |    0 |    16 |      0 |      0 |    0 |          0 |
|             mac_unit                          |                                MacUnit_784 |         91 |         91 |       0 |    0 |     0 |      0 |      0 |    0 |          0 |
|         mesh_7_12                             |                                   Tile_652 |         96 |         96 |       0 |    0 |    16 |      0 |      0 |    0 |          0 |
|           tile_0_0                            |                                 PE_256_781 |         96 |         96 |       0 |    0 |    16 |      0 |      0 |    0 |          0 |
|             (tile_0_0)                        |                                 PE_256_781 |          5 |          5 |       0 |    0 |    16 |      0 |      0 |    0 |          0 |
|             mac_unit                          |                                MacUnit_782 |         91 |         91 |       0 |    0 |     0 |      0 |      0 |    0 |          0 |
|         mesh_7_13                             |                                   Tile_653 |         96 |         96 |       0 |    0 |    16 |      0 |      0 |    0 |          0 |
|           tile_0_0                            |                                 PE_256_779 |         96 |         96 |       0 |    0 |    16 |      0 |      0 |    0 |          0 |
|             (tile_0_0)                        |                                 PE_256_779 |          5 |          5 |       0 |    0 |    16 |      0 |      0 |    0 |          0 |
|             mac_unit                          |                                MacUnit_780 |         91 |         91 |       0 |    0 |     0 |      0 |      0 |    0 |          0 |
|         mesh_7_14                             |                                   Tile_654 |         96 |         96 |       0 |    0 |    16 |      0 |      0 |    0 |          0 |
|           tile_0_0                            |                                 PE_256_777 |         96 |         96 |       0 |    0 |    16 |      0 |      0 |    0 |          0 |
|             (tile_0_0)                        |                                 PE_256_777 |          5 |          5 |       0 |    0 |    16 |      0 |      0 |    0 |          0 |
|             mac_unit                          |                                MacUnit_778 |         91 |         91 |       0 |    0 |     0 |      0 |      0 |    0 |          0 |
|         mesh_7_15                             |                                   Tile_655 |         96 |         96 |       0 |    0 |    16 |      0 |      0 |    0 |          0 |
|           tile_0_0                            |                                 PE_256_775 |         96 |         96 |       0 |    0 |    16 |      0 |      0 |    0 |          0 |
|             (tile_0_0)                        |                                 PE_256_775 |          5 |          5 |       0 |    0 |    16 |      0 |      0 |    0 |          0 |
|             mac_unit                          |                                MacUnit_776 |         91 |         91 |       0 |    0 |     0 |      0 |      0 |    0 |          0 |
|         mesh_7_2                              |                                   Tile_656 |         96 |         96 |       0 |    0 |    16 |      0 |      0 |    0 |          0 |
|           tile_0_0                            |                                 PE_256_773 |         96 |         96 |       0 |    0 |    16 |      0 |      0 |    0 |          0 |
|             (tile_0_0)                        |                                 PE_256_773 |          5 |          5 |       0 |    0 |    16 |      0 |      0 |    0 |          0 |
|             mac_unit                          |                                MacUnit_774 |         91 |         91 |       0 |    0 |     0 |      0 |      0 |    0 |          0 |
|         mesh_7_3                              |                                   Tile_657 |         96 |         96 |       0 |    0 |    16 |      0 |      0 |    0 |          0 |
|           tile_0_0                            |                                 PE_256_771 |         96 |         96 |       0 |    0 |    16 |      0 |      0 |    0 |          0 |
|             (tile_0_0)                        |                                 PE_256_771 |          5 |          5 |       0 |    0 |    16 |      0 |      0 |    0 |          0 |
|             mac_unit                          |                                MacUnit_772 |         91 |         91 |       0 |    0 |     0 |      0 |      0 |    0 |          0 |
|         mesh_7_4                              |                                   Tile_658 |         96 |         96 |       0 |    0 |    16 |      0 |      0 |    0 |          0 |
|           tile_0_0                            |                                 PE_256_769 |         96 |         96 |       0 |    0 |    16 |      0 |      0 |    0 |          0 |
|             (tile_0_0)                        |                                 PE_256_769 |          5 |          5 |       0 |    0 |    16 |      0 |      0 |    0 |          0 |
|             mac_unit                          |                                MacUnit_770 |         91 |         91 |       0 |    0 |     0 |      0 |      0 |    0 |          0 |
|         mesh_7_5                              |                                   Tile_659 |         96 |         96 |       0 |    0 |    16 |      0 |      0 |    0 |          0 |
|           tile_0_0                            |                                 PE_256_767 |         96 |         96 |       0 |    0 |    16 |      0 |      0 |    0 |          0 |
|             (tile_0_0)                        |                                 PE_256_767 |          5 |          5 |       0 |    0 |    16 |      0 |      0 |    0 |          0 |
|             mac_unit                          |                                MacUnit_768 |         91 |         91 |       0 |    0 |     0 |      0 |      0 |    0 |          0 |
|         mesh_7_6                              |                                   Tile_660 |         96 |         96 |       0 |    0 |    16 |      0 |      0 |    0 |          0 |
|           tile_0_0                            |                                 PE_256_765 |         96 |         96 |       0 |    0 |    16 |      0 |      0 |    0 |          0 |
|             (tile_0_0)                        |                                 PE_256_765 |          5 |          5 |       0 |    0 |    16 |      0 |      0 |    0 |          0 |
|             mac_unit                          |                                MacUnit_766 |         91 |         91 |       0 |    0 |     0 |      0 |      0 |    0 |          0 |
|         mesh_7_7                              |                                   Tile_661 |         96 |         96 |       0 |    0 |    16 |      0 |      0 |    0 |          0 |
|           tile_0_0                            |                                 PE_256_763 |         96 |         96 |       0 |    0 |    16 |      0 |      0 |    0 |          0 |
|             (tile_0_0)                        |                                 PE_256_763 |          5 |          5 |       0 |    0 |    16 |      0 |      0 |    0 |          0 |
|             mac_unit                          |                                MacUnit_764 |         91 |         91 |       0 |    0 |     0 |      0 |      0 |    0 |          0 |
|         mesh_7_8                              |                                   Tile_662 |         96 |         96 |       0 |    0 |    16 |      0 |      0 |    0 |          0 |
|           tile_0_0                            |                                 PE_256_761 |         96 |         96 |       0 |    0 |    16 |      0 |      0 |    0 |          0 |
|             (tile_0_0)                        |                                 PE_256_761 |          6 |          6 |       0 |    0 |    16 |      0 |      0 |    0 |          0 |
|             mac_unit                          |                                MacUnit_762 |         91 |         91 |       0 |    0 |     0 |      0 |      0 |    0 |          0 |
|         mesh_7_9                              |                                   Tile_663 |         96 |         96 |       0 |    0 |    16 |      0 |      0 |    0 |          0 |
|           tile_0_0                            |                                 PE_256_759 |         96 |         96 |       0 |    0 |    16 |      0 |      0 |    0 |          0 |
|             (tile_0_0)                        |                                 PE_256_759 |          5 |          5 |       0 |    0 |    16 |      0 |      0 |    0 |          0 |
|             mac_unit                          |                                MacUnit_760 |         91 |         91 |       0 |    0 |     0 |      0 |      0 |    0 |          0 |
|         mesh_8_0                              |                                   Tile_664 |         96 |         96 |       0 |    0 |    16 |      0 |      0 |    0 |          0 |
|           tile_0_0                            |                                 PE_256_757 |         96 |         96 |       0 |    0 |    16 |      0 |      0 |    0 |          0 |
|             (tile_0_0)                        |                                 PE_256_757 |          5 |          5 |       0 |    0 |    16 |      0 |      0 |    0 |          0 |
|             mac_unit                          |                                MacUnit_758 |         91 |         91 |       0 |    0 |     0 |      0 |      0 |    0 |          0 |
|         mesh_8_1                              |                                   Tile_665 |         96 |         96 |       0 |    0 |    16 |      0 |      0 |    0 |          0 |
|           tile_0_0                            |                                 PE_256_755 |         96 |         96 |       0 |    0 |    16 |      0 |      0 |    0 |          0 |
|             (tile_0_0)                        |                                 PE_256_755 |          5 |          5 |       0 |    0 |    16 |      0 |      0 |    0 |          0 |
|             mac_unit                          |                                MacUnit_756 |         91 |         91 |       0 |    0 |     0 |      0 |      0 |    0 |          0 |
|         mesh_8_10                             |                                   Tile_666 |         96 |         96 |       0 |    0 |    16 |      0 |      0 |    0 |          0 |
|           tile_0_0                            |                                 PE_256_753 |         96 |         96 |       0 |    0 |    16 |      0 |      0 |    0 |          0 |
|             (tile_0_0)                        |                                 PE_256_753 |          5 |          5 |       0 |    0 |    16 |      0 |      0 |    0 |          0 |
|             mac_unit                          |                                MacUnit_754 |         91 |         91 |       0 |    0 |     0 |      0 |      0 |    0 |          0 |
|         mesh_8_11                             |                                   Tile_667 |         97 |         97 |       0 |    0 |    16 |      0 |      0 |    0 |          0 |
|           tile_0_0                            |                                 PE_256_751 |         97 |         97 |       0 |    0 |    16 |      0 |      0 |    0 |          0 |
|             (tile_0_0)                        |                                 PE_256_751 |          6 |          6 |       0 |    0 |    16 |      0 |      0 |    0 |          0 |
|             mac_unit                          |                                MacUnit_752 |         91 |         91 |       0 |    0 |     0 |      0 |      0 |    0 |          0 |
|         mesh_8_12                             |                                   Tile_668 |         96 |         96 |       0 |    0 |    16 |      0 |      0 |    0 |          0 |
|           tile_0_0                            |                                 PE_256_749 |         96 |         96 |       0 |    0 |    16 |      0 |      0 |    0 |          0 |
|             (tile_0_0)                        |                                 PE_256_749 |          5 |          5 |       0 |    0 |    16 |      0 |      0 |    0 |          0 |
|             mac_unit                          |                                MacUnit_750 |         91 |         91 |       0 |    0 |     0 |      0 |      0 |    0 |          0 |
|         mesh_8_13                             |                                   Tile_669 |         96 |         96 |       0 |    0 |    16 |      0 |      0 |    0 |          0 |
|           tile_0_0                            |                                 PE_256_747 |         96 |         96 |       0 |    0 |    16 |      0 |      0 |    0 |          0 |
|             (tile_0_0)                        |                                 PE_256_747 |          5 |          5 |       0 |    0 |    16 |      0 |      0 |    0 |          0 |
|             mac_unit                          |                                MacUnit_748 |         91 |         91 |       0 |    0 |     0 |      0 |      0 |    0 |          0 |
|         mesh_8_14                             |                                   Tile_670 |         96 |         96 |       0 |    0 |    16 |      0 |      0 |    0 |          0 |
|           tile_0_0                            |                                 PE_256_745 |         96 |         96 |       0 |    0 |    16 |      0 |      0 |    0 |          0 |
|             (tile_0_0)                        |                                 PE_256_745 |          5 |          5 |       0 |    0 |    16 |      0 |      0 |    0 |          0 |
|             mac_unit                          |                                MacUnit_746 |         91 |         91 |       0 |    0 |     0 |      0 |      0 |    0 |          0 |
|         mesh_8_15                             |                                   Tile_671 |         96 |         96 |       0 |    0 |    16 |      0 |      0 |    0 |          0 |
|           tile_0_0                            |                                 PE_256_743 |         96 |         96 |       0 |    0 |    16 |      0 |      0 |    0 |          0 |
|             (tile_0_0)                        |                                 PE_256_743 |          5 |          5 |       0 |    0 |    16 |      0 |      0 |    0 |          0 |
|             mac_unit                          |                                MacUnit_744 |         91 |         91 |       0 |    0 |     0 |      0 |      0 |    0 |          0 |
|         mesh_8_2                              |                                   Tile_672 |         96 |         96 |       0 |    0 |    16 |      0 |      0 |    0 |          0 |
|           tile_0_0                            |                                 PE_256_741 |         96 |         96 |       0 |    0 |    16 |      0 |      0 |    0 |          0 |
|             (tile_0_0)                        |                                 PE_256_741 |          5 |          5 |       0 |    0 |    16 |      0 |      0 |    0 |          0 |
|             mac_unit                          |                                MacUnit_742 |         91 |         91 |       0 |    0 |     0 |      0 |      0 |    0 |          0 |
|         mesh_8_3                              |                                   Tile_673 |         96 |         96 |       0 |    0 |    16 |      0 |      0 |    0 |          0 |
|           tile_0_0                            |                                 PE_256_739 |         96 |         96 |       0 |    0 |    16 |      0 |      0 |    0 |          0 |
|             (tile_0_0)                        |                                 PE_256_739 |          5 |          5 |       0 |    0 |    16 |      0 |      0 |    0 |          0 |
|             mac_unit                          |                                MacUnit_740 |         91 |         91 |       0 |    0 |     0 |      0 |      0 |    0 |          0 |
|         mesh_8_4                              |                                   Tile_674 |         96 |         96 |       0 |    0 |    16 |      0 |      0 |    0 |          0 |
|           tile_0_0                            |                                 PE_256_737 |         96 |         96 |       0 |    0 |    16 |      0 |      0 |    0 |          0 |
|             (tile_0_0)                        |                                 PE_256_737 |          5 |          5 |       0 |    0 |    16 |      0 |      0 |    0 |          0 |
|             mac_unit                          |                                MacUnit_738 |         91 |         91 |       0 |    0 |     0 |      0 |      0 |    0 |          0 |
|         mesh_8_5                              |                                   Tile_675 |         96 |         96 |       0 |    0 |    16 |      0 |      0 |    0 |          0 |
|           tile_0_0                            |                                 PE_256_735 |         96 |         96 |       0 |    0 |    16 |      0 |      0 |    0 |          0 |
|             (tile_0_0)                        |                                 PE_256_735 |          5 |          5 |       0 |    0 |    16 |      0 |      0 |    0 |          0 |
|             mac_unit                          |                                MacUnit_736 |         91 |         91 |       0 |    0 |     0 |      0 |      0 |    0 |          0 |
|         mesh_8_6                              |                                   Tile_676 |         96 |         96 |       0 |    0 |    16 |      0 |      0 |    0 |          0 |
|           tile_0_0                            |                                 PE_256_733 |         96 |         96 |       0 |    0 |    16 |      0 |      0 |    0 |          0 |
|             (tile_0_0)                        |                                 PE_256_733 |          5 |          5 |       0 |    0 |    16 |      0 |      0 |    0 |          0 |
|             mac_unit                          |                                MacUnit_734 |         91 |         91 |       0 |    0 |     0 |      0 |      0 |    0 |          0 |
|         mesh_8_7                              |                                   Tile_677 |         96 |         96 |       0 |    0 |    16 |      0 |      0 |    0 |          0 |
|           tile_0_0                            |                                 PE_256_731 |         96 |         96 |       0 |    0 |    16 |      0 |      0 |    0 |          0 |
|             (tile_0_0)                        |                                 PE_256_731 |          5 |          5 |       0 |    0 |    16 |      0 |      0 |    0 |          0 |
|             mac_unit                          |                                MacUnit_732 |         91 |         91 |       0 |    0 |     0 |      0 |      0 |    0 |          0 |
|         mesh_8_8                              |                                   Tile_678 |         96 |         96 |       0 |    0 |    16 |      0 |      0 |    0 |          0 |
|           tile_0_0                            |                                 PE_256_729 |         96 |         96 |       0 |    0 |    16 |      0 |      0 |    0 |          0 |
|             (tile_0_0)                        |                                 PE_256_729 |          5 |          5 |       0 |    0 |    16 |      0 |      0 |    0 |          0 |
|             mac_unit                          |                                MacUnit_730 |         91 |         91 |       0 |    0 |     0 |      0 |      0 |    0 |          0 |
|         mesh_8_9                              |                                   Tile_679 |         96 |         96 |       0 |    0 |    16 |      0 |      0 |    0 |          0 |
|           tile_0_0                            |                                 PE_256_727 |         96 |         96 |       0 |    0 |    16 |      0 |      0 |    0 |          0 |
|             (tile_0_0)                        |                                 PE_256_727 |          5 |          5 |       0 |    0 |    16 |      0 |      0 |    0 |          0 |
|             mac_unit                          |                                MacUnit_728 |         91 |         91 |       0 |    0 |     0 |      0 |      0 |    0 |          0 |
|         mesh_9_0                              |                                   Tile_680 |         96 |         96 |       0 |    0 |    16 |      0 |      0 |    0 |          0 |
|           tile_0_0                            |                                 PE_256_725 |         96 |         96 |       0 |    0 |    16 |      0 |      0 |    0 |          0 |
|             (tile_0_0)                        |                                 PE_256_725 |          5 |          5 |       0 |    0 |    16 |      0 |      0 |    0 |          0 |
|             mac_unit                          |                                MacUnit_726 |         91 |         91 |       0 |    0 |     0 |      0 |      0 |    0 |          0 |
|         mesh_9_1                              |                                   Tile_681 |         96 |         96 |       0 |    0 |    16 |      0 |      0 |    0 |          0 |
|           tile_0_0                            |                                 PE_256_723 |         96 |         96 |       0 |    0 |    16 |      0 |      0 |    0 |          0 |
|             (tile_0_0)                        |                                 PE_256_723 |          5 |          5 |       0 |    0 |    16 |      0 |      0 |    0 |          0 |
|             mac_unit                          |                                MacUnit_724 |         91 |         91 |       0 |    0 |     0 |      0 |      0 |    0 |          0 |
|         mesh_9_10                             |                                   Tile_682 |         96 |         96 |       0 |    0 |    16 |      0 |      0 |    0 |          0 |
|           tile_0_0                            |                                 PE_256_721 |         96 |         96 |       0 |    0 |    16 |      0 |      0 |    0 |          0 |
|             (tile_0_0)                        |                                 PE_256_721 |          5 |          5 |       0 |    0 |    16 |      0 |      0 |    0 |          0 |
|             mac_unit                          |                                MacUnit_722 |         91 |         91 |       0 |    0 |     0 |      0 |      0 |    0 |          0 |
|         mesh_9_11                             |                                   Tile_683 |         96 |         96 |       0 |    0 |    16 |      0 |      0 |    0 |          0 |
|           tile_0_0                            |                                 PE_256_719 |         96 |         96 |       0 |    0 |    16 |      0 |      0 |    0 |          0 |
|             (tile_0_0)                        |                                 PE_256_719 |          5 |          5 |       0 |    0 |    16 |      0 |      0 |    0 |          0 |
|             mac_unit                          |                                MacUnit_720 |         91 |         91 |       0 |    0 |     0 |      0 |      0 |    0 |          0 |
|         mesh_9_12                             |                                   Tile_684 |         96 |         96 |       0 |    0 |    16 |      0 |      0 |    0 |          0 |
|           tile_0_0                            |                                 PE_256_717 |         96 |         96 |       0 |    0 |    16 |      0 |      0 |    0 |          0 |
|             (tile_0_0)                        |                                 PE_256_717 |          5 |          5 |       0 |    0 |    16 |      0 |      0 |    0 |          0 |
|             mac_unit                          |                                MacUnit_718 |         91 |         91 |       0 |    0 |     0 |      0 |      0 |    0 |          0 |
|         mesh_9_13                             |                                   Tile_685 |         96 |         96 |       0 |    0 |    16 |      0 |      0 |    0 |          0 |
|           tile_0_0                            |                                 PE_256_715 |         96 |         96 |       0 |    0 |    16 |      0 |      0 |    0 |          0 |
|             (tile_0_0)                        |                                 PE_256_715 |          5 |          5 |       0 |    0 |    16 |      0 |      0 |    0 |          0 |
|             mac_unit                          |                                MacUnit_716 |         91 |         91 |       0 |    0 |     0 |      0 |      0 |    0 |          0 |
|         mesh_9_14                             |                                   Tile_686 |         96 |         96 |       0 |    0 |    16 |      0 |      0 |    0 |          0 |
|           tile_0_0                            |                                 PE_256_713 |         96 |         96 |       0 |    0 |    16 |      0 |      0 |    0 |          0 |
|             (tile_0_0)                        |                                 PE_256_713 |          5 |          5 |       0 |    0 |    16 |      0 |      0 |    0 |          0 |
|             mac_unit                          |                                MacUnit_714 |         91 |         91 |       0 |    0 |     0 |      0 |      0 |    0 |          0 |
|         mesh_9_15                             |                                   Tile_687 |         96 |         96 |       0 |    0 |    16 |      0 |      0 |    0 |          0 |
|           tile_0_0                            |                                 PE_256_711 |         96 |         96 |       0 |    0 |    16 |      0 |      0 |    0 |          0 |
|             (tile_0_0)                        |                                 PE_256_711 |          5 |          5 |       0 |    0 |    16 |      0 |      0 |    0 |          0 |
|             mac_unit                          |                                MacUnit_712 |         91 |         91 |       0 |    0 |     0 |      0 |      0 |    0 |          0 |
|         mesh_9_2                              |                                   Tile_688 |         96 |         96 |       0 |    0 |    16 |      0 |      0 |    0 |          0 |
|           tile_0_0                            |                                 PE_256_709 |         96 |         96 |       0 |    0 |    16 |      0 |      0 |    0 |          0 |
|             (tile_0_0)                        |                                 PE_256_709 |          5 |          5 |       0 |    0 |    16 |      0 |      0 |    0 |          0 |
|             mac_unit                          |                                MacUnit_710 |         91 |         91 |       0 |    0 |     0 |      0 |      0 |    0 |          0 |
|         mesh_9_3                              |                                   Tile_689 |         96 |         96 |       0 |    0 |    16 |      0 |      0 |    0 |          0 |
|           tile_0_0                            |                                 PE_256_707 |         96 |         96 |       0 |    0 |    16 |      0 |      0 |    0 |          0 |
|             (tile_0_0)                        |                                 PE_256_707 |          6 |          6 |       0 |    0 |    16 |      0 |      0 |    0 |          0 |
|             mac_unit                          |                                MacUnit_708 |         91 |         91 |       0 |    0 |     0 |      0 |      0 |    0 |          0 |
|         mesh_9_4                              |                                   Tile_690 |         97 |         97 |       0 |    0 |    16 |      0 |      0 |    0 |          0 |
|           tile_0_0                            |                                 PE_256_705 |         97 |         97 |       0 |    0 |    16 |      0 |      0 |    0 |          0 |
|             (tile_0_0)                        |                                 PE_256_705 |          6 |          6 |       0 |    0 |    16 |      0 |      0 |    0 |          0 |
|             mac_unit                          |                                MacUnit_706 |         91 |         91 |       0 |    0 |     0 |      0 |      0 |    0 |          0 |
|         mesh_9_5                              |                                   Tile_691 |         96 |         96 |       0 |    0 |    16 |      0 |      0 |    0 |          0 |
|           tile_0_0                            |                                 PE_256_703 |         96 |         96 |       0 |    0 |    16 |      0 |      0 |    0 |          0 |
|             (tile_0_0)                        |                                 PE_256_703 |          5 |          5 |       0 |    0 |    16 |      0 |      0 |    0 |          0 |
|             mac_unit                          |                                MacUnit_704 |         91 |         91 |       0 |    0 |     0 |      0 |      0 |    0 |          0 |
|         mesh_9_6                              |                                   Tile_692 |         96 |         96 |       0 |    0 |    16 |      0 |      0 |    0 |          0 |
|           tile_0_0                            |                                 PE_256_701 |         96 |         96 |       0 |    0 |    16 |      0 |      0 |    0 |          0 |
|             (tile_0_0)                        |                                 PE_256_701 |          5 |          5 |       0 |    0 |    16 |      0 |      0 |    0 |          0 |
|             mac_unit                          |                                MacUnit_702 |         91 |         91 |       0 |    0 |     0 |      0 |      0 |    0 |          0 |
|         mesh_9_7                              |                                   Tile_693 |         96 |         96 |       0 |    0 |    16 |      0 |      0 |    0 |          0 |
|           tile_0_0                            |                                 PE_256_699 |         96 |         96 |       0 |    0 |    16 |      0 |      0 |    0 |          0 |
|             (tile_0_0)                        |                                 PE_256_699 |          5 |          5 |       0 |    0 |    16 |      0 |      0 |    0 |          0 |
|             mac_unit                          |                                MacUnit_700 |         91 |         91 |       0 |    0 |     0 |      0 |      0 |    0 |          0 |
|         mesh_9_8                              |                                   Tile_694 |         97 |         97 |       0 |    0 |    16 |      0 |      0 |    0 |          0 |
|           tile_0_0                            |                                 PE_256_697 |         97 |         97 |       0 |    0 |    16 |      0 |      0 |    0 |          0 |
|             (tile_0_0)                        |                                 PE_256_697 |          6 |          6 |       0 |    0 |    16 |      0 |      0 |    0 |          0 |
|             mac_unit                          |                                MacUnit_698 |         91 |         91 |       0 |    0 |     0 |      0 |      0 |    0 |          0 |
|         mesh_9_9                              |                                   Tile_695 |         96 |         96 |       0 |    0 |    16 |      0 |      0 |    0 |          0 |
|           tile_0_0                            |                                 PE_256_696 |         96 |         96 |       0 |    0 |    16 |      0 |      0 |    0 |          0 |
|             (tile_0_0)                        |                                 PE_256_696 |          5 |          5 |       0 |    0 |    16 |      0 |      0 |    0 |          0 |
|             mac_unit                          |                                    MacUnit |         91 |         91 |       0 |    0 |     0 |      0 |      0 |    0 |          0 |
|       tagq                                    |                                   TagQueue |        746 |        746 |       0 |    0 |   237 |      0 |      0 |    0 |          0 |
|       total_rows_q                            |               Queue6_TagWithIdAndTotalRows |         37 |         29 |       8 |    0 |     7 |      0 |      0 |    0 |          0 |
|         (total_rows_q)                        |               Queue6_TagWithIdAndTotalRows |         10 |         10 |       0 |    0 |     7 |      0 |      0 |    0 |          0 |
|         ram_ext                               |                                    ram_6x8 |         27 |         19 |       8 |    0 |     0 |      0 |      0 |    0 |          0 |
|       transposer                              |                        AlwaysOutTransposer |       2580 |       2580 |       0 |    0 |  2076 |      0 |      0 |    0 |          0 |
|         (transposer)                          |                        AlwaysOutTransposer |         27 |         27 |       0 |    0 |    28 |      0 |      0 |    0 |          0 |
|         pes_0_0                               |                                         PE |         33 |         33 |       0 |    0 |     8 |      0 |      0 |    0 |          0 |
|         pes_0_1                               |                                     PE_186 |         32 |         32 |       0 |    0 |     8 |      0 |      0 |    0 |          0 |
|         pes_0_10                              |                                     PE_187 |         32 |         32 |       0 |    0 |     8 |      0 |      0 |    0 |          0 |
|         pes_0_11                              |                                     PE_188 |         32 |         32 |       0 |    0 |     8 |      0 |      0 |    0 |          0 |
|         pes_0_12                              |                                     PE_189 |         32 |         32 |       0 |    0 |     8 |      0 |      0 |    0 |          0 |
|         pes_0_13                              |                                     PE_190 |         32 |         32 |       0 |    0 |     8 |      0 |      0 |    0 |          0 |
|         pes_0_14                              |                                     PE_191 |         32 |         32 |       0 |    0 |     8 |      0 |      0 |    0 |          0 |
|         pes_0_15                              |                                     PE_192 |         32 |         32 |       0 |    0 |     8 |      0 |      0 |    0 |          0 |
|         pes_0_2                               |                                     PE_193 |         32 |         32 |       0 |    0 |     8 |      0 |      0 |    0 |          0 |
|         pes_0_3                               |                                     PE_194 |         32 |         32 |       0 |    0 |     8 |      0 |      0 |    0 |          0 |
|         pes_0_4                               |                                     PE_195 |         32 |         32 |       0 |    0 |     8 |      0 |      0 |    0 |          0 |
|         pes_0_5                               |                                     PE_196 |         32 |         32 |       0 |    0 |     8 |      0 |      0 |    0 |          0 |
|         pes_0_6                               |                                     PE_197 |         32 |         32 |       0 |    0 |     8 |      0 |      0 |    0 |          0 |
|         pes_0_7                               |                                     PE_198 |         32 |         32 |       0 |    0 |     8 |      0 |      0 |    0 |          0 |
|         pes_0_8                               |                                     PE_199 |         32 |         32 |       0 |    0 |     8 |      0 |      0 |    0 |          0 |
|         pes_0_9                               |                                     PE_200 |         32 |         32 |       0 |    0 |     8 |      0 |      0 |    0 |          0 |
|         pes_10_0                              |                                     PE_201 |          8 |          8 |       0 |    0 |     8 |      0 |      0 |    0 |          0 |
|         pes_10_1                              |                                     PE_202 |          8 |          8 |       0 |    0 |     8 |      0 |      0 |    0 |          0 |
|         pes_10_10                             |                                     PE_203 |          8 |          8 |       0 |    0 |     8 |      0 |      0 |    0 |          0 |
|         pes_10_11                             |                                     PE_204 |          8 |          8 |       0 |    0 |     8 |      0 |      0 |    0 |          0 |
|         pes_10_12                             |                                     PE_205 |          8 |          8 |       0 |    0 |     8 |      0 |      0 |    0 |          0 |
|         pes_10_13                             |                                     PE_206 |          8 |          8 |       0 |    0 |     8 |      0 |      0 |    0 |          0 |
|         pes_10_14                             |                                     PE_207 |          8 |          8 |       0 |    0 |     8 |      0 |      0 |    0 |          0 |
|         pes_10_15                             |                                     PE_208 |          8 |          8 |       0 |    0 |     8 |      0 |      0 |    0 |          0 |
|         pes_10_2                              |                                     PE_209 |          8 |          8 |       0 |    0 |     8 |      0 |      0 |    0 |          0 |
|         pes_10_3                              |                                     PE_210 |          8 |          8 |       0 |    0 |     8 |      0 |      0 |    0 |          0 |
|         pes_10_4                              |                                     PE_211 |          8 |          8 |       0 |    0 |     8 |      0 |      0 |    0 |          0 |
|         pes_10_5                              |                                     PE_212 |          8 |          8 |       0 |    0 |     8 |      0 |      0 |    0 |          0 |
|         pes_10_6                              |                                     PE_213 |          8 |          8 |       0 |    0 |     8 |      0 |      0 |    0 |          0 |
|         pes_10_7                              |                                     PE_214 |          8 |          8 |       0 |    0 |     8 |      0 |      0 |    0 |          0 |
|         pes_10_8                              |                                     PE_215 |          8 |          8 |       0 |    0 |     8 |      0 |      0 |    0 |          0 |
|         pes_10_9                              |                                     PE_216 |          8 |          8 |       0 |    0 |     8 |      0 |      0 |    0 |          0 |
|         pes_11_0                              |                                     PE_217 |          8 |          8 |       0 |    0 |     8 |      0 |      0 |    0 |          0 |
|         pes_11_1                              |                                     PE_218 |          8 |          8 |       0 |    0 |     8 |      0 |      0 |    0 |          0 |
|         pes_11_10                             |                                     PE_219 |          8 |          8 |       0 |    0 |     8 |      0 |      0 |    0 |          0 |
|         pes_11_11                             |                                     PE_220 |          8 |          8 |       0 |    0 |     8 |      0 |      0 |    0 |          0 |
|         pes_11_12                             |                                     PE_221 |          8 |          8 |       0 |    0 |     8 |      0 |      0 |    0 |          0 |
|         pes_11_13                             |                                     PE_222 |          8 |          8 |       0 |    0 |     8 |      0 |      0 |    0 |          0 |
|         pes_11_14                             |                                     PE_223 |          8 |          8 |       0 |    0 |     8 |      0 |      0 |    0 |          0 |
|         pes_11_15                             |                                     PE_224 |          8 |          8 |       0 |    0 |     8 |      0 |      0 |    0 |          0 |
|         pes_11_2                              |                                     PE_225 |          8 |          8 |       0 |    0 |     8 |      0 |      0 |    0 |          0 |
|         pes_11_3                              |                                     PE_226 |          8 |          8 |       0 |    0 |     8 |      0 |      0 |    0 |          0 |
|         pes_11_4                              |                                     PE_227 |          8 |          8 |       0 |    0 |     8 |      0 |      0 |    0 |          0 |
|         pes_11_5                              |                                     PE_228 |          8 |          8 |       0 |    0 |     8 |      0 |      0 |    0 |          0 |
|         pes_11_6                              |                                     PE_229 |          8 |          8 |       0 |    0 |     8 |      0 |      0 |    0 |          0 |
|         pes_11_7                              |                                     PE_230 |          8 |          8 |       0 |    0 |     8 |      0 |      0 |    0 |          0 |
|         pes_11_8                              |                                     PE_231 |          8 |          8 |       0 |    0 |     8 |      0 |      0 |    0 |          0 |
|         pes_11_9                              |                                     PE_232 |          8 |          8 |       0 |    0 |     8 |      0 |      0 |    0 |          0 |
|         pes_12_0                              |                                     PE_233 |          8 |          8 |       0 |    0 |     8 |      0 |      0 |    0 |          0 |
|         pes_12_1                              |                                     PE_234 |          8 |          8 |       0 |    0 |     8 |      0 |      0 |    0 |          0 |
|         pes_12_10                             |                                     PE_235 |          8 |          8 |       0 |    0 |     8 |      0 |      0 |    0 |          0 |
|         pes_12_11                             |                                     PE_236 |          8 |          8 |       0 |    0 |     8 |      0 |      0 |    0 |          0 |
|         pes_12_12                             |                                     PE_237 |          8 |          8 |       0 |    0 |     8 |      0 |      0 |    0 |          0 |
|         pes_12_13                             |                                     PE_238 |          8 |          8 |       0 |    0 |     8 |      0 |      0 |    0 |          0 |
|         pes_12_14                             |                                     PE_239 |          8 |          8 |       0 |    0 |     8 |      0 |      0 |    0 |          0 |
|         pes_12_15                             |                                     PE_240 |          8 |          8 |       0 |    0 |     8 |      0 |      0 |    0 |          0 |
|         pes_12_2                              |                                     PE_241 |          8 |          8 |       0 |    0 |     8 |      0 |      0 |    0 |          0 |
|         pes_12_3                              |                                     PE_242 |          8 |          8 |       0 |    0 |     8 |      0 |      0 |    0 |          0 |
|         pes_12_4                              |                                     PE_243 |          8 |          8 |       0 |    0 |     8 |      0 |      0 |    0 |          0 |
|         pes_12_5                              |                                     PE_244 |          8 |          8 |       0 |    0 |     8 |      0 |      0 |    0 |          0 |
|         pes_12_6                              |                                     PE_245 |          8 |          8 |       0 |    0 |     8 |      0 |      0 |    0 |          0 |
|         pes_12_7                              |                                     PE_246 |          8 |          8 |       0 |    0 |     8 |      0 |      0 |    0 |          0 |
|         pes_12_8                              |                                     PE_247 |          8 |          8 |       0 |    0 |     8 |      0 |      0 |    0 |          0 |
|         pes_12_9                              |                                     PE_248 |          8 |          8 |       0 |    0 |     8 |      0 |      0 |    0 |          0 |
|         pes_13_0                              |                                     PE_249 |          8 |          8 |       0 |    0 |     8 |      0 |      0 |    0 |          0 |
|         pes_13_1                              |                                     PE_250 |          8 |          8 |       0 |    0 |     8 |      0 |      0 |    0 |          0 |
|         pes_13_10                             |                                     PE_251 |          8 |          8 |       0 |    0 |     8 |      0 |      0 |    0 |          0 |
|         pes_13_11                             |                                     PE_252 |          8 |          8 |       0 |    0 |     8 |      0 |      0 |    0 |          0 |
|         pes_13_12                             |                                     PE_253 |          8 |          8 |       0 |    0 |     8 |      0 |      0 |    0 |          0 |
|         pes_13_13                             |                                     PE_254 |          8 |          8 |       0 |    0 |     8 |      0 |      0 |    0 |          0 |
|         pes_13_14                             |                                     PE_255 |          8 |          8 |       0 |    0 |     8 |      0 |      0 |    0 |          0 |
|         pes_13_15                             |                                     PE_256 |          8 |          8 |       0 |    0 |     8 |      0 |      0 |    0 |          0 |
|         pes_13_2                              |                                     PE_257 |          8 |          8 |       0 |    0 |     8 |      0 |      0 |    0 |          0 |
|         pes_13_3                              |                                     PE_258 |          8 |          8 |       0 |    0 |     8 |      0 |      0 |    0 |          0 |
|         pes_13_4                              |                                     PE_259 |          8 |          8 |       0 |    0 |     8 |      0 |      0 |    0 |          0 |
|         pes_13_5                              |                                     PE_260 |          8 |          8 |       0 |    0 |     8 |      0 |      0 |    0 |          0 |
|         pes_13_6                              |                                     PE_261 |          8 |          8 |       0 |    0 |     8 |      0 |      0 |    0 |          0 |
|         pes_13_7                              |                                     PE_262 |          8 |          8 |       0 |    0 |     8 |      0 |      0 |    0 |          0 |
|         pes_13_8                              |                                     PE_263 |          8 |          8 |       0 |    0 |     8 |      0 |      0 |    0 |          0 |
|         pes_13_9                              |                                     PE_264 |          8 |          8 |       0 |    0 |     8 |      0 |      0 |    0 |          0 |
|         pes_14_0                              |                                     PE_265 |          8 |          8 |       0 |    0 |     8 |      0 |      0 |    0 |          0 |
|         pes_14_1                              |                                     PE_266 |          8 |          8 |       0 |    0 |     8 |      0 |      0 |    0 |          0 |
|         pes_14_10                             |                                     PE_267 |          8 |          8 |       0 |    0 |     8 |      0 |      0 |    0 |          0 |
|         pes_14_11                             |                                     PE_268 |          8 |          8 |       0 |    0 |     8 |      0 |      0 |    0 |          0 |
|         pes_14_12                             |                                     PE_269 |          8 |          8 |       0 |    0 |     8 |      0 |      0 |    0 |          0 |
|         pes_14_13                             |                                     PE_270 |          8 |          8 |       0 |    0 |     8 |      0 |      0 |    0 |          0 |
|         pes_14_14                             |                                     PE_271 |          8 |          8 |       0 |    0 |     8 |      0 |      0 |    0 |          0 |
|         pes_14_15                             |                                     PE_272 |          8 |          8 |       0 |    0 |     8 |      0 |      0 |    0 |          0 |
|         pes_14_2                              |                                     PE_273 |          8 |          8 |       0 |    0 |     8 |      0 |      0 |    0 |          0 |
|         pes_14_3                              |                                     PE_274 |          8 |          8 |       0 |    0 |     8 |      0 |      0 |    0 |          0 |
|         pes_14_4                              |                                     PE_275 |          8 |          8 |       0 |    0 |     8 |      0 |      0 |    0 |          0 |
|         pes_14_5                              |                                     PE_276 |          8 |          8 |       0 |    0 |     8 |      0 |      0 |    0 |          0 |
|         pes_14_6                              |                                     PE_277 |          8 |          8 |       0 |    0 |     8 |      0 |      0 |    0 |          0 |
|         pes_14_7                              |                                     PE_278 |          8 |          8 |       0 |    0 |     8 |      0 |      0 |    0 |          0 |
|         pes_14_8                              |                                     PE_279 |          8 |          8 |       0 |    0 |     8 |      0 |      0 |    0 |          0 |
|         pes_14_9                              |                                     PE_280 |          8 |          8 |       0 |    0 |     8 |      0 |      0 |    0 |          0 |
|         pes_15_0                              |                                     PE_281 |         16 |         16 |       0 |    0 |     8 |      0 |      0 |    0 |          0 |
|         pes_15_1                              |                                     PE_282 |         16 |         16 |       0 |    0 |     8 |      0 |      0 |    0 |          0 |
|         pes_15_10                             |                                     PE_283 |         16 |         16 |       0 |    0 |     8 |      0 |      0 |    0 |          0 |
|         pes_15_11                             |                                     PE_284 |         16 |         16 |       0 |    0 |     8 |      0 |      0 |    0 |          0 |
|         pes_15_12                             |                                     PE_285 |         16 |         16 |       0 |    0 |     8 |      0 |      0 |    0 |          0 |
|         pes_15_13                             |                                     PE_286 |         16 |         16 |       0 |    0 |     8 |      0 |      0 |    0 |          0 |
|         pes_15_14                             |                                     PE_287 |         16 |         16 |       0 |    0 |     8 |      0 |      0 |    0 |          0 |
|         pes_15_15                             |                                     PE_288 |          8 |          8 |       0 |    0 |     8 |      0 |      0 |    0 |          0 |
|         pes_15_2                              |                                     PE_289 |         16 |         16 |       0 |    0 |     8 |      0 |      0 |    0 |          0 |
|         pes_15_3                              |                                     PE_290 |         16 |         16 |       0 |    0 |     8 |      0 |      0 |    0 |          0 |
|         pes_15_4                              |                                     PE_291 |         16 |         16 |       0 |    0 |     8 |      0 |      0 |    0 |          0 |
|         pes_15_5                              |                                     PE_292 |         16 |         16 |       0 |    0 |     8 |      0 |      0 |    0 |          0 |
|         pes_15_6                              |                                     PE_293 |         16 |         16 |       0 |    0 |     8 |      0 |      0 |    0 |          0 |
|         pes_15_7                              |                                     PE_294 |         16 |         16 |       0 |    0 |     8 |      0 |      0 |    0 |          0 |
|         pes_15_8                              |                                     PE_295 |         16 |         16 |       0 |    0 |     8 |      0 |      0 |    0 |          0 |
|         pes_15_9                              |                                     PE_296 |         16 |         16 |       0 |    0 |     8 |      0 |      0 |    0 |          0 |
|         pes_1_0                               |                                     PE_297 |          8 |          8 |       0 |    0 |     8 |      0 |      0 |    0 |          0 |
|         pes_1_1                               |                                     PE_298 |          8 |          8 |       0 |    0 |     8 |      0 |      0 |    0 |          0 |
|         pes_1_10                              |                                     PE_299 |          8 |          8 |       0 |    0 |     8 |      0 |      0 |    0 |          0 |
|         pes_1_11                              |                                     PE_300 |          8 |          8 |       0 |    0 |     8 |      0 |      0 |    0 |          0 |
|         pes_1_12                              |                                     PE_301 |          8 |          8 |       0 |    0 |     8 |      0 |      0 |    0 |          0 |
|         pes_1_13                              |                                     PE_302 |          8 |          8 |       0 |    0 |     8 |      0 |      0 |    0 |          0 |
|         pes_1_14                              |                                     PE_303 |          8 |          8 |       0 |    0 |     8 |      0 |      0 |    0 |          0 |
|         pes_1_15                              |                                     PE_304 |          8 |          8 |       0 |    0 |     8 |      0 |      0 |    0 |          0 |
|         pes_1_2                               |                                     PE_305 |          8 |          8 |       0 |    0 |     8 |      0 |      0 |    0 |          0 |
|         pes_1_3                               |                                     PE_306 |          8 |          8 |       0 |    0 |     8 |      0 |      0 |    0 |          0 |
|         pes_1_4                               |                                     PE_307 |          8 |          8 |       0 |    0 |     8 |      0 |      0 |    0 |          0 |
|         pes_1_5                               |                                     PE_308 |          8 |          8 |       0 |    0 |     8 |      0 |      0 |    0 |          0 |
|         pes_1_6                               |                                     PE_309 |          8 |          8 |       0 |    0 |     8 |      0 |      0 |    0 |          0 |
|         pes_1_7                               |                                     PE_310 |          8 |          8 |       0 |    0 |     8 |      0 |      0 |    0 |          0 |
|         pes_1_8                               |                                     PE_311 |          8 |          8 |       0 |    0 |     8 |      0 |      0 |    0 |          0 |
|         pes_1_9                               |                                     PE_312 |          8 |          8 |       0 |    0 |     8 |      0 |      0 |    0 |          0 |
|         pes_2_0                               |                                     PE_313 |          8 |          8 |       0 |    0 |     8 |      0 |      0 |    0 |          0 |
|         pes_2_1                               |                                     PE_314 |          8 |          8 |       0 |    0 |     8 |      0 |      0 |    0 |          0 |
|         pes_2_10                              |                                     PE_315 |          8 |          8 |       0 |    0 |     8 |      0 |      0 |    0 |          0 |
|         pes_2_11                              |                                     PE_316 |          8 |          8 |       0 |    0 |     8 |      0 |      0 |    0 |          0 |
|         pes_2_12                              |                                     PE_317 |          8 |          8 |       0 |    0 |     8 |      0 |      0 |    0 |          0 |
|         pes_2_13                              |                                     PE_318 |          8 |          8 |       0 |    0 |     8 |      0 |      0 |    0 |          0 |
|         pes_2_14                              |                                     PE_319 |          8 |          8 |       0 |    0 |     8 |      0 |      0 |    0 |          0 |
|         pes_2_15                              |                                     PE_320 |          8 |          8 |       0 |    0 |     8 |      0 |      0 |    0 |          0 |
|         pes_2_2                               |                                     PE_321 |          8 |          8 |       0 |    0 |     8 |      0 |      0 |    0 |          0 |
|         pes_2_3                               |                                     PE_322 |          8 |          8 |       0 |    0 |     8 |      0 |      0 |    0 |          0 |
|         pes_2_4                               |                                     PE_323 |          8 |          8 |       0 |    0 |     8 |      0 |      0 |    0 |          0 |
|         pes_2_5                               |                                     PE_324 |          8 |          8 |       0 |    0 |     8 |      0 |      0 |    0 |          0 |
|         pes_2_6                               |                                     PE_325 |          8 |          8 |       0 |    0 |     8 |      0 |      0 |    0 |          0 |
|         pes_2_7                               |                                     PE_326 |          8 |          8 |       0 |    0 |     8 |      0 |      0 |    0 |          0 |
|         pes_2_8                               |                                     PE_327 |          8 |          8 |       0 |    0 |     8 |      0 |      0 |    0 |          0 |
|         pes_2_9                               |                                     PE_328 |          8 |          8 |       0 |    0 |     8 |      0 |      0 |    0 |          0 |
|         pes_3_0                               |                                     PE_329 |          8 |          8 |       0 |    0 |     8 |      0 |      0 |    0 |          0 |
|         pes_3_1                               |                                     PE_330 |          8 |          8 |       0 |    0 |     8 |      0 |      0 |    0 |          0 |
|         pes_3_10                              |                                     PE_331 |          8 |          8 |       0 |    0 |     8 |      0 |      0 |    0 |          0 |
|         pes_3_11                              |                                     PE_332 |          8 |          8 |       0 |    0 |     8 |      0 |      0 |    0 |          0 |
|         pes_3_12                              |                                     PE_333 |          8 |          8 |       0 |    0 |     8 |      0 |      0 |    0 |          0 |
|         pes_3_13                              |                                     PE_334 |          8 |          8 |       0 |    0 |     8 |      0 |      0 |    0 |          0 |
|         pes_3_14                              |                                     PE_335 |          8 |          8 |       0 |    0 |     8 |      0 |      0 |    0 |          0 |
|         pes_3_15                              |                                     PE_336 |          8 |          8 |       0 |    0 |     8 |      0 |      0 |    0 |          0 |
|         pes_3_2                               |                                     PE_337 |          8 |          8 |       0 |    0 |     8 |      0 |      0 |    0 |          0 |
|         pes_3_3                               |                                     PE_338 |          8 |          8 |       0 |    0 |     8 |      0 |      0 |    0 |          0 |
|         pes_3_4                               |                                     PE_339 |          8 |          8 |       0 |    0 |     8 |      0 |      0 |    0 |          0 |
|         pes_3_5                               |                                     PE_340 |          8 |          8 |       0 |    0 |     8 |      0 |      0 |    0 |          0 |
|         pes_3_6                               |                                     PE_341 |          8 |          8 |       0 |    0 |     8 |      0 |      0 |    0 |          0 |
|         pes_3_7                               |                                     PE_342 |          8 |          8 |       0 |    0 |     8 |      0 |      0 |    0 |          0 |
|         pes_3_8                               |                                     PE_343 |          8 |          8 |       0 |    0 |     8 |      0 |      0 |    0 |          0 |
|         pes_3_9                               |                                     PE_344 |          8 |          8 |       0 |    0 |     8 |      0 |      0 |    0 |          0 |
|         pes_4_0                               |                                     PE_345 |          8 |          8 |       0 |    0 |     8 |      0 |      0 |    0 |          0 |
|         pes_4_1                               |                                     PE_346 |          8 |          8 |       0 |    0 |     8 |      0 |      0 |    0 |          0 |
|         pes_4_10                              |                                     PE_347 |          8 |          8 |       0 |    0 |     8 |      0 |      0 |    0 |          0 |
|         pes_4_11                              |                                     PE_348 |          8 |          8 |       0 |    0 |     8 |      0 |      0 |    0 |          0 |
|         pes_4_12                              |                                     PE_349 |          8 |          8 |       0 |    0 |     8 |      0 |      0 |    0 |          0 |
|         pes_4_13                              |                                     PE_350 |          8 |          8 |       0 |    0 |     8 |      0 |      0 |    0 |          0 |
|         pes_4_14                              |                                     PE_351 |          8 |          8 |       0 |    0 |     8 |      0 |      0 |    0 |          0 |
|         pes_4_15                              |                                     PE_352 |          8 |          8 |       0 |    0 |     8 |      0 |      0 |    0 |          0 |
|         pes_4_2                               |                                     PE_353 |          8 |          8 |       0 |    0 |     8 |      0 |      0 |    0 |          0 |
|         pes_4_3                               |                                     PE_354 |          8 |          8 |       0 |    0 |     8 |      0 |      0 |    0 |          0 |
|         pes_4_4                               |                                     PE_355 |          8 |          8 |       0 |    0 |     8 |      0 |      0 |    0 |          0 |
|         pes_4_5                               |                                     PE_356 |          8 |          8 |       0 |    0 |     8 |      0 |      0 |    0 |          0 |
|         pes_4_6                               |                                     PE_357 |          8 |          8 |       0 |    0 |     8 |      0 |      0 |    0 |          0 |
|         pes_4_7                               |                                     PE_358 |          8 |          8 |       0 |    0 |     8 |      0 |      0 |    0 |          0 |
|         pes_4_8                               |                                     PE_359 |          8 |          8 |       0 |    0 |     8 |      0 |      0 |    0 |          0 |
|         pes_4_9                               |                                     PE_360 |          8 |          8 |       0 |    0 |     8 |      0 |      0 |    0 |          0 |
|         pes_5_0                               |                                     PE_361 |          8 |          8 |       0 |    0 |     8 |      0 |      0 |    0 |          0 |
|         pes_5_1                               |                                     PE_362 |          8 |          8 |       0 |    0 |     8 |      0 |      0 |    0 |          0 |
|         pes_5_10                              |                                     PE_363 |          8 |          8 |       0 |    0 |     8 |      0 |      0 |    0 |          0 |
|         pes_5_11                              |                                     PE_364 |          8 |          8 |       0 |    0 |     8 |      0 |      0 |    0 |          0 |
|         pes_5_12                              |                                     PE_365 |          8 |          8 |       0 |    0 |     8 |      0 |      0 |    0 |          0 |
|         pes_5_13                              |                                     PE_366 |          8 |          8 |       0 |    0 |     8 |      0 |      0 |    0 |          0 |
|         pes_5_14                              |                                     PE_367 |          8 |          8 |       0 |    0 |     8 |      0 |      0 |    0 |          0 |
|         pes_5_15                              |                                     PE_368 |          8 |          8 |       0 |    0 |     8 |      0 |      0 |    0 |          0 |
|         pes_5_2                               |                                     PE_369 |          8 |          8 |       0 |    0 |     8 |      0 |      0 |    0 |          0 |
|         pes_5_3                               |                                     PE_370 |          8 |          8 |       0 |    0 |     8 |      0 |      0 |    0 |          0 |
|         pes_5_4                               |                                     PE_371 |          8 |          8 |       0 |    0 |     8 |      0 |      0 |    0 |          0 |
|         pes_5_5                               |                                     PE_372 |          8 |          8 |       0 |    0 |     8 |      0 |      0 |    0 |          0 |
|         pes_5_6                               |                                     PE_373 |          8 |          8 |       0 |    0 |     8 |      0 |      0 |    0 |          0 |
|         pes_5_7                               |                                     PE_374 |          8 |          8 |       0 |    0 |     8 |      0 |      0 |    0 |          0 |
|         pes_5_8                               |                                     PE_375 |          8 |          8 |       0 |    0 |     8 |      0 |      0 |    0 |          0 |
|         pes_5_9                               |                                     PE_376 |          8 |          8 |       0 |    0 |     8 |      0 |      0 |    0 |          0 |
|         pes_6_0                               |                                     PE_377 |          8 |          8 |       0 |    0 |     8 |      0 |      0 |    0 |          0 |
|         pes_6_1                               |                                     PE_378 |          8 |          8 |       0 |    0 |     8 |      0 |      0 |    0 |          0 |
|         pes_6_10                              |                                     PE_379 |          8 |          8 |       0 |    0 |     8 |      0 |      0 |    0 |          0 |
|         pes_6_11                              |                                     PE_380 |          8 |          8 |       0 |    0 |     8 |      0 |      0 |    0 |          0 |
|         pes_6_12                              |                                     PE_381 |          8 |          8 |       0 |    0 |     8 |      0 |      0 |    0 |          0 |
|         pes_6_13                              |                                     PE_382 |          8 |          8 |       0 |    0 |     8 |      0 |      0 |    0 |          0 |
|         pes_6_14                              |                                     PE_383 |          8 |          8 |       0 |    0 |     8 |      0 |      0 |    0 |          0 |
|         pes_6_15                              |                                     PE_384 |          8 |          8 |       0 |    0 |     8 |      0 |      0 |    0 |          0 |
|         pes_6_2                               |                                     PE_385 |          8 |          8 |       0 |    0 |     8 |      0 |      0 |    0 |          0 |
|         pes_6_3                               |                                     PE_386 |          8 |          8 |       0 |    0 |     8 |      0 |      0 |    0 |          0 |
|         pes_6_4                               |                                     PE_387 |          8 |          8 |       0 |    0 |     8 |      0 |      0 |    0 |          0 |
|         pes_6_5                               |                                     PE_388 |          8 |          8 |       0 |    0 |     8 |      0 |      0 |    0 |          0 |
|         pes_6_6                               |                                     PE_389 |          8 |          8 |       0 |    0 |     8 |      0 |      0 |    0 |          0 |
|         pes_6_7                               |                                     PE_390 |          8 |          8 |       0 |    0 |     8 |      0 |      0 |    0 |          0 |
|         pes_6_8                               |                                     PE_391 |          8 |          8 |       0 |    0 |     8 |      0 |      0 |    0 |          0 |
|         pes_6_9                               |                                     PE_392 |          8 |          8 |       0 |    0 |     8 |      0 |      0 |    0 |          0 |
|         pes_7_0                               |                                     PE_393 |          8 |          8 |       0 |    0 |     8 |      0 |      0 |    0 |          0 |
|         pes_7_1                               |                                     PE_394 |          8 |          8 |       0 |    0 |     8 |      0 |      0 |    0 |          0 |
|         pes_7_10                              |                                     PE_395 |          8 |          8 |       0 |    0 |     8 |      0 |      0 |    0 |          0 |
|         pes_7_11                              |                                     PE_396 |          8 |          8 |       0 |    0 |     8 |      0 |      0 |    0 |          0 |
|         pes_7_12                              |                                     PE_397 |          8 |          8 |       0 |    0 |     8 |      0 |      0 |    0 |          0 |
|         pes_7_13                              |                                     PE_398 |          8 |          8 |       0 |    0 |     8 |      0 |      0 |    0 |          0 |
|         pes_7_14                              |                                     PE_399 |          8 |          8 |       0 |    0 |     8 |      0 |      0 |    0 |          0 |
|         pes_7_15                              |                                     PE_400 |          8 |          8 |       0 |    0 |     8 |      0 |      0 |    0 |          0 |
|         pes_7_2                               |                                     PE_401 |          8 |          8 |       0 |    0 |     8 |      0 |      0 |    0 |          0 |
|         pes_7_3                               |                                     PE_402 |          8 |          8 |       0 |    0 |     8 |      0 |      0 |    0 |          0 |
|         pes_7_4                               |                                     PE_403 |          8 |          8 |       0 |    0 |     8 |      0 |      0 |    0 |          0 |
|         pes_7_5                               |                                     PE_404 |          8 |          8 |       0 |    0 |     8 |      0 |      0 |    0 |          0 |
|         pes_7_6                               |                                     PE_405 |          8 |          8 |       0 |    0 |     8 |      0 |      0 |    0 |          0 |
|         pes_7_7                               |                                     PE_406 |          8 |          8 |       0 |    0 |     8 |      0 |      0 |    0 |          0 |
|         pes_7_8                               |                                     PE_407 |          8 |          8 |       0 |    0 |     8 |      0 |      0 |    0 |          0 |
|         pes_7_9                               |                                     PE_408 |          8 |          8 |       0 |    0 |     8 |      0 |      0 |    0 |          0 |
|         pes_8_0                               |                                     PE_409 |          8 |          8 |       0 |    0 |     8 |      0 |      0 |    0 |          0 |
|         pes_8_1                               |                                     PE_410 |          8 |          8 |       0 |    0 |     8 |      0 |      0 |    0 |          0 |
|         pes_8_10                              |                                     PE_411 |          8 |          8 |       0 |    0 |     8 |      0 |      0 |    0 |          0 |
|         pes_8_11                              |                                     PE_412 |          8 |          8 |       0 |    0 |     8 |      0 |      0 |    0 |          0 |
|         pes_8_12                              |                                     PE_413 |          8 |          8 |       0 |    0 |     8 |      0 |      0 |    0 |          0 |
|         pes_8_13                              |                                     PE_414 |          8 |          8 |       0 |    0 |     8 |      0 |      0 |    0 |          0 |
|         pes_8_14                              |                                     PE_415 |          8 |          8 |       0 |    0 |     8 |      0 |      0 |    0 |          0 |
|         pes_8_15                              |                                     PE_416 |          8 |          8 |       0 |    0 |     8 |      0 |      0 |    0 |          0 |
|         pes_8_2                               |                                     PE_417 |          8 |          8 |       0 |    0 |     8 |      0 |      0 |    0 |          0 |
|         pes_8_3                               |                                     PE_418 |          8 |          8 |       0 |    0 |     8 |      0 |      0 |    0 |          0 |
|         pes_8_4                               |                                     PE_419 |          8 |          8 |       0 |    0 |     8 |      0 |      0 |    0 |          0 |
|         pes_8_5                               |                                     PE_420 |          8 |          8 |       0 |    0 |     8 |      0 |      0 |    0 |          0 |
|         pes_8_6                               |                                     PE_421 |          8 |          8 |       0 |    0 |     8 |      0 |      0 |    0 |          0 |
|         pes_8_7                               |                                     PE_422 |          8 |          8 |       0 |    0 |     8 |      0 |      0 |    0 |          0 |
|         pes_8_8                               |                                     PE_423 |          8 |          8 |       0 |    0 |     8 |      0 |      0 |    0 |          0 |
|         pes_8_9                               |                                     PE_424 |          8 |          8 |       0 |    0 |     8 |      0 |      0 |    0 |          0 |
|         pes_9_0                               |                                     PE_425 |          8 |          8 |       0 |    0 |     8 |      0 |      0 |    0 |          0 |
|         pes_9_1                               |                                     PE_426 |          8 |          8 |       0 |    0 |     8 |      0 |      0 |    0 |          0 |
|         pes_9_10                              |                                     PE_427 |          8 |          8 |       0 |    0 |     8 |      0 |      0 |    0 |          0 |
|         pes_9_11                              |                                     PE_428 |          8 |          8 |       0 |    0 |     8 |      0 |      0 |    0 |          0 |
|         pes_9_12                              |                                     PE_429 |          8 |          8 |       0 |    0 |     8 |      0 |      0 |    0 |          0 |
|         pes_9_13                              |                                     PE_430 |          8 |          8 |       0 |    0 |     8 |      0 |      0 |    0 |          0 |
|         pes_9_14                              |                                     PE_431 |          8 |          8 |       0 |    0 |     8 |      0 |      0 |    0 |          0 |
|         pes_9_15                              |                                     PE_432 |          8 |          8 |       0 |    0 |     8 |      0 |      0 |    0 |          0 |
|         pes_9_2                               |                                     PE_433 |          8 |          8 |       0 |    0 |     8 |      0 |      0 |    0 |          0 |
|         pes_9_3                               |                                     PE_434 |          8 |          8 |       0 |    0 |     8 |      0 |      0 |    0 |          0 |
|         pes_9_4                               |                                     PE_435 |          8 |          8 |       0 |    0 |     8 |      0 |      0 |    0 |          0 |
|         pes_9_5                               |                                     PE_436 |          8 |          8 |       0 |    0 |     8 |      0 |      0 |    0 |          0 |
|         pes_9_6                               |                                     PE_437 |          8 |          8 |       0 |    0 |     8 |      0 |      0 |    0 |          0 |
|         pes_9_7                               |                                     PE_438 |          8 |          8 |       0 |    0 |     8 |      0 |      0 |    0 |          0 |
|         pes_9_8                               |                                     PE_439 |          8 |          8 |       0 |    0 |     8 |      0 |      0 |    0 |          0 |
|         pes_9_9                               |                                     PE_440 |          8 |          8 |       0 |    0 |     8 |      0 |      0 |    0 |          0 |
|     mesh_cntl_signals_q                       |                  Queue5_ComputeCntlSignals |        968 |        920 |      48 |    0 |     7 |      0 |      0 |    0 |          0 |
|       (mesh_cntl_signals_q)                   |                  Queue5_ComputeCntlSignals |          7 |          7 |       0 |    0 |     7 |      0 |      0 |    0 |          0 |
|       ram_ext                                 |                                   ram_5x83 |        962 |        914 |      48 |    0 |     0 |      0 |      0 |    0 |          0 |
|     unrolled_cmd_mod                          |                   TransposePreloadUnroller |        124 |        124 |       0 |    0 |   183 |      0 |      0 |    0 |          0 |
|       (unrolled_cmd_mod)                      |                   TransposePreloadUnroller |          0 |          0 |       0 |    0 |     3 |      0 |      0 |    0 |          0 |
|       q                                       |                           MultiHeadedQueue |        124 |        124 |       0 |    0 |   180 |      0 |      0 |    0 |          0 |
|   im2col                                      |                                     Im2Col |          0 |          0 |       0 |    0 |    12 |      0 |      0 |    0 |          0 |
|   load_controller                             |                             LoadController |        560 |        460 |     100 |    0 |   372 |      0 |      0 |    0 |          2 |
|     (load_controller)                         |                             LoadController |          6 |          6 |       0 |    0 |   285 |      0 |      0 |    0 |          2 |
|     cmd_q                                     |                          Queue8_GemminiCmd |        395 |        295 |     100 |    0 |     7 |      0 |      0 |    0 |          0 |
|       (cmd_q)                                 |                          Queue8_GemminiCmd |          7 |          7 |       0 |    0 |     7 |      0 |      0 |    0 |          0 |
|       ram_ext                                 |                                  ram_8x246 |        388 |        288 |     100 |    0 |     0 |      0 |      0 |    0 |          0 |
|     cmd_tracker                               |                          DMACommandTracker |        159 |        159 |       0 |    0 |    80 |      0 |      0 |    0 |          0 |
|   mod                                         |                                   LoopConv |       5402 |       5282 |     120 |    0 |  3761 |      0 |      0 |    0 |        132 |
|     (mod)                                     |                                   LoopConv |        351 |        351 |       0 |    0 |  1245 |      0 |      0 |    0 |         16 |
|     cmd_q                                     |                      Queue2_GemminiCmd_184 |        163 |         43 |     120 |    0 |     3 |      0 |      0 |    0 |          0 |
|       (cmd_q)                                 |                      Queue2_GemminiCmd_184 |          2 |          2 |       0 |    0 |     3 |      0 |      0 |    0 |          0 |
|       ram_ext                                 |                              ram_2x274_185 |        162 |         42 |     120 |    0 |     0 |      0 |      0 |    0 |          0 |
|     ex                                        |                            LoopConvExecute |       1370 |       1370 |       0 |    0 |   437 |      0 |      0 |    0 |         44 |
|       (ex)                                    |                            LoopConvExecute |        839 |        839 |       0 |    0 |   269 |      0 |      0 |    0 |         43 |
|       command_p                               |                                 Pipeline_5 |        531 |        531 |       0 |    0 |   168 |      0 |      0 |    0 |          1 |
|     ld_bias                                   |                             LoopConvLdBias |        508 |        508 |       0 |    0 |   324 |      0 |      0 |    0 |          8 |
|       (ld_bias)                               |                             LoopConvLdBias |        246 |        246 |       0 |    0 |   168 |      0 |      0 |    0 |          7 |
|       command_p                               |                                 Pipeline_2 |        262 |        262 |       0 |    0 |   156 |      0 |      0 |    0 |          1 |
|     ld_input                                  |                            LoopConvLdInput |       1520 |       1520 |       0 |    0 |   569 |      0 |      0 |    0 |         15 |
|       (ld_input)                              |                            LoopConvLdInput |        875 |        875 |       0 |    0 |   347 |      0 |      0 |    0 |         15 |
|       command_p                               |                                 Pipeline_3 |        645 |        645 |       0 |    0 |   222 |      0 |      0 |    0 |          0 |
|     ld_weights                                |                           LoopConvLdWeight |        832 |        832 |       0 |    0 |   494 |      0 |      0 |    0 |         28 |
|       (ld_weights)                            |                           LoopConvLdWeight |        495 |        495 |       0 |    0 |   240 |      0 |      0 |    0 |         27 |
|       command_p                               |                                 Pipeline_4 |        337 |        337 |       0 |    0 |   254 |      0 |      0 |    0 |          1 |
|     st                                        |                                 LoopConvSt |        662 |        662 |       0 |    0 |   689 |      0 |      0 |    0 |         21 |
|       (st)                                    |                                 LoopConvSt |        248 |        248 |       0 |    0 |   265 |      0 |      0 |    0 |         20 |
|       command_p                               |                                 Pipeline_6 |        415 |        415 |       0 |    0 |   424 |      0 |      0 |    0 |          1 |
|   mod_1                                       |                                 LoopMatmul |       2922 |       2800 |     122 |    0 |  1642 |      0 |      0 |    0 |         17 |
|     (mod_1)                                   |                                 LoopMatmul |         53 |         53 |       0 |    0 |   827 |      0 |      0 |    0 |          0 |
|     cmd_q                                     |                      Queue2_GemminiCmd_182 |        225 |        103 |     122 |    0 |     3 |      0 |      0 |    0 |          0 |
|       (cmd_q)                                 |                      Queue2_GemminiCmd_182 |          2 |          2 |       0 |    0 |     3 |      0 |      0 |    0 |          0 |
|       ram_ext                                 |                              ram_2x274_183 |        223 |        101 |     122 |    0 |     0 |      0 |      0 |    0 |          0 |
|     ex                                        |                          LoopMatmulExecute |        537 |        537 |       0 |    0 |   145 |      0 |      0 |    0 |          4 |
|     ldA                                       |                              LoopMatmulLdA |        515 |        515 |       0 |    0 |   134 |      0 |      0 |    0 |          2 |
|     ldB                                       |                              LoopMatmulLdB |        450 |        450 |       0 |    0 |   133 |      0 |      0 |    0 |          3 |
|     ldD                                       |                              LoopMatmulLdD |        382 |        382 |       0 |    0 |   118 |      0 |      0 |    0 |          2 |
|     stC                                       |                              LoopMatmulStC |        577 |        577 |       0 |    0 |   172 |      0 |      0 |    0 |          5 |
|     stC_spad                                  |                          LoopMatmulStCSpad |        239 |        239 |       0 |    0 |   110 |      0 |      0 |    0 |          1 |
|   raw_cmd_q                                   |                          Queue2_GemminiCmd |        123 |          3 |     120 |    0 |     3 |      0 |      0 |    0 |          0 |
|     (raw_cmd_q)                               |                          Queue2_GemminiCmd |          3 |          3 |       0 |    0 |     3 |      0 |      0 |    0 |          0 |
|     ram_ext                                   |                              ram_2x274_181 |        121 |          1 |     120 |    0 |     0 |      0 |      0 |    0 |          0 |
|   reservation_station                         |                         ReservationStation |       5463 |       5463 |       0 |    0 |  6028 |      0 |      0 |    0 |          4 |
|   spad                                        |                                 Scratchpad |      37990 |      35708 |    2282 |    0 | 17928 |     16 |      0 |    8 |         42 |
|     (spad)                                    |                                 Scratchpad |          4 |          4 |       0 |    0 |     0 |      0 |      0 |    0 |          0 |
|     acc_adders                                |                              AccPipeShared |        512 |        512 |       0 |    0 |   512 |      0 |      0 |    0 |          0 |
|       m                                       |                                    AccPipe |         32 |         32 |       0 |    0 |    32 |      0 |      0 |    0 |          0 |
|       m_1                                     |                                AccPipe_166 |         32 |         32 |       0 |    0 |    32 |      0 |      0 |    0 |          0 |
|       m_10                                    |                                AccPipe_167 |         32 |         32 |       0 |    0 |    32 |      0 |      0 |    0 |          0 |
|       m_11                                    |                                AccPipe_168 |         32 |         32 |       0 |    0 |    32 |      0 |      0 |    0 |          0 |
|       m_12                                    |                                AccPipe_169 |         32 |         32 |       0 |    0 |    32 |      0 |      0 |    0 |          0 |
|       m_13                                    |                                AccPipe_170 |         32 |         32 |       0 |    0 |    32 |      0 |      0 |    0 |          0 |
|       m_14                                    |                                AccPipe_171 |         32 |         32 |       0 |    0 |    32 |      0 |      0 |    0 |          0 |
|       m_15                                    |                                AccPipe_172 |         32 |         32 |       0 |    0 |    32 |      0 |      0 |    0 |          0 |
|       m_2                                     |                                AccPipe_173 |         32 |         32 |       0 |    0 |    32 |      0 |      0 |    0 |          0 |
|       m_3                                     |                                AccPipe_174 |         32 |         32 |       0 |    0 |    32 |      0 |      0 |    0 |          0 |
|       m_4                                     |                                AccPipe_175 |         32 |         32 |       0 |    0 |    32 |      0 |      0 |    0 |          0 |
|       m_5                                     |                                AccPipe_176 |         32 |         32 |       0 |    0 |    32 |      0 |      0 |    0 |          0 |
|       m_6                                     |                                AccPipe_177 |         32 |         32 |       0 |    0 |    32 |      0 |      0 |    0 |          0 |
|       m_7                                     |                                AccPipe_178 |         32 |         32 |       0 |    0 |    32 |      0 |      0 |    0 |          0 |
|       m_8                                     |                                AccPipe_179 |         32 |         32 |       0 |    0 |    32 |      0 |      0 |    0 |          0 |
|       m_9                                     |                                AccPipe_180 |         32 |         32 |       0 |    0 |    32 |      0 |      0 |    0 |          0 |
|     acc_mems_0                                |                             AccumulatorMem |       1323 |       1323 |       0 |    0 |  1775 |      8 |      0 |    0 |          0 |
|       (acc_mems_0)                            |                             AccumulatorMem |        269 |        269 |       0 |    0 |  1227 |      0 |      0 |    0 |          0 |
|       mem                                     |                         TwoPortSyncMem_155 |        504 |        504 |       0 |    0 |     0 |      8 |      0 |    0 |          0 |
|         mem_ext                               |                            mem_512x512_157 |        504 |        504 |       0 |    0 |     0 |      8 |      0 |    0 |          0 |
|           col[0].m                            |                        mem_512x512_col_158 |         62 |         62 |       0 |    0 |     0 |      1 |      0 |    0 |          0 |
|           col[1].m                            |                        mem_512x512_col_159 |         62 |         62 |       0 |    0 |     0 |      1 |      0 |    0 |          0 |
|           col[2].m                            |                        mem_512x512_col_160 |         62 |         62 |       0 |    0 |     0 |      1 |      0 |    0 |          0 |
|           col[3].m                            |                        mem_512x512_col_161 |         62 |         62 |       0 |    0 |     0 |      1 |      0 |    0 |          0 |
|           col[4].m                            |                        mem_512x512_col_162 |         62 |         62 |       0 |    0 |     0 |      1 |      0 |    0 |          0 |
|           col[5].m                            |                        mem_512x512_col_163 |         62 |         62 |       0 |    0 |     0 |      1 |      0 |    0 |          0 |
|           col[6].m                            |                        mem_512x512_col_164 |         62 |         62 |       0 |    0 |     0 |      1 |      0 |    0 |          0 |
|           col[7].m                            |                        mem_512x512_col_165 |         70 |         70 |       0 |    0 |     0 |      1 |      0 |    0 |          0 |
|       q                                       |             Queue1_AccumulatorReadResp_156 |        550 |        550 |       0 |    0 |   548 |      0 |      0 |    0 |          0 |
|     acc_mems_1                                |                           AccumulatorMem_3 |        542 |        542 |       0 |    0 |  1745 |      8 |      0 |    0 |          0 |
|       (acc_mems_1)                            |                           AccumulatorMem_3 |        269 |        269 |       0 |    0 |  1192 |      0 |      0 |    0 |          0 |
|       mem                                     |                             TwoPortSyncMem |          8 |          8 |       0 |    0 |     0 |      8 |      0 |    0 |          0 |
|         mem_ext                               |                                mem_512x512 |          8 |          8 |       0 |    0 |     0 |      8 |      0 |    0 |          0 |
|           col[0].m                            |                            mem_512x512_col |          0 |          0 |       0 |    0 |     0 |      1 |      0 |    0 |          0 |
|           col[1].m                            |                        mem_512x512_col_148 |          0 |          0 |       0 |    0 |     0 |      1 |      0 |    0 |          0 |
|           col[2].m                            |                        mem_512x512_col_149 |          0 |          0 |       0 |    0 |     0 |      1 |      0 |    0 |          0 |
|           col[3].m                            |                        mem_512x512_col_150 |          0 |          0 |       0 |    0 |     0 |      1 |      0 |    0 |          0 |
|           col[4].m                            |                        mem_512x512_col_151 |          0 |          0 |       0 |    0 |     0 |      1 |      0 |    0 |          0 |
|           col[5].m                            |                        mem_512x512_col_152 |          0 |          0 |       0 |    0 |     0 |      1 |      0 |    0 |          0 |
|           col[6].m                            |                        mem_512x512_col_153 |          0 |          0 |       0 |    0 |     0 |      1 |      0 |    0 |          0 |
|           col[7].m                            |                        mem_512x512_col_154 |          8 |          8 |       0 |    0 |     0 |      1 |      0 |    0 |          0 |
|       q                                       |                 Queue1_AccumulatorReadResp |        265 |        265 |       0 |    0 |   553 |      0 |      0 |    0 |          0 |
|     acc_scale_unit                            |                           AccumulatorScale |      12004 |      12004 |       0 |    0 |  1048 |      0 |      0 |    0 |         32 |
|       activated_data_e_scaled_in_to_rec_fn    |                       INToRecFN_i32_e8_s24 |          0 |          0 |       0 |    0 |     0 |      0 |      0 |    0 |          0 |
|         roundAnyRawFNToRecFN                  | RoundAnyRawFNToRecFN_ie6_is32_oe8_os24_147 |          0 |          0 |       0 |    0 |     0 |      0 |      0 |    0 |          0 |
|       activated_data_e_scaled_in_to_rec_fn_1  |                    INToRecFN_i32_e8_s24_54 |          0 |          0 |       0 |    0 |     0 |      0 |      0 |    0 |          0 |
|         roundAnyRawFNToRecFN                  | RoundAnyRawFNToRecFN_ie6_is32_oe8_os24_146 |          0 |          0 |       0 |    0 |     0 |      0 |      0 |    0 |          0 |
|       activated_data_e_scaled_in_to_rec_fn_10 |                    INToRecFN_i32_e8_s24_55 |          0 |          0 |       0 |    0 |     0 |      0 |      0 |    0 |          0 |
|         roundAnyRawFNToRecFN                  | RoundAnyRawFNToRecFN_ie6_is32_oe8_os24_145 |          0 |          0 |       0 |    0 |     0 |      0 |      0 |    0 |          0 |
|       activated_data_e_scaled_in_to_rec_fn_11 |                    INToRecFN_i32_e8_s24_56 |          0 |          0 |       0 |    0 |     0 |      0 |      0 |    0 |          0 |
|         roundAnyRawFNToRecFN                  | RoundAnyRawFNToRecFN_ie6_is32_oe8_os24_144 |          0 |          0 |       0 |    0 |     0 |      0 |      0 |    0 |          0 |
|       activated_data_e_scaled_in_to_rec_fn_12 |                    INToRecFN_i32_e8_s24_57 |          0 |          0 |       0 |    0 |     0 |      0 |      0 |    0 |          0 |
|         roundAnyRawFNToRecFN                  | RoundAnyRawFNToRecFN_ie6_is32_oe8_os24_143 |          0 |          0 |       0 |    0 |     0 |      0 |      0 |    0 |          0 |
|       activated_data_e_scaled_in_to_rec_fn_13 |                    INToRecFN_i32_e8_s24_58 |          0 |          0 |       0 |    0 |     0 |      0 |      0 |    0 |          0 |
|         roundAnyRawFNToRecFN                  | RoundAnyRawFNToRecFN_ie6_is32_oe8_os24_142 |          0 |          0 |       0 |    0 |     0 |      0 |      0 |    0 |          0 |
|       activated_data_e_scaled_in_to_rec_fn_14 |                    INToRecFN_i32_e8_s24_59 |          0 |          0 |       0 |    0 |     0 |      0 |      0 |    0 |          0 |
|         roundAnyRawFNToRecFN                  | RoundAnyRawFNToRecFN_ie6_is32_oe8_os24_141 |          0 |          0 |       0 |    0 |     0 |      0 |      0 |    0 |          0 |
|       activated_data_e_scaled_in_to_rec_fn_15 |                    INToRecFN_i32_e8_s24_60 |          0 |          0 |       0 |    0 |     0 |      0 |      0 |    0 |          0 |
|         roundAnyRawFNToRecFN                  | RoundAnyRawFNToRecFN_ie6_is32_oe8_os24_140 |          0 |          0 |       0 |    0 |     0 |      0 |      0 |    0 |          0 |
|       activated_data_e_scaled_in_to_rec_fn_2  |                    INToRecFN_i32_e8_s24_61 |          0 |          0 |       0 |    0 |     0 |      0 |      0 |    0 |          0 |
|         roundAnyRawFNToRecFN                  | RoundAnyRawFNToRecFN_ie6_is32_oe8_os24_139 |          0 |          0 |       0 |    0 |     0 |      0 |      0 |    0 |          0 |
|       activated_data_e_scaled_in_to_rec_fn_3  |                    INToRecFN_i32_e8_s24_62 |          0 |          0 |       0 |    0 |     0 |      0 |      0 |    0 |          0 |
|         roundAnyRawFNToRecFN                  | RoundAnyRawFNToRecFN_ie6_is32_oe8_os24_138 |          0 |          0 |       0 |    0 |     0 |      0 |      0 |    0 |          0 |
|       activated_data_e_scaled_in_to_rec_fn_4  |                    INToRecFN_i32_e8_s24_63 |          0 |          0 |       0 |    0 |     0 |      0 |      0 |    0 |          0 |
|         roundAnyRawFNToRecFN                  | RoundAnyRawFNToRecFN_ie6_is32_oe8_os24_137 |          0 |          0 |       0 |    0 |     0 |      0 |      0 |    0 |          0 |
|       activated_data_e_scaled_in_to_rec_fn_5  |                    INToRecFN_i32_e8_s24_64 |          0 |          0 |       0 |    0 |     0 |      0 |      0 |    0 |          0 |
|         roundAnyRawFNToRecFN                  | RoundAnyRawFNToRecFN_ie6_is32_oe8_os24_136 |          0 |          0 |       0 |    0 |     0 |      0 |      0 |    0 |          0 |
|       activated_data_e_scaled_in_to_rec_fn_6  |                    INToRecFN_i32_e8_s24_65 |          0 |          0 |       0 |    0 |     0 |      0 |      0 |    0 |          0 |
|         roundAnyRawFNToRecFN                  | RoundAnyRawFNToRecFN_ie6_is32_oe8_os24_135 |          0 |          0 |       0 |    0 |     0 |      0 |      0 |    0 |          0 |
|       activated_data_e_scaled_in_to_rec_fn_7  |                    INToRecFN_i32_e8_s24_66 |          0 |          0 |       0 |    0 |     0 |      0 |      0 |    0 |          0 |
|         roundAnyRawFNToRecFN                  | RoundAnyRawFNToRecFN_ie6_is32_oe8_os24_134 |          0 |          0 |       0 |    0 |     0 |      0 |      0 |    0 |          0 |
|       activated_data_e_scaled_in_to_rec_fn_8  |                    INToRecFN_i32_e8_s24_67 |          0 |          0 |       0 |    0 |     0 |      0 |      0 |    0 |          0 |
|         roundAnyRawFNToRecFN                  | RoundAnyRawFNToRecFN_ie6_is32_oe8_os24_133 |          0 |          0 |       0 |    0 |     0 |      0 |      0 |    0 |          0 |
|       activated_data_e_scaled_in_to_rec_fn_9  |                    INToRecFN_i32_e8_s24_68 |          0 |          0 |       0 |    0 |     0 |      0 |      0 |    0 |          0 |
|         roundAnyRawFNToRecFN                  |     RoundAnyRawFNToRecFN_ie6_is32_oe8_os24 |          0 |          0 |       0 |    0 |     0 |      0 |      0 |    0 |          0 |
|       activated_data_e_scaled_muladder        |                      MulAddRecFN_e8_s24_69 |        789 |        789 |       0 |    0 |     0 |      0 |      0 |    0 |          2 |
|         (activated_data_e_scaled_muladder)    |                      MulAddRecFN_e8_s24_69 |        265 |        265 |       0 |    0 |     0 |      0 |      0 |    0 |          2 |
|         mulAddRecFNToRaw_preMul               |         MulAddRecFNToRaw_preMul_e8_s24_130 |        526 |        526 |       0 |    0 |     0 |      0 |      0 |    0 |          0 |
|         roundRawFNToRecFN                     |               RoundRawFNToRecFN_e8_s24_131 |          0 |          0 |       0 |    0 |     0 |      0 |      0 |    0 |          0 |
|           roundAnyRawFNToRecFN                | RoundAnyRawFNToRecFN_ie8_is26_oe8_os24_132 |          0 |          0 |       0 |    0 |     0 |      0 |      0 |    0 |          0 |
|       activated_data_e_scaled_muladder_1      |                      MulAddRecFN_e8_s24_70 |        758 |        758 |       0 |    0 |     0 |      0 |      0 |    0 |          2 |
|         (activated_data_e_scaled_muladder_1)  |                      MulAddRecFN_e8_s24_70 |        221 |        221 |       0 |    0 |     0 |      0 |      0 |    0 |          2 |
|         mulAddRecFNToRaw_preMul               |         MulAddRecFNToRaw_preMul_e8_s24_127 |        537 |        537 |       0 |    0 |     0 |      0 |      0 |    0 |          0 |
|         roundRawFNToRecFN                     |               RoundRawFNToRecFN_e8_s24_128 |          0 |          0 |       0 |    0 |     0 |      0 |      0 |    0 |          0 |
|           roundAnyRawFNToRecFN                | RoundAnyRawFNToRecFN_ie8_is26_oe8_os24_129 |          0 |          0 |       0 |    0 |     0 |      0 |      0 |    0 |          0 |
|       activated_data_e_scaled_muladder_10     |                      MulAddRecFN_e8_s24_71 |        728 |        728 |       0 |    0 |     0 |      0 |      0 |    0 |          2 |
|         (activated_data_e_scaled_muladder_10) |                      MulAddRecFN_e8_s24_71 |        208 |        208 |       0 |    0 |     0 |      0 |      0 |    0 |          2 |
|         mulAddRecFNToRaw_preMul               |         MulAddRecFNToRaw_preMul_e8_s24_124 |        520 |        520 |       0 |    0 |     0 |      0 |      0 |    0 |          0 |
|         roundRawFNToRecFN                     |               RoundRawFNToRecFN_e8_s24_125 |          0 |          0 |       0 |    0 |     0 |      0 |      0 |    0 |          0 |
|           roundAnyRawFNToRecFN                | RoundAnyRawFNToRecFN_ie8_is26_oe8_os24_126 |          0 |          0 |       0 |    0 |     0 |      0 |      0 |    0 |          0 |
|       activated_data_e_scaled_muladder_11     |                      MulAddRecFN_e8_s24_72 |        742 |        742 |       0 |    0 |     0 |      0 |      0 |    0 |          2 |
|         (activated_data_e_scaled_muladder_11) |                      MulAddRecFN_e8_s24_72 |        210 |        210 |       0 |    0 |     0 |      0 |      0 |    0 |          2 |
|         mulAddRecFNToRaw_preMul               |         MulAddRecFNToRaw_preMul_e8_s24_121 |        532 |        532 |       0 |    0 |     0 |      0 |      0 |    0 |          0 |
|         roundRawFNToRecFN                     |               RoundRawFNToRecFN_e8_s24_122 |          0 |          0 |       0 |    0 |     0 |      0 |      0 |    0 |          0 |
|           roundAnyRawFNToRecFN                | RoundAnyRawFNToRecFN_ie8_is26_oe8_os24_123 |          0 |          0 |       0 |    0 |     0 |      0 |      0 |    0 |          0 |
|       activated_data_e_scaled_muladder_12     |                      MulAddRecFN_e8_s24_73 |        743 |        743 |       0 |    0 |     0 |      0 |      0 |    0 |          2 |
|         (activated_data_e_scaled_muladder_12) |                      MulAddRecFN_e8_s24_73 |        212 |        212 |       0 |    0 |     0 |      0 |      0 |    0 |          2 |
|         mulAddRecFNToRaw_preMul               |         MulAddRecFNToRaw_preMul_e8_s24_118 |        532 |        532 |       0 |    0 |     0 |      0 |      0 |    0 |          0 |
|         roundRawFNToRecFN                     |               RoundRawFNToRecFN_e8_s24_119 |          0 |          0 |       0 |    0 |     0 |      0 |      0 |    0 |          0 |
|           roundAnyRawFNToRecFN                | RoundAnyRawFNToRecFN_ie8_is26_oe8_os24_120 |          0 |          0 |       0 |    0 |     0 |      0 |      0 |    0 |          0 |
|       activated_data_e_scaled_muladder_13     |                      MulAddRecFN_e8_s24_74 |        738 |        738 |       0 |    0 |     0 |      0 |      0 |    0 |          2 |
|         (activated_data_e_scaled_muladder_13) |                      MulAddRecFN_e8_s24_74 |        209 |        209 |       0 |    0 |     0 |      0 |      0 |    0 |          2 |
|         mulAddRecFNToRaw_preMul               |         MulAddRecFNToRaw_preMul_e8_s24_115 |        529 |        529 |       0 |    0 |     0 |      0 |      0 |    0 |          0 |
|         roundRawFNToRecFN                     |               RoundRawFNToRecFN_e8_s24_116 |          0 |          0 |       0 |    0 |     0 |      0 |      0 |    0 |          0 |
|           roundAnyRawFNToRecFN                | RoundAnyRawFNToRecFN_ie8_is26_oe8_os24_117 |          0 |          0 |       0 |    0 |     0 |      0 |      0 |    0 |          0 |
|       activated_data_e_scaled_muladder_14     |                      MulAddRecFN_e8_s24_75 |        730 |        730 |       0 |    0 |     0 |      0 |      0 |    0 |          2 |
|         (activated_data_e_scaled_muladder_14) |                      MulAddRecFN_e8_s24_75 |        209 |        209 |       0 |    0 |     0 |      0 |      0 |    0 |          2 |
|         mulAddRecFNToRaw_preMul               |         MulAddRecFNToRaw_preMul_e8_s24_112 |        522 |        522 |       0 |    0 |     0 |      0 |      0 |    0 |          0 |
|         roundRawFNToRecFN                     |               RoundRawFNToRecFN_e8_s24_113 |          0 |          0 |       0 |    0 |     0 |      0 |      0 |    0 |          0 |
|           roundAnyRawFNToRecFN                | RoundAnyRawFNToRecFN_ie8_is26_oe8_os24_114 |          0 |          0 |       0 |    0 |     0 |      0 |      0 |    0 |          0 |
|       activated_data_e_scaled_muladder_15     |                      MulAddRecFN_e8_s24_76 |        749 |        749 |       0 |    0 |     0 |      0 |      0 |    0 |          2 |
|         (activated_data_e_scaled_muladder_15) |                      MulAddRecFN_e8_s24_76 |        212 |        212 |       0 |    0 |     0 |      0 |      0 |    0 |          2 |
|         mulAddRecFNToRaw_preMul               |         MulAddRecFNToRaw_preMul_e8_s24_109 |        537 |        537 |       0 |    0 |     0 |      0 |      0 |    0 |          0 |
|         roundRawFNToRecFN                     |               RoundRawFNToRecFN_e8_s24_110 |          0 |          0 |       0 |    0 |     0 |      0 |      0 |    0 |          0 |
|           roundAnyRawFNToRecFN                | RoundAnyRawFNToRecFN_ie8_is26_oe8_os24_111 |          0 |          0 |       0 |    0 |     0 |      0 |      0 |    0 |          0 |
|       activated_data_e_scaled_muladder_2      |                      MulAddRecFN_e8_s24_77 |        765 |        765 |       0 |    0 |     0 |      0 |      0 |    0 |          2 |
|         (activated_data_e_scaled_muladder_2)  |                      MulAddRecFN_e8_s24_77 |        225 |        225 |       0 |    0 |     0 |      0 |      0 |    0 |          2 |
|         mulAddRecFNToRaw_preMul               |         MulAddRecFNToRaw_preMul_e8_s24_106 |        540 |        540 |       0 |    0 |     0 |      0 |      0 |    0 |          0 |
|         roundRawFNToRecFN                     |               RoundRawFNToRecFN_e8_s24_107 |          0 |          0 |       0 |    0 |     0 |      0 |      0 |    0 |          0 |
|           roundAnyRawFNToRecFN                | RoundAnyRawFNToRecFN_ie8_is26_oe8_os24_108 |          0 |          0 |       0 |    0 |     0 |      0 |      0 |    0 |          0 |
|       activated_data_e_scaled_muladder_3      |                      MulAddRecFN_e8_s24_78 |        796 |        796 |       0 |    0 |     0 |      0 |      0 |    0 |          2 |
|         (activated_data_e_scaled_muladder_3)  |                      MulAddRecFN_e8_s24_78 |        267 |        267 |       0 |    0 |     0 |      0 |      0 |    0 |          2 |
|         mulAddRecFNToRaw_preMul               |         MulAddRecFNToRaw_preMul_e8_s24_103 |        529 |        529 |       0 |    0 |     0 |      0 |      0 |    0 |          0 |
|         roundRawFNToRecFN                     |               RoundRawFNToRecFN_e8_s24_104 |          0 |          0 |       0 |    0 |     0 |      0 |      0 |    0 |          0 |
|           roundAnyRawFNToRecFN                | RoundAnyRawFNToRecFN_ie8_is26_oe8_os24_105 |          0 |          0 |       0 |    0 |     0 |      0 |      0 |    0 |          0 |
|       activated_data_e_scaled_muladder_4      |                      MulAddRecFN_e8_s24_79 |        751 |        751 |       0 |    0 |     0 |      0 |      0 |    0 |          2 |
|         (activated_data_e_scaled_muladder_4)  |                      MulAddRecFN_e8_s24_79 |        214 |        214 |       0 |    0 |     0 |      0 |      0 |    0 |          2 |
|         mulAddRecFNToRaw_preMul               |         MulAddRecFNToRaw_preMul_e8_s24_100 |        537 |        537 |       0 |    0 |     0 |      0 |      0 |    0 |          0 |
|         roundRawFNToRecFN                     |               RoundRawFNToRecFN_e8_s24_101 |          0 |          0 |       0 |    0 |     0 |      0 |      0 |    0 |          0 |
|           roundAnyRawFNToRecFN                | RoundAnyRawFNToRecFN_ie8_is26_oe8_os24_102 |          0 |          0 |       0 |    0 |     0 |      0 |      0 |    0 |          0 |
|       activated_data_e_scaled_muladder_5      |                      MulAddRecFN_e8_s24_80 |        757 |        757 |       0 |    0 |     0 |      0 |      0 |    0 |          2 |
|         (activated_data_e_scaled_muladder_5)  |                      MulAddRecFN_e8_s24_80 |        221 |        221 |       0 |    0 |     0 |      0 |      0 |    0 |          2 |
|         mulAddRecFNToRaw_preMul               |          MulAddRecFNToRaw_preMul_e8_s24_97 |        536 |        536 |       0 |    0 |     0 |      0 |      0 |    0 |          0 |
|         roundRawFNToRecFN                     |                RoundRawFNToRecFN_e8_s24_98 |          0 |          0 |       0 |    0 |     0 |      0 |      0 |    0 |          0 |
|           roundAnyRawFNToRecFN                |  RoundAnyRawFNToRecFN_ie8_is26_oe8_os24_99 |          0 |          0 |       0 |    0 |     0 |      0 |      0 |    0 |          0 |
|       activated_data_e_scaled_muladder_6      |                      MulAddRecFN_e8_s24_81 |        788 |        788 |       0 |    0 |     0 |      0 |      0 |    0 |          2 |
|         (activated_data_e_scaled_muladder_6)  |                      MulAddRecFN_e8_s24_81 |        259 |        259 |       0 |    0 |     0 |      0 |      0 |    0 |          2 |
|         mulAddRecFNToRaw_preMul               |          MulAddRecFNToRaw_preMul_e8_s24_94 |        530 |        530 |       0 |    0 |     0 |      0 |      0 |    0 |          0 |
|         roundRawFNToRecFN                     |                RoundRawFNToRecFN_e8_s24_95 |          0 |          0 |       0 |    0 |     0 |      0 |      0 |    0 |          0 |
|           roundAnyRawFNToRecFN                |  RoundAnyRawFNToRecFN_ie8_is26_oe8_os24_96 |          0 |          0 |       0 |    0 |     0 |      0 |      0 |    0 |          0 |
|       activated_data_e_scaled_muladder_7      |                      MulAddRecFN_e8_s24_82 |        752 |        752 |       0 |    0 |     0 |      0 |      0 |    0 |          2 |
|         (activated_data_e_scaled_muladder_7)  |                      MulAddRecFN_e8_s24_82 |        213 |        213 |       0 |    0 |     0 |      0 |      0 |    0 |          2 |
|         mulAddRecFNToRaw_preMul               |          MulAddRecFNToRaw_preMul_e8_s24_91 |        539 |        539 |       0 |    0 |     0 |      0 |      0 |    0 |          0 |
|         roundRawFNToRecFN                     |                RoundRawFNToRecFN_e8_s24_92 |          0 |          0 |       0 |    0 |     0 |      0 |      0 |    0 |          0 |
|           roundAnyRawFNToRecFN                |  RoundAnyRawFNToRecFN_ie8_is26_oe8_os24_93 |          0 |          0 |       0 |    0 |     0 |      0 |      0 |    0 |          0 |
|       activated_data_e_scaled_muladder_8      |                      MulAddRecFN_e8_s24_83 |        707 |        707 |       0 |    0 |     0 |      0 |      0 |    0 |          2 |
|         (activated_data_e_scaled_muladder_8)  |                      MulAddRecFN_e8_s24_83 |        198 |        198 |       0 |    0 |     0 |      0 |      0 |    0 |          2 |
|         mulAddRecFNToRaw_preMul               |          MulAddRecFNToRaw_preMul_e8_s24_88 |        509 |        509 |       0 |    0 |     0 |      0 |      0 |    0 |          0 |
|         roundRawFNToRecFN                     |                RoundRawFNToRecFN_e8_s24_89 |          0 |          0 |       0 |    0 |     0 |      0 |      0 |    0 |          0 |
|           roundAnyRawFNToRecFN                |  RoundAnyRawFNToRecFN_ie8_is26_oe8_os24_90 |          0 |          0 |       0 |    0 |     0 |      0 |      0 |    0 |          0 |
|       activated_data_e_scaled_muladder_9      |                      MulAddRecFN_e8_s24_84 |        692 |        692 |       0 |    0 |     0 |      0 |      0 |    0 |          2 |
|         (activated_data_e_scaled_muladder_9)  |                      MulAddRecFN_e8_s24_84 |        195 |        195 |       0 |    0 |     0 |      0 |      0 |    0 |          2 |
|         mulAddRecFNToRaw_preMul               |          MulAddRecFNToRaw_preMul_e8_s24_85 |        497 |        497 |       0 |    0 |     0 |      0 |      0 |    0 |          0 |
|         roundRawFNToRecFN                     |                RoundRawFNToRecFN_e8_s24_86 |          0 |          0 |       0 |    0 |     0 |      0 |      0 |    0 |          0 |
|           roundAnyRawFNToRecFN                |  RoundAnyRawFNToRecFN_ie8_is26_oe8_os24_87 |          0 |          0 |       0 |    0 |     0 |      0 |      0 |    0 |          0 |
|       pipe_out_p                              |                                 Pipeline_1 |         19 |         19 |       0 |    0 |  1048 |      0 |      0 |    0 |          0 |
|     buffer                                    |                    TLBuffer_a32d128s6k2z4u |        322 |        200 |     122 |    0 |     6 |      0 |      0 |    0 |          0 |
|       nodeIn_d_q                              |         Queue2_TLBundleD_a32d128s6k2z4u_50 |        265 |        183 |      82 |    0 |     3 |      0 |      0 |    0 |          0 |
|         (nodeIn_d_q)                          |         Queue2_TLBundleD_a32d128s6k2z4u_50 |          5 |          5 |       0 |    0 |     3 |      0 |      0 |    0 |          0 |
|         ram_ext                               |                               ram_2x141_53 |        260 |        178 |      82 |    0 |     0 |      0 |      0 |    0 |          0 |
|       nodeOut_a_q                             |         Queue2_TLBundleA_a32d128s6k2z4u_51 |         57 |         17 |      40 |    0 |     3 |      0 |      0 |    0 |          0 |
|         (nodeOut_a_q)                         |         Queue2_TLBundleA_a32d128s6k2z4u_51 |          5 |          5 |       0 |    0 |     3 |      0 |      0 |    0 |          0 |
|         ram_ext                               |                               ram_2x193_52 |         53 |         13 |      40 |    0 |     0 |      0 |      0 |    0 |          0 |
|     buffer_1                                  |                  TLBuffer_a32d128s6k2z4u_4 |        237 |        117 |     120 |    0 |     6 |      0 |      0 |    0 |          0 |
|       nodeIn_d_q                              |            Queue2_TLBundleD_a32d128s6k2z4u |         39 |         31 |       8 |    0 |     3 |      0 |      0 |    0 |          0 |
|         (nodeIn_d_q)                          |            Queue2_TLBundleD_a32d128s6k2z4u |          3 |          3 |       0 |    0 |     3 |      0 |      0 |    0 |          0 |
|         ram_ext                               |                                  ram_2x141 |         36 |         28 |       8 |    0 |     0 |      0 |      0 |    0 |          0 |
|       nodeOut_a_q                             |            Queue2_TLBundleA_a32d128s6k2z4u |        198 |         86 |     112 |    0 |     3 |      0 |      0 |    0 |          0 |
|         (nodeOut_a_q)                         |            Queue2_TLBundleA_a32d128s6k2z4u |         15 |         15 |       0 |    0 |     3 |      0 |      0 |    0 |          0 |
|         ram_ext                               |                                  ram_2x193 |        183 |         71 |     112 |    0 |     0 |      0 |      0 |    0 |          0 |
|     buffer_2                                  |                    TLBuffer_a32d128s7k2z4u |        216 |         16 |     200 |    0 |     6 |      0 |      0 |    0 |          0 |
|       nodeIn_d_q                              |            Queue2_TLBundleD_a32d128s7k2z4u |         94 |          6 |      88 |    0 |     3 |      0 |      0 |    0 |          0 |
|         (nodeIn_d_q)                          |            Queue2_TLBundleD_a32d128s7k2z4u |          4 |          4 |       0 |    0 |     3 |      0 |      0 |    0 |          0 |
|         ram_ext                               |                                  ram_2x148 |         90 |          2 |      88 |    0 |     0 |      0 |      0 |    0 |          0 |
|       nodeOut_a_q                             |            Queue2_TLBundleA_a32d128s7k2z4u |        122 |         10 |     112 |    0 |     3 |      0 |      0 |    0 |          0 |
|         (nodeOut_a_q)                         |            Queue2_TLBundleA_a32d128s7k2z4u |         10 |         10 |       0 |    0 |     3 |      0 |      0 |    0 |          0 |
|         ram_ext                               |                                  ram_2x194 |        113 |          1 |     112 |    0 |     0 |      0 |      0 |    0 |          0 |
|     dma_read_pipe                             |                  Queue4_ScratchpadReadResp |         81 |          7 |      74 |    0 |     5 |      0 |      0 |    0 |          0 |
|       (dma_read_pipe)                         |                  Queue4_ScratchpadReadResp |          6 |          6 |       0 |    0 |     5 |      0 |      0 |    0 |          0 |
|       ram_ext                                 |                               ram_4x129_49 |         75 |          1 |      74 |    0 |     0 |      0 |      0 |    0 |          0 |
|     dma_read_pipe_1                           |                Queue4_ScratchpadReadResp_5 |         79 |          5 |      74 |    0 |     5 |      0 |      0 |    0 |          0 |
|       (dma_read_pipe_1)                       |                Queue4_ScratchpadReadResp_5 |          4 |          4 |       0 |    0 |     5 |      0 |      0 |    0 |          0 |
|       ram_ext                                 |                               ram_4x129_48 |         75 |          1 |      74 |    0 |     0 |      0 |      0 |    0 |          0 |
|     dma_read_pipe_2                           |                Queue4_ScratchpadReadResp_6 |         79 |          5 |      74 |    0 |     5 |      0 |      0 |    0 |          0 |
|       (dma_read_pipe_2)                       |                Queue4_ScratchpadReadResp_6 |          4 |          4 |       0 |    0 |     5 |      0 |      0 |    0 |          0 |
|       ram_ext                                 |                               ram_4x129_47 |         75 |          1 |      74 |    0 |     0 |      0 |      0 |    0 |          0 |
|     dma_read_pipe_3                           |                Queue4_ScratchpadReadResp_7 |         81 |          7 |      74 |    0 |     5 |      0 |      0 |    0 |          0 |
|       (dma_read_pipe_3)                       |                Queue4_ScratchpadReadResp_7 |          6 |          6 |       0 |    0 |     5 |      0 |      0 |    0 |          0 |
|       ram_ext                                 |                               ram_4x129_46 |         75 |          1 |      74 |    0 |     0 |      0 |      0 |    0 |          0 |
|     ex_read_pipe                              |                Queue4_ScratchpadReadResp_8 |        134 |         58 |      76 |    0 |     5 |      0 |      0 |    0 |          0 |
|       (ex_read_pipe)                          |                Queue4_ScratchpadReadResp_8 |          5 |          5 |       0 |    0 |     5 |      0 |      0 |    0 |          0 |
|       ram_ext                                 |                               ram_4x129_45 |        130 |         54 |      76 |    0 |     0 |      0 |      0 |    0 |          0 |
|     ex_read_pipe_1                            |                Queue4_ScratchpadReadResp_9 |         91 |         15 |      76 |    0 |     5 |      0 |      0 |    0 |          0 |
|       (ex_read_pipe_1)                        |                Queue4_ScratchpadReadResp_9 |          5 |          5 |       0 |    0 |     5 |      0 |      0 |    0 |          0 |
|       ram_ext                                 |                               ram_4x129_44 |         87 |         11 |      76 |    0 |     0 |      0 |      0 |    0 |          0 |
|     ex_read_pipe_2                            |               Queue4_ScratchpadReadResp_10 |        109 |         33 |      76 |    0 |     5 |      0 |      0 |    0 |          0 |
|       (ex_read_pipe_2)                        |               Queue4_ScratchpadReadResp_10 |          5 |          5 |       0 |    0 |     5 |      0 |      0 |    0 |          0 |
|       ram_ext                                 |                               ram_4x129_43 |        104 |         28 |      76 |    0 |     0 |      0 |      0 |    0 |          0 |
|     ex_read_pipe_3                            |               Queue4_ScratchpadReadResp_11 |        183 |        107 |      76 |    0 |     5 |      0 |      0 |    0 |          0 |
|       (ex_read_pipe_3)                        |               Queue4_ScratchpadReadResp_11 |          5 |          5 |       0 |    0 |     5 |      0 |      0 |    0 |          0 |
|       ram_ext                                 |                                  ram_4x129 |        178 |        102 |      76 |    0 |     0 |      0 |      0 |    0 |          0 |
|     mvin_scale_pixel_repeater                 |                            PixelRepeater_1 |       1426 |       1426 |       0 |    0 |   185 |      0 |      0 |    0 |          0 |
|     norm_unit_passthru_q                      |                     Queue2_NormalizedInput |       4957 |       4641 |     316 |    0 |     3 |      0 |      0 |    0 |          0 |
|       (norm_unit_passthru_q)                  |                     Queue2_NormalizedInput |          4 |          4 |       0 |    0 |     3 |      0 |      0 |    0 |          0 |
|       ram_ext                                 |                                  ram_2x550 |       4953 |       4637 |     316 |    0 |     0 |      0 |      0 |    0 |          0 |
|     read_issue_q                              |            Queue5_ScratchpadMemReadRequest |         98 |         10 |      88 |    0 |     7 |      0 |      0 |    0 |          0 |
|       (read_issue_q)                          |            Queue5_ScratchpadMemReadRequest |          7 |          7 |       0 |    0 |     7 |      0 |      0 |    0 |          0 |
|       ram_ext                                 |                                  ram_5x258 |         91 |          3 |      88 |    0 |     0 |      0 |      0 |    0 |          0 |
|     reader                                    |                               StreamReader |       7030 |       7030 |       0 |    0 |  7738 |      0 |      0 |    0 |          1 |
|       (reader)                                |                               StreamReader |          0 |          0 |       0 |    0 |    68 |      0 |      0 |    0 |          0 |
|       beatPacker                              |                                 BeatMerger |       4715 |       4715 |       0 |    0 |   552 |      0 |      0 |    0 |          1 |
|       core                                    |                           StreamReaderCore |        239 |        239 |       0 |    0 |   302 |      0 |      0 |    0 |          0 |
|         (core)                                |                           StreamReaderCore |        102 |        102 |       0 |    0 |   174 |      0 |      0 |    0 |          0 |
|         tlb_q                                 |                   Queue1_TLBundleAWithInfo |         47 |         47 |       0 |    0 |    64 |      0 |      0 |    0 |          0 |
|         translate_q                           |                Queue1_TLBundleAWithInfo_42 |         90 |         90 |       0 |    0 |    64 |      0 |      0 |    0 |          0 |
|       xactTracker                             |                                XactTracker |       2076 |       2076 |       0 |    0 |  6816 |      0 |      0 |    0 |          0 |
|     spad_mems_0                               |                             ScratchpadBank |         72 |         72 |       0 |    0 |   132 |      0 |      0 |    2 |          0 |
|       (spad_mems_0)                           |                             ScratchpadBank |          0 |          0 |       0 |    0 |     2 |      0 |      0 |    0 |          0 |
|       mem_ext                                 |                            mem_4096x128_40 |          0 |          0 |       0 |    0 |     0 |      0 |      0 |    2 |          0 |
|       q                                       |               Queue1_ScratchpadReadResp_41 |         72 |         72 |       0 |    0 |   130 |      0 |      0 |    0 |          0 |
|     spad_mems_1                               |                          ScratchpadBank_12 |         72 |         72 |       0 |    0 |   132 |      0 |      0 |    2 |          0 |
|       (spad_mems_1)                           |                          ScratchpadBank_12 |          0 |          0 |       0 |    0 |     2 |      0 |      0 |    0 |          0 |
|       mem_ext                                 |                            mem_4096x128_38 |          0 |          0 |       0 |    0 |     0 |      0 |      0 |    2 |          0 |
|       q                                       |               Queue1_ScratchpadReadResp_39 |         72 |         72 |       0 |    0 |   130 |      0 |      0 |    0 |          0 |
|     spad_mems_2                               |                          ScratchpadBank_13 |         72 |         72 |       0 |    0 |   132 |      0 |      0 |    2 |          0 |
|       (spad_mems_2)                           |                          ScratchpadBank_13 |          0 |          0 |       0 |    0 |     2 |      0 |      0 |    0 |          0 |
|       mem_ext                                 |                            mem_4096x128_36 |          0 |          0 |       0 |    0 |     0 |      0 |      0 |    2 |          0 |
|       q                                       |               Queue1_ScratchpadReadResp_37 |         72 |         72 |       0 |    0 |   130 |      0 |      0 |    0 |          0 |
|     spad_mems_3                               |                          ScratchpadBank_14 |         72 |         72 |       0 |    0 |   132 |      0 |      0 |    2 |          0 |
|       (spad_mems_3)                           |                          ScratchpadBank_14 |          0 |          0 |       0 |    0 |     2 |      0 |      0 |    0 |          0 |
|       mem_ext                                 |                               mem_4096x128 |          0 |          0 |       0 |    0 |     0 |      0 |      0 |    2 |          0 |
|       q                                       |                  Queue1_ScratchpadReadResp |         72 |         72 |       0 |    0 |   130 |      0 |      0 |    0 |          0 |
|     vsm                                       |                     VectorScalarMultiplier |       3883 |       3883 |       0 |    0 |  1820 |      0 |      0 |    0 |          8 |
|       (vsm)                                   |                     VectorScalarMultiplier |        265 |        265 |       0 |    0 |  1596 |      0 |      0 |    0 |          0 |
|       arb                                     |                                  RRArbiter |        165 |        165 |       0 |    0 |     4 |      0 |      0 |    0 |          0 |
|       arb_1                                   |                               RRArbiter_18 |        164 |        164 |       0 |    0 |     4 |      0 |      0 |    0 |          0 |
|       arb_2                                   |                               RRArbiter_19 |        165 |        165 |       0 |    0 |     4 |      0 |      0 |    0 |          0 |
|       arb_3                                   |                               RRArbiter_20 |        165 |        165 |       0 |    0 |     4 |      0 |      0 |    0 |          0 |
|       pipe                                    |                                  ScalePipe |        740 |        740 |       0 |    0 |    52 |      0 |      0 |    0 |          2 |
|         (pipe)                                |                                  ScalePipe |         81 |         81 |       0 |    0 |    52 |      0 |      0 |    0 |          0 |
|         out_bits_data_muladder                |                      MulAddRecFN_e8_s24_32 |        659 |        659 |       0 |    0 |     0 |      0 |      0 |    0 |          2 |
|           (out_bits_data_muladder)            |                      MulAddRecFN_e8_s24_32 |        150 |        150 |       0 |    0 |     0 |      0 |      0 |    0 |          2 |
|           mulAddRecFNToRaw_preMul             |          MulAddRecFNToRaw_preMul_e8_s24_33 |        322 |        322 |       0 |    0 |     0 |      0 |      0 |    0 |          0 |
|           roundRawFNToRecFN                   |                RoundRawFNToRecFN_e8_s24_34 |        187 |        187 |       0 |    0 |     0 |      0 |      0 |    0 |          0 |
|             roundAnyRawFNToRecFN              |  RoundAnyRawFNToRecFN_ie8_is26_oe8_os24_35 |        187 |        187 |       0 |    0 |     0 |      0 |      0 |    0 |          0 |
|       pipe_1                                  |                               ScalePipe_21 |        740 |        740 |       0 |    0 |    52 |      0 |      0 |    0 |          2 |
|         (pipe_1)                              |                               ScalePipe_21 |         81 |         81 |       0 |    0 |    52 |      0 |      0 |    0 |          0 |
|         out_bits_data_muladder                |                      MulAddRecFN_e8_s24_28 |        659 |        659 |       0 |    0 |     0 |      0 |      0 |    0 |          2 |
|           (out_bits_data_muladder)            |                      MulAddRecFN_e8_s24_28 |        150 |        150 |       0 |    0 |     0 |      0 |      0 |    0 |          2 |
|           mulAddRecFNToRaw_preMul             |          MulAddRecFNToRaw_preMul_e8_s24_29 |        322 |        322 |       0 |    0 |     0 |      0 |      0 |    0 |          0 |
|           roundRawFNToRecFN                   |                RoundRawFNToRecFN_e8_s24_30 |        187 |        187 |       0 |    0 |     0 |      0 |      0 |    0 |          0 |
|             roundAnyRawFNToRecFN              |  RoundAnyRawFNToRecFN_ie8_is26_oe8_os24_31 |        187 |        187 |       0 |    0 |     0 |      0 |      0 |    0 |          0 |
|       pipe_2                                  |                               ScalePipe_22 |        740 |        740 |       0 |    0 |    52 |      0 |      0 |    0 |          2 |
|         (pipe_2)                              |                               ScalePipe_22 |         81 |         81 |       0 |    0 |    52 |      0 |      0 |    0 |          0 |
|         out_bits_data_muladder                |                      MulAddRecFN_e8_s24_24 |        659 |        659 |       0 |    0 |     0 |      0 |      0 |    0 |          2 |
|           (out_bits_data_muladder)            |                      MulAddRecFN_e8_s24_24 |        150 |        150 |       0 |    0 |     0 |      0 |      0 |    0 |          2 |
|           mulAddRecFNToRaw_preMul             |          MulAddRecFNToRaw_preMul_e8_s24_25 |        322 |        322 |       0 |    0 |     0 |      0 |      0 |    0 |          0 |
|           roundRawFNToRecFN                   |                RoundRawFNToRecFN_e8_s24_26 |        187 |        187 |       0 |    0 |     0 |      0 |      0 |    0 |          0 |
|             roundAnyRawFNToRecFN              |  RoundAnyRawFNToRecFN_ie8_is26_oe8_os24_27 |        187 |        187 |       0 |    0 |     0 |      0 |      0 |    0 |          0 |
|       pipe_3                                  |                               ScalePipe_23 |        740 |        740 |       0 |    0 |    52 |      0 |      0 |    0 |          2 |
|         (pipe_3)                              |                               ScalePipe_23 |         81 |         81 |       0 |    0 |    52 |      0 |      0 |    0 |          0 |
|         out_bits_data_muladder                |                         MulAddRecFN_e8_s24 |        659 |        659 |       0 |    0 |     0 |      0 |      0 |    0 |          2 |
|           (out_bits_data_muladder)            |                         MulAddRecFN_e8_s24 |        150 |        150 |       0 |    0 |     0 |      0 |      0 |    0 |          2 |
|           mulAddRecFNToRaw_preMul             |             MulAddRecFNToRaw_preMul_e8_s24 |        322 |        322 |       0 |    0 |     0 |      0 |      0 |    0 |          0 |
|           roundRawFNToRecFN                   |                   RoundRawFNToRecFN_e8_s24 |        187 |        187 |       0 |    0 |     0 |      0 |      0 |    0 |          0 |
|             roundAnyRawFNToRecFN              |     RoundAnyRawFNToRecFN_ie8_is26_oe8_os24 |        187 |        187 |       0 |    0 |     0 |      0 |      0 |    0 |          0 |
|     vsm_1                                     |                   VectorScalarMultiplier_1 |         38 |         38 |       0 |    0 |   617 |      0 |      0 |    0 |          0 |
|     vsm_in_q                                  |           Queue2_VectorScalarMultiplierReq |        148 |          4 |     144 |    0 |     3 |      0 |      0 |    0 |          0 |
|       (vsm_in_q)                              |           Queue2_VectorScalarMultiplierReq |          4 |          4 |       0 |    0 |     3 |      0 |      0 |    0 |          0 |
|       ram_ext                                 |                                  ram_2x257 |        144 |          0 |     144 |    0 |     0 |      0 |      0 |    0 |          0 |
|     vsm_in_q_1                                |         Queue2_VectorScalarMultiplierReq_1 |        372 |         12 |     360 |    0 |     6 |      0 |      0 |    0 |          0 |
|       (vsm_in_q_1)                            |         Queue2_VectorScalarMultiplierReq_1 |          7 |          7 |       0 |    0 |     6 |      0 |      0 |    0 |          0 |
|       ram_ext                                 |                                  ram_2x625 |        365 |          5 |     360 |    0 |     0 |      0 |      0 |    0 |          0 |
|     widget                                    |                            TLWidthWidget16 |        170 |        170 |       0 |    0 |   197 |      0 |      0 |    0 |          0 |
|       (widget)                                |                            TLWidthWidget16 |         69 |         69 |       0 |    0 |    68 |      0 |      0 |    0 |          0 |
|       repeated_repeater                       |          Repeater_TLBundleA_a32d128s7k2z4u |        101 |        101 |       0 |    0 |   129 |      0 |      0 |    0 |          0 |
|     write_dispatch_q_q                        |           Queue2_ScratchpadMemWriteRequest |        233 |        133 |     100 |    0 |     3 |      0 |      0 |    0 |          0 |
|       (write_dispatch_q_q)                    |           Queue2_ScratchpadMemWriteRequest |          3 |          3 |       0 |    0 |     3 |      0 |      0 |    0 |          0 |
|       ram_ext                                 |                                  ram_2x383 |        230 |        130 |     100 |    0 |     0 |      0 |      0 |    0 |          0 |
|     write_issue_q                             |           Queue5_ScratchpadMemWriteRequest |        460 |        396 |      64 |    0 |     7 |      0 |      0 |    0 |          0 |
|       (write_issue_q)                         |           Queue5_ScratchpadMemWriteRequest |          6 |          6 |       0 |    0 |     7 |      0 |      0 |    0 |          0 |
|       ram_ext                                 |                                  ram_5x190 |        454 |        390 |      64 |    0 |     0 |      0 |      0 |    0 |          0 |
|     write_norm_q                              |           Queue6_ScratchpadMemWriteRequest |        107 |         23 |      84 |    0 |     7 |      0 |      0 |    0 |          0 |
|       (write_norm_q)                          |           Queue6_ScratchpadMemWriteRequest |          6 |          6 |       0 |    0 |     7 |      0 |      0 |    0 |          0 |
|       ram_ext                                 |                               ram_6x383_17 |        102 |         18 |      84 |    0 |     0 |      0 |      0 |    0 |          0 |
|     write_scale_q                             |        Queue6_ScratchpadMemWriteRequest_15 |         95 |         11 |      84 |    0 |     7 |      0 |      0 |    0 |          0 |
|       (write_scale_q)                         |        Queue6_ScratchpadMemWriteRequest_15 |          6 |          6 |       0 |    0 |     7 |      0 |      0 |    0 |          0 |
|       ram_ext                                 |                                  ram_6x383 |         89 |          5 |      84 |    0 |     0 |      0 |      0 |    0 |          0 |
|     writer                                    |                               StreamWriter |       2393 |       2393 |       0 |    0 |  1592 |      0 |      0 |    0 |          0 |
|       (writer)                                |                               StreamWriter |        723 |        723 |       0 |    0 |  1011 |      0 |      0 |    0 |          0 |
|       shadow_retry_a                          |                 Queue1_TLBundleAWithInfo_2 |         51 |         51 |       0 |    0 |   195 |      0 |      0 |    0 |          0 |
|       tlb_q                                   |                 Queue1_TLBundleAWithInfo_3 |       1381 |       1381 |       0 |    0 |   193 |      0 |      0 |    0 |          0 |
|       translate_q                             |              Queue1_TLBundleAWithInfo_3_16 |        240 |        240 |       0 |    0 |   193 |      0 |      0 |    0 |          0 |
|     xbar                                      |                TLXbar_i2_o1_a32d128s7k2z4u |         70 |         70 |       0 |    0 |    12 |      0 |      0 |    0 |          0 |
|     zero_writer                               |                                 ZeroWriter |        232 |        232 |       0 |    0 |    20 |      0 |      0 |    0 |          1 |
|     zero_writer_pixel_repeater                |                              PixelRepeater |         64 |         64 |       0 |    0 |    38 |      0 |      0 |    0 |          0 |
|   store_controller                            |                            StoreController |       1010 |        894 |     116 |    0 |   262 |      0 |      0 |    0 |          6 |
|     (store_controller)                        |                            StoreController |        361 |        361 |       0 |    0 |   159 |      0 |      0 |    0 |          6 |
|     cmd_q                                     |                        Queue2_GemminiCmd_1 |        421 |        305 |     116 |    0 |     3 |      0 |      0 |    0 |          0 |
|       (cmd_q)                                 |                        Queue2_GemminiCmd_1 |         87 |         87 |       0 |    0 |     3 |      0 |      0 |    0 |          0 |
|       ram_ext                                 |                                ram_2x274_2 |        335 |        219 |     116 |    0 |     0 |      0 |      0 |    0 |          0 |
|     cmd_tracker                               |                        DMACommandTracker_1 |        233 |        233 |       0 |    0 |   100 |      0 |      0 |    0 |          0 |
|   tlb                                         |                                FrontendTLB |        916 |        916 |       0 |    0 |   660 |      0 |      0 |    0 |          0 |
|     (tlb)                                     |                                FrontendTLB |          1 |          1 |       0 |    0 |   215 |      0 |      0 |    0 |          0 |
|     tlbArbOpt                                 |                                RRArbiter_4 |        582 |        582 |       0 |    0 |     1 |      0 |      0 |    0 |          0 |
|     tlbs_0                                    |                               DecoupledTLB |        333 |        333 |       0 |    0 |   444 |      0 |      0 |    0 |          0 |
|       (tlbs_0)                                |                               DecoupledTLB |          0 |          0 |       0 |    0 |     1 |      0 |      0 |    0 |          0 |
|       tlb                                     |                                     DTLB_2 |        333 |        333 |       0 |    0 |   443 |      0 |      0 |    0 |          0 |
|         (tlb)                                 |                                     DTLB_2 |        302 |        302 |       0 |    0 |   443 |      0 |      0 |    0 |          0 |
|         pmp                                   |                              PMPChecker_s6 |         31 |         31 |       0 |    0 |     0 |      0 |      0 |    0 |          0 |
|   unrolled_cmd_q                              |                        Queue2_GemminiCmd_0 |       3051 |       2929 |     122 |    0 |     3 |      0 |      0 |    0 |          0 |
|     (unrolled_cmd_q)                          |                        Queue2_GemminiCmd_0 |          5 |          5 |       0 |    0 |     3 |      0 |      0 |    0 |          0 |
|     ram_ext                                   |                                  ram_2x274 |       3046 |       2924 |     122 |    0 |     0 |      0 |      0 |    0 |          0 |
+-----------------------------------------------+--------------------------------------------+------------+------------+---------+------+-------+--------+--------+------+------------+
* Note: The sum of lower-level cells may be larger than their parent cells total, due to cross-hierarchy LUT combining


