Copyright 1986-2022 Xilinx, Inc. All Rights Reserved. Copyright 2022-2023 Advanced Micro Devices, Inc. All Rights Reserved.
---------------------------------------------------------------------------------------------------------------------------------------------
| Tool Version : Vivado v.2023.2 (lin64) Build 4029153 Fri Oct 13 20:13:54 MDT 2023
| Date         : Wed Sep 23 04:35:01 2026
| Host         : brg-zhang-xcel.ece.cornell.edu running 64-bit Red Hat Enterprise Linux 9.8 (Plow)
| Command      : report_utilization -hierarchical -hierarchical_depth 3 -file /scratch/hc676/e9_lean/b_tpumicro-lean1_16/util_hier.rpt
| Design       : spmw_harness
| Device       : xcu280-fsvh2892-2L-e
| Speed File   : -2L
| Design State : Routed
---------------------------------------------------------------------------------------------------------------------------------------------

Utilization Design Information

Table of Contents
-----------------
1. Utilization by Hierarchy

1. Utilization by Hierarchy
---------------------------

+----------------------------+-------------------------------+------------+------------+---------+------+-------+--------+--------+------+------------+
|          Instance          |             Module            | Total LUTs | Logic LUTs | LUTRAMs | SRLs |  FFs  | RAMB36 | RAMB18 | URAM | DSP Blocks |
+----------------------------+-------------------------------+------------+------------+---------+------+-------+--------+--------+------+------------+
| spmw_harness               |                         (top) |      41579 |      41515 |       0 |   64 | 28481 |      0 |      0 |    0 |          0 |
|   (spmw_harness)           |                         (top) |        144 |         80 |       0 |   64 |   916 |      0 |      0 |    0 |          0 |
|   dut                      |                      spmw_top |      41435 |      41435 |       0 |    0 | 27565 |      0 |      0 |    0 |          0 |
|     (dut)                  |                      spmw_top |        388 |        388 |       0 |    0 |     0 |      0 |      0 |    0 |          0 |
|     g_pe_a_out_a_in[100].u |                     spmw_fifo |         28 |         28 |       0 |    0 |     9 |      0 |      0 |    0 |          0 |
|     g_pe_a_out_a_in[101].u |                   spmw_fifo_0 |         22 |         22 |       0 |    0 |     9 |      0 |      0 |    0 |          0 |
|     g_pe_a_out_a_in[102].u |                   spmw_fifo_1 |         22 |         22 |       0 |    0 |     9 |      0 |      0 |    0 |          0 |
|     g_pe_a_out_a_in[103].u |                   spmw_fifo_2 |         25 |         25 |       0 |    0 |     9 |      0 |      0 |    0 |          0 |
|     g_pe_a_out_a_in[104].u |                   spmw_fifo_3 |         24 |         24 |       0 |    0 |     9 |      0 |      0 |    0 |          0 |
|     g_pe_a_out_a_in[105].u |                   spmw_fifo_4 |         24 |         24 |       0 |    0 |     9 |      0 |      0 |    0 |          0 |
|     g_pe_a_out_a_in[106].u |                   spmw_fifo_5 |         24 |         24 |       0 |    0 |     9 |      0 |      0 |    0 |          0 |
|     g_pe_a_out_a_in[107].u |                   spmw_fifo_6 |         21 |         21 |       0 |    0 |     9 |      0 |      0 |    0 |          0 |
|     g_pe_a_out_a_in[108].u |                   spmw_fifo_7 |         23 |         23 |       0 |    0 |     9 |      0 |      0 |    0 |          0 |
|     g_pe_a_out_a_in[109].u |                   spmw_fifo_8 |         21 |         21 |       0 |    0 |     9 |      0 |      0 |    0 |          0 |
|     g_pe_a_out_a_in[10].u  |                   spmw_fifo_9 |         11 |         11 |       0 |    0 |     9 |      0 |      0 |    0 |          0 |
|     g_pe_a_out_a_in[110].u |                  spmw_fifo_10 |         21 |         21 |       0 |    0 |     9 |      0 |      0 |    0 |          0 |
|     g_pe_a_out_a_in[111].u |                  spmw_fifo_11 |         22 |         22 |       0 |    0 |     9 |      0 |      0 |    0 |          0 |
|     g_pe_a_out_a_in[113].u |                  spmw_fifo_12 |         24 |         24 |       0 |    0 |     9 |      0 |      0 |    0 |          0 |
|     g_pe_a_out_a_in[114].u |                  spmw_fifo_13 |         25 |         25 |       0 |    0 |     9 |      0 |      0 |    0 |          0 |
|     g_pe_a_out_a_in[115].u |                  spmw_fifo_14 |         22 |         22 |       0 |    0 |     9 |      0 |      0 |    0 |          0 |
|     g_pe_a_out_a_in[116].u |                  spmw_fifo_15 |         23 |         23 |       0 |    0 |     9 |      0 |      0 |    0 |          0 |
|     g_pe_a_out_a_in[117].u |                  spmw_fifo_16 |         23 |         23 |       0 |    0 |     9 |      0 |      0 |    0 |          0 |
|     g_pe_a_out_a_in[118].u |                  spmw_fifo_17 |         23 |         23 |       0 |    0 |     9 |      0 |      0 |    0 |          0 |
|     g_pe_a_out_a_in[119].u |                  spmw_fifo_18 |         24 |         24 |       0 |    0 |     9 |      0 |      0 |    0 |          0 |
|     g_pe_a_out_a_in[11].u  |                  spmw_fifo_19 |         11 |         11 |       0 |    0 |     9 |      0 |      0 |    0 |          0 |
|     g_pe_a_out_a_in[120].u |                  spmw_fifo_20 |         24 |         24 |       0 |    0 |     9 |      0 |      0 |    0 |          0 |
|     g_pe_a_out_a_in[121].u |                  spmw_fifo_21 |         25 |         25 |       0 |    0 |     9 |      0 |      0 |    0 |          0 |
|     g_pe_a_out_a_in[122].u |                  spmw_fifo_22 |         24 |         24 |       0 |    0 |     9 |      0 |      0 |    0 |          0 |
|     g_pe_a_out_a_in[123].u |                  spmw_fifo_23 |         21 |         21 |       0 |    0 |     9 |      0 |      0 |    0 |          0 |
|     g_pe_a_out_a_in[124].u |                  spmw_fifo_24 |         23 |         23 |       0 |    0 |     9 |      0 |      0 |    0 |          0 |
|     g_pe_a_out_a_in[125].u |                  spmw_fifo_25 |         21 |         21 |       0 |    0 |     9 |      0 |      0 |    0 |          0 |
|     g_pe_a_out_a_in[126].u |                  spmw_fifo_26 |         22 |         22 |       0 |    0 |     9 |      0 |      0 |    0 |          0 |
|     g_pe_a_out_a_in[127].u |                  spmw_fifo_27 |         21 |         21 |       0 |    0 |     9 |      0 |      0 |    0 |          0 |
|     g_pe_a_out_a_in[129].u |                  spmw_fifo_28 |         21 |         21 |       0 |    0 |     9 |      0 |      0 |    0 |          0 |
|     g_pe_a_out_a_in[12].u  |                  spmw_fifo_29 |         11 |         11 |       0 |    0 |     9 |      0 |      0 |    0 |          0 |
|     g_pe_a_out_a_in[130].u |                  spmw_fifo_30 |         25 |         25 |       0 |    0 |     9 |      0 |      0 |    0 |          0 |
|     g_pe_a_out_a_in[131].u |                  spmw_fifo_31 |         23 |         23 |       0 |    0 |     9 |      0 |      0 |    0 |          0 |
|     g_pe_a_out_a_in[132].u |                  spmw_fifo_32 |         23 |         23 |       0 |    0 |     9 |      0 |      0 |    0 |          0 |
|     g_pe_a_out_a_in[133].u |                  spmw_fifo_33 |         22 |         22 |       0 |    0 |     9 |      0 |      0 |    0 |          0 |
|     g_pe_a_out_a_in[134].u |                  spmw_fifo_34 |         22 |         22 |       0 |    0 |     9 |      0 |      0 |    0 |          0 |
|     g_pe_a_out_a_in[135].u |                  spmw_fifo_35 |         22 |         22 |       0 |    0 |     9 |      0 |      0 |    0 |          0 |
|     g_pe_a_out_a_in[136].u |                  spmw_fifo_36 |         23 |         23 |       0 |    0 |     9 |      0 |      0 |    0 |          0 |
|     g_pe_a_out_a_in[137].u |                  spmw_fifo_37 |         21 |         21 |       0 |    0 |     9 |      0 |      0 |    0 |          0 |
|     g_pe_a_out_a_in[138].u |                  spmw_fifo_38 |         22 |         22 |       0 |    0 |     9 |      0 |      0 |    0 |          0 |
|     g_pe_a_out_a_in[139].u |                  spmw_fifo_39 |         23 |         23 |       0 |    0 |     9 |      0 |      0 |    0 |          0 |
|     g_pe_a_out_a_in[13].u  |                  spmw_fifo_40 |         11 |         11 |       0 |    0 |     9 |      0 |      0 |    0 |          0 |
|     g_pe_a_out_a_in[140].u |                  spmw_fifo_41 |         22 |         22 |       0 |    0 |     9 |      0 |      0 |    0 |          0 |
|     g_pe_a_out_a_in[141].u |                  spmw_fifo_42 |         23 |         23 |       0 |    0 |     9 |      0 |      0 |    0 |          0 |
|     g_pe_a_out_a_in[142].u |                  spmw_fifo_43 |         24 |         24 |       0 |    0 |     9 |      0 |      0 |    0 |          0 |
|     g_pe_a_out_a_in[143].u |                  spmw_fifo_44 |         25 |         25 |       0 |    0 |     9 |      0 |      0 |    0 |          0 |
|     g_pe_a_out_a_in[145].u |                  spmw_fifo_45 |         29 |         29 |       0 |    0 |     9 |      0 |      0 |    0 |          0 |
|     g_pe_a_out_a_in[146].u |                  spmw_fifo_46 |         24 |         24 |       0 |    0 |     9 |      0 |      0 |    0 |          0 |
|     g_pe_a_out_a_in[147].u |                  spmw_fifo_47 |         23 |         23 |       0 |    0 |     9 |      0 |      0 |    0 |          0 |
|     g_pe_a_out_a_in[148].u |                  spmw_fifo_48 |         22 |         22 |       0 |    0 |     9 |      0 |      0 |    0 |          0 |
|     g_pe_a_out_a_in[149].u |                  spmw_fifo_49 |         22 |         22 |       0 |    0 |     9 |      0 |      0 |    0 |          0 |
|     g_pe_a_out_a_in[14].u  |                  spmw_fifo_50 |         11 |         11 |       0 |    0 |     9 |      0 |      0 |    0 |          0 |
|     g_pe_a_out_a_in[150].u |                  spmw_fifo_51 |         21 |         21 |       0 |    0 |     9 |      0 |      0 |    0 |          0 |
|     g_pe_a_out_a_in[151].u |                  spmw_fifo_52 |         23 |         23 |       0 |    0 |     9 |      0 |      0 |    0 |          0 |
|     g_pe_a_out_a_in[152].u |                  spmw_fifo_53 |         25 |         25 |       0 |    0 |     9 |      0 |      0 |    0 |          0 |
|     g_pe_a_out_a_in[153].u |                  spmw_fifo_54 |         25 |         25 |       0 |    0 |     9 |      0 |      0 |    0 |          0 |
|     g_pe_a_out_a_in[154].u |                  spmw_fifo_55 |         22 |         22 |       0 |    0 |     9 |      0 |      0 |    0 |          0 |
|     g_pe_a_out_a_in[155].u |                  spmw_fifo_56 |         23 |         23 |       0 |    0 |     9 |      0 |      0 |    0 |          0 |
|     g_pe_a_out_a_in[156].u |                  spmw_fifo_57 |         21 |         21 |       0 |    0 |     9 |      0 |      0 |    0 |          0 |
|     g_pe_a_out_a_in[157].u |                  spmw_fifo_58 |         22 |         22 |       0 |    0 |     9 |      0 |      0 |    0 |          0 |
|     g_pe_a_out_a_in[158].u |                  spmw_fifo_59 |         24 |         24 |       0 |    0 |     9 |      0 |      0 |    0 |          0 |
|     g_pe_a_out_a_in[159].u |                  spmw_fifo_60 |         21 |         21 |       0 |    0 |     9 |      0 |      0 |    0 |          0 |
|     g_pe_a_out_a_in[15].u  |                  spmw_fifo_61 |         11 |         11 |       0 |    0 |     9 |      0 |      0 |    0 |          0 |
|     g_pe_a_out_a_in[161].u |                  spmw_fifo_62 |         26 |         26 |       0 |    0 |     9 |      0 |      0 |    0 |          0 |
|     g_pe_a_out_a_in[162].u |                  spmw_fifo_63 |         21 |         21 |       0 |    0 |     9 |      0 |      0 |    0 |          0 |
|     g_pe_a_out_a_in[163].u |                  spmw_fifo_64 |         22 |         22 |       0 |    0 |     9 |      0 |      0 |    0 |          0 |
|     g_pe_a_out_a_in[164].u |                  spmw_fifo_65 |         24 |         24 |       0 |    0 |     9 |      0 |      0 |    0 |          0 |
|     g_pe_a_out_a_in[165].u |                  spmw_fifo_66 |         20 |         20 |       0 |    0 |     9 |      0 |      0 |    0 |          0 |
|     g_pe_a_out_a_in[166].u |                  spmw_fifo_67 |         22 |         22 |       0 |    0 |     9 |      0 |      0 |    0 |          0 |
|     g_pe_a_out_a_in[167].u |                  spmw_fifo_68 |         21 |         21 |       0 |    0 |     9 |      0 |      0 |    0 |          0 |
|     g_pe_a_out_a_in[168].u |                  spmw_fifo_69 |         22 |         22 |       0 |    0 |     9 |      0 |      0 |    0 |          0 |
|     g_pe_a_out_a_in[169].u |                  spmw_fifo_70 |         24 |         24 |       0 |    0 |     9 |      0 |      0 |    0 |          0 |
|     g_pe_a_out_a_in[170].u |                  spmw_fifo_71 |         26 |         26 |       0 |    0 |     9 |      0 |      0 |    0 |          0 |
|     g_pe_a_out_a_in[171].u |                  spmw_fifo_72 |         25 |         25 |       0 |    0 |     9 |      0 |      0 |    0 |          0 |
|     g_pe_a_out_a_in[172].u |                  spmw_fifo_73 |         22 |         22 |       0 |    0 |     9 |      0 |      0 |    0 |          0 |
|     g_pe_a_out_a_in[173].u |                  spmw_fifo_74 |         25 |         25 |       0 |    0 |     9 |      0 |      0 |    0 |          0 |
|     g_pe_a_out_a_in[174].u |                  spmw_fifo_75 |         23 |         23 |       0 |    0 |     9 |      0 |      0 |    0 |          0 |
|     g_pe_a_out_a_in[175].u |                  spmw_fifo_76 |         21 |         21 |       0 |    0 |     9 |      0 |      0 |    0 |          0 |
|     g_pe_a_out_a_in[177].u |                  spmw_fifo_77 |         24 |         24 |       0 |    0 |     9 |      0 |      0 |    0 |          0 |
|     g_pe_a_out_a_in[178].u |                  spmw_fifo_78 |         22 |         22 |       0 |    0 |     9 |      0 |      0 |    0 |          0 |
|     g_pe_a_out_a_in[179].u |                  spmw_fifo_79 |         22 |         22 |       0 |    0 |     9 |      0 |      0 |    0 |          0 |
|     g_pe_a_out_a_in[17].u  |                  spmw_fifo_80 |         22 |         22 |       0 |    0 |     9 |      0 |      0 |    0 |          0 |
|     g_pe_a_out_a_in[180].u |                  spmw_fifo_81 |         23 |         23 |       0 |    0 |     9 |      0 |      0 |    0 |          0 |
|     g_pe_a_out_a_in[181].u |                  spmw_fifo_82 |         21 |         21 |       0 |    0 |     9 |      0 |      0 |    0 |          0 |
|     g_pe_a_out_a_in[182].u |                  spmw_fifo_83 |         22 |         22 |       0 |    0 |     9 |      0 |      0 |    0 |          0 |
|     g_pe_a_out_a_in[183].u |                  spmw_fifo_84 |         21 |         21 |       0 |    0 |     9 |      0 |      0 |    0 |          0 |
|     g_pe_a_out_a_in[184].u |                  spmw_fifo_85 |         24 |         24 |       0 |    0 |     9 |      0 |      0 |    0 |          0 |
|     g_pe_a_out_a_in[185].u |                  spmw_fifo_86 |         23 |         23 |       0 |    0 |     9 |      0 |      0 |    0 |          0 |
|     g_pe_a_out_a_in[186].u |                  spmw_fifo_87 |         25 |         25 |       0 |    0 |     9 |      0 |      0 |    0 |          0 |
|     g_pe_a_out_a_in[187].u |                  spmw_fifo_88 |         21 |         21 |       0 |    0 |     9 |      0 |      0 |    0 |          0 |
|     g_pe_a_out_a_in[188].u |                  spmw_fifo_89 |         25 |         25 |       0 |    0 |     9 |      0 |      0 |    0 |          0 |
|     g_pe_a_out_a_in[189].u |                  spmw_fifo_90 |         25 |         25 |       0 |    0 |     9 |      0 |      0 |    0 |          0 |
|     g_pe_a_out_a_in[18].u  |                  spmw_fifo_91 |         21 |         21 |       0 |    0 |     9 |      0 |      0 |    0 |          0 |
|     g_pe_a_out_a_in[190].u |                  spmw_fifo_92 |         21 |         21 |       0 |    0 |     9 |      0 |      0 |    0 |          0 |
|     g_pe_a_out_a_in[191].u |                  spmw_fifo_93 |         21 |         21 |       0 |    0 |     9 |      0 |      0 |    0 |          0 |
|     g_pe_a_out_a_in[193].u |                  spmw_fifo_94 |         23 |         23 |       0 |    0 |     9 |      0 |      0 |    0 |          0 |
|     g_pe_a_out_a_in[194].u |                  spmw_fifo_95 |         22 |         22 |       0 |    0 |     9 |      0 |      0 |    0 |          0 |
|     g_pe_a_out_a_in[195].u |                  spmw_fifo_96 |         23 |         23 |       0 |    0 |     9 |      0 |      0 |    0 |          0 |
|     g_pe_a_out_a_in[196].u |                  spmw_fifo_97 |         23 |         23 |       0 |    0 |     9 |      0 |      0 |    0 |          0 |
|     g_pe_a_out_a_in[197].u |                  spmw_fifo_98 |         22 |         22 |       0 |    0 |     9 |      0 |      0 |    0 |          0 |
|     g_pe_a_out_a_in[198].u |                  spmw_fifo_99 |         22 |         22 |       0 |    0 |     9 |      0 |      0 |    0 |          0 |
|     g_pe_a_out_a_in[199].u |                 spmw_fifo_100 |         21 |         21 |       0 |    0 |     9 |      0 |      0 |    0 |          0 |
|     g_pe_a_out_a_in[19].u  |                 spmw_fifo_101 |         20 |         20 |       0 |    0 |     9 |      0 |      0 |    0 |          0 |
|     g_pe_a_out_a_in[1].u   |                 spmw_fifo_102 |         12 |         12 |       0 |    0 |     9 |      0 |      0 |    0 |          0 |
|     g_pe_a_out_a_in[200].u |                 spmw_fifo_103 |         25 |         25 |       0 |    0 |     9 |      0 |      0 |    0 |          0 |
|     g_pe_a_out_a_in[201].u |                 spmw_fifo_104 |         25 |         25 |       0 |    0 |     9 |      0 |      0 |    0 |          0 |
|     g_pe_a_out_a_in[202].u |                 spmw_fifo_105 |         27 |         27 |       0 |    0 |     9 |      0 |      0 |    0 |          0 |
|     g_pe_a_out_a_in[203].u |                 spmw_fifo_106 |         23 |         23 |       0 |    0 |     9 |      0 |      0 |    0 |          0 |
|     g_pe_a_out_a_in[204].u |                 spmw_fifo_107 |         22 |         22 |       0 |    0 |     9 |      0 |      0 |    0 |          0 |
|     g_pe_a_out_a_in[205].u |                 spmw_fifo_108 |         24 |         24 |       0 |    0 |     9 |      0 |      0 |    0 |          0 |
|     g_pe_a_out_a_in[206].u |                 spmw_fifo_109 |         21 |         21 |       0 |    0 |     9 |      0 |      0 |    0 |          0 |
|     g_pe_a_out_a_in[207].u |                 spmw_fifo_110 |         21 |         21 |       0 |    0 |     9 |      0 |      0 |    0 |          0 |
|     g_pe_a_out_a_in[209].u |                 spmw_fifo_111 |         22 |         22 |       0 |    0 |     9 |      0 |      0 |    0 |          0 |
|     g_pe_a_out_a_in[20].u  |                 spmw_fifo_112 |         22 |         22 |       0 |    0 |     9 |      0 |      0 |    0 |          0 |
|     g_pe_a_out_a_in[210].u |                 spmw_fifo_113 |         22 |         22 |       0 |    0 |     9 |      0 |      0 |    0 |          0 |
|     g_pe_a_out_a_in[211].u |                 spmw_fifo_114 |         23 |         23 |       0 |    0 |     9 |      0 |      0 |    0 |          0 |
|     g_pe_a_out_a_in[212].u |                 spmw_fifo_115 |         22 |         22 |       0 |    0 |     9 |      0 |      0 |    0 |          0 |
|     g_pe_a_out_a_in[213].u |                 spmw_fifo_116 |         21 |         21 |       0 |    0 |     9 |      0 |      0 |    0 |          0 |
|     g_pe_a_out_a_in[214].u |                 spmw_fifo_117 |         22 |         22 |       0 |    0 |     9 |      0 |      0 |    0 |          0 |
|     g_pe_a_out_a_in[215].u |                 spmw_fifo_118 |         22 |         22 |       0 |    0 |     9 |      0 |      0 |    0 |          0 |
|     g_pe_a_out_a_in[216].u |                 spmw_fifo_119 |         24 |         24 |       0 |    0 |     9 |      0 |      0 |    0 |          0 |
|     g_pe_a_out_a_in[217].u |                 spmw_fifo_120 |         25 |         25 |       0 |    0 |     9 |      0 |      0 |    0 |          0 |
|     g_pe_a_out_a_in[218].u |                 spmw_fifo_121 |         22 |         22 |       0 |    0 |     9 |      0 |      0 |    0 |          0 |
|     g_pe_a_out_a_in[219].u |                 spmw_fifo_122 |         21 |         21 |       0 |    0 |     9 |      0 |      0 |    0 |          0 |
|     g_pe_a_out_a_in[21].u  |                 spmw_fifo_123 |         21 |         21 |       0 |    0 |     9 |      0 |      0 |    0 |          0 |
|     g_pe_a_out_a_in[220].u |                 spmw_fifo_124 |         21 |         21 |       0 |    0 |     9 |      0 |      0 |    0 |          0 |
|     g_pe_a_out_a_in[221].u |                 spmw_fifo_125 |         23 |         23 |       0 |    0 |     9 |      0 |      0 |    0 |          0 |
|     g_pe_a_out_a_in[222].u |                 spmw_fifo_126 |         21 |         21 |       0 |    0 |     9 |      0 |      0 |    0 |          0 |
|     g_pe_a_out_a_in[223].u |                 spmw_fifo_127 |         21 |         21 |       0 |    0 |     9 |      0 |      0 |    0 |          0 |
|     g_pe_a_out_a_in[225].u |                 spmw_fifo_128 |         23 |         23 |       0 |    0 |     9 |      0 |      0 |    0 |          0 |
|     g_pe_a_out_a_in[226].u |                 spmw_fifo_129 |         21 |         21 |       0 |    0 |     9 |      0 |      0 |    0 |          0 |
|     g_pe_a_out_a_in[227].u |                 spmw_fifo_130 |         22 |         22 |       0 |    0 |     9 |      0 |      0 |    0 |          0 |
|     g_pe_a_out_a_in[228].u |                 spmw_fifo_131 |         22 |         22 |       0 |    0 |     9 |      0 |      0 |    0 |          0 |
|     g_pe_a_out_a_in[229].u |                 spmw_fifo_132 |         23 |         23 |       0 |    0 |     9 |      0 |      0 |    0 |          0 |
|     g_pe_a_out_a_in[22].u  |                 spmw_fifo_133 |         21 |         21 |       0 |    0 |     9 |      0 |      0 |    0 |          0 |
|     g_pe_a_out_a_in[230].u |                 spmw_fifo_134 |         21 |         21 |       0 |    0 |     9 |      0 |      0 |    0 |          0 |
|     g_pe_a_out_a_in[231].u |                 spmw_fifo_135 |         21 |         21 |       0 |    0 |     9 |      0 |      0 |    0 |          0 |
|     g_pe_a_out_a_in[232].u |                 spmw_fifo_136 |         24 |         24 |       0 |    0 |     9 |      0 |      0 |    0 |          0 |
|     g_pe_a_out_a_in[233].u |                 spmw_fifo_137 |         20 |         20 |       0 |    0 |     9 |      0 |      0 |    0 |          0 |
|     g_pe_a_out_a_in[234].u |                 spmw_fifo_138 |         21 |         21 |       0 |    0 |     9 |      0 |      0 |    0 |          0 |
|     g_pe_a_out_a_in[235].u |                 spmw_fifo_139 |         21 |         21 |       0 |    0 |     9 |      0 |      0 |    0 |          0 |
|     g_pe_a_out_a_in[236].u |                 spmw_fifo_140 |         21 |         21 |       0 |    0 |     9 |      0 |      0 |    0 |          0 |
|     g_pe_a_out_a_in[237].u |                 spmw_fifo_141 |         25 |         25 |       0 |    0 |     9 |      0 |      0 |    0 |          0 |
|     g_pe_a_out_a_in[238].u |                 spmw_fifo_142 |         23 |         23 |       0 |    0 |     9 |      0 |      0 |    0 |          0 |
|     g_pe_a_out_a_in[239].u |                 spmw_fifo_143 |         22 |         22 |       0 |    0 |     9 |      0 |      0 |    0 |          0 |
|     g_pe_a_out_a_in[23].u  |                 spmw_fifo_144 |         27 |         27 |       0 |    0 |     9 |      0 |      0 |    0 |          0 |
|     g_pe_a_out_a_in[241].u |                 spmw_fifo_145 |         23 |         23 |       0 |    0 |     9 |      0 |      0 |    0 |          0 |
|     g_pe_a_out_a_in[242].u |                 spmw_fifo_146 |         21 |         21 |       0 |    0 |     9 |      0 |      0 |    0 |          0 |
|     g_pe_a_out_a_in[243].u |                 spmw_fifo_147 |         21 |         21 |       0 |    0 |     9 |      0 |      0 |    0 |          0 |
|     g_pe_a_out_a_in[244].u |                 spmw_fifo_148 |         21 |         21 |       0 |    0 |     9 |      0 |      0 |    0 |          0 |
|     g_pe_a_out_a_in[245].u |                 spmw_fifo_149 |         21 |         21 |       0 |    0 |     9 |      0 |      0 |    0 |          0 |
|     g_pe_a_out_a_in[246].u |                 spmw_fifo_150 |         22 |         22 |       0 |    0 |     9 |      0 |      0 |    0 |          0 |
|     g_pe_a_out_a_in[247].u |                 spmw_fifo_151 |         22 |         22 |       0 |    0 |     9 |      0 |      0 |    0 |          0 |
|     g_pe_a_out_a_in[248].u |                 spmw_fifo_152 |         25 |         25 |       0 |    0 |     9 |      0 |      0 |    0 |          0 |
|     g_pe_a_out_a_in[249].u |                 spmw_fifo_153 |         21 |         21 |       0 |    0 |     9 |      0 |      0 |    0 |          0 |
|     g_pe_a_out_a_in[24].u  |                 spmw_fifo_154 |         25 |         25 |       0 |    0 |     9 |      0 |      0 |    0 |          0 |
|     g_pe_a_out_a_in[250].u |                 spmw_fifo_155 |         21 |         21 |       0 |    0 |     9 |      0 |      0 |    0 |          0 |
|     g_pe_a_out_a_in[251].u |                 spmw_fifo_156 |         21 |         21 |       0 |    0 |     9 |      0 |      0 |    0 |          0 |
|     g_pe_a_out_a_in[252].u |                 spmw_fifo_157 |         21 |         21 |       0 |    0 |     9 |      0 |      0 |    0 |          0 |
|     g_pe_a_out_a_in[253].u |                 spmw_fifo_158 |         22 |         22 |       0 |    0 |     9 |      0 |      0 |    0 |          0 |
|     g_pe_a_out_a_in[254].u |                 spmw_fifo_159 |         21 |         21 |       0 |    0 |     9 |      0 |      0 |    0 |          0 |
|     g_pe_a_out_a_in[255].u |                 spmw_fifo_160 |         21 |         21 |       0 |    0 |     9 |      0 |      0 |    0 |          0 |
|     g_pe_a_out_a_in[25].u  |                 spmw_fifo_161 |         25 |         25 |       0 |    0 |     9 |      0 |      0 |    0 |          0 |
|     g_pe_a_out_a_in[26].u  |                 spmw_fifo_162 |         22 |         22 |       0 |    0 |     9 |      0 |      0 |    0 |          0 |
|     g_pe_a_out_a_in[27].u  |                 spmw_fifo_163 |         24 |         24 |       0 |    0 |     9 |      0 |      0 |    0 |          0 |
|     g_pe_a_out_a_in[28].u  |                 spmw_fifo_164 |         22 |         22 |       0 |    0 |     9 |      0 |      0 |    0 |          0 |
|     g_pe_a_out_a_in[29].u  |                 spmw_fifo_165 |         22 |         22 |       0 |    0 |     9 |      0 |      0 |    0 |          0 |
|     g_pe_a_out_a_in[2].u   |                 spmw_fifo_166 |         11 |         11 |       0 |    0 |     9 |      0 |      0 |    0 |          0 |
|     g_pe_a_out_a_in[30].u  |                 spmw_fifo_167 |         22 |         22 |       0 |    0 |     9 |      0 |      0 |    0 |          0 |
|     g_pe_a_out_a_in[31].u  |                 spmw_fifo_168 |         20 |         20 |       0 |    0 |     9 |      0 |      0 |    0 |          0 |
|     g_pe_a_out_a_in[33].u  |                 spmw_fifo_169 |         25 |         25 |       0 |    0 |     9 |      0 |      0 |    0 |          0 |
|     g_pe_a_out_a_in[34].u  |                 spmw_fifo_170 |         23 |         23 |       0 |    0 |     9 |      0 |      0 |    0 |          0 |
|     g_pe_a_out_a_in[35].u  |                 spmw_fifo_171 |         22 |         22 |       0 |    0 |     9 |      0 |      0 |    0 |          0 |
|     g_pe_a_out_a_in[36].u  |                 spmw_fifo_172 |         24 |         24 |       0 |    0 |     9 |      0 |      0 |    0 |          0 |
|     g_pe_a_out_a_in[37].u  |                 spmw_fifo_173 |         22 |         22 |       0 |    0 |     9 |      0 |      0 |    0 |          0 |
|     g_pe_a_out_a_in[38].u  |                 spmw_fifo_174 |         21 |         21 |       0 |    0 |     9 |      0 |      0 |    0 |          0 |
|     g_pe_a_out_a_in[39].u  |                 spmw_fifo_175 |         26 |         26 |       0 |    0 |     9 |      0 |      0 |    0 |          0 |
|     g_pe_a_out_a_in[3].u   |                 spmw_fifo_176 |         11 |         11 |       0 |    0 |     9 |      0 |      0 |    0 |          0 |
|     g_pe_a_out_a_in[40].u  |                 spmw_fifo_177 |         24 |         24 |       0 |    0 |     9 |      0 |      0 |    0 |          0 |
|     g_pe_a_out_a_in[41].u  |                 spmw_fifo_178 |         24 |         24 |       0 |    0 |     9 |      0 |      0 |    0 |          0 |
|     g_pe_a_out_a_in[42].u  |                 spmw_fifo_179 |         24 |         24 |       0 |    0 |     9 |      0 |      0 |    0 |          0 |
|     g_pe_a_out_a_in[43].u  |                 spmw_fifo_180 |         24 |         24 |       0 |    0 |     9 |      0 |      0 |    0 |          0 |
|     g_pe_a_out_a_in[44].u  |                 spmw_fifo_181 |         23 |         23 |       0 |    0 |     9 |      0 |      0 |    0 |          0 |
|     g_pe_a_out_a_in[45].u  |                 spmw_fifo_182 |         22 |         22 |       0 |    0 |     9 |      0 |      0 |    0 |          0 |
|     g_pe_a_out_a_in[46].u  |                 spmw_fifo_183 |         22 |         22 |       0 |    0 |     9 |      0 |      0 |    0 |          0 |
|     g_pe_a_out_a_in[47].u  |                 spmw_fifo_184 |         22 |         22 |       0 |    0 |     9 |      0 |      0 |    0 |          0 |
|     g_pe_a_out_a_in[49].u  |                 spmw_fifo_185 |         21 |         21 |       0 |    0 |     9 |      0 |      0 |    0 |          0 |
|     g_pe_a_out_a_in[4].u   |                 spmw_fifo_186 |         11 |         11 |       0 |    0 |     9 |      0 |      0 |    0 |          0 |
|     g_pe_a_out_a_in[50].u  |                 spmw_fifo_187 |         24 |         24 |       0 |    0 |     9 |      0 |      0 |    0 |          0 |
|     g_pe_a_out_a_in[51].u  |                 spmw_fifo_188 |         20 |         20 |       0 |    0 |     9 |      0 |      0 |    0 |          0 |
|     g_pe_a_out_a_in[52].u  |                 spmw_fifo_189 |         25 |         25 |       0 |    0 |     9 |      0 |      0 |    0 |          0 |
|     g_pe_a_out_a_in[53].u  |                 spmw_fifo_190 |         24 |         24 |       0 |    0 |     9 |      0 |      0 |    0 |          0 |
|     g_pe_a_out_a_in[54].u  |                 spmw_fifo_191 |         21 |         21 |       0 |    0 |     9 |      0 |      0 |    0 |          0 |
|     g_pe_a_out_a_in[55].u  |                 spmw_fifo_192 |         24 |         24 |       0 |    0 |     9 |      0 |      0 |    0 |          0 |
|     g_pe_a_out_a_in[56].u  |                 spmw_fifo_193 |         24 |         24 |       0 |    0 |     9 |      0 |      0 |    0 |          0 |
|     g_pe_a_out_a_in[57].u  |                 spmw_fifo_194 |         24 |         24 |       0 |    0 |     9 |      0 |      0 |    0 |          0 |
|     g_pe_a_out_a_in[58].u  |                 spmw_fifo_195 |         23 |         23 |       0 |    0 |     9 |      0 |      0 |    0 |          0 |
|     g_pe_a_out_a_in[59].u  |                 spmw_fifo_196 |         22 |         22 |       0 |    0 |     9 |      0 |      0 |    0 |          0 |
|     g_pe_a_out_a_in[5].u   |                 spmw_fifo_197 |         12 |         12 |       0 |    0 |     9 |      0 |      0 |    0 |          0 |
|     g_pe_a_out_a_in[60].u  |                 spmw_fifo_198 |         25 |         25 |       0 |    0 |     9 |      0 |      0 |    0 |          0 |
|     g_pe_a_out_a_in[61].u  |                 spmw_fifo_199 |         22 |         22 |       0 |    0 |     9 |      0 |      0 |    0 |          0 |
|     g_pe_a_out_a_in[62].u  |                 spmw_fifo_200 |         22 |         22 |       0 |    0 |     9 |      0 |      0 |    0 |          0 |
|     g_pe_a_out_a_in[63].u  |                 spmw_fifo_201 |         22 |         22 |       0 |    0 |     9 |      0 |      0 |    0 |          0 |
|     g_pe_a_out_a_in[65].u  |                 spmw_fifo_202 |         25 |         25 |       0 |    0 |     9 |      0 |      0 |    0 |          0 |
|     g_pe_a_out_a_in[66].u  |                 spmw_fifo_203 |         25 |         25 |       0 |    0 |     9 |      0 |      0 |    0 |          0 |
|     g_pe_a_out_a_in[67].u  |                 spmw_fifo_204 |         24 |         24 |       0 |    0 |     9 |      0 |      0 |    0 |          0 |
|     g_pe_a_out_a_in[68].u  |                 spmw_fifo_205 |         27 |         27 |       0 |    0 |     9 |      0 |      0 |    0 |          0 |
|     g_pe_a_out_a_in[69].u  |                 spmw_fifo_206 |         23 |         23 |       0 |    0 |     9 |      0 |      0 |    0 |          0 |
|     g_pe_a_out_a_in[6].u   |                 spmw_fifo_207 |         11 |         11 |       0 |    0 |     9 |      0 |      0 |    0 |          0 |
|     g_pe_a_out_a_in[70].u  |                 spmw_fifo_208 |         21 |         21 |       0 |    0 |     9 |      0 |      0 |    0 |          0 |
|     g_pe_a_out_a_in[71].u  |                 spmw_fifo_209 |         25 |         25 |       0 |    0 |     9 |      0 |      0 |    0 |          0 |
|     g_pe_a_out_a_in[72].u  |                 spmw_fifo_210 |         26 |         26 |       0 |    0 |     9 |      0 |      0 |    0 |          0 |
|     g_pe_a_out_a_in[73].u  |                 spmw_fifo_211 |         25 |         25 |       0 |    0 |     9 |      0 |      0 |    0 |          0 |
|     g_pe_a_out_a_in[74].u  |                 spmw_fifo_212 |         24 |         24 |       0 |    0 |     9 |      0 |      0 |    0 |          0 |
|     g_pe_a_out_a_in[75].u  |                 spmw_fifo_213 |         23 |         23 |       0 |    0 |     9 |      0 |      0 |    0 |          0 |
|     g_pe_a_out_a_in[76].u  |                 spmw_fifo_214 |         23 |         23 |       0 |    0 |     9 |      0 |      0 |    0 |          0 |
|     g_pe_a_out_a_in[77].u  |                 spmw_fifo_215 |         24 |         24 |       0 |    0 |     9 |      0 |      0 |    0 |          0 |
|     g_pe_a_out_a_in[78].u  |                 spmw_fifo_216 |         24 |         24 |       0 |    0 |     9 |      0 |      0 |    0 |          0 |
|     g_pe_a_out_a_in[79].u  |                 spmw_fifo_217 |         24 |         24 |       0 |    0 |     9 |      0 |      0 |    0 |          0 |
|     g_pe_a_out_a_in[7].u   |                 spmw_fifo_218 |         11 |         11 |       0 |    0 |     9 |      0 |      0 |    0 |          0 |
|     g_pe_a_out_a_in[81].u  |                 spmw_fifo_219 |         22 |         22 |       0 |    0 |     9 |      0 |      0 |    0 |          0 |
|     g_pe_a_out_a_in[82].u  |                 spmw_fifo_220 |         22 |         22 |       0 |    0 |     9 |      0 |      0 |    0 |          0 |
|     g_pe_a_out_a_in[83].u  |                 spmw_fifo_221 |         22 |         22 |       0 |    0 |     9 |      0 |      0 |    0 |          0 |
|     g_pe_a_out_a_in[84].u  |                 spmw_fifo_222 |         24 |         24 |       0 |    0 |     9 |      0 |      0 |    0 |          0 |
|     g_pe_a_out_a_in[85].u  |                 spmw_fifo_223 |         24 |         24 |       0 |    0 |     9 |      0 |      0 |    0 |          0 |
|     g_pe_a_out_a_in[86].u  |                 spmw_fifo_224 |         24 |         24 |       0 |    0 |     9 |      0 |      0 |    0 |          0 |
|     g_pe_a_out_a_in[87].u  |                 spmw_fifo_225 |         29 |         29 |       0 |    0 |     9 |      0 |      0 |    0 |          0 |
|     g_pe_a_out_a_in[88].u  |                 spmw_fifo_226 |         24 |         24 |       0 |    0 |     9 |      0 |      0 |    0 |          0 |
|     g_pe_a_out_a_in[89].u  |                 spmw_fifo_227 |         25 |         25 |       0 |    0 |     9 |      0 |      0 |    0 |          0 |
|     g_pe_a_out_a_in[8].u   |                 spmw_fifo_228 |         11 |         11 |       0 |    0 |     9 |      0 |      0 |    0 |          0 |
|     g_pe_a_out_a_in[90].u  |                 spmw_fifo_229 |         22 |         22 |       0 |    0 |     9 |      0 |      0 |    0 |          0 |
|     g_pe_a_out_a_in[91].u  |                 spmw_fifo_230 |         25 |         25 |       0 |    0 |     9 |      0 |      0 |    0 |          0 |
|     g_pe_a_out_a_in[92].u  |                 spmw_fifo_231 |         24 |         24 |       0 |    0 |     9 |      0 |      0 |    0 |          0 |
|     g_pe_a_out_a_in[93].u  |                 spmw_fifo_232 |         22 |         22 |       0 |    0 |     9 |      0 |      0 |    0 |          0 |
|     g_pe_a_out_a_in[94].u  |                 spmw_fifo_233 |         25 |         25 |       0 |    0 |     9 |      0 |      0 |    0 |          0 |
|     g_pe_a_out_a_in[95].u  |                 spmw_fifo_234 |         21 |         21 |       0 |    0 |     9 |      0 |      0 |    0 |          0 |
|     g_pe_a_out_a_in[97].u  |                 spmw_fifo_235 |         27 |         27 |       0 |    0 |     9 |      0 |      0 |    0 |          0 |
|     g_pe_a_out_a_in[98].u  |                 spmw_fifo_236 |         23 |         23 |       0 |    0 |     9 |      0 |      0 |    0 |          0 |
|     g_pe_a_out_a_in[99].u  |                 spmw_fifo_237 |         25 |         25 |       0 |    0 |     9 |      0 |      0 |    0 |          0 |
|     g_pe_a_out_a_in[9].u   |                 spmw_fifo_238 |         11 |         11 |       0 |    0 |     9 |      0 |      0 |    0 |          0 |
|     g_pe_p_out_p_in[100].u |     spmw_fifo__parameterized0 |         29 |         29 |       0 |    0 |    33 |      0 |      0 |    0 |          0 |
|     g_pe_p_out_p_in[101].u | spmw_fifo__parameterized0_239 |         29 |         29 |       0 |    0 |    33 |      0 |      0 |    0 |          0 |
|     g_pe_p_out_p_in[102].u | spmw_fifo__parameterized0_240 |         19 |         19 |       0 |    0 |    23 |      0 |      0 |    0 |          0 |
|     g_pe_p_out_p_in[103].u | spmw_fifo__parameterized0_241 |         19 |         19 |       0 |    0 |    23 |      0 |      0 |    0 |          0 |
|     g_pe_p_out_p_in[104].u | spmw_fifo__parameterized0_242 |         19 |         19 |       0 |    0 |    23 |      0 |      0 |    0 |          0 |
|     g_pe_p_out_p_in[105].u | spmw_fifo__parameterized0_243 |         29 |         29 |       0 |    0 |    33 |      0 |      0 |    0 |          0 |
|     g_pe_p_out_p_in[106].u | spmw_fifo__parameterized0_244 |         19 |         19 |       0 |    0 |    23 |      0 |      0 |    0 |          0 |
|     g_pe_p_out_p_in[107].u | spmw_fifo__parameterized0_245 |         19 |         19 |       0 |    0 |    23 |      0 |      0 |    0 |          0 |
|     g_pe_p_out_p_in[108].u | spmw_fifo__parameterized0_246 |         19 |         19 |       0 |    0 |    23 |      0 |      0 |    0 |          0 |
|     g_pe_p_out_p_in[109].u | spmw_fifo__parameterized0_247 |         29 |         29 |       0 |    0 |    33 |      0 |      0 |    0 |          0 |
|     g_pe_p_out_p_in[110].u | spmw_fifo__parameterized0_248 |         19 |         19 |       0 |    0 |    23 |      0 |      0 |    0 |          0 |
|     g_pe_p_out_p_in[111].u | spmw_fifo__parameterized0_249 |         19 |         19 |       0 |    0 |    23 |      0 |      0 |    0 |          0 |
|     g_pe_p_out_p_in[112].u | spmw_fifo__parameterized0_250 |         29 |         29 |       0 |    0 |    33 |      0 |      0 |    0 |          0 |
|     g_pe_p_out_p_in[113].u | spmw_fifo__parameterized0_251 |         20 |         20 |       0 |    0 |    24 |      0 |      0 |    0 |          0 |
|     g_pe_p_out_p_in[114].u | spmw_fifo__parameterized0_252 |         29 |         29 |       0 |    0 |    33 |      0 |      0 |    0 |          0 |
|     g_pe_p_out_p_in[115].u | spmw_fifo__parameterized0_253 |         29 |         29 |       0 |    0 |    33 |      0 |      0 |    0 |          0 |
|     g_pe_p_out_p_in[116].u | spmw_fifo__parameterized0_254 |         29 |         29 |       0 |    0 |    33 |      0 |      0 |    0 |          0 |
|     g_pe_p_out_p_in[117].u | spmw_fifo__parameterized0_255 |         29 |         29 |       0 |    0 |    33 |      0 |      0 |    0 |          0 |
|     g_pe_p_out_p_in[118].u | spmw_fifo__parameterized0_256 |         20 |         20 |       0 |    0 |    24 |      0 |      0 |    0 |          0 |
|     g_pe_p_out_p_in[119].u | spmw_fifo__parameterized0_257 |         20 |         20 |       0 |    0 |    24 |      0 |      0 |    0 |          0 |
|     g_pe_p_out_p_in[120].u | spmw_fifo__parameterized0_258 |         20 |         20 |       0 |    0 |    24 |      0 |      0 |    0 |          0 |
|     g_pe_p_out_p_in[121].u | spmw_fifo__parameterized0_259 |         29 |         29 |       0 |    0 |    33 |      0 |      0 |    0 |          0 |
|     g_pe_p_out_p_in[122].u | spmw_fifo__parameterized0_260 |         20 |         20 |       0 |    0 |    24 |      0 |      0 |    0 |          0 |
|     g_pe_p_out_p_in[123].u | spmw_fifo__parameterized0_261 |         20 |         20 |       0 |    0 |    24 |      0 |      0 |    0 |          0 |
|     g_pe_p_out_p_in[124].u | spmw_fifo__parameterized0_262 |         20 |         20 |       0 |    0 |    24 |      0 |      0 |    0 |          0 |
|     g_pe_p_out_p_in[125].u | spmw_fifo__parameterized0_263 |         29 |         29 |       0 |    0 |    33 |      0 |      0 |    0 |          0 |
|     g_pe_p_out_p_in[126].u | spmw_fifo__parameterized0_264 |         20 |         20 |       0 |    0 |    24 |      0 |      0 |    0 |          0 |
|     g_pe_p_out_p_in[127].u | spmw_fifo__parameterized0_265 |         29 |         29 |       0 |    0 |    33 |      0 |      0 |    0 |          0 |
|     g_pe_p_out_p_in[128].u | spmw_fifo__parameterized0_266 |         29 |         29 |       0 |    0 |    33 |      0 |      0 |    0 |          0 |
|     g_pe_p_out_p_in[129].u | spmw_fifo__parameterized0_267 |         29 |         29 |       0 |    0 |    33 |      0 |      0 |    0 |          0 |
|     g_pe_p_out_p_in[130].u | spmw_fifo__parameterized0_268 |         29 |         29 |       0 |    0 |    33 |      0 |      0 |    0 |          0 |
|     g_pe_p_out_p_in[131].u | spmw_fifo__parameterized0_269 |         29 |         29 |       0 |    0 |    33 |      0 |      0 |    0 |          0 |
|     g_pe_p_out_p_in[132].u | spmw_fifo__parameterized0_270 |         29 |         29 |       0 |    0 |    33 |      0 |      0 |    0 |          0 |
|     g_pe_p_out_p_in[133].u | spmw_fifo__parameterized0_271 |         29 |         29 |       0 |    0 |    33 |      0 |      0 |    0 |          0 |
|     g_pe_p_out_p_in[134].u | spmw_fifo__parameterized0_272 |         21 |         21 |       0 |    0 |    25 |      0 |      0 |    0 |          0 |
|     g_pe_p_out_p_in[135].u | spmw_fifo__parameterized0_273 |         21 |         21 |       0 |    0 |    25 |      0 |      0 |    0 |          0 |
|     g_pe_p_out_p_in[136].u | spmw_fifo__parameterized0_274 |         21 |         21 |       0 |    0 |    25 |      0 |      0 |    0 |          0 |
|     g_pe_p_out_p_in[137].u | spmw_fifo__parameterized0_275 |         29 |         29 |       0 |    0 |    33 |      0 |      0 |    0 |          0 |
|     g_pe_p_out_p_in[138].u | spmw_fifo__parameterized0_276 |         21 |         21 |       0 |    0 |    25 |      0 |      0 |    0 |          0 |
|     g_pe_p_out_p_in[139].u | spmw_fifo__parameterized0_277 |         21 |         21 |       0 |    0 |    25 |      0 |      0 |    0 |          0 |
|     g_pe_p_out_p_in[140].u | spmw_fifo__parameterized0_278 |         21 |         21 |       0 |    0 |    25 |      0 |      0 |    0 |          0 |
|     g_pe_p_out_p_in[141].u | spmw_fifo__parameterized0_279 |         29 |         29 |       0 |    0 |    33 |      0 |      0 |    0 |          0 |
|     g_pe_p_out_p_in[142].u | spmw_fifo__parameterized0_280 |         21 |         21 |       0 |    0 |    25 |      0 |      0 |    0 |          0 |
|     g_pe_p_out_p_in[143].u | spmw_fifo__parameterized0_281 |         29 |         29 |       0 |    0 |    33 |      0 |      0 |    0 |          0 |
|     g_pe_p_out_p_in[144].u | spmw_fifo__parameterized0_282 |         29 |         29 |       0 |    0 |    33 |      0 |      0 |    0 |          0 |
|     g_pe_p_out_p_in[145].u | spmw_fifo__parameterized0_283 |         29 |         29 |       0 |    0 |    33 |      0 |      0 |    0 |          0 |
|     g_pe_p_out_p_in[146].u | spmw_fifo__parameterized0_284 |         29 |         29 |       0 |    0 |    33 |      0 |      0 |    0 |          0 |
|     g_pe_p_out_p_in[147].u | spmw_fifo__parameterized0_285 |         29 |         29 |       0 |    0 |    33 |      0 |      0 |    0 |          0 |
|     g_pe_p_out_p_in[148].u | spmw_fifo__parameterized0_286 |         29 |         29 |       0 |    0 |    33 |      0 |      0 |    0 |          0 |
|     g_pe_p_out_p_in[149].u | spmw_fifo__parameterized0_287 |         29 |         29 |       0 |    0 |    33 |      0 |      0 |    0 |          0 |
|     g_pe_p_out_p_in[150].u | spmw_fifo__parameterized0_288 |         22 |         22 |       0 |    0 |    26 |      0 |      0 |    0 |          0 |
|     g_pe_p_out_p_in[151].u | spmw_fifo__parameterized0_289 |         22 |         22 |       0 |    0 |    26 |      0 |      0 |    0 |          0 |
|     g_pe_p_out_p_in[152].u | spmw_fifo__parameterized0_290 |         22 |         22 |       0 |    0 |    26 |      0 |      0 |    0 |          0 |
|     g_pe_p_out_p_in[153].u | spmw_fifo__parameterized0_291 |         29 |         29 |       0 |    0 |    33 |      0 |      0 |    0 |          0 |
|     g_pe_p_out_p_in[154].u | spmw_fifo__parameterized0_292 |         22 |         22 |       0 |    0 |    26 |      0 |      0 |    0 |          0 |
|     g_pe_p_out_p_in[155].u | spmw_fifo__parameterized0_293 |         22 |         22 |       0 |    0 |    26 |      0 |      0 |    0 |          0 |
|     g_pe_p_out_p_in[156].u | spmw_fifo__parameterized0_294 |         22 |         22 |       0 |    0 |    26 |      0 |      0 |    0 |          0 |
|     g_pe_p_out_p_in[157].u | spmw_fifo__parameterized0_295 |         29 |         29 |       0 |    0 |    33 |      0 |      0 |    0 |          0 |
|     g_pe_p_out_p_in[158].u | spmw_fifo__parameterized0_296 |         22 |         22 |       0 |    0 |    26 |      0 |      0 |    0 |          0 |
|     g_pe_p_out_p_in[159].u | spmw_fifo__parameterized0_297 |         29 |         29 |       0 |    0 |    33 |      0 |      0 |    0 |          0 |
|     g_pe_p_out_p_in[160].u | spmw_fifo__parameterized0_298 |         29 |         29 |       0 |    0 |    33 |      0 |      0 |    0 |          0 |
|     g_pe_p_out_p_in[161].u | spmw_fifo__parameterized0_299 |         29 |         29 |       0 |    0 |    33 |      0 |      0 |    0 |          0 |
|     g_pe_p_out_p_in[162].u | spmw_fifo__parameterized0_300 |         29 |         29 |       0 |    0 |    33 |      0 |      0 |    0 |          0 |
|     g_pe_p_out_p_in[163].u | spmw_fifo__parameterized0_301 |         29 |         29 |       0 |    0 |    33 |      0 |      0 |    0 |          0 |
|     g_pe_p_out_p_in[164].u | spmw_fifo__parameterized0_302 |         29 |         29 |       0 |    0 |    33 |      0 |      0 |    0 |          0 |
|     g_pe_p_out_p_in[165].u | spmw_fifo__parameterized0_303 |         29 |         29 |       0 |    0 |    33 |      0 |      0 |    0 |          0 |
|     g_pe_p_out_p_in[166].u | spmw_fifo__parameterized0_304 |         23 |         23 |       0 |    0 |    27 |      0 |      0 |    0 |          0 |
|     g_pe_p_out_p_in[167].u | spmw_fifo__parameterized0_305 |         23 |         23 |       0 |    0 |    27 |      0 |      0 |    0 |          0 |
|     g_pe_p_out_p_in[168].u | spmw_fifo__parameterized0_306 |         23 |         23 |       0 |    0 |    27 |      0 |      0 |    0 |          0 |
|     g_pe_p_out_p_in[169].u | spmw_fifo__parameterized0_307 |         29 |         29 |       0 |    0 |    33 |      0 |      0 |    0 |          0 |
|     g_pe_p_out_p_in[16].u  | spmw_fifo__parameterized0_308 |         14 |         14 |       0 |    0 |    17 |      0 |      0 |    0 |          0 |
|     g_pe_p_out_p_in[170].u | spmw_fifo__parameterized0_309 |         23 |         23 |       0 |    0 |    27 |      0 |      0 |    0 |          0 |
|     g_pe_p_out_p_in[171].u | spmw_fifo__parameterized0_310 |         23 |         23 |       0 |    0 |    27 |      0 |      0 |    0 |          0 |
|     g_pe_p_out_p_in[172].u | spmw_fifo__parameterized0_311 |         23 |         23 |       0 |    0 |    27 |      0 |      0 |    0 |          0 |
|     g_pe_p_out_p_in[173].u | spmw_fifo__parameterized0_312 |         29 |         29 |       0 |    0 |    33 |      0 |      0 |    0 |          0 |
|     g_pe_p_out_p_in[174].u | spmw_fifo__parameterized0_313 |         23 |         23 |       0 |    0 |    27 |      0 |      0 |    0 |          0 |
|     g_pe_p_out_p_in[175].u | spmw_fifo__parameterized0_314 |         29 |         29 |       0 |    0 |    33 |      0 |      0 |    0 |          0 |
|     g_pe_p_out_p_in[176].u | spmw_fifo__parameterized0_315 |         29 |         29 |       0 |    0 |    33 |      0 |      0 |    0 |          0 |
|     g_pe_p_out_p_in[177].u | spmw_fifo__parameterized0_316 |         29 |         29 |       0 |    0 |    33 |      0 |      0 |    0 |          0 |
|     g_pe_p_out_p_in[178].u | spmw_fifo__parameterized0_317 |         29 |         29 |       0 |    0 |    33 |      0 |      0 |    0 |          0 |
|     g_pe_p_out_p_in[179].u | spmw_fifo__parameterized0_318 |         29 |         29 |       0 |    0 |    33 |      0 |      0 |    0 |          0 |
|     g_pe_p_out_p_in[17].u  | spmw_fifo__parameterized0_319 |         15 |         15 |       0 |    0 |    17 |      0 |      0 |    0 |          0 |
|     g_pe_p_out_p_in[180].u | spmw_fifo__parameterized0_320 |         29 |         29 |       0 |    0 |    33 |      0 |      0 |    0 |          0 |
|     g_pe_p_out_p_in[181].u | spmw_fifo__parameterized0_321 |         29 |         29 |       0 |    0 |    33 |      0 |      0 |    0 |          0 |
|     g_pe_p_out_p_in[182].u | spmw_fifo__parameterized0_322 |         29 |         29 |       0 |    0 |    33 |      0 |      0 |    0 |          0 |
|     g_pe_p_out_p_in[183].u | spmw_fifo__parameterized0_323 |         29 |         29 |       0 |    0 |    33 |      0 |      0 |    0 |          0 |
|     g_pe_p_out_p_in[184].u | spmw_fifo__parameterized0_324 |         24 |         24 |       0 |    0 |    28 |      0 |      0 |    0 |          0 |
|     g_pe_p_out_p_in[185].u | spmw_fifo__parameterized0_325 |         29 |         29 |       0 |    0 |    33 |      0 |      0 |    0 |          0 |
|     g_pe_p_out_p_in[186].u | spmw_fifo__parameterized0_326 |         24 |         24 |       0 |    0 |    28 |      0 |      0 |    0 |          0 |
|     g_pe_p_out_p_in[187].u | spmw_fifo__parameterized0_327 |         24 |         24 |       0 |    0 |    28 |      0 |      0 |    0 |          0 |
|     g_pe_p_out_p_in[188].u | spmw_fifo__parameterized0_328 |         24 |         24 |       0 |    0 |    28 |      0 |      0 |    0 |          0 |
|     g_pe_p_out_p_in[189].u | spmw_fifo__parameterized0_329 |         29 |         29 |       0 |    0 |    33 |      0 |      0 |    0 |          0 |
|     g_pe_p_out_p_in[18].u  | spmw_fifo__parameterized0_330 |         14 |         14 |       0 |    0 |    17 |      0 |      0 |    0 |          0 |
|     g_pe_p_out_p_in[190].u | spmw_fifo__parameterized0_331 |         24 |         24 |       0 |    0 |    28 |      0 |      0 |    0 |          0 |
|     g_pe_p_out_p_in[191].u | spmw_fifo__parameterized0_332 |         29 |         29 |       0 |    0 |    33 |      0 |      0 |    0 |          0 |
|     g_pe_p_out_p_in[192].u | spmw_fifo__parameterized0_333 |         29 |         29 |       0 |    0 |    33 |      0 |      0 |    0 |          0 |
|     g_pe_p_out_p_in[193].u | spmw_fifo__parameterized0_334 |         29 |         29 |       0 |    0 |    33 |      0 |      0 |    0 |          0 |
|     g_pe_p_out_p_in[194].u | spmw_fifo__parameterized0_335 |         29 |         29 |       0 |    0 |    33 |      0 |      0 |    0 |          0 |
|     g_pe_p_out_p_in[195].u | spmw_fifo__parameterized0_336 |         29 |         29 |       0 |    0 |    33 |      0 |      0 |    0 |          0 |
|     g_pe_p_out_p_in[196].u | spmw_fifo__parameterized0_337 |         29 |         29 |       0 |    0 |    33 |      0 |      0 |    0 |          0 |
|     g_pe_p_out_p_in[197].u | spmw_fifo__parameterized0_338 |         29 |         29 |       0 |    0 |    33 |      0 |      0 |    0 |          0 |
|     g_pe_p_out_p_in[198].u | spmw_fifo__parameterized0_339 |         29 |         29 |       0 |    0 |    33 |      0 |      0 |    0 |          0 |
|     g_pe_p_out_p_in[199].u | spmw_fifo__parameterized0_340 |         29 |         29 |       0 |    0 |    33 |      0 |      0 |    0 |          0 |
|     g_pe_p_out_p_in[19].u  | spmw_fifo__parameterized0_341 |         14 |         14 |       0 |    0 |    17 |      0 |      0 |    0 |          0 |
|     g_pe_p_out_p_in[200].u | spmw_fifo__parameterized0_342 |         29 |         29 |       0 |    0 |    33 |      0 |      0 |    0 |          0 |
|     g_pe_p_out_p_in[201].u | spmw_fifo__parameterized0_343 |         29 |         29 |       0 |    0 |    33 |      0 |      0 |    0 |          0 |
|     g_pe_p_out_p_in[202].u | spmw_fifo__parameterized0_344 |         25 |         25 |       0 |    0 |    29 |      0 |      0 |    0 |          0 |
|     g_pe_p_out_p_in[203].u | spmw_fifo__parameterized0_345 |         25 |         25 |       0 |    0 |    29 |      0 |      0 |    0 |          0 |
|     g_pe_p_out_p_in[204].u | spmw_fifo__parameterized0_346 |         25 |         25 |       0 |    0 |    29 |      0 |      0 |    0 |          0 |
|     g_pe_p_out_p_in[205].u | spmw_fifo__parameterized0_347 |         29 |         29 |       0 |    0 |    33 |      0 |      0 |    0 |          0 |
|     g_pe_p_out_p_in[206].u | spmw_fifo__parameterized0_348 |         25 |         25 |       0 |    0 |    29 |      0 |      0 |    0 |          0 |
|     g_pe_p_out_p_in[207].u | spmw_fifo__parameterized0_349 |         29 |         29 |       0 |    0 |    33 |      0 |      0 |    0 |          0 |
|     g_pe_p_out_p_in[208].u | spmw_fifo__parameterized0_350 |         29 |         29 |       0 |    0 |    33 |      0 |      0 |    0 |          0 |
|     g_pe_p_out_p_in[209].u | spmw_fifo__parameterized0_351 |         29 |         29 |       0 |    0 |    33 |      0 |      0 |    0 |          0 |
|     g_pe_p_out_p_in[20].u  | spmw_fifo__parameterized0_352 |         14 |         14 |       0 |    0 |    17 |      0 |      0 |    0 |          0 |
|     g_pe_p_out_p_in[210].u | spmw_fifo__parameterized0_353 |         29 |         29 |       0 |    0 |    33 |      0 |      0 |    0 |          0 |
|     g_pe_p_out_p_in[211].u | spmw_fifo__parameterized0_354 |         29 |         29 |       0 |    0 |    33 |      0 |      0 |    0 |          0 |
|     g_pe_p_out_p_in[212].u | spmw_fifo__parameterized0_355 |         29 |         29 |       0 |    0 |    33 |      0 |      0 |    0 |          0 |
|     g_pe_p_out_p_in[213].u | spmw_fifo__parameterized0_356 |         29 |         29 |       0 |    0 |    33 |      0 |      0 |    0 |          0 |
|     g_pe_p_out_p_in[214].u | spmw_fifo__parameterized0_357 |         29 |         29 |       0 |    0 |    33 |      0 |      0 |    0 |          0 |
|     g_pe_p_out_p_in[215].u | spmw_fifo__parameterized0_358 |         29 |         29 |       0 |    0 |    33 |      0 |      0 |    0 |          0 |
|     g_pe_p_out_p_in[216].u | spmw_fifo__parameterized0_359 |         29 |         29 |       0 |    0 |    33 |      0 |      0 |    0 |          0 |
|     g_pe_p_out_p_in[217].u | spmw_fifo__parameterized0_360 |         29 |         29 |       0 |    0 |    33 |      0 |      0 |    0 |          0 |
|     g_pe_p_out_p_in[218].u | spmw_fifo__parameterized0_361 |         26 |         26 |       0 |    0 |    30 |      0 |      0 |    0 |          0 |
|     g_pe_p_out_p_in[219].u | spmw_fifo__parameterized0_362 |         26 |         26 |       0 |    0 |    30 |      0 |      0 |    0 |          0 |
|     g_pe_p_out_p_in[21].u  | spmw_fifo__parameterized0_363 |         14 |         14 |       0 |    0 |    17 |      0 |      0 |    0 |          0 |
|     g_pe_p_out_p_in[220].u | spmw_fifo__parameterized0_364 |         26 |         26 |       0 |    0 |    30 |      0 |      0 |    0 |          0 |
|     g_pe_p_out_p_in[221].u | spmw_fifo__parameterized0_365 |         29 |         29 |       0 |    0 |    33 |      0 |      0 |    0 |          0 |
|     g_pe_p_out_p_in[222].u | spmw_fifo__parameterized0_366 |         26 |         26 |       0 |    0 |    30 |      0 |      0 |    0 |          0 |
|     g_pe_p_out_p_in[223].u | spmw_fifo__parameterized0_367 |         29 |         29 |       0 |    0 |    33 |      0 |      0 |    0 |          0 |
|     g_pe_p_out_p_in[224].u | spmw_fifo__parameterized0_368 |         29 |         29 |       0 |    0 |    33 |      0 |      0 |    0 |          0 |
|     g_pe_p_out_p_in[225].u | spmw_fifo__parameterized0_369 |         29 |         29 |       0 |    0 |    33 |      0 |      0 |    0 |          0 |
|     g_pe_p_out_p_in[226].u | spmw_fifo__parameterized0_370 |         29 |         29 |       0 |    0 |    33 |      0 |      0 |    0 |          0 |
|     g_pe_p_out_p_in[227].u | spmw_fifo__parameterized0_371 |         29 |         29 |       0 |    0 |    33 |      0 |      0 |    0 |          0 |
|     g_pe_p_out_p_in[228].u | spmw_fifo__parameterized0_372 |         29 |         29 |       0 |    0 |    33 |      0 |      0 |    0 |          0 |
|     g_pe_p_out_p_in[229].u | spmw_fifo__parameterized0_373 |         29 |         29 |       0 |    0 |    33 |      0 |      0 |    0 |          0 |
|     g_pe_p_out_p_in[22].u  | spmw_fifo__parameterized0_374 |         14 |         14 |       0 |    0 |    17 |      0 |      0 |    0 |          0 |
|     g_pe_p_out_p_in[230].u | spmw_fifo__parameterized0_375 |         29 |         29 |       0 |    0 |    33 |      0 |      0 |    0 |          0 |
|     g_pe_p_out_p_in[231].u | spmw_fifo__parameterized0_376 |         29 |         29 |       0 |    0 |    33 |      0 |      0 |    0 |          0 |
|     g_pe_p_out_p_in[232].u | spmw_fifo__parameterized0_377 |         29 |         29 |       0 |    0 |    33 |      0 |      0 |    0 |          0 |
|     g_pe_p_out_p_in[233].u | spmw_fifo__parameterized0_378 |         29 |         29 |       0 |    0 |    33 |      0 |      0 |    0 |          0 |
|     g_pe_p_out_p_in[234].u | spmw_fifo__parameterized0_379 |         27 |         27 |       0 |    0 |    31 |      0 |      0 |    0 |          0 |
|     g_pe_p_out_p_in[235].u | spmw_fifo__parameterized0_380 |         27 |         27 |       0 |    0 |    31 |      0 |      0 |    0 |          0 |
|     g_pe_p_out_p_in[236].u | spmw_fifo__parameterized0_381 |         27 |         27 |       0 |    0 |    31 |      0 |      0 |    0 |          0 |
|     g_pe_p_out_p_in[237].u | spmw_fifo__parameterized0_382 |         30 |         30 |       0 |    0 |    33 |      0 |      0 |    0 |          0 |
|     g_pe_p_out_p_in[238].u | spmw_fifo__parameterized0_383 |         27 |         27 |       0 |    0 |    31 |      0 |      0 |    0 |          0 |
|     g_pe_p_out_p_in[239].u | spmw_fifo__parameterized0_384 |         29 |         29 |       0 |    0 |    33 |      0 |      0 |    0 |          0 |
|     g_pe_p_out_p_in[23].u  | spmw_fifo__parameterized0_385 |         14 |         14 |       0 |    0 |    17 |      0 |      0 |    0 |          0 |
|     g_pe_p_out_p_in[240].u | spmw_fifo__parameterized0_386 |         29 |         29 |       0 |    0 |    33 |      0 |      0 |    0 |          0 |
|     g_pe_p_out_p_in[241].u | spmw_fifo__parameterized0_387 |         29 |         29 |       0 |    0 |    33 |      0 |      0 |    0 |          0 |
|     g_pe_p_out_p_in[242].u | spmw_fifo__parameterized0_388 |         29 |         29 |       0 |    0 |    33 |      0 |      0 |    0 |          0 |
|     g_pe_p_out_p_in[243].u | spmw_fifo__parameterized0_389 |         29 |         29 |       0 |    0 |    33 |      0 |      0 |    0 |          0 |
|     g_pe_p_out_p_in[244].u | spmw_fifo__parameterized0_390 |         29 |         29 |       0 |    0 |    33 |      0 |      0 |    0 |          0 |
|     g_pe_p_out_p_in[245].u | spmw_fifo__parameterized0_391 |         29 |         29 |       0 |    0 |    33 |      0 |      0 |    0 |          0 |
|     g_pe_p_out_p_in[246].u | spmw_fifo__parameterized0_392 |         29 |         29 |       0 |    0 |    33 |      0 |      0 |    0 |          0 |
|     g_pe_p_out_p_in[247].u | spmw_fifo__parameterized0_393 |         29 |         29 |       0 |    0 |    33 |      0 |      0 |    0 |          0 |
|     g_pe_p_out_p_in[248].u | spmw_fifo__parameterized0_394 |         29 |         29 |       0 |    0 |    33 |      0 |      0 |    0 |          0 |
|     g_pe_p_out_p_in[249].u | spmw_fifo__parameterized0_395 |         29 |         29 |       0 |    0 |    33 |      0 |      0 |    0 |          0 |
|     g_pe_p_out_p_in[24].u  | spmw_fifo__parameterized0_396 |         14 |         14 |       0 |    0 |    17 |      0 |      0 |    0 |          0 |
|     g_pe_p_out_p_in[250].u | spmw_fifo__parameterized0_397 |         28 |         28 |       0 |    0 |    32 |      0 |      0 |    0 |          0 |
|     g_pe_p_out_p_in[251].u | spmw_fifo__parameterized0_398 |         28 |         28 |       0 |    0 |    32 |      0 |      0 |    0 |          0 |
|     g_pe_p_out_p_in[252].u | spmw_fifo__parameterized0_399 |         28 |         28 |       0 |    0 |    32 |      0 |      0 |    0 |          0 |
|     g_pe_p_out_p_in[253].u | spmw_fifo__parameterized0_400 |         29 |         29 |       0 |    0 |    33 |      0 |      0 |    0 |          0 |
|     g_pe_p_out_p_in[254].u | spmw_fifo__parameterized0_401 |         28 |         28 |       0 |    0 |    32 |      0 |      0 |    0 |          0 |
|     g_pe_p_out_p_in[255].u | spmw_fifo__parameterized0_402 |         29 |         29 |       0 |    0 |    34 |      0 |      0 |    0 |          0 |
|     g_pe_p_out_p_in[25].u  | spmw_fifo__parameterized0_403 |         14 |         14 |       0 |    0 |    17 |      0 |      0 |    0 |          0 |
|     g_pe_p_out_p_in[26].u  | spmw_fifo__parameterized0_404 |         14 |         14 |       0 |    0 |    17 |      0 |      0 |    0 |          0 |
|     g_pe_p_out_p_in[27].u  | spmw_fifo__parameterized0_405 |         14 |         14 |       0 |    0 |    17 |      0 |      0 |    0 |          0 |
|     g_pe_p_out_p_in[28].u  | spmw_fifo__parameterized0_406 |         14 |         14 |       0 |    0 |    17 |      0 |      0 |    0 |          0 |
|     g_pe_p_out_p_in[29].u  | spmw_fifo__parameterized0_407 |         14 |         14 |       0 |    0 |    17 |      0 |      0 |    0 |          0 |
|     g_pe_p_out_p_in[30].u  | spmw_fifo__parameterized0_408 |         14 |         14 |       0 |    0 |    17 |      0 |      0 |    0 |          0 |
|     g_pe_p_out_p_in[31].u  | spmw_fifo__parameterized0_409 |         14 |         14 |       0 |    0 |    17 |      0 |      0 |    0 |          0 |
|     g_pe_p_out_p_in[32].u  | spmw_fifo__parameterized0_410 |         15 |         15 |       0 |    0 |    19 |      0 |      0 |    0 |          0 |
|     g_pe_p_out_p_in[33].u  | spmw_fifo__parameterized0_411 |         15 |         15 |       0 |    0 |    19 |      0 |      0 |    0 |          0 |
|     g_pe_p_out_p_in[34].u  | spmw_fifo__parameterized0_412 |         29 |         29 |       0 |    0 |    33 |      0 |      0 |    0 |          0 |
|     g_pe_p_out_p_in[35].u  | spmw_fifo__parameterized0_413 |         15 |         15 |       0 |    0 |    19 |      0 |      0 |    0 |          0 |
|     g_pe_p_out_p_in[36].u  | spmw_fifo__parameterized0_414 |         15 |         15 |       0 |    0 |    19 |      0 |      0 |    0 |          0 |
|     g_pe_p_out_p_in[37].u  | spmw_fifo__parameterized0_415 |         15 |         15 |       0 |    0 |    19 |      0 |      0 |    0 |          0 |
|     g_pe_p_out_p_in[38].u  | spmw_fifo__parameterized0_416 |         15 |         15 |       0 |    0 |    19 |      0 |      0 |    0 |          0 |
|     g_pe_p_out_p_in[39].u  | spmw_fifo__parameterized0_417 |         15 |         15 |       0 |    0 |    19 |      0 |      0 |    0 |          0 |
|     g_pe_p_out_p_in[40].u  | spmw_fifo__parameterized0_418 |         15 |         15 |       0 |    0 |    19 |      0 |      0 |    0 |          0 |
|     g_pe_p_out_p_in[41].u  | spmw_fifo__parameterized0_419 |         15 |         15 |       0 |    0 |    19 |      0 |      0 |    0 |          0 |
|     g_pe_p_out_p_in[42].u  | spmw_fifo__parameterized0_420 |         15 |         15 |       0 |    0 |    19 |      0 |      0 |    0 |          0 |
|     g_pe_p_out_p_in[43].u  | spmw_fifo__parameterized0_421 |         15 |         15 |       0 |    0 |    19 |      0 |      0 |    0 |          0 |
|     g_pe_p_out_p_in[44].u  | spmw_fifo__parameterized0_422 |         15 |         15 |       0 |    0 |    19 |      0 |      0 |    0 |          0 |
|     g_pe_p_out_p_in[45].u  | spmw_fifo__parameterized0_423 |         15 |         15 |       0 |    0 |    19 |      0 |      0 |    0 |          0 |
|     g_pe_p_out_p_in[46].u  | spmw_fifo__parameterized0_424 |         15 |         15 |       0 |    0 |    19 |      0 |      0 |    0 |          0 |
|     g_pe_p_out_p_in[47].u  | spmw_fifo__parameterized0_425 |         15 |         15 |       0 |    0 |    19 |      0 |      0 |    0 |          0 |
|     g_pe_p_out_p_in[48].u  | spmw_fifo__parameterized0_426 |         16 |         16 |       0 |    0 |    20 |      0 |      0 |    0 |          0 |
|     g_pe_p_out_p_in[49].u  | spmw_fifo__parameterized0_427 |         16 |         16 |       0 |    0 |    20 |      0 |      0 |    0 |          0 |
|     g_pe_p_out_p_in[50].u  | spmw_fifo__parameterized0_428 |         29 |         29 |       0 |    0 |    33 |      0 |      0 |    0 |          0 |
|     g_pe_p_out_p_in[51].u  | spmw_fifo__parameterized0_429 |         16 |         16 |       0 |    0 |    20 |      0 |      0 |    0 |          0 |
|     g_pe_p_out_p_in[52].u  | spmw_fifo__parameterized0_430 |         16 |         16 |       0 |    0 |    20 |      0 |      0 |    0 |          0 |
|     g_pe_p_out_p_in[53].u  | spmw_fifo__parameterized0_431 |         16 |         16 |       0 |    0 |    20 |      0 |      0 |    0 |          0 |
|     g_pe_p_out_p_in[54].u  | spmw_fifo__parameterized0_432 |         16 |         16 |       0 |    0 |    20 |      0 |      0 |    0 |          0 |
|     g_pe_p_out_p_in[55].u  | spmw_fifo__parameterized0_433 |         16 |         16 |       0 |    0 |    20 |      0 |      0 |    0 |          0 |
|     g_pe_p_out_p_in[56].u  | spmw_fifo__parameterized0_434 |         16 |         16 |       0 |    0 |    20 |      0 |      0 |    0 |          0 |
|     g_pe_p_out_p_in[57].u  | spmw_fifo__parameterized0_435 |         29 |         29 |       0 |    0 |    33 |      0 |      0 |    0 |          0 |
|     g_pe_p_out_p_in[58].u  | spmw_fifo__parameterized0_436 |         16 |         16 |       0 |    0 |    20 |      0 |      0 |    0 |          0 |
|     g_pe_p_out_p_in[59].u  | spmw_fifo__parameterized0_437 |         16 |         16 |       0 |    0 |    20 |      0 |      0 |    0 |          0 |
|     g_pe_p_out_p_in[60].u  | spmw_fifo__parameterized0_438 |         16 |         16 |       0 |    0 |    20 |      0 |      0 |    0 |          0 |
|     g_pe_p_out_p_in[61].u  | spmw_fifo__parameterized0_439 |         16 |         16 |       0 |    0 |    20 |      0 |      0 |    0 |          0 |
|     g_pe_p_out_p_in[62].u  | spmw_fifo__parameterized0_440 |         16 |         16 |       0 |    0 |    20 |      0 |      0 |    0 |          0 |
|     g_pe_p_out_p_in[63].u  | spmw_fifo__parameterized0_441 |         16 |         16 |       0 |    0 |    20 |      0 |      0 |    0 |          0 |
|     g_pe_p_out_p_in[64].u  | spmw_fifo__parameterized0_442 |         17 |         17 |       0 |    0 |    21 |      0 |      0 |    0 |          0 |
|     g_pe_p_out_p_in[65].u  | spmw_fifo__parameterized0_443 |         17 |         17 |       0 |    0 |    21 |      0 |      0 |    0 |          0 |
|     g_pe_p_out_p_in[66].u  | spmw_fifo__parameterized0_444 |         29 |         29 |       0 |    0 |    33 |      0 |      0 |    0 |          0 |
|     g_pe_p_out_p_in[67].u  | spmw_fifo__parameterized0_445 |         17 |         17 |       0 |    0 |    21 |      0 |      0 |    0 |          0 |
|     g_pe_p_out_p_in[68].u  | spmw_fifo__parameterized0_446 |         17 |         17 |       0 |    0 |    21 |      0 |      0 |    0 |          0 |
|     g_pe_p_out_p_in[69].u  | spmw_fifo__parameterized0_447 |         17 |         17 |       0 |    0 |    21 |      0 |      0 |    0 |          0 |
|     g_pe_p_out_p_in[70].u  | spmw_fifo__parameterized0_448 |         17 |         17 |       0 |    0 |    21 |      0 |      0 |    0 |          0 |
|     g_pe_p_out_p_in[71].u  | spmw_fifo__parameterized0_449 |         17 |         17 |       0 |    0 |    21 |      0 |      0 |    0 |          0 |
|     g_pe_p_out_p_in[72].u  | spmw_fifo__parameterized0_450 |         17 |         17 |       0 |    0 |    21 |      0 |      0 |    0 |          0 |
|     g_pe_p_out_p_in[73].u  | spmw_fifo__parameterized0_451 |         29 |         29 |       0 |    0 |    33 |      0 |      0 |    0 |          0 |
|     g_pe_p_out_p_in[74].u  | spmw_fifo__parameterized0_452 |         17 |         17 |       0 |    0 |    21 |      0 |      0 |    0 |          0 |
|     g_pe_p_out_p_in[75].u  | spmw_fifo__parameterized0_453 |         17 |         17 |       0 |    0 |    21 |      0 |      0 |    0 |          0 |
|     g_pe_p_out_p_in[76].u  | spmw_fifo__parameterized0_454 |         17 |         17 |       0 |    0 |    21 |      0 |      0 |    0 |          0 |
|     g_pe_p_out_p_in[77].u  | spmw_fifo__parameterized0_455 |         17 |         17 |       0 |    0 |    21 |      0 |      0 |    0 |          0 |
|     g_pe_p_out_p_in[78].u  | spmw_fifo__parameterized0_456 |         17 |         17 |       0 |    0 |    21 |      0 |      0 |    0 |          0 |
|     g_pe_p_out_p_in[79].u  | spmw_fifo__parameterized0_457 |         17 |         17 |       0 |    0 |    21 |      0 |      0 |    0 |          0 |
|     g_pe_p_out_p_in[80].u  | spmw_fifo__parameterized0_458 |         18 |         18 |       0 |    0 |    22 |      0 |      0 |    0 |          0 |
|     g_pe_p_out_p_in[81].u  | spmw_fifo__parameterized0_459 |         18 |         18 |       0 |    0 |    22 |      0 |      0 |    0 |          0 |
|     g_pe_p_out_p_in[82].u  | spmw_fifo__parameterized0_460 |         29 |         29 |       0 |    0 |    33 |      0 |      0 |    0 |          0 |
|     g_pe_p_out_p_in[83].u  | spmw_fifo__parameterized0_461 |         18 |         18 |       0 |    0 |    22 |      0 |      0 |    0 |          0 |
|     g_pe_p_out_p_in[84].u  | spmw_fifo__parameterized0_462 |         18 |         18 |       0 |    0 |    22 |      0 |      0 |    0 |          0 |
|     g_pe_p_out_p_in[85].u  | spmw_fifo__parameterized0_463 |         18 |         18 |       0 |    0 |    22 |      0 |      0 |    0 |          0 |
|     g_pe_p_out_p_in[86].u  | spmw_fifo__parameterized0_464 |         18 |         18 |       0 |    0 |    22 |      0 |      0 |    0 |          0 |
|     g_pe_p_out_p_in[87].u  | spmw_fifo__parameterized0_465 |         18 |         18 |       0 |    0 |    22 |      0 |      0 |    0 |          0 |
|     g_pe_p_out_p_in[88].u  | spmw_fifo__parameterized0_466 |         18 |         18 |       0 |    0 |    22 |      0 |      0 |    0 |          0 |
|     g_pe_p_out_p_in[89].u  | spmw_fifo__parameterized0_467 |         29 |         29 |       0 |    0 |    33 |      0 |      0 |    0 |          0 |
|     g_pe_p_out_p_in[90].u  | spmw_fifo__parameterized0_468 |         18 |         18 |       0 |    0 |    22 |      0 |      0 |    0 |          0 |
|     g_pe_p_out_p_in[91].u  | spmw_fifo__parameterized0_469 |         18 |         18 |       0 |    0 |    22 |      0 |      0 |    0 |          0 |
|     g_pe_p_out_p_in[92].u  | spmw_fifo__parameterized0_470 |         18 |         18 |       0 |    0 |    22 |      0 |      0 |    0 |          0 |
|     g_pe_p_out_p_in[93].u  | spmw_fifo__parameterized0_471 |         18 |         18 |       0 |    0 |    22 |      0 |      0 |    0 |          0 |
|     g_pe_p_out_p_in[94].u  | spmw_fifo__parameterized0_472 |         18 |         18 |       0 |    0 |    22 |      0 |      0 |    0 |          0 |
|     g_pe_p_out_p_in[95].u  | spmw_fifo__parameterized0_473 |         18 |         18 |       0 |    0 |    22 |      0 |      0 |    0 |          0 |
|     g_pe_p_out_p_in[96].u  | spmw_fifo__parameterized0_474 |         19 |         19 |       0 |    0 |    23 |      0 |      0 |    0 |          0 |
|     g_pe_p_out_p_in[97].u  | spmw_fifo__parameterized0_475 |         19 |         19 |       0 |    0 |    23 |      0 |      0 |    0 |          0 |
|     g_pe_p_out_p_in[98].u  | spmw_fifo__parameterized0_476 |         29 |         29 |       0 |    0 |    33 |      0 |      0 |    0 |          0 |
|     g_pe_p_out_p_in[99].u  | spmw_fifo__parameterized0_477 |         19 |         19 |       0 |    0 |    23 |      0 |      0 |    0 |          0 |
|     g_pe_w_out_w_in[100].u |                 spmw_fifo_478 |          0 |          0 |       0 |    0 |     9 |      0 |      0 |    0 |          0 |
|     g_pe_w_out_w_in[101].u |                 spmw_fifo_479 |          1 |          1 |       0 |    0 |     9 |      0 |      0 |    0 |          0 |
|     g_pe_w_out_w_in[102].u |                 spmw_fifo_480 |          0 |          0 |       0 |    0 |     9 |      0 |      0 |    0 |          0 |
|     g_pe_w_out_w_in[103].u |                 spmw_fifo_481 |          0 |          0 |       0 |    0 |     9 |      0 |      0 |    0 |          0 |
|     g_pe_w_out_w_in[104].u |                 spmw_fifo_482 |          2 |          2 |       0 |    0 |     9 |      0 |      0 |    0 |          0 |
|     g_pe_w_out_w_in[105].u |                 spmw_fifo_483 |          1 |          1 |       0 |    0 |     9 |      0 |      0 |    0 |          0 |
|     g_pe_w_out_w_in[106].u |                 spmw_fifo_484 |          0 |          0 |       0 |    0 |     9 |      0 |      0 |    0 |          0 |
|     g_pe_w_out_w_in[107].u |                 spmw_fifo_485 |          0 |          0 |       0 |    0 |     9 |      0 |      0 |    0 |          0 |
|     g_pe_w_out_w_in[108].u |                 spmw_fifo_486 |          0 |          0 |       0 |    0 |     9 |      0 |      0 |    0 |          0 |
|     g_pe_w_out_w_in[109].u |                 spmw_fifo_487 |          0 |          0 |       0 |    0 |     9 |      0 |      0 |    0 |          0 |
|     g_pe_w_out_w_in[10].u  |                 spmw_fifo_488 |          1 |          1 |       0 |    0 |     9 |      0 |      0 |    0 |          0 |
|     g_pe_w_out_w_in[110].u |                 spmw_fifo_489 |          0 |          0 |       0 |    0 |     9 |      0 |      0 |    0 |          0 |
|     g_pe_w_out_w_in[111].u |                 spmw_fifo_490 |          2 |          2 |       0 |    0 |     9 |      0 |      0 |    0 |          0 |
|     g_pe_w_out_w_in[113].u |                 spmw_fifo_491 |          1 |          1 |       0 |    0 |     9 |      0 |      0 |    0 |          0 |
|     g_pe_w_out_w_in[114].u |                 spmw_fifo_492 |          2 |          2 |       0 |    0 |     9 |      0 |      0 |    0 |          0 |
|     g_pe_w_out_w_in[115].u |                 spmw_fifo_493 |          0 |          0 |       0 |    0 |     9 |      0 |      0 |    0 |          0 |
|     g_pe_w_out_w_in[116].u |                 spmw_fifo_494 |          0 |          0 |       0 |    0 |     9 |      0 |      0 |    0 |          0 |
|     g_pe_w_out_w_in[117].u |                 spmw_fifo_495 |          0 |          0 |       0 |    0 |     9 |      0 |      0 |    0 |          0 |
|     g_pe_w_out_w_in[118].u |                 spmw_fifo_496 |          0 |          0 |       0 |    0 |     9 |      0 |      0 |    0 |          0 |
|     g_pe_w_out_w_in[119].u |                 spmw_fifo_497 |          0 |          0 |       0 |    0 |     9 |      0 |      0 |    0 |          0 |
|     g_pe_w_out_w_in[11].u  |                 spmw_fifo_498 |          1 |          1 |       0 |    0 |     9 |      0 |      0 |    0 |          0 |
|     g_pe_w_out_w_in[120].u |                 spmw_fifo_499 |          0 |          0 |       0 |    0 |     9 |      0 |      0 |    0 |          0 |
|     g_pe_w_out_w_in[121].u |                 spmw_fifo_500 |          1 |          1 |       0 |    0 |     9 |      0 |      0 |    0 |          0 |
|     g_pe_w_out_w_in[122].u |                 spmw_fifo_501 |          0 |          0 |       0 |    0 |     9 |      0 |      0 |    0 |          0 |
|     g_pe_w_out_w_in[123].u |                 spmw_fifo_502 |          0 |          0 |       0 |    0 |     9 |      0 |      0 |    0 |          0 |
|     g_pe_w_out_w_in[124].u |                 spmw_fifo_503 |          0 |          0 |       0 |    0 |     9 |      0 |      0 |    0 |          0 |
|     g_pe_w_out_w_in[125].u |                 spmw_fifo_504 |          0 |          0 |       0 |    0 |     9 |      0 |      0 |    0 |          0 |
|     g_pe_w_out_w_in[126].u |                 spmw_fifo_505 |          0 |          0 |       0 |    0 |     9 |      0 |      0 |    0 |          0 |
|     g_pe_w_out_w_in[127].u |                 spmw_fifo_506 |          2 |          2 |       0 |    0 |     9 |      0 |      0 |    0 |          0 |
|     g_pe_w_out_w_in[129].u |                 spmw_fifo_507 |          2 |          2 |       0 |    0 |     9 |      0 |      0 |    0 |          0 |
|     g_pe_w_out_w_in[12].u  |                 spmw_fifo_508 |          1 |          1 |       0 |    0 |     9 |      0 |      0 |    0 |          0 |
|     g_pe_w_out_w_in[130].u |                 spmw_fifo_509 |          1 |          1 |       0 |    0 |     9 |      0 |      0 |    0 |          0 |
|     g_pe_w_out_w_in[131].u |                 spmw_fifo_510 |          0 |          0 |       0 |    0 |     9 |      0 |      0 |    0 |          0 |
|     g_pe_w_out_w_in[132].u |                 spmw_fifo_511 |          0 |          0 |       0 |    0 |     9 |      0 |      0 |    0 |          0 |
|     g_pe_w_out_w_in[133].u |                 spmw_fifo_512 |          0 |          0 |       0 |    0 |     9 |      0 |      0 |    0 |          0 |
|     g_pe_w_out_w_in[134].u |                 spmw_fifo_513 |          0 |          0 |       0 |    0 |     9 |      0 |      0 |    0 |          0 |
|     g_pe_w_out_w_in[135].u |                 spmw_fifo_514 |          0 |          0 |       0 |    0 |     9 |      0 |      0 |    0 |          0 |
|     g_pe_w_out_w_in[136].u |                 spmw_fifo_515 |          0 |          0 |       0 |    0 |     9 |      0 |      0 |    0 |          0 |
|     g_pe_w_out_w_in[137].u |                 spmw_fifo_516 |          1 |          1 |       0 |    0 |     9 |      0 |      0 |    0 |          0 |
|     g_pe_w_out_w_in[138].u |                 spmw_fifo_517 |          0 |          0 |       0 |    0 |     9 |      0 |      0 |    0 |          0 |
|     g_pe_w_out_w_in[139].u |                 spmw_fifo_518 |          0 |          0 |       0 |    0 |     9 |      0 |      0 |    0 |          0 |
|     g_pe_w_out_w_in[13].u  |                 spmw_fifo_519 |          1 |          1 |       0 |    0 |     9 |      0 |      0 |    0 |          0 |
|     g_pe_w_out_w_in[140].u |                 spmw_fifo_520 |          0 |          0 |       0 |    0 |     9 |      0 |      0 |    0 |          0 |
|     g_pe_w_out_w_in[141].u |                 spmw_fifo_521 |          0 |          0 |       0 |    0 |     9 |      0 |      0 |    0 |          0 |
|     g_pe_w_out_w_in[142].u |                 spmw_fifo_522 |          0 |          0 |       0 |    0 |     9 |      0 |      0 |    0 |          0 |
|     g_pe_w_out_w_in[143].u |                 spmw_fifo_523 |          2 |          2 |       0 |    0 |     9 |      0 |      0 |    0 |          0 |
|     g_pe_w_out_w_in[145].u |                 spmw_fifo_524 |          0 |          0 |       0 |    0 |     9 |      0 |      0 |    0 |          0 |
|     g_pe_w_out_w_in[146].u |                 spmw_fifo_525 |          1 |          1 |       0 |    0 |     9 |      0 |      0 |    0 |          0 |
|     g_pe_w_out_w_in[147].u |                 spmw_fifo_526 |          0 |          0 |       0 |    0 |     9 |      0 |      0 |    0 |          0 |
|     g_pe_w_out_w_in[148].u |                 spmw_fifo_527 |          0 |          0 |       0 |    0 |     9 |      0 |      0 |    0 |          0 |
|     g_pe_w_out_w_in[149].u |                 spmw_fifo_528 |          0 |          0 |       0 |    0 |     9 |      0 |      0 |    0 |          0 |
|     g_pe_w_out_w_in[14].u  |                 spmw_fifo_529 |          1 |          1 |       0 |    0 |     9 |      0 |      0 |    0 |          0 |
|     g_pe_w_out_w_in[150].u |                 spmw_fifo_530 |          0 |          0 |       0 |    0 |     9 |      0 |      0 |    0 |          0 |
|     g_pe_w_out_w_in[151].u |                 spmw_fifo_531 |          0 |          0 |       0 |    0 |     9 |      0 |      0 |    0 |          0 |
|     g_pe_w_out_w_in[152].u |                 spmw_fifo_532 |          0 |          0 |       0 |    0 |     9 |      0 |      0 |    0 |          0 |
|     g_pe_w_out_w_in[153].u |                 spmw_fifo_533 |          1 |          1 |       0 |    0 |     9 |      0 |      0 |    0 |          0 |
|     g_pe_w_out_w_in[154].u |                 spmw_fifo_534 |          0 |          0 |       0 |    0 |     9 |      0 |      0 |    0 |          0 |
|     g_pe_w_out_w_in[155].u |                 spmw_fifo_535 |          0 |          0 |       0 |    0 |     9 |      0 |      0 |    0 |          0 |
|     g_pe_w_out_w_in[156].u |                 spmw_fifo_536 |          0 |          0 |       0 |    0 |     9 |      0 |      0 |    0 |          0 |
|     g_pe_w_out_w_in[157].u |                 spmw_fifo_537 |          0 |          0 |       0 |    0 |     9 |      0 |      0 |    0 |          0 |
|     g_pe_w_out_w_in[158].u |                 spmw_fifo_538 |          0 |          0 |       0 |    0 |     9 |      0 |      0 |    0 |          0 |
|     g_pe_w_out_w_in[159].u |                 spmw_fifo_539 |          2 |          2 |       0 |    0 |     9 |      0 |      0 |    0 |          0 |
|     g_pe_w_out_w_in[15].u  |                 spmw_fifo_540 |          1 |          1 |       0 |    0 |     9 |      0 |      0 |    0 |          0 |
|     g_pe_w_out_w_in[161].u |                 spmw_fifo_541 |          0 |          0 |       0 |    0 |     9 |      0 |      0 |    0 |          0 |
|     g_pe_w_out_w_in[162].u |                 spmw_fifo_542 |          1 |          1 |       0 |    0 |     9 |      0 |      0 |    0 |          0 |
|     g_pe_w_out_w_in[163].u |                 spmw_fifo_543 |          0 |          0 |       0 |    0 |     9 |      0 |      0 |    0 |          0 |
|     g_pe_w_out_w_in[164].u |                 spmw_fifo_544 |          0 |          0 |       0 |    0 |     9 |      0 |      0 |    0 |          0 |
|     g_pe_w_out_w_in[165].u |                 spmw_fifo_545 |          0 |          0 |       0 |    0 |     9 |      0 |      0 |    0 |          0 |
|     g_pe_w_out_w_in[166].u |                 spmw_fifo_546 |          0 |          0 |       0 |    0 |     9 |      0 |      0 |    0 |          0 |
|     g_pe_w_out_w_in[167].u |                 spmw_fifo_547 |          0 |          0 |       0 |    0 |     9 |      0 |      0 |    0 |          0 |
|     g_pe_w_out_w_in[168].u |                 spmw_fifo_548 |          0 |          0 |       0 |    0 |     9 |      0 |      0 |    0 |          0 |
|     g_pe_w_out_w_in[169].u |                 spmw_fifo_549 |          1 |          1 |       0 |    0 |     9 |      0 |      0 |    0 |          0 |
|     g_pe_w_out_w_in[170].u |                 spmw_fifo_550 |          1 |          1 |       0 |    0 |     9 |      0 |      0 |    0 |          0 |
|     g_pe_w_out_w_in[171].u |                 spmw_fifo_551 |          0 |          0 |       0 |    0 |     9 |      0 |      0 |    0 |          0 |
|     g_pe_w_out_w_in[172].u |                 spmw_fifo_552 |          0 |          0 |       0 |    0 |     9 |      0 |      0 |    0 |          0 |
|     g_pe_w_out_w_in[173].u |                 spmw_fifo_553 |          0 |          0 |       0 |    0 |     9 |      0 |      0 |    0 |          0 |
|     g_pe_w_out_w_in[174].u |                 spmw_fifo_554 |          0 |          0 |       0 |    0 |     9 |      0 |      0 |    0 |          0 |
|     g_pe_w_out_w_in[175].u |                 spmw_fifo_555 |          2 |          2 |       0 |    0 |     9 |      0 |      0 |    0 |          0 |
|     g_pe_w_out_w_in[177].u |                 spmw_fifo_556 |          0 |          0 |       0 |    0 |     9 |      0 |      0 |    0 |          0 |
|     g_pe_w_out_w_in[178].u |                 spmw_fifo_557 |          3 |          3 |       0 |    0 |     9 |      0 |      0 |    0 |          0 |
|     g_pe_w_out_w_in[179].u |                 spmw_fifo_558 |          3 |          3 |       0 |    0 |     9 |      0 |      0 |    0 |          0 |
|     g_pe_w_out_w_in[17].u  |                 spmw_fifo_559 |          1 |          1 |       0 |    0 |     9 |      0 |      0 |    0 |          0 |
|     g_pe_w_out_w_in[180].u |                 spmw_fifo_560 |          3 |          3 |       0 |    0 |     9 |      0 |      0 |    0 |          0 |
|     g_pe_w_out_w_in[181].u |                 spmw_fifo_561 |          1 |          1 |       0 |    0 |     9 |      0 |      0 |    0 |          0 |
|     g_pe_w_out_w_in[182].u |                 spmw_fifo_562 |          0 |          0 |       0 |    0 |     9 |      0 |      0 |    0 |          0 |
|     g_pe_w_out_w_in[183].u |                 spmw_fifo_563 |          0 |          0 |       0 |    0 |     9 |      0 |      0 |    0 |          0 |
|     g_pe_w_out_w_in[184].u |                 spmw_fifo_564 |          0 |          0 |       0 |    0 |     9 |      0 |      0 |    0 |          0 |
|     g_pe_w_out_w_in[185].u |                 spmw_fifo_565 |          1 |          1 |       0 |    0 |     9 |      0 |      0 |    0 |          0 |
|     g_pe_w_out_w_in[186].u |                 spmw_fifo_566 |          1 |          1 |       0 |    0 |     9 |      0 |      0 |    0 |          0 |
|     g_pe_w_out_w_in[187].u |                 spmw_fifo_567 |          0 |          0 |       0 |    0 |     9 |      0 |      0 |    0 |          0 |
|     g_pe_w_out_w_in[188].u |                 spmw_fifo_568 |          0 |          0 |       0 |    0 |     9 |      0 |      0 |    0 |          0 |
|     g_pe_w_out_w_in[189].u |                 spmw_fifo_569 |          1 |          1 |       0 |    0 |     9 |      0 |      0 |    0 |          0 |
|     g_pe_w_out_w_in[18].u  |                 spmw_fifo_570 |          0 |          0 |       0 |    0 |     9 |      0 |      0 |    0 |          0 |
|     g_pe_w_out_w_in[190].u |                 spmw_fifo_571 |          0 |          0 |       0 |    0 |     9 |      0 |      0 |    0 |          0 |
|     g_pe_w_out_w_in[191].u |                 spmw_fifo_572 |          2 |          2 |       0 |    0 |     9 |      0 |      0 |    0 |          0 |
|     g_pe_w_out_w_in[193].u |                 spmw_fifo_573 |          0 |          0 |       0 |    0 |     9 |      0 |      0 |    0 |          0 |
|     g_pe_w_out_w_in[194].u |                 spmw_fifo_574 |          3 |          3 |       0 |    0 |     9 |      0 |      0 |    0 |          0 |
|     g_pe_w_out_w_in[195].u |                 spmw_fifo_575 |          3 |          3 |       0 |    0 |     9 |      0 |      0 |    0 |          0 |
|     g_pe_w_out_w_in[196].u |                 spmw_fifo_576 |          3 |          3 |       0 |    0 |     9 |      0 |      0 |    0 |          0 |
|     g_pe_w_out_w_in[197].u |                 spmw_fifo_577 |          1 |          1 |       0 |    0 |     9 |      0 |      0 |    0 |          0 |
|     g_pe_w_out_w_in[198].u |                 spmw_fifo_578 |          0 |          0 |       0 |    0 |     9 |      0 |      0 |    0 |          0 |
|     g_pe_w_out_w_in[199].u |                 spmw_fifo_579 |          0 |          0 |       0 |    0 |     9 |      0 |      0 |    0 |          0 |
|     g_pe_w_out_w_in[19].u  |                 spmw_fifo_580 |          0 |          0 |       0 |    0 |     9 |      0 |      0 |    0 |          0 |
|     g_pe_w_out_w_in[1].u   |                 spmw_fifo_581 |          0 |          0 |       0 |    0 |     9 |      0 |      0 |    0 |          0 |
|     g_pe_w_out_w_in[200].u |                 spmw_fifo_582 |          0 |          0 |       0 |    0 |     9 |      0 |      0 |    0 |          0 |
|     g_pe_w_out_w_in[201].u |                 spmw_fifo_583 |          1 |          1 |       0 |    0 |     9 |      0 |      0 |    0 |          0 |
|     g_pe_w_out_w_in[202].u |                 spmw_fifo_584 |          1 |          1 |       0 |    0 |     9 |      0 |      0 |    0 |          0 |
|     g_pe_w_out_w_in[203].u |                 spmw_fifo_585 |          0 |          0 |       0 |    0 |     9 |      0 |      0 |    0 |          0 |
|     g_pe_w_out_w_in[204].u |                 spmw_fifo_586 |          0 |          0 |       0 |    0 |     9 |      0 |      0 |    0 |          0 |
|     g_pe_w_out_w_in[205].u |                 spmw_fifo_587 |          1 |          1 |       0 |    0 |     9 |      0 |      0 |    0 |          0 |
|     g_pe_w_out_w_in[206].u |                 spmw_fifo_588 |          0 |          0 |       0 |    0 |     9 |      0 |      0 |    0 |          0 |
|     g_pe_w_out_w_in[207].u |                 spmw_fifo_589 |          2 |          2 |       0 |    0 |     9 |      0 |      0 |    0 |          0 |
|     g_pe_w_out_w_in[209].u |                 spmw_fifo_590 |          0 |          0 |       0 |    0 |     9 |      0 |      0 |    0 |          0 |
|     g_pe_w_out_w_in[20].u  |                 spmw_fifo_591 |          0 |          0 |       0 |    0 |     9 |      0 |      0 |    0 |          0 |
|     g_pe_w_out_w_in[210].u |                 spmw_fifo_592 |          1 |          1 |       0 |    0 |     9 |      0 |      0 |    0 |          0 |
|     g_pe_w_out_w_in[211].u |                 spmw_fifo_593 |          3 |          3 |       0 |    0 |     9 |      0 |      0 |    0 |          0 |
|     g_pe_w_out_w_in[212].u |                 spmw_fifo_594 |          3 |          3 |       0 |    0 |     9 |      0 |      0 |    0 |          0 |
|     g_pe_w_out_w_in[213].u |                 spmw_fifo_595 |          1 |          1 |       0 |    0 |     9 |      0 |      0 |    0 |          0 |
|     g_pe_w_out_w_in[214].u |                 spmw_fifo_596 |          0 |          0 |       0 |    0 |     9 |      0 |      0 |    0 |          0 |
|     g_pe_w_out_w_in[215].u |                 spmw_fifo_597 |          0 |          0 |       0 |    0 |     9 |      0 |      0 |    0 |          0 |
|     g_pe_w_out_w_in[216].u |                 spmw_fifo_598 |          0 |          0 |       0 |    0 |     9 |      0 |      0 |    0 |          0 |
|     g_pe_w_out_w_in[217].u |                 spmw_fifo_599 |          1 |          1 |       0 |    0 |     9 |      0 |      0 |    0 |          0 |
|     g_pe_w_out_w_in[218].u |                 spmw_fifo_600 |          1 |          1 |       0 |    0 |     9 |      0 |      0 |    0 |          0 |
|     g_pe_w_out_w_in[219].u |                 spmw_fifo_601 |          0 |          0 |       0 |    0 |     9 |      0 |      0 |    0 |          0 |
|     g_pe_w_out_w_in[21].u  |                 spmw_fifo_602 |          1 |          1 |       0 |    0 |     9 |      0 |      0 |    0 |          0 |
|     g_pe_w_out_w_in[220].u |                 spmw_fifo_603 |          0 |          0 |       0 |    0 |     9 |      0 |      0 |    0 |          0 |
|     g_pe_w_out_w_in[221].u |                 spmw_fifo_604 |          1 |          1 |       0 |    0 |     9 |      0 |      0 |    0 |          0 |
|     g_pe_w_out_w_in[222].u |                 spmw_fifo_605 |          0 |          0 |       0 |    0 |     9 |      0 |      0 |    0 |          0 |
|     g_pe_w_out_w_in[223].u |                 spmw_fifo_606 |          2 |          2 |       0 |    0 |     9 |      0 |      0 |    0 |          0 |
|     g_pe_w_out_w_in[225].u |                 spmw_fifo_607 |          0 |          0 |       0 |    0 |     9 |      0 |      0 |    0 |          0 |
|     g_pe_w_out_w_in[226].u |                 spmw_fifo_608 |          1 |          1 |       0 |    0 |     9 |      0 |      0 |    0 |          0 |
|     g_pe_w_out_w_in[227].u |                 spmw_fifo_609 |          3 |          3 |       0 |    0 |     9 |      0 |      0 |    0 |          0 |
|     g_pe_w_out_w_in[228].u |                 spmw_fifo_610 |          3 |          3 |       0 |    0 |     9 |      0 |      0 |    0 |          0 |
|     g_pe_w_out_w_in[229].u |                 spmw_fifo_611 |          1 |          1 |       0 |    0 |     9 |      0 |      0 |    0 |          0 |
|     g_pe_w_out_w_in[22].u  |                 spmw_fifo_612 |          1 |          1 |       0 |    0 |     9 |      0 |      0 |    0 |          0 |
|     g_pe_w_out_w_in[230].u |                 spmw_fifo_613 |          0 |          0 |       0 |    0 |     9 |      0 |      0 |    0 |          0 |
|     g_pe_w_out_w_in[231].u |                 spmw_fifo_614 |          0 |          0 |       0 |    0 |     9 |      0 |      0 |    0 |          0 |
|     g_pe_w_out_w_in[232].u |                 spmw_fifo_615 |          0 |          0 |       0 |    0 |     9 |      0 |      0 |    0 |          0 |
|     g_pe_w_out_w_in[233].u |                 spmw_fifo_616 |          1 |          1 |       0 |    0 |     9 |      0 |      0 |    0 |          0 |
|     g_pe_w_out_w_in[234].u |                 spmw_fifo_617 |          1 |          1 |       0 |    0 |     9 |      0 |      0 |    0 |          0 |
|     g_pe_w_out_w_in[235].u |                 spmw_fifo_618 |          1 |          1 |       0 |    0 |     9 |      0 |      0 |    0 |          0 |
|     g_pe_w_out_w_in[236].u |                 spmw_fifo_619 |          3 |          3 |       0 |    0 |     9 |      0 |      0 |    0 |          0 |
|     g_pe_w_out_w_in[237].u |                 spmw_fifo_620 |          1 |          1 |       0 |    0 |     9 |      0 |      0 |    0 |          0 |
|     g_pe_w_out_w_in[238].u |                 spmw_fifo_621 |          1 |          1 |       0 |    0 |     9 |      0 |      0 |    0 |          0 |
|     g_pe_w_out_w_in[239].u |                 spmw_fifo_622 |          8 |          8 |       0 |    0 |     9 |      0 |      0 |    0 |          0 |
|     g_pe_w_out_w_in[23].u  |                 spmw_fifo_623 |          1 |          1 |       0 |    0 |     9 |      0 |      0 |    0 |          0 |
|     g_pe_w_out_w_in[241].u |                 spmw_fifo_624 |          0 |          0 |       0 |    0 |     9 |      0 |      0 |    0 |          0 |
|     g_pe_w_out_w_in[242].u |                 spmw_fifo_625 |          1 |          1 |       0 |    0 |     9 |      0 |      0 |    0 |          0 |
|     g_pe_w_out_w_in[243].u |                 spmw_fifo_626 |          1 |          1 |       0 |    0 |     9 |      0 |      0 |    0 |          0 |
|     g_pe_w_out_w_in[244].u |                 spmw_fifo_627 |          1 |          1 |       0 |    0 |     9 |      0 |      0 |    0 |          0 |
|     g_pe_w_out_w_in[245].u |                 spmw_fifo_628 |          0 |          0 |       0 |    0 |     9 |      0 |      0 |    0 |          0 |
|     g_pe_w_out_w_in[246].u |                 spmw_fifo_629 |          0 |          0 |       0 |    0 |     9 |      0 |      0 |    0 |          0 |
|     g_pe_w_out_w_in[247].u |                 spmw_fifo_630 |          0 |          0 |       0 |    0 |     9 |      0 |      0 |    0 |          0 |
|     g_pe_w_out_w_in[248].u |                 spmw_fifo_631 |          0 |          0 |       0 |    0 |     9 |      0 |      0 |    0 |          0 |
|     g_pe_w_out_w_in[249].u |                 spmw_fifo_632 |          1 |          1 |       0 |    0 |     9 |      0 |      0 |    0 |          0 |
|     g_pe_w_out_w_in[24].u  |                 spmw_fifo_633 |          1 |          1 |       0 |    0 |     9 |      0 |      0 |    0 |          0 |
|     g_pe_w_out_w_in[250].u |                 spmw_fifo_634 |          1 |          1 |       0 |    0 |     9 |      0 |      0 |    0 |          0 |
|     g_pe_w_out_w_in[251].u |                 spmw_fifo_635 |          1 |          1 |       0 |    0 |     9 |      0 |      0 |    0 |          0 |
|     g_pe_w_out_w_in[252].u |                 spmw_fifo_636 |          0 |          0 |       0 |    0 |     9 |      0 |      0 |    0 |          0 |
|     g_pe_w_out_w_in[253].u |                 spmw_fifo_637 |          0 |          0 |       0 |    0 |     9 |      0 |      0 |    0 |          0 |
|     g_pe_w_out_w_in[254].u |                 spmw_fifo_638 |          1 |          1 |       0 |    0 |     9 |      0 |      0 |    0 |          0 |
|     g_pe_w_out_w_in[255].u |                 spmw_fifo_639 |          1 |          1 |       0 |    0 |     9 |      0 |      0 |    0 |          0 |
|     g_pe_w_out_w_in[25].u  |                 spmw_fifo_640 |          1 |          1 |       0 |    0 |     9 |      0 |      0 |    0 |          0 |
|     g_pe_w_out_w_in[26].u  |                 spmw_fifo_641 |          0 |          0 |       0 |    0 |     9 |      0 |      0 |    0 |          0 |
|     g_pe_w_out_w_in[27].u  |                 spmw_fifo_642 |          0 |          0 |       0 |    0 |     9 |      0 |      0 |    0 |          0 |
|     g_pe_w_out_w_in[28].u  |                 spmw_fifo_643 |          0 |          0 |       0 |    0 |     9 |      0 |      0 |    0 |          0 |
|     g_pe_w_out_w_in[29].u  |                 spmw_fifo_644 |          0 |          0 |       0 |    0 |     9 |      0 |      0 |    0 |          0 |
|     g_pe_w_out_w_in[2].u   |                 spmw_fifo_645 |          4 |          4 |       0 |    0 |     9 |      0 |      0 |    0 |          0 |
|     g_pe_w_out_w_in[30].u  |                 spmw_fifo_646 |          0 |          0 |       0 |    0 |     9 |      0 |      0 |    0 |          0 |
|     g_pe_w_out_w_in[31].u  |                 spmw_fifo_647 |          2 |          2 |       0 |    0 |     9 |      0 |      0 |    0 |          0 |
|     g_pe_w_out_w_in[33].u  |                 spmw_fifo_648 |          1 |          1 |       0 |    0 |     9 |      0 |      0 |    0 |          0 |
|     g_pe_w_out_w_in[34].u  |                 spmw_fifo_649 |          0 |          0 |       0 |    0 |     9 |      0 |      0 |    0 |          0 |
|     g_pe_w_out_w_in[35].u  |                 spmw_fifo_650 |          0 |          0 |       0 |    0 |     9 |      0 |      0 |    0 |          0 |
|     g_pe_w_out_w_in[36].u  |                 spmw_fifo_651 |          0 |          0 |       0 |    0 |     9 |      0 |      0 |    0 |          0 |
|     g_pe_w_out_w_in[37].u  |                 spmw_fifo_652 |          1 |          1 |       0 |    0 |     9 |      0 |      0 |    0 |          0 |
|     g_pe_w_out_w_in[38].u  |                 spmw_fifo_653 |          1 |          1 |       0 |    0 |     9 |      0 |      0 |    0 |          0 |
|     g_pe_w_out_w_in[39].u  |                 spmw_fifo_654 |          1 |          1 |       0 |    0 |     9 |      0 |      0 |    0 |          0 |
|     g_pe_w_out_w_in[3].u   |                 spmw_fifo_655 |          0 |          0 |       0 |    0 |     9 |      0 |      0 |    0 |          0 |
|     g_pe_w_out_w_in[40].u  |                 spmw_fifo_656 |          1 |          1 |       0 |    0 |     9 |      0 |      0 |    0 |          0 |
|     g_pe_w_out_w_in[41].u  |                 spmw_fifo_657 |          1 |          1 |       0 |    0 |     9 |      0 |      0 |    0 |          0 |
|     g_pe_w_out_w_in[42].u  |                 spmw_fifo_658 |          0 |          0 |       0 |    0 |     9 |      0 |      0 |    0 |          0 |
|     g_pe_w_out_w_in[43].u  |                 spmw_fifo_659 |          0 |          0 |       0 |    0 |     9 |      0 |      0 |    0 |          0 |
|     g_pe_w_out_w_in[44].u  |                 spmw_fifo_660 |          0 |          0 |       0 |    0 |     9 |      0 |      0 |    0 |          0 |
|     g_pe_w_out_w_in[45].u  |                 spmw_fifo_661 |          0 |          0 |       0 |    0 |     9 |      0 |      0 |    0 |          0 |
|     g_pe_w_out_w_in[46].u  |                 spmw_fifo_662 |          0 |          0 |       0 |    0 |     9 |      0 |      0 |    0 |          0 |
|     g_pe_w_out_w_in[47].u  |                 spmw_fifo_663 |          2 |          2 |       0 |    0 |     9 |      0 |      0 |    0 |          0 |
|     g_pe_w_out_w_in[49].u  |                 spmw_fifo_664 |          1 |          1 |       0 |    0 |     9 |      0 |      0 |    0 |          0 |
|     g_pe_w_out_w_in[4].u   |                 spmw_fifo_665 |          0 |          0 |       0 |    0 |     9 |      0 |      0 |    0 |          0 |
|     g_pe_w_out_w_in[50].u  |                 spmw_fifo_666 |          0 |          0 |       0 |    0 |     9 |      0 |      0 |    0 |          0 |
|     g_pe_w_out_w_in[51].u  |                 spmw_fifo_667 |          0 |          0 |       0 |    0 |     9 |      0 |      0 |    0 |          0 |
|     g_pe_w_out_w_in[52].u  |                 spmw_fifo_668 |          0 |          0 |       0 |    0 |     9 |      0 |      0 |    0 |          0 |
|     g_pe_w_out_w_in[53].u  |                 spmw_fifo_669 |          1 |          1 |       0 |    0 |     9 |      0 |      0 |    0 |          0 |
|     g_pe_w_out_w_in[54].u  |                 spmw_fifo_670 |          1 |          1 |       0 |    0 |     9 |      0 |      0 |    0 |          0 |
|     g_pe_w_out_w_in[55].u  |                 spmw_fifo_671 |          1 |          1 |       0 |    0 |     9 |      0 |      0 |    0 |          0 |
|     g_pe_w_out_w_in[56].u  |                 spmw_fifo_672 |          1 |          1 |       0 |    0 |     9 |      0 |      0 |    0 |          0 |
|     g_pe_w_out_w_in[57].u  |                 spmw_fifo_673 |          1 |          1 |       0 |    0 |     9 |      0 |      0 |    0 |          0 |
|     g_pe_w_out_w_in[58].u  |                 spmw_fifo_674 |          0 |          0 |       0 |    0 |     9 |      0 |      0 |    0 |          0 |
|     g_pe_w_out_w_in[59].u  |                 spmw_fifo_675 |          0 |          0 |       0 |    0 |     9 |      0 |      0 |    0 |          0 |
|     g_pe_w_out_w_in[5].u   |                 spmw_fifo_676 |          0 |          0 |       0 |    0 |     9 |      0 |      0 |    0 |          0 |
|     g_pe_w_out_w_in[60].u  |                 spmw_fifo_677 |          0 |          0 |       0 |    0 |     9 |      0 |      0 |    0 |          0 |
|     g_pe_w_out_w_in[61].u  |                 spmw_fifo_678 |          0 |          0 |       0 |    0 |     9 |      0 |      0 |    0 |          0 |
|     g_pe_w_out_w_in[62].u  |                 spmw_fifo_679 |          0 |          0 |       0 |    0 |     9 |      0 |      0 |    0 |          0 |
|     g_pe_w_out_w_in[63].u  |                 spmw_fifo_680 |          2 |          2 |       0 |    0 |     9 |      0 |      0 |    0 |          0 |
|     g_pe_w_out_w_in[65].u  |                 spmw_fifo_681 |          1 |          1 |       0 |    0 |     9 |      0 |      0 |    0 |          0 |
|     g_pe_w_out_w_in[66].u  |                 spmw_fifo_682 |          0 |          0 |       0 |    0 |     9 |      0 |      0 |    0 |          0 |
|     g_pe_w_out_w_in[67].u  |                 spmw_fifo_683 |          0 |          0 |       0 |    0 |     9 |      0 |      0 |    0 |          0 |
|     g_pe_w_out_w_in[68].u  |                 spmw_fifo_684 |          0 |          0 |       0 |    0 |     9 |      0 |      0 |    0 |          0 |
|     g_pe_w_out_w_in[69].u  |                 spmw_fifo_685 |          1 |          1 |       0 |    0 |     9 |      0 |      0 |    0 |          0 |
|     g_pe_w_out_w_in[6].u   |                 spmw_fifo_686 |          0 |          0 |       0 |    0 |     9 |      0 |      0 |    0 |          0 |
|     g_pe_w_out_w_in[70].u  |                 spmw_fifo_687 |          0 |          0 |       0 |    0 |     9 |      0 |      0 |    0 |          0 |
|     g_pe_w_out_w_in[71].u  |                 spmw_fifo_688 |          0 |          0 |       0 |    0 |     9 |      0 |      0 |    0 |          0 |
|     g_pe_w_out_w_in[72].u  |                 spmw_fifo_689 |          1 |          1 |       0 |    0 |     9 |      0 |      0 |    0 |          0 |
|     g_pe_w_out_w_in[73].u  |                 spmw_fifo_690 |          1 |          1 |       0 |    0 |     9 |      0 |      0 |    0 |          0 |
|     g_pe_w_out_w_in[74].u  |                 spmw_fifo_691 |          0 |          0 |       0 |    0 |     9 |      0 |      0 |    0 |          0 |
|     g_pe_w_out_w_in[75].u  |                 spmw_fifo_692 |          0 |          0 |       0 |    0 |     9 |      0 |      0 |    0 |          0 |
|     g_pe_w_out_w_in[76].u  |                 spmw_fifo_693 |          0 |          0 |       0 |    0 |     9 |      0 |      0 |    0 |          0 |
|     g_pe_w_out_w_in[77].u  |                 spmw_fifo_694 |          0 |          0 |       0 |    0 |     9 |      0 |      0 |    0 |          0 |
|     g_pe_w_out_w_in[78].u  |                 spmw_fifo_695 |          0 |          0 |       0 |    0 |     9 |      0 |      0 |    0 |          0 |
|     g_pe_w_out_w_in[79].u  |                 spmw_fifo_696 |          2 |          2 |       0 |    0 |     9 |      0 |      0 |    0 |          0 |
|     g_pe_w_out_w_in[7].u   |                 spmw_fifo_697 |          1 |          1 |       0 |    0 |     9 |      0 |      0 |    0 |          0 |
|     g_pe_w_out_w_in[81].u  |                 spmw_fifo_698 |          1 |          1 |       0 |    0 |     9 |      0 |      0 |    0 |          0 |
|     g_pe_w_out_w_in[82].u  |                 spmw_fifo_699 |          0 |          0 |       0 |    0 |     9 |      0 |      0 |    0 |          0 |
|     g_pe_w_out_w_in[83].u  |                 spmw_fifo_700 |          0 |          0 |       0 |    0 |     9 |      0 |      0 |    0 |          0 |
|     g_pe_w_out_w_in[84].u  |                 spmw_fifo_701 |          0 |          0 |       0 |    0 |     9 |      0 |      0 |    0 |          0 |
|     g_pe_w_out_w_in[85].u  |                 spmw_fifo_702 |          1 |          1 |       0 |    0 |     9 |      0 |      0 |    0 |          0 |
|     g_pe_w_out_w_in[86].u  |                 spmw_fifo_703 |          0 |          0 |       0 |    0 |     9 |      0 |      0 |    0 |          0 |
|     g_pe_w_out_w_in[87].u  |                 spmw_fifo_704 |          0 |          0 |       0 |    0 |     9 |      0 |      0 |    0 |          0 |
|     g_pe_w_out_w_in[88].u  |                 spmw_fifo_705 |          1 |          1 |       0 |    0 |     9 |      0 |      0 |    0 |          0 |
|     g_pe_w_out_w_in[89].u  |                 spmw_fifo_706 |          1 |          1 |       0 |    0 |     9 |      0 |      0 |    0 |          0 |
|     g_pe_w_out_w_in[8].u   |                 spmw_fifo_707 |          1 |          1 |       0 |    0 |     9 |      0 |      0 |    0 |          0 |
|     g_pe_w_out_w_in[90].u  |                 spmw_fifo_708 |          0 |          0 |       0 |    0 |     9 |      0 |      0 |    0 |          0 |
|     g_pe_w_out_w_in[91].u  |                 spmw_fifo_709 |          0 |          0 |       0 |    0 |     9 |      0 |      0 |    0 |          0 |
|     g_pe_w_out_w_in[92].u  |                 spmw_fifo_710 |          0 |          0 |       0 |    0 |     9 |      0 |      0 |    0 |          0 |
|     g_pe_w_out_w_in[93].u  |                 spmw_fifo_711 |          0 |          0 |       0 |    0 |     9 |      0 |      0 |    0 |          0 |
|     g_pe_w_out_w_in[94].u  |                 spmw_fifo_712 |          0 |          0 |       0 |    0 |     9 |      0 |      0 |    0 |          0 |
|     g_pe_w_out_w_in[95].u  |                 spmw_fifo_713 |          2 |          2 |       0 |    0 |     9 |      0 |      0 |    0 |          0 |
|     g_pe_w_out_w_in[97].u  |                 spmw_fifo_714 |          1 |          1 |       0 |    0 |     9 |      0 |      0 |    0 |          0 |
|     g_pe_w_out_w_in[98].u  |                 spmw_fifo_715 |          0 |          0 |       0 |    0 |     9 |      0 |      0 |    0 |          0 |
|     g_pe_w_out_w_in[99].u  |                 spmw_fifo_716 |          0 |          0 |       0 |    0 |     9 |      0 |      0 |    0 |          0 |
|     g_pe_w_out_w_in[9].u   |                 spmw_fifo_717 |          0 |          0 |       0 |    0 |     9 |      0 |      0 |    0 |          0 |
|     g_vpu_z_in_bind[0].u   | spmw_fifo__parameterized0_718 |          1 |          1 |       0 |    0 |    33 |      0 |      0 |    0 |          0 |
|     g_vpu_z_in_bind[10].u  | spmw_fifo__parameterized0_719 |          1 |          1 |       0 |    0 |    33 |      0 |      0 |    0 |          0 |
|     g_vpu_z_in_bind[11].u  | spmw_fifo__parameterized0_720 |          1 |          1 |       0 |    0 |    33 |      0 |      0 |    0 |          0 |
|     g_vpu_z_in_bind[12].u  | spmw_fifo__parameterized0_721 |          1 |          1 |       0 |    0 |    33 |      0 |      0 |    0 |          0 |
|     g_vpu_z_in_bind[13].u  | spmw_fifo__parameterized0_722 |          1 |          1 |       0 |    0 |    33 |      0 |      0 |    0 |          0 |
|     g_vpu_z_in_bind[14].u  | spmw_fifo__parameterized0_723 |          1 |          1 |       0 |    0 |    33 |      0 |      0 |    0 |          0 |
|     g_vpu_z_in_bind[15].u  | spmw_fifo__parameterized0_724 |          1 |          1 |       0 |    0 |    33 |      0 |      0 |    0 |          0 |
|     g_vpu_z_in_bind[1].u   | spmw_fifo__parameterized0_725 |          1 |          1 |       0 |    0 |    33 |      0 |      0 |    0 |          0 |
|     g_vpu_z_in_bind[2].u   | spmw_fifo__parameterized0_726 |          1 |          1 |       0 |    0 |    33 |      0 |      0 |    0 |          0 |
|     g_vpu_z_in_bind[3].u   | spmw_fifo__parameterized0_727 |          1 |          1 |       0 |    0 |    33 |      0 |      0 |    0 |          0 |
|     g_vpu_z_in_bind[4].u   | spmw_fifo__parameterized0_728 |          1 |          1 |       0 |    0 |    33 |      0 |      0 |    0 |          0 |
|     g_vpu_z_in_bind[5].u   | spmw_fifo__parameterized0_729 |          1 |          1 |       0 |    0 |    33 |      0 |      0 |    0 |          0 |
|     g_vpu_z_in_bind[6].u   | spmw_fifo__parameterized0_730 |          1 |          1 |       0 |    0 |    33 |      0 |      0 |    0 |          0 |
|     g_vpu_z_in_bind[7].u   | spmw_fifo__parameterized0_731 |          1 |          1 |       0 |    0 |    33 |      0 |      0 |    0 |          0 |
|     g_vpu_z_in_bind[8].u   | spmw_fifo__parameterized0_732 |          1 |          1 |       0 |    0 |    33 |      0 |      0 |    0 |          0 |
|     g_vpu_z_in_bind[9].u   | spmw_fifo__parameterized0_733 |          1 |          1 |       0 |    0 |    33 |      0 |      0 |    0 |          0 |
|     u_pe_r0_10_1           |                         pe_r0 |        112 |        112 |       0 |    0 |    52 |      0 |      0 |    0 |          0 |
|       u                    |                  pe_r0_0_2557 |        112 |        112 |       0 |    0 |    52 |      0 |      0 |    0 |          0 |
|     u_pe_r0_10_10          |                     pe_r0_734 |        107 |        107 |       0 |    0 |    52 |      0 |      0 |    0 |          0 |
|       u                    |                  pe_r0_0_2551 |        107 |        107 |       0 |    0 |    52 |      0 |      0 |    0 |          0 |
|     u_pe_r0_10_11          |                     pe_r0_735 |        106 |        106 |       0 |    0 |    52 |      0 |      0 |    0 |          0 |
|       u                    |                  pe_r0_0_2545 |        106 |        106 |       0 |    0 |    52 |      0 |      0 |    0 |          0 |
|     u_pe_r0_10_12          |                     pe_r0_736 |        114 |        114 |       0 |    0 |    52 |      0 |      0 |    0 |          0 |
|       u                    |                  pe_r0_0_2539 |        114 |        114 |       0 |    0 |    52 |      0 |      0 |    0 |          0 |
|     u_pe_r0_10_13          |                     pe_r0_737 |        114 |        114 |       0 |    0 |    52 |      0 |      0 |    0 |          0 |
|       u                    |                  pe_r0_0_2533 |        114 |        114 |       0 |    0 |    52 |      0 |      0 |    0 |          0 |
|     u_pe_r0_10_14          |                     pe_r0_738 |        114 |        114 |       0 |    0 |    52 |      0 |      0 |    0 |          0 |
|       u                    |                  pe_r0_0_2527 |        114 |        114 |       0 |    0 |    52 |      0 |      0 |    0 |          0 |
|     u_pe_r0_10_2           |                     pe_r0_739 |        110 |        110 |       0 |    0 |    52 |      0 |      0 |    0 |          0 |
|       u                    |                  pe_r0_0_2521 |        110 |        110 |       0 |    0 |    52 |      0 |      0 |    0 |          0 |
|     u_pe_r0_10_3           |                     pe_r0_740 |        125 |        125 |       0 |    0 |    52 |      0 |      0 |    0 |          0 |
|       u                    |                  pe_r0_0_2515 |        125 |        125 |       0 |    0 |    52 |      0 |      0 |    0 |          0 |
|     u_pe_r0_10_4           |                     pe_r0_741 |        119 |        119 |       0 |    0 |    52 |      0 |      0 |    0 |          0 |
|       u                    |                  pe_r0_0_2509 |        119 |        119 |       0 |    0 |    52 |      0 |      0 |    0 |          0 |
|     u_pe_r0_10_5           |                     pe_r0_742 |        112 |        112 |       0 |    0 |    52 |      0 |      0 |    0 |          0 |
|       u                    |                  pe_r0_0_2503 |        112 |        112 |       0 |    0 |    52 |      0 |      0 |    0 |          0 |
|     u_pe_r0_10_6           |                     pe_r0_743 |        110 |        110 |       0 |    0 |    52 |      0 |      0 |    0 |          0 |
|       u                    |                  pe_r0_0_2497 |        110 |        110 |       0 |    0 |    52 |      0 |      0 |    0 |          0 |
|     u_pe_r0_10_7           |                     pe_r0_744 |        114 |        114 |       0 |    0 |    52 |      0 |      0 |    0 |          0 |
|       u                    |                  pe_r0_0_2491 |        114 |        114 |       0 |    0 |    52 |      0 |      0 |    0 |          0 |
|     u_pe_r0_10_8           |                     pe_r0_745 |        113 |        113 |       0 |    0 |    52 |      0 |      0 |    0 |          0 |
|       u                    |                  pe_r0_0_2485 |        113 |        113 |       0 |    0 |    52 |      0 |      0 |    0 |          0 |
|     u_pe_r0_10_9           |                     pe_r0_746 |        111 |        111 |       0 |    0 |    52 |      0 |      0 |    0 |          0 |
|       u                    |                  pe_r0_0_2479 |        111 |        111 |       0 |    0 |    52 |      0 |      0 |    0 |          0 |
|     u_pe_r0_11_1           |                     pe_r0_747 |        134 |        134 |       0 |    0 |    52 |      0 |      0 |    0 |          0 |
|       u                    |                  pe_r0_0_2473 |        134 |        134 |       0 |    0 |    52 |      0 |      0 |    0 |          0 |
|     u_pe_r0_11_10          |                     pe_r0_748 |        108 |        108 |       0 |    0 |    52 |      0 |      0 |    0 |          0 |
|       u                    |                  pe_r0_0_2467 |        108 |        108 |       0 |    0 |    52 |      0 |      0 |    0 |          0 |
|     u_pe_r0_11_11          |                     pe_r0_749 |        125 |        125 |       0 |    0 |    52 |      0 |      0 |    0 |          0 |
|       u                    |                  pe_r0_0_2461 |        125 |        125 |       0 |    0 |    52 |      0 |      0 |    0 |          0 |
|     u_pe_r0_11_12          |                     pe_r0_750 |        114 |        114 |       0 |    0 |    52 |      0 |      0 |    0 |          0 |
|       u                    |                  pe_r0_0_2455 |        114 |        114 |       0 |    0 |    52 |      0 |      0 |    0 |          0 |
|     u_pe_r0_11_13          |                     pe_r0_751 |        116 |        116 |       0 |    0 |    52 |      0 |      0 |    0 |          0 |
|       u                    |                  pe_r0_0_2449 |        116 |        116 |       0 |    0 |    52 |      0 |      0 |    0 |          0 |
|     u_pe_r0_11_14          |                     pe_r0_752 |        111 |        111 |       0 |    0 |    52 |      0 |      0 |    0 |          0 |
|       u                    |                  pe_r0_0_2443 |        111 |        111 |       0 |    0 |    52 |      0 |      0 |    0 |          0 |
|     u_pe_r0_11_2           |                     pe_r0_753 |        108 |        108 |       0 |    0 |    52 |      0 |      0 |    0 |          0 |
|       u                    |                  pe_r0_0_2437 |        108 |        108 |       0 |    0 |    52 |      0 |      0 |    0 |          0 |
|     u_pe_r0_11_3           |                     pe_r0_754 |        107 |        107 |       0 |    0 |    52 |      0 |      0 |    0 |          0 |
|       u                    |                  pe_r0_0_2431 |        107 |        107 |       0 |    0 |    52 |      0 |      0 |    0 |          0 |
|     u_pe_r0_11_4           |                     pe_r0_755 |        105 |        105 |       0 |    0 |    52 |      0 |      0 |    0 |          0 |
|       u                    |                  pe_r0_0_2425 |        105 |        105 |       0 |    0 |    52 |      0 |      0 |    0 |          0 |
|     u_pe_r0_11_5           |                     pe_r0_756 |        111 |        111 |       0 |    0 |    52 |      0 |      0 |    0 |          0 |
|       u                    |                  pe_r0_0_2419 |        111 |        111 |       0 |    0 |    52 |      0 |      0 |    0 |          0 |
|     u_pe_r0_11_6           |                     pe_r0_757 |        119 |        119 |       0 |    0 |    52 |      0 |      0 |    0 |          0 |
|       u                    |                  pe_r0_0_2413 |        119 |        119 |       0 |    0 |    52 |      0 |      0 |    0 |          0 |
|     u_pe_r0_11_7           |                     pe_r0_758 |        112 |        112 |       0 |    0 |    52 |      0 |      0 |    0 |          0 |
|       u                    |                  pe_r0_0_2407 |        112 |        112 |       0 |    0 |    52 |      0 |      0 |    0 |          0 |
|     u_pe_r0_11_8           |                     pe_r0_759 |        121 |        121 |       0 |    0 |    52 |      0 |      0 |    0 |          0 |
|       u                    |                  pe_r0_0_2401 |        121 |        121 |       0 |    0 |    52 |      0 |      0 |    0 |          0 |
|     u_pe_r0_11_9           |                     pe_r0_760 |        109 |        109 |       0 |    0 |    52 |      0 |      0 |    0 |          0 |
|       u                    |                  pe_r0_0_2395 |        109 |        109 |       0 |    0 |    52 |      0 |      0 |    0 |          0 |
|     u_pe_r0_12_1           |                     pe_r0_761 |        117 |        117 |       0 |    0 |    52 |      0 |      0 |    0 |          0 |
|       u                    |                  pe_r0_0_2389 |        117 |        117 |       0 |    0 |    52 |      0 |      0 |    0 |          0 |
|     u_pe_r0_12_10          |                     pe_r0_762 |        108 |        108 |       0 |    0 |    52 |      0 |      0 |    0 |          0 |
|       u                    |                  pe_r0_0_2383 |        108 |        108 |       0 |    0 |    52 |      0 |      0 |    0 |          0 |
|     u_pe_r0_12_11          |                     pe_r0_763 |        107 |        107 |       0 |    0 |    52 |      0 |      0 |    0 |          0 |
|       u                    |                  pe_r0_0_2377 |        107 |        107 |       0 |    0 |    52 |      0 |      0 |    0 |          0 |
|     u_pe_r0_12_12          |                     pe_r0_764 |        116 |        116 |       0 |    0 |    52 |      0 |      0 |    0 |          0 |
|       u                    |                  pe_r0_0_2371 |        116 |        116 |       0 |    0 |    52 |      0 |      0 |    0 |          0 |
|     u_pe_r0_12_13          |                     pe_r0_765 |        116 |        116 |       0 |    0 |    52 |      0 |      0 |    0 |          0 |
|       u                    |                  pe_r0_0_2365 |        116 |        116 |       0 |    0 |    52 |      0 |      0 |    0 |          0 |
|     u_pe_r0_12_14          |                     pe_r0_766 |        112 |        112 |       0 |    0 |    52 |      0 |      0 |    0 |          0 |
|       u                    |                  pe_r0_0_2359 |        112 |        112 |       0 |    0 |    52 |      0 |      0 |    0 |          0 |
|     u_pe_r0_12_2           |                     pe_r0_767 |        108 |        108 |       0 |    0 |    52 |      0 |      0 |    0 |          0 |
|       u                    |                  pe_r0_0_2353 |        108 |        108 |       0 |    0 |    52 |      0 |      0 |    0 |          0 |
|     u_pe_r0_12_3           |                     pe_r0_768 |        107 |        107 |       0 |    0 |    52 |      0 |      0 |    0 |          0 |
|       u                    |                  pe_r0_0_2347 |        107 |        107 |       0 |    0 |    52 |      0 |      0 |    0 |          0 |
|     u_pe_r0_12_4           |                     pe_r0_769 |        112 |        112 |       0 |    0 |    52 |      0 |      0 |    0 |          0 |
|       u                    |                  pe_r0_0_2341 |        112 |        112 |       0 |    0 |    52 |      0 |      0 |    0 |          0 |
|     u_pe_r0_12_5           |                     pe_r0_770 |        110 |        110 |       0 |    0 |    52 |      0 |      0 |    0 |          0 |
|       u                    |                  pe_r0_0_2335 |        110 |        110 |       0 |    0 |    52 |      0 |      0 |    0 |          0 |
|     u_pe_r0_12_6           |                     pe_r0_771 |        120 |        120 |       0 |    0 |    52 |      0 |      0 |    0 |          0 |
|       u                    |                  pe_r0_0_2329 |        120 |        120 |       0 |    0 |    52 |      0 |      0 |    0 |          0 |
|     u_pe_r0_12_7           |                     pe_r0_772 |        113 |        113 |       0 |    0 |    52 |      0 |      0 |    0 |          0 |
|       u                    |                  pe_r0_0_2323 |        113 |        113 |       0 |    0 |    52 |      0 |      0 |    0 |          0 |
|     u_pe_r0_12_8           |                     pe_r0_773 |        120 |        120 |       0 |    0 |    52 |      0 |      0 |    0 |          0 |
|       u                    |                  pe_r0_0_2317 |        120 |        120 |       0 |    0 |    52 |      0 |      0 |    0 |          0 |
|     u_pe_r0_12_9           |                     pe_r0_774 |        109 |        109 |       0 |    0 |    52 |      0 |      0 |    0 |          0 |
|       u                    |                  pe_r0_0_2311 |        109 |        109 |       0 |    0 |    52 |      0 |      0 |    0 |          0 |
|     u_pe_r0_13_1           |                     pe_r0_775 |        118 |        118 |       0 |    0 |    52 |      0 |      0 |    0 |          0 |
|       u                    |                  pe_r0_0_2305 |        118 |        118 |       0 |    0 |    52 |      0 |      0 |    0 |          0 |
|     u_pe_r0_13_10          |                     pe_r0_776 |        108 |        108 |       0 |    0 |    52 |      0 |      0 |    0 |          0 |
|       u                    |                  pe_r0_0_2299 |        108 |        108 |       0 |    0 |    52 |      0 |      0 |    0 |          0 |
|     u_pe_r0_13_11          |                     pe_r0_777 |        123 |        123 |       0 |    0 |    52 |      0 |      0 |    0 |          0 |
|       u                    |                  pe_r0_0_2293 |        123 |        123 |       0 |    0 |    52 |      0 |      0 |    0 |          0 |
|     u_pe_r0_13_12          |                     pe_r0_778 |        113 |        113 |       0 |    0 |    52 |      0 |      0 |    0 |          0 |
|       u                    |                  pe_r0_0_2287 |        113 |        113 |       0 |    0 |    52 |      0 |      0 |    0 |          0 |
|     u_pe_r0_13_13          |                     pe_r0_779 |        113 |        113 |       0 |    0 |    52 |      0 |      0 |    0 |          0 |
|       u                    |                  pe_r0_0_2281 |        113 |        113 |       0 |    0 |    52 |      0 |      0 |    0 |          0 |
|     u_pe_r0_13_14          |                     pe_r0_780 |        113 |        113 |       0 |    0 |    52 |      0 |      0 |    0 |          0 |
|       u                    |                  pe_r0_0_2275 |        113 |        113 |       0 |    0 |    52 |      0 |      0 |    0 |          0 |
|     u_pe_r0_13_2           |                     pe_r0_781 |        125 |        125 |       0 |    0 |    52 |      0 |      0 |    0 |          0 |
|       u                    |                  pe_r0_0_2269 |        125 |        125 |       0 |    0 |    52 |      0 |      0 |    0 |          0 |
|     u_pe_r0_13_3           |                     pe_r0_782 |        113 |        113 |       0 |    0 |    52 |      0 |      0 |    0 |          0 |
|       u                    |                  pe_r0_0_2263 |        113 |        113 |       0 |    0 |    52 |      0 |      0 |    0 |          0 |
|     u_pe_r0_13_4           |                     pe_r0_783 |        112 |        112 |       0 |    0 |    52 |      0 |      0 |    0 |          0 |
|       u                    |                  pe_r0_0_2257 |        112 |        112 |       0 |    0 |    52 |      0 |      0 |    0 |          0 |
|     u_pe_r0_13_5           |                     pe_r0_784 |        110 |        110 |       0 |    0 |    52 |      0 |      0 |    0 |          0 |
|       u                    |                  pe_r0_0_2251 |        110 |        110 |       0 |    0 |    52 |      0 |      0 |    0 |          0 |
|     u_pe_r0_13_6           |                     pe_r0_785 |        124 |        124 |       0 |    0 |    52 |      0 |      0 |    0 |          0 |
|       u                    |                  pe_r0_0_2245 |        124 |        124 |       0 |    0 |    52 |      0 |      0 |    0 |          0 |
|     u_pe_r0_13_7           |                     pe_r0_786 |        113 |        113 |       0 |    0 |    52 |      0 |      0 |    0 |          0 |
|       u                    |                  pe_r0_0_2239 |        113 |        113 |       0 |    0 |    52 |      0 |      0 |    0 |          0 |
|     u_pe_r0_13_8           |                     pe_r0_787 |        117 |        117 |       0 |    0 |    52 |      0 |      0 |    0 |          0 |
|       u                    |                  pe_r0_0_2233 |        117 |        117 |       0 |    0 |    52 |      0 |      0 |    0 |          0 |
|     u_pe_r0_13_9           |                     pe_r0_788 |        109 |        109 |       0 |    0 |    52 |      0 |      0 |    0 |          0 |
|       u                    |                  pe_r0_0_2227 |        109 |        109 |       0 |    0 |    52 |      0 |      0 |    0 |          0 |
|     u_pe_r0_14_1           |                     pe_r0_789 |        118 |        118 |       0 |    0 |    52 |      0 |      0 |    0 |          0 |
|       u                    |                  pe_r0_0_2221 |        118 |        118 |       0 |    0 |    52 |      0 |      0 |    0 |          0 |
|     u_pe_r0_14_10          |                     pe_r0_790 |        104 |        104 |       0 |    0 |    52 |      0 |      0 |    0 |          0 |
|       u                    |                  pe_r0_0_2215 |        104 |        104 |       0 |    0 |    52 |      0 |      0 |    0 |          0 |
|     u_pe_r0_14_11          |                     pe_r0_791 |        114 |        114 |       0 |    0 |    52 |      0 |      0 |    0 |          0 |
|       u                    |                  pe_r0_0_2209 |        114 |        114 |       0 |    0 |    52 |      0 |      0 |    0 |          0 |
|     u_pe_r0_14_12          |                     pe_r0_792 |        105 |        105 |       0 |    0 |    52 |      0 |      0 |    0 |          0 |
|       u                    |                  pe_r0_0_2203 |        105 |        105 |       0 |    0 |    52 |      0 |      0 |    0 |          0 |
|     u_pe_r0_14_13          |                     pe_r0_793 |        115 |        115 |       0 |    0 |    52 |      0 |      0 |    0 |          0 |
|       u                    |                  pe_r0_0_2197 |        115 |        115 |       0 |    0 |    52 |      0 |      0 |    0 |          0 |
|     u_pe_r0_14_14          |                     pe_r0_794 |        111 |        111 |       0 |    0 |    52 |      0 |      0 |    0 |          0 |
|       u                    |                  pe_r0_0_2191 |        111 |        111 |       0 |    0 |    52 |      0 |      0 |    0 |          0 |
|     u_pe_r0_14_2           |                     pe_r0_795 |        105 |        105 |       0 |    0 |    52 |      0 |      0 |    0 |          0 |
|       u                    |                  pe_r0_0_2185 |        105 |        105 |       0 |    0 |    52 |      0 |      0 |    0 |          0 |
|     u_pe_r0_14_3           |                     pe_r0_796 |        122 |        122 |       0 |    0 |    52 |      0 |      0 |    0 |          0 |
|       u                    |                  pe_r0_0_2179 |        122 |        122 |       0 |    0 |    52 |      0 |      0 |    0 |          0 |
|     u_pe_r0_14_4           |                     pe_r0_797 |        111 |        111 |       0 |    0 |    52 |      0 |      0 |    0 |          0 |
|       u                    |                  pe_r0_0_2173 |        111 |        111 |       0 |    0 |    52 |      0 |      0 |    0 |          0 |
|     u_pe_r0_14_5           |                     pe_r0_798 |        110 |        110 |       0 |    0 |    52 |      0 |      0 |    0 |          0 |
|       u                    |                  pe_r0_0_2167 |        110 |        110 |       0 |    0 |    52 |      0 |      0 |    0 |          0 |
|     u_pe_r0_14_6           |                     pe_r0_799 |        127 |        127 |       0 |    0 |    52 |      0 |      0 |    0 |          0 |
|       u                    |                  pe_r0_0_2161 |        127 |        127 |       0 |    0 |    52 |      0 |      0 |    0 |          0 |
|     u_pe_r0_14_7           |                     pe_r0_800 |        114 |        114 |       0 |    0 |    52 |      0 |      0 |    0 |          0 |
|       u                    |                  pe_r0_0_2155 |        114 |        114 |       0 |    0 |    52 |      0 |      0 |    0 |          0 |
|     u_pe_r0_14_8           |                     pe_r0_801 |        115 |        115 |       0 |    0 |    52 |      0 |      0 |    0 |          0 |
|       u                    |                  pe_r0_0_2149 |        115 |        115 |       0 |    0 |    52 |      0 |      0 |    0 |          0 |
|     u_pe_r0_14_9           |                     pe_r0_802 |        107 |        107 |       0 |    0 |    52 |      0 |      0 |    0 |          0 |
|       u                    |                  pe_r0_0_2143 |        107 |        107 |       0 |    0 |    52 |      0 |      0 |    0 |          0 |
|     u_pe_r0_1_1            |                     pe_r0_803 |        111 |        111 |       0 |    0 |    52 |      0 |      0 |    0 |          0 |
|       u                    |                  pe_r0_0_2137 |        111 |        111 |       0 |    0 |    52 |      0 |      0 |    0 |          0 |
|     u_pe_r0_1_10           |                     pe_r0_804 |        122 |        122 |       0 |    0 |    52 |      0 |      0 |    0 |          0 |
|       u                    |                  pe_r0_0_2131 |        122 |        122 |       0 |    0 |    52 |      0 |      0 |    0 |          0 |
|     u_pe_r0_1_11           |                     pe_r0_805 |        111 |        111 |       0 |    0 |    52 |      0 |      0 |    0 |          0 |
|       u                    |                  pe_r0_0_2125 |        111 |        111 |       0 |    0 |    52 |      0 |      0 |    0 |          0 |
|     u_pe_r0_1_12           |                     pe_r0_806 |        113 |        113 |       0 |    0 |    52 |      0 |      0 |    0 |          0 |
|       u                    |                  pe_r0_0_2119 |        113 |        113 |       0 |    0 |    52 |      0 |      0 |    0 |          0 |
|     u_pe_r0_1_13           |                     pe_r0_807 |        112 |        112 |       0 |    0 |    52 |      0 |      0 |    0 |          0 |
|       u                    |                  pe_r0_0_2113 |        112 |        112 |       0 |    0 |    52 |      0 |      0 |    0 |          0 |
|     u_pe_r0_1_14           |                     pe_r0_808 |        116 |        116 |       0 |    0 |    52 |      0 |      0 |    0 |          0 |
|       u                    |                  pe_r0_0_2107 |        116 |        116 |       0 |    0 |    52 |      0 |      0 |    0 |          0 |
|     u_pe_r0_1_2            |                     pe_r0_809 |        133 |        133 |       0 |    0 |    52 |      0 |      0 |    0 |          0 |
|       u                    |                  pe_r0_0_2101 |        133 |        133 |       0 |    0 |    52 |      0 |      0 |    0 |          0 |
|     u_pe_r0_1_3            |                     pe_r0_810 |        115 |        115 |       0 |    0 |    52 |      0 |      0 |    0 |          0 |
|       u                    |                  pe_r0_0_2095 |        115 |        115 |       0 |    0 |    52 |      0 |      0 |    0 |          0 |
|     u_pe_r0_1_4            |                     pe_r0_811 |        113 |        113 |       0 |    0 |    52 |      0 |      0 |    0 |          0 |
|       u                    |                  pe_r0_0_2089 |        113 |        113 |       0 |    0 |    52 |      0 |      0 |    0 |          0 |
|     u_pe_r0_1_5            |                     pe_r0_812 |        102 |        102 |       0 |    0 |    52 |      0 |      0 |    0 |          0 |
|       u                    |                  pe_r0_0_2083 |        102 |        102 |       0 |    0 |    52 |      0 |      0 |    0 |          0 |
|     u_pe_r0_1_6            |                     pe_r0_813 |        118 |        118 |       0 |    0 |    52 |      0 |      0 |    0 |          0 |
|       u                    |                  pe_r0_0_2077 |        118 |        118 |       0 |    0 |    52 |      0 |      0 |    0 |          0 |
|     u_pe_r0_1_7            |                     pe_r0_814 |        111 |        111 |       0 |    0 |    52 |      0 |      0 |    0 |          0 |
|       u                    |                  pe_r0_0_2071 |        111 |        111 |       0 |    0 |    52 |      0 |      0 |    0 |          0 |
|     u_pe_r0_1_8            |                     pe_r0_815 |        110 |        110 |       0 |    0 |    52 |      0 |      0 |    0 |          0 |
|       u                    |                  pe_r0_0_2065 |        110 |        110 |       0 |    0 |    52 |      0 |      0 |    0 |          0 |
|     u_pe_r0_1_9            |                     pe_r0_816 |        108 |        108 |       0 |    0 |    52 |      0 |      0 |    0 |          0 |
|       u                    |                  pe_r0_0_2059 |        108 |        108 |       0 |    0 |    52 |      0 |      0 |    0 |          0 |
|     u_pe_r0_2_1            |                     pe_r0_817 |        112 |        112 |       0 |    0 |    52 |      0 |      0 |    0 |          0 |
|       u                    |                  pe_r0_0_2053 |        112 |        112 |       0 |    0 |    52 |      0 |      0 |    0 |          0 |
|     u_pe_r0_2_10           |                     pe_r0_818 |        111 |        111 |       0 |    0 |    52 |      0 |      0 |    0 |          0 |
|       u                    |                  pe_r0_0_2047 |        111 |        111 |       0 |    0 |    52 |      0 |      0 |    0 |          0 |
|     u_pe_r0_2_11           |                     pe_r0_819 |        118 |        118 |       0 |    0 |    52 |      0 |      0 |    0 |          0 |
|       u                    |                  pe_r0_0_2041 |        118 |        118 |       0 |    0 |    52 |      0 |      0 |    0 |          0 |
|     u_pe_r0_2_12           |                     pe_r0_820 |        110 |        110 |       0 |    0 |    52 |      0 |      0 |    0 |          0 |
|       u                    |                  pe_r0_0_2035 |        110 |        110 |       0 |    0 |    52 |      0 |      0 |    0 |          0 |
|     u_pe_r0_2_13           |                     pe_r0_821 |        115 |        115 |       0 |    0 |    52 |      0 |      0 |    0 |          0 |
|       u                    |                  pe_r0_0_2029 |        115 |        115 |       0 |    0 |    52 |      0 |      0 |    0 |          0 |
|     u_pe_r0_2_14           |                     pe_r0_822 |        113 |        113 |       0 |    0 |    52 |      0 |      0 |    0 |          0 |
|       u                    |                  pe_r0_0_2023 |        113 |        113 |       0 |    0 |    52 |      0 |      0 |    0 |          0 |
|     u_pe_r0_2_2            |                     pe_r0_823 |        111 |        111 |       0 |    0 |    52 |      0 |      0 |    0 |          0 |
|       u                    |                  pe_r0_0_2017 |        111 |        111 |       0 |    0 |    52 |      0 |      0 |    0 |          0 |
|     u_pe_r0_2_3            |                     pe_r0_824 |        113 |        113 |       0 |    0 |    52 |      0 |      0 |    0 |          0 |
|       u                    |                  pe_r0_0_2011 |        113 |        113 |       0 |    0 |    52 |      0 |      0 |    0 |          0 |
|     u_pe_r0_2_4            |                     pe_r0_825 |        114 |        114 |       0 |    0 |    52 |      0 |      0 |    0 |          0 |
|       u                    |                  pe_r0_0_2005 |        114 |        114 |       0 |    0 |    52 |      0 |      0 |    0 |          0 |
|     u_pe_r0_2_5            |                     pe_r0_826 |        104 |        104 |       0 |    0 |    52 |      0 |      0 |    0 |          0 |
|       u                    |                  pe_r0_0_1999 |        104 |        104 |       0 |    0 |    52 |      0 |      0 |    0 |          0 |
|     u_pe_r0_2_6            |                     pe_r0_827 |        105 |        105 |       0 |    0 |    52 |      0 |      0 |    0 |          0 |
|       u                    |                  pe_r0_0_1993 |        105 |        105 |       0 |    0 |    52 |      0 |      0 |    0 |          0 |
|     u_pe_r0_2_7            |                     pe_r0_828 |        124 |        124 |       0 |    0 |    52 |      0 |      0 |    0 |          0 |
|       u                    |                  pe_r0_0_1987 |        124 |        124 |       0 |    0 |    52 |      0 |      0 |    0 |          0 |
|     u_pe_r0_2_8            |                     pe_r0_829 |        110 |        110 |       0 |    0 |    52 |      0 |      0 |    0 |          0 |
|       u                    |                  pe_r0_0_1981 |        110 |        110 |       0 |    0 |    52 |      0 |      0 |    0 |          0 |
|     u_pe_r0_2_9            |                     pe_r0_830 |        110 |        110 |       0 |    0 |    52 |      0 |      0 |    0 |          0 |
|       u                    |                  pe_r0_0_1975 |        110 |        110 |       0 |    0 |    52 |      0 |      0 |    0 |          0 |
|     u_pe_r0_3_1            |                     pe_r0_831 |        108 |        108 |       0 |    0 |    52 |      0 |      0 |    0 |          0 |
|       u                    |                  pe_r0_0_1969 |        108 |        108 |       0 |    0 |    52 |      0 |      0 |    0 |          0 |
|     u_pe_r0_3_10           |                     pe_r0_832 |        112 |        112 |       0 |    0 |    52 |      0 |      0 |    0 |          0 |
|       u                    |                  pe_r0_0_1963 |        112 |        112 |       0 |    0 |    52 |      0 |      0 |    0 |          0 |
|     u_pe_r0_3_11           |                     pe_r0_833 |        116 |        116 |       0 |    0 |    52 |      0 |      0 |    0 |          0 |
|       u                    |                  pe_r0_0_1957 |        116 |        116 |       0 |    0 |    52 |      0 |      0 |    0 |          0 |
|     u_pe_r0_3_12           |                     pe_r0_834 |        115 |        115 |       0 |    0 |    52 |      0 |      0 |    0 |          0 |
|       u                    |                  pe_r0_0_1951 |        115 |        115 |       0 |    0 |    52 |      0 |      0 |    0 |          0 |
|     u_pe_r0_3_13           |                     pe_r0_835 |        113 |        113 |       0 |    0 |    52 |      0 |      0 |    0 |          0 |
|       u                    |                  pe_r0_0_1945 |        113 |        113 |       0 |    0 |    52 |      0 |      0 |    0 |          0 |
|     u_pe_r0_3_14           |                     pe_r0_836 |        115 |        115 |       0 |    0 |    52 |      0 |      0 |    0 |          0 |
|       u                    |                  pe_r0_0_1939 |        115 |        115 |       0 |    0 |    52 |      0 |      0 |    0 |          0 |
|     u_pe_r0_3_2            |                     pe_r0_837 |        134 |        134 |       0 |    0 |    52 |      0 |      0 |    0 |          0 |
|       u                    |                  pe_r0_0_1933 |        134 |        134 |       0 |    0 |    52 |      0 |      0 |    0 |          0 |
|     u_pe_r0_3_3            |                     pe_r0_838 |        115 |        115 |       0 |    0 |    52 |      0 |      0 |    0 |          0 |
|       u                    |                  pe_r0_0_1927 |        115 |        115 |       0 |    0 |    52 |      0 |      0 |    0 |          0 |
|     u_pe_r0_3_4            |                     pe_r0_839 |        113 |        113 |       0 |    0 |    52 |      0 |      0 |    0 |          0 |
|       u                    |                  pe_r0_0_1921 |        113 |        113 |       0 |    0 |    52 |      0 |      0 |    0 |          0 |
|     u_pe_r0_3_5            |                     pe_r0_840 |        105 |        105 |       0 |    0 |    52 |      0 |      0 |    0 |          0 |
|       u                    |                  pe_r0_0_1915 |        105 |        105 |       0 |    0 |    52 |      0 |      0 |    0 |          0 |
|     u_pe_r0_3_6            |                     pe_r0_841 |        105 |        105 |       0 |    0 |    52 |      0 |      0 |    0 |          0 |
|       u                    |                  pe_r0_0_1909 |        105 |        105 |       0 |    0 |    52 |      0 |      0 |    0 |          0 |
|     u_pe_r0_3_7            |                     pe_r0_842 |        135 |        135 |       0 |    0 |    52 |      0 |      0 |    0 |          0 |
|       u                    |                  pe_r0_0_1903 |        135 |        135 |       0 |    0 |    52 |      0 |      0 |    0 |          0 |
|     u_pe_r0_3_8            |                     pe_r0_843 |        111 |        111 |       0 |    0 |    52 |      0 |      0 |    0 |          0 |
|       u                    |                  pe_r0_0_1897 |        111 |        111 |       0 |    0 |    52 |      0 |      0 |    0 |          0 |
|     u_pe_r0_3_9            |                     pe_r0_844 |        111 |        111 |       0 |    0 |    52 |      0 |      0 |    0 |          0 |
|       u                    |                  pe_r0_0_1891 |        111 |        111 |       0 |    0 |    52 |      0 |      0 |    0 |          0 |
|     u_pe_r0_4_1            |                     pe_r0_845 |        108 |        108 |       0 |    0 |    52 |      0 |      0 |    0 |          0 |
|       u                    |                  pe_r0_0_1885 |        108 |        108 |       0 |    0 |    52 |      0 |      0 |    0 |          0 |
|     u_pe_r0_4_10           |                     pe_r0_846 |        130 |        130 |       0 |    0 |    52 |      0 |      0 |    0 |          0 |
|       u                    |                  pe_r0_0_1879 |        130 |        130 |       0 |    0 |    52 |      0 |      0 |    0 |          0 |
|     u_pe_r0_4_11           |                     pe_r0_847 |        118 |        118 |       0 |    0 |    52 |      0 |      0 |    0 |          0 |
|       u                    |                  pe_r0_0_1873 |        118 |        118 |       0 |    0 |    52 |      0 |      0 |    0 |          0 |
|     u_pe_r0_4_12           |                     pe_r0_848 |        116 |        116 |       0 |    0 |    52 |      0 |      0 |    0 |          0 |
|       u                    |                  pe_r0_0_1867 |        116 |        116 |       0 |    0 |    52 |      0 |      0 |    0 |          0 |
|     u_pe_r0_4_13           |                     pe_r0_849 |        112 |        112 |       0 |    0 |    52 |      0 |      0 |    0 |          0 |
|       u                    |                  pe_r0_0_1861 |        112 |        112 |       0 |    0 |    52 |      0 |      0 |    0 |          0 |
|     u_pe_r0_4_14           |                     pe_r0_850 |        113 |        113 |       0 |    0 |    52 |      0 |      0 |    0 |          0 |
|       u                    |                  pe_r0_0_1855 |        113 |        113 |       0 |    0 |    52 |      0 |      0 |    0 |          0 |
|     u_pe_r0_4_2            |                     pe_r0_851 |        111 |        111 |       0 |    0 |    52 |      0 |      0 |    0 |          0 |
|       u                    |                  pe_r0_0_1849 |        111 |        111 |       0 |    0 |    52 |      0 |      0 |    0 |          0 |
|     u_pe_r0_4_3            |                     pe_r0_852 |        113 |        113 |       0 |    0 |    52 |      0 |      0 |    0 |          0 |
|       u                    |                  pe_r0_0_1843 |        113 |        113 |       0 |    0 |    52 |      0 |      0 |    0 |          0 |
|     u_pe_r0_4_4            |                     pe_r0_853 |        114 |        114 |       0 |    0 |    52 |      0 |      0 |    0 |          0 |
|       u                    |                  pe_r0_0_1837 |        114 |        114 |       0 |    0 |    52 |      0 |      0 |    0 |          0 |
|     u_pe_r0_4_5            |                     pe_r0_854 |        104 |        104 |       0 |    0 |    52 |      0 |      0 |    0 |          0 |
|       u                    |                  pe_r0_0_1831 |        104 |        104 |       0 |    0 |    52 |      0 |      0 |    0 |          0 |
|     u_pe_r0_4_6            |                     pe_r0_855 |        127 |        127 |       0 |    0 |    52 |      0 |      0 |    0 |          0 |
|       u                    |                  pe_r0_0_1825 |        127 |        127 |       0 |    0 |    52 |      0 |      0 |    0 |          0 |
|     u_pe_r0_4_7            |                     pe_r0_856 |        112 |        112 |       0 |    0 |    52 |      0 |      0 |    0 |          0 |
|       u                    |                  pe_r0_0_1819 |        112 |        112 |       0 |    0 |    52 |      0 |      0 |    0 |          0 |
|     u_pe_r0_4_8            |                     pe_r0_857 |        108 |        108 |       0 |    0 |    52 |      0 |      0 |    0 |          0 |
|       u                    |                  pe_r0_0_1813 |        108 |        108 |       0 |    0 |    52 |      0 |      0 |    0 |          0 |
|     u_pe_r0_4_9            |                     pe_r0_858 |        109 |        109 |       0 |    0 |    52 |      0 |      0 |    0 |          0 |
|       u                    |                  pe_r0_0_1807 |        109 |        109 |       0 |    0 |    52 |      0 |      0 |    0 |          0 |
|     u_pe_r0_5_1            |                     pe_r0_859 |        108 |        108 |       0 |    0 |    52 |      0 |      0 |    0 |          0 |
|       u                    |                  pe_r0_0_1801 |        108 |        108 |       0 |    0 |    52 |      0 |      0 |    0 |          0 |
|     u_pe_r0_5_10           |                     pe_r0_860 |        111 |        111 |       0 |    0 |    52 |      0 |      0 |    0 |          0 |
|       u                    |                  pe_r0_0_1795 |        111 |        111 |       0 |    0 |    52 |      0 |      0 |    0 |          0 |
|     u_pe_r0_5_11           |                     pe_r0_861 |        118 |        118 |       0 |    0 |    52 |      0 |      0 |    0 |          0 |
|       u                    |                  pe_r0_0_1789 |        118 |        118 |       0 |    0 |    52 |      0 |      0 |    0 |          0 |
|     u_pe_r0_5_12           |                     pe_r0_862 |        116 |        116 |       0 |    0 |    52 |      0 |      0 |    0 |          0 |
|       u                    |                  pe_r0_0_1783 |        116 |        116 |       0 |    0 |    52 |      0 |      0 |    0 |          0 |
|     u_pe_r0_5_13           |                     pe_r0_863 |        114 |        114 |       0 |    0 |    52 |      0 |      0 |    0 |          0 |
|       u                    |                  pe_r0_0_1777 |        114 |        114 |       0 |    0 |    52 |      0 |      0 |    0 |          0 |
|     u_pe_r0_5_14           |                     pe_r0_864 |        115 |        115 |       0 |    0 |    52 |      0 |      0 |    0 |          0 |
|       u                    |                  pe_r0_0_1771 |        115 |        115 |       0 |    0 |    52 |      0 |      0 |    0 |          0 |
|     u_pe_r0_5_2            |                     pe_r0_865 |        131 |        131 |       0 |    0 |    52 |      0 |      0 |    0 |          0 |
|       u                    |                  pe_r0_0_1765 |        131 |        131 |       0 |    0 |    52 |      0 |      0 |    0 |          0 |
|     u_pe_r0_5_3            |                     pe_r0_866 |        115 |        115 |       0 |    0 |    52 |      0 |      0 |    0 |          0 |
|       u                    |                  pe_r0_0_1759 |        115 |        115 |       0 |    0 |    52 |      0 |      0 |    0 |          0 |
|     u_pe_r0_5_4            |                     pe_r0_867 |        114 |        114 |       0 |    0 |    52 |      0 |      0 |    0 |          0 |
|       u                    |                  pe_r0_0_1753 |        114 |        114 |       0 |    0 |    52 |      0 |      0 |    0 |          0 |
|     u_pe_r0_5_5            |                     pe_r0_868 |        104 |        104 |       0 |    0 |    52 |      0 |      0 |    0 |          0 |
|       u                    |                  pe_r0_0_1747 |        104 |        104 |       0 |    0 |    52 |      0 |      0 |    0 |          0 |
|     u_pe_r0_5_6            |                     pe_r0_869 |        114 |        114 |       0 |    0 |    52 |      0 |      0 |    0 |          0 |
|       u                    |                  pe_r0_0_1741 |        114 |        114 |       0 |    0 |    52 |      0 |      0 |    0 |          0 |
|     u_pe_r0_5_7            |                     pe_r0_870 |        111 |        111 |       0 |    0 |    52 |      0 |      0 |    0 |          0 |
|       u                    |                  pe_r0_0_1735 |        111 |        111 |       0 |    0 |    52 |      0 |      0 |    0 |          0 |
|     u_pe_r0_5_8            |                     pe_r0_871 |        108 |        108 |       0 |    0 |    52 |      0 |      0 |    0 |          0 |
|       u                    |                  pe_r0_0_1729 |        108 |        108 |       0 |    0 |    52 |      0 |      0 |    0 |          0 |
|     u_pe_r0_5_9            |                     pe_r0_872 |        109 |        109 |       0 |    0 |    52 |      0 |      0 |    0 |          0 |
|       u                    |                  pe_r0_0_1723 |        109 |        109 |       0 |    0 |    52 |      0 |      0 |    0 |          0 |
|     u_pe_r0_6_1            |                     pe_r0_873 |        110 |        110 |       0 |    0 |    52 |      0 |      0 |    0 |          0 |
|       u                    |                  pe_r0_0_1717 |        110 |        110 |       0 |    0 |    52 |      0 |      0 |    0 |          0 |
|     u_pe_r0_6_10           |                     pe_r0_874 |        124 |        124 |       0 |    0 |    52 |      0 |      0 |    0 |          0 |
|       u                    |                  pe_r0_0_1711 |        124 |        124 |       0 |    0 |    52 |      0 |      0 |    0 |          0 |
|     u_pe_r0_6_11           |                     pe_r0_875 |        115 |        115 |       0 |    0 |    52 |      0 |      0 |    0 |          0 |
|       u                    |                  pe_r0_0_1705 |        115 |        115 |       0 |    0 |    52 |      0 |      0 |    0 |          0 |
|     u_pe_r0_6_12           |                     pe_r0_876 |        118 |        118 |       0 |    0 |    52 |      0 |      0 |    0 |          0 |
|       u                    |                  pe_r0_0_1699 |        118 |        118 |       0 |    0 |    52 |      0 |      0 |    0 |          0 |
|     u_pe_r0_6_13           |                     pe_r0_877 |        112 |        112 |       0 |    0 |    52 |      0 |      0 |    0 |          0 |
|       u                    |                  pe_r0_0_1693 |        112 |        112 |       0 |    0 |    52 |      0 |      0 |    0 |          0 |
|     u_pe_r0_6_14           |                     pe_r0_878 |        115 |        115 |       0 |    0 |    52 |      0 |      0 |    0 |          0 |
|       u                    |                  pe_r0_0_1687 |        115 |        115 |       0 |    0 |    52 |      0 |      0 |    0 |          0 |
|     u_pe_r0_6_2            |                     pe_r0_879 |        117 |        117 |       0 |    0 |    52 |      0 |      0 |    0 |          0 |
|       u                    |                  pe_r0_0_1681 |        117 |        117 |       0 |    0 |    52 |      0 |      0 |    0 |          0 |
|     u_pe_r0_6_3            |                     pe_r0_880 |        116 |        116 |       0 |    0 |    52 |      0 |      0 |    0 |          0 |
|       u                    |                  pe_r0_0_1675 |        116 |        116 |       0 |    0 |    52 |      0 |      0 |    0 |          0 |
|     u_pe_r0_6_4            |                     pe_r0_881 |        113 |        113 |       0 |    0 |    52 |      0 |      0 |    0 |          0 |
|       u                    |                  pe_r0_0_1669 |        113 |        113 |       0 |    0 |    52 |      0 |      0 |    0 |          0 |
|     u_pe_r0_6_5            |                     pe_r0_882 |        104 |        104 |       0 |    0 |    52 |      0 |      0 |    0 |          0 |
|       u                    |                  pe_r0_0_1663 |        104 |        104 |       0 |    0 |    52 |      0 |      0 |    0 |          0 |
|     u_pe_r0_6_6            |                     pe_r0_883 |        118 |        118 |       0 |    0 |    52 |      0 |      0 |    0 |          0 |
|       u                    |                  pe_r0_0_1657 |        118 |        118 |       0 |    0 |    52 |      0 |      0 |    0 |          0 |
|     u_pe_r0_6_7            |                     pe_r0_884 |        118 |        118 |       0 |    0 |    52 |      0 |      0 |    0 |          0 |
|       u                    |                  pe_r0_0_1651 |        118 |        118 |       0 |    0 |    52 |      0 |      0 |    0 |          0 |
|     u_pe_r0_6_8            |                     pe_r0_885 |        142 |        142 |       0 |    0 |    52 |      0 |      0 |    0 |          0 |
|       u                    |                  pe_r0_0_1645 |        142 |        142 |       0 |    0 |    52 |      0 |      0 |    0 |          0 |
|     u_pe_r0_6_9            |                     pe_r0_886 |        111 |        111 |       0 |    0 |    52 |      0 |      0 |    0 |          0 |
|       u                    |                  pe_r0_0_1639 |        111 |        111 |       0 |    0 |    52 |      0 |      0 |    0 |          0 |
|     u_pe_r0_7_1            |                     pe_r0_887 |        111 |        111 |       0 |    0 |    52 |      0 |      0 |    0 |          0 |
|       u                    |                  pe_r0_0_1633 |        111 |        111 |       0 |    0 |    52 |      0 |      0 |    0 |          0 |
|     u_pe_r0_7_10           |                     pe_r0_888 |        109 |        109 |       0 |    0 |    52 |      0 |      0 |    0 |          0 |
|       u                    |                  pe_r0_0_1627 |        109 |        109 |       0 |    0 |    52 |      0 |      0 |    0 |          0 |
|     u_pe_r0_7_11           |                     pe_r0_889 |        114 |        114 |       0 |    0 |    52 |      0 |      0 |    0 |          0 |
|       u                    |                  pe_r0_0_1621 |        114 |        114 |       0 |    0 |    52 |      0 |      0 |    0 |          0 |
|     u_pe_r0_7_12           |                     pe_r0_890 |        111 |        111 |       0 |    0 |    52 |      0 |      0 |    0 |          0 |
|       u                    |                  pe_r0_0_1615 |        111 |        111 |       0 |    0 |    52 |      0 |      0 |    0 |          0 |
|     u_pe_r0_7_13           |                     pe_r0_891 |        114 |        114 |       0 |    0 |    52 |      0 |      0 |    0 |          0 |
|       u                    |                  pe_r0_0_1609 |        114 |        114 |       0 |    0 |    52 |      0 |      0 |    0 |          0 |
|     u_pe_r0_7_14           |                     pe_r0_892 |        112 |        112 |       0 |    0 |    52 |      0 |      0 |    0 |          0 |
|       u                    |                  pe_r0_0_1603 |        112 |        112 |       0 |    0 |    52 |      0 |      0 |    0 |          0 |
|     u_pe_r0_7_2            |                     pe_r0_893 |        109 |        109 |       0 |    0 |    52 |      0 |      0 |    0 |          0 |
|       u                    |                  pe_r0_0_1597 |        109 |        109 |       0 |    0 |    52 |      0 |      0 |    0 |          0 |
|     u_pe_r0_7_3            |                     pe_r0_894 |        112 |        112 |       0 |    0 |    52 |      0 |      0 |    0 |          0 |
|       u                    |                  pe_r0_0_1591 |        112 |        112 |       0 |    0 |    52 |      0 |      0 |    0 |          0 |
|     u_pe_r0_7_4            |                     pe_r0_895 |        115 |        115 |       0 |    0 |    52 |      0 |      0 |    0 |          0 |
|       u                    |                  pe_r0_0_1585 |        115 |        115 |       0 |    0 |    52 |      0 |      0 |    0 |          0 |
|     u_pe_r0_7_5            |                     pe_r0_896 |        111 |        111 |       0 |    0 |    52 |      0 |      0 |    0 |          0 |
|       u                    |                  pe_r0_0_1579 |        111 |        111 |       0 |    0 |    52 |      0 |      0 |    0 |          0 |
|     u_pe_r0_7_6            |                     pe_r0_897 |        112 |        112 |       0 |    0 |    52 |      0 |      0 |    0 |          0 |
|       u                    |                  pe_r0_0_1573 |        112 |        112 |       0 |    0 |    52 |      0 |      0 |    0 |          0 |
|     u_pe_r0_7_7            |                     pe_r0_898 |        115 |        115 |       0 |    0 |    52 |      0 |      0 |    0 |          0 |
|       u                    |                  pe_r0_0_1567 |        115 |        115 |       0 |    0 |    52 |      0 |      0 |    0 |          0 |
|     u_pe_r0_7_8            |                     pe_r0_899 |        114 |        114 |       0 |    0 |    52 |      0 |      0 |    0 |          0 |
|       u                    |                  pe_r0_0_1561 |        114 |        114 |       0 |    0 |    52 |      0 |      0 |    0 |          0 |
|     u_pe_r0_7_9            |                     pe_r0_900 |        111 |        111 |       0 |    0 |    52 |      0 |      0 |    0 |          0 |
|       u                    |                  pe_r0_0_1555 |        111 |        111 |       0 |    0 |    52 |      0 |      0 |    0 |          0 |
|     u_pe_r0_8_1            |                     pe_r0_901 |        130 |        130 |       0 |    0 |    52 |      0 |      0 |    0 |          0 |
|       u                    |                  pe_r0_0_1549 |        130 |        130 |       0 |    0 |    52 |      0 |      0 |    0 |          0 |
|     u_pe_r0_8_10           |                     pe_r0_902 |        124 |        124 |       0 |    0 |    52 |      0 |      0 |    0 |          0 |
|       u                    |                  pe_r0_0_1543 |        124 |        124 |       0 |    0 |    52 |      0 |      0 |    0 |          0 |
|     u_pe_r0_8_11           |                     pe_r0_903 |        112 |        112 |       0 |    0 |    52 |      0 |      0 |    0 |          0 |
|       u                    |                  pe_r0_0_1537 |        112 |        112 |       0 |    0 |    52 |      0 |      0 |    0 |          0 |
|     u_pe_r0_8_12           |                     pe_r0_904 |        114 |        114 |       0 |    0 |    52 |      0 |      0 |    0 |          0 |
|       u                    |                  pe_r0_0_1531 |        114 |        114 |       0 |    0 |    52 |      0 |      0 |    0 |          0 |
|     u_pe_r0_8_13           |                     pe_r0_905 |        112 |        112 |       0 |    0 |    52 |      0 |      0 |    0 |          0 |
|       u                    |                  pe_r0_0_1525 |        112 |        112 |       0 |    0 |    52 |      0 |      0 |    0 |          0 |
|     u_pe_r0_8_14           |                     pe_r0_906 |        115 |        115 |       0 |    0 |    52 |      0 |      0 |    0 |          0 |
|       u                    |                  pe_r0_0_1519 |        115 |        115 |       0 |    0 |    52 |      0 |      0 |    0 |          0 |
|     u_pe_r0_8_2            |                     pe_r0_907 |        111 |        111 |       0 |    0 |    52 |      0 |      0 |    0 |          0 |
|       u                    |                  pe_r0_0_1513 |        111 |        111 |       0 |    0 |    52 |      0 |      0 |    0 |          0 |
|     u_pe_r0_8_3            |                     pe_r0_908 |        124 |        124 |       0 |    0 |    52 |      0 |      0 |    0 |          0 |
|       u                    |                  pe_r0_0_1507 |        124 |        124 |       0 |    0 |    52 |      0 |      0 |    0 |          0 |
|     u_pe_r0_8_4            |                     pe_r0_909 |        117 |        117 |       0 |    0 |    52 |      0 |      0 |    0 |          0 |
|       u                    |                  pe_r0_0_1501 |        117 |        117 |       0 |    0 |    52 |      0 |      0 |    0 |          0 |
|     u_pe_r0_8_5            |                     pe_r0_910 |        111 |        111 |       0 |    0 |    52 |      0 |      0 |    0 |          0 |
|       u                    |                  pe_r0_0_1495 |        111 |        111 |       0 |    0 |    52 |      0 |      0 |    0 |          0 |
|     u_pe_r0_8_6            |                     pe_r0_911 |        113 |        113 |       0 |    0 |    52 |      0 |      0 |    0 |          0 |
|       u                    |                  pe_r0_0_1489 |        113 |        113 |       0 |    0 |    52 |      0 |      0 |    0 |          0 |
|     u_pe_r0_8_7            |                     pe_r0_912 |        113 |        113 |       0 |    0 |    52 |      0 |      0 |    0 |          0 |
|       u                    |                  pe_r0_0_1483 |        113 |        113 |       0 |    0 |    52 |      0 |      0 |    0 |          0 |
|     u_pe_r0_8_8            |                     pe_r0_913 |        113 |        113 |       0 |    0 |    52 |      0 |      0 |    0 |          0 |
|       u                    |                  pe_r0_0_1477 |        113 |        113 |       0 |    0 |    52 |      0 |      0 |    0 |          0 |
|     u_pe_r0_8_9            |                     pe_r0_914 |        110 |        110 |       0 |    0 |    52 |      0 |      0 |    0 |          0 |
|       u                    |                  pe_r0_0_1471 |        110 |        110 |       0 |    0 |    52 |      0 |      0 |    0 |          0 |
|     u_pe_r0_9_1            |                     pe_r0_915 |        115 |        115 |       0 |    0 |    52 |      0 |      0 |    0 |          0 |
|       u                    |                  pe_r0_0_1465 |        115 |        115 |       0 |    0 |    52 |      0 |      0 |    0 |          0 |
|     u_pe_r0_9_10           |                     pe_r0_916 |        110 |        110 |       0 |    0 |    52 |      0 |      0 |    0 |          0 |
|       u                    |                  pe_r0_0_1459 |        110 |        110 |       0 |    0 |    52 |      0 |      0 |    0 |          0 |
|     u_pe_r0_9_11           |                     pe_r0_917 |        114 |        114 |       0 |    0 |    52 |      0 |      0 |    0 |          0 |
|       u                    |                  pe_r0_0_1453 |        114 |        114 |       0 |    0 |    52 |      0 |      0 |    0 |          0 |
|     u_pe_r0_9_12           |                     pe_r0_918 |        111 |        111 |       0 |    0 |    52 |      0 |      0 |    0 |          0 |
|       u                    |                  pe_r0_0_1447 |        111 |        111 |       0 |    0 |    52 |      0 |      0 |    0 |          0 |
|     u_pe_r0_9_13           |                     pe_r0_919 |        114 |        114 |       0 |    0 |    52 |      0 |      0 |    0 |          0 |
|       u                    |                  pe_r0_0_1441 |        114 |        114 |       0 |    0 |    52 |      0 |      0 |    0 |          0 |
|     u_pe_r0_9_14           |                     pe_r0_920 |        113 |        113 |       0 |    0 |    52 |      0 |      0 |    0 |          0 |
|       u                    |                  pe_r0_0_1435 |        113 |        113 |       0 |    0 |    52 |      0 |      0 |    0 |          0 |
|     u_pe_r0_9_2            |                     pe_r0_921 |        111 |        111 |       0 |    0 |    52 |      0 |      0 |    0 |          0 |
|       u                    |                  pe_r0_0_1429 |        111 |        111 |       0 |    0 |    52 |      0 |      0 |    0 |          0 |
|     u_pe_r0_9_3            |                     pe_r0_922 |        109 |        109 |       0 |    0 |    52 |      0 |      0 |    0 |          0 |
|       u                    |                  pe_r0_0_1423 |        109 |        109 |       0 |    0 |    52 |      0 |      0 |    0 |          0 |
|     u_pe_r0_9_4            |                     pe_r0_923 |        115 |        115 |       0 |    0 |    52 |      0 |      0 |    0 |          0 |
|       u                    |                  pe_r0_0_1417 |        115 |        115 |       0 |    0 |    52 |      0 |      0 |    0 |          0 |
|     u_pe_r0_9_5            |                     pe_r0_924 |        110 |        110 |       0 |    0 |    52 |      0 |      0 |    0 |          0 |
|       u                    |                  pe_r0_0_1411 |        110 |        110 |       0 |    0 |    52 |      0 |      0 |    0 |          0 |
|     u_pe_r0_9_6            |                     pe_r0_925 |        115 |        115 |       0 |    0 |    52 |      0 |      0 |    0 |          0 |
|       u                    |                  pe_r0_0_1405 |        115 |        115 |       0 |    0 |    52 |      0 |      0 |    0 |          0 |
|     u_pe_r0_9_7            |                     pe_r0_926 |        111 |        111 |       0 |    0 |    52 |      0 |      0 |    0 |          0 |
|       u                    |                  pe_r0_0_1399 |        111 |        111 |       0 |    0 |    52 |      0 |      0 |    0 |          0 |
|     u_pe_r0_9_8            |                     pe_r0_927 |        112 |        112 |       0 |    0 |    52 |      0 |      0 |    0 |          0 |
|       u                    |                  pe_r0_0_1393 |        112 |        112 |       0 |    0 |    52 |      0 |      0 |    0 |          0 |
|     u_pe_r0_9_9            |                     pe_r0_928 |        110 |        110 |       0 |    0 |    52 |      0 |      0 |    0 |          0 |
|       u                    |                       pe_r0_0 |        110 |        110 |       0 |    0 |    52 |      0 |      0 |    0 |          0 |
|     u_pe_r1_15_1           |                         pe_r1 |        119 |        119 |       0 |    0 |    52 |      0 |      0 |    0 |          0 |
|       u                    |                  pe_r1_0_1386 |        119 |        119 |       0 |    0 |    52 |      0 |      0 |    0 |          0 |
|     u_pe_r1_15_10          |                     pe_r1_929 |        101 |        101 |       0 |    0 |    52 |      0 |      0 |    0 |          0 |
|       u                    |                  pe_r1_0_1380 |        101 |        101 |       0 |    0 |    52 |      0 |      0 |    0 |          0 |
|     u_pe_r1_15_11          |                     pe_r1_930 |        103 |        103 |       0 |    0 |    52 |      0 |      0 |    0 |          0 |
|       u                    |                  pe_r1_0_1374 |        103 |        103 |       0 |    0 |    52 |      0 |      0 |    0 |          0 |
|     u_pe_r1_15_12          |                     pe_r1_931 |        208 |        208 |       0 |    0 |    52 |      0 |      0 |    0 |          0 |
|       u                    |                  pe_r1_0_1368 |        208 |        208 |       0 |    0 |    52 |      0 |      0 |    0 |          0 |
|     u_pe_r1_15_13          |                     pe_r1_932 |        111 |        111 |       0 |    0 |    52 |      0 |      0 |    0 |          0 |
|       u                    |                  pe_r1_0_1362 |        111 |        111 |       0 |    0 |    52 |      0 |      0 |    0 |          0 |
|     u_pe_r1_15_14          |                     pe_r1_933 |        102 |        102 |       0 |    0 |    52 |      0 |      0 |    0 |          0 |
|       u                    |                  pe_r1_0_1356 |        102 |        102 |       0 |    0 |    52 |      0 |      0 |    0 |          0 |
|     u_pe_r1_15_2           |                     pe_r1_934 |        105 |        105 |       0 |    0 |    52 |      0 |      0 |    0 |          0 |
|       u                    |                  pe_r1_0_1350 |        105 |        105 |       0 |    0 |    52 |      0 |      0 |    0 |          0 |
|     u_pe_r1_15_3           |                     pe_r1_935 |        146 |        146 |       0 |    0 |    52 |      0 |      0 |    0 |          0 |
|       u                    |                  pe_r1_0_1344 |        146 |        146 |       0 |    0 |    52 |      0 |      0 |    0 |          0 |
|     u_pe_r1_15_4           |                     pe_r1_936 |        104 |        104 |       0 |    0 |    52 |      0 |      0 |    0 |          0 |
|       u                    |                  pe_r1_0_1338 |        104 |        104 |       0 |    0 |    52 |      0 |      0 |    0 |          0 |
|     u_pe_r1_15_5           |                     pe_r1_937 |        136 |        136 |       0 |    0 |    52 |      0 |      0 |    0 |          0 |
|       u                    |                  pe_r1_0_1332 |        136 |        136 |       0 |    0 |    52 |      0 |      0 |    0 |          0 |
|     u_pe_r1_15_6           |                     pe_r1_938 |        114 |        114 |       0 |    0 |    52 |      0 |      0 |    0 |          0 |
|       u                    |                  pe_r1_0_1326 |        114 |        114 |       0 |    0 |    52 |      0 |      0 |    0 |          0 |
|     u_pe_r1_15_7           |                     pe_r1_939 |        106 |        106 |       0 |    0 |    52 |      0 |      0 |    0 |          0 |
|       u                    |                  pe_r1_0_1320 |        106 |        106 |       0 |    0 |    52 |      0 |      0 |    0 |          0 |
|     u_pe_r1_15_8           |                     pe_r1_940 |        110 |        110 |       0 |    0 |    52 |      0 |      0 |    0 |          0 |
|       u                    |                  pe_r1_0_1314 |        110 |        110 |       0 |    0 |    52 |      0 |      0 |    0 |          0 |
|     u_pe_r1_15_9           |                     pe_r1_941 |        109 |        109 |       0 |    0 |    52 |      0 |      0 |    0 |          0 |
|       u                    |                       pe_r1_0 |        109 |        109 |       0 |    0 |    52 |      0 |      0 |    0 |          0 |
|     u_pe_r2_0_1            |                         pe_r2 |        130 |        130 |       0 |    0 |    52 |      0 |      0 |    0 |          0 |
|       u                    |                  pe_r2_0_1307 |        130 |        130 |       0 |    0 |    52 |      0 |      0 |    0 |          0 |
|     u_pe_r2_0_10           |                     pe_r2_942 |        115 |        115 |       0 |    0 |    52 |      0 |      0 |    0 |          0 |
|       u                    |                  pe_r2_0_1301 |        115 |        115 |       0 |    0 |    52 |      0 |      0 |    0 |          0 |
|     u_pe_r2_0_11           |                     pe_r2_943 |        119 |        119 |       0 |    0 |    52 |      0 |      0 |    0 |          0 |
|       u                    |                  pe_r2_0_1295 |        119 |        119 |       0 |    0 |    52 |      0 |      0 |    0 |          0 |
|     u_pe_r2_0_12           |                     pe_r2_944 |        119 |        119 |       0 |    0 |    52 |      0 |      0 |    0 |          0 |
|       u                    |                  pe_r2_0_1289 |        119 |        119 |       0 |    0 |    52 |      0 |      0 |    0 |          0 |
|     u_pe_r2_0_13           |                     pe_r2_945 |        118 |        118 |       0 |    0 |    52 |      0 |      0 |    0 |          0 |
|       u                    |                  pe_r2_0_1283 |        118 |        118 |       0 |    0 |    52 |      0 |      0 |    0 |          0 |
|     u_pe_r2_0_14           |                     pe_r2_946 |        117 |        117 |       0 |    0 |    52 |      0 |      0 |    0 |          0 |
|       u                    |                  pe_r2_0_1277 |        117 |        117 |       0 |    0 |    52 |      0 |      0 |    0 |          0 |
|     u_pe_r2_0_2            |                     pe_r2_947 |        110 |        110 |       0 |    0 |    52 |      0 |      0 |    0 |          0 |
|       u                    |                  pe_r2_0_1271 |        110 |        110 |       0 |    0 |    52 |      0 |      0 |    0 |          0 |
|     u_pe_r2_0_3            |                     pe_r2_948 |        120 |        120 |       0 |    0 |    52 |      0 |      0 |    0 |          0 |
|       u                    |                  pe_r2_0_1265 |        120 |        120 |       0 |    0 |    52 |      0 |      0 |    0 |          0 |
|     u_pe_r2_0_4            |                     pe_r2_949 |        112 |        112 |       0 |    0 |    52 |      0 |      0 |    0 |          0 |
|       u                    |                  pe_r2_0_1259 |        112 |        112 |       0 |    0 |    52 |      0 |      0 |    0 |          0 |
|     u_pe_r2_0_5            |                     pe_r2_950 |        117 |        117 |       0 |    0 |    52 |      0 |      0 |    0 |          0 |
|       u                    |                  pe_r2_0_1253 |        117 |        117 |       0 |    0 |    52 |      0 |      0 |    0 |          0 |
|     u_pe_r2_0_6            |                     pe_r2_951 |        117 |        117 |       0 |    0 |    52 |      0 |      0 |    0 |          0 |
|       u                    |                  pe_r2_0_1247 |        117 |        117 |       0 |    0 |    52 |      0 |      0 |    0 |          0 |
|     u_pe_r2_0_7            |                     pe_r2_952 |        118 |        118 |       0 |    0 |    52 |      0 |      0 |    0 |          0 |
|       u                    |                  pe_r2_0_1241 |        118 |        118 |       0 |    0 |    52 |      0 |      0 |    0 |          0 |
|     u_pe_r2_0_8            |                     pe_r2_953 |        119 |        119 |       0 |    0 |    52 |      0 |      0 |    0 |          0 |
|       u                    |                  pe_r2_0_1235 |        119 |        119 |       0 |    0 |    52 |      0 |      0 |    0 |          0 |
|     u_pe_r2_0_9            |                     pe_r2_954 |        118 |        118 |       0 |    0 |    52 |      0 |      0 |    0 |          0 |
|       u                    |                       pe_r2_0 |        118 |        118 |       0 |    0 |    52 |      0 |      0 |    0 |          0 |
|     u_pe_r3_10_15          |                         pe_r3 |         99 |         99 |       0 |    0 |    44 |      0 |      0 |    0 |          0 |
|       u                    |                  pe_r3_0_1228 |         99 |         99 |       0 |    0 |    44 |      0 |      0 |    0 |          0 |
|     u_pe_r3_11_15          |                     pe_r3_955 |         98 |         98 |       0 |    0 |    44 |      0 |      0 |    0 |          0 |
|       u                    |                  pe_r3_0_1222 |         98 |         98 |       0 |    0 |    44 |      0 |      0 |    0 |          0 |
|     u_pe_r3_12_15          |                     pe_r3_956 |         96 |         96 |       0 |    0 |    44 |      0 |      0 |    0 |          0 |
|       u                    |                  pe_r3_0_1216 |         96 |         96 |       0 |    0 |    44 |      0 |      0 |    0 |          0 |
|     u_pe_r3_13_15          |                     pe_r3_957 |         99 |         99 |       0 |    0 |    44 |      0 |      0 |    0 |          0 |
|       u                    |                  pe_r3_0_1210 |         99 |         99 |       0 |    0 |    44 |      0 |      0 |    0 |          0 |
|     u_pe_r3_14_15          |                     pe_r3_958 |         96 |         96 |       0 |    0 |    44 |      0 |      0 |    0 |          0 |
|       u                    |                  pe_r3_0_1204 |         96 |         96 |       0 |    0 |    44 |      0 |      0 |    0 |          0 |
|     u_pe_r3_1_15           |                     pe_r3_959 |        100 |        100 |       0 |    0 |    44 |      0 |      0 |    0 |          0 |
|       u                    |                  pe_r3_0_1198 |        100 |        100 |       0 |    0 |    44 |      0 |      0 |    0 |          0 |
|     u_pe_r3_2_15           |                     pe_r3_960 |         99 |         99 |       0 |    0 |    44 |      0 |      0 |    0 |          0 |
|       u                    |                  pe_r3_0_1192 |         99 |         99 |       0 |    0 |    44 |      0 |      0 |    0 |          0 |
|     u_pe_r3_3_15           |                     pe_r3_961 |         99 |         99 |       0 |    0 |    44 |      0 |      0 |    0 |          0 |
|       u                    |                  pe_r3_0_1186 |         99 |         99 |       0 |    0 |    44 |      0 |      0 |    0 |          0 |
|     u_pe_r3_4_15           |                     pe_r3_962 |         98 |         98 |       0 |    0 |    44 |      0 |      0 |    0 |          0 |
|       u                    |                  pe_r3_0_1180 |         98 |         98 |       0 |    0 |    44 |      0 |      0 |    0 |          0 |
|     u_pe_r3_5_15           |                     pe_r3_963 |         98 |         98 |       0 |    0 |    44 |      0 |      0 |    0 |          0 |
|       u                    |                  pe_r3_0_1174 |         98 |         98 |       0 |    0 |    44 |      0 |      0 |    0 |          0 |
|     u_pe_r3_6_15           |                     pe_r3_964 |         99 |         99 |       0 |    0 |    44 |      0 |      0 |    0 |          0 |
|       u                    |                  pe_r3_0_1168 |         99 |         99 |       0 |    0 |    44 |      0 |      0 |    0 |          0 |
|     u_pe_r3_7_15           |                     pe_r3_965 |         97 |         97 |       0 |    0 |    44 |      0 |      0 |    0 |          0 |
|       u                    |                  pe_r3_0_1162 |         97 |         97 |       0 |    0 |    44 |      0 |      0 |    0 |          0 |
|     u_pe_r3_8_15           |                     pe_r3_966 |         99 |         99 |       0 |    0 |    44 |      0 |      0 |    0 |          0 |
|       u                    |                  pe_r3_0_1156 |         99 |         99 |       0 |    0 |    44 |      0 |      0 |    0 |          0 |
|     u_pe_r3_9_15           |                     pe_r3_967 |         97 |         97 |       0 |    0 |    44 |      0 |      0 |    0 |          0 |
|       u                    |                       pe_r3_0 |         97 |         97 |       0 |    0 |    44 |      0 |      0 |    0 |          0 |
|     u_pe_r4_10_0           |                         pe_r4 |        118 |        118 |       0 |    0 |    52 |      0 |      0 |    0 |          0 |
|       u                    |                  pe_r4_0_1149 |        118 |        118 |       0 |    0 |    52 |      0 |      0 |    0 |          0 |
|     u_pe_r4_11_0           |                     pe_r4_968 |        115 |        115 |       0 |    0 |    52 |      0 |      0 |    0 |          0 |
|       u                    |                  pe_r4_0_1143 |        115 |        115 |       0 |    0 |    52 |      0 |      0 |    0 |          0 |
|     u_pe_r4_12_0           |                     pe_r4_969 |        127 |        127 |       0 |    0 |    52 |      0 |      0 |    0 |          0 |
|       u                    |                  pe_r4_0_1137 |        127 |        127 |       0 |    0 |    52 |      0 |      0 |    0 |          0 |
|     u_pe_r4_13_0           |                     pe_r4_970 |        124 |        124 |       0 |    0 |    52 |      0 |      0 |    0 |          0 |
|       u                    |                  pe_r4_0_1131 |        124 |        124 |       0 |    0 |    52 |      0 |      0 |    0 |          0 |
|     u_pe_r4_14_0           |                     pe_r4_971 |        123 |        123 |       0 |    0 |    52 |      0 |      0 |    0 |          0 |
|       u                    |                  pe_r4_0_1125 |        123 |        123 |       0 |    0 |    52 |      0 |      0 |    0 |          0 |
|     u_pe_r4_1_0            |                     pe_r4_972 |        125 |        125 |       0 |    0 |    52 |      0 |      0 |    0 |          0 |
|       u                    |                  pe_r4_0_1119 |        125 |        125 |       0 |    0 |    52 |      0 |      0 |    0 |          0 |
|     u_pe_r4_2_0            |                     pe_r4_973 |        126 |        126 |       0 |    0 |    52 |      0 |      0 |    0 |          0 |
|       u                    |                  pe_r4_0_1113 |        126 |        126 |       0 |    0 |    52 |      0 |      0 |    0 |          0 |
|     u_pe_r4_3_0            |                     pe_r4_974 |        128 |        128 |       0 |    0 |    52 |      0 |      0 |    0 |          0 |
|       u                    |                  pe_r4_0_1107 |        128 |        128 |       0 |    0 |    52 |      0 |      0 |    0 |          0 |
|     u_pe_r4_4_0            |                     pe_r4_975 |        122 |        122 |       0 |    0 |    52 |      0 |      0 |    0 |          0 |
|       u                    |                  pe_r4_0_1101 |        122 |        122 |       0 |    0 |    52 |      0 |      0 |    0 |          0 |
|     u_pe_r4_5_0            |                     pe_r4_976 |        124 |        124 |       0 |    0 |    52 |      0 |      0 |    0 |          0 |
|       u                    |                  pe_r4_0_1095 |        124 |        124 |       0 |    0 |    52 |      0 |      0 |    0 |          0 |
|     u_pe_r4_6_0            |                     pe_r4_977 |        124 |        124 |       0 |    0 |    52 |      0 |      0 |    0 |          0 |
|       u                    |                  pe_r4_0_1089 |        124 |        124 |       0 |    0 |    52 |      0 |      0 |    0 |          0 |
|     u_pe_r4_7_0            |                     pe_r4_978 |        126 |        126 |       0 |    0 |    52 |      0 |      0 |    0 |          0 |
|       u                    |                  pe_r4_0_1083 |        126 |        126 |       0 |    0 |    52 |      0 |      0 |    0 |          0 |
|     u_pe_r4_8_0            |                     pe_r4_979 |        129 |        129 |       0 |    0 |    52 |      0 |      0 |    0 |          0 |
|       u                    |                  pe_r4_0_1077 |        129 |        129 |       0 |    0 |    52 |      0 |      0 |    0 |          0 |
|     u_pe_r4_9_0            |                     pe_r4_980 |        127 |        127 |       0 |    0 |    52 |      0 |      0 |    0 |          0 |
|       u                    |                       pe_r4_0 |        127 |        127 |       0 |    0 |    52 |      0 |      0 |    0 |          0 |
|     u_pe_r5_15_15          |                         pe_r5 |        121 |        121 |       0 |    0 |    44 |      0 |      0 |    0 |          0 |
|       u                    |                       pe_r5_0 |        121 |        121 |       0 |    0 |    44 |      0 |      0 |    0 |          0 |
|     u_pe_r6_0_15           |                         pe_r6 |         99 |         99 |       0 |    0 |    44 |      0 |      0 |    0 |          0 |
|       u                    |                       pe_r6_0 |         99 |         99 |       0 |    0 |    44 |      0 |      0 |    0 |          0 |
|     u_pe_r7_15_0           |                         pe_r7 |        122 |        122 |       0 |    0 |    52 |      0 |      0 |    0 |          0 |
|       u                    |                       pe_r7_0 |        122 |        122 |       0 |    0 |    52 |      0 |      0 |    0 |          0 |
|     u_pe_r8_0_0            |                         pe_r8 |        110 |        110 |       0 |    0 |    52 |      0 |      0 |    0 |          0 |
|       u                    |                       pe_r8_0 |        110 |        110 |       0 |    0 |    52 |      0 |      0 |    0 |          0 |
|     u_vpu_r0_0             |                        vpu_r0 |        165 |        165 |       0 |    0 |   186 |      0 |      0 |    0 |          0 |
|       u                    |                 vpu_r0_0_1067 |        165 |        165 |       0 |    0 |   186 |      0 |      0 |    0 |          0 |
|     u_vpu_r0_1             |                    vpu_r0_981 |        170 |        170 |       0 |    0 |   186 |      0 |      0 |    0 |          0 |
|       u                    |                 vpu_r0_0_1062 |        170 |        170 |       0 |    0 |   186 |      0 |      0 |    0 |          0 |
|     u_vpu_r0_10            |                    vpu_r0_982 |        170 |        170 |       0 |    0 |   186 |      0 |      0 |    0 |          0 |
|       u                    |                 vpu_r0_0_1057 |        170 |        170 |       0 |    0 |   186 |      0 |      0 |    0 |          0 |
|     u_vpu_r0_11            |                    vpu_r0_983 |        169 |        169 |       0 |    0 |   186 |      0 |      0 |    0 |          0 |
|       u                    |                 vpu_r0_0_1052 |        169 |        169 |       0 |    0 |   186 |      0 |      0 |    0 |          0 |
|     u_vpu_r0_12            |                    vpu_r0_984 |        171 |        171 |       0 |    0 |   186 |      0 |      0 |    0 |          0 |
|       u                    |                 vpu_r0_0_1047 |        171 |        171 |       0 |    0 |   186 |      0 |      0 |    0 |          0 |
|     u_vpu_r0_13            |                    vpu_r0_985 |        172 |        172 |       0 |    0 |   186 |      0 |      0 |    0 |          0 |
|       u                    |                 vpu_r0_0_1042 |        172 |        172 |       0 |    0 |   186 |      0 |      0 |    0 |          0 |
|     u_vpu_r0_14            |                    vpu_r0_986 |        175 |        175 |       0 |    0 |   186 |      0 |      0 |    0 |          0 |
|       u                    |                 vpu_r0_0_1037 |        175 |        175 |       0 |    0 |   186 |      0 |      0 |    0 |          0 |
|     u_vpu_r0_15            |                    vpu_r0_987 |        170 |        170 |       0 |    0 |   186 |      0 |      0 |    0 |          0 |
|       u                    |                 vpu_r0_0_1032 |        170 |        170 |       0 |    0 |   186 |      0 |      0 |    0 |          0 |
|     u_vpu_r0_2             |                    vpu_r0_988 |        165 |        165 |       0 |    0 |   186 |      0 |      0 |    0 |          0 |
|       u                    |                 vpu_r0_0_1027 |        165 |        165 |       0 |    0 |   186 |      0 |      0 |    0 |          0 |
|     u_vpu_r0_3             |                    vpu_r0_989 |        166 |        166 |       0 |    0 |   186 |      0 |      0 |    0 |          0 |
|       u                    |                 vpu_r0_0_1022 |        166 |        166 |       0 |    0 |   186 |      0 |      0 |    0 |          0 |
|     u_vpu_r0_4             |                    vpu_r0_990 |        165 |        165 |       0 |    0 |   186 |      0 |      0 |    0 |          0 |
|       u                    |                 vpu_r0_0_1017 |        165 |        165 |       0 |    0 |   186 |      0 |      0 |    0 |          0 |
|     u_vpu_r0_5             |                    vpu_r0_991 |        166 |        166 |       0 |    0 |   186 |      0 |      0 |    0 |          0 |
|       u                    |                 vpu_r0_0_1012 |        166 |        166 |       0 |    0 |   186 |      0 |      0 |    0 |          0 |
|     u_vpu_r0_6             |                    vpu_r0_992 |        179 |        179 |       0 |    0 |   186 |      0 |      0 |    0 |          0 |
|       u                    |                 vpu_r0_0_1007 |        179 |        179 |       0 |    0 |   186 |      0 |      0 |    0 |          0 |
|     u_vpu_r0_7             |                    vpu_r0_993 |        174 |        174 |       0 |    0 |   186 |      0 |      0 |    0 |          0 |
|       u                    |                 vpu_r0_0_1002 |        174 |        174 |       0 |    0 |   186 |      0 |      0 |    0 |          0 |
|     u_vpu_r0_8             |                    vpu_r0_994 |        174 |        174 |       0 |    0 |   186 |      0 |      0 |    0 |          0 |
|       u                    |                  vpu_r0_0_997 |        174 |        174 |       0 |    0 |   186 |      0 |      0 |    0 |          0 |
|     u_vpu_r0_9             |                    vpu_r0_995 |        170 |        170 |       0 |    0 |   186 |      0 |      0 |    0 |          0 |
|       u                    |                      vpu_r0_0 |        170 |        170 |       0 |    0 |   186 |      0 |      0 |    0 |          0 |
+----------------------------+-------------------------------+------------+------------+---------+------+-------+--------+--------+------+------------+
* Note: The sum of lower-level cells may be larger than their parent cells total, due to cross-hierarchy LUT combining


