

================================================================
== Synthesis Summary Report of 'gemm_tile'
================================================================
+ General Information: 
    * Date:           Mon Sep  7 20:39:58 2026
    * Version:        2023.2 (Build 4023990 on Oct 11 2023)
    * Project:        prj
    * Solution:       sol (Vivado IP Flow Target)
    * Product family: virtexuplusHBM
    * Target device:  xcu280-fsvh2892-2L-e
    

+ Performance & Resource Estimates: 
    
    PS: '+' for module; 'o' for loop; '*' for dataflow
    +-------------------------------------------+--------+-------+---------+--------+----------+---------+------+----------+------+----------+-------------+------------+-----+
    |                  Modules                  |  Issue |       | Latency | Latency| Iteration|         | Trip |          |      |          |             |            |     |
    |                  & Loops                  |  Type  | Slack | (cycles)|  (ns)  |  Latency | Interval| Count| Pipelined| BRAM |    DSP   |      FF     |     LUT    | URAM|
    +-------------------------------------------+--------+-------+---------+--------+----------+---------+------+----------+------+----------+-------------+------------+-----+
    |+ gemm_tile*                               |  Timing|  -0.00|        -|       -|         -|        -|     -|  dataflow|     -|  64 (~0%)|  15665 (~0%)|  30767 (2%)|    -|
    | + delay8_1                                |  Timing|  -0.00|        -|       -|         -|        -|     -|        no|     -|         -|      3 (~0%)|    45 (~0%)|    -|
    |  o VITIS_LOOP_58_1                        |       -|   2.43|        -|       -|         1|        1|     -|       yes|     -|         -|            -|           -|    -|
    | + delay8_2                                |  Timing|  -0.00|        -|       -|         -|        -|     -|        no|     -|         -|      3 (~0%)|    45 (~0%)|    -|
    |  o VITIS_LOOP_58_1                        |       -|   2.43|        -|       -|         1|        1|     -|       yes|     -|         -|            -|           -|    -|
    | + delay8_4                                |  Timing|  -0.00|        -|       -|         -|        -|     -|        no|     -|         -|      3 (~0%)|    45 (~0%)|    -|
    |  o VITIS_LOOP_58_1                        |       -|   2.43|        -|       -|         1|        1|     -|       yes|     -|         -|            -|           -|    -|
    | + delay8_7                                |  Timing|  -0.00|        -|       -|         -|        -|     -|        no|     -|         -|      3 (~0%)|    45 (~0%)|    -|
    |  o VITIS_LOOP_58_1                        |       -|   2.43|        -|       -|         1|        1|     -|       yes|     -|         -|            -|           -|    -|
    | + delay8_11                               |  Timing|  -0.00|        -|       -|         -|        -|     -|        no|     -|         -|      3 (~0%)|    45 (~0%)|    -|
    |  o VITIS_LOOP_58_1                        |       -|   2.43|        -|       -|         1|        1|     -|       yes|     -|         -|            -|           -|    -|
    | + delay8_16                               |  Timing|  -0.00|        -|       -|         -|        -|     -|        no|     -|         -|      3 (~0%)|    45 (~0%)|    -|
    |  o VITIS_LOOP_58_1                        |       -|   2.43|        -|       -|         1|        1|     -|       yes|     -|         -|            -|           -|    -|
    | + delay8_22                               |  Timing|  -0.00|        -|       -|         -|        -|     -|        no|     -|         -|      3 (~0%)|    45 (~0%)|    -|
    |  o VITIS_LOOP_58_1                        |       -|   2.43|        -|       -|         1|        1|     -|       yes|     -|         -|            -|           -|    -|
    | + delay8_29                               |  Timing|  -0.00|        -|       -|         -|        -|     -|        no|     -|         -|      3 (~0%)|    45 (~0%)|    -|
    |  o VITIS_LOOP_58_1                        |       -|   2.43|        -|       -|         1|        1|     -|       yes|     -|         -|            -|           -|    -|
    | + delay8_37                               |  Timing|  -0.00|        -|       -|         -|        -|     -|        no|     -|         -|      2 (~0%)|    36 (~0%)|    -|
    |  o VITIS_LOOP_58_1                        |       -|   2.43|        -|       -|         1|        1|     -|       yes|     -|         -|            -|           -|    -|
    | + delay8_38                               |  Timing|  -0.00|        -|       -|         -|        -|     -|        no|     -|         -|      3 (~0%)|    45 (~0%)|    -|
    |  o VITIS_LOOP_58_1                        |       -|   2.43|        -|       -|         1|        1|     -|       yes|     -|         -|            -|           -|    -|
    | + delay8_40                               |  Timing|  -0.00|        -|       -|         -|        -|     -|        no|     -|         -|      3 (~0%)|    45 (~0%)|    -|
    |  o VITIS_LOOP_58_1                        |       -|   2.43|        -|       -|         1|        1|     -|       yes|     -|         -|            -|           -|    -|
    | + delay8_43                               |  Timing|  -0.00|        -|       -|         -|        -|     -|        no|     -|         -|      3 (~0%)|    45 (~0%)|    -|
    |  o VITIS_LOOP_58_1                        |       -|   2.43|        -|       -|         1|        1|     -|       yes|     -|         -|            -|           -|    -|
    | + delay8_47                               |  Timing|  -0.00|        -|       -|         -|        -|     -|        no|     -|         -|      3 (~0%)|    45 (~0%)|    -|
    |  o VITIS_LOOP_58_1                        |       -|   2.43|        -|       -|         1|        1|     -|       yes|     -|         -|            -|           -|    -|
    | + delay8_52                               |  Timing|  -0.00|        -|       -|         -|        -|     -|        no|     -|         -|      3 (~0%)|    45 (~0%)|    -|
    |  o VITIS_LOOP_58_1                        |       -|   2.43|        -|       -|         1|        1|     -|       yes|     -|         -|            -|           -|    -|
    | + delay8_58                               |  Timing|  -0.00|        -|       -|         -|        -|     -|        no|     -|         -|      3 (~0%)|    45 (~0%)|    -|
    |  o VITIS_LOOP_58_1                        |       -|   2.43|        -|       -|         1|        1|     -|       yes|     -|         -|            -|           -|    -|
    | + delay8_65                               |  Timing|  -0.00|        -|       -|         -|        -|     -|        no|     -|         -|      3 (~0%)|    45 (~0%)|    -|
    |  o VITIS_LOOP_58_1                        |       -|   2.43|        -|       -|         1|        1|     -|       yes|     -|         -|            -|           -|    -|
    | + dummy8_72                               |       -|   1.22|        -|       -|         -|        -|     -|        no|     -|         -|      2 (~0%)|    25 (~0%)|    -|
    |  o VITIS_LOOP_76_1                        |       -|   2.43|        -|       -|         1|        1|     -|       yes|     -|         -|            -|           -|    -|
    | + dummy8_73                               |       -|   1.22|        -|       -|         -|        -|     -|        no|     -|         -|      2 (~0%)|    25 (~0%)|    -|
    |  o VITIS_LOOP_76_1                        |       -|   2.43|        -|       -|         1|        1|     -|       yes|     -|         -|            -|           -|    -|
    | + dummy8_74                               |       -|   1.22|        -|       -|         -|        -|     -|        no|     -|         -|      2 (~0%)|    25 (~0%)|    -|
    |  o VITIS_LOOP_76_1                        |       -|   2.43|        -|       -|         1|        1|     -|       yes|     -|         -|            -|           -|    -|
    | + dummy8_75                               |       -|   1.22|        -|       -|         -|        -|     -|        no|     -|         -|      2 (~0%)|    25 (~0%)|    -|
    |  o VITIS_LOOP_76_1                        |       -|   2.43|        -|       -|         1|        1|     -|       yes|     -|         -|            -|           -|    -|
    | + dummy8_76                               |       -|   1.22|        -|       -|         -|        -|     -|        no|     -|         -|      2 (~0%)|    25 (~0%)|    -|
    |  o VITIS_LOOP_76_1                        |       -|   2.43|        -|       -|         1|        1|     -|       yes|     -|         -|            -|           -|    -|
    | + dummy8_77                               |       -|   1.22|        -|       -|         -|        -|     -|        no|     -|         -|      2 (~0%)|    25 (~0%)|    -|
    |  o VITIS_LOOP_76_1                        |       -|   2.43|        -|       -|         1|        1|     -|       yes|     -|         -|            -|           -|    -|
    | + dummy8_78                               |       -|   1.22|        -|       -|         -|        -|     -|        no|     -|         -|      2 (~0%)|    25 (~0%)|    -|
    |  o VITIS_LOOP_76_1                        |       -|   2.43|        -|       -|         1|        1|     -|       yes|     -|         -|            -|           -|    -|
    | + dummy8_79                               |       -|   1.22|        -|       -|         -|        -|     -|        no|     -|         -|      2 (~0%)|    25 (~0%)|    -|
    |  o VITIS_LOOP_76_1                        |       -|   2.43|        -|       -|         1|        1|     -|       yes|     -|         -|            -|           -|    -|
    | + dummy8_80                               |       -|   1.22|        -|       -|         -|        -|     -|        no|     -|         -|      2 (~0%)|    25 (~0%)|    -|
    |  o VITIS_LOOP_76_1                        |       -|   2.43|        -|       -|         1|        1|     -|       yes|     -|         -|            -|           -|    -|
    | + dummy8_81                               |       -|   1.22|        -|       -|         -|        -|     -|        no|     -|         -|      2 (~0%)|    25 (~0%)|    -|
    |  o VITIS_LOOP_76_1                        |       -|   2.43|        -|       -|         1|        1|     -|       yes|     -|         -|            -|           -|    -|
    | + dummy8_82                               |       -|   1.22|        -|       -|         -|        -|     -|        no|     -|         -|      2 (~0%)|    25 (~0%)|    -|
    |  o VITIS_LOOP_76_1                        |       -|   2.43|        -|       -|         1|        1|     -|       yes|     -|         -|            -|           -|    -|
    | + dummy8_83                               |       -|   1.22|        -|       -|         -|        -|     -|        no|     -|         -|      2 (~0%)|    25 (~0%)|    -|
    |  o VITIS_LOOP_76_1                        |       -|   2.43|        -|       -|         1|        1|     -|       yes|     -|         -|            -|           -|    -|
    | + dummy8_84                               |       -|   1.22|        -|       -|         -|        -|     -|        no|     -|         -|      2 (~0%)|    25 (~0%)|    -|
    |  o VITIS_LOOP_76_1                        |       -|   2.43|        -|       -|         1|        1|     -|       yes|     -|         -|            -|           -|    -|
    | + dummy8_85                               |       -|   1.22|        -|       -|         -|        -|     -|        no|     -|         -|      2 (~0%)|    25 (~0%)|    -|
    |  o VITIS_LOOP_76_1                        |       -|   2.43|        -|       -|         1|        1|     -|       yes|     -|         -|            -|           -|    -|
    | + dummy8_86                               |       -|   1.22|        -|       -|         -|        -|     -|        no|     -|         -|      2 (~0%)|    25 (~0%)|    -|
    |  o VITIS_LOOP_76_1                        |       -|   2.43|        -|       -|         1|        1|     -|       yes|     -|         -|            -|           -|    -|
    | + dummy8                                  |       -|   1.22|        -|       -|         -|        -|     -|        no|     -|         -|      2 (~0%)|    25 (~0%)|    -|
    |  o VITIS_LOOP_76_1                        |       -|   2.43|        -|       -|         1|        1|     -|       yes|     -|         -|            -|           -|    -|
    | + delay8_3                                |  Timing|  -0.00|        -|       -|         -|        -|     -|        no|     -|         -|      3 (~0%)|    45 (~0%)|    -|
    |  o VITIS_LOOP_58_1                        |       -|   2.43|        -|       -|         1|        1|     -|       yes|     -|         -|            -|           -|    -|
    | + delay8_5                                |  Timing|  -0.00|        -|       -|         -|        -|     -|        no|     -|         -|      3 (~0%)|    45 (~0%)|    -|
    |  o VITIS_LOOP_58_1                        |       -|   2.43|        -|       -|         1|        1|     -|       yes|     -|         -|            -|           -|    -|
    | + delay8_8                                |  Timing|  -0.00|        -|       -|         -|        -|     -|        no|     -|         -|      3 (~0%)|    45 (~0%)|    -|
    |  o VITIS_LOOP_58_1                        |       -|   2.43|        -|       -|         1|        1|     -|       yes|     -|         -|            -|           -|    -|
    | + delay8_12                               |  Timing|  -0.00|        -|       -|         -|        -|     -|        no|     -|         -|      3 (~0%)|    45 (~0%)|    -|
    |  o VITIS_LOOP_58_1                        |       -|   2.43|        -|       -|         1|        1|     -|       yes|     -|         -|            -|           -|    -|
    | + delay8_17                               |  Timing|  -0.00|        -|       -|         -|        -|     -|        no|     -|         -|      3 (~0%)|    45 (~0%)|    -|
    |  o VITIS_LOOP_58_1                        |       -|   2.43|        -|       -|         1|        1|     -|       yes|     -|         -|            -|           -|    -|
    | + delay8_23                               |  Timing|  -0.00|        -|       -|         -|        -|     -|        no|     -|         -|      3 (~0%)|    45 (~0%)|    -|
    |  o VITIS_LOOP_58_1                        |       -|   2.43|        -|       -|         1|        1|     -|       yes|     -|         -|            -|           -|    -|
    | + delay8_30                               |  Timing|  -0.00|        -|       -|         -|        -|     -|        no|     -|         -|      3 (~0%)|    45 (~0%)|    -|
    |  o VITIS_LOOP_58_1                        |       -|   2.43|        -|       -|         1|        1|     -|       yes|     -|         -|            -|           -|    -|
    | + delay8_39                               |  Timing|  -0.00|        -|       -|         -|        -|     -|        no|     -|         -|      3 (~0%)|    45 (~0%)|    -|
    |  o VITIS_LOOP_58_1                        |       -|   2.43|        -|       -|         1|        1|     -|       yes|     -|         -|            -|           -|    -|
    | + delay8_41                               |  Timing|  -0.00|        -|       -|         -|        -|     -|        no|     -|         -|      3 (~0%)|    45 (~0%)|    -|
    |  o VITIS_LOOP_58_1                        |       -|   2.43|        -|       -|         1|        1|     -|       yes|     -|         -|            -|           -|    -|
    | + delay8_44                               |  Timing|  -0.00|        -|       -|         -|        -|     -|        no|     -|         -|      3 (~0%)|    45 (~0%)|    -|
    |  o VITIS_LOOP_58_1                        |       -|   2.43|        -|       -|         1|        1|     -|       yes|     -|         -|            -|           -|    -|
    | + delay8_48                               |  Timing|  -0.00|        -|       -|         -|        -|     -|        no|     -|         -|      3 (~0%)|    45 (~0%)|    -|
    |  o VITIS_LOOP_58_1                        |       -|   2.43|        -|       -|         1|        1|     -|       yes|     -|         -|            -|           -|    -|
    | + delay8_53                               |  Timing|  -0.00|        -|       -|         -|        -|     -|        no|     -|         -|      3 (~0%)|    45 (~0%)|    -|
    |  o VITIS_LOOP_58_1                        |       -|   2.43|        -|       -|         1|        1|     -|       yes|     -|         -|            -|           -|    -|
    | + delay8_59                               |  Timing|  -0.00|        -|       -|         -|        -|     -|        no|     -|         -|      3 (~0%)|    45 (~0%)|    -|
    |  o VITIS_LOOP_58_1                        |       -|   2.43|        -|       -|         1|        1|     -|       yes|     -|         -|            -|           -|    -|
    | + delay8_66                               |  Timing|  -0.00|        -|       -|         -|        -|     -|        no|     -|         -|      3 (~0%)|    45 (~0%)|    -|
    |  o VITIS_LOOP_58_1                        |       -|   2.43|        -|       -|         1|        1|     -|       yes|     -|         -|            -|           -|    -|
    | + pe_left_87                              |  Timing|  -0.00|        -|       -|         -|        -|     -|        no|     -|   1 (~0%)|    102 (~0%)|   225 (~0%)|    -|
    |  o VITIS_LOOP_12_1                        |       -|   2.43|        -|       -|        16|        -|     -|        no|     -|         -|            -|           -|    -|
    |   + pe_left_87_Pipeline_VITIS_LOOP_14_2   |  Timing|  -0.00|       13|  43.290|         -|       13|     -|        no|     -|   1 (~0%)|     97 (~0%)|   152 (~0%)|    -|
    |    o VITIS_LOOP_14_2                      |       -|   2.43|       11|  36.630|         5|        1|     8|       yes|     -|         -|            -|           -|    -|
    | + delay8_6                                |  Timing|  -0.00|        -|       -|         -|        -|     -|        no|     -|         -|      3 (~0%)|    45 (~0%)|    -|
    |  o VITIS_LOOP_58_1                        |       -|   2.43|        -|       -|         1|        1|     -|       yes|     -|         -|            -|           -|    -|
    | + delay8_9                                |  Timing|  -0.00|        -|       -|         -|        -|     -|        no|     -|         -|      3 (~0%)|    45 (~0%)|    -|
    |  o VITIS_LOOP_58_1                        |       -|   2.43|        -|       -|         1|        1|     -|       yes|     -|         -|            -|           -|    -|
    | + delay8_13                               |  Timing|  -0.00|        -|       -|         -|        -|     -|        no|     -|         -|      3 (~0%)|    45 (~0%)|    -|
    |  o VITIS_LOOP_58_1                        |       -|   2.43|        -|       -|         1|        1|     -|       yes|     -|         -|            -|           -|    -|
    | + delay8_18                               |  Timing|  -0.00|        -|       -|         -|        -|     -|        no|     -|         -|      3 (~0%)|    45 (~0%)|    -|
    |  o VITIS_LOOP_58_1                        |       -|   2.43|        -|       -|         1|        1|     -|       yes|     -|         -|            -|           -|    -|
    | + delay8_24                               |  Timing|  -0.00|        -|       -|         -|        -|     -|        no|     -|         -|      3 (~0%)|    45 (~0%)|    -|
    |  o VITIS_LOOP_58_1                        |       -|   2.43|        -|       -|         1|        1|     -|       yes|     -|         -|            -|           -|    -|
    | + delay8_31                               |  Timing|  -0.00|        -|       -|         -|        -|     -|        no|     -|         -|      3 (~0%)|    45 (~0%)|    -|
    |  o VITIS_LOOP_58_1                        |       -|   2.43|        -|       -|         1|        1|     -|       yes|     -|         -|            -|           -|    -|
    | + delay8_42                               |  Timing|  -0.00|        -|       -|         -|        -|     -|        no|     -|         -|      3 (~0%)|    45 (~0%)|    -|
    |  o VITIS_LOOP_58_1                        |       -|   2.43|        -|       -|         1|        1|     -|       yes|     -|         -|            -|           -|    -|
    | + delay8_45                               |  Timing|  -0.00|        -|       -|         -|        -|     -|        no|     -|         -|      3 (~0%)|    45 (~0%)|    -|
    |  o VITIS_LOOP_58_1                        |       -|   2.43|        -|       -|         1|        1|     -|       yes|     -|         -|            -|           -|    -|
    | + delay8_49                               |  Timing|  -0.00|        -|       -|         -|        -|     -|        no|     -|         -|      3 (~0%)|    45 (~0%)|    -|
    |  o VITIS_LOOP_58_1                        |       -|   2.43|        -|       -|         1|        1|     -|       yes|     -|         -|            -|           -|    -|
    | + delay8_54                               |  Timing|  -0.00|        -|       -|         -|        -|     -|        no|     -|         -|      3 (~0%)|    45 (~0%)|    -|
    |  o VITIS_LOOP_58_1                        |       -|   2.43|        -|       -|         1|        1|     -|       yes|     -|         -|            -|           -|    -|
    | + delay8_60                               |  Timing|  -0.00|        -|       -|         -|        -|     -|        no|     -|         -|      3 (~0%)|    45 (~0%)|    -|
    |  o VITIS_LOOP_58_1                        |       -|   2.43|        -|       -|         1|        1|     -|       yes|     -|         -|            -|           -|    -|
    | + delay8_67                               |  Timing|  -0.00|        -|       -|         -|        -|     -|        no|     -|         -|      3 (~0%)|    45 (~0%)|    -|
    |  o VITIS_LOOP_58_1                        |       -|   2.43|        -|       -|         1|        1|     -|       yes|     -|         -|            -|           -|    -|
    | + pe_rest_88                              |  Timing|  -0.00|        -|       -|         -|        -|     -|        no|     -|   1 (~0%)|    104 (~0%)|   264 (~0%)|    -|
    |  o VITIS_LOOP_36_1                        |       -|   2.43|        -|       -|        17|        -|     -|        no|     -|         -|            -|           -|    -|
    |   + pe_rest_88_Pipeline_VITIS_LOOP_38_2   |  Timing|  -0.00|       13|  43.290|         -|       13|     -|        no|     -|   1 (~0%)|     97 (~0%)|   152 (~0%)|    -|
    |    o VITIS_LOOP_38_2                      |       -|   2.43|       11|  36.630|         5|        1|     8|       yes|     -|         -|            -|           -|    -|
    | + pe_left_95                              |  Timing|  -0.00|        -|       -|         -|        -|     -|        no|     -|   1 (~0%)|    102 (~0%)|   225 (~0%)|    -|
    |  o VITIS_LOOP_12_1                        |       -|   2.43|        -|       -|        16|        -|     -|        no|     -|         -|            -|           -|    -|
    |   + pe_left_95_Pipeline_VITIS_LOOP_14_2   |  Timing|  -0.00|       13|  43.290|         -|       13|     -|        no|     -|   1 (~0%)|     97 (~0%)|   152 (~0%)|    -|
    |    o VITIS_LOOP_14_2                      |       -|   2.43|       11|  36.630|         5|        1|     8|       yes|     -|         -|            -|           -|    -|
    | + delay8_10                               |  Timing|  -0.00|        -|       -|         -|        -|     -|        no|     -|         -|      3 (~0%)|    45 (~0%)|    -|
    |  o VITIS_LOOP_58_1                        |       -|   2.43|        -|       -|         1|        1|     -|       yes|     -|         -|            -|           -|    -|
    | + delay8_14                               |  Timing|  -0.00|        -|       -|         -|        -|     -|        no|     -|         -|      3 (~0%)|    45 (~0%)|    -|
    |  o VITIS_LOOP_58_1                        |       -|   2.43|        -|       -|         1|        1|     -|       yes|     -|         -|            -|           -|    -|
    | + delay8_19                               |  Timing|  -0.00|        -|       -|         -|        -|     -|        no|     -|         -|      3 (~0%)|    45 (~0%)|    -|
    |  o VITIS_LOOP_58_1                        |       -|   2.43|        -|       -|         1|        1|     -|       yes|     -|         -|            -|           -|    -|
    | + delay8_25                               |  Timing|  -0.00|        -|       -|         -|        -|     -|        no|     -|         -|      3 (~0%)|    45 (~0%)|    -|
    |  o VITIS_LOOP_58_1                        |       -|   2.43|        -|       -|         1|        1|     -|       yes|     -|         -|            -|           -|    -|
    | + delay8_32                               |  Timing|  -0.00|        -|       -|         -|        -|     -|        no|     -|         -|      3 (~0%)|    45 (~0%)|    -|
    |  o VITIS_LOOP_58_1                        |       -|   2.43|        -|       -|         1|        1|     -|       yes|     -|         -|            -|           -|    -|
    | + delay8_46                               |  Timing|  -0.00|        -|       -|         -|        -|     -|        no|     -|         -|      3 (~0%)|    45 (~0%)|    -|
    |  o VITIS_LOOP_58_1                        |       -|   2.43|        -|       -|         1|        1|     -|       yes|     -|         -|            -|           -|    -|
    | + delay8_50                               |  Timing|  -0.00|        -|       -|         -|        -|     -|        no|     -|         -|      3 (~0%)|    45 (~0%)|    -|
    |  o VITIS_LOOP_58_1                        |       -|   2.43|        -|       -|         1|        1|     -|       yes|     -|         -|            -|           -|    -|
    | + delay8_55                               |  Timing|  -0.00|        -|       -|         -|        -|     -|        no|     -|         -|      3 (~0%)|    45 (~0%)|    -|
    |  o VITIS_LOOP_58_1                        |       -|   2.43|        -|       -|         1|        1|     -|       yes|     -|         -|            -|           -|    -|
    | + delay8_61                               |  Timing|  -0.00|        -|       -|         -|        -|     -|        no|     -|         -|      3 (~0%)|    45 (~0%)|    -|
    |  o VITIS_LOOP_58_1                        |       -|   2.43|        -|       -|         1|        1|     -|       yes|     -|         -|            -|           -|    -|
    | + delay8_68                               |  Timing|  -0.00|        -|       -|         -|        -|     -|        no|     -|         -|      3 (~0%)|    45 (~0%)|    -|
    |  o VITIS_LOOP_58_1                        |       -|   2.43|        -|       -|         1|        1|     -|       yes|     -|         -|            -|           -|    -|
    | + pe_rest_89                              |  Timing|  -0.00|        -|       -|         -|        -|     -|        no|     -|   1 (~0%)|    112 (~0%)|   362 (~0%)|    -|
    |  o VITIS_LOOP_36_1                        |       -|   2.43|        -|       -|        23|        -|     -|        no|     -|         -|            -|           -|    -|
    |   + pe_rest_89_Pipeline_VITIS_LOOP_38_2   |  Timing|  -0.00|       13|  43.290|         -|       13|     -|        no|     -|   1 (~0%)|     97 (~0%)|   152 (~0%)|    -|
    |    o VITIS_LOOP_38_2                      |       -|   2.43|       11|  36.630|         5|        1|     8|       yes|     -|         -|            -|           -|    -|
    |   + pe_rest_89_Pipeline_VITIS_LOOP_47_3   |  Timing|  -0.00|        4|  13.320|         -|        4|     -|        no|     -|         -|      5 (~0%)|    79 (~0%)|    -|
    |    o VITIS_LOOP_47_3                      |       -|   2.43|        2|   6.660|         2|        1|     2|       yes|     -|         -|            -|           -|    -|
    | + pe_rest_96                              |  Timing|  -0.00|        -|       -|         -|        -|     -|        no|     -|   1 (~0%)|    104 (~0%)|   264 (~0%)|    -|
    |  o VITIS_LOOP_36_1                        |       -|   2.43|        -|       -|        17|        -|     -|        no|     -|         -|            -|           -|    -|
    |   + pe_rest_96_Pipeline_VITIS_LOOP_38_2   |  Timing|  -0.00|       13|  43.290|         -|       13|     -|        no|     -|   1 (~0%)|     97 (~0%)|   152 (~0%)|    -|
    |    o VITIS_LOOP_38_2                      |       -|   2.43|       11|  36.630|         5|        1|     8|       yes|     -|         -|            -|           -|    -|
    | + pe_left_103                             |  Timing|  -0.00|        -|       -|         -|        -|     -|        no|     -|   1 (~0%)|    102 (~0%)|   225 (~0%)|    -|
    |  o VITIS_LOOP_12_1                        |       -|   2.43|        -|       -|        16|        -|     -|        no|     -|         -|            -|           -|    -|
    |   + pe_left_103_Pipeline_VITIS_LOOP_14_2  |  Timing|  -0.00|       13|  43.290|         -|       13|     -|        no|     -|   1 (~0%)|     97 (~0%)|   152 (~0%)|    -|
    |    o VITIS_LOOP_14_2                      |       -|   2.43|       11|  36.630|         5|        1|     8|       yes|     -|         -|            -|           -|    -|
    | + delay8_15                               |  Timing|  -0.00|        -|       -|         -|        -|     -|        no|     -|         -|      3 (~0%)|    45 (~0%)|    -|
    |  o VITIS_LOOP_58_1                        |       -|   2.43|        -|       -|         1|        1|     -|       yes|     -|         -|            -|           -|    -|
    | + delay8_20                               |  Timing|  -0.00|        -|       -|         -|        -|     -|        no|     -|         -|      3 (~0%)|    45 (~0%)|    -|
    |  o VITIS_LOOP_58_1                        |       -|   2.43|        -|       -|         1|        1|     -|       yes|     -|         -|            -|           -|    -|
    | + delay8_26                               |  Timing|  -0.00|        -|       -|         -|        -|     -|        no|     -|         -|      3 (~0%)|    45 (~0%)|    -|
    |  o VITIS_LOOP_58_1                        |       -|   2.43|        -|       -|         1|        1|     -|       yes|     -|         -|            -|           -|    -|
    | + delay8_33                               |  Timing|  -0.00|        -|       -|         -|        -|     -|        no|     -|         -|      3 (~0%)|    45 (~0%)|    -|
    |  o VITIS_LOOP_58_1                        |       -|   2.43|        -|       -|         1|        1|     -|       yes|     -|         -|            -|           -|    -|
    | + delay8_51                               |  Timing|  -0.00|        -|       -|         -|        -|     -|        no|     -|         -|      3 (~0%)|    45 (~0%)|    -|
    |  o VITIS_LOOP_58_1                        |       -|   2.43|        -|       -|         1|        1|     -|       yes|     -|         -|            -|           -|    -|
    | + delay8_56                               |  Timing|  -0.00|        -|       -|         -|        -|     -|        no|     -|         -|      3 (~0%)|    45 (~0%)|    -|
    |  o VITIS_LOOP_58_1                        |       -|   2.43|        -|       -|         1|        1|     -|       yes|     -|         -|            -|           -|    -|
    | + delay8_62                               |  Timing|  -0.00|        -|       -|         -|        -|     -|        no|     -|         -|      3 (~0%)|    45 (~0%)|    -|
    |  o VITIS_LOOP_58_1                        |       -|   2.43|        -|       -|         1|        1|     -|       yes|     -|         -|            -|           -|    -|
    | + delay8_69                               |  Timing|  -0.00|        -|       -|         -|        -|     -|        no|     -|         -|      3 (~0%)|    45 (~0%)|    -|
    |  o VITIS_LOOP_58_1                        |       -|   2.43|        -|       -|         1|        1|     -|       yes|     -|         -|            -|           -|    -|
    | + pe_rest_90                              |  Timing|  -0.00|        -|       -|         -|        -|     -|        no|     -|   1 (~0%)|    112 (~0%)|   361 (~0%)|    -|
    |  o VITIS_LOOP_36_1                        |       -|   2.43|        -|       -|        24|        -|     -|        no|     -|         -|            -|           -|    -|
    |   + pe_rest_90_Pipeline_VITIS_LOOP_38_2   |  Timing|  -0.00|       13|  43.290|         -|       13|     -|        no|     -|   1 (~0%)|     97 (~0%)|   152 (~0%)|    -|
    |    o VITIS_LOOP_38_2                      |       -|   2.43|       11|  36.630|         5|        1|     8|       yes|     -|         -|            -|           -|    -|
    |   + pe_rest_90_Pipeline_VITIS_LOOP_47_3   |  Timing|  -0.00|        5|  16.650|         -|        5|     -|        no|     -|         -|      5 (~0%)|    78 (~0%)|    -|
    |    o VITIS_LOOP_47_3                      |       -|   2.43|        3|   9.990|         2|        1|     3|       yes|     -|         -|            -|           -|    -|
    | + pe_rest_97                              |  Timing|  -0.00|        -|       -|         -|        -|     -|        no|     -|   1 (~0%)|    112 (~0%)|   362 (~0%)|    -|
    |  o VITIS_LOOP_36_1                        |       -|   2.43|        -|       -|        23|        -|     -|        no|     -|         -|            -|           -|    -|
    |   + pe_rest_97_Pipeline_VITIS_LOOP_38_2   |  Timing|  -0.00|       13|  43.290|         -|       13|     -|        no|     -|   1 (~0%)|     97 (~0%)|   152 (~0%)|    -|
    |    o VITIS_LOOP_38_2                      |       -|   2.43|       11|  36.630|         5|        1|     8|       yes|     -|         -|            -|           -|    -|
    |   + pe_rest_97_Pipeline_VITIS_LOOP_47_3   |  Timing|  -0.00|        4|  13.320|         -|        4|     -|        no|     -|         -|      5 (~0%)|    79 (~0%)|    -|
    |    o VITIS_LOOP_47_3                      |       -|   2.43|        2|   6.660|         2|        1|     2|       yes|     -|         -|            -|           -|    -|
    | + pe_rest_104                             |  Timing|  -0.00|        -|       -|         -|        -|     -|        no|     -|   1 (~0%)|    104 (~0%)|   264 (~0%)|    -|
    |  o VITIS_LOOP_36_1                        |       -|   2.43|        -|       -|        17|        -|     -|        no|     -|         -|            -|           -|    -|
    |   + pe_rest_104_Pipeline_VITIS_LOOP_38_2  |  Timing|  -0.00|       13|  43.290|         -|       13|     -|        no|     -|   1 (~0%)|     97 (~0%)|   152 (~0%)|    -|
    |    o VITIS_LOOP_38_2                      |       -|   2.43|       11|  36.630|         5|        1|     8|       yes|     -|         -|            -|           -|    -|
    | + pe_left_111                             |  Timing|  -0.00|        -|       -|         -|        -|     -|        no|     -|   1 (~0%)|    102 (~0%)|   225 (~0%)|    -|
    |  o VITIS_LOOP_12_1                        |       -|   2.43|        -|       -|        16|        -|     -|        no|     -|         -|            -|           -|    -|
    |   + pe_left_111_Pipeline_VITIS_LOOP_14_2  |  Timing|  -0.00|       13|  43.290|         -|       13|     -|        no|     -|   1 (~0%)|     97 (~0%)|   152 (~0%)|    -|
    |    o VITIS_LOOP_14_2                      |       -|   2.43|       11|  36.630|         5|        1|     8|       yes|     -|         -|            -|           -|    -|
    | + delay8_21                               |  Timing|  -0.00|        -|       -|         -|        -|     -|        no|     -|         -|      3 (~0%)|    45 (~0%)|    -|
    |  o VITIS_LOOP_58_1                        |       -|   2.43|        -|       -|         1|        1|     -|       yes|     -|         -|            -|           -|    -|
    | + delay8_27                               |  Timing|  -0.00|        -|       -|         -|        -|     -|        no|     -|         -|      3 (~0%)|    45 (~0%)|    -|
    |  o VITIS_LOOP_58_1                        |       -|   2.43|        -|       -|         1|        1|     -|       yes|     -|         -|            -|           -|    -|
    | + delay8_34                               |  Timing|  -0.00|        -|       -|         -|        -|     -|        no|     -|         -|      3 (~0%)|    45 (~0%)|    -|
    |  o VITIS_LOOP_58_1                        |       -|   2.43|        -|       -|         1|        1|     -|       yes|     -|         -|            -|           -|    -|
    | + delay8_57                               |  Timing|  -0.00|        -|       -|         -|        -|     -|        no|     -|         -|      3 (~0%)|    45 (~0%)|    -|
    |  o VITIS_LOOP_58_1                        |       -|   2.43|        -|       -|         1|        1|     -|       yes|     -|         -|            -|           -|    -|
    | + delay8_63                               |  Timing|  -0.00|        -|       -|         -|        -|     -|        no|     -|         -|      3 (~0%)|    45 (~0%)|    -|
    |  o VITIS_LOOP_58_1                        |       -|   2.43|        -|       -|         1|        1|     -|       yes|     -|         -|            -|           -|    -|
    | + delay8_70                               |  Timing|  -0.00|        -|       -|         -|        -|     -|        no|     -|         -|      3 (~0%)|    45 (~0%)|    -|
    |  o VITIS_LOOP_58_1                        |       -|   2.43|        -|       -|         1|        1|     -|       yes|     -|         -|            -|           -|    -|
    | + pe_rest_91                              |  Timing|  -0.00|        -|       -|         -|        -|     -|        no|     -|   1 (~0%)|    113 (~0%)|   365 (~0%)|    -|
    |  o VITIS_LOOP_36_1                        |       -|   2.43|        -|       -|        25|        -|     -|        no|     -|         -|            -|           -|    -|
    |   + pe_rest_91_Pipeline_VITIS_LOOP_38_2   |  Timing|  -0.00|       13|  43.290|         -|       13|     -|        no|     -|   1 (~0%)|     97 (~0%)|   152 (~0%)|    -|
    |    o VITIS_LOOP_38_2                      |       -|   2.43|       11|  36.630|         5|        1|     8|       yes|     -|         -|            -|           -|    -|
    |   + pe_rest_91_Pipeline_VITIS_LOOP_47_3   |  Timing|  -0.00|        6|  19.980|         -|        6|     -|        no|     -|         -|      6 (~0%)|    82 (~0%)|    -|
    |    o VITIS_LOOP_47_3                      |       -|   2.43|        4|  13.320|         2|        1|     4|       yes|     -|         -|            -|           -|    -|
    | + pe_rest_98                              |  Timing|  -0.00|        -|       -|         -|        -|     -|        no|     -|   1 (~0%)|    112 (~0%)|   361 (~0%)|    -|
    |  o VITIS_LOOP_36_1                        |       -|   2.43|        -|       -|        24|        -|     -|        no|     -|         -|            -|           -|    -|
    |   + pe_rest_98_Pipeline_VITIS_LOOP_38_2   |  Timing|  -0.00|       13|  43.290|         -|       13|     -|        no|     -|   1 (~0%)|     97 (~0%)|   152 (~0%)|    -|
    |    o VITIS_LOOP_38_2                      |       -|   2.43|       11|  36.630|         5|        1|     8|       yes|     -|         -|            -|           -|    -|
    |   + pe_rest_98_Pipeline_VITIS_LOOP_47_3   |  Timing|  -0.00|        5|  16.650|         -|        5|     -|        no|     -|         -|      5 (~0%)|    78 (~0%)|    -|
    |    o VITIS_LOOP_47_3                      |       -|   2.43|        3|   9.990|         2|        1|     3|       yes|     -|         -|            -|           -|    -|
    | + pe_rest_105                             |  Timing|  -0.00|        -|       -|         -|        -|     -|        no|     -|   1 (~0%)|    112 (~0%)|   362 (~0%)|    -|
    |  o VITIS_LOOP_36_1                        |       -|   2.43|        -|       -|        23|        -|     -|        no|     -|         -|            -|           -|    -|
    |   + pe_rest_105_Pipeline_VITIS_LOOP_38_2  |  Timing|  -0.00|       13|  43.290|         -|       13|     -|        no|     -|   1 (~0%)|     97 (~0%)|   152 (~0%)|    -|
    |    o VITIS_LOOP_38_2                      |       -|   2.43|       11|  36.630|         5|        1|     8|       yes|     -|         -|            -|           -|    -|
    |   + pe_rest_105_Pipeline_VITIS_LOOP_47_3  |  Timing|  -0.00|        4|  13.320|         -|        4|     -|        no|     -|         -|      5 (~0%)|    79 (~0%)|    -|
    |    o VITIS_LOOP_47_3                      |       -|   2.43|        2|   6.660|         2|        1|     2|       yes|     -|         -|            -|           -|    -|
    | + pe_rest_112                             |  Timing|  -0.00|        -|       -|         -|        -|     -|        no|     -|   1 (~0%)|    104 (~0%)|   264 (~0%)|    -|
    |  o VITIS_LOOP_36_1                        |       -|   2.43|        -|       -|        17|        -|     -|        no|     -|         -|            -|           -|    -|
    |   + pe_rest_112_Pipeline_VITIS_LOOP_38_2  |  Timing|  -0.00|       13|  43.290|         -|       13|     -|        no|     -|   1 (~0%)|     97 (~0%)|   152 (~0%)|    -|
    |    o VITIS_LOOP_38_2                      |       -|   2.43|       11|  36.630|         5|        1|     8|       yes|     -|         -|            -|           -|    -|
    | + pe_left_119                             |  Timing|  -0.00|        -|       -|         -|        -|     -|        no|     -|   1 (~0%)|    102 (~0%)|   225 (~0%)|    -|
    |  o VITIS_LOOP_12_1                        |       -|   2.43|        -|       -|        16|        -|     -|        no|     -|         -|            -|           -|    -|
    |   + pe_left_119_Pipeline_VITIS_LOOP_14_2  |  Timing|  -0.00|       13|  43.290|         -|       13|     -|        no|     -|   1 (~0%)|     97 (~0%)|   152 (~0%)|    -|
    |    o VITIS_LOOP_14_2                      |       -|   2.43|       11|  36.630|         5|        1|     8|       yes|     -|         -|            -|           -|    -|
    | + delay8_28                               |  Timing|  -0.00|        -|       -|         -|        -|     -|        no|     -|         -|      3 (~0%)|    45 (~0%)|    -|
    |  o VITIS_LOOP_58_1                        |       -|   2.43|        -|       -|         1|        1|     -|       yes|     -|         -|            -|           -|    -|
    | + delay8_35                               |  Timing|  -0.00|        -|       -|         -|        -|     -|        no|     -|         -|      3 (~0%)|    45 (~0%)|    -|
    |  o VITIS_LOOP_58_1                        |       -|   2.43|        -|       -|         1|        1|     -|       yes|     -|         -|            -|           -|    -|
    | + delay8_64                               |  Timing|  -0.00|        -|       -|         -|        -|     -|        no|     -|         -|      3 (~0%)|    45 (~0%)|    -|
    |  o VITIS_LOOP_58_1                        |       -|   2.43|        -|       -|         1|        1|     -|       yes|     -|         -|            -|           -|    -|
    | + delay8_71                               |  Timing|  -0.00|        -|       -|         -|        -|     -|        no|     -|         -|      3 (~0%)|    45 (~0%)|    -|
    |  o VITIS_LOOP_58_1                        |       -|   2.43|        -|       -|         1|        1|     -|       yes|     -|         -|            -|           -|    -|
    | + pe_rest_92                              |  Timing|  -0.00|        -|       -|         -|        -|     -|        no|     -|   1 (~0%)|    113 (~0%)|   363 (~0%)|    -|
    |  o VITIS_LOOP_36_1                        |       -|   2.43|        -|       -|        26|        -|     -|        no|     -|         -|            -|           -|    -|
    |   + pe_rest_92_Pipeline_VITIS_LOOP_38_2   |  Timing|  -0.00|       13|  43.290|         -|       13|     -|        no|     -|   1 (~0%)|     97 (~0%)|   152 (~0%)|    -|
    |    o VITIS_LOOP_38_2                      |       -|   2.43|       11|  36.630|         5|        1|     8|       yes|     -|         -|            -|           -|    -|
    |   + pe_rest_92_Pipeline_VITIS_LOOP_47_3   |  Timing|  -0.00|        7|  23.310|         -|        7|     -|        no|     -|         -|      6 (~0%)|    80 (~0%)|    -|
    |    o VITIS_LOOP_47_3                      |       -|   2.43|        5|  16.650|         2|        1|     5|       yes|     -|         -|            -|           -|    -|
    | + pe_rest_99                              |  Timing|  -0.00|        -|       -|         -|        -|     -|        no|     -|   1 (~0%)|    113 (~0%)|   365 (~0%)|    -|
    |  o VITIS_LOOP_36_1                        |       -|   2.43|        -|       -|        25|        -|     -|        no|     -|         -|            -|           -|    -|
    |   + pe_rest_99_Pipeline_VITIS_LOOP_38_2   |  Timing|  -0.00|       13|  43.290|         -|       13|     -|        no|     -|   1 (~0%)|     97 (~0%)|   152 (~0%)|    -|
    |    o VITIS_LOOP_38_2                      |       -|   2.43|       11|  36.630|         5|        1|     8|       yes|     -|         -|            -|           -|    -|
    |   + pe_rest_99_Pipeline_VITIS_LOOP_47_3   |  Timing|  -0.00|        6|  19.980|         -|        6|     -|        no|     -|         -|      6 (~0%)|    82 (~0%)|    -|
    |    o VITIS_LOOP_47_3                      |       -|   2.43|        4|  13.320|         2|        1|     4|       yes|     -|         -|            -|           -|    -|
    | + pe_rest_106                             |  Timing|  -0.00|        -|       -|         -|        -|     -|        no|     -|   1 (~0%)|    112 (~0%)|   361 (~0%)|    -|
    |  o VITIS_LOOP_36_1                        |       -|   2.43|        -|       -|        24|        -|     -|        no|     -|         -|            -|           -|    -|
    |   + pe_rest_106_Pipeline_VITIS_LOOP_38_2  |  Timing|  -0.00|       13|  43.290|         -|       13|     -|        no|     -|   1 (~0%)|     97 (~0%)|   152 (~0%)|    -|
    |    o VITIS_LOOP_38_2                      |       -|   2.43|       11|  36.630|         5|        1|     8|       yes|     -|         -|            -|           -|    -|
    |   + pe_rest_106_Pipeline_VITIS_LOOP_47_3  |  Timing|  -0.00|        5|  16.650|         -|        5|     -|        no|     -|         -|      5 (~0%)|    78 (~0%)|    -|
    |    o VITIS_LOOP_47_3                      |       -|   2.43|        3|   9.990|         2|        1|     3|       yes|     -|         -|            -|           -|    -|
    | + pe_rest_113                             |  Timing|  -0.00|        -|       -|         -|        -|     -|        no|     -|   1 (~0%)|    112 (~0%)|   362 (~0%)|    -|
    |  o VITIS_LOOP_36_1                        |       -|   2.43|        -|       -|        23|        -|     -|        no|     -|         -|            -|           -|    -|
    |   + pe_rest_113_Pipeline_VITIS_LOOP_38_2  |  Timing|  -0.00|       13|  43.290|         -|       13|     -|        no|     -|   1 (~0%)|     97 (~0%)|   152 (~0%)|    -|
    |    o VITIS_LOOP_38_2                      |       -|   2.43|       11|  36.630|         5|        1|     8|       yes|     -|         -|            -|           -|    -|
    |   + pe_rest_113_Pipeline_VITIS_LOOP_47_3  |  Timing|  -0.00|        4|  13.320|         -|        4|     -|        no|     -|         -|      5 (~0%)|    79 (~0%)|    -|
    |    o VITIS_LOOP_47_3                      |       -|   2.43|        2|   6.660|         2|        1|     2|       yes|     -|         -|            -|           -|    -|
    | + pe_rest_120                             |  Timing|  -0.00|        -|       -|         -|        -|     -|        no|     -|   1 (~0%)|    104 (~0%)|   264 (~0%)|    -|
    |  o VITIS_LOOP_36_1                        |       -|   2.43|        -|       -|        17|        -|     -|        no|     -|         -|            -|           -|    -|
    |   + pe_rest_120_Pipeline_VITIS_LOOP_38_2  |  Timing|  -0.00|       13|  43.290|         -|       13|     -|        no|     -|   1 (~0%)|     97 (~0%)|   152 (~0%)|    -|
    |    o VITIS_LOOP_38_2                      |       -|   2.43|       11|  36.630|         5|        1|     8|       yes|     -|         -|            -|           -|    -|
    | + pe_left_127                             |  Timing|  -0.00|        -|       -|         -|        -|     -|        no|     -|   1 (~0%)|    102 (~0%)|   225 (~0%)|    -|
    |  o VITIS_LOOP_12_1                        |       -|   2.43|        -|       -|        16|        -|     -|        no|     -|         -|            -|           -|    -|
    |   + pe_left_127_Pipeline_VITIS_LOOP_14_2  |  Timing|  -0.00|       13|  43.290|         -|       13|     -|        no|     -|   1 (~0%)|     97 (~0%)|   152 (~0%)|    -|
    |    o VITIS_LOOP_14_2                      |       -|   2.43|       11|  36.630|         5|        1|     8|       yes|     -|         -|            -|           -|    -|
    | + delay8_36                               |  Timing|  -0.00|        -|       -|         -|        -|     -|        no|     -|         -|      3 (~0%)|    45 (~0%)|    -|
    |  o VITIS_LOOP_58_1                        |       -|   2.43|        -|       -|         1|        1|     -|       yes|     -|         -|            -|           -|    -|
    | + delay8                                  |  Timing|  -0.00|        -|       -|         -|        -|     -|        no|     -|         -|      3 (~0%)|    45 (~0%)|    -|
    |  o VITIS_LOOP_58_1                        |       -|   2.43|        -|       -|         1|        1|     -|       yes|     -|         -|            -|           -|    -|
    | + pe_rest_93                              |  Timing|  -0.00|        -|       -|         -|        -|     -|        no|     -|   1 (~0%)|    113 (~0%)|   363 (~0%)|    -|
    |  o VITIS_LOOP_36_1                        |       -|   2.43|        -|       -|        27|        -|     -|        no|     -|         -|            -|           -|    -|
    |   + pe_rest_93_Pipeline_VITIS_LOOP_38_2   |  Timing|  -0.00|       13|  43.290|         -|       13|     -|        no|     -|   1 (~0%)|     97 (~0%)|   152 (~0%)|    -|
    |    o VITIS_LOOP_38_2                      |       -|   2.43|       11|  36.630|         5|        1|     8|       yes|     -|         -|            -|           -|    -|
    |   + pe_rest_93_Pipeline_VITIS_LOOP_47_3   |  Timing|  -0.00|        8|  26.640|         -|        8|     -|        no|     -|         -|      6 (~0%)|    80 (~0%)|    -|
    |    o VITIS_LOOP_47_3                      |       -|   2.43|        6|  19.980|         2|        1|     6|       yes|     -|         -|            -|           -|    -|
    | + pe_rest_100                             |  Timing|  -0.00|        -|       -|         -|        -|     -|        no|     -|   1 (~0%)|    113 (~0%)|   363 (~0%)|    -|
    |  o VITIS_LOOP_36_1                        |       -|   2.43|        -|       -|        26|        -|     -|        no|     -|         -|            -|           -|    -|
    |   + pe_rest_100_Pipeline_VITIS_LOOP_38_2  |  Timing|  -0.00|       13|  43.290|         -|       13|     -|        no|     -|   1 (~0%)|     97 (~0%)|   152 (~0%)|    -|
    |    o VITIS_LOOP_38_2                      |       -|   2.43|       11|  36.630|         5|        1|     8|       yes|     -|         -|            -|           -|    -|
    |   + pe_rest_100_Pipeline_VITIS_LOOP_47_3  |  Timing|  -0.00|        7|  23.310|         -|        7|     -|        no|     -|         -|      6 (~0%)|    80 (~0%)|    -|
    |    o VITIS_LOOP_47_3                      |       -|   2.43|        5|  16.650|         2|        1|     5|       yes|     -|         -|            -|           -|    -|
    | + pe_rest_107                             |  Timing|  -0.00|        -|       -|         -|        -|     -|        no|     -|   1 (~0%)|    113 (~0%)|   365 (~0%)|    -|
    |  o VITIS_LOOP_36_1                        |       -|   2.43|        -|       -|        25|        -|     -|        no|     -|         -|            -|           -|    -|
    |   + pe_rest_107_Pipeline_VITIS_LOOP_38_2  |  Timing|  -0.00|       13|  43.290|         -|       13|     -|        no|     -|   1 (~0%)|     97 (~0%)|   152 (~0%)|    -|
    |    o VITIS_LOOP_38_2                      |       -|   2.43|       11|  36.630|         5|        1|     8|       yes|     -|         -|            -|           -|    -|
    |   + pe_rest_107_Pipeline_VITIS_LOOP_47_3  |  Timing|  -0.00|        6|  19.980|         -|        6|     -|        no|     -|         -|      6 (~0%)|    82 (~0%)|    -|
    |    o VITIS_LOOP_47_3                      |       -|   2.43|        4|  13.320|         2|        1|     4|       yes|     -|         -|            -|           -|    -|
    | + pe_rest_114                             |  Timing|  -0.00|        -|       -|         -|        -|     -|        no|     -|   1 (~0%)|    112 (~0%)|   361 (~0%)|    -|
    |  o VITIS_LOOP_36_1                        |       -|   2.43|        -|       -|        24|        -|     -|        no|     -|         -|            -|           -|    -|
    |   + pe_rest_114_Pipeline_VITIS_LOOP_38_2  |  Timing|  -0.00|       13|  43.290|         -|       13|     -|        no|     -|   1 (~0%)|     97 (~0%)|   152 (~0%)|    -|
    |    o VITIS_LOOP_38_2                      |       -|   2.43|       11|  36.630|         5|        1|     8|       yes|     -|         -|            -|           -|    -|
    |   + pe_rest_114_Pipeline_VITIS_LOOP_47_3  |  Timing|  -0.00|        5|  16.650|         -|        5|     -|        no|     -|         -|      5 (~0%)|    78 (~0%)|    -|
    |    o VITIS_LOOP_47_3                      |       -|   2.43|        3|   9.990|         2|        1|     3|       yes|     -|         -|            -|           -|    -|
    | + pe_rest_121                             |  Timing|  -0.00|        -|       -|         -|        -|     -|        no|     -|   1 (~0%)|    112 (~0%)|   362 (~0%)|    -|
    |  o VITIS_LOOP_36_1                        |       -|   2.43|        -|       -|        23|        -|     -|        no|     -|         -|            -|           -|    -|
    |   + pe_rest_121_Pipeline_VITIS_LOOP_38_2  |  Timing|  -0.00|       13|  43.290|         -|       13|     -|        no|     -|   1 (~0%)|     97 (~0%)|   152 (~0%)|    -|
    |    o VITIS_LOOP_38_2                      |       -|   2.43|       11|  36.630|         5|        1|     8|       yes|     -|         -|            -|           -|    -|
    |   + pe_rest_121_Pipeline_VITIS_LOOP_47_3  |  Timing|  -0.00|        4|  13.320|         -|        4|     -|        no|     -|         -|      5 (~0%)|    79 (~0%)|    -|
    |    o VITIS_LOOP_47_3                      |       -|   2.43|        2|   6.660|         2|        1|     2|       yes|     -|         -|            -|           -|    -|
    | + pe_rest_128                             |  Timing|  -0.00|        -|       -|         -|        -|     -|        no|     -|   1 (~0%)|    104 (~0%)|   264 (~0%)|    -|
    |  o VITIS_LOOP_36_1                        |       -|   2.43|        -|       -|        17|        -|     -|        no|     -|         -|            -|           -|    -|
    |   + pe_rest_128_Pipeline_VITIS_LOOP_38_2  |  Timing|  -0.00|       13|  43.290|         -|       13|     -|        no|     -|   1 (~0%)|     97 (~0%)|   152 (~0%)|    -|
    |    o VITIS_LOOP_38_2                      |       -|   2.43|       11|  36.630|         5|        1|     8|       yes|     -|         -|            -|           -|    -|
    | + pe_left_135                             |  Timing|  -0.00|        -|       -|         -|        -|     -|        no|     -|   1 (~0%)|    102 (~0%)|   225 (~0%)|    -|
    |  o VITIS_LOOP_12_1                        |       -|   2.43|        -|       -|        16|        -|     -|        no|     -|         -|            -|           -|    -|
    |   + pe_left_135_Pipeline_VITIS_LOOP_14_2  |  Timing|  -0.00|       13|  43.290|         -|       13|     -|        no|     -|   1 (~0%)|     97 (~0%)|   152 (~0%)|    -|
    |    o VITIS_LOOP_14_2                      |       -|   2.43|       11|  36.630|         5|        1|     8|       yes|     -|         -|            -|           -|    -|
    | + pe_rest_94                              |  Timing|  -0.00|        -|       -|         -|        -|     -|        no|     -|   1 (~0%)|    113 (~0%)|   363 (~0%)|    -|
    |  o VITIS_LOOP_36_1                        |       -|   2.43|        -|       -|        28|        -|     -|        no|     -|         -|            -|           -|    -|
    |   + pe_rest_94_Pipeline_VITIS_LOOP_38_2   |  Timing|  -0.00|       13|  43.290|         -|       13|     -|        no|     -|   1 (~0%)|     97 (~0%)|   152 (~0%)|    -|
    |    o VITIS_LOOP_38_2                      |       -|   2.43|       11|  36.630|         5|        1|     8|       yes|     -|         -|            -|           -|    -|
    |   + pe_rest_94_Pipeline_VITIS_LOOP_47_3   |  Timing|  -0.00|        9|  29.970|         -|        9|     -|        no|     -|         -|      6 (~0%)|    80 (~0%)|    -|
    |    o VITIS_LOOP_47_3                      |       -|   2.43|        7|  23.310|         2|        1|     7|       yes|     -|         -|            -|           -|    -|
    | + pe_rest_101                             |  Timing|  -0.00|        -|       -|         -|        -|     -|        no|     -|   1 (~0%)|    113 (~0%)|   363 (~0%)|    -|
    |  o VITIS_LOOP_36_1                        |       -|   2.43|        -|       -|        27|        -|     -|        no|     -|         -|            -|           -|    -|
    |   + pe_rest_101_Pipeline_VITIS_LOOP_38_2  |  Timing|  -0.00|       13|  43.290|         -|       13|     -|        no|     -|   1 (~0%)|     97 (~0%)|   152 (~0%)|    -|
    |    o VITIS_LOOP_38_2                      |       -|   2.43|       11|  36.630|         5|        1|     8|       yes|     -|         -|            -|           -|    -|
    |   + pe_rest_101_Pipeline_VITIS_LOOP_47_3  |  Timing|  -0.00|        8|  26.640|         -|        8|     -|        no|     -|         -|      6 (~0%)|    80 (~0%)|    -|
    |    o VITIS_LOOP_47_3                      |       -|   2.43|        6|  19.980|         2|        1|     6|       yes|     -|         -|            -|           -|    -|
    | + pe_rest_108                             |  Timing|  -0.00|        -|       -|         -|        -|     -|        no|     -|   1 (~0%)|    113 (~0%)|   363 (~0%)|    -|
    |  o VITIS_LOOP_36_1                        |       -|   2.43|        -|       -|        26|        -|     -|        no|     -|         -|            -|           -|    -|
    |   + pe_rest_108_Pipeline_VITIS_LOOP_38_2  |  Timing|  -0.00|       13|  43.290|         -|       13|     -|        no|     -|   1 (~0%)|     97 (~0%)|   152 (~0%)|    -|
    |    o VITIS_LOOP_38_2                      |       -|   2.43|       11|  36.630|         5|        1|     8|       yes|     -|         -|            -|           -|    -|
    |   + pe_rest_108_Pipeline_VITIS_LOOP_47_3  |  Timing|  -0.00|        7|  23.310|         -|        7|     -|        no|     -|         -|      6 (~0%)|    80 (~0%)|    -|
    |    o VITIS_LOOP_47_3                      |       -|   2.43|        5|  16.650|         2|        1|     5|       yes|     -|         -|            -|           -|    -|
    | + pe_rest_115                             |  Timing|  -0.00|        -|       -|         -|        -|     -|        no|     -|   1 (~0%)|    113 (~0%)|   365 (~0%)|    -|
    |  o VITIS_LOOP_36_1                        |       -|   2.43|        -|       -|        25|        -|     -|        no|     -|         -|            -|           -|    -|
    |   + pe_rest_115_Pipeline_VITIS_LOOP_38_2  |  Timing|  -0.00|       13|  43.290|         -|       13|     -|        no|     -|   1 (~0%)|     97 (~0%)|   152 (~0%)|    -|
    |    o VITIS_LOOP_38_2                      |       -|   2.43|       11|  36.630|         5|        1|     8|       yes|     -|         -|            -|           -|    -|
    |   + pe_rest_115_Pipeline_VITIS_LOOP_47_3  |  Timing|  -0.00|        6|  19.980|         -|        6|     -|        no|     -|         -|      6 (~0%)|    82 (~0%)|    -|
    |    o VITIS_LOOP_47_3                      |       -|   2.43|        4|  13.320|         2|        1|     4|       yes|     -|         -|            -|           -|    -|
    | + pe_rest_122                             |  Timing|  -0.00|        -|       -|         -|        -|     -|        no|     -|   1 (~0%)|    112 (~0%)|   361 (~0%)|    -|
    |  o VITIS_LOOP_36_1                        |       -|   2.43|        -|       -|        24|        -|     -|        no|     -|         -|            -|           -|    -|
    |   + pe_rest_122_Pipeline_VITIS_LOOP_38_2  |  Timing|  -0.00|       13|  43.290|         -|       13|     -|        no|     -|   1 (~0%)|     97 (~0%)|   152 (~0%)|    -|
    |    o VITIS_LOOP_38_2                      |       -|   2.43|       11|  36.630|         5|        1|     8|       yes|     -|         -|            -|           -|    -|
    |   + pe_rest_122_Pipeline_VITIS_LOOP_47_3  |  Timing|  -0.00|        5|  16.650|         -|        5|     -|        no|     -|         -|      5 (~0%)|    78 (~0%)|    -|
    |    o VITIS_LOOP_47_3                      |       -|   2.43|        3|   9.990|         2|        1|     3|       yes|     -|         -|            -|           -|    -|
    | + pe_rest_129                             |  Timing|  -0.00|        -|       -|         -|        -|     -|        no|     -|   1 (~0%)|    112 (~0%)|   362 (~0%)|    -|
    |  o VITIS_LOOP_36_1                        |       -|   2.43|        -|       -|        23|        -|     -|        no|     -|         -|            -|           -|    -|
    |   + pe_rest_129_Pipeline_VITIS_LOOP_38_2  |  Timing|  -0.00|       13|  43.290|         -|       13|     -|        no|     -|   1 (~0%)|     97 (~0%)|   152 (~0%)|    -|
    |    o VITIS_LOOP_38_2                      |       -|   2.43|       11|  36.630|         5|        1|     8|       yes|     -|         -|            -|           -|    -|
    |   + pe_rest_129_Pipeline_VITIS_LOOP_47_3  |  Timing|  -0.00|        4|  13.320|         -|        4|     -|        no|     -|         -|      5 (~0%)|    79 (~0%)|    -|
    |    o VITIS_LOOP_47_3                      |       -|   2.43|        2|   6.660|         2|        1|     2|       yes|     -|         -|            -|           -|    -|
    | + pe_rest_136                             |  Timing|  -0.00|        -|       -|         -|        -|     -|        no|     -|   1 (~0%)|    104 (~0%)|   264 (~0%)|    -|
    |  o VITIS_LOOP_36_1                        |       -|   2.43|        -|       -|        17|        -|     -|        no|     -|         -|            -|           -|    -|
    |   + pe_rest_136_Pipeline_VITIS_LOOP_38_2  |  Timing|  -0.00|       13|  43.290|         -|       13|     -|        no|     -|   1 (~0%)|     97 (~0%)|   152 (~0%)|    -|
    |    o VITIS_LOOP_38_2                      |       -|   2.43|       11|  36.630|         5|        1|     8|       yes|     -|         -|            -|           -|    -|
    | + pe_left                                 |  Timing|  -0.00|        -|       -|         -|        -|     -|        no|     -|   1 (~0%)|    102 (~0%)|   225 (~0%)|    -|
    |  o VITIS_LOOP_12_1                        |       -|   2.43|        -|       -|        16|        -|     -|        no|     -|         -|            -|           -|    -|
    |   + pe_left_Pipeline_VITIS_LOOP_14_2      |  Timing|  -0.00|       13|  43.290|         -|       13|     -|        no|     -|   1 (~0%)|     97 (~0%)|   152 (~0%)|    -|
    |    o VITIS_LOOP_14_2                      |       -|   2.43|       11|  36.630|         5|        1|     8|       yes|     -|         -|            -|           -|    -|
    | + pe_rest_102                             |  Timing|  -0.00|        -|       -|         -|        -|     -|        no|     -|   1 (~0%)|    113 (~0%)|   363 (~0%)|    -|
    |  o VITIS_LOOP_36_1                        |       -|   2.43|        -|       -|        28|        -|     -|        no|     -|         -|            -|           -|    -|
    |   + pe_rest_102_Pipeline_VITIS_LOOP_38_2  |  Timing|  -0.00|       13|  43.290|         -|       13|     -|        no|     -|   1 (~0%)|     97 (~0%)|   152 (~0%)|    -|
    |    o VITIS_LOOP_38_2                      |       -|   2.43|       11|  36.630|         5|        1|     8|       yes|     -|         -|            -|           -|    -|
    |   + pe_rest_102_Pipeline_VITIS_LOOP_47_3  |  Timing|  -0.00|        9|  29.970|         -|        9|     -|        no|     -|         -|      6 (~0%)|    80 (~0%)|    -|
    |    o VITIS_LOOP_47_3                      |       -|   2.43|        7|  23.310|         2|        1|     7|       yes|     -|         -|            -|           -|    -|
    | + pe_rest_109                             |  Timing|  -0.00|        -|       -|         -|        -|     -|        no|     -|   1 (~0%)|    113 (~0%)|   363 (~0%)|    -|
    |  o VITIS_LOOP_36_1                        |       -|   2.43|        -|       -|        27|        -|     -|        no|     -|         -|            -|           -|    -|
    |   + pe_rest_109_Pipeline_VITIS_LOOP_38_2  |  Timing|  -0.00|       13|  43.290|         -|       13|     -|        no|     -|   1 (~0%)|     97 (~0%)|   152 (~0%)|    -|
    |    o VITIS_LOOP_38_2                      |       -|   2.43|       11|  36.630|         5|        1|     8|       yes|     -|         -|            -|           -|    -|
    |   + pe_rest_109_Pipeline_VITIS_LOOP_47_3  |  Timing|  -0.00|        8|  26.640|         -|        8|     -|        no|     -|         -|      6 (~0%)|    80 (~0%)|    -|
    |    o VITIS_LOOP_47_3                      |       -|   2.43|        6|  19.980|         2|        1|     6|       yes|     -|         -|            -|           -|    -|
    | + pe_rest_116                             |  Timing|  -0.00|        -|       -|         -|        -|     -|        no|     -|   1 (~0%)|    113 (~0%)|   363 (~0%)|    -|
    |  o VITIS_LOOP_36_1                        |       -|   2.43|        -|       -|        26|        -|     -|        no|     -|         -|            -|           -|    -|
    |   + pe_rest_116_Pipeline_VITIS_LOOP_38_2  |  Timing|  -0.00|       13|  43.290|         -|       13|     -|        no|     -|   1 (~0%)|     97 (~0%)|   152 (~0%)|    -|
    |    o VITIS_LOOP_38_2                      |       -|   2.43|       11|  36.630|         5|        1|     8|       yes|     -|         -|            -|           -|    -|
    |   + pe_rest_116_Pipeline_VITIS_LOOP_47_3  |  Timing|  -0.00|        7|  23.310|         -|        7|     -|        no|     -|         -|      6 (~0%)|    80 (~0%)|    -|
    |    o VITIS_LOOP_47_3                      |       -|   2.43|        5|  16.650|         2|        1|     5|       yes|     -|         -|            -|           -|    -|
    | + pe_rest_123                             |  Timing|  -0.00|        -|       -|         -|        -|     -|        no|     -|   1 (~0%)|    113 (~0%)|   365 (~0%)|    -|
    |  o VITIS_LOOP_36_1                        |       -|   2.43|        -|       -|        25|        -|     -|        no|     -|         -|            -|           -|    -|
    |   + pe_rest_123_Pipeline_VITIS_LOOP_38_2  |  Timing|  -0.00|       13|  43.290|         -|       13|     -|        no|     -|   1 (~0%)|     97 (~0%)|   152 (~0%)|    -|
    |    o VITIS_LOOP_38_2                      |       -|   2.43|       11|  36.630|         5|        1|     8|       yes|     -|         -|            -|           -|    -|
    |   + pe_rest_123_Pipeline_VITIS_LOOP_47_3  |  Timing|  -0.00|        6|  19.980|         -|        6|     -|        no|     -|         -|      6 (~0%)|    82 (~0%)|    -|
    |    o VITIS_LOOP_47_3                      |       -|   2.43|        4|  13.320|         2|        1|     4|       yes|     -|         -|            -|           -|    -|
    | + pe_rest_130                             |  Timing|  -0.00|        -|       -|         -|        -|     -|        no|     -|   1 (~0%)|    112 (~0%)|   361 (~0%)|    -|
    |  o VITIS_LOOP_36_1                        |       -|   2.43|        -|       -|        24|        -|     -|        no|     -|         -|            -|           -|    -|
    |   + pe_rest_130_Pipeline_VITIS_LOOP_38_2  |  Timing|  -0.00|       13|  43.290|         -|       13|     -|        no|     -|   1 (~0%)|     97 (~0%)|   152 (~0%)|    -|
    |    o VITIS_LOOP_38_2                      |       -|   2.43|       11|  36.630|         5|        1|     8|       yes|     -|         -|            -|           -|    -|
    |   + pe_rest_130_Pipeline_VITIS_LOOP_47_3  |  Timing|  -0.00|        5|  16.650|         -|        5|     -|        no|     -|         -|      5 (~0%)|    78 (~0%)|    -|
    |    o VITIS_LOOP_47_3                      |       -|   2.43|        3|   9.990|         2|        1|     3|       yes|     -|         -|            -|           -|    -|
    | + pe_rest_137                             |  Timing|  -0.00|        -|       -|         -|        -|     -|        no|     -|   1 (~0%)|    112 (~0%)|   362 (~0%)|    -|
    |  o VITIS_LOOP_36_1                        |       -|   2.43|        -|       -|        23|        -|     -|        no|     -|         -|            -|           -|    -|
    |   + pe_rest_137_Pipeline_VITIS_LOOP_38_2  |  Timing|  -0.00|       13|  43.290|         -|       13|     -|        no|     -|   1 (~0%)|     97 (~0%)|   152 (~0%)|    -|
    |    o VITIS_LOOP_38_2                      |       -|   2.43|       11|  36.630|         5|        1|     8|       yes|     -|         -|            -|           -|    -|
    |   + pe_rest_137_Pipeline_VITIS_LOOP_47_3  |  Timing|  -0.00|        4|  13.320|         -|        4|     -|        no|     -|         -|      5 (~0%)|    79 (~0%)|    -|
    |    o VITIS_LOOP_47_3                      |       -|   2.43|        2|   6.660|         2|        1|     2|       yes|     -|         -|            -|           -|    -|
    | + pe_rest_143                             |  Timing|  -0.00|        -|       -|         -|        -|     -|        no|     -|   1 (~0%)|    103 (~0%)|   255 (~0%)|    -|
    |  o VITIS_LOOP_36_1                        |       -|   2.43|        -|       -|        17|        -|     -|        no|     -|         -|            -|           -|    -|
    |   + pe_rest_143_Pipeline_VITIS_LOOP_38_2  |  Timing|  -0.00|       13|  43.290|         -|       13|     -|        no|     -|   1 (~0%)|     97 (~0%)|   152 (~0%)|    -|
    |    o VITIS_LOOP_38_2                      |       -|   2.43|       11|  36.630|         5|        1|     8|       yes|     -|         -|            -|           -|    -|
    | + pass32_149                              |  Timing|  -0.00|        -|       -|         -|        -|     -|        no|     -|         -|      2 (~0%)|    36 (~0%)|    -|
    |  o VITIS_LOOP_67_1                        |       -|   2.43|        -|       -|         1|        1|     -|       yes|     -|         -|            -|           -|    -|
    | + pe_rest_110                             |  Timing|  -0.00|        -|       -|         -|        -|     -|        no|     -|   1 (~0%)|    113 (~0%)|   363 (~0%)|    -|
    |  o VITIS_LOOP_36_1                        |       -|   2.43|        -|       -|        28|        -|     -|        no|     -|         -|            -|           -|    -|
    |   + pe_rest_110_Pipeline_VITIS_LOOP_38_2  |  Timing|  -0.00|       13|  43.290|         -|       13|     -|        no|     -|   1 (~0%)|     97 (~0%)|   152 (~0%)|    -|
    |    o VITIS_LOOP_38_2                      |       -|   2.43|       11|  36.630|         5|        1|     8|       yes|     -|         -|            -|           -|    -|
    |   + pe_rest_110_Pipeline_VITIS_LOOP_47_3  |  Timing|  -0.00|        9|  29.970|         -|        9|     -|        no|     -|         -|      6 (~0%)|    80 (~0%)|    -|
    |    o VITIS_LOOP_47_3                      |       -|   2.43|        7|  23.310|         2|        1|     7|       yes|     -|         -|            -|           -|    -|
    | + pe_rest_117                             |  Timing|  -0.00|        -|       -|         -|        -|     -|        no|     -|   1 (~0%)|    113 (~0%)|   363 (~0%)|    -|
    |  o VITIS_LOOP_36_1                        |       -|   2.43|        -|       -|        27|        -|     -|        no|     -|         -|            -|           -|    -|
    |   + pe_rest_117_Pipeline_VITIS_LOOP_38_2  |  Timing|  -0.00|       13|  43.290|         -|       13|     -|        no|     -|   1 (~0%)|     97 (~0%)|   152 (~0%)|    -|
    |    o VITIS_LOOP_38_2                      |       -|   2.43|       11|  36.630|         5|        1|     8|       yes|     -|         -|            -|           -|    -|
    |   + pe_rest_117_Pipeline_VITIS_LOOP_47_3  |  Timing|  -0.00|        8|  26.640|         -|        8|     -|        no|     -|         -|      6 (~0%)|    80 (~0%)|    -|
    |    o VITIS_LOOP_47_3                      |       -|   2.43|        6|  19.980|         2|        1|     6|       yes|     -|         -|            -|           -|    -|
    | + pe_rest_124                             |  Timing|  -0.00|        -|       -|         -|        -|     -|        no|     -|   1 (~0%)|    113 (~0%)|   363 (~0%)|    -|
    |  o VITIS_LOOP_36_1                        |       -|   2.43|        -|       -|        26|        -|     -|        no|     -|         -|            -|           -|    -|
    |   + pe_rest_124_Pipeline_VITIS_LOOP_38_2  |  Timing|  -0.00|       13|  43.290|         -|       13|     -|        no|     -|   1 (~0%)|     97 (~0%)|   152 (~0%)|    -|
    |    o VITIS_LOOP_38_2                      |       -|   2.43|       11|  36.630|         5|        1|     8|       yes|     -|         -|            -|           -|    -|
    |   + pe_rest_124_Pipeline_VITIS_LOOP_47_3  |  Timing|  -0.00|        7|  23.310|         -|        7|     -|        no|     -|         -|      6 (~0%)|    80 (~0%)|    -|
    |    o VITIS_LOOP_47_3                      |       -|   2.43|        5|  16.650|         2|        1|     5|       yes|     -|         -|            -|           -|    -|
    | + pe_rest_131                             |  Timing|  -0.00|        -|       -|         -|        -|     -|        no|     -|   1 (~0%)|    113 (~0%)|   365 (~0%)|    -|
    |  o VITIS_LOOP_36_1                        |       -|   2.43|        -|       -|        25|        -|     -|        no|     -|         -|            -|           -|    -|
    |   + pe_rest_131_Pipeline_VITIS_LOOP_38_2  |  Timing|  -0.00|       13|  43.290|         -|       13|     -|        no|     -|   1 (~0%)|     97 (~0%)|   152 (~0%)|    -|
    |    o VITIS_LOOP_38_2                      |       -|   2.43|       11|  36.630|         5|        1|     8|       yes|     -|         -|            -|           -|    -|
    |   + pe_rest_131_Pipeline_VITIS_LOOP_47_3  |  Timing|  -0.00|        6|  19.980|         -|        6|     -|        no|     -|         -|      6 (~0%)|    82 (~0%)|    -|
    |    o VITIS_LOOP_47_3                      |       -|   2.43|        4|  13.320|         2|        1|     4|       yes|     -|         -|            -|           -|    -|
    | + pe_rest_138                             |  Timing|  -0.00|        -|       -|         -|        -|     -|        no|     -|   1 (~0%)|    112 (~0%)|   361 (~0%)|    -|
    |  o VITIS_LOOP_36_1                        |       -|   2.43|        -|       -|        24|        -|     -|        no|     -|         -|            -|           -|    -|
    |   + pe_rest_138_Pipeline_VITIS_LOOP_38_2  |  Timing|  -0.00|       13|  43.290|         -|       13|     -|        no|     -|   1 (~0%)|     97 (~0%)|   152 (~0%)|    -|
    |    o VITIS_LOOP_38_2                      |       -|   2.43|       11|  36.630|         5|        1|     8|       yes|     -|         -|            -|           -|    -|
    |   + pe_rest_138_Pipeline_VITIS_LOOP_47_3  |  Timing|  -0.00|        5|  16.650|         -|        5|     -|        no|     -|         -|      5 (~0%)|    78 (~0%)|    -|
    |    o VITIS_LOOP_47_3                      |       -|   2.43|        3|   9.990|         2|        1|     3|       yes|     -|         -|            -|           -|    -|
    | + pe_rest_144                             |  Timing|  -0.00|        -|       -|         -|        -|     -|        no|     -|   1 (~0%)|    111 (~0%)|   353 (~0%)|    -|
    |  o VITIS_LOOP_36_1                        |       -|   2.43|        -|       -|        23|        -|     -|        no|     -|         -|            -|           -|    -|
    |   + pe_rest_144_Pipeline_VITIS_LOOP_38_2  |  Timing|  -0.00|       13|  43.290|         -|       13|     -|        no|     -|   1 (~0%)|     97 (~0%)|   152 (~0%)|    -|
    |    o VITIS_LOOP_38_2                      |       -|   2.43|       11|  36.630|         5|        1|     8|       yes|     -|         -|            -|           -|    -|
    |   + pe_rest_144_Pipeline_VITIS_LOOP_47_3  |  Timing|  -0.00|        4|  13.320|         -|        4|     -|        no|     -|         -|      5 (~0%)|    79 (~0%)|    -|
    |    o VITIS_LOOP_47_3                      |       -|   2.43|        2|   6.660|         2|        1|     2|       yes|     -|         -|            -|           -|    -|
    | + pass32_150                              |  Timing|  -0.00|        -|       -|         -|        -|     -|        no|     -|         -|      2 (~0%)|    36 (~0%)|    -|
    |  o VITIS_LOOP_67_1                        |       -|   2.43|        -|       -|         1|        1|     -|       yes|     -|         -|            -|           -|    -|
    | + pe_rest_118                             |  Timing|  -0.00|        -|       -|         -|        -|     -|        no|     -|   1 (~0%)|    113 (~0%)|   363 (~0%)|    -|
    |  o VITIS_LOOP_36_1                        |       -|   2.43|        -|       -|        28|        -|     -|        no|     -|         -|            -|           -|    -|
    |   + pe_rest_118_Pipeline_VITIS_LOOP_38_2  |  Timing|  -0.00|       13|  43.290|         -|       13|     -|        no|     -|   1 (~0%)|     97 (~0%)|   152 (~0%)|    -|
    |    o VITIS_LOOP_38_2                      |       -|   2.43|       11|  36.630|         5|        1|     8|       yes|     -|         -|            -|           -|    -|
    |   + pe_rest_118_Pipeline_VITIS_LOOP_47_3  |  Timing|  -0.00|        9|  29.970|         -|        9|     -|        no|     -|         -|      6 (~0%)|    80 (~0%)|    -|
    |    o VITIS_LOOP_47_3                      |       -|   2.43|        7|  23.310|         2|        1|     7|       yes|     -|         -|            -|           -|    -|
    | + pe_rest_125                             |  Timing|  -0.00|        -|       -|         -|        -|     -|        no|     -|   1 (~0%)|    113 (~0%)|   363 (~0%)|    -|
    |  o VITIS_LOOP_36_1                        |       -|   2.43|        -|       -|        27|        -|     -|        no|     -|         -|            -|           -|    -|
    |   + pe_rest_125_Pipeline_VITIS_LOOP_38_2  |  Timing|  -0.00|       13|  43.290|         -|       13|     -|        no|     -|   1 (~0%)|     97 (~0%)|   152 (~0%)|    -|
    |    o VITIS_LOOP_38_2                      |       -|   2.43|       11|  36.630|         5|        1|     8|       yes|     -|         -|            -|           -|    -|
    |   + pe_rest_125_Pipeline_VITIS_LOOP_47_3  |  Timing|  -0.00|        8|  26.640|         -|        8|     -|        no|     -|         -|      6 (~0%)|    80 (~0%)|    -|
    |    o VITIS_LOOP_47_3                      |       -|   2.43|        6|  19.980|         2|        1|     6|       yes|     -|         -|            -|           -|    -|
    | + pe_rest_132                             |  Timing|  -0.00|        -|       -|         -|        -|     -|        no|     -|   1 (~0%)|    113 (~0%)|   363 (~0%)|    -|
    |  o VITIS_LOOP_36_1                        |       -|   2.43|        -|       -|        26|        -|     -|        no|     -|         -|            -|           -|    -|
    |   + pe_rest_132_Pipeline_VITIS_LOOP_38_2  |  Timing|  -0.00|       13|  43.290|         -|       13|     -|        no|     -|   1 (~0%)|     97 (~0%)|   152 (~0%)|    -|
    |    o VITIS_LOOP_38_2                      |       -|   2.43|       11|  36.630|         5|        1|     8|       yes|     -|         -|            -|           -|    -|
    |   + pe_rest_132_Pipeline_VITIS_LOOP_47_3  |  Timing|  -0.00|        7|  23.310|         -|        7|     -|        no|     -|         -|      6 (~0%)|    80 (~0%)|    -|
    |    o VITIS_LOOP_47_3                      |       -|   2.43|        5|  16.650|         2|        1|     5|       yes|     -|         -|            -|           -|    -|
    | + pe_rest_139                             |  Timing|  -0.00|        -|       -|         -|        -|     -|        no|     -|   1 (~0%)|    113 (~0%)|   365 (~0%)|    -|
    |  o VITIS_LOOP_36_1                        |       -|   2.43|        -|       -|        25|        -|     -|        no|     -|         -|            -|           -|    -|
    |   + pe_rest_139_Pipeline_VITIS_LOOP_38_2  |  Timing|  -0.00|       13|  43.290|         -|       13|     -|        no|     -|   1 (~0%)|     97 (~0%)|   152 (~0%)|    -|
    |    o VITIS_LOOP_38_2                      |       -|   2.43|       11|  36.630|         5|        1|     8|       yes|     -|         -|            -|           -|    -|
    |   + pe_rest_139_Pipeline_VITIS_LOOP_47_3  |  Timing|  -0.00|        6|  19.980|         -|        6|     -|        no|     -|         -|      6 (~0%)|    82 (~0%)|    -|
    |    o VITIS_LOOP_47_3                      |       -|   2.43|        4|  13.320|         2|        1|     4|       yes|     -|         -|            -|           -|    -|
    | + pe_rest_145                             |  Timing|  -0.00|        -|       -|         -|        -|     -|        no|     -|   1 (~0%)|    111 (~0%)|   352 (~0%)|    -|
    |  o VITIS_LOOP_36_1                        |       -|   2.43|        -|       -|        24|        -|     -|        no|     -|         -|            -|           -|    -|
    |   + pe_rest_145_Pipeline_VITIS_LOOP_38_2  |  Timing|  -0.00|       13|  43.290|         -|       13|     -|        no|     -|   1 (~0%)|     97 (~0%)|   152 (~0%)|    -|
    |    o VITIS_LOOP_38_2                      |       -|   2.43|       11|  36.630|         5|        1|     8|       yes|     -|         -|            -|           -|    -|
    |   + pe_rest_145_Pipeline_VITIS_LOOP_47_3  |  Timing|  -0.00|        5|  16.650|         -|        5|     -|        no|     -|         -|      5 (~0%)|    78 (~0%)|    -|
    |    o VITIS_LOOP_47_3                      |       -|   2.43|        3|   9.990|         2|        1|     3|       yes|     -|         -|            -|           -|    -|
    | + pass32_151                              |  Timing|  -0.00|        -|       -|         -|        -|     -|        no|     -|         -|      2 (~0%)|    36 (~0%)|    -|
    |  o VITIS_LOOP_67_1                        |       -|   2.43|        -|       -|         1|        1|     -|       yes|     -|         -|            -|           -|    -|
    | + pe_rest_126                             |  Timing|  -0.00|        -|       -|         -|        -|     -|        no|     -|   1 (~0%)|    113 (~0%)|   363 (~0%)|    -|
    |  o VITIS_LOOP_36_1                        |       -|   2.43|        -|       -|        28|        -|     -|        no|     -|         -|            -|           -|    -|
    |   + pe_rest_126_Pipeline_VITIS_LOOP_38_2  |  Timing|  -0.00|       13|  43.290|         -|       13|     -|        no|     -|   1 (~0%)|     97 (~0%)|   152 (~0%)|    -|
    |    o VITIS_LOOP_38_2                      |       -|   2.43|       11|  36.630|         5|        1|     8|       yes|     -|         -|            -|           -|    -|
    |   + pe_rest_126_Pipeline_VITIS_LOOP_47_3  |  Timing|  -0.00|        9|  29.970|         -|        9|     -|        no|     -|         -|      6 (~0%)|    80 (~0%)|    -|
    |    o VITIS_LOOP_47_3                      |       -|   2.43|        7|  23.310|         2|        1|     7|       yes|     -|         -|            -|           -|    -|
    | + pe_rest_133                             |  Timing|  -0.00|        -|       -|         -|        -|     -|        no|     -|   1 (~0%)|    113 (~0%)|   363 (~0%)|    -|
    |  o VITIS_LOOP_36_1                        |       -|   2.43|        -|       -|        27|        -|     -|        no|     -|         -|            -|           -|    -|
    |   + pe_rest_133_Pipeline_VITIS_LOOP_38_2  |  Timing|  -0.00|       13|  43.290|         -|       13|     -|        no|     -|   1 (~0%)|     97 (~0%)|   152 (~0%)|    -|
    |    o VITIS_LOOP_38_2                      |       -|   2.43|       11|  36.630|         5|        1|     8|       yes|     -|         -|            -|           -|    -|
    |   + pe_rest_133_Pipeline_VITIS_LOOP_47_3  |  Timing|  -0.00|        8|  26.640|         -|        8|     -|        no|     -|         -|      6 (~0%)|    80 (~0%)|    -|
    |    o VITIS_LOOP_47_3                      |       -|   2.43|        6|  19.980|         2|        1|     6|       yes|     -|         -|            -|           -|    -|
    | + pe_rest_140                             |  Timing|  -0.00|        -|       -|         -|        -|     -|        no|     -|   1 (~0%)|    113 (~0%)|   363 (~0%)|    -|
    |  o VITIS_LOOP_36_1                        |       -|   2.43|        -|       -|        26|        -|     -|        no|     -|         -|            -|           -|    -|
    |   + pe_rest_140_Pipeline_VITIS_LOOP_38_2  |  Timing|  -0.00|       13|  43.290|         -|       13|     -|        no|     -|   1 (~0%)|     97 (~0%)|   152 (~0%)|    -|
    |    o VITIS_LOOP_38_2                      |       -|   2.43|       11|  36.630|         5|        1|     8|       yes|     -|         -|            -|           -|    -|
    |   + pe_rest_140_Pipeline_VITIS_LOOP_47_3  |  Timing|  -0.00|        7|  23.310|         -|        7|     -|        no|     -|         -|      6 (~0%)|    80 (~0%)|    -|
    |    o VITIS_LOOP_47_3                      |       -|   2.43|        5|  16.650|         2|        1|     5|       yes|     -|         -|            -|           -|    -|
    | + pe_rest_146                             |  Timing|  -0.00|        -|       -|         -|        -|     -|        no|     -|   1 (~0%)|    112 (~0%)|   356 (~0%)|    -|
    |  o VITIS_LOOP_36_1                        |       -|   2.43|        -|       -|        25|        -|     -|        no|     -|         -|            -|           -|    -|
    |   + pe_rest_146_Pipeline_VITIS_LOOP_38_2  |  Timing|  -0.00|       13|  43.290|         -|       13|     -|        no|     -|   1 (~0%)|     97 (~0%)|   152 (~0%)|    -|
    |    o VITIS_LOOP_38_2                      |       -|   2.43|       11|  36.630|         5|        1|     8|       yes|     -|         -|            -|           -|    -|
    |   + pe_rest_146_Pipeline_VITIS_LOOP_47_3  |  Timing|  -0.00|        6|  19.980|         -|        6|     -|        no|     -|         -|      6 (~0%)|    82 (~0%)|    -|
    |    o VITIS_LOOP_47_3                      |       -|   2.43|        4|  13.320|         2|        1|     4|       yes|     -|         -|            -|           -|    -|
    | + pass32_152                              |  Timing|  -0.00|        -|       -|         -|        -|     -|        no|     -|         -|      2 (~0%)|    36 (~0%)|    -|
    |  o VITIS_LOOP_67_1                        |       -|   2.43|        -|       -|         1|        1|     -|       yes|     -|         -|            -|           -|    -|
    | + pe_rest_134                             |  Timing|  -0.00|        -|       -|         -|        -|     -|        no|     -|   1 (~0%)|    113 (~0%)|   363 (~0%)|    -|
    |  o VITIS_LOOP_36_1                        |       -|   2.43|        -|       -|        28|        -|     -|        no|     -|         -|            -|           -|    -|
    |   + pe_rest_134_Pipeline_VITIS_LOOP_38_2  |  Timing|  -0.00|       13|  43.290|         -|       13|     -|        no|     -|   1 (~0%)|     97 (~0%)|   152 (~0%)|    -|
    |    o VITIS_LOOP_38_2                      |       -|   2.43|       11|  36.630|         5|        1|     8|       yes|     -|         -|            -|           -|    -|
    |   + pe_rest_134_Pipeline_VITIS_LOOP_47_3  |  Timing|  -0.00|        9|  29.970|         -|        9|     -|        no|     -|         -|      6 (~0%)|    80 (~0%)|    -|
    |    o VITIS_LOOP_47_3                      |       -|   2.43|        7|  23.310|         2|        1|     7|       yes|     -|         -|            -|           -|    -|
    | + pe_rest_141                             |  Timing|  -0.00|        -|       -|         -|        -|     -|        no|     -|   1 (~0%)|    113 (~0%)|   363 (~0%)|    -|
    |  o VITIS_LOOP_36_1                        |       -|   2.43|        -|       -|        27|        -|     -|        no|     -|         -|            -|           -|    -|
    |   + pe_rest_141_Pipeline_VITIS_LOOP_38_2  |  Timing|  -0.00|       13|  43.290|         -|       13|     -|        no|     -|   1 (~0%)|     97 (~0%)|   152 (~0%)|    -|
    |    o VITIS_LOOP_38_2                      |       -|   2.43|       11|  36.630|         5|        1|     8|       yes|     -|         -|            -|           -|    -|
    |   + pe_rest_141_Pipeline_VITIS_LOOP_47_3  |  Timing|  -0.00|        8|  26.640|         -|        8|     -|        no|     -|         -|      6 (~0%)|    80 (~0%)|    -|
    |    o VITIS_LOOP_47_3                      |       -|   2.43|        6|  19.980|         2|        1|     6|       yes|     -|         -|            -|           -|    -|
    | + pe_rest_147                             |  Timing|  -0.00|        -|       -|         -|        -|     -|        no|     -|   1 (~0%)|    112 (~0%)|   354 (~0%)|    -|
    |  o VITIS_LOOP_36_1                        |       -|   2.43|        -|       -|        26|        -|     -|        no|     -|         -|            -|           -|    -|
    |   + pe_rest_147_Pipeline_VITIS_LOOP_38_2  |  Timing|  -0.00|       13|  43.290|         -|       13|     -|        no|     -|   1 (~0%)|     97 (~0%)|   152 (~0%)|    -|
    |    o VITIS_LOOP_38_2                      |       -|   2.43|       11|  36.630|         5|        1|     8|       yes|     -|         -|            -|           -|    -|
    |   + pe_rest_147_Pipeline_VITIS_LOOP_47_3  |  Timing|  -0.00|        7|  23.310|         -|        7|     -|        no|     -|         -|      6 (~0%)|    80 (~0%)|    -|
    |    o VITIS_LOOP_47_3                      |       -|   2.43|        5|  16.650|         2|        1|     5|       yes|     -|         -|            -|           -|    -|
    | + pass32_153                              |  Timing|  -0.00|        -|       -|         -|        -|     -|        no|     -|         -|      2 (~0%)|    36 (~0%)|    -|
    |  o VITIS_LOOP_67_1                        |       -|   2.43|        -|       -|         1|        1|     -|       yes|     -|         -|            -|           -|    -|
    | + pe_rest_142                             |  Timing|  -0.00|        -|       -|         -|        -|     -|        no|     -|   1 (~0%)|    113 (~0%)|   363 (~0%)|    -|
    |  o VITIS_LOOP_36_1                        |       -|   2.43|        -|       -|        28|        -|     -|        no|     -|         -|            -|           -|    -|
    |   + pe_rest_142_Pipeline_VITIS_LOOP_38_2  |  Timing|  -0.00|       13|  43.290|         -|       13|     -|        no|     -|   1 (~0%)|     97 (~0%)|   152 (~0%)|    -|
    |    o VITIS_LOOP_38_2                      |       -|   2.43|       11|  36.630|         5|        1|     8|       yes|     -|         -|            -|           -|    -|
    |   + pe_rest_142_Pipeline_VITIS_LOOP_47_3  |  Timing|  -0.00|        9|  29.970|         -|        9|     -|        no|     -|         -|      6 (~0%)|    80 (~0%)|    -|
    |    o VITIS_LOOP_47_3                      |       -|   2.43|        7|  23.310|         2|        1|     7|       yes|     -|         -|            -|           -|    -|
    | + pe_rest_148                             |  Timing|  -0.00|        -|       -|         -|        -|     -|        no|     -|   1 (~0%)|    112 (~0%)|   354 (~0%)|    -|
    |  o VITIS_LOOP_36_1                        |       -|   2.43|        -|       -|        27|        -|     -|        no|     -|         -|            -|           -|    -|
    |   + pe_rest_148_Pipeline_VITIS_LOOP_38_2  |  Timing|  -0.00|       13|  43.290|         -|       13|     -|        no|     -|   1 (~0%)|     97 (~0%)|   152 (~0%)|    -|
    |    o VITIS_LOOP_38_2                      |       -|   2.43|       11|  36.630|         5|        1|     8|       yes|     -|         -|            -|           -|    -|
    |   + pe_rest_148_Pipeline_VITIS_LOOP_47_3  |  Timing|  -0.00|        8|  26.640|         -|        8|     -|        no|     -|         -|      6 (~0%)|    80 (~0%)|    -|
    |    o VITIS_LOOP_47_3                      |       -|   2.43|        6|  19.980|         2|        1|     6|       yes|     -|         -|            -|           -|    -|
    | + pass32_154                              |  Timing|  -0.00|        -|       -|         -|        -|     -|        no|     -|         -|      2 (~0%)|    36 (~0%)|    -|
    |  o VITIS_LOOP_67_1                        |       -|   2.43|        -|       -|         1|        1|     -|       yes|     -|         -|            -|           -|    -|
    | + pe_rest                                 |  Timing|  -0.00|        -|       -|         -|        -|     -|        no|     -|   1 (~0%)|    113 (~0%)|   363 (~0%)|    -|
    |  o VITIS_LOOP_36_1                        |       -|   2.43|        -|       -|        28|        -|     -|        no|     -|         -|            -|           -|    -|
    |   + pe_rest_Pipeline_VITIS_LOOP_38_2      |  Timing|  -0.00|       13|  43.290|         -|       13|     -|        no|     -|   1 (~0%)|     97 (~0%)|   152 (~0%)|    -|
    |    o VITIS_LOOP_38_2                      |       -|   2.43|       11|  36.630|         5|        1|     8|       yes|     -|         -|            -|           -|    -|
    |   + pe_rest_Pipeline_VITIS_LOOP_47_3      |  Timing|  -0.00|        9|  29.970|         -|        9|     -|        no|     -|         -|      6 (~0%)|    80 (~0%)|    -|
    |    o VITIS_LOOP_47_3                      |       -|   2.43|        7|  23.310|         2|        1|     7|       yes|     -|         -|            -|           -|    -|
    | + pass32_155                              |  Timing|  -0.00|        -|       -|         -|        -|     -|        no|     -|         -|      2 (~0%)|    36 (~0%)|    -|
    |  o VITIS_LOOP_67_1                        |       -|   2.43|        -|       -|         1|        1|     -|       yes|     -|         -|            -|           -|    -|
    | + pass32                                  |  Timing|  -0.00|        -|       -|         -|        -|     -|        no|     -|         -|      2 (~0%)|    36 (~0%)|    -|
    |  o VITIS_LOOP_67_1                        |       -|   2.43|        -|       -|         1|        1|     -|       yes|     -|         -|            -|           -|    -|
    +-------------------------------------------+--------+-------+---------+--------+----------+---------+------+----------+------+----------+-------------+------------+-----+


================================================================
== HW Interfaces
================================================================
* AP_FIFO
+-----------+-----------+------------+
| Interface | Direction | Data Width |
+-----------+-----------+------------+
| a_in_0    | out       | 8          |
| a_in_1    | out       | 8          |
| a_in_2    | out       | 8          |
| a_in_3    | out       | 8          |
| a_in_4    | out       | 8          |
| a_in_5    | out       | 8          |
| a_in_6    | out       | 8          |
| a_in_7    | out       | 8          |
| b_in_0    | out       | 8          |
| b_in_1    | out       | 8          |
| b_in_2    | out       | 8          |
| b_in_3    | out       | 8          |
| b_in_4    | out       | 8          |
| b_in_5    | out       | 8          |
| b_in_6    | out       | 8          |
| b_in_7    | out       | 8          |
| c_out_0   | out       | 32         |
| c_out_1   | out       | 32         |
| c_out_2   | out       | 32         |
| c_out_3   | out       | 32         |
| c_out_4   | out       | 32         |
| c_out_5   | out       | 32         |
| c_out_6   | out       | 32         |
| c_out_7   | out       | 32         |
+-----------+-----------+------------+

* TOP LEVEL CONTROL
+-----------+--------------+----------+
| Interface | Type         | Ports    |
+-----------+--------------+----------+
| ap_clk    | clock        | ap_clk   |
| ap_rst_n  | reset        | ap_rst_n |
| ap_ctrl   | ap_ctrl_none |          |
+-----------+--------------+----------+


================================================================
== SW I/O Information
================================================================
* Top Function Arguments
+----------+-----------+------------------------+
| Argument | Direction | Datatype               |
+----------+-----------+------------------------+
| a_in_0   | in        | stream<ap_int<8>, 0>&  |
| a_in_1   | in        | stream<ap_int<8>, 0>&  |
| a_in_2   | in        | stream<ap_int<8>, 0>&  |
| a_in_3   | in        | stream<ap_int<8>, 0>&  |
| a_in_4   | in        | stream<ap_int<8>, 0>&  |
| a_in_5   | in        | stream<ap_int<8>, 0>&  |
| a_in_6   | in        | stream<ap_int<8>, 0>&  |
| a_in_7   | in        | stream<ap_int<8>, 0>&  |
| b_in_0   | in        | stream<ap_int<8>, 0>&  |
| b_in_1   | in        | stream<ap_int<8>, 0>&  |
| b_in_2   | in        | stream<ap_int<8>, 0>&  |
| b_in_3   | in        | stream<ap_int<8>, 0>&  |
| b_in_4   | in        | stream<ap_int<8>, 0>&  |
| b_in_5   | in        | stream<ap_int<8>, 0>&  |
| b_in_6   | in        | stream<ap_int<8>, 0>&  |
| b_in_7   | in        | stream<ap_int<8>, 0>&  |
| c_out_0  | out       | stream<ap_int<32>, 0>& |
| c_out_1  | out       | stream<ap_int<32>, 0>& |
| c_out_2  | out       | stream<ap_int<32>, 0>& |
| c_out_3  | out       | stream<ap_int<32>, 0>& |
| c_out_4  | out       | stream<ap_int<32>, 0>& |
| c_out_5  | out       | stream<ap_int<32>, 0>& |
| c_out_6  | out       | stream<ap_int<32>, 0>& |
| c_out_7  | out       | stream<ap_int<32>, 0>& |
+----------+-----------+------------------------+

* SW-to-HW Mapping
+----------+--------------+-----------+
| Argument | HW Interface | HW Type   |
+----------+--------------+-----------+
| a_in_0   | a_in_0       | interface |
| a_in_1   | a_in_1       | interface |
| a_in_2   | a_in_2       | interface |
| a_in_3   | a_in_3       | interface |
| a_in_4   | a_in_4       | interface |
| a_in_5   | a_in_5       | interface |
| a_in_6   | a_in_6       | interface |
| a_in_7   | a_in_7       | interface |
| b_in_0   | b_in_0       | interface |
| b_in_1   | b_in_1       | interface |
| b_in_2   | b_in_2       | interface |
| b_in_3   | b_in_3       | interface |
| b_in_4   | b_in_4       | interface |
| b_in_5   | b_in_5       | interface |
| b_in_6   | b_in_6       | interface |
| b_in_7   | b_in_7       | interface |
| c_out_0  | c_out_0      | interface |
| c_out_1  | c_out_1      | interface |
| c_out_2  | c_out_2      | interface |
| c_out_3  | c_out_3      | interface |
| c_out_4  | c_out_4      | interface |
| c_out_5  | c_out_5      | interface |
| c_out_6  | c_out_6      | interface |
| c_out_7  | c_out_7      | interface |
+----------+--------------+-----------+


================================================================
== Bind Op Report
================================================================
+------------------------------------------+-----+--------+----------+-----+-----------+---------+
| Name                                     | DSP | Pragma | Variable | Op  | Impl      | Latency |
+------------------------------------------+-----+--------+----------+-----+-----------+---------+
| + gemm_tile                              | 64  |        |          |     |           |         |
|  + pe_left_87                            | 1   |        |          |     |           |         |
|   + pe_left_87_Pipeline_VITIS_LOOP_14_2  | 1   |        |          |     |           |         |
|     k_64_fu_108_p2                       |     |        | k_64     | add | fabric    | 0       |
|     mac_muladd_8s_8s_19s_19_4_1_U161     | 1   |        | mul_ln18 | mul | dsp_slice | 3       |
|     mac_muladd_8s_8s_19s_19_4_1_U161     | 1   |        | acc      | add | dsp_slice | 3       |
|  + pe_rest_88                            | 1   |        |          |     |           |         |
|   + pe_rest_88_Pipeline_VITIS_LOOP_38_2  | 1   |        |          |     |           |         |
|     k_17_fu_108_p2                       |     |        | k_17     | add | fabric    | 0       |
|     mac_muladd_8s_8s_19s_19_4_1_U173     | 1   |        | mul_ln42 | mul | dsp_slice | 3       |
|     mac_muladd_8s_8s_19s_19_4_1_U173     | 1   |        | acc      | add | dsp_slice | 3       |
|  + pe_left_95                            | 1   |        |          |     |           |         |
|   + pe_left_95_Pipeline_VITIS_LOOP_14_2  | 1   |        |          |     |           |         |
|     k_63_fu_108_p2                       |     |        | k_63     | add | fabric    | 0       |
|     mac_muladd_8s_8s_19s_19_4_1_U269     | 1   |        | mul_ln18 | mul | dsp_slice | 3       |
|     mac_muladd_8s_8s_19s_19_4_1_U269     | 1   |        | acc      | add | dsp_slice | 3       |
|  + pe_rest_89                            | 1   |        |          |     |           |         |
|   + pe_rest_89_Pipeline_VITIS_LOOP_38_2  | 1   |        |          |     |           |         |
|     k_16_fu_108_p2                       |     |        | k_16     | add | fabric    | 0       |
|     mac_muladd_8s_8s_19s_19_4_1_U185     | 1   |        | mul_ln42 | mul | dsp_slice | 3       |
|     mac_muladd_8s_8s_19s_19_4_1_U185     | 1   |        | acc      | add | dsp_slice | 3       |
|   + pe_rest_89_Pipeline_VITIS_LOOP_47_3  | 0   |        |          |     |           |         |
|     n_17_fu_68_p2                        |     |        | n_17     | add | fabric    | 0       |
|  + pe_rest_96                            | 1   |        |          |     |           |         |
|   + pe_rest_96_Pipeline_VITIS_LOOP_38_2  | 1   |        |          |     |           |         |
|     k_10_fu_108_p2                       |     |        | k_10     | add | fabric    | 0       |
|     mac_muladd_8s_8s_19s_19_4_1_U280     | 1   |        | mul_ln42 | mul | dsp_slice | 3       |
|     mac_muladd_8s_8s_19s_19_4_1_U280     | 1   |        | acc      | add | dsp_slice | 3       |
|  + pe_left_103                           | 1   |        |          |     |           |         |
|   + pe_left_103_Pipeline_VITIS_LOOP_14_2 | 1   |        |          |     |           |         |
|     k_69_fu_108_p2                       |     |        | k_69     | add | fabric    | 0       |
|     mac_muladd_8s_8s_19s_19_4_1_U376     | 1   |        | mul_ln18 | mul | dsp_slice | 3       |
|     mac_muladd_8s_8s_19s_19_4_1_U376     | 1   |        | acc      | add | dsp_slice | 3       |
|  + pe_rest_90                            | 1   |        |          |     |           |         |
|   + pe_rest_90_Pipeline_VITIS_LOOP_38_2  | 1   |        |          |     |           |         |
|     k_15_fu_108_p2                       |     |        | k_15     | add | fabric    | 0       |
|     mac_muladd_8s_8s_19s_19_4_1_U199     | 1   |        | mul_ln42 | mul | dsp_slice | 3       |
|     mac_muladd_8s_8s_19s_19_4_1_U199     | 1   |        | acc      | add | dsp_slice | 3       |
|   + pe_rest_90_Pipeline_VITIS_LOOP_47_3  | 0   |        |          |     |           |         |
|     n_16_fu_68_p2                        |     |        | n_16     | add | fabric    | 0       |
|  + pe_rest_97                            | 1   |        |          |     |           |         |
|   + pe_rest_97_Pipeline_VITIS_LOOP_38_2  | 1   |        |          |     |           |         |
|     k_8_fu_108_p2                        |     |        | k_8      | add | fabric    | 0       |
|     mac_muladd_8s_8s_19s_19_4_1_U292     | 1   |        | mul_ln42 | mul | dsp_slice | 3       |
|     mac_muladd_8s_8s_19s_19_4_1_U292     | 1   |        | acc_4    | add | dsp_slice | 3       |
|   + pe_rest_97_Pipeline_VITIS_LOOP_47_3  | 0   |        |          |     |           |         |
|     n_8_fu_68_p2                         |     |        | n_8      | add | fabric    | 0       |
|  + pe_rest_104                           | 1   |        |          |     |           |         |
|   + pe_rest_104_Pipeline_VITIS_LOOP_38_2 | 1   |        |          |     |           |         |
|     k_58_fu_108_p2                       |     |        | k_58     | add | fabric    | 0       |
|     mac_muladd_8s_8s_19s_19_4_1_U387     | 1   |        | mul_ln42 | mul | dsp_slice | 3       |
|     mac_muladd_8s_8s_19s_19_4_1_U387     | 1   |        | acc      | add | dsp_slice | 3       |
|  + pe_left_111                           | 1   |        |          |     |           |         |
|   + pe_left_111_Pipeline_VITIS_LOOP_14_2 | 1   |        |          |     |           |         |
|     k_68_fu_108_p2                       |     |        | k_68     | add | fabric    | 0       |
|     mac_muladd_8s_8s_19s_19_4_1_U483     | 1   |        | mul_ln18 | mul | dsp_slice | 3       |
|     mac_muladd_8s_8s_19s_19_4_1_U483     | 1   |        | acc      | add | dsp_slice | 3       |
|  + pe_rest_91                            | 1   |        |          |     |           |         |
|   + pe_rest_91_Pipeline_VITIS_LOOP_38_2  | 1   |        |          |     |           |         |
|     k_14_fu_108_p2                       |     |        | k_14     | add | fabric    | 0       |
|     mac_muladd_8s_8s_19s_19_4_1_U213     | 1   |        | mul_ln42 | mul | dsp_slice | 3       |
|     mac_muladd_8s_8s_19s_19_4_1_U213     | 1   |        | acc      | add | dsp_slice | 3       |
|   + pe_rest_91_Pipeline_VITIS_LOOP_47_3  | 0   |        |          |     |           |         |
|     n_15_fu_68_p2                        |     |        | n_15     | add | fabric    | 0       |
|  + pe_rest_98                            | 1   |        |          |     |           |         |
|   + pe_rest_98_Pipeline_VITIS_LOOP_38_2  | 1   |        |          |     |           |         |
|     k_6_fu_108_p2                        |     |        | k_6      | add | fabric    | 0       |
|     mac_muladd_8s_8s_19s_19_4_1_U306     | 1   |        | mul_ln42 | mul | dsp_slice | 3       |
|     mac_muladd_8s_8s_19s_19_4_1_U306     | 1   |        | acc_3    | add | dsp_slice | 3       |
|   + pe_rest_98_Pipeline_VITIS_LOOP_47_3  | 0   |        |          |     |           |         |
|     n_6_fu_68_p2                         |     |        | n_6      | add | fabric    | 0       |
|  + pe_rest_105                           | 1   |        |          |     |           |         |
|   + pe_rest_105_Pipeline_VITIS_LOOP_38_2 | 1   |        |          |     |           |         |
|     k_57_fu_108_p2                       |     |        | k_57     | add | fabric    | 0       |
|     mac_muladd_8s_8s_19s_19_4_1_U399     | 1   |        | mul_ln42 | mul | dsp_slice | 3       |
|     mac_muladd_8s_8s_19s_19_4_1_U399     | 1   |        | acc      | add | dsp_slice | 3       |
|   + pe_rest_105_Pipeline_VITIS_LOOP_47_3 | 0   |        |          |     |           |         |
|     n_52_fu_68_p2                        |     |        | n_52     | add | fabric    | 0       |
|  + pe_rest_112                           | 1   |        |          |     |           |         |
|   + pe_rest_112_Pipeline_VITIS_LOOP_38_2 | 1   |        |          |     |           |         |
|     k_51_fu_108_p2                       |     |        | k_51     | add | fabric    | 0       |
|     mac_muladd_8s_8s_19s_19_4_1_U494     | 1   |        | mul_ln42 | mul | dsp_slice | 3       |
|     mac_muladd_8s_8s_19s_19_4_1_U494     | 1   |        | acc      | add | dsp_slice | 3       |
|  + pe_left_119                           | 1   |        |          |     |           |         |
|   + pe_left_119_Pipeline_VITIS_LOOP_14_2 | 1   |        |          |     |           |         |
|     k_67_fu_108_p2                       |     |        | k_67     | add | fabric    | 0       |
|     mac_muladd_8s_8s_19s_19_4_1_U590     | 1   |        | mul_ln18 | mul | dsp_slice | 3       |
|     mac_muladd_8s_8s_19s_19_4_1_U590     | 1   |        | acc      | add | dsp_slice | 3       |
|  + pe_rest_92                            | 1   |        |          |     |           |         |
|   + pe_rest_92_Pipeline_VITIS_LOOP_38_2  | 1   |        |          |     |           |         |
|     k_13_fu_108_p2                       |     |        | k_13     | add | fabric    | 0       |
|     mac_muladd_8s_8s_19s_19_4_1_U227     | 1   |        | mul_ln42 | mul | dsp_slice | 3       |
|     mac_muladd_8s_8s_19s_19_4_1_U227     | 1   |        | acc      | add | dsp_slice | 3       |
|   + pe_rest_92_Pipeline_VITIS_LOOP_47_3  | 0   |        |          |     |           |         |
|     n_14_fu_68_p2                        |     |        | n_14     | add | fabric    | 0       |
|  + pe_rest_99                            | 1   |        |          |     |           |         |
|   + pe_rest_99_Pipeline_VITIS_LOOP_38_2  | 1   |        |          |     |           |         |
|     k_4_fu_108_p2                        |     |        | k_4      | add | fabric    | 0       |
|     mac_muladd_8s_8s_19s_19_4_1_U320     | 1   |        | mul_ln42 | mul | dsp_slice | 3       |
|     mac_muladd_8s_8s_19s_19_4_1_U320     | 1   |        | acc_2    | add | dsp_slice | 3       |
|   + pe_rest_99_Pipeline_VITIS_LOOP_47_3  | 0   |        |          |     |           |         |
|     n_4_fu_68_p2                         |     |        | n_4      | add | fabric    | 0       |
|  + pe_rest_106                           | 1   |        |          |     |           |         |
|   + pe_rest_106_Pipeline_VITIS_LOOP_38_2 | 1   |        |          |     |           |         |
|     k_56_fu_108_p2                       |     |        | k_56     | add | fabric    | 0       |
|     mac_muladd_8s_8s_19s_19_4_1_U413     | 1   |        | mul_ln42 | mul | dsp_slice | 3       |
|     mac_muladd_8s_8s_19s_19_4_1_U413     | 1   |        | acc      | add | dsp_slice | 3       |
|   + pe_rest_106_Pipeline_VITIS_LOOP_47_3 | 0   |        |          |     |           |         |
|     n_51_fu_68_p2                        |     |        | n_51     | add | fabric    | 0       |
|  + pe_rest_113                           | 1   |        |          |     |           |         |
|   + pe_rest_113_Pipeline_VITIS_LOOP_38_2 | 1   |        |          |     |           |         |
|     k_50_fu_108_p2                       |     |        | k_50     | add | fabric    | 0       |
|     mac_muladd_8s_8s_19s_19_4_1_U506     | 1   |        | mul_ln42 | mul | dsp_slice | 3       |
|     mac_muladd_8s_8s_19s_19_4_1_U506     | 1   |        | acc      | add | dsp_slice | 3       |
|   + pe_rest_113_Pipeline_VITIS_LOOP_47_3 | 0   |        |          |     |           |         |
|     n_46_fu_68_p2                        |     |        | n_46     | add | fabric    | 0       |
|  + pe_rest_120                           | 1   |        |          |     |           |         |
|   + pe_rest_120_Pipeline_VITIS_LOOP_38_2 | 1   |        |          |     |           |         |
|     k_44_fu_108_p2                       |     |        | k_44     | add | fabric    | 0       |
|     mac_muladd_8s_8s_19s_19_4_1_U601     | 1   |        | mul_ln42 | mul | dsp_slice | 3       |
|     mac_muladd_8s_8s_19s_19_4_1_U601     | 1   |        | acc      | add | dsp_slice | 3       |
|  + pe_left_127                           | 1   |        |          |     |           |         |
|   + pe_left_127_Pipeline_VITIS_LOOP_14_2 | 1   |        |          |     |           |         |
|     k_66_fu_108_p2                       |     |        | k_66     | add | fabric    | 0       |
|     mac_muladd_8s_8s_19s_19_4_1_U697     | 1   |        | mul_ln18 | mul | dsp_slice | 3       |
|     mac_muladd_8s_8s_19s_19_4_1_U697     | 1   |        | acc      | add | dsp_slice | 3       |
|  + pe_rest_93                            | 1   |        |          |     |           |         |
|   + pe_rest_93_Pipeline_VITIS_LOOP_38_2  | 1   |        |          |     |           |         |
|     k_12_fu_108_p2                       |     |        | k_12     | add | fabric    | 0       |
|     mac_muladd_8s_8s_19s_19_4_1_U241     | 1   |        | mul_ln42 | mul | dsp_slice | 3       |
|     mac_muladd_8s_8s_19s_19_4_1_U241     | 1   |        | acc      | add | dsp_slice | 3       |
|   + pe_rest_93_Pipeline_VITIS_LOOP_47_3  | 0   |        |          |     |           |         |
|     n_12_fu_68_p2                        |     |        | n_12     | add | fabric    | 0       |
|  + pe_rest_100                           | 1   |        |          |     |           |         |
|   + pe_rest_100_Pipeline_VITIS_LOOP_38_2 | 1   |        |          |     |           |         |
|     k_61_fu_108_p2                       |     |        | k_61     | add | fabric    | 0       |
|     mac_muladd_8s_8s_19s_19_4_1_U334     | 1   |        | mul_ln42 | mul | dsp_slice | 3       |
|     mac_muladd_8s_8s_19s_19_4_1_U334     | 1   |        | acc      | add | dsp_slice | 3       |
|   + pe_rest_100_Pipeline_VITIS_LOOP_47_3 | 0   |        |          |     |           |         |
|     n_55_fu_68_p2                        |     |        | n_55     | add | fabric    | 0       |
|  + pe_rest_107                           | 1   |        |          |     |           |         |
|   + pe_rest_107_Pipeline_VITIS_LOOP_38_2 | 1   |        |          |     |           |         |
|     k_55_fu_108_p2                       |     |        | k_55     | add | fabric    | 0       |
|     mac_muladd_8s_8s_19s_19_4_1_U427     | 1   |        | mul_ln42 | mul | dsp_slice | 3       |
|     mac_muladd_8s_8s_19s_19_4_1_U427     | 1   |        | acc      | add | dsp_slice | 3       |
|   + pe_rest_107_Pipeline_VITIS_LOOP_47_3 | 0   |        |          |     |           |         |
|     n_50_fu_68_p2                        |     |        | n_50     | add | fabric    | 0       |
|  + pe_rest_114                           | 1   |        |          |     |           |         |
|   + pe_rest_114_Pipeline_VITIS_LOOP_38_2 | 1   |        |          |     |           |         |
|     k_49_fu_108_p2                       |     |        | k_49     | add | fabric    | 0       |
|     mac_muladd_8s_8s_19s_19_4_1_U520     | 1   |        | mul_ln42 | mul | dsp_slice | 3       |
|     mac_muladd_8s_8s_19s_19_4_1_U520     | 1   |        | acc      | add | dsp_slice | 3       |
|   + pe_rest_114_Pipeline_VITIS_LOOP_47_3 | 0   |        |          |     |           |         |
|     n_45_fu_68_p2                        |     |        | n_45     | add | fabric    | 0       |
|  + pe_rest_121                           | 1   |        |          |     |           |         |
|   + pe_rest_121_Pipeline_VITIS_LOOP_38_2 | 1   |        |          |     |           |         |
|     k_43_fu_108_p2                       |     |        | k_43     | add | fabric    | 0       |
|     mac_muladd_8s_8s_19s_19_4_1_U613     | 1   |        | mul_ln42 | mul | dsp_slice | 3       |
|     mac_muladd_8s_8s_19s_19_4_1_U613     | 1   |        | acc      | add | dsp_slice | 3       |
|   + pe_rest_121_Pipeline_VITIS_LOOP_47_3 | 0   |        |          |     |           |         |
|     n_40_fu_68_p2                        |     |        | n_40     | add | fabric    | 0       |
|  + pe_rest_128                           | 1   |        |          |     |           |         |
|   + pe_rest_128_Pipeline_VITIS_LOOP_38_2 | 1   |        |          |     |           |         |
|     k_37_fu_108_p2                       |     |        | k_37     | add | fabric    | 0       |
|     mac_muladd_8s_8s_19s_19_4_1_U708     | 1   |        | mul_ln42 | mul | dsp_slice | 3       |
|     mac_muladd_8s_8s_19s_19_4_1_U708     | 1   |        | acc      | add | dsp_slice | 3       |
|  + pe_left_135                           | 1   |        |          |     |           |         |
|   + pe_left_135_Pipeline_VITIS_LOOP_14_2 | 1   |        |          |     |           |         |
|     k_65_fu_108_p2                       |     |        | k_65     | add | fabric    | 0       |
|     mac_muladd_8s_8s_19s_19_4_1_U804     | 1   |        | mul_ln18 | mul | dsp_slice | 3       |
|     mac_muladd_8s_8s_19s_19_4_1_U804     | 1   |        | acc      | add | dsp_slice | 3       |
|  + pe_rest_94                            | 1   |        |          |     |           |         |
|   + pe_rest_94_Pipeline_VITIS_LOOP_38_2  | 1   |        |          |     |           |         |
|     k_11_fu_108_p2                       |     |        | k_11     | add | fabric    | 0       |
|     mac_muladd_8s_8s_19s_19_4_1_U255     | 1   |        | mul_ln42 | mul | dsp_slice | 3       |
|     mac_muladd_8s_8s_19s_19_4_1_U255     | 1   |        | acc      | add | dsp_slice | 3       |
|   + pe_rest_94_Pipeline_VITIS_LOOP_47_3  | 0   |        |          |     |           |         |
|     n_10_fu_68_p2                        |     |        | n_10     | add | fabric    | 0       |
|  + pe_rest_101                           | 1   |        |          |     |           |         |
|   + pe_rest_101_Pipeline_VITIS_LOOP_38_2 | 1   |        |          |     |           |         |
|     k_60_fu_108_p2                       |     |        | k_60     | add | fabric    | 0       |
|     mac_muladd_8s_8s_19s_19_4_1_U348     | 1   |        | mul_ln42 | mul | dsp_slice | 3       |
|     mac_muladd_8s_8s_19s_19_4_1_U348     | 1   |        | acc      | add | dsp_slice | 3       |
|   + pe_rest_101_Pipeline_VITIS_LOOP_47_3 | 0   |        |          |     |           |         |
|     n_54_fu_68_p2                        |     |        | n_54     | add | fabric    | 0       |
|  + pe_rest_108                           | 1   |        |          |     |           |         |
|   + pe_rest_108_Pipeline_VITIS_LOOP_38_2 | 1   |        |          |     |           |         |
|     k_54_fu_108_p2                       |     |        | k_54     | add | fabric    | 0       |
|     mac_muladd_8s_8s_19s_19_4_1_U441     | 1   |        | mul_ln42 | mul | dsp_slice | 3       |
|     mac_muladd_8s_8s_19s_19_4_1_U441     | 1   |        | acc      | add | dsp_slice | 3       |
|   + pe_rest_108_Pipeline_VITIS_LOOP_47_3 | 0   |        |          |     |           |         |
|     n_49_fu_68_p2                        |     |        | n_49     | add | fabric    | 0       |
|  + pe_rest_115                           | 1   |        |          |     |           |         |
|   + pe_rest_115_Pipeline_VITIS_LOOP_38_2 | 1   |        |          |     |           |         |
|     k_48_fu_108_p2                       |     |        | k_48     | add | fabric    | 0       |
|     mac_muladd_8s_8s_19s_19_4_1_U534     | 1   |        | mul_ln42 | mul | dsp_slice | 3       |
|     mac_muladd_8s_8s_19s_19_4_1_U534     | 1   |        | acc      | add | dsp_slice | 3       |
|   + pe_rest_115_Pipeline_VITIS_LOOP_47_3 | 0   |        |          |     |           |         |
|     n_44_fu_68_p2                        |     |        | n_44     | add | fabric    | 0       |
|  + pe_rest_122                           | 1   |        |          |     |           |         |
|   + pe_rest_122_Pipeline_VITIS_LOOP_38_2 | 1   |        |          |     |           |         |
|     k_42_fu_108_p2                       |     |        | k_42     | add | fabric    | 0       |
|     mac_muladd_8s_8s_19s_19_4_1_U627     | 1   |        | mul_ln42 | mul | dsp_slice | 3       |
|     mac_muladd_8s_8s_19s_19_4_1_U627     | 1   |        | acc      | add | dsp_slice | 3       |
|   + pe_rest_122_Pipeline_VITIS_LOOP_47_3 | 0   |        |          |     |           |         |
|     n_39_fu_68_p2                        |     |        | n_39     | add | fabric    | 0       |
|  + pe_rest_129                           | 1   |        |          |     |           |         |
|   + pe_rest_129_Pipeline_VITIS_LOOP_38_2 | 1   |        |          |     |           |         |
|     k_36_fu_108_p2                       |     |        | k_36     | add | fabric    | 0       |
|     mac_muladd_8s_8s_19s_19_4_1_U720     | 1   |        | mul_ln42 | mul | dsp_slice | 3       |
|     mac_muladd_8s_8s_19s_19_4_1_U720     | 1   |        | acc      | add | dsp_slice | 3       |
|   + pe_rest_129_Pipeline_VITIS_LOOP_47_3 | 0   |        |          |     |           |         |
|     n_34_fu_68_p2                        |     |        | n_34     | add | fabric    | 0       |
|  + pe_rest_136                           | 1   |        |          |     |           |         |
|   + pe_rest_136_Pipeline_VITIS_LOOP_38_2 | 1   |        |          |     |           |         |
|     k_30_fu_108_p2                       |     |        | k_30     | add | fabric    | 0       |
|     mac_muladd_8s_8s_19s_19_4_1_U815     | 1   |        | mul_ln42 | mul | dsp_slice | 3       |
|     mac_muladd_8s_8s_19s_19_4_1_U815     | 1   |        | acc      | add | dsp_slice | 3       |
|  + pe_left                               | 1   |        |          |     |           |         |
|   + pe_left_Pipeline_VITIS_LOOP_14_2     | 1   |        |          |     |           |         |
|     k_62_fu_108_p2                       |     |        | k_62     | add | fabric    | 0       |
|     mac_muladd_8s_8s_19s_19_4_1_U911     | 1   |        | mul_ln18 | mul | dsp_slice | 3       |
|     mac_muladd_8s_8s_19s_19_4_1_U911     | 1   |        | acc      | add | dsp_slice | 3       |
|  + pe_rest_102                           | 1   |        |          |     |           |         |
|   + pe_rest_102_Pipeline_VITIS_LOOP_38_2 | 1   |        |          |     |           |         |
|     k_59_fu_108_p2                       |     |        | k_59     | add | fabric    | 0       |
|     mac_muladd_8s_8s_19s_19_4_1_U362     | 1   |        | mul_ln42 | mul | dsp_slice | 3       |
|     mac_muladd_8s_8s_19s_19_4_1_U362     | 1   |        | acc      | add | dsp_slice | 3       |
|   + pe_rest_102_Pipeline_VITIS_LOOP_47_3 | 0   |        |          |     |           |         |
|     n_53_fu_68_p2                        |     |        | n_53     | add | fabric    | 0       |
|  + pe_rest_109                           | 1   |        |          |     |           |         |
|   + pe_rest_109_Pipeline_VITIS_LOOP_38_2 | 1   |        |          |     |           |         |
|     k_53_fu_108_p2                       |     |        | k_53     | add | fabric    | 0       |
|     mac_muladd_8s_8s_19s_19_4_1_U455     | 1   |        | mul_ln42 | mul | dsp_slice | 3       |
|     mac_muladd_8s_8s_19s_19_4_1_U455     | 1   |        | acc      | add | dsp_slice | 3       |
|   + pe_rest_109_Pipeline_VITIS_LOOP_47_3 | 0   |        |          |     |           |         |
|     n_48_fu_68_p2                        |     |        | n_48     | add | fabric    | 0       |
|  + pe_rest_116                           | 1   |        |          |     |           |         |
|   + pe_rest_116_Pipeline_VITIS_LOOP_38_2 | 1   |        |          |     |           |         |
|     k_47_fu_108_p2                       |     |        | k_47     | add | fabric    | 0       |
|     mac_muladd_8s_8s_19s_19_4_1_U548     | 1   |        | mul_ln42 | mul | dsp_slice | 3       |
|     mac_muladd_8s_8s_19s_19_4_1_U548     | 1   |        | acc      | add | dsp_slice | 3       |
|   + pe_rest_116_Pipeline_VITIS_LOOP_47_3 | 0   |        |          |     |           |         |
|     n_43_fu_68_p2                        |     |        | n_43     | add | fabric    | 0       |
|  + pe_rest_123                           | 1   |        |          |     |           |         |
|   + pe_rest_123_Pipeline_VITIS_LOOP_38_2 | 1   |        |          |     |           |         |
|     k_41_fu_108_p2                       |     |        | k_41     | add | fabric    | 0       |
|     mac_muladd_8s_8s_19s_19_4_1_U641     | 1   |        | mul_ln42 | mul | dsp_slice | 3       |
|     mac_muladd_8s_8s_19s_19_4_1_U641     | 1   |        | acc      | add | dsp_slice | 3       |
|   + pe_rest_123_Pipeline_VITIS_LOOP_47_3 | 0   |        |          |     |           |         |
|     n_38_fu_68_p2                        |     |        | n_38     | add | fabric    | 0       |
|  + pe_rest_130                           | 1   |        |          |     |           |         |
|   + pe_rest_130_Pipeline_VITIS_LOOP_38_2 | 1   |        |          |     |           |         |
|     k_35_fu_108_p2                       |     |        | k_35     | add | fabric    | 0       |
|     mac_muladd_8s_8s_19s_19_4_1_U734     | 1   |        | mul_ln42 | mul | dsp_slice | 3       |
|     mac_muladd_8s_8s_19s_19_4_1_U734     | 1   |        | acc      | add | dsp_slice | 3       |
|   + pe_rest_130_Pipeline_VITIS_LOOP_47_3 | 0   |        |          |     |           |         |
|     n_33_fu_68_p2                        |     |        | n_33     | add | fabric    | 0       |
|  + pe_rest_137                           | 1   |        |          |     |           |         |
|   + pe_rest_137_Pipeline_VITIS_LOOP_38_2 | 1   |        |          |     |           |         |
|     k_29_fu_108_p2                       |     |        | k_29     | add | fabric    | 0       |
|     mac_muladd_8s_8s_19s_19_4_1_U827     | 1   |        | mul_ln42 | mul | dsp_slice | 3       |
|     mac_muladd_8s_8s_19s_19_4_1_U827     | 1   |        | acc      | add | dsp_slice | 3       |
|   + pe_rest_137_Pipeline_VITIS_LOOP_47_3 | 0   |        |          |     |           |         |
|     n_28_fu_68_p2                        |     |        | n_28     | add | fabric    | 0       |
|  + pe_rest_143                           | 1   |        |          |     |           |         |
|   + pe_rest_143_Pipeline_VITIS_LOOP_38_2 | 1   |        |          |     |           |         |
|     k_23_fu_108_p2                       |     |        | k_23     | add | fabric    | 0       |
|     mac_muladd_8s_8s_19s_19_4_1_U922     | 1   |        | mul_ln42 | mul | dsp_slice | 3       |
|     mac_muladd_8s_8s_19s_19_4_1_U922     | 1   |        | acc      | add | dsp_slice | 3       |
|  + pe_rest_110                           | 1   |        |          |     |           |         |
|   + pe_rest_110_Pipeline_VITIS_LOOP_38_2 | 1   |        |          |     |           |         |
|     k_52_fu_108_p2                       |     |        | k_52     | add | fabric    | 0       |
|     mac_muladd_8s_8s_19s_19_4_1_U469     | 1   |        | mul_ln42 | mul | dsp_slice | 3       |
|     mac_muladd_8s_8s_19s_19_4_1_U469     | 1   |        | acc      | add | dsp_slice | 3       |
|   + pe_rest_110_Pipeline_VITIS_LOOP_47_3 | 0   |        |          |     |           |         |
|     n_47_fu_68_p2                        |     |        | n_47     | add | fabric    | 0       |
|  + pe_rest_117                           | 1   |        |          |     |           |         |
|   + pe_rest_117_Pipeline_VITIS_LOOP_38_2 | 1   |        |          |     |           |         |
|     k_46_fu_108_p2                       |     |        | k_46     | add | fabric    | 0       |
|     mac_muladd_8s_8s_19s_19_4_1_U562     | 1   |        | mul_ln42 | mul | dsp_slice | 3       |
|     mac_muladd_8s_8s_19s_19_4_1_U562     | 1   |        | acc      | add | dsp_slice | 3       |
|   + pe_rest_117_Pipeline_VITIS_LOOP_47_3 | 0   |        |          |     |           |         |
|     n_42_fu_68_p2                        |     |        | n_42     | add | fabric    | 0       |
|  + pe_rest_124                           | 1   |        |          |     |           |         |
|   + pe_rest_124_Pipeline_VITIS_LOOP_38_2 | 1   |        |          |     |           |         |
|     k_40_fu_108_p2                       |     |        | k_40     | add | fabric    | 0       |
|     mac_muladd_8s_8s_19s_19_4_1_U655     | 1   |        | mul_ln42 | mul | dsp_slice | 3       |
|     mac_muladd_8s_8s_19s_19_4_1_U655     | 1   |        | acc      | add | dsp_slice | 3       |
|   + pe_rest_124_Pipeline_VITIS_LOOP_47_3 | 0   |        |          |     |           |         |
|     n_37_fu_68_p2                        |     |        | n_37     | add | fabric    | 0       |
|  + pe_rest_131                           | 1   |        |          |     |           |         |
|   + pe_rest_131_Pipeline_VITIS_LOOP_38_2 | 1   |        |          |     |           |         |
|     k_34_fu_108_p2                       |     |        | k_34     | add | fabric    | 0       |
|     mac_muladd_8s_8s_19s_19_4_1_U748     | 1   |        | mul_ln42 | mul | dsp_slice | 3       |
|     mac_muladd_8s_8s_19s_19_4_1_U748     | 1   |        | acc      | add | dsp_slice | 3       |
|   + pe_rest_131_Pipeline_VITIS_LOOP_47_3 | 0   |        |          |     |           |         |
|     n_32_fu_68_p2                        |     |        | n_32     | add | fabric    | 0       |
|  + pe_rest_138                           | 1   |        |          |     |           |         |
|   + pe_rest_138_Pipeline_VITIS_LOOP_38_2 | 1   |        |          |     |           |         |
|     k_28_fu_108_p2                       |     |        | k_28     | add | fabric    | 0       |
|     mac_muladd_8s_8s_19s_19_4_1_U841     | 1   |        | mul_ln42 | mul | dsp_slice | 3       |
|     mac_muladd_8s_8s_19s_19_4_1_U841     | 1   |        | acc      | add | dsp_slice | 3       |
|   + pe_rest_138_Pipeline_VITIS_LOOP_47_3 | 0   |        |          |     |           |         |
|     n_27_fu_68_p2                        |     |        | n_27     | add | fabric    | 0       |
|  + pe_rest_144                           | 1   |        |          |     |           |         |
|   + pe_rest_144_Pipeline_VITIS_LOOP_38_2 | 1   |        |          |     |           |         |
|     k_22_fu_108_p2                       |     |        | k_22     | add | fabric    | 0       |
|     mac_muladd_8s_8s_19s_19_4_1_U934     | 1   |        | mul_ln42 | mul | dsp_slice | 3       |
|     mac_muladd_8s_8s_19s_19_4_1_U934     | 1   |        | acc      | add | dsp_slice | 3       |
|   + pe_rest_144_Pipeline_VITIS_LOOP_47_3 | 0   |        |          |     |           |         |
|     n_22_fu_68_p2                        |     |        | n_22     | add | fabric    | 0       |
|  + pe_rest_118                           | 1   |        |          |     |           |         |
|   + pe_rest_118_Pipeline_VITIS_LOOP_38_2 | 1   |        |          |     |           |         |
|     k_45_fu_108_p2                       |     |        | k_45     | add | fabric    | 0       |
|     mac_muladd_8s_8s_19s_19_4_1_U576     | 1   |        | mul_ln42 | mul | dsp_slice | 3       |
|     mac_muladd_8s_8s_19s_19_4_1_U576     | 1   |        | acc      | add | dsp_slice | 3       |
|   + pe_rest_118_Pipeline_VITIS_LOOP_47_3 | 0   |        |          |     |           |         |
|     n_41_fu_68_p2                        |     |        | n_41     | add | fabric    | 0       |
|  + pe_rest_125                           | 1   |        |          |     |           |         |
|   + pe_rest_125_Pipeline_VITIS_LOOP_38_2 | 1   |        |          |     |           |         |
|     k_39_fu_108_p2                       |     |        | k_39     | add | fabric    | 0       |
|     mac_muladd_8s_8s_19s_19_4_1_U669     | 1   |        | mul_ln42 | mul | dsp_slice | 3       |
|     mac_muladd_8s_8s_19s_19_4_1_U669     | 1   |        | acc      | add | dsp_slice | 3       |
|   + pe_rest_125_Pipeline_VITIS_LOOP_47_3 | 0   |        |          |     |           |         |
|     n_36_fu_68_p2                        |     |        | n_36     | add | fabric    | 0       |
|  + pe_rest_132                           | 1   |        |          |     |           |         |
|   + pe_rest_132_Pipeline_VITIS_LOOP_38_2 | 1   |        |          |     |           |         |
|     k_33_fu_108_p2                       |     |        | k_33     | add | fabric    | 0       |
|     mac_muladd_8s_8s_19s_19_4_1_U762     | 1   |        | mul_ln42 | mul | dsp_slice | 3       |
|     mac_muladd_8s_8s_19s_19_4_1_U762     | 1   |        | acc      | add | dsp_slice | 3       |
|   + pe_rest_132_Pipeline_VITIS_LOOP_47_3 | 0   |        |          |     |           |         |
|     n_31_fu_68_p2                        |     |        | n_31     | add | fabric    | 0       |
|  + pe_rest_139                           | 1   |        |          |     |           |         |
|   + pe_rest_139_Pipeline_VITIS_LOOP_38_2 | 1   |        |          |     |           |         |
|     k_27_fu_108_p2                       |     |        | k_27     | add | fabric    | 0       |
|     mac_muladd_8s_8s_19s_19_4_1_U855     | 1   |        | mul_ln42 | mul | dsp_slice | 3       |
|     mac_muladd_8s_8s_19s_19_4_1_U855     | 1   |        | acc      | add | dsp_slice | 3       |
|   + pe_rest_139_Pipeline_VITIS_LOOP_47_3 | 0   |        |          |     |           |         |
|     n_26_fu_68_p2                        |     |        | n_26     | add | fabric    | 0       |
|  + pe_rest_145                           | 1   |        |          |     |           |         |
|   + pe_rest_145_Pipeline_VITIS_LOOP_38_2 | 1   |        |          |     |           |         |
|     k_21_fu_108_p2                       |     |        | k_21     | add | fabric    | 0       |
|     mac_muladd_8s_8s_19s_19_4_1_U948     | 1   |        | mul_ln42 | mul | dsp_slice | 3       |
|     mac_muladd_8s_8s_19s_19_4_1_U948     | 1   |        | acc      | add | dsp_slice | 3       |
|   + pe_rest_145_Pipeline_VITIS_LOOP_47_3 | 0   |        |          |     |           |         |
|     n_21_fu_68_p2                        |     |        | n_21     | add | fabric    | 0       |
|  + pe_rest_126                           | 1   |        |          |     |           |         |
|   + pe_rest_126_Pipeline_VITIS_LOOP_38_2 | 1   |        |          |     |           |         |
|     k_38_fu_108_p2                       |     |        | k_38     | add | fabric    | 0       |
|     mac_muladd_8s_8s_19s_19_4_1_U683     | 1   |        | mul_ln42 | mul | dsp_slice | 3       |
|     mac_muladd_8s_8s_19s_19_4_1_U683     | 1   |        | acc      | add | dsp_slice | 3       |
|   + pe_rest_126_Pipeline_VITIS_LOOP_47_3 | 0   |        |          |     |           |         |
|     n_35_fu_68_p2                        |     |        | n_35     | add | fabric    | 0       |
|  + pe_rest_133                           | 1   |        |          |     |           |         |
|   + pe_rest_133_Pipeline_VITIS_LOOP_38_2 | 1   |        |          |     |           |         |
|     k_32_fu_108_p2                       |     |        | k_32     | add | fabric    | 0       |
|     mac_muladd_8s_8s_19s_19_4_1_U776     | 1   |        | mul_ln42 | mul | dsp_slice | 3       |
|     mac_muladd_8s_8s_19s_19_4_1_U776     | 1   |        | acc      | add | dsp_slice | 3       |
|   + pe_rest_133_Pipeline_VITIS_LOOP_47_3 | 0   |        |          |     |           |         |
|     n_30_fu_68_p2                        |     |        | n_30     | add | fabric    | 0       |
|  + pe_rest_140                           | 1   |        |          |     |           |         |
|   + pe_rest_140_Pipeline_VITIS_LOOP_38_2 | 1   |        |          |     |           |         |
|     k_26_fu_108_p2                       |     |        | k_26     | add | fabric    | 0       |
|     mac_muladd_8s_8s_19s_19_4_1_U869     | 1   |        | mul_ln42 | mul | dsp_slice | 3       |
|     mac_muladd_8s_8s_19s_19_4_1_U869     | 1   |        | acc      | add | dsp_slice | 3       |
|   + pe_rest_140_Pipeline_VITIS_LOOP_47_3 | 0   |        |          |     |           |         |
|     n_25_fu_68_p2                        |     |        | n_25     | add | fabric    | 0       |
|  + pe_rest_146                           | 1   |        |          |     |           |         |
|   + pe_rest_146_Pipeline_VITIS_LOOP_38_2 | 1   |        |          |     |           |         |
|     k_20_fu_108_p2                       |     |        | k_20     | add | fabric    | 0       |
|     mac_muladd_8s_8s_19s_19_4_1_U962     | 1   |        | mul_ln42 | mul | dsp_slice | 3       |
|     mac_muladd_8s_8s_19s_19_4_1_U962     | 1   |        | acc      | add | dsp_slice | 3       |
|   + pe_rest_146_Pipeline_VITIS_LOOP_47_3 | 0   |        |          |     |           |         |
|     n_20_fu_68_p2                        |     |        | n_20     | add | fabric    | 0       |
|  + pe_rest_134                           | 1   |        |          |     |           |         |
|   + pe_rest_134_Pipeline_VITIS_LOOP_38_2 | 1   |        |          |     |           |         |
|     k_31_fu_108_p2                       |     |        | k_31     | add | fabric    | 0       |
|     mac_muladd_8s_8s_19s_19_4_1_U790     | 1   |        | mul_ln42 | mul | dsp_slice | 3       |
|     mac_muladd_8s_8s_19s_19_4_1_U790     | 1   |        | acc      | add | dsp_slice | 3       |
|   + pe_rest_134_Pipeline_VITIS_LOOP_47_3 | 0   |        |          |     |           |         |
|     n_29_fu_68_p2                        |     |        | n_29     | add | fabric    | 0       |
|  + pe_rest_141                           | 1   |        |          |     |           |         |
|   + pe_rest_141_Pipeline_VITIS_LOOP_38_2 | 1   |        |          |     |           |         |
|     k_25_fu_108_p2                       |     |        | k_25     | add | fabric    | 0       |
|     mac_muladd_8s_8s_19s_19_4_1_U883     | 1   |        | mul_ln42 | mul | dsp_slice | 3       |
|     mac_muladd_8s_8s_19s_19_4_1_U883     | 1   |        | acc      | add | dsp_slice | 3       |
|   + pe_rest_141_Pipeline_VITIS_LOOP_47_3 | 0   |        |          |     |           |         |
|     n_24_fu_68_p2                        |     |        | n_24     | add | fabric    | 0       |
|  + pe_rest_147                           | 1   |        |          |     |           |         |
|   + pe_rest_147_Pipeline_VITIS_LOOP_38_2 | 1   |        |          |     |           |         |
|     k_19_fu_108_p2                       |     |        | k_19     | add | fabric    | 0       |
|     mac_muladd_8s_8s_19s_19_4_1_U976     | 1   |        | mul_ln42 | mul | dsp_slice | 3       |
|     mac_muladd_8s_8s_19s_19_4_1_U976     | 1   |        | acc      | add | dsp_slice | 3       |
|   + pe_rest_147_Pipeline_VITIS_LOOP_47_3 | 0   |        |          |     |           |         |
|     n_19_fu_68_p2                        |     |        | n_19     | add | fabric    | 0       |
|  + pe_rest_142                           | 1   |        |          |     |           |         |
|   + pe_rest_142_Pipeline_VITIS_LOOP_38_2 | 1   |        |          |     |           |         |
|     k_24_fu_108_p2                       |     |        | k_24     | add | fabric    | 0       |
|     mac_muladd_8s_8s_19s_19_4_1_U897     | 1   |        | mul_ln42 | mul | dsp_slice | 3       |
|     mac_muladd_8s_8s_19s_19_4_1_U897     | 1   |        | acc      | add | dsp_slice | 3       |
|   + pe_rest_142_Pipeline_VITIS_LOOP_47_3 | 0   |        |          |     |           |         |
|     n_23_fu_68_p2                        |     |        | n_23     | add | fabric    | 0       |
|  + pe_rest_148                           | 1   |        |          |     |           |         |
|   + pe_rest_148_Pipeline_VITIS_LOOP_38_2 | 1   |        |          |     |           |         |
|     k_18_fu_108_p2                       |     |        | k_18     | add | fabric    | 0       |
|     mac_muladd_8s_8s_19s_19_4_1_U990     | 1   |        | mul_ln42 | mul | dsp_slice | 3       |
|     mac_muladd_8s_8s_19s_19_4_1_U990     | 1   |        | acc      | add | dsp_slice | 3       |
|   + pe_rest_148_Pipeline_VITIS_LOOP_47_3 | 0   |        |          |     |           |         |
|     n_18_fu_68_p2                        |     |        | n_18     | add | fabric    | 0       |
|  + pe_rest                               | 1   |        |          |     |           |         |
|   + pe_rest_Pipeline_VITIS_LOOP_38_2     | 1   |        |          |     |           |         |
|     k_2_fu_108_p2                        |     |        | k_2      | add | fabric    | 0       |
|     mac_muladd_8s_8s_19s_19_4_1_U1004    | 1   |        | mul_ln42 | mul | dsp_slice | 3       |
|     mac_muladd_8s_8s_19s_19_4_1_U1004    | 1   |        | acc      | add | dsp_slice | 3       |
|   + pe_rest_Pipeline_VITIS_LOOP_47_3     | 0   |        |          |     |           |         |
|     n_2_fu_68_p2                         |     |        | n_2      | add | fabric    | 0       |
+------------------------------------------+-----+--------+----------+-----+-----------+---------+


================================================================
== Storage Report
================================================================
+----------------+--------------+--------+------+------+--------+------------+------+---------+------------------+
| Name           | Usage        | Type   | BRAM | URAM | Pragma | Variable   | Impl | Latency | Bitwidth, Depth, |
|                |              |        |      |      |        |            |      |         | Banks            |
+----------------+--------------+--------+------+------+--------+------------+------+---------+------------------+
| + gemm_tile    |              |        | 0    | 0    |        |            |      |         |                  |
|   a_h_U        | fifo channel | stream |      |      |        | a_h        | srl  | 0       | 8, 2, 1          |
|   a_delay_U    | fifo channel | stream |      |      |        | a_delay    | srl  | 0       | 8, 2, 1          |
|   a_h_9_U      | fifo channel | stream |      |      |        | a_h_9      | srl  | 0       | 8, 2, 1          |
|   a_delay_1_U  | fifo channel | stream |      |      |        | a_delay_1  | srl  | 0       | 8, 2, 1          |
|   a_delay_2_U  | fifo channel | stream |      |      |        | a_delay_2  | srl  | 0       | 8, 2, 1          |
|   a_h_18_U     | fifo channel | stream |      |      |        | a_h_18     | srl  | 0       | 8, 2, 1          |
|   a_delay_3_U  | fifo channel | stream |      |      |        | a_delay_3  | srl  | 0       | 8, 2, 1          |
|   a_delay_4_U  | fifo channel | stream |      |      |        | a_delay_4  | srl  | 0       | 8, 2, 1          |
|   a_delay_5_U  | fifo channel | stream |      |      |        | a_delay_5  | srl  | 0       | 8, 2, 1          |
|   a_h_27_U     | fifo channel | stream |      |      |        | a_h_27     | srl  | 0       | 8, 2, 1          |
|   a_delay_6_U  | fifo channel | stream |      |      |        | a_delay_6  | srl  | 0       | 8, 2, 1          |
|   a_delay_7_U  | fifo channel | stream |      |      |        | a_delay_7  | srl  | 0       | 8, 2, 1          |
|   a_delay_8_U  | fifo channel | stream |      |      |        | a_delay_8  | srl  | 0       | 8, 2, 1          |
|   a_delay_9_U  | fifo channel | stream |      |      |        | a_delay_9  | srl  | 0       | 8, 2, 1          |
|   a_h_36_U     | fifo channel | stream |      |      |        | a_h_36     | srl  | 0       | 8, 2, 1          |
|   a_delay_10_U | fifo channel | stream |      |      |        | a_delay_10 | srl  | 0       | 8, 2, 1          |
|   a_delay_11_U | fifo channel | stream |      |      |        | a_delay_11 | srl  | 0       | 8, 2, 1          |
|   a_delay_12_U | fifo channel | stream |      |      |        | a_delay_12 | srl  | 0       | 8, 2, 1          |
|   a_delay_13_U | fifo channel | stream |      |      |        | a_delay_13 | srl  | 0       | 8, 2, 1          |
|   a_delay_14_U | fifo channel | stream |      |      |        | a_delay_14 | srl  | 0       | 8, 2, 1          |
|   a_h_45_U     | fifo channel | stream |      |      |        | a_h_45     | srl  | 0       | 8, 2, 1          |
|   a_delay_15_U | fifo channel | stream |      |      |        | a_delay_15 | srl  | 0       | 8, 2, 1          |
|   a_delay_16_U | fifo channel | stream |      |      |        | a_delay_16 | srl  | 0       | 8, 2, 1          |
|   a_delay_17_U | fifo channel | stream |      |      |        | a_delay_17 | srl  | 0       | 8, 2, 1          |
|   a_delay_18_U | fifo channel | stream |      |      |        | a_delay_18 | srl  | 0       | 8, 2, 1          |
|   a_delay_19_U | fifo channel | stream |      |      |        | a_delay_19 | srl  | 0       | 8, 2, 1          |
|   a_delay_20_U | fifo channel | stream |      |      |        | a_delay_20 | srl  | 0       | 8, 2, 1          |
|   a_h_54_U     | fifo channel | stream |      |      |        | a_h_54     | srl  | 0       | 8, 2, 1          |
|   a_delay_21_U | fifo channel | stream |      |      |        | a_delay_21 | srl  | 0       | 8, 2, 1          |
|   a_delay_22_U | fifo channel | stream |      |      |        | a_delay_22 | srl  | 0       | 8, 2, 1          |
|   a_delay_23_U | fifo channel | stream |      |      |        | a_delay_23 | srl  | 0       | 8, 2, 1          |
|   a_delay_24_U | fifo channel | stream |      |      |        | a_delay_24 | srl  | 0       | 8, 2, 1          |
|   a_delay_25_U | fifo channel | stream |      |      |        | a_delay_25 | srl  | 0       | 8, 2, 1          |
|   a_delay_26_U | fifo channel | stream |      |      |        | a_delay_26 | srl  | 0       | 8, 2, 1          |
|   a_delay_27_U | fifo channel | stream |      |      |        | a_delay_27 | srl  | 0       | 8, 2, 1          |
|   a_h_63_U     | fifo channel | stream |      |      |        | a_h_63     | srl  | 0       | 8, 2, 1          |
|   b_v_U        | fifo channel | stream |      |      |        | b_v        | srl  | 0       | 8, 2, 1          |
|   b_delay_U    | fifo channel | stream |      |      |        | b_delay    | srl  | 0       | 8, 2, 1          |
|   b_v_1_U      | fifo channel | stream |      |      |        | b_v_1      | srl  | 0       | 8, 2, 1          |
|   b_delay_1_U  | fifo channel | stream |      |      |        | b_delay_1  | srl  | 0       | 8, 2, 1          |
|   b_delay_2_U  | fifo channel | stream |      |      |        | b_delay_2  | srl  | 0       | 8, 2, 1          |
|   b_v_2_U      | fifo channel | stream |      |      |        | b_v_2      | srl  | 0       | 8, 2, 1          |
|   b_delay_3_U  | fifo channel | stream |      |      |        | b_delay_3  | srl  | 0       | 8, 2, 1          |
|   b_delay_4_U  | fifo channel | stream |      |      |        | b_delay_4  | srl  | 0       | 8, 2, 1          |
|   b_delay_5_U  | fifo channel | stream |      |      |        | b_delay_5  | srl  | 0       | 8, 2, 1          |
|   b_v_3_U      | fifo channel | stream |      |      |        | b_v_3      | srl  | 0       | 8, 2, 1          |
|   b_delay_6_U  | fifo channel | stream |      |      |        | b_delay_6  | srl  | 0       | 8, 2, 1          |
|   b_delay_7_U  | fifo channel | stream |      |      |        | b_delay_7  | srl  | 0       | 8, 2, 1          |
|   b_delay_8_U  | fifo channel | stream |      |      |        | b_delay_8  | srl  | 0       | 8, 2, 1          |
|   b_delay_9_U  | fifo channel | stream |      |      |        | b_delay_9  | srl  | 0       | 8, 2, 1          |
|   b_v_4_U      | fifo channel | stream |      |      |        | b_v_4      | srl  | 0       | 8, 2, 1          |
|   b_delay_10_U | fifo channel | stream |      |      |        | b_delay_10 | srl  | 0       | 8, 2, 1          |
|   b_delay_11_U | fifo channel | stream |      |      |        | b_delay_11 | srl  | 0       | 8, 2, 1          |
|   b_delay_12_U | fifo channel | stream |      |      |        | b_delay_12 | srl  | 0       | 8, 2, 1          |
|   b_delay_13_U | fifo channel | stream |      |      |        | b_delay_13 | srl  | 0       | 8, 2, 1          |
|   b_delay_14_U | fifo channel | stream |      |      |        | b_delay_14 | srl  | 0       | 8, 2, 1          |
|   b_v_5_U      | fifo channel | stream |      |      |        | b_v_5      | srl  | 0       | 8, 2, 1          |
|   b_delay_15_U | fifo channel | stream |      |      |        | b_delay_15 | srl  | 0       | 8, 2, 1          |
|   b_delay_16_U | fifo channel | stream |      |      |        | b_delay_16 | srl  | 0       | 8, 2, 1          |
|   b_delay_17_U | fifo channel | stream |      |      |        | b_delay_17 | srl  | 0       | 8, 2, 1          |
|   b_delay_18_U | fifo channel | stream |      |      |        | b_delay_18 | srl  | 0       | 8, 2, 1          |
|   b_delay_19_U | fifo channel | stream |      |      |        | b_delay_19 | srl  | 0       | 8, 2, 1          |
|   b_delay_20_U | fifo channel | stream |      |      |        | b_delay_20 | srl  | 0       | 8, 2, 1          |
|   b_v_6_U      | fifo channel | stream |      |      |        | b_v_6      | srl  | 0       | 8, 2, 1          |
|   b_delay_21_U | fifo channel | stream |      |      |        | b_delay_21 | srl  | 0       | 8, 2, 1          |
|   b_delay_22_U | fifo channel | stream |      |      |        | b_delay_22 | srl  | 0       | 8, 2, 1          |
|   b_delay_23_U | fifo channel | stream |      |      |        | b_delay_23 | srl  | 0       | 8, 2, 1          |
|   b_delay_24_U | fifo channel | stream |      |      |        | b_delay_24 | srl  | 0       | 8, 2, 1          |
|   b_delay_25_U | fifo channel | stream |      |      |        | b_delay_25 | srl  | 0       | 8, 2, 1          |
|   b_delay_26_U | fifo channel | stream |      |      |        | b_delay_26 | srl  | 0       | 8, 2, 1          |
|   b_delay_27_U | fifo channel | stream |      |      |        | b_delay_27 | srl  | 0       | 8, 2, 1          |
|   b_v_7_U      | fifo channel | stream |      |      |        | b_v_7      | srl  | 0       | 8, 2, 1          |
|   a_h_8_U      | fifo channel | stream |      |      |        | a_h_8      | srl  | 0       | 8, 2, 1          |
|   a_h_17_U     | fifo channel | stream |      |      |        | a_h_17     | srl  | 0       | 8, 2, 1          |
|   a_h_26_U     | fifo channel | stream |      |      |        | a_h_26     | srl  | 0       | 8, 2, 1          |
|   a_h_35_U     | fifo channel | stream |      |      |        | a_h_35     | srl  | 0       | 8, 2, 1          |
|   a_h_44_U     | fifo channel | stream |      |      |        | a_h_44     | srl  | 0       | 8, 2, 1          |
|   a_h_53_U     | fifo channel | stream |      |      |        | a_h_53     | srl  | 0       | 8, 2, 1          |
|   a_h_62_U     | fifo channel | stream |      |      |        | a_h_62     | srl  | 0       | 8, 2, 1          |
|   a_h_71_U     | fifo channel | stream |      |      |        | a_h_71     | srl  | 0       | 8, 2, 1          |
|   b_v_64_U     | fifo channel | stream |      |      |        | b_v_64     | srl  | 0       | 8, 2, 1          |
|   b_v_65_U     | fifo channel | stream |      |      |        | b_v_65     | srl  | 0       | 8, 2, 1          |
|   b_v_66_U     | fifo channel | stream |      |      |        | b_v_66     | srl  | 0       | 8, 2, 1          |
|   b_v_67_U     | fifo channel | stream |      |      |        | b_v_67     | srl  | 0       | 8, 2, 1          |
|   b_v_68_U     | fifo channel | stream |      |      |        | b_v_68     | srl  | 0       | 8, 2, 1          |
|   b_v_69_U     | fifo channel | stream |      |      |        | b_v_69     | srl  | 0       | 8, 2, 1          |
|   b_v_70_U     | fifo channel | stream |      |      |        | b_v_70     | srl  | 0       | 8, 2, 1          |
|   b_v_71_U     | fifo channel | stream |      |      |        | b_v_71     | srl  | 0       | 8, 2, 1          |
|   a_h_1_U      | fifo channel | stream |      |      |        | a_h_1      | srl  | 0       | 8, 2, 1          |
|   b_v_8_U      | fifo channel | stream |      |      |        | b_v_8      | srl  | 0       | 8, 2, 1          |
|   c_h_U        | fifo channel | stream |      |      |        | c_h        | srl  | 0       | 32, 2, 1         |
|   a_h_2_U      | fifo channel | stream |      |      |        | a_h_2      | srl  | 0       | 8, 2, 1          |
|   b_v_9_U      | fifo channel | stream |      |      |        | b_v_9      | srl  | 0       | 8, 2, 1          |
|   c_h_1_U      | fifo channel | stream |      |      |        | c_h_1      | srl  | 0       | 32, 2, 1         |
|   a_h_3_U      | fifo channel | stream |      |      |        | a_h_3      | srl  | 0       | 8, 2, 1          |
|   b_v_10_U     | fifo channel | stream |      |      |        | b_v_10     | srl  | 0       | 8, 2, 1          |
|   c_h_2_U      | fifo channel | stream |      |      |        | c_h_2      | srl  | 0       | 32, 2, 1         |
|   a_h_4_U      | fifo channel | stream |      |      |        | a_h_4      | srl  | 0       | 8, 2, 1          |
|   b_v_11_U     | fifo channel | stream |      |      |        | b_v_11     | srl  | 0       | 8, 2, 1          |
|   c_h_3_U      | fifo channel | stream |      |      |        | c_h_3      | srl  | 0       | 32, 2, 1         |
|   a_h_5_U      | fifo channel | stream |      |      |        | a_h_5      | srl  | 0       | 8, 2, 1          |
|   b_v_12_U     | fifo channel | stream |      |      |        | b_v_12     | srl  | 0       | 8, 2, 1          |
|   c_h_4_U      | fifo channel | stream |      |      |        | c_h_4      | srl  | 0       | 32, 2, 1         |
|   a_h_6_U      | fifo channel | stream |      |      |        | a_h_6      | srl  | 0       | 8, 2, 1          |
|   b_v_13_U     | fifo channel | stream |      |      |        | b_v_13     | srl  | 0       | 8, 2, 1          |
|   c_h_5_U      | fifo channel | stream |      |      |        | c_h_5      | srl  | 0       | 32, 2, 1         |
|   a_h_7_U      | fifo channel | stream |      |      |        | a_h_7      | srl  | 0       | 8, 2, 1          |
|   b_v_14_U     | fifo channel | stream |      |      |        | b_v_14     | srl  | 0       | 8, 2, 1          |
|   c_h_6_U      | fifo channel | stream |      |      |        | c_h_6      | srl  | 0       | 32, 2, 1         |
|   b_v_15_U     | fifo channel | stream |      |      |        | b_v_15     | srl  | 0       | 8, 2, 1          |
|   c_h_7_U      | fifo channel | stream |      |      |        | c_h_7      | srl  | 0       | 32, 2, 1         |
|   a_h_10_U     | fifo channel | stream |      |      |        | a_h_10     | srl  | 0       | 8, 2, 1          |
|   b_v_16_U     | fifo channel | stream |      |      |        | b_v_16     | srl  | 0       | 8, 2, 1          |
|   c_h_8_U      | fifo channel | stream |      |      |        | c_h_8      | srl  | 0       | 32, 2, 1         |
|   a_h_11_U     | fifo channel | stream |      |      |        | a_h_11     | srl  | 0       | 8, 2, 1          |
|   b_v_17_U     | fifo channel | stream |      |      |        | b_v_17     | srl  | 0       | 8, 2, 1          |
|   c_h_9_U      | fifo channel | stream |      |      |        | c_h_9      | srl  | 0       | 32, 2, 1         |
|   a_h_12_U     | fifo channel | stream |      |      |        | a_h_12     | srl  | 0       | 8, 2, 1          |
|   b_v_18_U     | fifo channel | stream |      |      |        | b_v_18     | srl  | 0       | 8, 2, 1          |
|   c_h_10_U     | fifo channel | stream |      |      |        | c_h_10     | srl  | 0       | 32, 2, 1         |
|   a_h_13_U     | fifo channel | stream |      |      |        | a_h_13     | srl  | 0       | 8, 2, 1          |
|   b_v_19_U     | fifo channel | stream |      |      |        | b_v_19     | srl  | 0       | 8, 2, 1          |
|   c_h_11_U     | fifo channel | stream |      |      |        | c_h_11     | srl  | 0       | 32, 2, 1         |
|   a_h_14_U     | fifo channel | stream |      |      |        | a_h_14     | srl  | 0       | 8, 2, 1          |
|   b_v_20_U     | fifo channel | stream |      |      |        | b_v_20     | srl  | 0       | 8, 2, 1          |
|   c_h_12_U     | fifo channel | stream |      |      |        | c_h_12     | srl  | 0       | 32, 2, 1         |
|   a_h_15_U     | fifo channel | stream |      |      |        | a_h_15     | srl  | 0       | 8, 2, 1          |
|   b_v_21_U     | fifo channel | stream |      |      |        | b_v_21     | srl  | 0       | 8, 2, 1          |
|   c_h_13_U     | fifo channel | stream |      |      |        | c_h_13     | srl  | 0       | 32, 2, 1         |
|   a_h_16_U     | fifo channel | stream |      |      |        | a_h_16     | srl  | 0       | 8, 2, 1          |
|   b_v_22_U     | fifo channel | stream |      |      |        | b_v_22     | srl  | 0       | 8, 2, 1          |
|   c_h_14_U     | fifo channel | stream |      |      |        | c_h_14     | srl  | 0       | 32, 2, 1         |
|   b_v_23_U     | fifo channel | stream |      |      |        | b_v_23     | srl  | 0       | 8, 2, 1          |
|   c_h_15_U     | fifo channel | stream |      |      |        | c_h_15     | srl  | 0       | 32, 2, 1         |
|   a_h_19_U     | fifo channel | stream |      |      |        | a_h_19     | srl  | 0       | 8, 2, 1          |
|   b_v_24_U     | fifo channel | stream |      |      |        | b_v_24     | srl  | 0       | 8, 2, 1          |
|   c_h_16_U     | fifo channel | stream |      |      |        | c_h_16     | srl  | 0       | 32, 2, 1         |
|   a_h_20_U     | fifo channel | stream |      |      |        | a_h_20     | srl  | 0       | 8, 2, 1          |
|   b_v_25_U     | fifo channel | stream |      |      |        | b_v_25     | srl  | 0       | 8, 2, 1          |
|   c_h_17_U     | fifo channel | stream |      |      |        | c_h_17     | srl  | 0       | 32, 2, 1         |
|   a_h_21_U     | fifo channel | stream |      |      |        | a_h_21     | srl  | 0       | 8, 2, 1          |
|   b_v_26_U     | fifo channel | stream |      |      |        | b_v_26     | srl  | 0       | 8, 2, 1          |
|   c_h_18_U     | fifo channel | stream |      |      |        | c_h_18     | srl  | 0       | 32, 2, 1         |
|   a_h_22_U     | fifo channel | stream |      |      |        | a_h_22     | srl  | 0       | 8, 2, 1          |
|   b_v_27_U     | fifo channel | stream |      |      |        | b_v_27     | srl  | 0       | 8, 2, 1          |
|   c_h_19_U     | fifo channel | stream |      |      |        | c_h_19     | srl  | 0       | 32, 2, 1         |
|   a_h_23_U     | fifo channel | stream |      |      |        | a_h_23     | srl  | 0       | 8, 2, 1          |
|   b_v_28_U     | fifo channel | stream |      |      |        | b_v_28     | srl  | 0       | 8, 2, 1          |
|   c_h_20_U     | fifo channel | stream |      |      |        | c_h_20     | srl  | 0       | 32, 2, 1         |
|   a_h_24_U     | fifo channel | stream |      |      |        | a_h_24     | srl  | 0       | 8, 2, 1          |
|   b_v_29_U     | fifo channel | stream |      |      |        | b_v_29     | srl  | 0       | 8, 2, 1          |
|   c_h_21_U     | fifo channel | stream |      |      |        | c_h_21     | srl  | 0       | 32, 2, 1         |
|   a_h_25_U     | fifo channel | stream |      |      |        | a_h_25     | srl  | 0       | 8, 2, 1          |
|   b_v_30_U     | fifo channel | stream |      |      |        | b_v_30     | srl  | 0       | 8, 2, 1          |
|   c_h_22_U     | fifo channel | stream |      |      |        | c_h_22     | srl  | 0       | 32, 2, 1         |
|   b_v_31_U     | fifo channel | stream |      |      |        | b_v_31     | srl  | 0       | 8, 2, 1          |
|   c_h_23_U     | fifo channel | stream |      |      |        | c_h_23     | srl  | 0       | 32, 2, 1         |
|   a_h_28_U     | fifo channel | stream |      |      |        | a_h_28     | srl  | 0       | 8, 2, 1          |
|   b_v_32_U     | fifo channel | stream |      |      |        | b_v_32     | srl  | 0       | 8, 2, 1          |
|   c_h_24_U     | fifo channel | stream |      |      |        | c_h_24     | srl  | 0       | 32, 2, 1         |
|   a_h_29_U     | fifo channel | stream |      |      |        | a_h_29     | srl  | 0       | 8, 2, 1          |
|   b_v_33_U     | fifo channel | stream |      |      |        | b_v_33     | srl  | 0       | 8, 2, 1          |
|   c_h_25_U     | fifo channel | stream |      |      |        | c_h_25     | srl  | 0       | 32, 2, 1         |
|   a_h_30_U     | fifo channel | stream |      |      |        | a_h_30     | srl  | 0       | 8, 2, 1          |
|   b_v_34_U     | fifo channel | stream |      |      |        | b_v_34     | srl  | 0       | 8, 2, 1          |
|   c_h_26_U     | fifo channel | stream |      |      |        | c_h_26     | srl  | 0       | 32, 2, 1         |
|   a_h_31_U     | fifo channel | stream |      |      |        | a_h_31     | srl  | 0       | 8, 2, 1          |
|   b_v_35_U     | fifo channel | stream |      |      |        | b_v_35     | srl  | 0       | 8, 2, 1          |
|   c_h_27_U     | fifo channel | stream |      |      |        | c_h_27     | srl  | 0       | 32, 2, 1         |
|   a_h_32_U     | fifo channel | stream |      |      |        | a_h_32     | srl  | 0       | 8, 2, 1          |
|   b_v_36_U     | fifo channel | stream |      |      |        | b_v_36     | srl  | 0       | 8, 2, 1          |
|   c_h_28_U     | fifo channel | stream |      |      |        | c_h_28     | srl  | 0       | 32, 2, 1         |
|   a_h_33_U     | fifo channel | stream |      |      |        | a_h_33     | srl  | 0       | 8, 2, 1          |
|   b_v_37_U     | fifo channel | stream |      |      |        | b_v_37     | srl  | 0       | 8, 2, 1          |
|   c_h_29_U     | fifo channel | stream |      |      |        | c_h_29     | srl  | 0       | 32, 2, 1         |
|   a_h_34_U     | fifo channel | stream |      |      |        | a_h_34     | srl  | 0       | 8, 2, 1          |
|   b_v_38_U     | fifo channel | stream |      |      |        | b_v_38     | srl  | 0       | 8, 2, 1          |
|   c_h_30_U     | fifo channel | stream |      |      |        | c_h_30     | srl  | 0       | 32, 2, 1         |
|   b_v_39_U     | fifo channel | stream |      |      |        | b_v_39     | srl  | 0       | 8, 2, 1          |
|   c_h_31_U     | fifo channel | stream |      |      |        | c_h_31     | srl  | 0       | 32, 2, 1         |
|   a_h_37_U     | fifo channel | stream |      |      |        | a_h_37     | srl  | 0       | 8, 2, 1          |
|   b_v_40_U     | fifo channel | stream |      |      |        | b_v_40     | srl  | 0       | 8, 2, 1          |
|   c_h_32_U     | fifo channel | stream |      |      |        | c_h_32     | srl  | 0       | 32, 2, 1         |
|   a_h_38_U     | fifo channel | stream |      |      |        | a_h_38     | srl  | 0       | 8, 2, 1          |
|   b_v_41_U     | fifo channel | stream |      |      |        | b_v_41     | srl  | 0       | 8, 2, 1          |
|   c_h_33_U     | fifo channel | stream |      |      |        | c_h_33     | srl  | 0       | 32, 2, 1         |
|   a_h_39_U     | fifo channel | stream |      |      |        | a_h_39     | srl  | 0       | 8, 2, 1          |
|   b_v_42_U     | fifo channel | stream |      |      |        | b_v_42     | srl  | 0       | 8, 2, 1          |
|   c_h_34_U     | fifo channel | stream |      |      |        | c_h_34     | srl  | 0       | 32, 2, 1         |
|   a_h_40_U     | fifo channel | stream |      |      |        | a_h_40     | srl  | 0       | 8, 2, 1          |
|   b_v_43_U     | fifo channel | stream |      |      |        | b_v_43     | srl  | 0       | 8, 2, 1          |
|   c_h_35_U     | fifo channel | stream |      |      |        | c_h_35     | srl  | 0       | 32, 2, 1         |
|   a_h_41_U     | fifo channel | stream |      |      |        | a_h_41     | srl  | 0       | 8, 2, 1          |
|   b_v_44_U     | fifo channel | stream |      |      |        | b_v_44     | srl  | 0       | 8, 2, 1          |
|   c_h_36_U     | fifo channel | stream |      |      |        | c_h_36     | srl  | 0       | 32, 2, 1         |
|   a_h_42_U     | fifo channel | stream |      |      |        | a_h_42     | srl  | 0       | 8, 2, 1          |
|   b_v_45_U     | fifo channel | stream |      |      |        | b_v_45     | srl  | 0       | 8, 2, 1          |
|   c_h_37_U     | fifo channel | stream |      |      |        | c_h_37     | srl  | 0       | 32, 2, 1         |
|   a_h_43_U     | fifo channel | stream |      |      |        | a_h_43     | srl  | 0       | 8, 2, 1          |
|   b_v_46_U     | fifo channel | stream |      |      |        | b_v_46     | srl  | 0       | 8, 2, 1          |
|   c_h_38_U     | fifo channel | stream |      |      |        | c_h_38     | srl  | 0       | 32, 2, 1         |
|   b_v_47_U     | fifo channel | stream |      |      |        | b_v_47     | srl  | 0       | 8, 2, 1          |
|   c_h_39_U     | fifo channel | stream |      |      |        | c_h_39     | srl  | 0       | 32, 2, 1         |
|   a_h_46_U     | fifo channel | stream |      |      |        | a_h_46     | srl  | 0       | 8, 2, 1          |
|   b_v_48_U     | fifo channel | stream |      |      |        | b_v_48     | srl  | 0       | 8, 2, 1          |
|   c_h_40_U     | fifo channel | stream |      |      |        | c_h_40     | srl  | 0       | 32, 2, 1         |
|   a_h_47_U     | fifo channel | stream |      |      |        | a_h_47     | srl  | 0       | 8, 2, 1          |
|   b_v_49_U     | fifo channel | stream |      |      |        | b_v_49     | srl  | 0       | 8, 2, 1          |
|   c_h_41_U     | fifo channel | stream |      |      |        | c_h_41     | srl  | 0       | 32, 2, 1         |
|   a_h_48_U     | fifo channel | stream |      |      |        | a_h_48     | srl  | 0       | 8, 2, 1          |
|   b_v_50_U     | fifo channel | stream |      |      |        | b_v_50     | srl  | 0       | 8, 2, 1          |
|   c_h_42_U     | fifo channel | stream |      |      |        | c_h_42     | srl  | 0       | 32, 2, 1         |
|   a_h_49_U     | fifo channel | stream |      |      |        | a_h_49     | srl  | 0       | 8, 2, 1          |
|   b_v_51_U     | fifo channel | stream |      |      |        | b_v_51     | srl  | 0       | 8, 2, 1          |
|   c_h_43_U     | fifo channel | stream |      |      |        | c_h_43     | srl  | 0       | 32, 2, 1         |
|   a_h_50_U     | fifo channel | stream |      |      |        | a_h_50     | srl  | 0       | 8, 2, 1          |
|   b_v_52_U     | fifo channel | stream |      |      |        | b_v_52     | srl  | 0       | 8, 2, 1          |
|   c_h_44_U     | fifo channel | stream |      |      |        | c_h_44     | srl  | 0       | 32, 2, 1         |
|   a_h_51_U     | fifo channel | stream |      |      |        | a_h_51     | srl  | 0       | 8, 2, 1          |
|   b_v_53_U     | fifo channel | stream |      |      |        | b_v_53     | srl  | 0       | 8, 2, 1          |
|   c_h_45_U     | fifo channel | stream |      |      |        | c_h_45     | srl  | 0       | 32, 2, 1         |
|   a_h_52_U     | fifo channel | stream |      |      |        | a_h_52     | srl  | 0       | 8, 2, 1          |
|   b_v_54_U     | fifo channel | stream |      |      |        | b_v_54     | srl  | 0       | 8, 2, 1          |
|   c_h_46_U     | fifo channel | stream |      |      |        | c_h_46     | srl  | 0       | 32, 2, 1         |
|   b_v_55_U     | fifo channel | stream |      |      |        | b_v_55     | srl  | 0       | 8, 2, 1          |
|   c_h_47_U     | fifo channel | stream |      |      |        | c_h_47     | srl  | 0       | 32, 2, 1         |
|   a_h_55_U     | fifo channel | stream |      |      |        | a_h_55     | srl  | 0       | 8, 2, 1          |
|   b_v_56_U     | fifo channel | stream |      |      |        | b_v_56     | srl  | 0       | 8, 2, 1          |
|   c_h_48_U     | fifo channel | stream |      |      |        | c_h_48     | srl  | 0       | 32, 2, 1         |
|   a_h_56_U     | fifo channel | stream |      |      |        | a_h_56     | srl  | 0       | 8, 2, 1          |
|   b_v_57_U     | fifo channel | stream |      |      |        | b_v_57     | srl  | 0       | 8, 2, 1          |
|   c_h_49_U     | fifo channel | stream |      |      |        | c_h_49     | srl  | 0       | 32, 2, 1         |
|   a_h_57_U     | fifo channel | stream |      |      |        | a_h_57     | srl  | 0       | 8, 2, 1          |
|   b_v_58_U     | fifo channel | stream |      |      |        | b_v_58     | srl  | 0       | 8, 2, 1          |
|   c_h_50_U     | fifo channel | stream |      |      |        | c_h_50     | srl  | 0       | 32, 2, 1         |
|   a_h_58_U     | fifo channel | stream |      |      |        | a_h_58     | srl  | 0       | 8, 2, 1          |
|   b_v_59_U     | fifo channel | stream |      |      |        | b_v_59     | srl  | 0       | 8, 2, 1          |
|   c_h_51_U     | fifo channel | stream |      |      |        | c_h_51     | srl  | 0       | 32, 2, 1         |
|   a_h_59_U     | fifo channel | stream |      |      |        | a_h_59     | srl  | 0       | 8, 2, 1          |
|   b_v_60_U     | fifo channel | stream |      |      |        | b_v_60     | srl  | 0       | 8, 2, 1          |
|   c_h_52_U     | fifo channel | stream |      |      |        | c_h_52     | srl  | 0       | 32, 2, 1         |
|   a_h_60_U     | fifo channel | stream |      |      |        | a_h_60     | srl  | 0       | 8, 2, 1          |
|   b_v_61_U     | fifo channel | stream |      |      |        | b_v_61     | srl  | 0       | 8, 2, 1          |
|   c_h_53_U     | fifo channel | stream |      |      |        | c_h_53     | srl  | 0       | 32, 2, 1         |
|   a_h_61_U     | fifo channel | stream |      |      |        | a_h_61     | srl  | 0       | 8, 2, 1          |
|   b_v_62_U     | fifo channel | stream |      |      |        | b_v_62     | srl  | 0       | 8, 2, 1          |
|   c_h_54_U     | fifo channel | stream |      |      |        | c_h_54     | srl  | 0       | 32, 2, 1         |
|   b_v_63_U     | fifo channel | stream |      |      |        | b_v_63     | srl  | 0       | 8, 2, 1          |
|   c_h_55_U     | fifo channel | stream |      |      |        | c_h_55     | srl  | 0       | 32, 2, 1         |
|   a_h_64_U     | fifo channel | stream |      |      |        | a_h_64     | srl  | 0       | 8, 2, 1          |
|   c_h_56_U     | fifo channel | stream |      |      |        | c_h_56     | srl  | 0       | 32, 2, 1         |
|   a_h_65_U     | fifo channel | stream |      |      |        | a_h_65     | srl  | 0       | 8, 2, 1          |
|   c_h_57_U     | fifo channel | stream |      |      |        | c_h_57     | srl  | 0       | 32, 2, 1         |
|   a_h_66_U     | fifo channel | stream |      |      |        | a_h_66     | srl  | 0       | 8, 2, 1          |
|   c_h_58_U     | fifo channel | stream |      |      |        | c_h_58     | srl  | 0       | 32, 2, 1         |
|   a_h_67_U     | fifo channel | stream |      |      |        | a_h_67     | srl  | 0       | 8, 2, 1          |
|   c_h_59_U     | fifo channel | stream |      |      |        | c_h_59     | srl  | 0       | 32, 2, 1         |
|   a_h_68_U     | fifo channel | stream |      |      |        | a_h_68     | srl  | 0       | 8, 2, 1          |
|   c_h_60_U     | fifo channel | stream |      |      |        | c_h_60     | srl  | 0       | 32, 2, 1         |
|   a_h_69_U     | fifo channel | stream |      |      |        | a_h_69     | srl  | 0       | 8, 2, 1          |
|   c_h_61_U     | fifo channel | stream |      |      |        | c_h_61     | srl  | 0       | 32, 2, 1         |
|   a_h_70_U     | fifo channel | stream |      |      |        | a_h_70     | srl  | 0       | 8, 2, 1          |
|   c_h_62_U     | fifo channel | stream |      |      |        | c_h_62     | srl  | 0       | 32, 2, 1         |
|   c_h_63_U     | fifo channel | stream |      |      |        | c_h_63     | srl  | 0       | 32, 2, 1         |
+----------------+--------------+--------+------+------+--------+------------+------+---------+------------------+


================================================================
== Pragma Report
================================================================
* Valid Pragma Syntax
+-----------+--------------------------+--------------------------------------+
| Type      | Options                  | Location                             |
+-----------+--------------------------+--------------------------------------+
| inline    | off                      | design.cpp:11 in pe_left             |
| pipeline  | II=1                     | design.cpp:15 in pe_left             |
| inline    | off                      | design.cpp:35 in pe_rest             |
| pipeline  | II=1                     | design.cpp:39 in pe_rest             |
| pipeline  | II=1                     | design.cpp:48 in pe_rest             |
| inline    | off                      | design.cpp:57 in delay8              |
| pipeline  | II=1                     | design.cpp:59 in delay8              |
| inline    | off                      | design.cpp:66 in pass32              |
| pipeline  | II=1                     | design.cpp:68 in pass32              |
| inline    | off                      | design.cpp:75 in dummy8              |
| pipeline  | II=1                     | design.cpp:77 in dummy8              |
| interface | ap_ctrl_none port=return | design.cpp:107 in gemm_tile, return  |
| dataflow  |                          | design.cpp:108 in gemm_tile          |
| stream    | variable=a_h depth=2     | design.cpp:115 in gemm_tile, a_h     |
| stream    | variable=b_v depth=2     | design.cpp:120 in gemm_tile, b_v     |
| stream    | variable=c_h depth=2     | design.cpp:125 in gemm_tile, c_h     |
| stream    | variable=a_delay depth=2 | design.cpp:129 in gemm_tile, a_delay |
| stream    | variable=b_delay depth=2 | design.cpp:133 in gemm_tile, b_delay |
+-----------+--------------------------+--------------------------------------+


