
****** Vivado v2023.2 (64-bit)
  **** SW Build 4029153 on Fri Oct 13 20:13:54 MDT 2023
  **** IP Build 4028589 on Sat Oct 14 00:45:43 MDT 2023
  **** SharedData Build 4025554 on Tue Oct 10 17:18:54 MDT 2023
    ** Copyright 1986-2022 Xilinx, Inc. All Rights Reserved.
    ** Copyright 2022-2023 Advanced Micro Devices, Inc. All Rights Reserved.

source pnr.tcl
# foreach f [glob -nocomplain /scratch/hc676/vta/hardware/chisel/vta_out_Core_w4/*.v]  { read_verilog $f }
read_verilog: Time (s): cpu = 00:00:07 ; elapsed = 00:00:07 . Memory (MB): peak = 1555.836 ; gain = 36.836 ; free physical = 67718 ; free virtual = 151244
# synth_design -top Core -part xcu280-fsvh2892-2L-e -mode out_of_context -retiming
WARNING: [Common 17-576] 'retiming' is deprecated. Please use -global_retiming option
Command: synth_design -top Core -part xcu280-fsvh2892-2L-e -mode out_of_context -retiming
Starting synth_design
Attempting to get a license for feature 'Synthesis' and/or device 'xcu280'
INFO: [Common 17-349] Got license for feature 'Synthesis' and/or device 'xcu280'
INFO: [Synth 8-7079] Multithreading enabled for synth_design using a maximum of 4 processes.
INFO: [Synth 8-7078] Launching helper process for spawning children vivado processes
INFO: [Synth 8-7075] Helper process launched with PID 101285
---------------------------------------------------------------------------------
Starting Synthesize : Time (s): cpu = 00:00:04 ; elapsed = 00:00:04 . Memory (MB): peak = 1976.426 ; gain = 411.664 ; free physical = 66313 ; free virtual = 149838
---------------------------------------------------------------------------------
INFO: [Synth 8-6157] synthesizing module 'Core' [/scratch/hc676/vta/hardware/chisel/vta_out_Core_w4/Core.v:11251]
INFO: [Synth 8-6157] synthesizing module 'Fetch' [/scratch/hc676/vta/hardware/chisel/vta_out_Core_w4/Core.v:995]
INFO: [Synth 8-6157] synthesizing module 'Fetch64Bit' [/scratch/hc676/vta/hardware/chisel/vta_out_Core_w4/Core.v:743]
INFO: [Synth 8-6157] synthesizing module 'SyncQueue' [/scratch/hc676/vta/hardware/chisel/vta_out_Core_w4/Core.v:665]
INFO: [Synth 8-6157] synthesizing module 'SyncQueue2PortMem' [/scratch/hc676/vta/hardware/chisel/vta_out_Core_w4/Core.v:624]
INFO: [Synth 8-6157] synthesizing module 'SyncQueue2PortMemImpl' [/scratch/hc676/vta/hardware/chisel/vta_out_Core_w4/Core.v:400]
INFO: [Synth 8-6157] synthesizing module 'OneCycleQueue' [/scratch/hc676/vta/hardware/chisel/vta_out_Core_w4/Core.v:97]
INFO: [Synth 8-6157] synthesizing module 'TwoPortMem' [/scratch/hc676/vta/hardware/chisel/vta_out_Core_w4/Core.v:1]
INFO: [Synth 8-6155] done synthesizing module 'TwoPortMem' (0#1) [/scratch/hc676/vta/hardware/chisel/vta_out_Core_w4/Core.v:1]
INFO: [Synth 8-6155] done synthesizing module 'OneCycleQueue' (0#1) [/scratch/hc676/vta/hardware/chisel/vta_out_Core_w4/Core.v:97]
INFO: [Synth 8-6157] synthesizing module 'Queue' [/scratch/hc676/vta/hardware/chisel/vta_out_Core_w4/Core.v:258]
INFO: [Synth 8-6155] done synthesizing module 'Queue' (0#1) [/scratch/hc676/vta/hardware/chisel/vta_out_Core_w4/Core.v:258]
INFO: [Synth 8-6155] done synthesizing module 'SyncQueue2PortMemImpl' (0#1) [/scratch/hc676/vta/hardware/chisel/vta_out_Core_w4/Core.v:400]
INFO: [Synth 8-6155] done synthesizing module 'SyncQueue2PortMem' (0#1) [/scratch/hc676/vta/hardware/chisel/vta_out_Core_w4/Core.v:624]
INFO: [Synth 8-6155] done synthesizing module 'SyncQueue' (0#1) [/scratch/hc676/vta/hardware/chisel/vta_out_Core_w4/Core.v:665]
INFO: [Synth 8-6157] synthesizing module 'FetchDecode' [/scratch/hc676/vta/hardware/chisel/vta_out_Core_w4/Core.v:706]
INFO: [Synth 8-6155] done synthesizing module 'FetchDecode' (0#1) [/scratch/hc676/vta/hardware/chisel/vta_out_Core_w4/Core.v:706]
INFO: [Synth 8-6155] done synthesizing module 'Fetch64Bit' (0#1) [/scratch/hc676/vta/hardware/chisel/vta_out_Core_w4/Core.v:743]
INFO: [Synth 8-6155] done synthesizing module 'Fetch' (0#1) [/scratch/hc676/vta/hardware/chisel/vta_out_Core_w4/Core.v:995]
INFO: [Synth 8-6157] synthesizing module 'Load' [/scratch/hc676/vta/hardware/chisel/vta_out_Core_w4/Core.v:3607]
INFO: [Synth 8-6157] synthesizing module 'Semaphore' [/scratch/hc676/vta/hardware/chisel/vta_out_Core_w4/Core.v:1084]
INFO: [Synth 8-6155] done synthesizing module 'Semaphore' (0#1) [/scratch/hc676/vta/hardware/chisel/vta_out_Core_w4/Core.v:1084]
INFO: [Synth 8-6157] synthesizing module 'Queue_1' [/scratch/hc676/vta/hardware/chisel/vta_out_Core_w4/Core.v:1153]
INFO: [Synth 8-6155] done synthesizing module 'Queue_1' (0#1) [/scratch/hc676/vta/hardware/chisel/vta_out_Core_w4/Core.v:1153]
INFO: [Synth 8-6157] synthesizing module 'LoadDecode' [/scratch/hc676/vta/hardware/chisel/vta_out_Core_w4/Core.v:1274]
INFO: [Synth 8-6155] done synthesizing module 'LoadDecode' (0#1) [/scratch/hc676/vta/hardware/chisel/vta_out_Core_w4/Core.v:1274]
INFO: [Synth 8-6157] synthesizing module 'TensorLoadInp' [/scratch/hc676/vta/hardware/chisel/vta_out_Core_w4/Core.v:2424]
INFO: [Synth 8-6157] synthesizing module 'TensorLoadWideVME' [/scratch/hc676/vta/hardware/chisel/vta_out_Core_w4/Core.v:2075]
INFO: [Synth 8-6157] synthesizing module 'GenVMECmdWideTL' [/scratch/hc676/vta/hardware/chisel/vta_out_Core_w4/Core.v:1619]
INFO: [Synth 8-6157] synthesizing module 'GenVMECmdWide' [/scratch/hc676/vta/hardware/chisel/vta_out_Core_w4/Core.v:1293]
INFO: [Synth 8-6155] done synthesizing module 'GenVMECmdWide' (0#1) [/scratch/hc676/vta/hardware/chisel/vta_out_Core_w4/Core.v:1293]
INFO: [Synth 8-6155] done synthesizing module 'GenVMECmdWideTL' (0#1) [/scratch/hc676/vta/hardware/chisel/vta_out_Core_w4/Core.v:1619]
INFO: [Synth 8-6157] synthesizing module 'ReadVMEDataWide' [/scratch/hc676/vta/hardware/chisel/vta_out_Core_w4/Core.v:1697]
INFO: [Synth 8-6155] done synthesizing module 'ReadVMEDataWide' (0#1) [/scratch/hc676/vta/hardware/chisel/vta_out_Core_w4/Core.v:1697]
INFO: [Synth 8-6157] synthesizing module 'ZeroPadding' [/scratch/hc676/vta/hardware/chisel/vta_out_Core_w4/Core.v:1876]
INFO: [Synth 8-6155] done synthesizing module 'ZeroPadding' (0#1) [/scratch/hc676/vta/hardware/chisel/vta_out_Core_w4/Core.v:1876]
INFO: [Synth 8-6155] done synthesizing module 'TensorLoadWideVME' (0#1) [/scratch/hc676/vta/hardware/chisel/vta_out_Core_w4/Core.v:2075]
INFO: [Synth 8-6155] done synthesizing module 'TensorLoadInp' (0#1) [/scratch/hc676/vta/hardware/chisel/vta_out_Core_w4/Core.v:2424]
INFO: [Synth 8-6157] synthesizing module 'TensorLoadWgt' [/scratch/hc676/vta/hardware/chisel/vta_out_Core_w4/Core.v:3468]
INFO: [Synth 8-6157] synthesizing module 'TensorLoadNarrowVME' [/scratch/hc676/vta/hardware/chisel/vta_out_Core_w4/Core.v:3091]
INFO: [Synth 8-6157] synthesizing module 'GenVMECmd' [/scratch/hc676/vta/hardware/chisel/vta_out_Core_w4/Core.v:2519]
INFO: [Synth 8-6155] done synthesizing module 'GenVMECmd' (0#1) [/scratch/hc676/vta/hardware/chisel/vta_out_Core_w4/Core.v:2519]
INFO: [Synth 8-6157] synthesizing module 'ReadVMEData' [/scratch/hc676/vta/hardware/chisel/vta_out_Core_w4/Core.v:2781]
INFO: [Synth 8-6155] done synthesizing module 'ReadVMEData' (0#1) [/scratch/hc676/vta/hardware/chisel/vta_out_Core_w4/Core.v:2781]
INFO: [Synth 8-6157] synthesizing module 'ZeroPadding_1' [/scratch/hc676/vta/hardware/chisel/vta_out_Core_w4/Core.v:2892]
INFO: [Synth 8-6155] done synthesizing module 'ZeroPadding_1' (0#1) [/scratch/hc676/vta/hardware/chisel/vta_out_Core_w4/Core.v:2892]
INFO: [Synth 8-6155] done synthesizing module 'TensorLoadNarrowVME' (0#1) [/scratch/hc676/vta/hardware/chisel/vta_out_Core_w4/Core.v:3091]
INFO: [Synth 8-6155] done synthesizing module 'TensorLoadWgt' (0#1) [/scratch/hc676/vta/hardware/chisel/vta_out_Core_w4/Core.v:3468]
INFO: [Synth 8-6155] done synthesizing module 'Load' (0#1) [/scratch/hc676/vta/hardware/chisel/vta_out_Core_w4/Core.v:3607]
INFO: [Synth 8-6157] synthesizing module 'Compute' [/scratch/hc676/vta/hardware/chisel/vta_out_Core_w4/Core.v:9262]
INFO: [Synth 8-6157] synthesizing module 'LoadUopTop' [/scratch/hc676/vta/hardware/chisel/vta_out_Core_w4/Core.v:4787]
INFO: [Synth 8-6157] synthesizing module 'TensorLoadUop' [/scratch/hc676/vta/hardware/chisel/vta_out_Core_w4/Core.v:4704]
INFO: [Synth 8-6157] synthesizing module 'TensorLoadWideVME_1' [/scratch/hc676/vta/hardware/chisel/vta_out_Core_w4/Core.v:4362]
INFO: [Synth 8-6157] synthesizing module 'GenVMECmdWideTL_1' [/scratch/hc676/vta/hardware/chisel/vta_out_Core_w4/Core.v:4284]
INFO: [Synth 8-6157] synthesizing module 'GenVMECmdWide_1' [/scratch/hc676/vta/hardware/chisel/vta_out_Core_w4/Core.v:3958]
INFO: [Synth 8-6155] done synthesizing module 'GenVMECmdWide_1' (0#1) [/scratch/hc676/vta/hardware/chisel/vta_out_Core_w4/Core.v:3958]
INFO: [Synth 8-6155] done synthesizing module 'GenVMECmdWideTL_1' (0#1) [/scratch/hc676/vta/hardware/chisel/vta_out_Core_w4/Core.v:4284]
INFO: [Synth 8-6155] done synthesizing module 'TensorLoadWideVME_1' (0#1) [/scratch/hc676/vta/hardware/chisel/vta_out_Core_w4/Core.v:4362]
INFO: [Synth 8-6155] done synthesizing module 'TensorLoadUop' (0#1) [/scratch/hc676/vta/hardware/chisel/vta_out_Core_w4/Core.v:4704]
INFO: [Synth 8-6155] done synthesizing module 'LoadUopTop' (0#1) [/scratch/hc676/vta/hardware/chisel/vta_out_Core_w4/Core.v:4787]
INFO: [Synth 8-6157] synthesizing module 'TensorLoadAcc' [/scratch/hc676/vta/hardware/chisel/vta_out_Core_w4/Core.v:5611]
INFO: [Synth 8-6157] synthesizing module 'TensorLoadNarrowVME_1' [/scratch/hc676/vta/hardware/chisel/vta_out_Core_w4/Core.v:5246]
INFO: [Synth 8-6157] synthesizing module 'GenVMECmd_1' [/scratch/hc676/vta/hardware/chisel/vta_out_Core_w4/Core.v:4873]
INFO: [Synth 8-6155] done synthesizing module 'GenVMECmd_1' (0#1) [/scratch/hc676/vta/hardware/chisel/vta_out_Core_w4/Core.v:4873]
INFO: [Synth 8-6157] synthesizing module 'ReadVMEData_1' [/scratch/hc676/vta/hardware/chisel/vta_out_Core_w4/Core.v:5135]
INFO: [Synth 8-6155] done synthesizing module 'ReadVMEData_1' (0#1) [/scratch/hc676/vta/hardware/chisel/vta_out_Core_w4/Core.v:5135]
INFO: [Synth 8-6155] done synthesizing module 'TensorLoadNarrowVME_1' (0#1) [/scratch/hc676/vta/hardware/chisel/vta_out_Core_w4/Core.v:5246]
INFO: [Synth 8-6155] done synthesizing module 'TensorLoadAcc' (0#1) [/scratch/hc676/vta/hardware/chisel/vta_out_Core_w4/Core.v:5611]
INFO: [Synth 8-6157] synthesizing module 'TensorGemm' [/scratch/hc676/vta/hardware/chisel/vta_out_Core_w4/Core.v:6727]
INFO: [Synth 8-6157] synthesizing module 'TensorGemmIndexGenerator' [/scratch/hc676/vta/hardware/chisel/vta_out_Core_w4/Core.v:5726]
INFO: [Synth 8-6155] done synthesizing module 'TensorGemmIndexGenerator' (0#1) [/scratch/hc676/vta/hardware/chisel/vta_out_Core_w4/Core.v:5726]
INFO: [Synth 8-6157] synthesizing module 'Pipe' [/scratch/hc676/vta/hardware/chisel/vta_out_Core_w4/Core.v:5943]
INFO: [Synth 8-6155] done synthesizing module 'Pipe' (0#1) [/scratch/hc676/vta/hardware/chisel/vta_out_Core_w4/Core.v:5943]
INFO: [Synth 8-6157] synthesizing module 'Pipe_1' [/scratch/hc676/vta/hardware/chisel/vta_out_Core_w4/Core.v:6049]
INFO: [Synth 8-6155] done synthesizing module 'Pipe_1' (0#1) [/scratch/hc676/vta/hardware/chisel/vta_out_Core_w4/Core.v:6049]
INFO: [Synth 8-6157] synthesizing module 'Pipe_2' [/scratch/hc676/vta/hardware/chisel/vta_out_Core_w4/Core.v:6123]
INFO: [Synth 8-6155] done synthesizing module 'Pipe_2' (0#1) [/scratch/hc676/vta/hardware/chisel/vta_out_Core_w4/Core.v:6123]
INFO: [Synth 8-6157] synthesizing module 'MatrixVectorMultiplicationBypass' [/scratch/hc676/vta/hardware/chisel/vta_out_Core_w4/Core.v:6453]
INFO: [Synth 8-6157] synthesizing module 'DotProduct' [/scratch/hc676/vta/hardware/chisel/vta_out_Core_w4/Core.v:6351]
INFO: [Synth 8-6157] synthesizing module 'MAC' [/scratch/hc676/vta/hardware/chisel/vta_out_Core_w4/Core.v:6213]
INFO: [Synth 8-6155] done synthesizing module 'MAC' (0#1) [/scratch/hc676/vta/hardware/chisel/vta_out_Core_w4/Core.v:6213]
INFO: [Synth 8-6157] synthesizing module 'PipeAdder' [/scratch/hc676/vta/hardware/chisel/vta_out_Core_w4/Core.v:6279]
INFO: [Synth 8-6155] done synthesizing module 'PipeAdder' (0#1) [/scratch/hc676/vta/hardware/chisel/vta_out_Core_w4/Core.v:6279]
INFO: [Synth 8-6157] synthesizing module 'Adder' [/scratch/hc676/vta/hardware/chisel/vta_out_Core_w4/Core.v:6344]
INFO: [Synth 8-6155] done synthesizing module 'Adder' (0#1) [/scratch/hc676/vta/hardware/chisel/vta_out_Core_w4/Core.v:6344]
INFO: [Synth 8-6155] done synthesizing module 'DotProduct' (0#1) [/scratch/hc676/vta/hardware/chisel/vta_out_Core_w4/Core.v:6351]
INFO: [Synth 8-6155] done synthesizing module 'MatrixVectorMultiplicationBypass' (0#1) [/scratch/hc676/vta/hardware/chisel/vta_out_Core_w4/Core.v:6453]
INFO: [Synth 8-6155] done synthesizing module 'TensorGemm' (0#1) [/scratch/hc676/vta/hardware/chisel/vta_out_Core_w4/Core.v:6727]
INFO: [Synth 8-6157] synthesizing module 'TensorAlu' [/scratch/hc676/vta/hardware/chisel/vta_out_Core_w4/Core.v:8063]
INFO: [Synth 8-6157] synthesizing module 'TensorAluIndexGenerator' [/scratch/hc676/vta/hardware/chisel/vta_out_Core_w4/Core.v:7595]
INFO: [Synth 8-6155] done synthesizing module 'TensorAluIndexGenerator' (0#1) [/scratch/hc676/vta/hardware/chisel/vta_out_Core_w4/Core.v:7595]
INFO: [Synth 8-6157] synthesizing module 'AluVector' [/scratch/hc676/vta/hardware/chisel/vta_out_Core_w4/Core.v:7927]
INFO: [Synth 8-6157] synthesizing module 'AluReg' [/scratch/hc676/vta/hardware/chisel/vta_out_Core_w4/Core.v:7835]
INFO: [Synth 8-6157] synthesizing module 'Alu' [/scratch/hc676/vta/hardware/chisel/vta_out_Core_w4/Core.v:7813]
INFO: [Synth 8-6155] done synthesizing module 'Alu' (0#1) [/scratch/hc676/vta/hardware/chisel/vta_out_Core_w4/Core.v:7813]
INFO: [Synth 8-6155] done synthesizing module 'AluReg' (0#1) [/scratch/hc676/vta/hardware/chisel/vta_out_Core_w4/Core.v:7835]
INFO: [Synth 8-6155] done synthesizing module 'AluVector' (0#1) [/scratch/hc676/vta/hardware/chisel/vta_out_Core_w4/Core.v:7927]
INFO: [Synth 8-6155] done synthesizing module 'TensorAlu' (0#1) [/scratch/hc676/vta/hardware/chisel/vta_out_Core_w4/Core.v:8063]
INFO: [Synth 8-6157] synthesizing module 'SyncQueue_1' [/scratch/hc676/vta/hardware/chisel/vta_out_Core_w4/Core.v:9193]
INFO: [Synth 8-6157] synthesizing module 'SyncQueue2PortMem_1' [/scratch/hc676/vta/hardware/chisel/vta_out_Core_w4/Core.v:9156]
INFO: [Synth 8-6157] synthesizing module 'SyncQueue2PortMemImpl_1' [/scratch/hc676/vta/hardware/chisel/vta_out_Core_w4/Core.v:8934]
INFO: [Synth 8-6157] synthesizing module 'OneCycleQueue_1' [/scratch/hc676/vta/hardware/chisel/vta_out_Core_w4/Core.v:8773]
INFO: [Synth 8-6157] synthesizing module 'TwoPortMem_1' [/scratch/hc676/vta/hardware/chisel/vta_out_Core_w4/Core.v:8677]
INFO: [Synth 8-6155] done synthesizing module 'TwoPortMem_1' (0#1) [/scratch/hc676/vta/hardware/chisel/vta_out_Core_w4/Core.v:8677]
INFO: [Synth 8-6155] done synthesizing module 'OneCycleQueue_1' (0#1) [/scratch/hc676/vta/hardware/chisel/vta_out_Core_w4/Core.v:8773]
INFO: [Synth 8-6155] done synthesizing module 'SyncQueue2PortMemImpl_1' (0#1) [/scratch/hc676/vta/hardware/chisel/vta_out_Core_w4/Core.v:8934]
INFO: [Synth 8-6155] done synthesizing module 'SyncQueue2PortMem_1' (0#1) [/scratch/hc676/vta/hardware/chisel/vta_out_Core_w4/Core.v:9156]
INFO: [Synth 8-6155] done synthesizing module 'SyncQueue_1' (0#1) [/scratch/hc676/vta/hardware/chisel/vta_out_Core_w4/Core.v:9193]
INFO: [Synth 8-6157] synthesizing module 'ComputeDecode' [/scratch/hc676/vta/hardware/chisel/vta_out_Core_w4/Core.v:9230]
INFO: [Synth 8-6155] done synthesizing module 'ComputeDecode' (0#1) [/scratch/hc676/vta/hardware/chisel/vta_out_Core_w4/Core.v:9230]
INFO: [Synth 8-6155] done synthesizing module 'Compute' (0#1) [/scratch/hc676/vta/hardware/chisel/vta_out_Core_w4/Core.v:9262]
INFO: [Synth 8-6157] synthesizing module 'Store' [/scratch/hc676/vta/hardware/chisel/vta_out_Core_w4/Core.v:10946]
INFO: [Synth 8-6157] synthesizing module 'StoreDecode' [/scratch/hc676/vta/hardware/chisel/vta_out_Core_w4/Core.v:10115]
INFO: [Synth 8-6155] done synthesizing module 'StoreDecode' (0#1) [/scratch/hc676/vta/hardware/chisel/vta_out_Core_w4/Core.v:10115]
INFO: [Synth 8-6157] synthesizing module 'TensorStoreOut' [/scratch/hc676/vta/hardware/chisel/vta_out_Core_w4/Core.v:10853]
INFO: [Synth 8-6157] synthesizing module 'TensorStoreWideVME' [/scratch/hc676/vta/hardware/chisel/vta_out_Core_w4/Core.v:10455]
INFO: [Synth 8-6157] synthesizing module 'GenVMECmdWide_2' [/scratch/hc676/vta/hardware/chisel/vta_out_Core_w4/Core.v:10130]
INFO: [Synth 8-6155] done synthesizing module 'GenVMECmdWide_2' (0#1) [/scratch/hc676/vta/hardware/chisel/vta_out_Core_w4/Core.v:10130]
INFO: [Synth 8-6155] done synthesizing module 'TensorStoreWideVME' (0#1) [/scratch/hc676/vta/hardware/chisel/vta_out_Core_w4/Core.v:10455]
INFO: [Synth 8-6155] done synthesizing module 'TensorStoreOut' (0#1) [/scratch/hc676/vta/hardware/chisel/vta_out_Core_w4/Core.v:10853]
INFO: [Synth 8-6155] done synthesizing module 'Store' (0#1) [/scratch/hc676/vta/hardware/chisel/vta_out_Core_w4/Core.v:10946]
INFO: [Synth 8-6157] synthesizing module 'EventCounters' [/scratch/hc676/vta/hardware/chisel/vta_out_Core_w4/Core.v:11166]
INFO: [Synth 8-6155] done synthesizing module 'EventCounters' (0#1) [/scratch/hc676/vta/hardware/chisel/vta_out_Core_w4/Core.v:11166]
INFO: [Synth 8-6155] done synthesizing module 'Core' (0#1) [/scratch/hc676/vta/hardware/chisel/vta_out_Core_w4/Core.v:11251]
WARNING: [Synth 8-6014] Unused sequential element mem_io_rd_data_MPORT_en_pipe_0_reg was removed.  [/scratch/hc676/vta/hardware/chisel/vta_out_Core_w4/Core.v:27]
WARNING: [Synth 8-6014] Unused sequential element tensorFile_0_rdataVec_MPORT_en_pipe_0_reg was removed.  [/scratch/hc676/vta/hardware/chisel/vta_out_Core_w4/Core.v:2250]
WARNING: [Synth 8-6014] Unused sequential element tensorFile_1_rdataVec_MPORT_1_en_pipe_0_reg was removed.  [/scratch/hc676/vta/hardware/chisel/vta_out_Core_w4/Core.v:2257]
WARNING: [Synth 8-6014] Unused sequential element tensorFile_0_MPORT_2_en_pipe_0_reg was removed.  [/scratch/hc676/vta/hardware/chisel/vta_out_Core_w4/Core.v:3261]
WARNING: [Synth 8-6014] Unused sequential element tensorFile_1_MPORT_3_en_pipe_0_reg was removed.  [/scratch/hc676/vta/hardware/chisel/vta_out_Core_w4/Core.v:3268]
WARNING: [Synth 8-6014] Unused sequential element tensorFile_0_rdataVec_MPORT_en_pipe_0_reg was removed.  [/scratch/hc676/vta/hardware/chisel/vta_out_Core_w4/Core.v:4533]
WARNING: [Synth 8-6014] Unused sequential element tensorFile_1_rdataVec_MPORT_1_en_pipe_0_reg was removed.  [/scratch/hc676/vta/hardware/chisel/vta_out_Core_w4/Core.v:4540]
WARNING: [Synth 8-6014] Unused sequential element tensorFile_0_MPORT_2_en_pipe_0_reg was removed.  [/scratch/hc676/vta/hardware/chisel/vta_out_Core_w4/Core.v:5416]
WARNING: [Synth 8-6014] Unused sequential element tensorFile_1_MPORT_3_en_pipe_0_reg was removed.  [/scratch/hc676/vta/hardware/chisel/vta_out_Core_w4/Core.v:5423]
WARNING: [Synth 8-6014] Unused sequential element capture_dec_wgt_1_reg was removed.  [/scratch/hc676/vta/hardware/chisel/vta_out_Core_w4/Core.v:6954]
WARNING: [Synth 8-6014] Unused sequential element capture_dec_wgt_0_reg was removed.  [/scratch/hc676/vta/hardware/chisel/vta_out_Core_w4/Core.v:6954]
WARNING: [Synth 8-6014] Unused sequential element capture_dec_inp_1_reg was removed.  [/scratch/hc676/vta/hardware/chisel/vta_out_Core_w4/Core.v:6954]
WARNING: [Synth 8-6014] Unused sequential element capture_dec_inp_0_reg was removed.  [/scratch/hc676/vta/hardware/chisel/vta_out_Core_w4/Core.v:6954]
WARNING: [Synth 8-6014] Unused sequential element capture_dec_acc_1_reg was removed.  [/scratch/hc676/vta/hardware/chisel/vta_out_Core_w4/Core.v:6954]
WARNING: [Synth 8-6014] Unused sequential element capture_dec_acc_0_reg was removed.  [/scratch/hc676/vta/hardware/chisel/vta_out_Core_w4/Core.v:6955]
WARNING: [Synth 8-6014] Unused sequential element capture_dec_empty_0_reg was removed.  [/scratch/hc676/vta/hardware/chisel/vta_out_Core_w4/Core.v:6955]
WARNING: [Synth 8-6014] Unused sequential element capture_dec_lp_1_reg was removed.  [/scratch/hc676/vta/hardware/chisel/vta_out_Core_w4/Core.v:6955]
WARNING: [Synth 8-6014] Unused sequential element capture_dec_lp_0_reg was removed.  [/scratch/hc676/vta/hardware/chisel/vta_out_Core_w4/Core.v:6955]
WARNING: [Synth 8-6014] Unused sequential element capture_dec_uop_end_reg was removed.  [/scratch/hc676/vta/hardware/chisel/vta_out_Core_w4/Core.v:6952]
WARNING: [Synth 8-6014] Unused sequential element capture_dec_uop_begin_reg was removed.  [/scratch/hc676/vta/hardware/chisel/vta_out_Core_w4/Core.v:6952]
WARNING: [Synth 8-6014] Unused sequential element capture_dec_push_next_reg was removed.  [/scratch/hc676/vta/hardware/chisel/vta_out_Core_w4/Core.v:6952]
WARNING: [Synth 8-6014] Unused sequential element capture_dec_push_prev_reg was removed.  [/scratch/hc676/vta/hardware/chisel/vta_out_Core_w4/Core.v:6953]
WARNING: [Synth 8-6014] Unused sequential element capture_dec_pop_next_reg was removed.  [/scratch/hc676/vta/hardware/chisel/vta_out_Core_w4/Core.v:6953]
WARNING: [Synth 8-6014] Unused sequential element capture_dec_pop_prev_reg was removed.  [/scratch/hc676/vta/hardware/chisel/vta_out_Core_w4/Core.v:6953]
WARNING: [Synth 8-6014] Unused sequential element capture_dec_op_reg was removed.  [/scratch/hc676/vta/hardware/chisel/vta_out_Core_w4/Core.v:6953]
WARNING: [Synth 8-6014] Unused sequential element delayed_uop_valid_reg was removed.  [/scratch/hc676/vta/hardware/chisel/vta_out_Core_w4/Core.v:7248]
WARNING: [Synth 8-6014] Unused sequential element src_valid_r2_reg was removed.  [/scratch/hc676/vta/hardware/chisel/vta_out_Core_w4/Core.v:8351]
WARNING: [Synth 8-6014] Unused sequential element src_valid_r3_reg was removed.  [/scratch/hc676/vta/hardware/chisel/vta_out_Core_w4/Core.v:8217]
WARNING: [Synth 8-6014] Unused sequential element src_idx_r2_reg was removed.  [/scratch/hc676/vta/hardware/chisel/vta_out_Core_w4/Core.v:8363]
WARNING: [Synth 8-6014] Unused sequential element src_idx_r3_reg was removed.  [/scratch/hc676/vta/hardware/chisel/vta_out_Core_w4/Core.v:8217]
WARNING: [Synth 8-3936] Found unconnected internal register 'io_acc_rd_0_idx_bits_REG_reg' and it is trimmed from '22' to '11' bits. [/scratch/hc676/vta/hardware/chisel/vta_out_Core_w4/Core.v:8267]
WARNING: [Synth 8-6014] Unused sequential element mem_io_rd_data_MPORT_en_pipe_0_reg was removed.  [/scratch/hc676/vta/hardware/chisel/vta_out_Core_w4/Core.v:8703]
WARNING: [Synth 8-6014] Unused sequential element tensorAcc_io_tensor_wr_0_REG_reg was removed.  [/scratch/hc676/vta/hardware/chisel/vta_out_Core_w4/Core.v:9823]
WARNING: [Synth 8-6014] Unused sequential element tensorGemm_io_acc_rd_0_data_valid_REG_reg was removed.  [/scratch/hc676/vta/hardware/chisel/vta_out_Core_w4/Core.v:9881]
WARNING: [Synth 8-6014] Unused sequential element io_out_wr_0_valid_REG_reg was removed.  [/scratch/hc676/vta/hardware/chisel/vta_out_Core_w4/Core.v:9781]
WARNING: [Synth 8-6014] Unused sequential element io_out_wr_0_bits_idx_REG_reg was removed.  [/scratch/hc676/vta/hardware/chisel/vta_out_Core_w4/Core.v:9782]
WARNING: [Synth 8-6014] Unused sequential element outDataBits_0_REG_reg was removed.  [/scratch/hc676/vta/hardware/chisel/vta_out_Core_w4/Core.v:9559]
WARNING: [Synth 8-6014] Unused sequential element tensorFile_0_srcData_0_MPORT_en_pipe_0_reg was removed.  [/scratch/hc676/vta/hardware/chisel/vta_out_Core_w4/Core.v:10652]
WARNING: [Synth 8-6014] Unused sequential element tensorFile_1_srcData_1_MPORT_en_pipe_0_reg was removed.  [/scratch/hc676/vta/hardware/chisel/vta_out_Core_w4/Core.v:10659]
WARNING: [Synth 8-3917] design Core has port io_vme_rd_0_cmd_bits_tag[20] driven by constant 0
WARNING: [Synth 8-3917] design Core has port io_vme_rd_0_cmd_bits_tag[19] driven by constant 0
WARNING: [Synth 8-3917] design Core has port io_vme_rd_0_cmd_bits_tag[18] driven by constant 0
WARNING: [Synth 8-3917] design Core has port io_vme_rd_0_cmd_bits_tag[17] driven by constant 0
WARNING: [Synth 8-3917] design Core has port io_vme_rd_0_cmd_bits_tag[16] driven by constant 0
WARNING: [Synth 8-3917] design Core has port io_vme_rd_0_cmd_bits_tag[15] driven by constant 0
WARNING: [Synth 8-3917] design Core has port io_vme_rd_0_cmd_bits_tag[14] driven by constant 0
WARNING: [Synth 8-3917] design Core has port io_vme_rd_0_cmd_bits_tag[13] driven by constant 0
WARNING: [Synth 8-3917] design Core has port io_vme_rd_0_cmd_bits_tag[12] driven by constant 0
WARNING: [Synth 8-3917] design Core has port io_vme_rd_0_cmd_bits_tag[11] driven by constant 0
WARNING: [Synth 8-3917] design Core has port io_vme_rd_0_cmd_bits_tag[10] driven by constant 0
WARNING: [Synth 8-3917] design Core has port io_vme_rd_0_cmd_bits_tag[9] driven by constant 0
WARNING: [Synth 8-3917] design Core has port io_vme_rd_0_cmd_bits_tag[8] driven by constant 0
WARNING: [Synth 8-3917] design Core has port io_vme_rd_0_cmd_bits_tag[7] driven by constant 0
WARNING: [Synth 8-3917] design Core has port io_vme_rd_0_cmd_bits_tag[6] driven by constant 0
WARNING: [Synth 8-3917] design Core has port io_vme_rd_0_cmd_bits_tag[5] driven by constant 0
WARNING: [Synth 8-3917] design Core has port io_vme_rd_0_cmd_bits_tag[4] driven by constant 0
WARNING: [Synth 8-3917] design Core has port io_vme_rd_0_cmd_bits_tag[3] driven by constant 0
WARNING: [Synth 8-3917] design Core has port io_vme_rd_0_cmd_bits_tag[2] driven by constant 0
WARNING: [Synth 8-3917] design Core has port io_vme_rd_0_cmd_bits_tag[1] driven by constant 0
WARNING: [Synth 8-3917] design Core has port io_vme_rd_0_cmd_bits_tag[0] driven by constant 0
WARNING: [Synth 8-3917] design Core has port io_vme_rd_1_data_ready driven by constant 1
WARNING: [Synth 8-3917] design Core has port io_vme_rd_2_data_ready driven by constant 1
WARNING: [Synth 8-3917] design Core has port io_vme_rd_3_data_ready driven by constant 1
WARNING: [Synth 8-3917] design Core has port io_vme_rd_4_data_ready driven by constant 1
WARNING: [Synth 8-7129] Port io_sram_offset[15] in module GenVMECmdWide_2 is either unconnected or has no load
WARNING: [Synth 8-7129] Port io_sram_offset[14] in module GenVMECmdWide_2 is either unconnected or has no load
WARNING: [Synth 8-7129] Port io_sram_offset[13] in module GenVMECmdWide_2 is either unconnected or has no load
WARNING: [Synth 8-7129] Port io_sram_offset[12] in module GenVMECmdWide_2 is either unconnected or has no load
WARNING: [Synth 8-7129] Port io_sram_offset[11] in module GenVMECmdWide_2 is either unconnected or has no load
WARNING: [Synth 8-7129] Port io_inst[127] in module TensorStoreWideVME is either unconnected or has no load
WARNING: [Synth 8-7129] Port io_inst[126] in module TensorStoreWideVME is either unconnected or has no load
WARNING: [Synth 8-7129] Port io_inst[125] in module TensorStoreWideVME is either unconnected or has no load
WARNING: [Synth 8-7129] Port io_inst[124] in module TensorStoreWideVME is either unconnected or has no load
WARNING: [Synth 8-7129] Port io_inst[123] in module TensorStoreWideVME is either unconnected or has no load
WARNING: [Synth 8-7129] Port io_inst[122] in module TensorStoreWideVME is either unconnected or has no load
WARNING: [Synth 8-7129] Port io_inst[121] in module TensorStoreWideVME is either unconnected or has no load
WARNING: [Synth 8-7129] Port io_inst[120] in module TensorStoreWideVME is either unconnected or has no load
WARNING: [Synth 8-7129] Port io_inst[119] in module TensorStoreWideVME is either unconnected or has no load
WARNING: [Synth 8-7129] Port io_inst[118] in module TensorStoreWideVME is either unconnected or has no load
WARNING: [Synth 8-7129] Port io_inst[117] in module TensorStoreWideVME is either unconnected or has no load
WARNING: [Synth 8-7129] Port io_inst[116] in module TensorStoreWideVME is either unconnected or has no load
WARNING: [Synth 8-7129] Port io_inst[115] in module TensorStoreWideVME is either unconnected or has no load
WARNING: [Synth 8-7129] Port io_inst[114] in module TensorStoreWideVME is either unconnected or has no load
WARNING: [Synth 8-7129] Port io_inst[113] in module TensorStoreWideVME is either unconnected or has no load
WARNING: [Synth 8-7129] Port io_inst[112] in module TensorStoreWideVME is either unconnected or has no load
WARNING: [Synth 8-7129] Port io_inst[63] in module TensorStoreWideVME is either unconnected or has no load
WARNING: [Synth 8-7129] Port io_inst[62] in module TensorStoreWideVME is either unconnected or has no load
WARNING: [Synth 8-7129] Port io_inst[61] in module TensorStoreWideVME is either unconnected or has no load
WARNING: [Synth 8-7129] Port io_inst[60] in module TensorStoreWideVME is either unconnected or has no load
WARNING: [Synth 8-7129] Port io_inst[59] in module TensorStoreWideVME is either unconnected or has no load
WARNING: [Synth 8-7129] Port io_inst[58] in module TensorStoreWideVME is either unconnected or has no load
WARNING: [Synth 8-7129] Port io_inst[9] in module TensorStoreWideVME is either unconnected or has no load
WARNING: [Synth 8-7129] Port io_inst[8] in module TensorStoreWideVME is either unconnected or has no load
WARNING: [Synth 8-7129] Port io_inst[7] in module TensorStoreWideVME is either unconnected or has no load
WARNING: [Synth 8-7129] Port io_inst[6] in module TensorStoreWideVME is either unconnected or has no load
WARNING: [Synth 8-7129] Port io_inst[5] in module TensorStoreWideVME is either unconnected or has no load
WARNING: [Synth 8-7129] Port io_inst[4] in module TensorStoreWideVME is either unconnected or has no load
WARNING: [Synth 8-7129] Port io_inst[3] in module TensorStoreWideVME is either unconnected or has no load
WARNING: [Synth 8-7129] Port io_inst[2] in module TensorStoreWideVME is either unconnected or has no load
WARNING: [Synth 8-7129] Port io_inst[1] in module TensorStoreWideVME is either unconnected or has no load
WARNING: [Synth 8-7129] Port io_inst[0] in module TensorStoreWideVME is either unconnected or has no load
WARNING: [Synth 8-7129] Port io_wr_addr[15] in module TwoPortMem_1 is either unconnected or has no load
WARNING: [Synth 8-7129] Port io_wr_addr[14] in module TwoPortMem_1 is either unconnected or has no load
WARNING: [Synth 8-7129] Port io_wr_addr[13] in module TwoPortMem_1 is either unconnected or has no load
WARNING: [Synth 8-7129] Port io_wr_addr[12] in module TwoPortMem_1 is either unconnected or has no load
WARNING: [Synth 8-7129] Port io_wr_addr[11] in module TwoPortMem_1 is either unconnected or has no load
WARNING: [Synth 8-7129] Port io_wr_addr[10] in module TwoPortMem_1 is either unconnected or has no load
WARNING: [Synth 8-7129] Port io_wr_addr[9] in module TwoPortMem_1 is either unconnected or has no load
WARNING: [Synth 8-7129] Port io_rd_addr[15] in module TwoPortMem_1 is either unconnected or has no load
WARNING: [Synth 8-7129] Port io_rd_addr[14] in module TwoPortMem_1 is either unconnected or has no load
WARNING: [Synth 8-7129] Port io_rd_addr[13] in module TwoPortMem_1 is either unconnected or has no load
WARNING: [Synth 8-7129] Port io_rd_addr[12] in module TwoPortMem_1 is either unconnected or has no load
WARNING: [Synth 8-7129] Port io_rd_addr[11] in module TwoPortMem_1 is either unconnected or has no load
WARNING: [Synth 8-7129] Port io_rd_addr[10] in module TwoPortMem_1 is either unconnected or has no load
WARNING: [Synth 8-7129] Port io_rd_addr[9] in module TwoPortMem_1 is either unconnected or has no load
WARNING: [Synth 8-7129] Port io_uop_data_bits_u2[9] in module TensorAlu is either unconnected or has no load
WARNING: [Synth 8-7129] Port io_uop_data_bits_u2[8] in module TensorAlu is either unconnected or has no load
WARNING: [Synth 8-7129] Port io_uop_data_bits_u2[7] in module TensorAlu is either unconnected or has no load
WARNING: [Synth 8-7129] Port io_uop_data_bits_u2[6] in module TensorAlu is either unconnected or has no load
WARNING: [Synth 8-7129] Port io_uop_data_bits_u2[5] in module TensorAlu is either unconnected or has no load
WARNING: [Synth 8-7129] Port io_uop_data_bits_u2[4] in module TensorAlu is either unconnected or has no load
WARNING: [Synth 8-7129] Port io_uop_data_bits_u2[3] in module TensorAlu is either unconnected or has no load
WARNING: [Synth 8-7129] Port io_uop_data_bits_u2[2] in module TensorAlu is either unconnected or has no load
WARNING: [Synth 8-7129] Port io_uop_data_bits_u2[1] in module TensorAlu is either unconnected or has no load
WARNING: [Synth 8-7129] Port io_uop_data_bits_u2[0] in module TensorAlu is either unconnected or has no load
WARNING: [Synth 8-7129] Port io_acc_rd_0_data_valid in module TensorAlu is either unconnected or has no load
WARNING: [Synth 8-7129] Port io_out_rd_0_data_valid in module TensorAlu is either unconnected or has no load
WARNING: [Synth 8-7129] Port io_dec_empty_0 in module TensorGemm is either unconnected or has no load
WARNING: [Synth 8-7129] Port io_dec_push_next in module TensorGemm is either unconnected or has no load
WARNING: [Synth 8-7129] Port io_dec_push_prev in module TensorGemm is either unconnected or has no load
WARNING: [Synth 8-7129] Port io_dec_pop_next in module TensorGemm is either unconnected or has no load
WARNING: [Synth 8-7129] Port io_dec_pop_prev in module TensorGemm is either unconnected or has no load
WARNING: [Synth 8-7129] Port io_dec_op[2] in module TensorGemm is either unconnected or has no load
WARNING: [Synth 8-7129] Port io_dec_op[1] in module TensorGemm is either unconnected or has no load
WARNING: [Synth 8-7129] Port io_dec_op[0] in module TensorGemm is either unconnected or has no load
WARNING: [Synth 8-7129] Port io_uop_data_valid in module TensorGemm is either unconnected or has no load
WARNING: [Synth 8-7129] Port io_inp_rd_0_data_valid in module TensorGemm is either unconnected or has no load
WARNING: [Synth 8-7129] Port io_wgt_rd_0_data_valid in module TensorGemm is either unconnected or has no load
WARNING: [Synth 8-7129] Port io_out_rd_0_data_valid in module TensorGemm is either unconnected or has no load
WARNING: [Synth 8-7129] Port io_inst[111] in module ZeroPadding is either unconnected or has no load
WARNING: [Synth 8-7129] Port io_inst[110] in module ZeroPadding is either unconnected or has no load
WARNING: [Synth 8-7129] Port io_inst[109] in module ZeroPadding is either unconnected or has no load
WARNING: [Synth 8-7129] Port io_inst[108] in module ZeroPadding is either unconnected or has no load
WARNING: [Synth 8-7129] Port io_inst[107] in module ZeroPadding is either unconnected or has no load
WARNING: [Synth 8-7129] Port io_inst[106] in module ZeroPadding is either unconnected or has no load
WARNING: [Synth 8-7129] Port io_inst[105] in module ZeroPadding is either unconnected or has no load
WARNING: [Synth 8-7129] Port io_inst[104] in module ZeroPadding is either unconnected or has no load
WARNING: [Synth 8-7129] Port io_inst[103] in module ZeroPadding is either unconnected or has no load
WARNING: [Synth 8-7129] Port io_inst[102] in module ZeroPadding is either unconnected or has no load
WARNING: [Synth 8-7129] Port io_inst[101] in module ZeroPadding is either unconnected or has no load
WARNING: [Synth 8-7129] Port io_inst[100] in module ZeroPadding is either unconnected or has no load
WARNING: [Synth 8-7129] Port io_inst[99] in module ZeroPadding is either unconnected or has no load
WARNING: [Synth 8-7129] Port io_inst[98] in module ZeroPadding is either unconnected or has no load
WARNING: [Synth 8-7129] Port io_inst[97] in module ZeroPadding is either unconnected or has no load
WARNING: [Synth 8-7129] Port io_inst[96] in module ZeroPadding is either unconnected or has no load
WARNING: [Synth 8-7129] Port io_inst[63] in module ZeroPadding is either unconnected or has no load
WARNING: [Synth 8-7129] Port io_inst[62] in module ZeroPadding is either unconnected or has no load
WARNING: [Synth 8-7129] Port io_inst[61] in module ZeroPadding is either unconnected or has no load
WARNING: [Synth 8-7129] Port io_inst[60] in module ZeroPadding is either unconnected or has no load
WARNING: [Synth 8-7129] Port io_inst[59] in module ZeroPadding is either unconnected or has no load
WARNING: [Synth 8-7129] Port io_inst[58] in module ZeroPadding is either unconnected or has no load
WARNING: [Synth 8-7129] Port io_inst[57] in module ZeroPadding is either unconnected or has no load
WARNING: [Synth 8-7129] Port io_inst[56] in module ZeroPadding is either unconnected or has no load
WARNING: [Synth 8-7129] Port io_inst[55] in module ZeroPadding is either unconnected or has no load
INFO: [Common 17-14] Message 'Synth 8-7129' appears 100 times and further instances of the messages will be disabled. Use the Tcl command set_msg_config to change the current settings.
---------------------------------------------------------------------------------
Finished Synthesize : Time (s): cpu = 00:00:07 ; elapsed = 00:00:07 . Memory (MB): peak = 2090.363 ; gain = 525.602 ; free physical = 66055 ; free virtual = 149582
---------------------------------------------------------------------------------
---------------------------------------------------------------------------------
Finished Constraint Validation : Time (s): cpu = 00:00:08 ; elapsed = 00:00:08 . Memory (MB): peak = 2108.176 ; gain = 543.414 ; free physical = 66037 ; free virtual = 149566
---------------------------------------------------------------------------------
---------------------------------------------------------------------------------
Start Loading Part and Timing Information
---------------------------------------------------------------------------------
Loading part: xcu280-fsvh2892-2L-e
INFO: [Synth 8-6742] Reading net delay rules and data
---------------------------------------------------------------------------------
INFO: [Device 21-403] Loading part xcu280-fsvh2892-2L-e
Finished Loading Part and Timing Information : Time (s): cpu = 00:00:08 ; elapsed = 00:00:08 . Memory (MB): peak = 2125.086 ; gain = 560.324 ; free physical = 66029 ; free virtual = 149558
---------------------------------------------------------------------------------
INFO: [Synth 8-802] inferred FSM for state register 'state_reg' in module 'Fetch64Bit'
INFO: [Synth 8-802] inferred FSM for state register 'state_reg' in module 'Load'
INFO: [Synth 8-802] inferred FSM for state register 'state_reg' in module 'Compute'
INFO: [Synth 8-802] inferred FSM for state register 'state_reg' in module 'TensorStoreWideVME'
INFO: [Synth 8-802] inferred FSM for state register 'state_reg' in module 'Store'
WARNING: [Synth 8-6430] The Block RAM "TwoPortMem:/mem_reg" may get memory collision error if read and write address collide. Use attribute (* rw_addr_collision= "yes" *) to avoid collision 
INFO: [Synth 8-6904] The RAM "Queue:/ram_reg" of size (depth=3 x width=128) is automatically implemented using LUTRAM. BRAM implementation would be inefficient 
---------------------------------------------------------------------------------------------------
                   State |                     New Encoding |                Previous Encoding 
---------------------------------------------------------------------------------------------------
                 iSTATE3 |                              000 |                              000
                 iSTATE2 |                              001 |                              001
                 iSTATE0 |                              100 |                              010
                  iSTATE |                              010 |                              011
                 iSTATE1 |                              011 |                              100
*
---------------------------------------------------------------------------------------------------
INFO: [Synth 8-3354] encoded FSM with state register 'state_reg' using encoding 'sequential' in module 'Fetch64Bit'
WARNING: [Synth 8-6430] The Block RAM "TensorLoadWideVME:/tensorFile_1_reg" may get memory collision error if read and write address collide. Use attribute (* rw_addr_collision= "yes" *) to avoid collision 
INFO: [Synth 8-7030] Implemented Non-Cascaded Block Ram (cascade_height = 1) of width 32 for RAM "TensorLoadWideVME:/tensorFile_1_reg"
WARNING: [Synth 8-6430] The Block RAM "TensorLoadWideVME:/tensorFile_0_reg" may get memory collision error if read and write address collide. Use attribute (* rw_addr_collision= "yes" *) to avoid collision 
INFO: [Synth 8-7030] Implemented Non-Cascaded Block Ram (cascade_height = 1) of width 32 for RAM "TensorLoadWideVME:/tensorFile_0_reg"
WARNING: [Synth 8-6430] The Block RAM "TensorLoadNarrowVME:/tensorFile_0_reg" may get memory collision error if read and write address collide. Use attribute (* rw_addr_collision= "yes" *) to avoid collision 
INFO: [Synth 8-7030] Implemented Non-Cascaded Block Ram (cascade_height = 1) of width 36 for RAM "TensorLoadNarrowVME:/tensorFile_0_reg"
INFO: [Synth 8-7030] Implemented Non-Cascaded Block Ram (cascade_height = 1) of width 28 for RAM "TensorLoadNarrowVME:/tensorFile_0_reg"
WARNING: [Synth 8-6430] The Block RAM "TensorLoadNarrowVME:/tensorFile_1_reg" may get memory collision error if read and write address collide. Use attribute (* rw_addr_collision= "yes" *) to avoid collision 
INFO: [Synth 8-7030] Implemented Non-Cascaded Block Ram (cascade_height = 1) of width 36 for RAM "TensorLoadNarrowVME:/tensorFile_1_reg"
INFO: [Synth 8-7030] Implemented Non-Cascaded Block Ram (cascade_height = 1) of width 28 for RAM "TensorLoadNarrowVME:/tensorFile_1_reg"
---------------------------------------------------------------------------------------------------
                   State |                     New Encoding |                Previous Encoding 
---------------------------------------------------------------------------------------------------
                  iSTATE |                              001 |                               00
                 iSTATE1 |                              010 |                               01
                 iSTATE0 |                              100 |                               10
*
---------------------------------------------------------------------------------------------------
INFO: [Synth 8-3354] encoded FSM with state register 'state_reg' using encoding 'one-hot' in module 'Load'
WARNING: [Synth 8-6430] The Block RAM "TensorLoadWideVME_1:/tensorFile_1_reg" may get memory collision error if read and write address collide. Use attribute (* rw_addr_collision= "yes" *) to avoid collision 
INFO: [Synth 8-7030] Implemented Non-Cascaded Block Ram (cascade_height = 1) of width 32 for RAM "TensorLoadWideVME_1:/tensorFile_1_reg"
WARNING: [Synth 8-6430] The Block RAM "TensorLoadWideVME_1:/tensorFile_0_reg" may get memory collision error if read and write address collide. Use attribute (* rw_addr_collision= "yes" *) to avoid collision 
INFO: [Synth 8-7030] Implemented Non-Cascaded Block Ram (cascade_height = 1) of width 32 for RAM "TensorLoadWideVME_1:/tensorFile_0_reg"
INFO: [Synth 8-6794] RAM ("TensorLoadNarrowVME_1:/tensorFile_0_reg") will be automatically implemented using URAM. 
INFO: [Synth 8-6794] RAM ("TensorLoadNarrowVME_1:/tensorFile_0_reg") will be automatically implemented using URAM. 
INFO: [Synth 8-6794] RAM ("TensorLoadNarrowVME_1:/tensorFile_0_reg") will be automatically implemented using URAM. 
INFO: [Synth 8-5780] Default cascade height of 1 will be used for URAM '"TensorLoadNarrowVME_1:/tensorFile_0_reg"'.
INFO: [Synth 8-6794] RAM ("TensorLoadNarrowVME_1:/tensorFile_1_reg") will be automatically implemented using URAM. 
INFO: [Synth 8-6794] RAM ("TensorLoadNarrowVME_1:/tensorFile_1_reg") will be automatically implemented using URAM. 
INFO: [Synth 8-6794] RAM ("TensorLoadNarrowVME_1:/tensorFile_1_reg") will be automatically implemented using URAM. 
INFO: [Synth 8-5780] Default cascade height of 1 will be used for URAM '"TensorLoadNarrowVME_1:/tensorFile_1_reg"'.
INFO: [Synth 8-6794] RAM ("TwoPortMem_1:/mem_reg") will be automatically implemented using URAM. 
INFO: [Synth 8-6794] RAM ("TwoPortMem_1:/mem_reg") will be automatically implemented using URAM. 
INFO: [Synth 8-6794] RAM ("TwoPortMem_1:/mem_reg") will be automatically implemented using URAM. 
INFO: [Synth 8-5780] Default cascade height of 1 will be used for URAM '"TwoPortMem_1:/mem_reg"'.
---------------------------------------------------------------------------------------------------
                   State |                     New Encoding |                Previous Encoding 
---------------------------------------------------------------------------------------------------
                  iSTATE |                              001 |                               00
                 iSTATE1 |                              010 |                               01
                 iSTATE0 |                              100 |                               10
*
---------------------------------------------------------------------------------------------------
INFO: [Synth 8-3354] encoded FSM with state register 'state_reg' using encoding 'one-hot' in module 'Compute'
---------------------------------------------------------------------------------------------------
                   State |                     New Encoding |                Previous Encoding 
---------------------------------------------------------------------------------------------------
                 iSTATE2 |                               00 |                               00
                 iSTATE1 |                               01 |                               01
                  iSTATE |                               10 |                               10
                 iSTATE0 |                               11 |                               11
*
---------------------------------------------------------------------------------------------------
INFO: [Synth 8-3354] encoded FSM with state register 'state_reg' using encoding 'sequential' in module 'TensorStoreWideVME'
WARNING: [Synth 8-6430] The Block RAM "TensorStoreWideVME:/tensorFile_1_reg" may get memory collision error if read and write address collide. Use attribute (* rw_addr_collision= "yes" *) to avoid collision 
INFO: [Synth 8-7030] Implemented Non-Cascaded Block Ram (cascade_height = 1) of width 32 for RAM "TensorStoreWideVME:/tensorFile_1_reg"
WARNING: [Synth 8-6430] The Block RAM "TensorStoreWideVME:/tensorFile_0_reg" may get memory collision error if read and write address collide. Use attribute (* rw_addr_collision= "yes" *) to avoid collision 
INFO: [Synth 8-7030] Implemented Non-Cascaded Block Ram (cascade_height = 1) of width 32 for RAM "TensorStoreWideVME:/tensorFile_0_reg"
---------------------------------------------------------------------------------------------------
                   State |                     New Encoding |                Previous Encoding 
---------------------------------------------------------------------------------------------------
                  iSTATE |                              001 |                               00
                 iSTATE1 |                              010 |                               01
                 iSTATE0 |                              100 |                               10
*
---------------------------------------------------------------------------------------------------
INFO: [Synth 8-3354] encoded FSM with state register 'state_reg' using encoding 'one-hot' in module 'Store'
---------------------------------------------------------------------------------
Finished RTL Optimization Phase 2 : Time (s): cpu = 00:00:12 ; elapsed = 00:00:10 . Memory (MB): peak = 2289.789 ; gain = 725.027 ; free physical = 65762 ; free virtual = 149294
---------------------------------------------------------------------------------
INFO: [Synth 8-223] decloning instance 'compute/tensorGemm/wrpipeNs' (Pipe_1) to 'compute/tensorGemm/wrpipe_0'
No constraint files found.
---------------------------------------------------------------------------------
Start RTL Component Statistics 
---------------------------------------------------------------------------------
Detailed RTL Component Info : 
+---Adders : 
	   2 Input   64 Bit       Adders := 11    
	   2 Input   33 Bit       Adders := 1     
	   2 Input   32 Bit       Adders := 10    
	   3 Input   24 Bit       Adders := 4     
	   2 Input   19 Bit       Adders := 4     
	   2 Input   18 Bit       Adders := 11    
	   3 Input   17 Bit       Adders := 4     
	   2 Input   17 Bit       Adders := 2     
	   2 Input   16 Bit       Adders := 21    
	   3 Input   16 Bit       Adders := 8     
	   4 Input   16 Bit       Adders := 8     
	   2 Input   15 Bit       Adders := 9     
	   4 Input   15 Bit       Adders := 6     
	   2 Input   14 Bit       Adders := 12    
	   2 Input   12 Bit       Adders := 8     
	   4 Input   11 Bit       Adders := 3     
	   2 Input   11 Bit       Adders := 27    
	   3 Input   10 Bit       Adders := 3     
	   2 Input   10 Bit       Adders := 10    
	   4 Input   10 Bit       Adders := 1     
	   2 Input    9 Bit       Adders := 10    
	   3 Input    9 Bit       Adders := 1     
	   2 Input    8 Bit       Adders := 15    
	   2 Input    7 Bit       Adders := 3     
	   3 Input    7 Bit       Adders := 1     
	   2 Input    5 Bit       Adders := 4     
	   2 Input    4 Bit       Adders := 13    
	   2 Input    2 Bit       Adders := 10    
	   3 Input    1 Bit       Adders := 7     
	   2 Input    1 Bit       Adders := 4     
+---Registers : 
	              128 Bit    Registers := 2     
	               64 Bit    Registers := 13    
	               32 Bit    Registers := 13    
	               24 Bit    Registers := 4     
	               21 Bit    Registers := 6     
	               17 Bit    Registers := 16    
	               16 Bit    Registers := 12    
	               15 Bit    Registers := 3     
	               14 Bit    Registers := 6     
	               12 Bit    Registers := 2     
	               11 Bit    Registers := 38    
	               10 Bit    Registers := 13    
	                9 Bit    Registers := 8     
	                8 Bit    Registers := 24    
	                7 Bit    Registers := 3     
	                4 Bit    Registers := 2     
	                3 Bit    Registers := 4     
	                2 Bit    Registers := 6     
	                1 Bit    Registers := 71    
+---RAMs : 
	             128K Bit	(2048 X 64 bit)          RAMs := 2     
	              64K Bit	(512 X 128 bit)          RAMs := 3     
	              64K Bit	(1024 X 64 bit)          RAMs := 2     
	              32K Bit	(1024 X 32 bit)          RAMs := 6     
	              16K Bit	(128 X 128 bit)          RAMs := 1     
	              384 Bit	(3 X 128 bit)          RAMs := 2     
+---Muxes : 
	   2 Input  128 Bit        Muxes := 2     
	   2 Input   64 Bit        Muxes := 14    
	   3 Input   32 Bit        Muxes := 2     
	   2 Input   32 Bit        Muxes := 49    
	   5 Input   32 Bit        Muxes := 2     
	   2 Input   24 Bit        Muxes := 16    
	   2 Input   16 Bit        Muxes := 44    
	   2 Input   14 Bit        Muxes := 4     
	   2 Input   12 Bit        Muxes := 5     
	   2 Input   11 Bit        Muxes := 41    
	   2 Input   10 Bit        Muxes := 8     
	   2 Input    9 Bit        Muxes := 20    
	   3 Input    8 Bit        Muxes := 2     
	   4 Input    8 Bit        Muxes := 1     
	   6 Input    8 Bit        Muxes := 2     
	   2 Input    8 Bit        Muxes := 4     
	   5 Input    8 Bit        Muxes := 1     
	   2 Input    7 Bit        Muxes := 3     
	   2 Input    4 Bit        Muxes := 4     
	   7 Input    4 Bit        Muxes := 2     
	  12 Input    3 Bit        Muxes := 1     
	   5 Input    3 Bit        Muxes := 5     
	   2 Input    3 Bit        Muxes := 13    
	   6 Input    3 Bit        Muxes := 4     
	   2 Input    2 Bit        Muxes := 34    
	   3 Input    2 Bit        Muxes := 2     
	   4 Input    2 Bit        Muxes := 1     
	   2 Input    1 Bit        Muxes := 123   
	   6 Input    1 Bit        Muxes := 1     
	   3 Input    1 Bit        Muxes := 2     
	   5 Input    1 Bit        Muxes := 5     
	   4 Input    1 Bit        Muxes := 4     
---------------------------------------------------------------------------------
Finished RTL Component Statistics 
---------------------------------------------------------------------------------
---------------------------------------------------------------------------------
Start Part Resource Summary
---------------------------------------------------------------------------------
Part Resources:
DSPs: 9024 (col length:94)
BRAMs: 4032 (col length: RAMB18 288 RAMB36 144)
---------------------------------------------------------------------------------
Finished Part Resource Summary
---------------------------------------------------------------------------------
No constraint files found.
---------------------------------------------------------------------------------
Start Cross Boundary and Area Optimization
---------------------------------------------------------------------------------
WARNING: [Synth 8-7080] Parallel synthesis criteria is not met
INFO: [Synth 8-6904] The RAM "\fetch/fetch /inst_q/queue/queue/buffer/ram_reg" of size (depth=3 x width=128) is automatically implemented using LUTRAM. BRAM implementation would be inefficient 
INFO: [Synth 8-6904] The RAM "compute/inst_q/queue/queue/buffer/ram_reg" of size (depth=3 x width=128) is automatically implemented using LUTRAM. BRAM implementation would be inefficient 
WARNING: [Synth 8-3917] design Core has port io_vme_rd_0_cmd_bits_tag[20] driven by constant 0
WARNING: [Synth 8-3917] design Core has port io_vme_rd_0_cmd_bits_tag[19] driven by constant 0
WARNING: [Synth 8-3917] design Core has port io_vme_rd_0_cmd_bits_tag[18] driven by constant 0
WARNING: [Synth 8-3917] design Core has port io_vme_rd_0_cmd_bits_tag[17] driven by constant 0
WARNING: [Synth 8-3917] design Core has port io_vme_rd_0_cmd_bits_tag[16] driven by constant 0
WARNING: [Synth 8-3917] design Core has port io_vme_rd_0_cmd_bits_tag[15] driven by constant 0
WARNING: [Synth 8-3917] design Core has port io_vme_rd_0_cmd_bits_tag[14] driven by constant 0
WARNING: [Synth 8-3917] design Core has port io_vme_rd_0_cmd_bits_tag[13] driven by constant 0
WARNING: [Synth 8-3917] design Core has port io_vme_rd_0_cmd_bits_tag[12] driven by constant 0
WARNING: [Synth 8-3917] design Core has port io_vme_rd_0_cmd_bits_tag[11] driven by constant 0
WARNING: [Synth 8-3917] design Core has port io_vme_rd_0_cmd_bits_tag[10] driven by constant 0
WARNING: [Synth 8-3917] design Core has port io_vme_rd_0_cmd_bits_tag[9] driven by constant 0
WARNING: [Synth 8-3917] design Core has port io_vme_rd_0_cmd_bits_tag[8] driven by constant 0
WARNING: [Synth 8-3917] design Core has port io_vme_rd_0_cmd_bits_tag[7] driven by constant 0
WARNING: [Synth 8-3917] design Core has port io_vme_rd_0_cmd_bits_tag[6] driven by constant 0
WARNING: [Synth 8-3917] design Core has port io_vme_rd_0_cmd_bits_tag[5] driven by constant 0
WARNING: [Synth 8-3917] design Core has port io_vme_rd_0_cmd_bits_tag[4] driven by constant 0
WARNING: [Synth 8-3917] design Core has port io_vme_rd_0_cmd_bits_tag[3] driven by constant 0
WARNING: [Synth 8-3917] design Core has port io_vme_rd_0_cmd_bits_tag[2] driven by constant 0
WARNING: [Synth 8-3917] design Core has port io_vme_rd_0_cmd_bits_tag[1] driven by constant 0
WARNING: [Synth 8-3917] design Core has port io_vme_rd_0_cmd_bits_tag[0] driven by constant 0
WARNING: [Synth 8-3917] design Core has port io_vme_rd_1_data_ready driven by constant 1
WARNING: [Synth 8-3917] design Core has port io_vme_rd_2_data_ready driven by constant 1
WARNING: [Synth 8-3917] design Core has port io_vme_rd_3_data_ready driven by constant 1
WARNING: [Synth 8-3917] design Core has port io_vme_rd_4_data_ready driven by constant 1
WARNING: [Synth 8-3917] design Core has port io_vme_wr_0_cmd_bits_tag[20] driven by constant 0
WARNING: [Synth 8-3917] design Core has port io_vme_wr_0_cmd_bits_tag[19] driven by constant 0
WARNING: [Synth 8-3917] design Core has port io_vme_wr_0_cmd_bits_tag[18] driven by constant 0
WARNING: [Synth 8-3917] design Core has port io_vme_wr_0_cmd_bits_tag[17] driven by constant 0
WARNING: [Synth 8-3917] design Core has port io_vme_wr_0_cmd_bits_tag[16] driven by constant 0
WARNING: [Synth 8-3917] design Core has port io_vme_wr_0_cmd_bits_tag[15] driven by constant 0
WARNING: [Synth 8-3917] design Core has port io_vme_wr_0_cmd_bits_tag[3] driven by constant 0
RAM Pipeline Warning: Read Address Register Found For RAM inst_q/queue/queue/memoryQueue/ram0/mem_reg. We will not be able to pipeline it. This may degrade performance. 
RAM Pipeline Warning: Read Address Register Found For RAM inst_q/queue/queue/memoryQueue/ram0/mem_reg. We will not be able to pipeline it. This may degrade performance. 
WARNING: [Synth 8-6430] The Block RAM "\fetch/fetch/inst_q/queue/queue/memoryQueue/ram0/mem_reg " may get memory collision error if read and write address collide. Use attribute (* rw_addr_collision= "yes" *) to avoid collision 
RAM ("\fetch/fetch/inst_q/queue/queue/memoryQueue/ram0/mem_reg ") is too shallow (depth = 128) to use URAM. Choosing BRAM instead of URAM 
INFO: [Synth 8-6904] The RAM "\fetch/fetch/inst_q/queue/queue/buffer/ram_reg " of size (depth=3 x width=128) is automatically implemented using LUTRAM. BRAM implementation would be inefficient 
RAM Pipeline Warning: Read Address Register Found For RAM tensorFile_1_reg. We will not be able to pipeline it. This may degrade performance. 
RAM Pipeline Warning: Read Address Register Found For RAM tensorFile_1_reg. We will not be able to pipeline it. This may degrade performance. 
WARNING: [Synth 8-6430] The Block RAM "\load/tensorLoad_0/tensorLoad/tensorFile_1_reg " may get memory collision error if read and write address collide. Use attribute (* rw_addr_collision= "yes" *) to avoid collision 
RAM ("\load/tensorLoad_0/tensorLoad/tensorFile_1_reg ") is too shallow (depth = 1024) to use URAM. Choosing BRAM instead of URAM 
INFO: [Synth 8-7030] Implemented Non-Cascaded Block Ram (cascade_height = 1) of width 32 for RAM "\load/tensorLoad_0/tensorLoad/tensorFile_1_reg "
RAM Pipeline Warning: Read Address Register Found For RAM tensorFile_0_reg. We will not be able to pipeline it. This may degrade performance. 
RAM Pipeline Warning: Read Address Register Found For RAM tensorFile_0_reg. We will not be able to pipeline it. This may degrade performance. 
WARNING: [Synth 8-6430] The Block RAM "\load/tensorLoad_0/tensorLoad/tensorFile_0_reg " may get memory collision error if read and write address collide. Use attribute (* rw_addr_collision= "yes" *) to avoid collision 
RAM ("\load/tensorLoad_0/tensorLoad/tensorFile_0_reg ") is too shallow (depth = 1024) to use URAM. Choosing BRAM instead of URAM 
INFO: [Synth 8-7030] Implemented Non-Cascaded Block Ram (cascade_height = 1) of width 32 for RAM "\load/tensorLoad_0/tensorLoad/tensorFile_0_reg "
RAM Pipeline Warning: Read Address Register Found For RAM tensorFile_0_reg. We will not be able to pipeline it. This may degrade performance. 
RAM Pipeline Warning: Read Address Register Found For RAM tensorFile_0_reg. We will not be able to pipeline it. This may degrade performance. 
WARNING: [Synth 8-6430] The Block RAM "\load/tensorLoad_1/tensorLoad/tensorFile_0_reg " may get memory collision error if read and write address collide. Use attribute (* rw_addr_collision= "yes" *) to avoid collision 
RAM ("\load/tensorLoad_1/tensorLoad/tensorFile_0_reg ") is too shallow (depth = 1024) to use URAM. Choosing BRAM instead of URAM 
INFO: [Synth 8-7030] Implemented Non-Cascaded Block Ram (cascade_height = 1) of width 36 for RAM "\load/tensorLoad_1/tensorLoad/tensorFile_0_reg "
INFO: [Synth 8-7030] Implemented Non-Cascaded Block Ram (cascade_height = 1) of width 28 for RAM "\load/tensorLoad_1/tensorLoad/tensorFile_0_reg "
RAM Pipeline Warning: Read Address Register Found For RAM tensorFile_1_reg. We will not be able to pipeline it. This may degrade performance. 
RAM Pipeline Warning: Read Address Register Found For RAM tensorFile_1_reg. We will not be able to pipeline it. This may degrade performance. 
WARNING: [Synth 8-6430] The Block RAM "\load/tensorLoad_1/tensorLoad/tensorFile_1_reg " may get memory collision error if read and write address collide. Use attribute (* rw_addr_collision= "yes" *) to avoid collision 
RAM ("\load/tensorLoad_1/tensorLoad/tensorFile_1_reg ") is too shallow (depth = 1024) to use URAM. Choosing BRAM instead of URAM 
INFO: [Synth 8-7030] Implemented Non-Cascaded Block Ram (cascade_height = 1) of width 36 for RAM "\load/tensorLoad_1/tensorLoad/tensorFile_1_reg "
INFO: [Synth 8-7030] Implemented Non-Cascaded Block Ram (cascade_height = 1) of width 28 for RAM "\load/tensorLoad_1/tensorLoad/tensorFile_1_reg "
RAM Pipeline Warning: Read Address Register Found For RAM tensorFile_1_reg. We will not be able to pipeline it. This may degrade performance. 
RAM Pipeline Warning: Read Address Register Found For RAM tensorFile_1_reg. We will not be able to pipeline it. This may degrade performance. 
WARNING: [Synth 8-6430] The Block RAM "compute/\loadUop/loadUop/tensorLoad /tensorFile_1_reg" may get memory collision error if read and write address collide. Use attribute (* rw_addr_collision= "yes" *) to avoid collision 
RAM ("compute/\loadUop/loadUop/tensorLoad /tensorFile_1_reg") is too shallow (depth = 1024) to use URAM. Choosing BRAM instead of URAM 
INFO: [Synth 8-7030] Implemented Non-Cascaded Block Ram (cascade_height = 1) of width 32 for RAM "compute/\loadUop/loadUop/tensorLoad /tensorFile_1_reg"
RAM Pipeline Warning: Read Address Register Found For RAM tensorFile_0_reg. We will not be able to pipeline it. This may degrade performance. 
RAM Pipeline Warning: Read Address Register Found For RAM tensorFile_0_reg. We will not be able to pipeline it. This may degrade performance. 
WARNING: [Synth 8-6430] The Block RAM "compute/\loadUop/loadUop/tensorLoad /tensorFile_0_reg" may get memory collision error if read and write address collide. Use attribute (* rw_addr_collision= "yes" *) to avoid collision 
RAM ("compute/\loadUop/loadUop/tensorLoad /tensorFile_0_reg") is too shallow (depth = 1024) to use URAM. Choosing BRAM instead of URAM 
INFO: [Synth 8-7030] Implemented Non-Cascaded Block Ram (cascade_height = 1) of width 32 for RAM "compute/\loadUop/loadUop/tensorLoad /tensorFile_0_reg"
RAM Pipeline Warning: Read Address Register Found For RAM tensorFile_0_reg. We will not be able to pipeline it. This may degrade performance. 
RAM Pipeline Warning: Read Address Register Found For RAM tensorFile_0_reg. We will not be able to pipeline it. This may degrade performance. 
INFO: [Synth 8-6794] RAM ("compute/\tensorAcc/tensorLoad /tensorFile_0_reg") will be automatically implemented using URAM. 
INFO: [Synth 8-5780] Default cascade height of 1 will be used for URAM '"compute/\tensorAcc/tensorLoad /tensorFile_0_reg"'.
RAM Pipeline Warning: Read Address Register Found For RAM tensorFile_1_reg. We will not be able to pipeline it. This may degrade performance. 
RAM Pipeline Warning: Read Address Register Found For RAM tensorFile_1_reg. We will not be able to pipeline it. This may degrade performance. 
INFO: [Synth 8-6794] RAM ("compute/\tensorAcc/tensorLoad /tensorFile_1_reg") will be automatically implemented using URAM. 
INFO: [Synth 8-5780] Default cascade height of 1 will be used for URAM '"compute/\tensorAcc/tensorLoad /tensorFile_1_reg"'.
RAM Pipeline Warning: Read Address Register Found For RAM queue/queue/memoryQueue/ram0/mem_reg. We will not be able to pipeline it. This may degrade performance. 
RAM Pipeline Warning: Read Address Register Found For RAM queue/queue/memoryQueue/ram0/mem_reg. We will not be able to pipeline it. This may degrade performance. 
WARNING: [Synth 8-6430] The Block RAM "compute/inst_q/queue/queue/memoryQueue/ram0/mem_reg" may get memory collision error if read and write address collide. Use attribute (* rw_addr_collision= "yes" *) to avoid collision 
RAM ("compute/inst_q/queue/queue/memoryQueue/ram0/mem_reg") is too shallow (depth = 512) to use URAM. Choosing BRAM instead of URAM 
INFO: [Synth 8-6904] The RAM "compute/inst_q/queue/queue/buffer/ram_reg" of size (depth=3 x width=128) is automatically implemented using LUTRAM. BRAM implementation would be inefficient 
RAM Pipeline Warning: Read Address Register Found For RAM store/tensorStore/tensorStore/tensorFile_1_reg. We will not be able to pipeline it. This may degrade performance. 
RAM Pipeline Warning: Read Address Register Found For RAM store/tensorStore/tensorStore/tensorFile_1_reg. We will not be able to pipeline it. This may degrade performance. 
WARNING: [Synth 8-6430] The Block RAM "Core/store/tensorStore/tensorStore/tensorFile_1_reg" may get memory collision error if read and write address collide. Use attribute (* rw_addr_collision= "yes" *) to avoid collision 
RAM ("Core/store/tensorStore/tensorStore/tensorFile_1_reg") is too shallow (depth = 1024) to use URAM. Choosing BRAM instead of URAM 
INFO: [Synth 8-7030] Implemented Non-Cascaded Block Ram (cascade_height = 1) of width 32 for RAM "Core/store/tensorStore/tensorStore/tensorFile_1_reg"
RAM Pipeline Warning: Read Address Register Found For RAM store/tensorStore/tensorStore/tensorFile_0_reg. We will not be able to pipeline it. This may degrade performance. 
RAM Pipeline Warning: Read Address Register Found For RAM store/tensorStore/tensorStore/tensorFile_0_reg. We will not be able to pipeline it. This may degrade performance. 
WARNING: [Synth 8-6430] The Block RAM "Core/store/tensorStore/tensorStore/tensorFile_0_reg" may get memory collision error if read and write address collide. Use attribute (* rw_addr_collision= "yes" *) to avoid collision 
RAM ("Core/store/tensorStore/tensorStore/tensorFile_0_reg") is too shallow (depth = 1024) to use URAM. Choosing BRAM instead of URAM 
INFO: [Synth 8-7030] Implemented Non-Cascaded Block Ram (cascade_height = 1) of width 32 for RAM "Core/store/tensorStore/tensorStore/tensorFile_0_reg"
RAM Pipeline Warning: Read Address Register Found For RAM tensorFile_0_reg. We will not be able to pipeline it. This may degrade performance. 
INFO: [Synth 8-6794] RAM ("compute/\tensorAcc/tensorLoad /tensorFile_0_reg") will be automatically implemented using URAM. 
INFO: [Synth 8-5780] Default cascade height of 1 will be used for URAM '"compute/\tensorAcc/tensorLoad /tensorFile_0_reg"'.
RAM Pipeline Warning: Read Address Register Found For RAM tensorFile_1_reg. We will not be able to pipeline it. This may degrade performance. 
INFO: [Synth 8-6794] RAM ("compute/\tensorAcc/tensorLoad /tensorFile_1_reg") will be automatically implemented using URAM. 
INFO: [Synth 8-5780] Default cascade height of 1 will be used for URAM '"compute/\tensorAcc/tensorLoad /tensorFile_1_reg"'.
RAM Pipeline Warning: Read Address Register Found For RAM inst_q/queue/queue/memoryQueue/ram0/mem_reg. We will not be able to pipeline it. This may degrade performance. 
RAM Pipeline Warning: Read Address Register Found For RAM tensorFile_1_reg. We will not be able to pipeline it. This may degrade performance. 
RAM Pipeline Warning: Read Address Register Found For RAM tensorFile_0_reg. We will not be able to pipeline it. This may degrade performance. 
RAM Pipeline Warning: Read Address Register Found For RAM tensorFile_0_reg. We will not be able to pipeline it. This may degrade performance. 
RAM Pipeline Warning: Read Address Register Found For RAM tensorFile_1_reg. We will not be able to pipeline it. This may degrade performance. 
RAM Pipeline Warning: Read Address Register Found For RAM tensorFile_1_reg. We will not be able to pipeline it. This may degrade performance. 
RAM Pipeline Warning: Read Address Register Found For RAM tensorFile_0_reg. We will not be able to pipeline it. This may degrade performance. 
RAM Pipeline Warning: Read Address Register Found For RAM tensorFile_0_reg. We will not be able to pipeline it. This may degrade performance. 
RAM Pipeline Warning: Read Address Register Found For RAM tensorFile_1_reg. We will not be able to pipeline it. This may degrade performance. 
RAM Pipeline Warning: Read Address Register Found For RAM queue/queue/memoryQueue/ram0/mem_reg. We will not be able to pipeline it. This may degrade performance. 
RAM Pipeline Warning: Read Address Register Found For RAM store/tensorStore/tensorStore/tensorFile_1_reg. We will not be able to pipeline it. This may degrade performance. 
RAM Pipeline Warning: Read Address Register Found For RAM store/tensorStore/tensorStore/tensorFile_0_reg. We will not be able to pipeline it. This may degrade performance. 
---------------------------------------------------------------------------------
Finished Cross Boundary and Area Optimization : Time (s): cpu = 00:01:28 ; elapsed = 00:01:27 . Memory (MB): peak = 3451.344 ; gain = 1886.582 ; free physical = 62502 ; free virtual = 146034
---------------------------------------------------------------------------------
WARNING: [Synth 8-6057] Memory: "tensorFile_0_reg" defined in module: "compute/\tensorAcc/tensorLoad " implemented as Ultra-Ram has no pipeline registers. It is recommended to use pipeline registers to achieve high performance.
WARNING: [Synth 8-6057] Memory: "tensorFile_1_reg" defined in module: "compute/\tensorAcc/tensorLoad " implemented as Ultra-Ram has no pipeline registers. It is recommended to use pipeline registers to achieve high performance.
---------------------------------------------------------------------------------
Start ROM, RAM, DSP, Shift Register and Retiming Reporting
---------------------------------------------------------------------------------

Ultra RAM: Preliminary Mapping Report (see note below)
+-------------------------------+------------------+------------------------+---+---+------------------------+---+---+------------------+---------+--------------+--------------------------+-------------+
|Module Name                    | RTL Object       | PORT A (Depth x Width) | W | R | PORT B (Depth x Width) | W | R | Ports driving FF | URAM288 | Matrix Shape | FF provided for Pipeline | FF absorbed | 
+-------------------------------+------------------+------------------------+---+---+------------------------+---+---+------------------+---------+--------------+--------------------------+-------------+
|compute/\tensorAcc/tensorLoad  | tensorFile_0_reg | 2 K x 64               | W |   | 2 K x 64               |   | R | Port A and B     | 1       | 1x1          | 0                        | 0           | 
|compute/\tensorAcc/tensorLoad  | tensorFile_1_reg | 2 K x 64               | W |   | 2 K x 64               |   | R | Port A and B     | 1       | 1x1          | 0                        | 0           | 
+-------------------------------+------------------+------------------------+---+---+------------------------+---+---+------------------+---------+--------------+--------------------------+-------------+

Note: The table above is a preliminary report that shows the Ultra RAMs at the current stage of the synthesis flow. Some Ultra RAMs may be reimplemented as non Ultra RAM primitives later in the synthesis flow. Multiple instantiated Ultra RAMs are reported only once. Fields "FF provided for Pipeline" and "FF absorbed" respectively indicate number of registers available for pipelining and number of registers absorbed in the URAM matrix for pipelining. 

Block RAM: Preliminary Mapping Report (see note below)
+-------------------------------------+------------------------------------------------+------------------------+---+---+------------------------+---+---+------------------+--------+--------+-----------------+
|Module Name                          | RTL Object                                     | PORT A (Depth x Width) | W | R | PORT B (Depth x Width) | W | R | Ports driving FF | RAMB18 | RAMB36 | Cascade Heights | 
+-------------------------------------+------------------------------------------------+------------------------+---+---+------------------------+---+---+------------------+--------+--------+-----------------+
|\fetch/fetch                         | inst_q/queue/queue/memoryQueue/ram0/mem_reg    | 128 x 128(READ_FIRST)  | W |   | 128 x 128(WRITE_FIRST) |   | R | Port A and B     | 0      | 2      |                 | 
|\load/tensorLoad_0/tensorLoad        | tensorFile_1_reg                               | 1 K x 32(READ_FIRST)   | W |   | 1 K x 32(WRITE_FIRST)  |   | R | Port A and B     | 0      | 1      | 1               | 
|\load/tensorLoad_0/tensorLoad        | tensorFile_0_reg                               | 1 K x 32(READ_FIRST)   | W |   | 1 K x 32(WRITE_FIRST)  |   | R | Port A and B     | 0      | 1      | 1               | 
|\load/tensorLoad_1/tensorLoad        | tensorFile_0_reg                               | 1 K x 64(READ_FIRST)   | W |   | 1 K x 64(WRITE_FIRST)  |   | R | Port A and B     | 0      | 2      | 1,1             | 
|\load/tensorLoad_1/tensorLoad        | tensorFile_1_reg                               | 1 K x 64(READ_FIRST)   | W |   | 1 K x 64(WRITE_FIRST)  |   | R | Port A and B     | 0      | 2      | 1,1             | 
|compute/\loadUop/loadUop/tensorLoad  | tensorFile_1_reg                               | 1 K x 32(READ_FIRST)   | W |   | 1 K x 32(WRITE_FIRST)  |   | R | Port A and B     | 0      | 1      | 1               | 
|compute/\loadUop/loadUop/tensorLoad  | tensorFile_0_reg                               | 1 K x 32(READ_FIRST)   | W |   | 1 K x 32(WRITE_FIRST)  |   | R | Port A and B     | 0      | 1      | 1               | 
|compute/inst_q                       | queue/queue/memoryQueue/ram0/mem_reg           | 512 x 128(READ_FIRST)  | W |   | 512 x 128(WRITE_FIRST) |   | R | Port A and B     | 0      | 2      |                 | 
|Core                                 | store/tensorStore/tensorStore/tensorFile_1_reg | 1 K x 32(READ_FIRST)   | W |   | 1 K x 32(WRITE_FIRST)  |   | R | Port A and B     | 0      | 1      | 1               | 
|Core                                 | store/tensorStore/tensorStore/tensorFile_0_reg | 1 K x 32(READ_FIRST)   | W |   | 1 K x 32(WRITE_FIRST)  |   | R | Port A and B     | 0      | 1      | 1               | 
+-------------------------------------+------------------------------------------------+------------------------+---+---+------------------------+---+---+------------------+--------+--------+-----------------+

Note: The table above is a preliminary report that shows the Block RAMs at the current stage of the synthesis flow. Some Block RAMs may be reimplemented as non Block RAM primitives later in the synthesis flow. Multiple instantiated Block RAMs are reported only once. 

Distributed RAM: Preliminary Mapping Report (see note below)
+---------------+-----------------------------------+-----------+----------------------+----------------+
|Module Name    | RTL Object                        | Inference | Size (Depth x Width) | Primitives     | 
+---------------+-----------------------------------+-----------+----------------------+----------------+
|\fetch/fetch   | inst_q/queue/queue/buffer/ram_reg | Implied   | 4 x 128              | RAM32M16 x 10  | 
|compute/inst_q | queue/queue/buffer/ram_reg        | Implied   | 4 x 128              | RAM32M16 x 10  | 
|Core           | load/inst_q/ram_reg               | Implied   | 512 x 128            | RAM64M8 x 152  | 
|Core           | store/inst_q/ram_reg              | Implied   | 512 x 112            | RAM64M8 x 128  | 
+---------------+-----------------------------------+-----------+----------------------+----------------+

Note: The table above is a preliminary report that shows the Distributed RAMs at the current stage of the synthesis flow. Some Distributed RAMs may be reimplemented as non Distributed RAM primitives later in the synthesis flow. Multiple instantiated RAMs are reported only once.
---------------------------------------------------------------------------------
Finished ROM, RAM, DSP, Shift Register and Retiming Reporting
---------------------------------------------------------------------------------
No constraint files found.
---------------------------------------------------------------------------------
Start Timing Optimization
---------------------------------------------------------------------------------
---------------------------------------------------------------------------------
Finished Timing Optimization : Time (s): cpu = 00:01:29 ; elapsed = 00:01:29 . Memory (MB): peak = 3451.344 ; gain = 1886.582 ; free physical = 62502 ; free virtual = 146035
---------------------------------------------------------------------------------
WARNING: [Synth 8-6057] Memory: "tensorFile_0_reg" defined in module: "compute/\tensorAcc/tensorLoad " implemented as Ultra-Ram has no pipeline registers. It is recommended to use pipeline registers to achieve high performance.
WARNING: [Synth 8-6057] Memory: "tensorFile_1_reg" defined in module: "compute/\tensorAcc/tensorLoad " implemented as Ultra-Ram has no pipeline registers. It is recommended to use pipeline registers to achieve high performance.
---------------------------------------------------------------------------------
Start ROM, RAM, DSP, Shift Register and Retiming Reporting
---------------------------------------------------------------------------------

Ultra RAM: Final Mapping Report (see note below)
+-------------------------------+------------------+------------------------+---+---+------------------------+---+---+------------------+---------+--------------+--------------------------+-------------+
|Module Name                    | RTL Object       | PORT A (Depth x Width) | W | R | PORT B (Depth x Width) | W | R | Ports driving FF | URAM288 | Matrix Shape | FF provided for Pipeline | FF absorbed | 
+-------------------------------+------------------+------------------------+---+---+------------------------+---+---+------------------+---------+--------------+--------------------------+-------------+
|compute/\tensorAcc/tensorLoad  | tensorFile_0_reg | 2 K x 64               | W |   | 2 K x 64               |   | R | Port A and B     | 1       | 1x1          | 0                        | 0           | 
|compute/\tensorAcc/tensorLoad  | tensorFile_1_reg | 2 K x 64               | W |   | 2 K x 64               |   | R | Port A and B     | 1       | 1x1          | 0                        | 0           | 
+-------------------------------+------------------+------------------------+---+---+------------------------+---+---+------------------+---------+--------------+--------------------------+-------------+


Block RAM: Final Mapping Report
+-------------------------------------+------------------------------------------------+------------------------+---+---+------------------------+---+---+------------------+--------+--------+-----------------+
|Module Name                          | RTL Object                                     | PORT A (Depth x Width) | W | R | PORT B (Depth x Width) | W | R | Ports driving FF | RAMB18 | RAMB36 | Cascade Heights | 
+-------------------------------------+------------------------------------------------+------------------------+---+---+------------------------+---+---+------------------+--------+--------+-----------------+
|\fetch/fetch                         | inst_q/queue/queue/memoryQueue/ram0/mem_reg    | 128 x 128(READ_FIRST)  | W |   | 128 x 128(WRITE_FIRST) |   | R | Port A and B     | 0      | 2      |                 | 
|\load/tensorLoad_0/tensorLoad        | tensorFile_1_reg                               | 1 K x 32(READ_FIRST)   | W |   | 1 K x 32(WRITE_FIRST)  |   | R | Port A and B     | 0      | 1      | 1               | 
|\load/tensorLoad_0/tensorLoad        | tensorFile_0_reg                               | 1 K x 32(READ_FIRST)   | W |   | 1 K x 32(WRITE_FIRST)  |   | R | Port A and B     | 0      | 1      | 1               | 
|\load/tensorLoad_1/tensorLoad        | tensorFile_0_reg                               | 1 K x 64(READ_FIRST)   | W |   | 1 K x 64(WRITE_FIRST)  |   | R | Port A and B     | 0      | 2      | 1,1             | 
|\load/tensorLoad_1/tensorLoad        | tensorFile_1_reg                               | 1 K x 64(READ_FIRST)   | W |   | 1 K x 64(WRITE_FIRST)  |   | R | Port A and B     | 0      | 2      | 1,1             | 
|compute/\loadUop/loadUop/tensorLoad  | tensorFile_1_reg                               | 1 K x 32(READ_FIRST)   | W |   | 1 K x 32(WRITE_FIRST)  |   | R | Port A and B     | 0      | 1      | 1               | 
|compute/\loadUop/loadUop/tensorLoad  | tensorFile_0_reg                               | 1 K x 32(READ_FIRST)   | W |   | 1 K x 32(WRITE_FIRST)  |   | R | Port A and B     | 0      | 1      | 1               | 
|compute/inst_q                       | queue/queue/memoryQueue/ram0/mem_reg           | 512 x 128(READ_FIRST)  | W |   | 512 x 128(WRITE_FIRST) |   | R | Port A and B     | 0      | 2      |                 | 
|Core                                 | store/tensorStore/tensorStore/tensorFile_1_reg | 1 K x 32(READ_FIRST)   | W |   | 1 K x 32(WRITE_FIRST)  |   | R | Port A and B     | 0      | 1      | 1               | 
|Core                                 | store/tensorStore/tensorStore/tensorFile_0_reg | 1 K x 32(READ_FIRST)   | W |   | 1 K x 32(WRITE_FIRST)  |   | R | Port A and B     | 0      | 1      | 1               | 
+-------------------------------------+------------------------------------------------+------------------------+---+---+------------------------+---+---+------------------+--------+--------+-----------------+


Distributed RAM: Final Mapping Report
+---------------+-----------------------------------+-----------+----------------------+----------------+
|Module Name    | RTL Object                        | Inference | Size (Depth x Width) | Primitives     | 
+---------------+-----------------------------------+-----------+----------------------+----------------+
|\fetch/fetch   | inst_q/queue/queue/buffer/ram_reg | Implied   | 4 x 128              | RAM32M16 x 10  | 
|compute/inst_q | queue/queue/buffer/ram_reg        | Implied   | 4 x 128              | RAM32M16 x 10  | 
|Core           | load/inst_q/ram_reg               | Implied   | 512 x 128            | RAM64M8 x 152  | 
|Core           | store/inst_q/ram_reg              | Implied   | 512 x 112            | RAM64M8 x 128  | 
+---------------+-----------------------------------+-----------+----------------------+----------------+

---------------------------------------------------------------------------------
Finished ROM, RAM, DSP, Shift Register and Retiming Reporting
---------------------------------------------------------------------------------
---------------------------------------------------------------------------------
Start Technology Mapping
---------------------------------------------------------------------------------
INFO: [Synth 8-11322] No global retiming is needed without any clock constraint
INFO: [Synth 8-7052] The timing for the instance fetch/fetch/inst_q/queue/queue/memoryQueue/ram0/mem_reg_0 (implemented as a Block RAM) might be sub-optimal as no optional output register could be merged into the ram block. Providing additional output register may help in improving timing.
INFO: [Synth 8-7052] The timing for the instance fetch/fetch/inst_q/queue/queue/memoryQueue/ram0/mem_reg_1 (implemented as a Block RAM) might be sub-optimal as no optional output register could be merged into the ram block. Providing additional output register may help in improving timing.
INFO: [Synth 8-7052] The timing for the instance load/tensorLoad_0/tensorLoad/tensorFile_1_reg_bram_0 (implemented as a Block RAM) might be sub-optimal as no optional output register could be merged into the ram block. Providing additional output register may help in improving timing.
INFO: [Synth 8-7052] The timing for the instance load/tensorLoad_0/tensorLoad/tensorFile_0_reg_bram_0 (implemented as a Block RAM) might be sub-optimal as no optional output register could be merged into the ram block. Providing additional output register may help in improving timing.
INFO: [Synth 8-7052] The timing for the instance compute/loadUop/loadUop/tensorLoad/tensorFile_1_reg_bram_0 (implemented as a Block RAM) might be sub-optimal as no optional output register could be merged into the ram block. Providing additional output register may help in improving timing.
INFO: [Synth 8-7052] The timing for the instance compute/loadUop/loadUop/tensorLoad/tensorFile_0_reg_bram_0 (implemented as a Block RAM) might be sub-optimal as no optional output register could be merged into the ram block. Providing additional output register may help in improving timing.
INFO: [Synth 8-7052] The timing for the instance compute/inst_q/queue/queue/memoryQueue/ram0/mem_reg_0 (implemented as a Block RAM) might be sub-optimal as no optional output register could be merged into the ram block. Providing additional output register may help in improving timing.
INFO: [Synth 8-7052] The timing for the instance compute/inst_q/queue/queue/memoryQueue/ram0/mem_reg_1 (implemented as a Block RAM) might be sub-optimal as no optional output register could be merged into the ram block. Providing additional output register may help in improving timing.
INFO: [Synth 8-7052] The timing for the instance store/tensorStore/tensorStore/tensorFile_1_reg_bram_0 (implemented as a Block RAM) might be sub-optimal as no optional output register could be merged into the ram block. Providing additional output register may help in improving timing.
INFO: [Synth 8-7052] The timing for the instance store/tensorStore/tensorStore/tensorFile_0_reg_bram_0 (implemented as a Block RAM) might be sub-optimal as no optional output register could be merged into the ram block. Providing additional output register may help in improving timing.
INFO: [Synth 8-7052] The timing for the instance compute/tensorAcc/tensorLoad/tensorFile_0_reg_uram_0 (implemented as a Ultra RAM) might be sub-optimal as no optional output register could be merged into the ram block. Providing additional output register may help in improving timing.
INFO: [Synth 8-7052] The timing for the instance compute/tensorAcc/tensorLoad/tensorFile_1_reg_uram_0 (implemented as a Ultra RAM) might be sub-optimal as no optional output register could be merged into the ram block. Providing additional output register may help in improving timing.
---------------------------------------------------------------------------------
Finished Technology Mapping : Time (s): cpu = 00:01:33 ; elapsed = 00:01:32 . Memory (MB): peak = 3451.344 ; gain = 1886.582 ; free physical = 62046 ; free virtual = 145578
---------------------------------------------------------------------------------
---------------------------------------------------------------------------------
Start IO Insertion
---------------------------------------------------------------------------------
---------------------------------------------------------------------------------
Start Flattening Before IO Insertion
---------------------------------------------------------------------------------
---------------------------------------------------------------------------------
Finished Flattening Before IO Insertion
---------------------------------------------------------------------------------
---------------------------------------------------------------------------------
Start Final Netlist Cleanup
---------------------------------------------------------------------------------
---------------------------------------------------------------------------------
Finished Final Netlist Cleanup
---------------------------------------------------------------------------------
---------------------------------------------------------------------------------
Finished IO Insertion : Time (s): cpu = 00:01:38 ; elapsed = 00:01:37 . Memory (MB): peak = 3451.344 ; gain = 1886.582 ; free physical = 62044 ; free virtual = 145576
---------------------------------------------------------------------------------
---------------------------------------------------------------------------------
Start Renaming Generated Instances
---------------------------------------------------------------------------------
---------------------------------------------------------------------------------
Finished Renaming Generated Instances : Time (s): cpu = 00:01:38 ; elapsed = 00:01:37 . Memory (MB): peak = 3451.344 ; gain = 1886.582 ; free physical = 62044 ; free virtual = 145576
---------------------------------------------------------------------------------
---------------------------------------------------------------------------------
Start Rebuilding User Hierarchy
---------------------------------------------------------------------------------
---------------------------------------------------------------------------------
Finished Rebuilding User Hierarchy : Time (s): cpu = 00:01:39 ; elapsed = 00:01:38 . Memory (MB): peak = 3451.344 ; gain = 1886.582 ; free physical = 62044 ; free virtual = 145576
---------------------------------------------------------------------------------
---------------------------------------------------------------------------------
Start Renaming Generated Ports
---------------------------------------------------------------------------------
---------------------------------------------------------------------------------
Finished Renaming Generated Ports : Time (s): cpu = 00:01:39 ; elapsed = 00:01:38 . Memory (MB): peak = 3451.344 ; gain = 1886.582 ; free physical = 62044 ; free virtual = 145576
---------------------------------------------------------------------------------
---------------------------------------------------------------------------------
Start Handling Custom Attributes
---------------------------------------------------------------------------------
---------------------------------------------------------------------------------
Finished Handling Custom Attributes : Time (s): cpu = 00:01:39 ; elapsed = 00:01:39 . Memory (MB): peak = 3451.344 ; gain = 1886.582 ; free physical = 62033 ; free virtual = 145566
---------------------------------------------------------------------------------
---------------------------------------------------------------------------------
Start Renaming Generated Nets
---------------------------------------------------------------------------------
---------------------------------------------------------------------------------
Finished Renaming Generated Nets : Time (s): cpu = 00:01:39 ; elapsed = 00:01:39 . Memory (MB): peak = 3451.344 ; gain = 1886.582 ; free physical = 62033 ; free virtual = 145566
---------------------------------------------------------------------------------
---------------------------------------------------------------------------------
Start ROM, RAM, DSP, Shift Register and Retiming Reporting
---------------------------------------------------------------------------------

Static Shift Register Report:
+------------+--------------------------------------+--------+-------+--------------+--------------------+-------------------+--------+---------+
|Module Name | RTL Name                             | Length | Width | Reset Signal | Pull out first Reg | Pull out last Reg | SRL16E | SRLC32E | 
+------------+--------------------------------------+--------+-------+--------------+--------------------+-------------------+--------+---------+
|Core        | compute/tensorAlu/dst_idx_r4_reg[10] | 3      | 11    | NO           | NO                 | YES               | 11     | 0       | 
+------------+--------------------------------------+--------+-------+--------------+--------------------+-------------------+--------+---------+

---------------------------------------------------------------------------------
Finished ROM, RAM, DSP, Shift Register and Retiming Reporting
---------------------------------------------------------------------------------
---------------------------------------------------------------------------------
Start Writing Synthesis Report
---------------------------------------------------------------------------------

Report BlackBoxes: 
+-+--------------+----------+
| |BlackBox name |Instances |
+-+--------------+----------+
+-+--------------+----------+

Report Cell Usage: 
+------+---------+------+
|      |Cell     |Count |
+------+---------+------+
|1     |CARRY8   |   686|
|2     |LUT1     |   217|
|3     |LUT2     |  1940|
|4     |LUT3     |  1553|
|5     |LUT4     |  2029|
|6     |LUT5     |  1376|
|7     |LUT6     |  2500|
|8     |MUXF7    |   200|
|9     |RAM32M16 |    18|
|10    |RAM32X1D |     4|
|11    |RAM64M   |     8|
|12    |RAM64M8  |   272|
|13    |RAMB36E2 |    14|
|14    |SRL16E   |    11|
|15    |URAM288  |     2|
|16    |FDRE     |  3398|
|17    |FDSE     |    16|
+------+---------+------+

Report Instance Areas: 
+------+------------------------+---------------------------------+------+
|      |Instance                |Module                           |Cells |
+------+------------------------+---------------------------------+------+
|1     |top                     |                                 | 14244|
|2     |  compute               |Compute                          |  7976|
|3     |    inst_q              |SyncQueue_1                      |  1316|
|4     |      queue             |SyncQueue2PortMem_1              |  1316|
|5     |        queue           |SyncQueue2PortMemImpl_1          |  1316|
|6     |          buffer        |Queue_43                         |  1079|
|7     |          memoryQueue   |OneCycleQueue_1                  |   215|
|8     |            ram0        |TwoPortMem_1                     |   152|
|9     |    loadUop             |LoadUopTop                       |   913|
|10    |      loadUop           |TensorLoadUop                    |   913|
|11    |        tensorLoad      |TensorLoadWideVME_1              |   912|
|12    |          fillPadding   |ZeroPadding_41                   |   267|
|13    |          readData      |ReadVMEDataWide_42               |   111|
|14    |          vmeCmd        |GenVMECmdWideTL_1                |   466|
|15    |            cmdGen      |GenVMECmdWide_1                  |   454|
|16    |    s_0                 |Semaphore_2                      |    21|
|17    |    s_1                 |Semaphore_3                      |    21|
|18    |    tensorAcc           |TensorLoadAcc                    |  1215|
|19    |      tensorLoad        |TensorLoadNarrowVME_1            |  1203|
|20    |        fillPadding     |ZeroPadding_40                   |   510|
|21    |        readData        |ReadVMEData_1                    |    77|
|22    |        vmeCmd          |GenVMECmd_1                      |   452|
|23    |    tensorAlu           |TensorAlu                        |  2019|
|24    |      alu               |AluVector                        |  1606|
|25    |        f_0             |AluReg                           |   401|
|26    |          alu           |Alu_39                           |    80|
|27    |        f_1             |AluReg_34                        |   401|
|28    |          alu           |Alu_38                           |    80|
|29    |        f_2             |AluReg_35                        |   402|
|30    |          alu           |Alu_37                           |    80|
|31    |        f_3             |AluReg_36                        |   402|
|32    |          alu           |Alu                              |    80|
|33    |      index_generator   |TensorAluIndexGenerator          |   195|
|34    |    tensorGemm          |TensorGemm                       |  2464|
|35    |      acc_idx_pipe      |Pipe_1                           |    11|
|36    |      m                 |TensorGemmIndexGenerator         |   239|
|37    |      mvc_0             |MatrixVectorMultiplicationBypass |  1824|
|38    |        dot_0_0         |DotProduct                       |   744|
|39    |          a_0_0         |PipeAdder_27                     |    83|
|40    |          a_0_1         |PipeAdder_28                     |    50|
|41    |          a_1_0         |Adder_29                         |    63|
|42    |          m_0           |MAC_30                           |   137|
|43    |          m_1           |MAC_31                           |   137|
|44    |          m_2           |MAC_32                           |   137|
|45    |          m_3           |MAC_33                           |   137|
|46    |        dot_0_1         |DotProduct_6                     |   296|
|47    |          a_0_0         |PipeAdder_20                     |    83|
|48    |          a_0_1         |PipeAdder_21                     |    50|
|49    |          a_1_0         |Adder_22                         |    63|
|50    |          m_0           |MAC_23                           |    25|
|51    |          m_1           |MAC_24                           |    25|
|52    |          m_2           |MAC_25                           |    25|
|53    |          m_3           |MAC_26                           |    25|
|54    |        dot_0_2         |DotProduct_7                     |   296|
|55    |          a_0_0         |PipeAdder_13                     |    83|
|56    |          a_0_1         |PipeAdder_14                     |    50|
|57    |          a_1_0         |Adder_15                         |    63|
|58    |          m_0           |MAC_16                           |    25|
|59    |          m_1           |MAC_17                           |    25|
|60    |          m_2           |MAC_18                           |    25|
|61    |          m_3           |MAC_19                           |    25|
|62    |        dot_0_3         |DotProduct_8                     |   296|
|63    |          a_0_0         |PipeAdder                        |    83|
|64    |          a_0_1         |PipeAdder_9                      |    50|
|65    |          a_1_0         |Adder                            |    63|
|66    |          m_0           |MAC                              |    25|
|67    |          m_1           |MAC_10                           |    25|
|68    |          m_2           |MAC_11                           |    25|
|69    |          m_3           |MAC_12                           |    25|
|70    |      reset_pipe        |Pipe                             |    29|
|71    |      wrpipe0           |Pipe_2                           |    11|
|72    |      wrpipe2           |Pipe_1_4                         |    14|
|73    |      wrpipeNs          |Pipe_1_5                         |   229|
|74    |  ecounters             |EventCounters                    |    74|
|75    |  fetch                 |Fetch                            |   681|
|76    |    fetch               |Fetch64Bit                       |   681|
|77    |      dec               |FetchDecode                      |     8|
|78    |      inst_q            |SyncQueue                        |   273|
|79    |        queue           |SyncQueue2PortMem                |   272|
|80    |          queue         |SyncQueue2PortMemImpl            |   272|
|81    |            buffer      |Queue                            |    52|
|82    |            memoryQueue |OneCycleQueue                    |   188|
|83    |              ram0      |TwoPortMem                       |   146|
|84    |  load                  |Load                             |  4021|
|85    |    dec                 |LoadDecode                       |     2|
|86    |    inst_q              |Queue_1_0                        |  1327|
|87    |    s                   |Semaphore_1                      |    21|
|88    |    tensorLoad_0        |TensorLoadInp                    |   895|
|89    |      tensorLoad        |TensorLoadWideVME                |   894|
|90    |        fillPadding     |ZeroPadding                      |   269|
|91    |        readData        |ReadVMEDataWide                  |   111|
|92    |        vmeCmd          |GenVMECmdWideTL                  |   465|
|93    |          cmdGen        |GenVMECmdWide                    |   453|
|94    |    tensorLoad_1        |TensorLoadWgt                    |  1772|
|95    |      tensorLoad        |TensorLoadNarrowVME              |  1751|
|96    |        fillPadding     |ZeroPadding_1                    |   367|
|97    |        readData        |ReadVMEData                      |    70|
|98    |        vmeCmd          |GenVMECmd                        |   446|
|99    |  store                 |Store                            |  1404|
|100   |    inst_q              |Queue_1                          |   690|
|101   |    s                   |Semaphore                        |    21|
|102   |    tensorStore         |TensorStoreOut                   |   689|
|103   |      tensorStore       |TensorStoreWideVME               |   689|
|104   |        cmdGen          |GenVMECmdWide_2                  |   638|
+------+------------------------+---------------------------------+------+
---------------------------------------------------------------------------------
Finished Writing Synthesis Report : Time (s): cpu = 00:01:39 ; elapsed = 00:01:39 . Memory (MB): peak = 3451.344 ; gain = 1886.582 ; free physical = 62033 ; free virtual = 145566
---------------------------------------------------------------------------------
Synthesis finished with 0 errors, 0 critical warnings and 961 warnings.
Synthesis Optimization Runtime : Time (s): cpu = 00:01:39 ; elapsed = 00:01:39 . Memory (MB): peak = 3451.344 ; gain = 1886.582 ; free physical = 62033 ; free virtual = 145566
Synthesis Optimization Complete : Time (s): cpu = 00:01:39 ; elapsed = 00:01:39 . Memory (MB): peak = 3451.352 ; gain = 1886.582 ; free physical = 62033 ; free virtual = 145566
INFO: [Project 1-571] Translating synthesized netlist
Netlist sorting complete. Time (s): cpu = 00:00:00.26 ; elapsed = 00:00:00.26 . Memory (MB): peak = 3451.352 ; gain = 0.000 ; free physical = 61790 ; free virtual = 145323
INFO: [Netlist 29-17] Analyzing 1188 Unisim elements for replacement
INFO: [Netlist 29-28] Unisim Transformation completed in 0 CPU seconds
INFO: [Project 1-570] Preparing netlist for logic optimization
INFO: [Opt 31-138] Pushed 0 inverter(s) to 0 load pin(s).
Netlist sorting complete. Time (s): cpu = 00:00:00 ; elapsed = 00:00:00.01 . Memory (MB): peak = 3507.371 ; gain = 0.000 ; free physical = 61758 ; free virtual = 145290
INFO: [Project 1-111] Unisim Transformation Summary:
  A total of 302 instances were transformed.
  RAM32M16 => RAM32M16 (RAMD32(x14), RAMS32(x2)): 18 instances
  RAM32X1D => RAM32X1D (RAMD32(x2)): 4 instances
  RAM64M => RAM64M (RAMD64E(x4)): 8 instances
  RAM64M8 => RAM64M8 (RAMD64E(x8)): 272 instances

Synth Design complete | Checksum: 8e95afed
INFO: [Common 17-83] Releasing license: Synthesis
207 Infos, 221 Warnings, 0 Critical Warnings and 0 Errors encountered.
synth_design completed successfully
synth_design: Time (s): cpu = 00:01:50 ; elapsed = 00:02:07 . Memory (MB): peak = 3507.406 ; gain = 1951.570 ; free physical = 61640 ; free virtual = 145172
INFO: [Common 17-2834] synth_design peak Physical Memory [PSS] (MB): overall = 2831.191; main = 2490.062; forked = 368.185
INFO: [Common 17-2834] synth_design peak Virtual Memory [VSS] (MB): overall = 5064.652; main = 3507.375; forked = 1613.305
# create_clock -period 3.333 -name clk [get_ports clock]
create_clock: Time (s): cpu = 00:00:05 ; elapsed = 00:00:05 . Memory (MB): peak = 3507.406 ; gain = 0.000 ; free physical = 61493 ; free virtual = 145025
# opt_design
Command: opt_design
Attempting to get a license for feature 'Implementation' and/or device 'xcu280'
INFO: [Common 17-349] Got license for feature 'Implementation' and/or device 'xcu280'
Running DRC as a precondition to command opt_design

Starting DRC Task
INFO: [DRC 23-27] Running DRC with 8 threads
INFO: [Project 1-461] DRC finished with 0 Errors
INFO: [Project 1-462] Please refer to the DRC report (report_drc) for more information.

Time (s): cpu = 00:00:03 ; elapsed = 00:00:03 . Memory (MB): peak = 3571.402 ; gain = 63.996 ; free physical = 61438 ; free virtual = 144971

Starting Cache Timing Information Task
INFO: [Timing 38-35] Done setting XDC timing constraints.
Ending Cache Timing Information Task | Checksum: 11f556628

Time (s): cpu = 00:00:03 ; elapsed = 00:00:02 . Memory (MB): peak = 3653.902 ; gain = 82.500 ; free physical = 61396 ; free virtual = 144928

Starting Logic Optimization Task

Phase 1 Initialization

Phase 1.1 Core Generation And Design Setup
Phase 1.1 Core Generation And Design Setup | Checksum: 11f556628

Time (s): cpu = 00:00:00.01 ; elapsed = 00:00:00.01 . Memory (MB): peak = 3899.840 ; gain = 0.000 ; free physical = 61068 ; free virtual = 144600

Phase 1.2 Setup Constraints And Sort Netlist
Phase 1.2 Setup Constraints And Sort Netlist | Checksum: 11f556628

Time (s): cpu = 00:00:00.02 ; elapsed = 00:00:00.02 . Memory (MB): peak = 3899.840 ; gain = 0.000 ; free physical = 61068 ; free virtual = 144600
Phase 1 Initialization | Checksum: 11f556628

Time (s): cpu = 00:00:00.02 ; elapsed = 00:00:00.02 . Memory (MB): peak = 3899.840 ; gain = 0.000 ; free physical = 61068 ; free virtual = 144600

Phase 2 Timer Update And Timing Data Collection

Phase 2.1 Timer Update
Phase 2.1 Timer Update | Checksum: 11f556628

Time (s): cpu = 00:00:01 ; elapsed = 00:00:00.33 . Memory (MB): peak = 3899.840 ; gain = 0.000 ; free physical = 61064 ; free virtual = 144596

Phase 2.2 Timing Data Collection
Phase 2.2 Timing Data Collection | Checksum: 11f556628

Time (s): cpu = 00:00:01 ; elapsed = 00:00:00.37 . Memory (MB): peak = 3899.840 ; gain = 0.000 ; free physical = 61063 ; free virtual = 144596
Phase 2 Timer Update And Timing Data Collection | Checksum: 11f556628

Time (s): cpu = 00:00:01 ; elapsed = 00:00:00.37 . Memory (MB): peak = 3899.840 ; gain = 0.000 ; free physical = 61063 ; free virtual = 144596

Phase 3 Retarget
INFO: [Opt 31-1566] Pulled 20 inverters resulting in an inversion of 303 pins
INFO: [Opt 31-138] Pushed 2 inverter(s) to 136 load pin(s).
INFO: [Opt 31-49] Retargeted 0 cell(s).
Phase 3 Retarget | Checksum: d96969cf

Time (s): cpu = 00:00:02 ; elapsed = 00:00:00.8 . Memory (MB): peak = 3899.840 ; gain = 0.000 ; free physical = 60960 ; free virtual = 144493
Retarget | Checksum: d96969cf
INFO: [Opt 31-389] Phase Retarget created 0 cells and removed 36 cells

Phase 4 Constant propagation
INFO: [Opt 31-138] Pushed 0 inverter(s) to 0 load pin(s).
Phase 4 Constant propagation | Checksum: 12b03784c

Time (s): cpu = 00:00:02 ; elapsed = 00:00:00.96 . Memory (MB): peak = 3899.840 ; gain = 0.000 ; free physical = 60903 ; free virtual = 144435
Constant propagation | Checksum: 12b03784c
INFO: [Opt 31-389] Phase Constant propagation created 0 cells and removed 0 cells

Phase 5 Sweep
Phase 5 Sweep | Checksum: 1a44da736

Time (s): cpu = 00:00:02 ; elapsed = 00:00:01 . Memory (MB): peak = 3899.840 ; gain = 0.000 ; free physical = 60898 ; free virtual = 144430
Sweep | Checksum: 1a44da736
INFO: [Opt 31-389] Phase Sweep created 0 cells and removed 0 cells

Phase 6 BUFG optimization
INFO: [Opt 31-1077] Phase BUFG optimization inserted 0 global clock buffer(s) for CLOCK_LOW_FANOUT.
Phase 6 BUFG optimization | Checksum: 1a44da736

Time (s): cpu = 00:00:02 ; elapsed = 00:00:01 . Memory (MB): peak = 3931.855 ; gain = 32.016 ; free physical = 60893 ; free virtual = 144425
BUFG optimization | Checksum: 1a44da736
INFO: [Opt 31-662] Phase BUFG optimization created 0 cells of which 0 are BUFGs and removed 0 cells.

Phase 7 Shift Register Optimization
INFO: [Opt 31-1064] SRL Remap converted 0 SRLs to 0 registers and converted 0 registers of register chains to 0 SRLs
Phase 7 Shift Register Optimization | Checksum: 1a44da736

Time (s): cpu = 00:00:02 ; elapsed = 00:00:01 . Memory (MB): peak = 3931.855 ; gain = 32.016 ; free physical = 60892 ; free virtual = 144424
Shift Register Optimization | Checksum: 1a44da736
INFO: [Opt 31-389] Phase Shift Register Optimization created 0 cells and removed 0 cells

Phase 8 Post Processing Netlist
Phase 8 Post Processing Netlist | Checksum: 1a44da736

Time (s): cpu = 00:00:02 ; elapsed = 00:00:01 . Memory (MB): peak = 3931.855 ; gain = 32.016 ; free physical = 60879 ; free virtual = 144412
Post Processing Netlist | Checksum: 1a44da736
INFO: [Opt 31-389] Phase Post Processing Netlist created 0 cells and removed 0 cells

Phase 9 Finalization

Phase 9.1 Finalizing Design Cores and Updating Shapes
Phase 9.1 Finalizing Design Cores and Updating Shapes | Checksum: f12c80d2

Time (s): cpu = 00:00:03 ; elapsed = 00:00:02 . Memory (MB): peak = 3931.855 ; gain = 32.016 ; free physical = 60814 ; free virtual = 144346

Phase 9.2 Verifying Netlist Connectivity

Starting Connectivity Check Task

Time (s): cpu = 00:00:00.03 ; elapsed = 00:00:00.03 . Memory (MB): peak = 3931.855 ; gain = 0.000 ; free physical = 60814 ; free virtual = 144346
Phase 9.2 Verifying Netlist Connectivity | Checksum: f12c80d2

Time (s): cpu = 00:00:03 ; elapsed = 00:00:02 . Memory (MB): peak = 3931.855 ; gain = 32.016 ; free physical = 60814 ; free virtual = 144346
Phase 9 Finalization | Checksum: f12c80d2

Time (s): cpu = 00:00:03 ; elapsed = 00:00:02 . Memory (MB): peak = 3931.855 ; gain = 32.016 ; free physical = 60814 ; free virtual = 144346
Opt_design Change Summary
=========================


-------------------------------------------------------------------------------------------------------------------------
|  Phase                        |  #Cells created  |  #Cells Removed  |  #Constrained objects preventing optimizations  |
-------------------------------------------------------------------------------------------------------------------------
|  Retarget                     |               0  |              36  |                                              0  |
|  Constant propagation         |               0  |               0  |                                              0  |
|  Sweep                        |               0  |               0  |                                              0  |
|  BUFG optimization            |               0  |               0  |                                              0  |
|  Shift Register Optimization  |               0  |               0  |                                              0  |
|  Post Processing Netlist      |               0  |               0  |                                              0  |
-------------------------------------------------------------------------------------------------------------------------


Ending Logic Optimization Task | Checksum: f12c80d2

Time (s): cpu = 00:00:03 ; elapsed = 00:00:02 . Memory (MB): peak = 3931.855 ; gain = 32.016 ; free physical = 60814 ; free virtual = 144346
INFO: [Constraints 18-11670] Building netlist checker database with flags, 0x8
Done building netlist checker database: Time (s): cpu = 00:00:00 ; elapsed = 00:00:00.01 . Memory (MB): peak = 3931.855 ; gain = 0.000 ; free physical = 60814 ; free virtual = 144346

Starting Power Optimization Task
INFO: [Pwropt 34-132] Skipping clock gating for clocks with a period < 2.00 ns.
INFO: [Pwropt 34-9] Applying IDT optimizations ...
INFO: [Pwropt 34-10] Applying ODC optimizations ...
INFO: [Timing 38-35] Done setting XDC timing constraints.
Running Vector-less Activity Propagation...

Finished Running Vector-less Activity Propagation


Starting PowerOpt Patch Enables Task
INFO: [Pwropt 34-162] WRITE_MODE attribute of 0 BRAM(s) out of a total of 14 has been updated to save power. Run report_power_opt to get a complete listing of the BRAMs updated.
INFO: [Pwropt 34-201] Structural ODC has moved 0 WE to EN ports
Number of BRAM Ports augmented: 0 newly gated: 0 Total Ports: 28
Ending PowerOpt Patch Enables Task | Checksum: f12c80d2

Time (s): cpu = 00:00:00.15 ; elapsed = 00:00:00.15 . Memory (MB): peak = 4256.379 ; gain = 0.000 ; free physical = 60230 ; free virtual = 143762
Ending Power Optimization Task | Checksum: f12c80d2

Time (s): cpu = 00:00:18 ; elapsed = 00:00:11 . Memory (MB): peak = 4256.379 ; gain = 324.523 ; free physical = 60230 ; free virtual = 143762

Starting Final Cleanup Task
Ending Final Cleanup Task | Checksum: f12c80d2

Time (s): cpu = 00:00:00 ; elapsed = 00:00:00 . Memory (MB): peak = 4256.379 ; gain = 0.000 ; free physical = 60230 ; free virtual = 143762

Starting Netlist Obfuscation Task
Netlist sorting complete. Time (s): cpu = 00:00:00 ; elapsed = 00:00:00.01 . Memory (MB): peak = 4256.379 ; gain = 0.000 ; free physical = 60230 ; free virtual = 143762
Ending Netlist Obfuscation Task | Checksum: f12c80d2

Time (s): cpu = 00:00:00 ; elapsed = 00:00:00.01 . Memory (MB): peak = 4256.379 ; gain = 0.000 ; free physical = 60230 ; free virtual = 143762
INFO: [Common 17-83] Releasing license: Implementation
25 Infos, 0 Warnings, 0 Critical Warnings and 0 Errors encountered.
opt_design completed successfully
opt_design: Time (s): cpu = 00:00:30 ; elapsed = 00:00:21 . Memory (MB): peak = 4256.379 ; gain = 748.973 ; free physical = 60230 ; free virtual = 143762
# place_design
Command: place_design
Attempting to get a license for feature 'Implementation' and/or device 'xcu280'
INFO: [Common 17-349] Got license for feature 'Implementation' and/or device 'xcu280'
INFO: [Common 17-83] Releasing license: Implementation
INFO: [DRC 23-27] Running DRC with 8 threads
INFO: [Vivado_Tcl 4-198] DRC finished with 0 Errors
INFO: [Vivado_Tcl 4-199] Please refer to the DRC report (report_drc) for more information.
Running DRC as a precondition to command place_design
INFO: [DRC 23-27] Running DRC with 8 threads
INFO: [Vivado_Tcl 4-198] DRC finished with 0 Errors
INFO: [Vivado_Tcl 4-199] Please refer to the DRC report (report_drc) for more information.
INFO: [Place 30-611] Multithreading enabled for place_design using a maximum of 8 CPUs

Starting Placer Task

Phase 1 Placer Initialization

Phase 1.1 Placer Initialization Netlist Sorting
Netlist sorting complete. Time (s): cpu = 00:00:00 ; elapsed = 00:00:00 . Memory (MB): peak = 4256.379 ; gain = 0.000 ; free physical = 60219 ; free virtual = 143751
Phase 1.1 Placer Initialization Netlist Sorting | Checksum: 010a3772

Time (s): cpu = 00:00:00.01 ; elapsed = 00:00:00.01 . Memory (MB): peak = 4256.379 ; gain = 0.000 ; free physical = 60219 ; free virtual = 143751
Netlist sorting complete. Time (s): cpu = 00:00:00 ; elapsed = 00:00:00.01 . Memory (MB): peak = 4256.379 ; gain = 0.000 ; free physical = 60219 ; free virtual = 143751

Phase 1.2 IO Placement/ Clock Placement/ Build Placer Device
INFO: [Timing 38-35] Done setting XDC timing constraints.
Phase 1.2 IO Placement/ Clock Placement/ Build Placer Device | Checksum: f45bda76

Time (s): cpu = 00:00:28 ; elapsed = 00:00:27 . Memory (MB): peak = 4771.656 ; gain = 515.277 ; free physical = 58624 ; free virtual = 142157

Phase 1.3 Build Placer Netlist Model
Phase 1.3 Build Placer Netlist Model | Checksum: 1545f4757

Time (s): cpu = 00:00:39 ; elapsed = 00:00:33 . Memory (MB): peak = 5133.945 ; gain = 877.566 ; free physical = 58153 ; free virtual = 141686

Phase 1.4 Constrain Clocks/Macros
Phase 1.4 Constrain Clocks/Macros | Checksum: 1545f4757

Time (s): cpu = 00:00:39 ; elapsed = 00:00:33 . Memory (MB): peak = 5133.945 ; gain = 877.566 ; free physical = 58153 ; free virtual = 141686
Phase 1 Placer Initialization | Checksum: 1545f4757

Time (s): cpu = 00:00:40 ; elapsed = 00:00:33 . Memory (MB): peak = 5133.945 ; gain = 877.566 ; free physical = 58153 ; free virtual = 141686

Phase 2 Global Placement

Phase 2.1 Floorplanning

Phase 2.1.1 Partition Driven Placement

Phase 2.1.1.1 PBP: Partition Driven Placement
Phase 2.1.1.1 PBP: Partition Driven Placement | Checksum: 1202a1711

Time (s): cpu = 00:00:46 ; elapsed = 00:00:37 . Memory (MB): peak = 5133.945 ; gain = 877.566 ; free physical = 57778 ; free virtual = 141311

Phase 2.1.1.2 PBP: Clock Region Placement
INFO: [Place 30-3164] Check ILP status : ILP-based clock placer is skipped.
Phase 2.1.1.2 PBP: Clock Region Placement | Checksum: 1202a1711

Time (s): cpu = 00:00:47 ; elapsed = 00:00:37 . Memory (MB): peak = 5133.945 ; gain = 877.566 ; free physical = 57765 ; free virtual = 141298

Phase 2.1.1.3 PBP: Compute Congestion
Phase 2.1.1.3 PBP: Compute Congestion | Checksum: 1202a1711

Time (s): cpu = 00:01:20 ; elapsed = 00:00:48 . Memory (MB): peak = 5599.930 ; gain = 1343.551 ; free physical = 57275 ; free virtual = 140808

Phase 2.1.1.4 PBP: UpdateTiming
Phase 2.1.1.4 PBP: UpdateTiming | Checksum: 1bb878bd5

Time (s): cpu = 00:01:21 ; elapsed = 00:00:48 . Memory (MB): peak = 5631.945 ; gain = 1375.566 ; free physical = 57278 ; free virtual = 140811

Phase 2.1.1.5 PBP: Add part constraints
Phase 2.1.1.5 PBP: Add part constraints | Checksum: 1bb878bd5

Time (s): cpu = 00:01:21 ; elapsed = 00:00:48 . Memory (MB): peak = 5631.945 ; gain = 1375.566 ; free physical = 57278 ; free virtual = 140811
Phase 2.1.1 Partition Driven Placement | Checksum: 1bb878bd5

Time (s): cpu = 00:01:21 ; elapsed = 00:00:48 . Memory (MB): peak = 5631.945 ; gain = 1375.566 ; free physical = 57278 ; free virtual = 140811
Phase 2.1 Floorplanning | Checksum: 152495133

Time (s): cpu = 00:01:21 ; elapsed = 00:00:48 . Memory (MB): peak = 5631.945 ; gain = 1375.566 ; free physical = 57278 ; free virtual = 140811

Phase 2.2 Physical Synthesis After Floorplan
INFO: [Physopt 32-775] End 1 Pass. Optimized 0 net or cell. Created 0 new cell, deleted 0 existing cell and moved 0 existing cell
Netlist sorting complete. Time (s): cpu = 00:00:00 ; elapsed = 00:00:00 . Memory (MB): peak = 5631.945 ; gain = 0.000 ; free physical = 57276 ; free virtual = 140808

Summary of Physical Synthesis Optimizations
============================================


-----------------------------------------------------------------------------------------------------------------------------------------------
|  Optimization                         |  Added Cells  |  Removed Cells  |  Optimized Cells/Nets  |  Dont Touch  |  Iterations  |  Elapsed   |
-----------------------------------------------------------------------------------------------------------------------------------------------
|  PSIP Post Floorplan SLR Replication  |            0  |              0  |                     0  |           0  |           1  |  00:00:00  |
|  Total                                |            0  |              0  |                     0  |           0  |           1  |  00:00:00  |
-----------------------------------------------------------------------------------------------------------------------------------------------


Phase 2.2 Physical Synthesis After Floorplan | Checksum: 152495133

Time (s): cpu = 00:01:22 ; elapsed = 00:00:49 . Memory (MB): peak = 5631.945 ; gain = 1375.566 ; free physical = 57276 ; free virtual = 140808

Phase 2.3 Update Timing before SLR Path Opt
Phase 2.3 Update Timing before SLR Path Opt | Checksum: 152495133

Time (s): cpu = 00:01:22 ; elapsed = 00:00:49 . Memory (MB): peak = 5631.945 ; gain = 1375.566 ; free physical = 57276 ; free virtual = 140808

Phase 2.4 Post-Processing in Floorplanning
Phase 2.4 Post-Processing in Floorplanning | Checksum: 16934dffc

Time (s): cpu = 00:01:22 ; elapsed = 00:00:49 . Memory (MB): peak = 5631.945 ; gain = 1375.566 ; free physical = 57276 ; free virtual = 140808

Phase 2.5 Global Placement Core

Phase 2.5.1 UpdateTiming Before Physical Synthesis
Phase 2.5.1 UpdateTiming Before Physical Synthesis | Checksum: 165a2f897

Time (s): cpu = 00:05:53 ; elapsed = 00:02:35 . Memory (MB): peak = 6215.984 ; gain = 1959.605 ; free physical = 56279 ; free virtual = 139812

Phase 2.5.2 Physical Synthesis In Placer
INFO: [Physopt 32-1035] Found 226 LUTNM shape to break, 56 LUT instances to create LUTNM shape
INFO: [Physopt 32-1044] Break lutnm for timing: one critical 60, two critical 166, total 226, new lutff created 5
INFO: [Physopt 32-1138] End 1 Pass. Optimized 241 nets or LUTs. Breaked 226 LUTs, combined 15 existing LUTs and moved 0 existing LUT
INFO: [Physopt 32-1030] Pass 1. Identified 5 candidate driver sets for equivalent driver rewiring.
INFO: [Physopt 32-661] Optimized 3 nets.  Re-placed 8 instances.
INFO: [Physopt 32-775] End 1 Pass. Optimized 3 nets or cells. Created 0 new cell, deleted 0 existing cell and moved 8 existing cells
Netlist sorting complete. Time (s): cpu = 00:00:00.02 ; elapsed = 00:00:00.02 . Memory (MB): peak = 6215.984 ; gain = 0.000 ; free physical = 56279 ; free virtual = 139812
INFO: [Physopt 32-1132] Very high fanout net 'load/inst_q/enq_ptr_value_reg[0]' is not considered as a candidate in VHFN optimzation. The fanout considered for this optimization is changed from 1344 to 161 due to a timing constraint that prevent optimization on all of the loads. To force replication, set the FORCE_MAX_FANOUT property on the net to a number less than 161.
INFO: [Physopt 32-1132] Very high fanout net 'load/inst_q/enq_ptr_value_reg[1]' is not considered as a candidate in VHFN optimzation. The fanout considered for this optimization is changed from 1343 to 160 due to a timing constraint that prevent optimization on all of the loads. To force replication, set the FORCE_MAX_FANOUT property on the net to a number less than 160.
INFO: [Physopt 32-1132] Very high fanout net 'load/inst_q/enq_ptr_value_reg[2]' is not considered as a candidate in VHFN optimzation. The fanout considered for this optimization is changed from 1342 to 159 due to a timing constraint that prevent optimization on all of the loads. To force replication, set the FORCE_MAX_FANOUT property on the net to a number less than 159.
INFO: [Physopt 32-1132] Very high fanout net 'load/inst_q/enq_ptr_value_reg[3]' is not considered as a candidate in VHFN optimzation. The fanout considered for this optimization is changed from 1341 to 158 due to a timing constraint that prevent optimization on all of the loads. To force replication, set the FORCE_MAX_FANOUT property on the net to a number less than 158.
INFO: [Physopt 32-1132] Very high fanout net 'load/inst_q/enq_ptr_value_reg[4]' is not considered as a candidate in VHFN optimzation. The fanout considered for this optimization is changed from 1340 to 157 due to a timing constraint that prevent optimization on all of the loads. To force replication, set the FORCE_MAX_FANOUT property on the net to a number less than 157.
INFO: [Physopt 32-1132] Very high fanout net 'load/inst_q/enq_ptr_value_reg[5]' is not considered as a candidate in VHFN optimzation. The fanout considered for this optimization is changed from 1339 to 156 due to a timing constraint that prevent optimization on all of the loads. To force replication, set the FORCE_MAX_FANOUT property on the net to a number less than 156.
INFO: [Physopt 32-1132] Very high fanout net 'store/inst_q/enq_ptr_value_reg_n_0_[0]' is not considered as a candidate in VHFN optimzation. The fanout considered for this optimization is changed from 1160 to 137 due to a timing constraint that prevent optimization on all of the loads. To force replication, set the FORCE_MAX_FANOUT property on the net to a number less than 137.
INFO: [Physopt 32-1132] Very high fanout net 'store/inst_q/enq_ptr_value_reg_n_0_[1]' is not considered as a candidate in VHFN optimzation. The fanout considered for this optimization is changed from 1159 to 136 due to a timing constraint that prevent optimization on all of the loads. To force replication, set the FORCE_MAX_FANOUT property on the net to a number less than 136.
INFO: [Physopt 32-1132] Very high fanout net 'store/inst_q/enq_ptr_value_reg_n_0_[2]' is not considered as a candidate in VHFN optimzation. The fanout considered for this optimization is changed from 1158 to 135 due to a timing constraint that prevent optimization on all of the loads. To force replication, set the FORCE_MAX_FANOUT property on the net to a number less than 135.
INFO: [Physopt 32-1132] Very high fanout net 'store/inst_q/enq_ptr_value_reg_n_0_[3]' is not considered as a candidate in VHFN optimzation. The fanout considered for this optimization is changed from 1157 to 134 due to a timing constraint that prevent optimization on all of the loads. To force replication, set the FORCE_MAX_FANOUT property on the net to a number less than 134.
INFO: [Physopt 32-1132] Very high fanout net 'store/inst_q/enq_ptr_value_reg_n_0_[4]' is not considered as a candidate in VHFN optimzation. The fanout considered for this optimization is changed from 1156 to 133 due to a timing constraint that prevent optimization on all of the loads. To force replication, set the FORCE_MAX_FANOUT property on the net to a number less than 133.
INFO: [Physopt 32-1132] Very high fanout net 'store/inst_q/enq_ptr_value_reg_n_0_[5]' is not considered as a candidate in VHFN optimzation. The fanout considered for this optimization is changed from 1155 to 132 due to a timing constraint that prevent optimization on all of the loads. To force replication, set the FORCE_MAX_FANOUT property on the net to a number less than 132.
INFO: [Physopt 32-76] Pass 1. Identified 6 candidate nets for fanout optimization.
INFO: [Physopt 32-81] Processed net load/inst_q/deq_ptr_value_reg[1]. Replicated 7 times.
INFO: [Physopt 32-81] Processed net load/inst_q/deq_ptr_value_reg[0]. Replicated 7 times.
INFO: [Physopt 32-81] Processed net load/inst_q/deq_ptr_value_reg[2]. Replicated 7 times.
INFO: [Physopt 32-81] Processed net load/inst_q/deq_ptr_value_reg[3]. Replicated 7 times.
INFO: [Physopt 32-81] Processed net load/inst_q/deq_ptr_value_reg[5]. Replicated 7 times.
INFO: [Physopt 32-81] Processed net load/inst_q/deq_ptr_value_reg[4]. Replicated 7 times.
INFO: [Physopt 32-232] Optimized 6 nets. Created 42 new instances.
INFO: [Physopt 32-775] End 1 Pass. Optimized 6 nets or cells. Created 42 new cells, deleted 0 existing cell and moved 0 existing cell
Netlist sorting complete. Time (s): cpu = 00:00:00.02 ; elapsed = 00:00:00.02 . Memory (MB): peak = 6215.984 ; gain = 0.000 ; free physical = 56272 ; free virtual = 139805
INFO: [Physopt 32-456] No candidate cells for DSP register optimization found in the design.
INFO: [Physopt 32-775] End 2 Pass. Optimized 0 net or cell. Created 0 new cell, deleted 0 existing cell and moved 0 existing cell
INFO: [Physopt 32-1123] No candidate cells found for Shift Register to Pipeline optimization
INFO: [Physopt 32-775] End 2 Pass. Optimized 0 net or cell. Created 0 new cell, deleted 0 existing cell and moved 0 existing cell
INFO: [Physopt 32-1401] No candidate cells found for Shift Register optimization.
INFO: [Physopt 32-677] No candidate cells for Shift Register optimization found in the design
INFO: [Physopt 32-775] End 1 Pass. Optimized 0 net or cell. Created 0 new cell, deleted 0 existing cell and moved 0 existing cell
INFO: [Physopt 32-526] No candidate cells for BRAM register optimization found in the design
INFO: [Physopt 32-775] End 1 Pass. Optimized 0 net or cell. Created 0 new cell, deleted 0 existing cell and moved 0 existing cell
INFO: [Physopt 32-846] No candidate cells for URAM register optimization found in the design
INFO: [Physopt 32-775] End 1 Pass. Optimized 0 net or cell. Created 0 new cell, deleted 0 existing cell and moved 0 existing cell
INFO: [Physopt 32-846] No candidate cells for URAM register optimization found in the design
INFO: [Physopt 32-775] End 1 Pass. Optimized 0 net or cell. Created 0 new cell, deleted 0 existing cell and moved 0 existing cell
INFO: [Physopt 32-949] No candidate nets found for dynamic/static region interface net replication
INFO: [Physopt 32-775] End 1 Pass. Optimized 0 net or cell. Created 0 new cell, deleted 0 existing cell and moved 0 existing cell
Netlist sorting complete. Time (s): cpu = 00:00:00 ; elapsed = 00:00:00 . Memory (MB): peak = 6215.984 ; gain = 0.000 ; free physical = 56271 ; free virtual = 139804

Summary of Physical Synthesis Optimizations
============================================


-----------------------------------------------------------------------------------------------------------------------------------------------------------
|  Optimization                                     |  Added Cells  |  Removed Cells  |  Optimized Cells/Nets  |  Dont Touch  |  Iterations  |  Elapsed   |
-----------------------------------------------------------------------------------------------------------------------------------------------------------
|  LUT Combining                                    |          226  |             15  |                   241  |           0  |           1  |  00:00:00  |
|  Retime                                           |            0  |              0  |                     0  |           0  |           1  |  00:00:00  |
|  Equivalent Driver Rewiring                       |            0  |              0  |                     3  |           0  |           1  |  00:00:00  |
|  Very High Fanout                                 |           42  |              0  |                     6  |           0  |           1  |  00:00:01  |
|  DSP Register                                     |            0  |              0  |                     0  |           0  |           1  |  00:00:00  |
|  Shift Register to Pipeline                       |            0  |              0  |                     0  |           0  |           1  |  00:00:00  |
|  Shift Register                                   |            0  |              0  |                     0  |           0  |           1  |  00:00:00  |
|  BRAM Register                                    |            0  |              0  |                     0  |           0  |           1  |  00:00:00  |
|  URAM Register                                    |            0  |              0  |                     0  |           0  |           1  |  00:00:00  |
|  Dynamic/Static Region Interface Net Replication  |            0  |              0  |                     0  |           0  |           1  |  00:00:00  |
|  Total                                            |          268  |             15  |                   250  |           0  |          10  |  00:00:02  |
-----------------------------------------------------------------------------------------------------------------------------------------------------------


Phase 2.5.2 Physical Synthesis In Placer | Checksum: e6381897

Time (s): cpu = 00:05:57 ; elapsed = 00:02:38 . Memory (MB): peak = 6215.984 ; gain = 1959.605 ; free physical = 56271 ; free virtual = 139804
Phase 2.5 Global Placement Core | Checksum: 11a46e9b1

Time (s): cpu = 00:07:10 ; elapsed = 00:03:02 . Memory (MB): peak = 6215.984 ; gain = 1959.605 ; free physical = 56240 ; free virtual = 139774
Phase 2 Global Placement | Checksum: 11a46e9b1

Time (s): cpu = 00:07:10 ; elapsed = 00:03:02 . Memory (MB): peak = 6215.984 ; gain = 1959.605 ; free physical = 56240 ; free virtual = 139774

Phase 3 Detail Placement

Phase 3.1 Commit Multi Column Macros
Phase 3.1 Commit Multi Column Macros | Checksum: 17897ca15

Time (s): cpu = 00:07:46 ; elapsed = 00:03:14 . Memory (MB): peak = 6215.984 ; gain = 1959.605 ; free physical = 56220 ; free virtual = 139753

Phase 3.2 Commit Most Macros & LUTRAMs
Phase 3.2 Commit Most Macros & LUTRAMs | Checksum: 24145135f

Time (s): cpu = 00:07:52 ; elapsed = 00:03:17 . Memory (MB): peak = 6215.984 ; gain = 1959.605 ; free physical = 56217 ; free virtual = 139750

Phase 3.3 Small Shape DP

Phase 3.3.1 Small Shape Clustering
Phase 3.3.1 Small Shape Clustering | Checksum: 20480bbe6

Time (s): cpu = 00:08:33 ; elapsed = 00:03:32 . Memory (MB): peak = 6215.984 ; gain = 1959.605 ; free physical = 56206 ; free virtual = 139740

Phase 3.3.2 Slice Area Swap

Phase 3.3.2.1 Slice Area Swap Initial
Phase 3.3.2.1 Slice Area Swap Initial | Checksum: 21d761d51

Time (s): cpu = 00:08:34 ; elapsed = 00:03:32 . Memory (MB): peak = 6219.348 ; gain = 1962.969 ; free physical = 56129 ; free virtual = 139662
Phase 3.3.2 Slice Area Swap | Checksum: 24a112176

Time (s): cpu = 00:08:36 ; elapsed = 00:03:34 . Memory (MB): peak = 6219.348 ; gain = 1962.969 ; free physical = 56128 ; free virtual = 139662
Phase 3.3 Small Shape DP | Checksum: 25d673632

Time (s): cpu = 00:08:38 ; elapsed = 00:03:35 . Memory (MB): peak = 6219.348 ; gain = 1962.969 ; free physical = 56129 ; free virtual = 139662

Phase 3.4 Re-assign LUT pins
Phase 3.4 Re-assign LUT pins | Checksum: 25d962ab8

Time (s): cpu = 00:08:39 ; elapsed = 00:03:35 . Memory (MB): peak = 6219.348 ; gain = 1962.969 ; free physical = 56128 ; free virtual = 139661

Phase 3.5 Pipeline Register Optimization
Phase 3.5 Pipeline Register Optimization | Checksum: 1b3c775ac

Time (s): cpu = 00:08:39 ; elapsed = 00:03:36 . Memory (MB): peak = 6219.348 ; gain = 1962.969 ; free physical = 56127 ; free virtual = 139661

Phase 3.6 Fast Optimization
Phase 3.6 Fast Optimization | Checksum: 9759e371

Time (s): cpu = 00:08:58 ; elapsed = 00:03:48 . Memory (MB): peak = 6251.363 ; gain = 1994.984 ; free physical = 56135 ; free virtual = 139669
Phase 3 Detail Placement | Checksum: 9759e371

Time (s): cpu = 00:08:58 ; elapsed = 00:03:48 . Memory (MB): peak = 6251.363 ; gain = 1994.984 ; free physical = 56136 ; free virtual = 139669

Phase 4 Post Placement Optimization and Clean-Up

Phase 4.1 Post Commit Optimization
INFO: [Timing 38-35] Done setting XDC timing constraints.

Phase 4.1.1 Post Placement Optimization
Post Placement Optimization Initialization | Checksum: 3dee9a1b

Phase 4.1.1.1 BUFG Insertion

Starting Physical Synthesis Task

Phase 1 Physical Synthesis Initialization
INFO: [Physopt 32-721] Multithreading enabled for phys_opt_design using a maximum of 8 CPUs
INFO: [Physopt 32-619] Estimated Timing Summary | WNS=-2.083 | TNS=-1568.449 |
Phase 1 Physical Synthesis Initialization | Checksum: 23ea4ebd

Time (s): cpu = 00:00:00.91 ; elapsed = 00:00:00.36 . Memory (MB): peak = 6283.379 ; gain = 0.000 ; free physical = 56134 ; free virtual = 139667
INFO: [Place 46-56] BUFG insertion identified 0 candidate nets. Inserted BUFG: 0, Replicated BUFG Driver: 0, Skipped due to Placement/Routing Conflicts: 0, Skipped due to Timing Degradation: 0, Skipped due to netlist editing failed: 0.
Ending Physical Synthesis Task | Checksum: 23ea4ebd

Time (s): cpu = 00:00:01 ; elapsed = 00:00:00.71 . Memory (MB): peak = 6283.379 ; gain = 0.000 ; free physical = 56134 ; free virtual = 139667
Phase 4.1.1.1 BUFG Insertion | Checksum: 3dee9a1b

Time (s): cpu = 00:09:42 ; elapsed = 00:04:03 . Memory (MB): peak = 6283.379 ; gain = 2027.000 ; free physical = 56134 ; free virtual = 139667

Phase 4.1.1.2 BUFG Replication
INFO: [Place 46-63] BUFG replication identified 0 candidate nets: Replicated nets: 0, Replicated BUFGs: 0, Replicated BUFG Driver: 0, moved BUFGs: 0, Skipped due to Placement / Routing Conflict: 0, Skipped due to Timing: 0, Skipped due to constraints: 0
Phase 4.1.1.2 BUFG Replication | Checksum: 3dee9a1b

Time (s): cpu = 00:09:42 ; elapsed = 00:04:03 . Memory (MB): peak = 6283.379 ; gain = 2027.000 ; free physical = 56137 ; free virtual = 139670

Phase 4.1.1.3 Post Placement Timing Optimization
INFO: [Place 30-746] Post Placement Timing Summary WNS=-1.622. For the most accurate timing information please run report_timing.
Phase 4.1.1.3 Post Placement Timing Optimization | Checksum: f946242b

Time (s): cpu = 00:10:11 ; elapsed = 00:04:31 . Memory (MB): peak = 6283.379 ; gain = 2027.000 ; free physical = 56149 ; free virtual = 139682

Phase 4.1.1.4 Replication
INFO: [Place 46-19] Post Replication Timing Summary WNS=-1.622. For the most accurate timing information please run report_timing.
Phase 4.1.1.4 Replication | Checksum: f946242b

Time (s): cpu = 00:10:11 ; elapsed = 00:04:32 . Memory (MB): peak = 6283.379 ; gain = 2027.000 ; free physical = 56147 ; free virtual = 139681

Time (s): cpu = 00:10:11 ; elapsed = 00:04:32 . Memory (MB): peak = 6283.379 ; gain = 2027.000 ; free physical = 56147 ; free virtual = 139680
Phase 4.1 Post Commit Optimization | Checksum: f946242b

Time (s): cpu = 00:10:12 ; elapsed = 00:04:32 . Memory (MB): peak = 6283.379 ; gain = 2027.000 ; free physical = 56147 ; free virtual = 139680

Phase 4.2 Post Placement Cleanup
Phase 4.2 Post Placement Cleanup | Checksum: f946242b

Time (s): cpu = 00:11:16 ; elapsed = 00:05:14 . Memory (MB): peak = 6283.379 ; gain = 2027.000 ; free physical = 55840 ; free virtual = 139374

Phase 4.3 Placer Reporting

Phase 4.3.1 Print Estimated Congestion
INFO: [Place 30-612] Post-Placement Estimated Congestion 
 ________________________________________________________________________
|           | Global Congestion | Long Congestion   | Short Congestion  |
| Direction | Region Size       | Region Size       | Region Size       |
|___________|___________________|___________________|___________________|
|      North|                1x1|                1x1|                1x1|
|___________|___________________|___________________|___________________|
|      South|                1x1|                1x1|                1x1|
|___________|___________________|___________________|___________________|
|       East|                1x1|                1x1|                2x2|
|___________|___________________|___________________|___________________|
|       West|                1x1|                1x1|                2x2|
|___________|___________________|___________________|___________________|

SLR0:
 ________________________________________________________________________
|           | Global Congestion | Long Congestion   | Short Congestion  |
| Direction | Region Size       | Region Size       | Region Size       |
|___________|___________________|___________________|___________________|
|      North|                1x1|                1x1|                1x1|
|___________|___________________|___________________|___________________|
|      South|                1x1|                1x1|                1x1|
|___________|___________________|___________________|___________________|
|       East|                1x1|                1x1|                1x1|
|___________|___________________|___________________|___________________|
|       West|                1x1|                1x1|                1x1|
|___________|___________________|___________________|___________________|

SLR1:
 ________________________________________________________________________
|           | Global Congestion | Long Congestion   | Short Congestion  |
| Direction | Region Size       | Region Size       | Region Size       |
|___________|___________________|___________________|___________________|
|      North|                1x1|                1x1|                1x1|
|___________|___________________|___________________|___________________|
|      South|                1x1|                1x1|                1x1|
|___________|___________________|___________________|___________________|
|       East|                1x1|                1x1|                2x2|
|___________|___________________|___________________|___________________|
|       West|                1x1|                1x1|                2x2|
|___________|___________________|___________________|___________________|

SLR2:
 ________________________________________________________________________
|           | Global Congestion | Long Congestion   | Short Congestion  |
| Direction | Region Size       | Region Size       | Region Size       |
|___________|___________________|___________________|___________________|
|      North|                1x1|                1x1|                1x1|
|___________|___________________|___________________|___________________|
|      South|                1x1|                1x1|                1x1|
|___________|___________________|___________________|___________________|
|       East|                1x1|                1x1|                1x1|
|___________|___________________|___________________|___________________|
|       West|                1x1|                1x1|                1x1|
|___________|___________________|___________________|___________________|

Phase 4.3.1 Print Estimated Congestion | Checksum: f946242b

Time (s): cpu = 00:11:17 ; elapsed = 00:05:14 . Memory (MB): peak = 6283.379 ; gain = 2027.000 ; free physical = 55839 ; free virtual = 139373
Phase 4.3 Placer Reporting | Checksum: f946242b

Time (s): cpu = 00:11:17 ; elapsed = 00:05:14 . Memory (MB): peak = 6283.379 ; gain = 2027.000 ; free physical = 55839 ; free virtual = 139373

Phase 4.4 Final Placement Cleanup
Netlist sorting complete. Time (s): cpu = 00:00:00 ; elapsed = 00:00:00 . Memory (MB): peak = 6283.379 ; gain = 0.000 ; free physical = 55839 ; free virtual = 139373

Time (s): cpu = 00:11:17 ; elapsed = 00:05:14 . Memory (MB): peak = 6283.379 ; gain = 2027.000 ; free physical = 55839 ; free virtual = 139373
Phase 4 Post Placement Optimization and Clean-Up | Checksum: 12bb8f5c4

Time (s): cpu = 00:11:17 ; elapsed = 00:05:14 . Memory (MB): peak = 6283.379 ; gain = 2027.000 ; free physical = 55839 ; free virtual = 139372
Ending Placer Task | Checksum: 8628edd2

Time (s): cpu = 00:11:17 ; elapsed = 00:05:14 . Memory (MB): peak = 6283.379 ; gain = 2027.000 ; free physical = 55839 ; free virtual = 139372
62 Infos, 0 Warnings, 0 Critical Warnings and 0 Errors encountered.
place_design completed successfully
place_design: Time (s): cpu = 00:11:23 ; elapsed = 00:05:16 . Memory (MB): peak = 6283.379 ; gain = 2027.000 ; free physical = 55841 ; free virtual = 139375
# phys_opt_design -retime
Command: phys_opt_design -retime
Attempting to get a license for feature 'Implementation' and/or device 'xcu280'
INFO: [Common 17-349] Got license for feature 'Implementation' and/or device 'xcu280'

Starting Initial Update Timing Task
WARNING: [Timing 38-242] The property HD.CLK_SRC of clock port "clock" is not set. In out-of-context mode, this prevents timing estimation for clock delay/skew
Resolution: Set the HD.CLK_SRC property of the out-of-context port to the location of the clock buffer instance in the top-level design

Time (s): cpu = 00:00:06 ; elapsed = 00:00:02 . Memory (MB): peak = 6283.379 ; gain = 0.000 ; free physical = 55841 ; free virtual = 139375
INFO: [Vivado_Tcl 4-1435] PhysOpt_Tcl_Interface Runtime Before Starting Physical Synthesis Task | CPU: 6.21s |  WALL: 1.68s
Netlist sorting complete. Time (s): cpu = 00:00:00 ; elapsed = 00:00:00.01 . Memory (MB): peak = 6283.379 ; gain = 0.000 ; free physical = 55841 ; free virtual = 139375

Starting Physical Synthesis Task

Phase 1 Physical Synthesis Initialization
INFO: [Physopt 32-721] Multithreading enabled for phys_opt_design using a maximum of 8 CPUs
INFO: [Place 30-3164] Check ILP status : ILP-based clock placer is skipped.
INFO: [Physopt 32-619] Estimated Timing Summary | WNS=-1.622 | TNS=-1425.212 |
Phase 1 Physical Synthesis Initialization | Checksum: dd47e36a

Time (s): cpu = 00:00:07 ; elapsed = 00:00:06 . Memory (MB): peak = 6283.379 ; gain = 0.000 ; free physical = 55846 ; free virtual = 139380
INFO: [Physopt 32-619] Estimated Timing Summary | WNS=-1.622 | TNS=-1425.212 |

Phase 2 Retime Optimization
INFO: [Physopt 32-203] No nets found for retiming optimization.
Phase 2 Retime Optimization | Checksum: dd47e36a

Time (s): cpu = 00:00:08 ; elapsed = 00:00:06 . Memory (MB): peak = 6283.379 ; gain = 0.000 ; free physical = 55846 ; free virtual = 139380
Netlist sorting complete. Time (s): cpu = 00:00:00 ; elapsed = 00:00:00 . Memory (MB): peak = 6283.379 ; gain = 0.000 ; free physical = 55846 ; free virtual = 139380
INFO: [Physopt 32-603] Post Physical Optimization Timing Summary | WNS=-1.622 | TNS=-1425.212 |

Summary of Physical Synthesis Optimizations
============================================


------------------------------------------------------------------------------------------------------------------------------------------------------------
|  Optimization  |  WNS Gain (ns)  |  TNS Gain (ns)  |  Added Cells  |  Removed Cells  |  Optimized Cells/Nets  |  Dont Touch  |  Iterations  |  Elapsed   |
------------------------------------------------------------------------------------------------------------------------------------------------------------
|  Retime        |          0.000  |          0.000  |            0  |              0  |                     0  |           0  |           1  |  00:00:00  |
|  Total         |          0.000  |          0.000  |            0  |              0  |                     0  |           0  |           1  |  00:00:00  |
------------------------------------------------------------------------------------------------------------------------------------------------------------


Netlist sorting complete. Time (s): cpu = 00:00:00 ; elapsed = 00:00:00 . Memory (MB): peak = 6283.379 ; gain = 0.000 ; free physical = 55846 ; free virtual = 139380
Ending Physical Synthesis Task | Checksum: 13557418e

Time (s): cpu = 00:00:08 ; elapsed = 00:00:06 . Memory (MB): peak = 6283.379 ; gain = 0.000 ; free physical = 55846 ; free virtual = 139380
INFO: [Common 17-83] Releasing license: Implementation
9 Infos, 1 Warnings, 0 Critical Warnings and 0 Errors encountered.
phys_opt_design completed successfully
phys_opt_design: Time (s): cpu = 00:00:14 ; elapsed = 00:00:08 . Memory (MB): peak = 6283.379 ; gain = 0.000 ; free physical = 55846 ; free virtual = 139380
# route_design
Command: route_design
Attempting to get a license for feature 'Implementation' and/or device 'xcu280'
INFO: [Common 17-349] Got license for feature 'Implementation' and/or device 'xcu280'
Running DRC as a precondition to command route_design
INFO: [DRC 23-27] Running DRC with 8 threads
INFO: [Vivado_Tcl 4-198] DRC finished with 0 Errors
INFO: [Vivado_Tcl 4-199] Please refer to the DRC report (report_drc) for more information.


Starting Routing Task
INFO: [Route 35-254] Multithreading enabled for route_design using a maximum of 8 CPUs

Phase 1 Build RT Design
Checksum: PlaceDB: 3d36fbc5 ConstDB: 0 ShapeSum: ebcb92c1 RouteDB: 0
Nodegraph reading from file.  Time (s): cpu = 00:00:02 ; elapsed = 00:00:02 . Memory (MB): peak = 6347.410 ; gain = 0.000 ; free physical = 55811 ; free virtual = 139345
WARNING: [Route 35-198] Port "io_vcr_ptrs_1[55]" does not have an associated HD.PARTPIN_LOCS, which will prevent the partial routing of the signal "io_vcr_ptrs_1[55]". Without this partial route, timing analysis to/from this port will not be accurate, and no routing information for this port can be exported.
WARNING: [Route 35-198] Port "io_vcr_ptrs_1[57]" does not have an associated HD.PARTPIN_LOCS, which will prevent the partial routing of the signal "io_vcr_ptrs_1[57]". Without this partial route, timing analysis to/from this port will not be accurate, and no routing information for this port can be exported.
WARNING: [Route 35-198] Port "io_vcr_ptrs_1[58]" does not have an associated HD.PARTPIN_LOCS, which will prevent the partial routing of the signal "io_vcr_ptrs_1[58]". Without this partial route, timing analysis to/from this port will not be accurate, and no routing information for this port can be exported.
WARNING: [Route 35-198] Port "io_vcr_ptrs_1[59]" does not have an associated HD.PARTPIN_LOCS, which will prevent the partial routing of the signal "io_vcr_ptrs_1[59]". Without this partial route, timing analysis to/from this port will not be accurate, and no routing information for this port can be exported.
WARNING: [Route 35-198] Port "io_vcr_ptrs_1[60]" does not have an associated HD.PARTPIN_LOCS, which will prevent the partial routing of the signal "io_vcr_ptrs_1[60]". Without this partial route, timing analysis to/from this port will not be accurate, and no routing information for this port can be exported.
WARNING: [Route 35-198] Port "io_vcr_ptrs_1[61]" does not have an associated HD.PARTPIN_LOCS, which will prevent the partial routing of the signal "io_vcr_ptrs_1[61]". Without this partial route, timing analysis to/from this port will not be accurate, and no routing information for this port can be exported.
WARNING: [Route 35-198] Port "io_vcr_ptrs_1[62]" does not have an associated HD.PARTPIN_LOCS, which will prevent the partial routing of the signal "io_vcr_ptrs_1[62]". Without this partial route, timing analysis to/from this port will not be accurate, and no routing information for this port can be exported.
WARNING: [Route 35-198] Port "io_vcr_ptrs_1[63]" does not have an associated HD.PARTPIN_LOCS, which will prevent the partial routing of the signal "io_vcr_ptrs_1[63]". Without this partial route, timing analysis to/from this port will not be accurate, and no routing information for this port can be exported.
WARNING: [Route 35-197] Clock port "clock" does not have an associated HD.CLK_SRC. Without this constraint, timing analysis may not be accurate and upstream checks cannot be done to ensure correct clock placement.
WARNING: [Route 35-198] Port "io_vcr_ptrs_1[47]" does not have an associated HD.PARTPIN_LOCS, which will prevent the partial routing of the signal "io_vcr_ptrs_1[47]". Without this partial route, timing analysis to/from this port will not be accurate, and no routing information for this port can be exported.
WARNING: [Route 35-198] Port "io_vcr_ptrs_1[48]" does not have an associated HD.PARTPIN_LOCS, which will prevent the partial routing of the signal "io_vcr_ptrs_1[48]". Without this partial route, timing analysis to/from this port will not be accurate, and no routing information for this port can be exported.
WARNING: [Route 35-198] Port "io_vcr_ptrs_1[50]" does not have an associated HD.PARTPIN_LOCS, which will prevent the partial routing of the signal "io_vcr_ptrs_1[50]". Without this partial route, timing analysis to/from this port will not be accurate, and no routing information for this port can be exported.
WARNING: [Route 35-198] Port "io_vcr_ptrs_1[51]" does not have an associated HD.PARTPIN_LOCS, which will prevent the partial routing of the signal "io_vcr_ptrs_1[51]". Without this partial route, timing analysis to/from this port will not be accurate, and no routing information for this port can be exported.
WARNING: [Route 35-198] Port "io_vcr_ptrs_1[56]" does not have an associated HD.PARTPIN_LOCS, which will prevent the partial routing of the signal "io_vcr_ptrs_1[56]". Without this partial route, timing analysis to/from this port will not be accurate, and no routing information for this port can be exported.
WARNING: [Route 35-198] Port "io_vcr_ptrs_1[52]" does not have an associated HD.PARTPIN_LOCS, which will prevent the partial routing of the signal "io_vcr_ptrs_1[52]". Without this partial route, timing analysis to/from this port will not be accurate, and no routing information for this port can be exported.
WARNING: [Route 35-198] Port "io_vcr_ptrs_1[53]" does not have an associated HD.PARTPIN_LOCS, which will prevent the partial routing of the signal "io_vcr_ptrs_1[53]". Without this partial route, timing analysis to/from this port will not be accurate, and no routing information for this port can be exported.
WARNING: [Route 35-198] Port "io_vcr_ptrs_1[54]" does not have an associated HD.PARTPIN_LOCS, which will prevent the partial routing of the signal "io_vcr_ptrs_1[54]". Without this partial route, timing analysis to/from this port will not be accurate, and no routing information for this port can be exported.
WARNING: [Route 35-198] Port "io_vcr_ptrs_1[39]" does not have an associated HD.PARTPIN_LOCS, which will prevent the partial routing of the signal "io_vcr_ptrs_1[39]". Without this partial route, timing analysis to/from this port will not be accurate, and no routing information for this port can be exported.
WARNING: [Route 35-198] Port "io_vcr_ptrs_1[44]" does not have an associated HD.PARTPIN_LOCS, which will prevent the partial routing of the signal "io_vcr_ptrs_1[44]". Without this partial route, timing analysis to/from this port will not be accurate, and no routing information for this port can be exported.
WARNING: [Route 35-198] Port "io_vcr_ptrs_1[45]" does not have an associated HD.PARTPIN_LOCS, which will prevent the partial routing of the signal "io_vcr_ptrs_1[45]". Without this partial route, timing analysis to/from this port will not be accurate, and no routing information for this port can be exported.
WARNING: [Route 35-198] Port "io_vcr_ptrs_1[46]" does not have an associated HD.PARTPIN_LOCS, which will prevent the partial routing of the signal "io_vcr_ptrs_1[46]". Without this partial route, timing analysis to/from this port will not be accurate, and no routing information for this port can be exported.
WARNING: [Route 35-198] Port "io_vcr_ptrs_1[7]" does not have an associated HD.PARTPIN_LOCS, which will prevent the partial routing of the signal "io_vcr_ptrs_1[7]". Without this partial route, timing analysis to/from this port will not be accurate, and no routing information for this port can be exported.
WARNING: [Route 35-198] Port "io_vcr_ptrs_1[22]" does not have an associated HD.PARTPIN_LOCS, which will prevent the partial routing of the signal "io_vcr_ptrs_1[22]". Without this partial route, timing analysis to/from this port will not be accurate, and no routing information for this port can be exported.
WARNING: [Route 35-198] Port "io_vcr_ptrs_1[25]" does not have an associated HD.PARTPIN_LOCS, which will prevent the partial routing of the signal "io_vcr_ptrs_1[25]". Without this partial route, timing analysis to/from this port will not be accurate, and no routing information for this port can be exported.
WARNING: [Route 35-198] Port "io_vcr_ptrs_1[26]" does not have an associated HD.PARTPIN_LOCS, which will prevent the partial routing of the signal "io_vcr_ptrs_1[26]". Without this partial route, timing analysis to/from this port will not be accurate, and no routing information for this port can be exported.
WARNING: [Route 35-198] Port "io_vcr_ptrs_1[42]" does not have an associated HD.PARTPIN_LOCS, which will prevent the partial routing of the signal "io_vcr_ptrs_1[42]". Without this partial route, timing analysis to/from this port will not be accurate, and no routing information for this port can be exported.
WARNING: [Route 35-198] Port "io_vcr_ptrs_1[43]" does not have an associated HD.PARTPIN_LOCS, which will prevent the partial routing of the signal "io_vcr_ptrs_1[43]". Without this partial route, timing analysis to/from this port will not be accurate, and no routing information for this port can be exported.
WARNING: [Route 35-198] Port "io_vcr_ptrs_1[49]" does not have an associated HD.PARTPIN_LOCS, which will prevent the partial routing of the signal "io_vcr_ptrs_1[49]". Without this partial route, timing analysis to/from this port will not be accurate, and no routing information for this port can be exported.
WARNING: [Route 35-198] Port "io_vcr_ptrs_1[30]" does not have an associated HD.PARTPIN_LOCS, which will prevent the partial routing of the signal "io_vcr_ptrs_1[30]". Without this partial route, timing analysis to/from this port will not be accurate, and no routing information for this port can be exported.
WARNING: [Route 35-198] Port "io_vcr_ptrs_1[31]" does not have an associated HD.PARTPIN_LOCS, which will prevent the partial routing of the signal "io_vcr_ptrs_1[31]". Without this partial route, timing analysis to/from this port will not be accurate, and no routing information for this port can be exported.
WARNING: [Route 35-198] Port "io_vcr_ptrs_1[32]" does not have an associated HD.PARTPIN_LOCS, which will prevent the partial routing of the signal "io_vcr_ptrs_1[32]". Without this partial route, timing analysis to/from this port will not be accurate, and no routing information for this port can be exported.
WARNING: [Route 35-198] Port "io_vcr_ptrs_1[40]" does not have an associated HD.PARTPIN_LOCS, which will prevent the partial routing of the signal "io_vcr_ptrs_1[40]". Without this partial route, timing analysis to/from this port will not be accurate, and no routing information for this port can be exported.
WARNING: [Route 35-198] Port "io_vcr_ptrs_1[41]" does not have an associated HD.PARTPIN_LOCS, which will prevent the partial routing of the signal "io_vcr_ptrs_1[41]". Without this partial route, timing analysis to/from this port will not be accurate, and no routing information for this port can be exported.
WARNING: [Route 35-198] Port "io_vcr_ptrs_1[33]" does not have an associated HD.PARTPIN_LOCS, which will prevent the partial routing of the signal "io_vcr_ptrs_1[33]". Without this partial route, timing analysis to/from this port will not be accurate, and no routing information for this port can be exported.
WARNING: [Route 35-198] Port "io_vcr_ptrs_1[34]" does not have an associated HD.PARTPIN_LOCS, which will prevent the partial routing of the signal "io_vcr_ptrs_1[34]". Without this partial route, timing analysis to/from this port will not be accurate, and no routing information for this port can be exported.
WARNING: [Route 35-198] Port "io_vcr_ptrs_1[35]" does not have an associated HD.PARTPIN_LOCS, which will prevent the partial routing of the signal "io_vcr_ptrs_1[35]". Without this partial route, timing analysis to/from this port will not be accurate, and no routing information for this port can be exported.
WARNING: [Route 35-198] Port "io_vcr_ptrs_1[36]" does not have an associated HD.PARTPIN_LOCS, which will prevent the partial routing of the signal "io_vcr_ptrs_1[36]". Without this partial route, timing analysis to/from this port will not be accurate, and no routing information for this port can be exported.
WARNING: [Route 35-198] Port "io_vcr_ptrs_1[37]" does not have an associated HD.PARTPIN_LOCS, which will prevent the partial routing of the signal "io_vcr_ptrs_1[37]". Without this partial route, timing analysis to/from this port will not be accurate, and no routing information for this port can be exported.
WARNING: [Route 35-198] Port "io_vcr_ptrs_1[38]" does not have an associated HD.PARTPIN_LOCS, which will prevent the partial routing of the signal "io_vcr_ptrs_1[38]". Without this partial route, timing analysis to/from this port will not be accurate, and no routing information for this port can be exported.
WARNING: [Route 35-198] Port "io_vcr_ptrs_1[27]" does not have an associated HD.PARTPIN_LOCS, which will prevent the partial routing of the signal "io_vcr_ptrs_1[27]". Without this partial route, timing analysis to/from this port will not be accurate, and no routing information for this port can be exported.
WARNING: [Route 35-198] Port "io_vcr_ptrs_1[28]" does not have an associated HD.PARTPIN_LOCS, which will prevent the partial routing of the signal "io_vcr_ptrs_1[28]". Without this partial route, timing analysis to/from this port will not be accurate, and no routing information for this port can be exported.
WARNING: [Route 35-198] Port "io_vcr_ptrs_1[29]" does not have an associated HD.PARTPIN_LOCS, which will prevent the partial routing of the signal "io_vcr_ptrs_1[29]". Without this partial route, timing analysis to/from this port will not be accurate, and no routing information for this port can be exported.
WARNING: [Route 35-198] Port "io_vcr_ptrs_1[4]" does not have an associated HD.PARTPIN_LOCS, which will prevent the partial routing of the signal "io_vcr_ptrs_1[4]". Without this partial route, timing analysis to/from this port will not be accurate, and no routing information for this port can be exported.
WARNING: [Route 35-198] Port "io_vcr_ptrs_1[21]" does not have an associated HD.PARTPIN_LOCS, which will prevent the partial routing of the signal "io_vcr_ptrs_1[21]". Without this partial route, timing analysis to/from this port will not be accurate, and no routing information for this port can be exported.
WARNING: [Route 35-198] Port "io_vcr_ptrs_1[24]" does not have an associated HD.PARTPIN_LOCS, which will prevent the partial routing of the signal "io_vcr_ptrs_1[24]". Without this partial route, timing analysis to/from this port will not be accurate, and no routing information for this port can be exported.
WARNING: [Route 35-198] Port "io_vcr_ptrs_1[20]" does not have an associated HD.PARTPIN_LOCS, which will prevent the partial routing of the signal "io_vcr_ptrs_1[20]". Without this partial route, timing analysis to/from this port will not be accurate, and no routing information for this port can be exported.
WARNING: [Route 35-198] Port "io_vcr_ptrs_1[23]" does not have an associated HD.PARTPIN_LOCS, which will prevent the partial routing of the signal "io_vcr_ptrs_1[23]". Without this partial route, timing analysis to/from this port will not be accurate, and no routing information for this port can be exported.
WARNING: [Route 35-198] Port "io_vcr_ptrs_1[17]" does not have an associated HD.PARTPIN_LOCS, which will prevent the partial routing of the signal "io_vcr_ptrs_1[17]". Without this partial route, timing analysis to/from this port will not be accurate, and no routing information for this port can be exported.
WARNING: [Route 35-198] Port "io_vcr_ptrs_1[18]" does not have an associated HD.PARTPIN_LOCS, which will prevent the partial routing of the signal "io_vcr_ptrs_1[18]". Without this partial route, timing analysis to/from this port will not be accurate, and no routing information for this port can be exported.
WARNING: [Route 35-198] Port "io_vcr_ptrs_1[19]" does not have an associated HD.PARTPIN_LOCS, which will prevent the partial routing of the signal "io_vcr_ptrs_1[19]". Without this partial route, timing analysis to/from this port will not be accurate, and no routing information for this port can be exported.
WARNING: [Route 35-198] Port "io_vcr_ptrs_1[11]" does not have an associated HD.PARTPIN_LOCS, which will prevent the partial routing of the signal "io_vcr_ptrs_1[11]". Without this partial route, timing analysis to/from this port will not be accurate, and no routing information for this port can be exported.
WARNING: [Route 35-198] Port "io_vcr_ptrs_1[12]" does not have an associated HD.PARTPIN_LOCS, which will prevent the partial routing of the signal "io_vcr_ptrs_1[12]". Without this partial route, timing analysis to/from this port will not be accurate, and no routing information for this port can be exported.
WARNING: [Route 35-198] Port "io_vcr_ptrs_1[13]" does not have an associated HD.PARTPIN_LOCS, which will prevent the partial routing of the signal "io_vcr_ptrs_1[13]". Without this partial route, timing analysis to/from this port will not be accurate, and no routing information for this port can be exported.
WARNING: [Route 35-198] Port "io_vcr_ptrs_1[14]" does not have an associated HD.PARTPIN_LOCS, which will prevent the partial routing of the signal "io_vcr_ptrs_1[14]". Without this partial route, timing analysis to/from this port will not be accurate, and no routing information for this port can be exported.
WARNING: [Route 35-198] Port "io_vcr_ptrs_1[15]" does not have an associated HD.PARTPIN_LOCS, which will prevent the partial routing of the signal "io_vcr_ptrs_1[15]". Without this partial route, timing analysis to/from this port will not be accurate, and no routing information for this port can be exported.
WARNING: [Route 35-198] Port "io_vcr_ptrs_1[16]" does not have an associated HD.PARTPIN_LOCS, which will prevent the partial routing of the signal "io_vcr_ptrs_1[16]". Without this partial route, timing analysis to/from this port will not be accurate, and no routing information for this port can be exported.
WARNING: [Route 35-198] Port "io_vcr_ptrs_1[9]" does not have an associated HD.PARTPIN_LOCS, which will prevent the partial routing of the signal "io_vcr_ptrs_1[9]". Without this partial route, timing analysis to/from this port will not be accurate, and no routing information for this port can be exported.
WARNING: [Route 35-198] Port "io_vcr_ptrs_1[10]" does not have an associated HD.PARTPIN_LOCS, which will prevent the partial routing of the signal "io_vcr_ptrs_1[10]". Without this partial route, timing analysis to/from this port will not be accurate, and no routing information for this port can be exported.
WARNING: [Route 35-198] Port "io_vme_rd_1_cmd_ready" does not have an associated HD.PARTPIN_LOCS, which will prevent the partial routing of the signal "io_vme_rd_1_cmd_ready". Without this partial route, timing analysis to/from this port will not be accurate, and no routing information for this port can be exported.
WARNING: [Route 35-198] Port "reset" does not have an associated HD.PARTPIN_LOCS, which will prevent the partial routing of the signal "reset". Without this partial route, timing analysis to/from this port will not be accurate, and no routing information for this port can be exported.
WARNING: [Route 35-198] Port "io_vcr_ptrs_1[2]" does not have an associated HD.PARTPIN_LOCS, which will prevent the partial routing of the signal "io_vcr_ptrs_1[2]". Without this partial route, timing analysis to/from this port will not be accurate, and no routing information for this port can be exported.
WARNING: [Route 35-198] Port "io_vcr_ptrs_1[3]" does not have an associated HD.PARTPIN_LOCS, which will prevent the partial routing of the signal "io_vcr_ptrs_1[3]". Without this partial route, timing analysis to/from this port will not be accurate, and no routing information for this port can be exported.
WARNING: [Route 35-198] Port "io_vcr_ptrs_1[5]" does not have an associated HD.PARTPIN_LOCS, which will prevent the partial routing of the signal "io_vcr_ptrs_1[5]". Without this partial route, timing analysis to/from this port will not be accurate, and no routing information for this port can be exported.
WARNING: [Route 35-198] Port "io_vcr_ptrs_1[6]" does not have an associated HD.PARTPIN_LOCS, which will prevent the partial routing of the signal "io_vcr_ptrs_1[6]". Without this partial route, timing analysis to/from this port will not be accurate, and no routing information for this port can be exported.
WARNING: [Route 35-198] Port "io_vcr_ptrs_1[8]" does not have an associated HD.PARTPIN_LOCS, which will prevent the partial routing of the signal "io_vcr_ptrs_1[8]". Without this partial route, timing analysis to/from this port will not be accurate, and no routing information for this port can be exported.
WARNING: [Route 35-198] Port "io_vcr_ptrs_1[1]" does not have an associated HD.PARTPIN_LOCS, which will prevent the partial routing of the signal "io_vcr_ptrs_1[1]". Without this partial route, timing analysis to/from this port will not be accurate, and no routing information for this port can be exported.
WARNING: [Route 35-198] Port "io_vcr_ptrs_1[0]" does not have an associated HD.PARTPIN_LOCS, which will prevent the partial routing of the signal "io_vcr_ptrs_1[0]". Without this partial route, timing analysis to/from this port will not be accurate, and no routing information for this port can be exported.
WARNING: [Route 35-198] Port "io_vme_rd_1_data_valid" does not have an associated HD.PARTPIN_LOCS, which will prevent the partial routing of the signal "io_vme_rd_1_data_valid". Without this partial route, timing analysis to/from this port will not be accurate, and no routing information for this port can be exported.
WARNING: [Route 35-198] Port "io_vcr_ptrs_4[59]" does not have an associated HD.PARTPIN_LOCS, which will prevent the partial routing of the signal "io_vcr_ptrs_4[59]". Without this partial route, timing analysis to/from this port will not be accurate, and no routing information for this port can be exported.
WARNING: [Route 35-198] Port "io_vcr_ptrs_4[60]" does not have an associated HD.PARTPIN_LOCS, which will prevent the partial routing of the signal "io_vcr_ptrs_4[60]". Without this partial route, timing analysis to/from this port will not be accurate, and no routing information for this port can be exported.
WARNING: [Route 35-198] Port "io_vcr_ptrs_4[61]" does not have an associated HD.PARTPIN_LOCS, which will prevent the partial routing of the signal "io_vcr_ptrs_4[61]". Without this partial route, timing analysis to/from this port will not be accurate, and no routing information for this port can be exported.
WARNING: [Route 35-198] Port "io_vcr_ptrs_4[62]" does not have an associated HD.PARTPIN_LOCS, which will prevent the partial routing of the signal "io_vcr_ptrs_4[62]". Without this partial route, timing analysis to/from this port will not be accurate, and no routing information for this port can be exported.
WARNING: [Route 35-198] Port "io_vcr_ptrs_4[63]" does not have an associated HD.PARTPIN_LOCS, which will prevent the partial routing of the signal "io_vcr_ptrs_4[63]". Without this partial route, timing analysis to/from this port will not be accurate, and no routing information for this port can be exported.
WARNING: [Route 35-198] Port "io_vcr_ptrs_4[39]" does not have an associated HD.PARTPIN_LOCS, which will prevent the partial routing of the signal "io_vcr_ptrs_4[39]". Without this partial route, timing analysis to/from this port will not be accurate, and no routing information for this port can be exported.
WARNING: [Route 35-198] Port "io_vcr_ptrs_4[58]" does not have an associated HD.PARTPIN_LOCS, which will prevent the partial routing of the signal "io_vcr_ptrs_4[58]". Without this partial route, timing analysis to/from this port will not be accurate, and no routing information for this port can be exported.
WARNING: [Route 35-198] Port "io_vcr_ptrs_4[51]" does not have an associated HD.PARTPIN_LOCS, which will prevent the partial routing of the signal "io_vcr_ptrs_4[51]". Without this partial route, timing analysis to/from this port will not be accurate, and no routing information for this port can be exported.
WARNING: [Route 35-198] Port "io_vcr_ptrs_4[52]" does not have an associated HD.PARTPIN_LOCS, which will prevent the partial routing of the signal "io_vcr_ptrs_4[52]". Without this partial route, timing analysis to/from this port will not be accurate, and no routing information for this port can be exported.
WARNING: [Route 35-198] Port "io_vcr_ptrs_4[53]" does not have an associated HD.PARTPIN_LOCS, which will prevent the partial routing of the signal "io_vcr_ptrs_4[53]". Without this partial route, timing analysis to/from this port will not be accurate, and no routing information for this port can be exported.
WARNING: [Route 35-198] Port "io_vcr_ptrs_4[54]" does not have an associated HD.PARTPIN_LOCS, which will prevent the partial routing of the signal "io_vcr_ptrs_4[54]". Without this partial route, timing analysis to/from this port will not be accurate, and no routing information for this port can be exported.
WARNING: [Route 35-198] Port "io_vcr_ptrs_4[55]" does not have an associated HD.PARTPIN_LOCS, which will prevent the partial routing of the signal "io_vcr_ptrs_4[55]". Without this partial route, timing analysis to/from this port will not be accurate, and no routing information for this port can be exported.
WARNING: [Route 35-198] Port "io_vcr_ptrs_4[56]" does not have an associated HD.PARTPIN_LOCS, which will prevent the partial routing of the signal "io_vcr_ptrs_4[56]". Without this partial route, timing analysis to/from this port will not be accurate, and no routing information for this port can be exported.
WARNING: [Route 35-198] Port "io_vcr_ptrs_4[57]" does not have an associated HD.PARTPIN_LOCS, which will prevent the partial routing of the signal "io_vcr_ptrs_4[57]". Without this partial route, timing analysis to/from this port will not be accurate, and no routing information for this port can be exported.
WARNING: [Route 35-198] Port "io_vcr_ptrs_4[34]" does not have an associated HD.PARTPIN_LOCS, which will prevent the partial routing of the signal "io_vcr_ptrs_4[34]". Without this partial route, timing analysis to/from this port will not be accurate, and no routing information for this port can be exported.
WARNING: [Route 35-198] Port "io_vcr_ptrs_4[41]" does not have an associated HD.PARTPIN_LOCS, which will prevent the partial routing of the signal "io_vcr_ptrs_4[41]". Without this partial route, timing analysis to/from this port will not be accurate, and no routing information for this port can be exported.
WARNING: [Route 35-198] Port "io_vcr_ptrs_4[42]" does not have an associated HD.PARTPIN_LOCS, which will prevent the partial routing of the signal "io_vcr_ptrs_4[42]". Without this partial route, timing analysis to/from this port will not be accurate, and no routing information for this port can be exported.
WARNING: [Route 35-198] Port "io_vcr_ptrs_4[43]" does not have an associated HD.PARTPIN_LOCS, which will prevent the partial routing of the signal "io_vcr_ptrs_4[43]". Without this partial route, timing analysis to/from this port will not be accurate, and no routing information for this port can be exported.
WARNING: [Route 35-198] Port "io_vcr_ptrs_4[50]" does not have an associated HD.PARTPIN_LOCS, which will prevent the partial routing of the signal "io_vcr_ptrs_4[50]". Without this partial route, timing analysis to/from this port will not be accurate, and no routing information for this port can be exported.
WARNING: [Route 35-198] Port "io_vcr_ptrs_4[44]" does not have an associated HD.PARTPIN_LOCS, which will prevent the partial routing of the signal "io_vcr_ptrs_4[44]". Without this partial route, timing analysis to/from this port will not be accurate, and no routing information for this port can be exported.
WARNING: [Route 35-198] Port "io_vcr_ptrs_4[45]" does not have an associated HD.PARTPIN_LOCS, which will prevent the partial routing of the signal "io_vcr_ptrs_4[45]". Without this partial route, timing analysis to/from this port will not be accurate, and no routing information for this port can be exported.
WARNING: [Route 35-198] Port "io_vcr_ptrs_4[46]" does not have an associated HD.PARTPIN_LOCS, which will prevent the partial routing of the signal "io_vcr_ptrs_4[46]". Without this partial route, timing analysis to/from this port will not be accurate, and no routing information for this port can be exported.
WARNING: [Route 35-198] Port "io_vcr_ptrs_4[47]" does not have an associated HD.PARTPIN_LOCS, which will prevent the partial routing of the signal "io_vcr_ptrs_4[47]". Without this partial route, timing analysis to/from this port will not be accurate, and no routing information for this port can be exported.
WARNING: [Route 35-198] Port "io_vcr_ptrs_4[48]" does not have an associated HD.PARTPIN_LOCS, which will prevent the partial routing of the signal "io_vcr_ptrs_4[48]". Without this partial route, timing analysis to/from this port will not be accurate, and no routing information for this port can be exported.
WARNING: [Route 35-198] Port "io_vcr_ptrs_4[49]" does not have an associated HD.PARTPIN_LOCS, which will prevent the partial routing of the signal "io_vcr_ptrs_4[49]". Without this partial route, timing analysis to/from this port will not be accurate, and no routing information for this port can be exported.
WARNING: [Route 35-198] Port "io_vcr_ptrs_4[36]" does not have an associated HD.PARTPIN_LOCS, which will prevent the partial routing of the signal "io_vcr_ptrs_4[36]". Without this partial route, timing analysis to/from this port will not be accurate, and no routing information for this port can be exported.
WARNING: [Route 35-198] Port "io_vcr_ptrs_4[37]" does not have an associated HD.PARTPIN_LOCS, which will prevent the partial routing of the signal "io_vcr_ptrs_4[37]". Without this partial route, timing analysis to/from this port will not be accurate, and no routing information for this port can be exported.
WARNING: [Route 35-198] Port "io_vcr_ptrs_4[35]" does not have an associated HD.PARTPIN_LOCS, which will prevent the partial routing of the signal "io_vcr_ptrs_4[35]". Without this partial route, timing analysis to/from this port will not be accurate, and no routing information for this port can be exported.
WARNING: [Route 35-198] Port "io_vcr_ptrs_4[38]" does not have an associated HD.PARTPIN_LOCS, which will prevent the partial routing of the signal "io_vcr_ptrs_4[38]". Without this partial route, timing analysis to/from this port will not be accurate, and no routing information for this port can be exported.
WARNING: [Route 35-198] Port "io_vcr_ptrs_4[40]" does not have an associated HD.PARTPIN_LOCS, which will prevent the partial routing of the signal "io_vcr_ptrs_4[40]". Without this partial route, timing analysis to/from this port will not be accurate, and no routing information for this port can be exported.
WARNING: [Route 35-198] Port "io_vcr_ptrs_4[28]" does not have an associated HD.PARTPIN_LOCS, which will prevent the partial routing of the signal "io_vcr_ptrs_4[28]". Without this partial route, timing analysis to/from this port will not be accurate, and no routing information for this port can be exported.
WARNING: [Route 35-198] Port "io_vcr_ptrs_4[29]" does not have an associated HD.PARTPIN_LOCS, which will prevent the partial routing of the signal "io_vcr_ptrs_4[29]". Without this partial route, timing analysis to/from this port will not be accurate, and no routing information for this port can be exported.
WARNING: [Route 35-198] Port "io_vcr_ptrs_4[30]" does not have an associated HD.PARTPIN_LOCS, which will prevent the partial routing of the signal "io_vcr_ptrs_4[30]". Without this partial route, timing analysis to/from this port will not be accurate, and no routing information for this port can be exported.
INFO: [Common 17-14] Message 'Route 35-198' appears 100 times and further instances of the messages will be disabled. Use the Tcl command set_msg_config to change the current settings.
Post Restoration Checksum: NetGraph: b6ba9e1a | NumContArr: cde9eb01 | Constraints: c2a8fa9d | Timing: c2a8fa9d
Phase 1 Build RT Design | Checksum: 309f67e55

Time (s): cpu = 00:00:21 ; elapsed = 00:00:13 . Memory (MB): peak = 6347.410 ; gain = 0.000 ; free physical = 55791 ; free virtual = 139325

Phase 2 Router Initialization

Phase 2.1 Fix Topology Constraints
Phase 2.1 Fix Topology Constraints | Checksum: 309f67e55

Time (s): cpu = 00:00:21 ; elapsed = 00:00:13 . Memory (MB): peak = 6347.410 ; gain = 0.000 ; free physical = 55791 ; free virtual = 139325

Phase 2.2 Pre Route Cleanup
Phase 2.2 Pre Route Cleanup | Checksum: 309f67e55

Time (s): cpu = 00:00:21 ; elapsed = 00:00:13 . Memory (MB): peak = 6347.410 ; gain = 0.000 ; free physical = 55791 ; free virtual = 139324

Phase 2.3 Global Clock Net Routing
Phase 2.3 Global Clock Net Routing | Checksum: 309f67e55

Time (s): cpu = 00:00:30 ; elapsed = 00:00:15 . Memory (MB): peak = 6578.395 ; gain = 230.984 ; free physical = 55525 ; free virtual = 139058

Phase 2.4 Update Timing
Phase 2.4 Update Timing | Checksum: 26c49ec50

Time (s): cpu = 00:00:34 ; elapsed = 00:00:16 . Memory (MB): peak = 6578.395 ; gain = 230.984 ; free physical = 55527 ; free virtual = 139060
INFO: [Route 35-416] Intermediate Timing Summary | WNS=-1.226 | TNS=-861.827| WHS=0.000  | THS=0.000  |


Router Utilization Summary
  Global Vertical Routing Utilization    = 0 %
  Global Horizontal Routing Utilization  = 0 %
  Routable Net Status*
  *Does not include unroutable nets such as driverless and loadless.
  Run report_route_status for detailed report.
  Number of Failed Nets               = 13125
    (Failed Nets is the sum of unrouted and partially routed nets)
  Number of Unrouted Nets             = 8377
  Number of Partially Routed Nets     = 4748
  Number of Node Overlaps             = 0

Phase 2 Router Initialization | Checksum: 2f5991efc

Time (s): cpu = 00:00:49 ; elapsed = 00:00:21 . Memory (MB): peak = 6611.270 ; gain = 263.859 ; free physical = 55524 ; free virtual = 139057

Phase 3 Initial Routing

Phase 3.1 Global Routing
Phase 3.1 Global Routing | Checksum: 2f5991efc

Time (s): cpu = 00:00:49 ; elapsed = 00:00:21 . Memory (MB): peak = 6611.270 ; gain = 263.859 ; free physical = 55524 ; free virtual = 139057

Phase 3.2 Initial Net Routing
Phase 3.2 Initial Net Routing | Checksum: 195bbefac

Time (s): cpu = 00:01:11 ; elapsed = 00:00:27 . Memory (MB): peak = 6611.270 ; gain = 263.859 ; free physical = 55508 ; free virtual = 139042
Phase 3 Initial Routing | Checksum: 197dece6c

Time (s): cpu = 00:01:11 ; elapsed = 00:00:28 . Memory (MB): peak = 6611.270 ; gain = 263.859 ; free physical = 55505 ; free virtual = 139038

Phase 4 Rip-up And Reroute

Phase 4.1 Global Iteration 0
 Number of Nodes with overlaps = 3357
 Number of Nodes with overlaps = 246
 Number of Nodes with overlaps = 15
 Number of Nodes with overlaps = 3
 Number of Nodes with overlaps = 1
 Number of Nodes with overlaps = 0
INFO: [Route 35-416] Intermediate Timing Summary | WNS=-2.070 | TNS=-2190.775| WHS=0.019  | THS=0.000  |

Phase 4.1 Global Iteration 0 | Checksum: 204c82d28

Time (s): cpu = 00:01:53 ; elapsed = 00:00:46 . Memory (MB): peak = 6611.270 ; gain = 263.859 ; free physical = 55220 ; free virtual = 138754

Phase 4.2 Global Iteration 1
 Number of Nodes with overlaps = 127
 Number of Nodes with overlaps = 11
 Number of Nodes with overlaps = 2
 Number of Nodes with overlaps = 0
INFO: [Route 35-416] Intermediate Timing Summary | WNS=-1.797 | TNS=-2134.978| WHS=N/A    | THS=N/A    |

Phase 4.2 Global Iteration 1 | Checksum: 285c7293c

Time (s): cpu = 00:02:03 ; elapsed = 00:00:53 . Memory (MB): peak = 6611.270 ; gain = 263.859 ; free physical = 55197 ; free virtual = 138731

Phase 4.3 Global Iteration 2
 Number of Nodes with overlaps = 142
 Number of Nodes with overlaps = 32
 Number of Nodes with overlaps = 10
 Number of Nodes with overlaps = 2
 Number of Nodes with overlaps = 1
 Number of Nodes with overlaps = 0
INFO: [Route 35-416] Intermediate Timing Summary | WNS=-1.716 | TNS=-2107.721| WHS=N/A    | THS=N/A    |

Phase 4.3 Global Iteration 2 | Checksum: 2c199d7b8

Time (s): cpu = 00:02:15 ; elapsed = 00:01:02 . Memory (MB): peak = 6611.270 ; gain = 263.859 ; free physical = 55207 ; free virtual = 138741

Phase 4.4 Global Iteration 3
 Number of Nodes with overlaps = 152
 Number of Nodes with overlaps = 22
 Number of Nodes with overlaps = 12
 Number of Nodes with overlaps = 0
INFO: [Route 35-416] Intermediate Timing Summary | WNS=-1.654 | TNS=-2017.508| WHS=N/A    | THS=N/A    |

Phase 4.4 Global Iteration 3 | Checksum: 187f9fbe2

Time (s): cpu = 00:02:25 ; elapsed = 00:01:09 . Memory (MB): peak = 6611.270 ; gain = 263.859 ; free physical = 55205 ; free virtual = 138738

Phase 4.5 Global Iteration 4
 Number of Nodes with overlaps = 234
 Number of Nodes with overlaps = 25
 Number of Nodes with overlaps = 10
 Number of Nodes with overlaps = 4
 Number of Nodes with overlaps = 2
 Number of Nodes with overlaps = 0
INFO: [Route 35-416] Intermediate Timing Summary | WNS=-1.580 | TNS=-1948.661| WHS=N/A    | THS=N/A    |

Phase 4.5 Global Iteration 4 | Checksum: 2796308de

Time (s): cpu = 00:02:37 ; elapsed = 00:01:18 . Memory (MB): peak = 6611.270 ; gain = 263.859 ; free physical = 55205 ; free virtual = 138738

Phase 4.6 Global Iteration 5
 Number of Nodes with overlaps = 220
 Number of Nodes with overlaps = 16
 Number of Nodes with overlaps = 5
 Number of Nodes with overlaps = 3
 Number of Nodes with overlaps = 0
INFO: [Route 35-416] Intermediate Timing Summary | WNS=-1.700 | TNS=-1971.824| WHS=N/A    | THS=N/A    |

Phase 4.6 Global Iteration 5 | Checksum: 2dca3d5c6

Time (s): cpu = 00:02:45 ; elapsed = 00:01:24 . Memory (MB): peak = 6611.270 ; gain = 263.859 ; free physical = 55190 ; free virtual = 138722
Phase 4 Rip-up And Reroute | Checksum: 2dca3d5c6

Time (s): cpu = 00:02:45 ; elapsed = 00:01:24 . Memory (MB): peak = 6611.270 ; gain = 263.859 ; free physical = 55190 ; free virtual = 138722

Phase 5 Delay and Skew Optimization

Phase 5.1 Delay CleanUp

Phase 5.1.1 Update Timing
Phase 5.1.1 Update Timing | Checksum: 2d04feacd

Time (s): cpu = 00:02:48 ; elapsed = 00:01:25 . Memory (MB): peak = 6611.270 ; gain = 263.859 ; free physical = 55189 ; free virtual = 138721
INFO: [Route 35-416] Intermediate Timing Summary | WNS=-1.580 | TNS=-1948.661| WHS=0.019  | THS=0.000  |


Phase 5.1.2 Update Timing
Phase 5.1.2 Update Timing | Checksum: 286cc081a

Time (s): cpu = 00:02:50 ; elapsed = 00:01:26 . Memory (MB): peak = 6611.270 ; gain = 263.859 ; free physical = 55190 ; free virtual = 138722
INFO: [Route 35-416] Intermediate Timing Summary | WNS=-1.580 | TNS=-1948.661| WHS=0.019  | THS=0.000  |

 Number of Nodes with overlaps = 0
Phase 5.1 Delay CleanUp | Checksum: 212409074

Time (s): cpu = 00:02:53 ; elapsed = 00:01:27 . Memory (MB): peak = 6611.270 ; gain = 263.859 ; free physical = 55183 ; free virtual = 138716

Phase 5.2 Clock Skew Optimization
Phase 5.2 Clock Skew Optimization | Checksum: 212409074

Time (s): cpu = 00:02:53 ; elapsed = 00:01:27 . Memory (MB): peak = 6611.270 ; gain = 263.859 ; free physical = 55183 ; free virtual = 138716
Phase 5 Delay and Skew Optimization | Checksum: 212409074

Time (s): cpu = 00:02:53 ; elapsed = 00:01:27 . Memory (MB): peak = 6611.270 ; gain = 263.859 ; free physical = 55183 ; free virtual = 138716

Phase 6 Post Hold Fix

Phase 6.1 Hold Fix Iter

Phase 6.1.1 Update Timing
Phase 6.1.1 Update Timing | Checksum: 293a16c51

Time (s): cpu = 00:02:55 ; elapsed = 00:01:27 . Memory (MB): peak = 6611.270 ; gain = 263.859 ; free physical = 55190 ; free virtual = 138722
INFO: [Route 35-416] Intermediate Timing Summary | WNS=-1.567 | TNS=-1974.806| WHS=0.019  | THS=0.000  |

Phase 6.1 Hold Fix Iter | Checksum: 293a16c51

Time (s): cpu = 00:02:55 ; elapsed = 00:01:27 . Memory (MB): peak = 6611.270 ; gain = 263.859 ; free physical = 55190 ; free virtual = 138722
Phase 6 Post Hold Fix | Checksum: 293a16c51

Time (s): cpu = 00:02:55 ; elapsed = 00:01:27 . Memory (MB): peak = 6611.270 ; gain = 263.859 ; free physical = 55190 ; free virtual = 138722

Phase 7 Route finalize

Router Utilization Summary
  Global Vertical Routing Utilization    = 0.203136 %
  Global Horizontal Routing Utilization  = 0.196654 %
  Routable Net Status*
  *Does not include unroutable nets such as driverless and loadless.
  Run report_route_status for detailed report.
  Number of Failed Nets               = 0
    (Failed Nets is the sum of unrouted and partially routed nets)
  Number of Unrouted Nets             = 0
  Number of Partially Routed Nets     = 0
  Number of Node Overlaps             = 0


--GLOBAL Congestion:
Utilization threshold used for congestion level computation: 0.85
Congestion Report
North Dir 1x1 Area, Max Cong = 47.4178%, No Congested Regions.
South Dir 1x1 Area, Max Cong = 50.237%, No Congested Regions.
East Dir 1x1 Area, Max Cong = 66.3462%, No Congested Regions.
West Dir 1x1 Area, Max Cong = 62.5%, No Congested Regions.

------------------------------
Reporting congestion hotspots
------------------------------
Direction: North
----------------
Congested clusters found at Level 0
Effective congestion level: 0 Aspect Ratio: 1 Sparse Ratio: 0
Direction: South
----------------
Congested clusters found at Level 0
Effective congestion level: 0 Aspect Ratio: 1 Sparse Ratio: 0
Direction: East
----------------
Congested clusters found at Level 0
Effective congestion level: 0 Aspect Ratio: 1 Sparse Ratio: 0
Direction: West
----------------
Congested clusters found at Level 0
Effective congestion level: 0 Aspect Ratio: 1 Sparse Ratio: 0

Phase 7 Route finalize | Checksum: 293a16c51

Time (s): cpu = 00:03:00 ; elapsed = 00:01:29 . Memory (MB): peak = 6611.270 ; gain = 263.859 ; free physical = 55189 ; free virtual = 138722

Phase 8 Verifying routed nets

 Verification completed successfully
Phase 8 Verifying routed nets | Checksum: 293a16c51

Time (s): cpu = 00:03:00 ; elapsed = 00:01:29 . Memory (MB): peak = 6611.270 ; gain = 263.859 ; free physical = 55189 ; free virtual = 138722

Phase 9 Depositing Routes
Phase 9 Depositing Routes | Checksum: 293a16c51

Time (s): cpu = 00:03:01 ; elapsed = 00:01:30 . Memory (MB): peak = 6611.270 ; gain = 263.859 ; free physical = 55188 ; free virtual = 138721

Phase 10 Resolve XTalk
Phase 10 Resolve XTalk | Checksum: 293a16c51

Time (s): cpu = 00:03:02 ; elapsed = 00:01:30 . Memory (MB): peak = 6611.270 ; gain = 263.859 ; free physical = 55188 ; free virtual = 138721

Phase 11 Post Router Timing
INFO: [Route 35-57] Estimated Timing Summary | WNS=-1.567 | TNS=-1974.806| WHS=0.019  | THS=0.000  |

WARNING: [Route 35-328] Router estimated timing not met.
Resolution: For a complete and accurate timing signoff, report_timing_summary must be run after route_design. Alternatively, route_design can be run with the -timing_summary option to enable a complete timing signoff at the end of route_design.
Phase 11 Post Router Timing | Checksum: 293a16c51

Time (s): cpu = 00:03:03 ; elapsed = 00:01:30 . Memory (MB): peak = 6611.270 ; gain = 263.859 ; free physical = 55190 ; free virtual = 138723
Skip laguna hold fix in PhysOpt in Router as non-negative WHS value: 1.9e-11 .
Time taken to check if laguna hold fix is required (in secs): 0

Phase 12 Physical Synthesis in Router

Phase 12.1 Physical Synthesis Initialization
INFO: [Physopt 32-668] Current Timing Summary | WNS=-1.554 | TNS=-1950.209 | WHS=0.019 | THS=0.000 |
Phase 12.1 Physical Synthesis Initialization | Checksum: 293a16c51

Time (s): cpu = 00:03:48 ; elapsed = 00:02:08 . Memory (MB): peak = 6635.281 ; gain = 287.871 ; free physical = 55212 ; free virtual = 138744
WARNING: [Physopt 32-745] Physical Optimization has determined that the magnitude of the negative slack is too large and it is highly unlikely that slack will be improved. Post-Route Physical Optimization is most effective when WNS is above -0.5ns

Phase 12.2 Critical Path Optimization
INFO: [Physopt 32-668] Current Timing Summary | WNS=-1.554 | TNS=-1950.209 | WHS=0.019 | THS=0.000 |
INFO: [Physopt 32-953] Path group WNS did not improve. Path group: clk. Processed net: load/tensorLoad_1/tensorLoad/vmeCmd/out[9].
INFO: [Physopt 32-953] Path group WNS did not improve. Path group: clk. Processed net: load/inst_q/deq_ptr_value_reg[2]_repN.
INFO: [Physopt 32-953] Path group WNS did not improve. Path group: clk. Processed net: load/inst_q/rdCmdExtAddr[63]_i_4_0[0].
INFO: [Physopt 32-668] Current Timing Summary | WNS=-1.554 | TNS=-1950.209 | WHS=0.019 | THS=0.000 |
Netlist sorting complete. Time (s): cpu = 00:00:00 ; elapsed = 00:00:00.01 . Memory (MB): peak = 6635.281 ; gain = 0.000 ; free physical = 55213 ; free virtual = 138745
Phase 12.2 Critical Path Optimization | Checksum: 2500d01c5

Time (s): cpu = 00:03:51 ; elapsed = 00:02:11 . Memory (MB): peak = 6635.281 ; gain = 287.871 ; free physical = 55213 ; free virtual = 138745
Netlist sorting complete. Time (s): cpu = 00:00:00 ; elapsed = 00:00:00 . Memory (MB): peak = 6635.281 ; gain = 0.000 ; free physical = 55219 ; free virtual = 138752
INFO: [Physopt 32-669] Post Physical Optimization Timing Summary | WNS=-1.554 | TNS=-1950.209 | WHS=0.019 | THS=0.000 |
Phase 12 Physical Synthesis in Router | Checksum: 2500d01c5

Time (s): cpu = 00:03:52 ; elapsed = 00:02:12 . Memory (MB): peak = 6635.281 ; gain = 287.871 ; free physical = 55219 ; free virtual = 138752
INFO: [Route 35-16] Router Completed Successfully

Phase 13 Post-Route Event Processing
Phase 13 Post-Route Event Processing | Checksum: 21c32ecb2

Time (s): cpu = 00:03:53 ; elapsed = 00:02:12 . Memory (MB): peak = 6635.281 ; gain = 287.871 ; free physical = 55220 ; free virtual = 138753
Ending Routing Task | Checksum: 21c32ecb2

Time (s): cpu = 00:03:53 ; elapsed = 00:02:13 . Memory (MB): peak = 6635.281 ; gain = 287.871 ; free physical = 55220 ; free virtual = 138753
INFO: [Common 17-83] Releasing license: Implementation
26 Infos, 103 Warnings, 0 Critical Warnings and 0 Errors encountered.
route_design completed successfully
route_design: Time (s): cpu = 00:04:00 ; elapsed = 00:02:14 . Memory (MB): peak = 6635.281 ; gain = 351.902 ; free physical = 55220 ; free virtual = 138753
# phys_opt_design -retime
Command: phys_opt_design -retime
Attempting to get a license for feature 'Implementation' and/or device 'xcu280'
INFO: [Common 17-349] Got license for feature 'Implementation' and/or device 'xcu280'
INFO: [Vivado_Tcl 4-241] Physical synthesis in post route mode 

Starting Initial Update Timing Task

Time (s): cpu = 00:00:00.39 ; elapsed = 00:00:00.39 . Memory (MB): peak = 6635.281 ; gain = 0.000 ; free physical = 55218 ; free virtual = 138751
INFO: [Vivado_Tcl 4-1435] PhysOpt_Tcl_Interface Runtime Before Starting Physical Synthesis Task | CPU: 3.03s |  WALL: 1.72s
Netlist sorting complete. Time (s): cpu = 00:00:00 ; elapsed = 00:00:00 . Memory (MB): peak = 6635.281 ; gain = 0.000 ; free physical = 55218 ; free virtual = 138751

Starting Physical Synthesis Task

Phase 1 Physical Synthesis Initialization
INFO: [Physopt 32-721] Multithreading enabled for phys_opt_design using a maximum of 8 CPUs
INFO: [Place 30-3164] Check ILP status : ILP-based clock placer is skipped.
INFO: [Physopt 32-668] Current Timing Summary | WNS=-1.554 | TNS=-1950.209 | WHS=0.019 | THS=0.000 |
Phase 1 Physical Synthesis Initialization | Checksum: 1f0dc2b3e

Time (s): cpu = 00:00:42 ; elapsed = 00:00:41 . Memory (MB): peak = 6643.285 ; gain = 8.004 ; free physical = 55124 ; free virtual = 138658
WARNING: [Physopt 32-745] Physical Optimization has determined that the magnitude of the negative slack is too large and it is highly unlikely that slack will be improved. Post-Route Physical Optimization is most effective when WNS is above -0.5ns

Phase 2 Critical Path Optimization
INFO: [Physopt 32-668] Current Timing Summary | WNS=-1.554 | TNS=-1950.209 | WHS=0.019 | THS=0.000 |
INFO: [Physopt 32-953] Path group WNS did not improve. Path group: clk. Processed net: load/tensorLoad_1/tensorLoad/vmeCmd/out[9].
INFO: [Physopt 32-953] Path group WNS did not improve. Path group: clk. Processed net: load/inst_q/deq_ptr_value_reg[2]_repN.
INFO: [Physopt 32-953] Path group WNS did not improve. Path group: clk. Processed net: load/tensorLoad_1/tensorLoad/vmeCmd/out[9].
INFO: [Physopt 32-953] Path group WNS did not improve. Path group: clk. Processed net: load/inst_q/deq_ptr_value_reg[2]_repN.
INFO: [Physopt 32-668] Current Timing Summary | WNS=-1.554 | TNS=-1950.209 | WHS=0.019 | THS=0.000 |
Netlist sorting complete. Time (s): cpu = 00:00:00 ; elapsed = 00:00:00 . Memory (MB): peak = 6643.285 ; gain = 0.000 ; free physical = 55125 ; free virtual = 138659
Phase 2 Critical Path Optimization | Checksum: 1f0dc2b3e

Time (s): cpu = 00:00:42 ; elapsed = 00:00:42 . Memory (MB): peak = 6643.285 ; gain = 8.004 ; free physical = 55125 ; free virtual = 138659
INFO: [Physopt 32-715] Performed route finalization on the design.
Netlist sorting complete. Time (s): cpu = 00:00:00.01 ; elapsed = 00:00:00.01 . Memory (MB): peak = 6643.285 ; gain = 0.000 ; free physical = 55126 ; free virtual = 138659
INFO: [Physopt 32-669] Post Physical Optimization Timing Summary | WNS=-1.554 | TNS=-1950.209 | WHS=0.019 | THS=0.000 |

Summary of Physical Synthesis Optimizations
============================================


-------------------------------------------------------------------------------------------------------------------------------------------------------------
|  Optimization   |  WNS Gain (ns)  |  TNS Gain (ns)  |  Added Cells  |  Removed Cells  |  Optimized Cells/Nets  |  Dont Touch  |  Iterations  |  Elapsed   |
-------------------------------------------------------------------------------------------------------------------------------------------------------------
|  Critical Path  |          0.000  |          0.000  |            0  |              0  |                     0  |           0  |           1  |  00:00:01  |
-------------------------------------------------------------------------------------------------------------------------------------------------------------


Netlist sorting complete. Time (s): cpu = 00:00:00 ; elapsed = 00:00:00 . Memory (MB): peak = 6643.285 ; gain = 0.000 ; free physical = 55126 ; free virtual = 138659
Ending Physical Synthesis Task | Checksum: 1f0dc2b3e

Time (s): cpu = 00:00:44 ; elapsed = 00:00:43 . Memory (MB): peak = 6643.285 ; gain = 8.004 ; free physical = 55126 ; free virtual = 138659
INFO: [Common 17-83] Releasing license: Implementation
15 Infos, 1 Warnings, 0 Critical Warnings and 0 Errors encountered.
phys_opt_design completed successfully
phys_opt_design: Time (s): cpu = 00:00:47 ; elapsed = 00:00:45 . Memory (MB): peak = 6643.285 ; gain = 8.004 ; free physical = 55120 ; free virtual = 138654
# report_utilization -file util.rpt
# report_utilization -hierarchical -hierarchical_depth 6 -file util_hier.rpt
# report_timing_summary -file timing.rpt
INFO: [Timing 38-91] UpdateTimingParams: Speed grade: -2L, Temperature grade: E, Delay Type: min_max.
INFO: [Timing 38-191] Multithreading enabled for timing update using a maximum of 8 CPUs
# puts "PNR_UNROUTED [llength [get_nets -filter {ROUTE_STATUS == UNROUTED} -quiet]]"
PNR_UNROUTED 0
# write_checkpoint -force routed.dcp
INFO: [Timing 38-480] Writing timing data to binary archive.
Write ShapeDB Complete: Time (s): cpu = 00:00:00.09 ; elapsed = 00:00:00.02 . Memory (MB): peak = 6643.285 ; gain = 0.000 ; free physical = 55255 ; free virtual = 138789
Wrote PlaceDB: Time (s): cpu = 00:00:02 ; elapsed = 00:00:00.76 . Memory (MB): peak = 6643.285 ; gain = 0.000 ; free physical = 55241 ; free virtual = 138790
Wrote PulsedLatchDB: Time (s): cpu = 00:00:00 ; elapsed = 00:00:00 . Memory (MB): peak = 6643.285 ; gain = 0.000 ; free physical = 55241 ; free virtual = 138790
Writing XDEF routing.
Writing XDEF routing logical nets.
Writing XDEF routing special nets.
Wrote RouteStorage: Time (s): cpu = 00:00:00.73 ; elapsed = 00:00:00.29 . Memory (MB): peak = 6643.285 ; gain = 0.000 ; free physical = 55236 ; free virtual = 138790
Wrote Netlist Cache: Time (s): cpu = 00:00:00.04 ; elapsed = 00:00:00.02 . Memory (MB): peak = 6643.285 ; gain = 0.000 ; free physical = 55235 ; free virtual = 138790
Wrote Device Cache: Time (s): cpu = 00:00:00.03 ; elapsed = 00:00:00.02 . Memory (MB): peak = 6643.285 ; gain = 0.000 ; free physical = 55232 ; free virtual = 138790
Write Physdb Complete: Time (s): cpu = 00:00:03 ; elapsed = 00:00:01 . Memory (MB): peak = 6643.285 ; gain = 0.000 ; free physical = 55232 ; free virtual = 138790
INFO: [Common 17-1381] The checkpoint '/scratch/hc676/vta_build/pnr_Core_w4/routed.dcp' has been generated.
INFO: [Common 17-206] Exiting Vivado at Wed Sep 30 04:07:34 2026...
